"csv_path","fila","columna","contenido_sha256","contenido","afirmaciones_previas","claim_id","revisor_origen","evidencia_dictamen"
"data/tablas/02/table-01-2-1-2-por-que-el-modelo-cambia-el-arbol.csv","2","matriz","23eab5cd12cc50c012cab12fb24787dd4b6578a795b887a5920e7539ca83ae13","HUECO DE TRAZABILIDAD: la consulta literal exacta del valor anterior no produjo coincidencias en los artefactos de fuentes/; no se adjudica un valor para este campo [BN-415]","C-1983","C-2572","Codex D (segunda revisión independiente)","La C de glosa solo declara cobertura parcial o huecos agregados del catálogo; no identifica literalmente este objeto, fila y campo ni todos los detalles de la celda. Cotejo: C-1983: La búsqueda BN-115 no localizó de forma homogénea matriz, muestreo, análisis, modelo o soporte cuantitativo para todos los mapas históricos de la tabla 1; tampoco localizó ambiente inicial para H14 y H15 ni una predicción discriminante explícita para H19. Localizadores: data/tablas/02/table-01-2-1-2-por-que-el-modelo-cambia-el-arbol.csv:fila 2:matriz; data/auditoria/mapeo_celdas_afirmaciones.csv:data/tablas/02/table-01-2-1-2-por-que-el-modelo-cambia-el-arbol.csv|2|matriz; data/afirmaciones/15.csv:C-1983 Corrección de autor v3: valor positivo retirado tras rerevisión; hueco nominal pendiente de nueva revisión independiente."
"data/tablas/02/table-01-2-1-2-por-que-el-modelo-cambia-el-arbol.csv","2","muestreo taxonómico","672d4671b4551316ec3f9df6296d7565097a34c748f694da094031b77ea98225","HUECO DE TRAZABILIDAD: la consulta literal exacta del valor anterior no produjo coincidencias en los artefactos de fuentes/; no se adjudica un valor para este campo [BN-416]","C-1983","C-2573","Codex D (segunda revisión independiente)","La C de glosa solo declara cobertura parcial o huecos agregados del catálogo; no identifica literalmente este objeto, fila y campo ni todos los detalles de la celda. Cotejo: C-1983: La búsqueda BN-115 no localizó de forma homogénea matriz, muestreo, análisis, modelo o soporte cuantitativo para todos los mapas históricos de la tabla 1; tampoco localizó ambiente inicial para H14 y H15 ni una predicción discriminante explícita para H19. Localizadores: data/tablas/02/table-01-2-1-2-por-que-el-modelo-cambia-el-arbol.csv:fila 2:muestreo taxonómico; data/auditoria/mapeo_celdas_afirmaciones.csv:data/tablas/02/table-01-2-1-2-por-que-el-modelo-cambia-el-arbol.csv|2|muestreo taxonómico; data/afirmaciones/15.csv:C-1983 Corrección de autor v3: valor positivo retirado tras rerevisión; hueco nominal pendiente de nueva revisión independiente."
"data/tablas/02/table-01-2-1-2-por-que-el-modelo-cambia-el-arbol.csv","2","análisis","866320db9d0d194d48f8f4081089931e207f869fc71d62812f84076e8a5d4a12","clasificación filogenética representada en la figura 1","C-017","C-2574","Codex D (segunda revisión independiente)","Las C enlazadas describen otra dimensión o solo una parte: la celda añade modelo, prueba, muestreo, ausencia, apoyo o límite que esas C no afirman literalmente. Cotejo: C-017: Woese, Kandler y Wheelis propusieron en 1990 los dominios Bacteria, Archaea y Eucarya. Localizadores: data/tablas/02/table-01-2-1-2-por-que-el-modelo-cambia-el-arbol.csv:fila 2:análisis; data/auditoria/mapeo_celdas_afirmaciones.csv:data/tablas/02/table-01-2-1-2-por-que-el-modelo-cambia-el-arbol.csv|2|análisis; data/afirmaciones/02.csv:C-017"
"data/tablas/02/table-01-2-1-2-por-que-el-modelo-cambia-el-arbol.csv","2","modelo","1212ca664db1b2a4f46dfc04920fcdb898406fa12c5b069f4dcf5c567bb23558","HUECO DE TRAZABILIDAD: la consulta literal exacta del valor anterior no produjo coincidencias en los artefactos de fuentes/; no se adjudica un valor para este campo [BN-417]","C-1983","C-2575","Codex D (segunda revisión independiente)","La C de glosa solo declara cobertura parcial o huecos agregados del catálogo; no identifica literalmente este objeto, fila y campo ni todos los detalles de la celda. Cotejo: C-1983: La búsqueda BN-115 no localizó de forma homogénea matriz, muestreo, análisis, modelo o soporte cuantitativo para todos los mapas históricos de la tabla 1; tampoco localizó ambiente inicial para H14 y H15 ni una predicción discriminante explícita para H19. Localizadores: data/tablas/02/table-01-2-1-2-por-que-el-modelo-cambia-el-arbol.csv:fila 2:modelo; data/auditoria/mapeo_celdas_afirmaciones.csv:data/tablas/02/table-01-2-1-2-por-que-el-modelo-cambia-el-arbol.csv|2|modelo; data/afirmaciones/15.csv:C-1983 Corrección de autor v3: valor positivo retirado tras rerevisión; hueco nominal pendiente de nueva revisión independiente."
"data/tablas/02/table-01-2-1-2-por-que-el-modelo-cambia-el-arbol.csv","2","soporte cuantitativo tal cual","a4b10496599a49984d1162a2b815d88c44657008bf5e18e145b0a6b7f35373f8","no hay valor publicado localizado para una estadística de soporte [BN-115]","C-1983","C-2576","Codex D (segunda revisión independiente)","La C de glosa solo declara cobertura parcial o huecos agregados del catálogo; no identifica literalmente este objeto, fila y campo ni todos los detalles de la celda. Cotejo: C-1983: La búsqueda BN-115 no localizó de forma homogénea matriz, muestreo, análisis, modelo o soporte cuantitativo para todos los mapas históricos de la tabla 1; tampoco localizó ambiente inicial para H14 y H15 ni una predicción discriminante explícita para H19. Localizadores: data/tablas/02/table-01-2-1-2-por-que-el-modelo-cambia-el-arbol.csv:fila 2:soporte cuantitativo tal cual; data/auditoria/mapeo_celdas_afirmaciones.csv:data/tablas/02/table-01-2-1-2-por-que-el-modelo-cambia-el-arbol.csv|2|soporte cuantitativo tal cual; data/afirmaciones/15.csv:C-1983"
"data/tablas/02/table-01-2-1-2-por-que-el-modelo-cambia-el-arbol.csv","2","límite o campo no publicado/localizado","70130947fb0939d40d84eeac6322e1b33ab7f73e5816e27b3572aee974751087","HUECO DE TRAZABILIDAD: la consulta literal exacta del valor anterior no produjo coincidencias en los artefactos de fuentes/; no se adjudica un valor para este campo [BN-418]","C-017","C-2577","Codex D (segunda revisión independiente)","Las C enlazadas describen otra dimensión o solo una parte: la celda añade modelo, prueba, muestreo, ausencia, apoyo o límite que esas C no afirman literalmente. Cotejo: C-017: Woese, Kandler y Wheelis propusieron en 1990 los dominios Bacteria, Archaea y Eucarya. Localizadores: data/tablas/02/table-01-2-1-2-por-que-el-modelo-cambia-el-arbol.csv:fila 2:límite o campo no publicado/localizado; data/auditoria/mapeo_celdas_afirmaciones.csv:data/tablas/02/table-01-2-1-2-por-que-el-modelo-cambia-el-arbol.csv|2|límite o campo no publicado/localizado; data/afirmaciones/02.csv:C-017 Corrección de autor v3: valor positivo retirado tras rerevisión; hueco nominal pendiente de nueva revisión independiente."
"data/tablas/02/table-01-2-1-2-por-que-el-modelo-cambia-el-arbol.csv","3","muestreo taxonómico","2d1d482c5b32196a91581612c6e5f72949495864cf90da386418bf56095c99ae","HUECO DE TRAZABILIDAD: la consulta literal exacta del valor anterior no produjo coincidencias en los artefactos de fuentes/; no se adjudica un valor para este campo [BN-419]","C-019","C-2578","Codex D (segunda revisión independiente)","Las C enlazadas describen otra dimensión o solo una parte: la celda añade modelo, prueba, muestreo, ausencia, apoyo o límite que esas C no afirman literalmente. Cotejo: C-019: Lake et al. recuperaron a los eocitos examinados como grupo hermano de Eukaryota. Localizadores: data/tablas/02/table-01-2-1-2-por-que-el-modelo-cambia-el-arbol.csv:fila 3:muestreo taxonómico; data/auditoria/mapeo_celdas_afirmaciones.csv:data/tablas/02/table-01-2-1-2-por-que-el-modelo-cambia-el-arbol.csv|3|muestreo taxonómico; data/afirmaciones/02.csv:C-019 Corrección de autor v3: valor positivo retirado tras rerevisión; hueco nominal pendiente de nueva revisión independiente."
"data/tablas/02/table-01-2-1-2-por-que-el-modelo-cambia-el-arbol.csv","3","modelo","447a7e61d16628abb436ccab02229b89cd69de4c562c5ad5167c64b7571ea6c0","HUECO DE TRAZABILIDAD: la consulta literal exacta del valor anterior no produjo coincidencias en los artefactos de fuentes/; no se adjudica un valor para este campo [BN-420]","C-020; C-019","C-2579","Codex D (segunda revisión independiente)","Las C enlazadas describen otra dimensión o solo una parte: la celda añade modelo, prueba, muestreo, ausencia, apoyo o límite que esas C no afirman literalmente. Cotejo: C-020: El trabajo original sobre eocitos distinguió cuatro patrones estructurales ribosómicos y usó caracteres de ambas subunidades. | C-019: Lake et al. recuperaron a los eocitos examinados como grupo hermano de Eukaryota. Localizadores: data/tablas/02/table-01-2-1-2-por-que-el-modelo-cambia-el-arbol.csv:fila 3:modelo; data/auditoria/mapeo_celdas_afirmaciones.csv:data/tablas/02/table-01-2-1-2-por-que-el-modelo-cambia-el-arbol.csv|3|modelo; data/afirmaciones/02.csv:C-020; data/afirmaciones/02.csv:C-019 Corrección de autor v3: valor positivo retirado tras rerevisión; hueco nominal pendiente de nueva revisión independiente."
"data/tablas/02/table-01-2-1-2-por-que-el-modelo-cambia-el-arbol.csv","3","soporte cuantitativo tal cual","00eca6284ba3178e90c827218dcdc1b3b7f8674b66e94ee8357ebe718c3c80d9","HUECO DE TRAZABILIDAD: la consulta literal exacta del valor anterior no produjo coincidencias en los artefactos de fuentes/; no se adjudica un valor para este campo [BN-421]","C-020","C-2580","Codex D (segunda revisión independiente)","Las C enlazadas describen otra dimensión o solo una parte: la celda añade modelo, prueba, muestreo, ausencia, apoyo o límite que esas C no afirman literalmente. Cotejo: C-020: El trabajo original sobre eocitos distinguió cuatro patrones estructurales ribosómicos y usó caracteres de ambas subunidades. Localizadores: data/tablas/02/table-01-2-1-2-por-que-el-modelo-cambia-el-arbol.csv:fila 3:soporte cuantitativo tal cual; data/auditoria/mapeo_celdas_afirmaciones.csv:data/tablas/02/table-01-2-1-2-por-que-el-modelo-cambia-el-arbol.csv|3|soporte cuantitativo tal cual; data/afirmaciones/02.csv:C-020 Corrección de autor v3: valor positivo retirado tras rerevisión; hueco nominal pendiente de nueva revisión independiente."
"data/tablas/02/table-01-2-1-2-por-que-el-modelo-cambia-el-arbol.csv","3","límite o campo no publicado/localizado","2af7b3facb2b81974c4cf198798c0c10dc5adb9315393e6fd7ca1c7d5a7ad06e","HUECO DE TRAZABILIDAD: la consulta literal exacta del valor anterior no produjo coincidencias en los artefactos de fuentes/; no se adjudica un valor para este campo [BN-422]","C-020; C-019","C-2581","Codex D (segunda revisión independiente)","Las C enlazadas describen otra dimensión o solo una parte: la celda añade modelo, prueba, muestreo, ausencia, apoyo o límite que esas C no afirman literalmente. Cotejo: C-020: El trabajo original sobre eocitos distinguió cuatro patrones estructurales ribosómicos y usó caracteres de ambas subunidades. | C-019: Lake et al. recuperaron a los eocitos examinados como grupo hermano de Eukaryota. Localizadores: data/tablas/02/table-01-2-1-2-por-que-el-modelo-cambia-el-arbol.csv:fila 3:límite o campo no publicado/localizado; data/auditoria/mapeo_celdas_afirmaciones.csv:data/tablas/02/table-01-2-1-2-por-que-el-modelo-cambia-el-arbol.csv|3|límite o campo no publicado/localizado; data/afirmaciones/02.csv:C-020; data/afirmaciones/02.csv:C-019 Corrección de autor v3: valor positivo retirado tras rerevisión; hueco nominal pendiente de nueva revisión independiente."
"data/tablas/02/table-01-2-1-2-por-que-el-modelo-cambia-el-arbol.csv","4","análisis","aee7b1380135e9cc249cf0503c26b4345aa1762ca2e652169e1d691eca45ea83","inferencia filogenética con comparación de homogeneidad composicional","C-026","C-2582","Codex D (segunda revisión independiente)","Las C enlazadas describen otra dimensión o solo una parte: la celda añade modelo, prueba, muestreo, ausencia, apoyo o límite que esas C no afirman literalmente. Cotejo: C-026: Cox et al. aplicaron modelos CAT para representar heterogeneidad composicional entre sitios en las matrices proteicas. Localizadores: data/tablas/02/table-01-2-1-2-por-que-el-modelo-cambia-el-arbol.csv:fila 4:análisis; data/auditoria/mapeo_celdas_afirmaciones.csv:data/tablas/02/table-01-2-1-2-por-que-el-modelo-cambia-el-arbol.csv|4|análisis; data/afirmaciones/02.csv:C-026"
"data/tablas/02/table-01-2-1-2-por-que-el-modelo-cambia-el-arbol.csv","4","modelo","5973f9849ffe7258c633f9f4f794c23b77eb52ffac293d0f5d344e9cf2613f15","GTR homogéneo y NDCH con dos vectores de composición","C-026","C-2583","Codex D (segunda revisión independiente)","Las C enlazadas describen otra dimensión o solo una parte: la celda añade modelo, prueba, muestreo, ausencia, apoyo o límite que esas C no afirman literalmente. Cotejo: C-026: Cox et al. aplicaron modelos CAT para representar heterogeneidad composicional entre sitios en las matrices proteicas. Localizadores: data/tablas/02/table-01-2-1-2-por-que-el-modelo-cambia-el-arbol.csv:fila 4:modelo; data/auditoria/mapeo_celdas_afirmaciones.csv:data/tablas/02/table-01-2-1-2-por-que-el-modelo-cambia-el-arbol.csv|4|modelo; data/afirmaciones/02.csv:C-026"
"data/tablas/02/table-01-2-1-2-por-que-el-modelo-cambia-el-arbol.csv","4","soporte cuantitativo tal cual","239230f5b708b24ba7bda4ed574f4b5a8277adfd8a04968ed05190554d17f67e","no consta una estadística única común a ambas topologías [BN-115]","C-1983","C-2584","Codex D (segunda revisión independiente)","La C de glosa solo declara cobertura parcial o huecos agregados del catálogo; no identifica literalmente este objeto, fila y campo ni todos los detalles de la celda. Cotejo: C-1983: La búsqueda BN-115 no localizó de forma homogénea matriz, muestreo, análisis, modelo o soporte cuantitativo para todos los mapas históricos de la tabla 1; tampoco localizó ambiente inicial para H14 y H15 ni una predicción discriminante explícita para H19. Localizadores: data/tablas/02/table-01-2-1-2-por-que-el-modelo-cambia-el-arbol.csv:fila 4:soporte cuantitativo tal cual; data/auditoria/mapeo_celdas_afirmaciones.csv:data/tablas/02/table-01-2-1-2-por-que-el-modelo-cambia-el-arbol.csv|4|soporte cuantitativo tal cual; data/afirmaciones/15.csv:C-1983"
"data/tablas/02/table-01-2-1-2-por-que-el-modelo-cambia-el-arbol.csv","4","límite o campo no publicado/localizado","0746467aeb6aaf6916b9127019c73e15d2a853f4d14b875a5d0b1a15196e353d","El resultado cambia con el modelo sin cambiar la matriz de rRNA.","C-023","C-2585","Codex D (segunda revisión independiente)","Las C enlazadas describen otra dimensión o solo una parte: la celda añade modelo, prueba, muestreo, ausencia, apoyo o límite que esas C no afirman literalmente. Cotejo: C-023: El análisis combinado de rRNA de Cox et al. incluyó 40 taxones y 1.048 caracteres alineados. Localizadores: data/tablas/02/table-01-2-1-2-por-que-el-modelo-cambia-el-arbol.csv:fila 4:límite o campo no publicado/localizado; data/auditoria/mapeo_celdas_afirmaciones.csv:data/tablas/02/table-01-2-1-2-por-que-el-modelo-cambia-el-arbol.csv|4|límite o campo no publicado/localizado; data/afirmaciones/02.csv:C-023"
"data/tablas/02/table-01-2-1-2-por-que-el-modelo-cambia-el-arbol.csv","5","muestreo taxonómico","d0b58bbdda5ee155446ff6f487dfe1fb5cd4764e6ab4366e60999613b08679d0","HUECO DE TRAZABILIDAD: la consulta literal exacta del valor anterior no produjo coincidencias en los artefactos de fuentes/; no se adjudica un valor para este campo [BN-423]","C-038; C-037","C-2586","Codex D (segunda revisión independiente)","Las C enlazadas describen otra dimensión o solo una parte: la celda añade modelo, prueba, muestreo, ausencia, apoyo o límite que esas C no afirman literalmente. Cotejo: C-038: Las 11 «Woese proteins» sumaron 3.499 posiciones y las 25 «eocyte proteins» 4.869 posiciones. | C-037: Da Cunha et al. reanalizaron 36 proteínas universales separadas en 11 «Woese proteins» y 25 «eocyte proteins». Localizadores: data/tablas/02/table-01-2-1-2-por-que-el-modelo-cambia-el-arbol.csv:fila 5:muestreo taxonómico; data/auditoria/mapeo_celdas_afirmaciones.csv:data/tablas/02/table-01-2-1-2-por-que-el-modelo-cambia-el-arbol.csv|5|muestreo taxonómico; data/afirmaciones/02.csv:C-038; data/afirmaciones/02.csv:C-037 Corrección de autor v3: valor positivo retirado tras rerevisión; hueco nominal pendiente de nueva revisión independiente."
"data/tablas/02/table-01-2-1-2-por-que-el-modelo-cambia-el-arbol.csv","5","análisis","4fd513c9f5c94ced0142a05cf08d41f12607091ebed09120413d3f50aa058c5c","partición de proteínas y retirada de secuencias rápidas","C-037","C-2587","Codex D (segunda revisión independiente)","Las C enlazadas describen otra dimensión o solo una parte: la celda añade modelo, prueba, muestreo, ausencia, apoyo o límite que esas C no afirman literalmente. Cotejo: C-037: Da Cunha et al. reanalizaron 36 proteínas universales separadas en 11 «Woese proteins» y 25 «eocyte proteins». Localizadores: data/tablas/02/table-01-2-1-2-por-que-el-modelo-cambia-el-arbol.csv:fila 5:análisis; data/auditoria/mapeo_celdas_afirmaciones.csv:data/tablas/02/table-01-2-1-2-por-que-el-modelo-cambia-el-arbol.csv|5|análisis; data/afirmaciones/02.csv:C-037"
"data/tablas/02/table-01-2-1-2-por-que-el-modelo-cambia-el-arbol.csv","5","modelo","a664fa2d1725fc140f6f3dfb65e97d328ee2659f63b14859cef21f6c4e90ac3d","HUECO DE TRAZABILIDAD: la consulta literal exacta del valor anterior no produjo coincidencias en los artefactos de fuentes/; no se adjudica un valor para este campo [BN-424]","C-038; C-037","C-2588","Codex D (segunda revisión independiente)","Las C enlazadas describen otra dimensión o solo una parte: la celda añade modelo, prueba, muestreo, ausencia, apoyo o límite que esas C no afirman literalmente. Cotejo: C-038: Las 11 «Woese proteins» sumaron 3.499 posiciones y las 25 «eocyte proteins» 4.869 posiciones. | C-037: Da Cunha et al. reanalizaron 36 proteínas universales separadas en 11 «Woese proteins» y 25 «eocyte proteins». Localizadores: data/tablas/02/table-01-2-1-2-por-que-el-modelo-cambia-el-arbol.csv:fila 5:modelo; data/auditoria/mapeo_celdas_afirmaciones.csv:data/tablas/02/table-01-2-1-2-por-que-el-modelo-cambia-el-arbol.csv|5|modelo; data/afirmaciones/02.csv:C-038; data/afirmaciones/02.csv:C-037 Corrección de autor v3: valor positivo retirado tras rerevisión; hueco nominal pendiente de nueva revisión independiente."
"data/tablas/02/table-01-2-1-2-por-que-el-modelo-cambia-el-arbol.csv","5","resultado publicado","3b998171502dbebf9fd4882af6862afac6f86834782178f395031b6af1124797","monofilia arqueana en las 11 proteínas después de la retirada","C-037; C-038","C-2589","Codex D (segunda revisión independiente)","Las C enlazadas describen otra dimensión o solo una parte: la celda añade modelo, prueba, muestreo, ausencia, apoyo o límite que esas C no afirman literalmente. Cotejo: C-037: Da Cunha et al. reanalizaron 36 proteínas universales separadas en 11 «Woese proteins» y 25 «eocyte proteins». | C-038: Las 11 «Woese proteins» sumaron 3.499 posiciones y las 25 «eocyte proteins» 4.869 posiciones. Localizadores: data/tablas/02/table-01-2-1-2-por-que-el-modelo-cambia-el-arbol.csv:fila 5:resultado publicado; data/auditoria/mapeo_celdas_afirmaciones.csv:data/tablas/02/table-01-2-1-2-por-que-el-modelo-cambia-el-arbol.csv|5|resultado publicado; data/afirmaciones/02.csv:C-037; data/afirmaciones/02.csv:C-038"
"data/tablas/02/table-01-2-1-2-por-que-el-modelo-cambia-el-arbol.csv","5","límite o campo no publicado/localizado","364a81c432c7d4f4da7067f7a9bb2f6841f284b218a5dd899a011b4ee153951e","El apoyo no fue uniforme entre genes y retirar EF2 alteró la relación.","C-038; C-037","C-2590","Codex D (segunda revisión independiente)","Las C enlazadas describen otra dimensión o solo una parte: la celda añade modelo, prueba, muestreo, ausencia, apoyo o límite que esas C no afirman literalmente. Cotejo: C-038: Las 11 «Woese proteins» sumaron 3.499 posiciones y las 25 «eocyte proteins» 4.869 posiciones. | C-037: Da Cunha et al. reanalizaron 36 proteínas universales separadas en 11 «Woese proteins» y 25 «eocyte proteins». Localizadores: data/tablas/02/table-01-2-1-2-por-que-el-modelo-cambia-el-arbol.csv:fila 5:límite o campo no publicado/localizado; data/auditoria/mapeo_celdas_afirmaciones.csv:data/tablas/02/table-01-2-1-2-por-que-el-modelo-cambia-el-arbol.csv|5|límite o campo no publicado/localizado; data/afirmaciones/02.csv:C-038; data/afirmaciones/02.csv:C-037"
"data/tablas/02/table-01-2-1-2-por-que-el-modelo-cambia-el-arbol.csv","6","muestreo taxonómico","7bad8211c3ba77313668fc0fdd60b33022642cfaa3b48358511ef753a41eaba1","HUECO DE TRAZABILIDAD: la consulta literal exacta del valor anterior no produjo coincidencias en los artefactos de fuentes/; no se adjudica un valor para este campo [BN-425]","C-1959; C-042","C-2591","Codex D (segunda revisión independiente)","Las C enlazadas describen otra dimensión o solo una parte: la celda añade modelo, prueba, muestreo, ausencia, apoyo o límite que esas C no afirman literalmente. Cotejo: C-1959: Los análisis sin EF2 citados por Spang y colaboradores usaron tres conjuntos concatenados: 48 genes universales de copia única, 55 proteínas ribosómicas y genes 16S+23S rRNA. | C-042: Spang et al. cuestionaron conjuntamente la selección de datos y las inferencias de C-039–C-041 y recuperaron a Asgard como los parientes procariotas más próximos de Eukaryota. Localizadores: data/tablas/02/table-01-2-1-2-por-que-el-modelo-cambia-el-arbol.csv:fila 6:muestreo taxonómico; data/auditoria/mapeo_celdas_afirmaciones.csv:data/tablas/02/table-01-2-1-2-por-que-el-modelo-cambia-el-arbol.csv|6|muestreo taxonómico; data/afirmaciones/15.csv:C-1959; data/afirmaciones/02.csv:C-042 Corrección de autor v3: valor positivo retirado tras rerevisión; hueco nominal pendiente de nueva revisión independiente."
"data/tablas/02/table-01-2-1-2-por-que-el-modelo-cambia-el-arbol.csv","6","análisis","e4ed63b675b17765a3dcf28323f7c18dd6402c9ace9fdcc96976e06e92c090a9","HUECO DE TRAZABILIDAD: la consulta literal exacta del valor anterior no produjo coincidencias en los artefactos de fuentes/; no se adjudica un valor para este campo [BN-426]","C-1958","C-2592","Codex D (segunda revisión independiente)","Las C enlazadas describen otra dimensión o solo una parte: la celda añade modelo, prueba, muestreo, ausencia, apoyo o límite que esas C no afirman literalmente. Cotejo: C-1958: Spang y colaboradores compararon la longitud de la rama entre el grupo externo bacteriano y el clado arqueano-eucariota: 2,1 sustituciones medias por sitio en el conjunto de 6 proteínas frente a 1,3 en el de 11 proteínas. Localizadores: data/tablas/02/table-01-2-1-2-por-que-el-modelo-cambia-el-arbol.csv:fila 6:análisis; data/auditoria/mapeo_celdas_afirmaciones.csv:data/tablas/02/table-01-2-1-2-por-que-el-modelo-cambia-el-arbol.csv|6|análisis; data/afirmaciones/15.csv:C-1958 Corrección de autor v3: valor positivo retirado tras rerevisión; hueco nominal pendiente de nueva revisión independiente."
"data/tablas/02/table-01-2-1-2-por-que-el-modelo-cambia-el-arbol.csv","6","modelo","792d45c7dcfc9daee250377e6f5d0a20389876665992aa5394273647bacdb1e0","HUECO DE TRAZABILIDAD: la consulta literal exacta del valor anterior no produjo coincidencias en los artefactos de fuentes/; no se adjudica un valor para este campo [BN-427]","C-1959","C-2593","Codex D (segunda revisión independiente)","Las C enlazadas describen otra dimensión o solo una parte: la celda añade modelo, prueba, muestreo, ausencia, apoyo o límite que esas C no afirman literalmente. Cotejo: C-1959: Los análisis sin EF2 citados por Spang y colaboradores usaron tres conjuntos concatenados: 48 genes universales de copia única, 55 proteínas ribosómicas y genes 16S+23S rRNA. Localizadores: data/tablas/02/table-01-2-1-2-por-que-el-modelo-cambia-el-arbol.csv:fila 6:modelo; data/auditoria/mapeo_celdas_afirmaciones.csv:data/tablas/02/table-01-2-1-2-por-que-el-modelo-cambia-el-arbol.csv|6|modelo; data/afirmaciones/15.csv:C-1959 Corrección de autor v3: valor positivo retirado tras rerevisión; hueco nominal pendiente de nueva revisión independiente."
"data/tablas/02/table-01-2-1-2-por-que-el-modelo-cambia-el-arbol.csv","6","soporte cuantitativo tal cual","7441686488949486049749e44e4c7397535a9ccbc34569cf9f06d6c8238347c8","ramas de 2,1 frente a 1,3 sustituciones medias por sitio en conjuntos de 6 y 11 proteínas; los tres análisis sin EF2 tienen apoyo fuerte sin estadística numérica común","C-1958","C-2594","Codex D (segunda revisión independiente)","Las C enlazadas describen otra dimensión o solo una parte: la celda añade modelo, prueba, muestreo, ausencia, apoyo o límite que esas C no afirman literalmente. Cotejo: C-1958: Spang y colaboradores compararon la longitud de la rama entre el grupo externo bacteriano y el clado arqueano-eucariota: 2,1 sustituciones medias por sitio en el conjunto de 6 proteínas frente a 1,3 en el de 11 proteínas. Localizadores: data/tablas/02/table-01-2-1-2-por-que-el-modelo-cambia-el-arbol.csv:fila 6:soporte cuantitativo tal cual; data/auditoria/mapeo_celdas_afirmaciones.csv:data/tablas/02/table-01-2-1-2-por-que-el-modelo-cambia-el-arbol.csv|6|soporte cuantitativo tal cual; data/afirmaciones/15.csv:C-1958"
"data/tablas/02/table-01-2-1-2-por-que-el-modelo-cambia-el-arbol.csv","7","muestreo taxonómico","3c0bce50203866678f4b44f93a2647f3f7d19073f3350532b975b4c9500c2d9c","HUECO DE TRAZABILIDAD: la consulta literal exacta del valor anterior no produjo coincidencias en los artefactos de fuentes/; no se adjudica un valor para este campo [BN-428]","C-028; C-029","C-2595","Codex D (segunda revisión independiente)","Las C enlazadas describen otra dimensión o solo una parte: la celda añade modelo, prueba, muestreo, ausencia, apoyo o límite que esas C no afirman literalmente. Cotejo: C-028: La matriz original del análisis de Williams et al. contenía 35 genes. | C-029: Bajo LG+G4+F, Williams et al. obtuvieron log-verosimilitudes de −684701.2 para dos dominios y −684716.1 para tres dominios. Localizadores: data/tablas/02/table-01-2-1-2-por-que-el-modelo-cambia-el-arbol.csv:fila 7:muestreo taxonómico; data/auditoria/mapeo_celdas_afirmaciones.csv:data/tablas/02/table-01-2-1-2-por-que-el-modelo-cambia-el-arbol.csv|7|muestreo taxonómico; data/afirmaciones/02.csv:C-028; data/afirmaciones/02.csv:C-029 Corrección de autor v3: valor positivo retirado tras rerevisión; hueco nominal pendiente de nueva revisión independiente."
"data/tablas/02/table-01-2-1-2-por-que-el-modelo-cambia-el-arbol.csv","8","muestreo taxonómico","1a03616645acef661ec2e38b9ececba7431216a555301fb6d84a1a0322dc5a35","HUECO DE TRAZABILIDAD: la consulta literal exacta del valor anterior no produjo coincidencias en los artefactos de fuentes/; no se adjudica un valor para este campo [BN-429]","C-028; C-029","C-2596","Codex D (segunda revisión independiente)","Las C enlazadas describen otra dimensión o solo una parte: la celda añade modelo, prueba, muestreo, ausencia, apoyo o límite que esas C no afirman literalmente. Cotejo: C-028: La matriz original del análisis de Williams et al. contenía 35 genes. | C-029: Bajo LG+G4+F, Williams et al. obtuvieron log-verosimilitudes de −684701.2 para dos dominios y −684716.1 para tres dominios. Localizadores: data/tablas/02/table-01-2-1-2-por-que-el-modelo-cambia-el-arbol.csv:fila 8:muestreo taxonómico; data/auditoria/mapeo_celdas_afirmaciones.csv:data/tablas/02/table-01-2-1-2-por-que-el-modelo-cambia-el-arbol.csv|8|muestreo taxonómico; data/afirmaciones/02.csv:C-028; data/afirmaciones/02.csv:C-029 Corrección de autor v3: valor positivo retirado tras rerevisión; hueco nominal pendiente de nueva revisión independiente."
"data/tablas/02/table-01-2-1-2-por-que-el-modelo-cambia-el-arbol.csv","8","análisis","b785088e57ba1bba9626c8d23cd99911d927bc829c538e137eecd6b4923889ac","prueba AU","C-028; C-029","C-2597","Codex D (segunda revisión independiente)","Las C enlazadas describen otra dimensión o solo una parte: la celda añade modelo, prueba, muestreo, ausencia, apoyo o límite que esas C no afirman literalmente. Cotejo: C-028: La matriz original del análisis de Williams et al. contenía 35 genes. | C-029: Bajo LG+G4+F, Williams et al. obtuvieron log-verosimilitudes de −684701.2 para dos dominios y −684716.1 para tres dominios. Localizadores: data/tablas/02/table-01-2-1-2-por-que-el-modelo-cambia-el-arbol.csv:fila 8:análisis; data/auditoria/mapeo_celdas_afirmaciones.csv:data/tablas/02/table-01-2-1-2-por-que-el-modelo-cambia-el-arbol.csv|8|análisis; data/afirmaciones/02.csv:C-028; data/afirmaciones/02.csv:C-029"
"data/tablas/02/table-01-2-1-2-por-que-el-modelo-cambia-el-arbol.csv","8","límite o campo no publicado/localizado","4456ede8b944c8ea53ff07579dc686b31d593c4274b13eb8e8306ae6102dc500","Valores publicados de una prueba de topología.","C-028; C-029","C-2598","Codex D (segunda revisión independiente)","Las C enlazadas describen otra dimensión o solo una parte: la celda añade modelo, prueba, muestreo, ausencia, apoyo o límite que esas C no afirman literalmente. Cotejo: C-028: La matriz original del análisis de Williams et al. contenía 35 genes. | C-029: Bajo LG+G4+F, Williams et al. obtuvieron log-verosimilitudes de −684701.2 para dos dominios y −684716.1 para tres dominios. Localizadores: data/tablas/02/table-01-2-1-2-por-que-el-modelo-cambia-el-arbol.csv:fila 8:límite o campo no publicado/localizado; data/auditoria/mapeo_celdas_afirmaciones.csv:data/tablas/02/table-01-2-1-2-por-que-el-modelo-cambia-el-arbol.csv|8|límite o campo no publicado/localizado; data/afirmaciones/02.csv:C-028; data/afirmaciones/02.csv:C-029"
"data/tablas/02/table-01-2-1-2-por-que-el-modelo-cambia-el-arbol.csv","9","muestreo taxonómico","7446919575074ccb3c46b5ea5d05bb50efdf37fb93fdf5323cfe3c6f5ec436eb","HUECO DE TRAZABILIDAD: la consulta literal exacta del valor anterior no produjo coincidencias en los artefactos de fuentes/; no se adjudica un valor para este campo [BN-430]","C-028; C-029","C-2599","Codex D (segunda revisión independiente)","Las C enlazadas describen otra dimensión o solo una parte: la celda añade modelo, prueba, muestreo, ausencia, apoyo o límite que esas C no afirman literalmente. Cotejo: C-028: La matriz original del análisis de Williams et al. contenía 35 genes. | C-029: Bajo LG+G4+F, Williams et al. obtuvieron log-verosimilitudes de −684701.2 para dos dominios y −684716.1 para tres dominios. Localizadores: data/tablas/02/table-01-2-1-2-por-que-el-modelo-cambia-el-arbol.csv:fila 9:muestreo taxonómico; data/auditoria/mapeo_celdas_afirmaciones.csv:data/tablas/02/table-01-2-1-2-por-que-el-modelo-cambia-el-arbol.csv|9|muestreo taxonómico; data/afirmaciones/02.csv:C-028; data/afirmaciones/02.csv:C-029 Corrección de autor v3: valor positivo retirado tras rerevisión; hueco nominal pendiente de nueva revisión independiente."
"data/tablas/02/table-01-2-1-2-por-que-el-modelo-cambia-el-arbol.csv","9","análisis","b785088e57ba1bba9626c8d23cd99911d927bc829c538e137eecd6b4923889ac","prueba AU","C-028; C-029","C-2600","Codex D (segunda revisión independiente)","Las C enlazadas describen otra dimensión o solo una parte: la celda añade modelo, prueba, muestreo, ausencia, apoyo o límite que esas C no afirman literalmente. Cotejo: C-028: La matriz original del análisis de Williams et al. contenía 35 genes. | C-029: Bajo LG+G4+F, Williams et al. obtuvieron log-verosimilitudes de −684701.2 para dos dominios y −684716.1 para tres dominios. Localizadores: data/tablas/02/table-01-2-1-2-por-que-el-modelo-cambia-el-arbol.csv:fila 9:análisis; data/auditoria/mapeo_celdas_afirmaciones.csv:data/tablas/02/table-01-2-1-2-por-que-el-modelo-cambia-el-arbol.csv|9|análisis; data/afirmaciones/02.csv:C-028; data/afirmaciones/02.csv:C-029"
"data/tablas/02/table-01-2-1-2-por-que-el-modelo-cambia-el-arbol.csv","9","límite o campo no publicado/localizado","fd7afc3e4c4582e0650ae3347d7d7707a8092bfe3ad1edc2c74843c705d19f20","La conclusión queda condicionada al modelo indicado.","C-029; C-028","C-2601","Codex D (segunda revisión independiente)","Las C enlazadas describen otra dimensión o solo una parte: la celda añade modelo, prueba, muestreo, ausencia, apoyo o límite que esas C no afirman literalmente. Cotejo: C-029: Bajo LG+G4+F, Williams et al. obtuvieron log-verosimilitudes de −684701.2 para dos dominios y −684716.1 para tres dominios. | C-028: La matriz original del análisis de Williams et al. contenía 35 genes. Localizadores: data/tablas/02/table-01-2-1-2-por-que-el-modelo-cambia-el-arbol.csv:fila 9:límite o campo no publicado/localizado; data/auditoria/mapeo_celdas_afirmaciones.csv:data/tablas/02/table-01-2-1-2-por-que-el-modelo-cambia-el-arbol.csv|9|límite o campo no publicado/localizado; data/afirmaciones/02.csv:C-029; data/afirmaciones/02.csv:C-028"
"data/tablas/02/table-01-2-1-2-por-que-el-modelo-cambia-el-arbol.csv","10","muestreo taxonómico","e613e87af689bb006a73151d47c1791c60d6bcabc74b1b0ebeef2b97ebab27a2","HUECO DE TRAZABILIDAD: la consulta literal exacta del valor anterior no produjo coincidencias en los artefactos de fuentes/; no se adjudica un valor para este campo [BN-431]","C-028; C-029","C-2602","Codex D (segunda revisión independiente)","Las C enlazadas describen otra dimensión o solo una parte: la celda añade modelo, prueba, muestreo, ausencia, apoyo o límite que esas C no afirman literalmente. Cotejo: C-028: La matriz original del análisis de Williams et al. contenía 35 genes. | C-029: Bajo LG+G4+F, Williams et al. obtuvieron log-verosimilitudes de −684701.2 para dos dominios y −684716.1 para tres dominios. Localizadores: data/tablas/02/table-01-2-1-2-por-que-el-modelo-cambia-el-arbol.csv:fila 10:muestreo taxonómico; data/auditoria/mapeo_celdas_afirmaciones.csv:data/tablas/02/table-01-2-1-2-por-que-el-modelo-cambia-el-arbol.csv|10|muestreo taxonómico; data/afirmaciones/02.csv:C-028; data/afirmaciones/02.csv:C-029 Corrección de autor v3: valor positivo retirado tras rerevisión; hueco nominal pendiente de nueva revisión independiente."
"data/tablas/02/table-01-2-1-2-por-que-el-modelo-cambia-el-arbol.csv","10","análisis","04f93944b137c6a970e2ab460cd3299f970d89df70a20df236599147da8463f4","inferencia bayesiana","C-028; C-029","C-2603","Codex D (segunda revisión independiente)","Las C enlazadas describen otra dimensión o solo una parte: la celda añade modelo, prueba, muestreo, ausencia, apoyo o límite que esas C no afirman literalmente. Cotejo: C-028: La matriz original del análisis de Williams et al. contenía 35 genes. | C-029: Bajo LG+G4+F, Williams et al. obtuvieron log-verosimilitudes de −684701.2 para dos dominios y −684716.1 para tres dominios. Localizadores: data/tablas/02/table-01-2-1-2-por-que-el-modelo-cambia-el-arbol.csv:fila 10:análisis; data/auditoria/mapeo_celdas_afirmaciones.csv:data/tablas/02/table-01-2-1-2-por-que-el-modelo-cambia-el-arbol.csv|10|análisis; data/afirmaciones/02.csv:C-028; data/afirmaciones/02.csv:C-029"
"data/tablas/02/table-01-2-1-2-por-que-el-modelo-cambia-el-arbol.csv","10","modelo","d2c307458a8f8e8c34e11ede8f31e6d319b3b664f76343e000e0a33b8355a852","CAT+GTR+G4","C-029","C-2604","Codex D (segunda revisión independiente)","Las C enlazadas describen otra dimensión o solo una parte: la celda añade modelo, prueba, muestreo, ausencia, apoyo o límite que esas C no afirman literalmente. Cotejo: C-029: Bajo LG+G4+F, Williams et al. obtuvieron log-verosimilitudes de −684701.2 para dos dominios y −684716.1 para tres dominios. Localizadores: data/tablas/02/table-01-2-1-2-por-que-el-modelo-cambia-el-arbol.csv:fila 10:modelo; data/auditoria/mapeo_celdas_afirmaciones.csv:data/tablas/02/table-01-2-1-2-por-que-el-modelo-cambia-el-arbol.csv|10|modelo; data/afirmaciones/02.csv:C-029"
"data/tablas/02/table-01-2-1-2-por-que-el-modelo-cambia-el-arbol.csv","10","soporte cuantitativo tal cual","2e3e7cf3620267fa39b107d1e0e4dd63243ba0d44b36549b605c5adac7b6d92c","apoyo posterior máximo","C-029; C-028","C-2605","Codex D (segunda revisión independiente)","Las C enlazadas describen otra dimensión o solo una parte: la celda añade modelo, prueba, muestreo, ausencia, apoyo o límite que esas C no afirman literalmente. Cotejo: C-029: Bajo LG+G4+F, Williams et al. obtuvieron log-verosimilitudes de −684701.2 para dos dominios y −684716.1 para tres dominios. | C-028: La matriz original del análisis de Williams et al. contenía 35 genes. Localizadores: data/tablas/02/table-01-2-1-2-por-que-el-modelo-cambia-el-arbol.csv:fila 10:soporte cuantitativo tal cual; data/auditoria/mapeo_celdas_afirmaciones.csv:data/tablas/02/table-01-2-1-2-por-que-el-modelo-cambia-el-arbol.csv|10|soporte cuantitativo tal cual; data/afirmaciones/02.csv:C-029; data/afirmaciones/02.csv:C-028"
"data/tablas/02/table-01-2-1-2-por-que-el-modelo-cambia-el-arbol.csv","10","límite o campo no publicado/localizado","668ffdb302c004ee3e02c932ffe8803b22a6c731d8dcc22bb4f95196ec31e65d","No consta un valor numérico adicional en la afirmación recuperada [BN-115].","C-1983","C-2606","Codex D (segunda revisión independiente)","La C de glosa solo declara cobertura parcial o huecos agregados del catálogo; no identifica literalmente este objeto, fila y campo ni todos los detalles de la celda. Cotejo: C-1983: La búsqueda BN-115 no localizó de forma homogénea matriz, muestreo, análisis, modelo o soporte cuantitativo para todos los mapas históricos de la tabla 1; tampoco localizó ambiente inicial para H14 y H15 ni una predicción discriminante explícita para H19. Localizadores: data/tablas/02/table-01-2-1-2-por-que-el-modelo-cambia-el-arbol.csv:fila 10:límite o campo no publicado/localizado; data/auditoria/mapeo_celdas_afirmaciones.csv:data/tablas/02/table-01-2-1-2-por-que-el-modelo-cambia-el-arbol.csv|10|límite o campo no publicado/localizado; data/afirmaciones/15.csv:C-1983"
"data/tablas/02/table-01-2-1-2-por-que-el-modelo-cambia-el-arbol.csv","11","matriz","f7503cec443a6d069f018859d7c400b97e8317a59669fb31837072a79eb18801","35 genes con recodificación SR4","C-028","C-2607","Codex D (segunda revisión independiente)","Las C enlazadas describen otra dimensión o solo una parte: la celda añade modelo, prueba, muestreo, ausencia, apoyo o límite que esas C no afirman literalmente. Cotejo: C-028: La matriz original del análisis de Williams et al. contenía 35 genes. Localizadores: data/tablas/02/table-01-2-1-2-por-que-el-modelo-cambia-el-arbol.csv:fila 11:matriz; data/auditoria/mapeo_celdas_afirmaciones.csv:data/tablas/02/table-01-2-1-2-por-que-el-modelo-cambia-el-arbol.csv|11|matriz; data/afirmaciones/02.csv:C-028"
"data/tablas/02/table-01-2-1-2-por-que-el-modelo-cambia-el-arbol.csv","11","muestreo taxonómico","b96becb05180c3220a786450180dff81d9c053935b0507fcf4743c76450b01d0","HUECO DE TRAZABILIDAD: la consulta literal exacta del valor anterior no produjo coincidencias en los artefactos de fuentes/; no se adjudica un valor para este campo [BN-432]","C-028; C-029","C-2608","Codex D (segunda revisión independiente)","Las C enlazadas describen otra dimensión o solo una parte: la celda añade modelo, prueba, muestreo, ausencia, apoyo o límite que esas C no afirman literalmente. Cotejo: C-028: La matriz original del análisis de Williams et al. contenía 35 genes. | C-029: Bajo LG+G4+F, Williams et al. obtuvieron log-verosimilitudes de −684701.2 para dos dominios y −684716.1 para tres dominios. Localizadores: data/tablas/02/table-01-2-1-2-por-que-el-modelo-cambia-el-arbol.csv:fila 11:muestreo taxonómico; data/auditoria/mapeo_celdas_afirmaciones.csv:data/tablas/02/table-01-2-1-2-por-que-el-modelo-cambia-el-arbol.csv|11|muestreo taxonómico; data/afirmaciones/02.csv:C-028; data/afirmaciones/02.csv:C-029 Corrección de autor v3: valor positivo retirado tras rerevisión; hueco nominal pendiente de nueva revisión independiente."
"data/tablas/02/table-01-2-1-2-por-que-el-modelo-cambia-el-arbol.csv","11","análisis","3479e03261041237e9f740870f7a5bed03e0379efb8057809ff8088d9c75b79a","HUECO DE TRAZABILIDAD: la consulta literal exacta del valor anterior no produjo coincidencias en los artefactos de fuentes/; no se adjudica un valor para este campo [BN-433]","C-028; C-029","C-2609","Codex D (segunda revisión independiente)","Las C enlazadas describen otra dimensión o solo una parte: la celda añade modelo, prueba, muestreo, ausencia, apoyo o límite que esas C no afirman literalmente. Cotejo: C-028: La matriz original del análisis de Williams et al. contenía 35 genes. | C-029: Bajo LG+G4+F, Williams et al. obtuvieron log-verosimilitudes de −684701.2 para dos dominios y −684716.1 para tres dominios. Localizadores: data/tablas/02/table-01-2-1-2-por-que-el-modelo-cambia-el-arbol.csv:fila 11:análisis; data/auditoria/mapeo_celdas_afirmaciones.csv:data/tablas/02/table-01-2-1-2-por-que-el-modelo-cambia-el-arbol.csv|11|análisis; data/afirmaciones/02.csv:C-028; data/afirmaciones/02.csv:C-029 Corrección de autor v3: valor positivo retirado tras rerevisión; hueco nominal pendiente de nueva revisión independiente."
"data/tablas/02/table-01-2-1-2-por-que-el-modelo-cambia-el-arbol.csv","11","modelo","8260344f3b5774a386b30a7691dc0e11129d8b860087b6189e1b94401ae79238","CAT con recodificación SR4","C-029","C-2610","Codex D (segunda revisión independiente)","Las C enlazadas describen otra dimensión o solo una parte: la celda añade modelo, prueba, muestreo, ausencia, apoyo o límite que esas C no afirman literalmente. Cotejo: C-029: Bajo LG+G4+F, Williams et al. obtuvieron log-verosimilitudes de −684701.2 para dos dominios y −684716.1 para tres dominios. Localizadores: data/tablas/02/table-01-2-1-2-por-que-el-modelo-cambia-el-arbol.csv:fila 11:modelo; data/auditoria/mapeo_celdas_afirmaciones.csv:data/tablas/02/table-01-2-1-2-por-que-el-modelo-cambia-el-arbol.csv|11|modelo; data/afirmaciones/02.csv:C-029"
"data/tablas/02/table-01-2-1-2-por-que-el-modelo-cambia-el-arbol.csv","11","límite o campo no publicado/localizado","1c100508821c786a508a1876f8adcdd277bc85accd2d4d635f5a65642f3e1439","HUECO DE TRAZABILIDAD: la consulta literal exacta del valor anterior no produjo coincidencias en los artefactos de fuentes/; no se adjudica un valor para este campo [BN-434]","C-028","C-2611","Codex D (segunda revisión independiente)","Las C enlazadas describen otra dimensión o solo una parte: la celda añade modelo, prueba, muestreo, ausencia, apoyo o límite que esas C no afirman literalmente. Cotejo: C-028: La matriz original del análisis de Williams et al. contenía 35 genes. Localizadores: data/tablas/02/table-01-2-1-2-por-que-el-modelo-cambia-el-arbol.csv:fila 11:límite o campo no publicado/localizado; data/auditoria/mapeo_celdas_afirmaciones.csv:data/tablas/02/table-01-2-1-2-por-que-el-modelo-cambia-el-arbol.csv|11|límite o campo no publicado/localizado; data/afirmaciones/02.csv:C-028 Corrección de autor v3: valor positivo retirado tras rerevisión; hueco nominal pendiente de nueva revisión independiente."
"data/tablas/02/table-01-2-1-2-por-que-el-modelo-cambia-el-arbol.csv","12","modelo","6c9826c9ff3ac0e7e396e06c0fd6e414fc8c62ff3e68f7e397c7a3f811b94be9","HUECO DE TRAZABILIDAD: la consulta literal exacta del valor anterior no produjo coincidencias en los artefactos de fuentes/; no se adjudica un valor para este campo [BN-435]","C-035","C-2612","Codex D (segunda revisión independiente)","Las C enlazadas describen otra dimensión o solo una parte: la celda añade modelo, prueba, muestreo, ausencia, apoyo o límite que esas C no afirman literalmente. Cotejo: C-035: Williams et al. recuperaron a Eukaryota asociado con Heimdallarchaeia en el análisis citado. Localizadores: data/tablas/02/table-01-2-1-2-por-que-el-modelo-cambia-el-arbol.csv:fila 12:modelo; data/auditoria/mapeo_celdas_afirmaciones.csv:data/tablas/02/table-01-2-1-2-por-que-el-modelo-cambia-el-arbol.csv|12|modelo; data/afirmaciones/02.csv:C-035 Corrección de autor v3: valor positivo retirado tras rerevisión; hueco nominal pendiente de nueva revisión independiente."
"data/tablas/05/table-33-5-4-evidencia-de-interaccion-en-perforaciones-del-grupo-chuar.csv","2","incertidumbre y disputa","160d0410cd9cb43bb04fcd7ddd39ca8246fecef8820707f58cc80aa821273474","HUECO DE TRAZABILIDAD: la consulta literal exacta del valor anterior no produjo coincidencias en los artefactos de fuentes/; no se adjudica un valor para este campo [BN-436]","C-716; C-719","C-2613","Codex D (segunda revisión independiente)","C-716/C-719 sostienen productor no preservado/no identificado y la comparación morfológica, pero no el añadido de que no se localizó un contradictor nominal independiente. Cotejo: C-716: La regularidad, distribución taxonómica y semejanza con perforaciones de protistas vampirélidos apoyan una interpretación de depredación por perforación. | C-719: No se ha identificado taxonómicamente al organismo que produjo las perforaciones del Grupo Chuar. Localizadores: data/tablas/05/table-33-5-4-evidencia-de-interaccion-en-perforaciones-del-grupo-chuar.csv:fila 2:incertidumbre y disputa; data/auditoria/mapeo_celdas_afirmaciones.csv:data/tablas/05/table-33-5-4-evidencia-de-interaccion-en-perforaciones-del-grupo-chuar.csv|2|incertidumbre y disputa; data/afirmaciones/05.csv:C-716; data/afirmaciones/05.csv:C-719 Corrección de autor v3: valor positivo retirado tras rerevisión; hueco nominal pendiente de nueva revisión independiente."
"data/tablas/05/table-34-5-8-asignacion-fosil-mas-antigua-localizada-por-nodo.csv","2","fósil más antiguo localizado","df1265723ffa2c58c32ee5d829ae4528e9740931bbc16a2a35fe892708b0c704","HUECO DE TRAZABILIDAD: la consulta literal exacta del valor anterior no produjo coincidencias en los artefactos de fuentes/; no se adjudica un valor para este campo [BN-437]","C-723","C-2614","Codex D (segunda revisión independiente)","Las C enlazadas no cubren todos los componentes de la celda (edad/método/oponente, interpretaciones rivales o detalle observacional); la equivalencia es solo parcial. Cotejo: C-723: Bangiomorpha pubescens funciona como calibración mínima para divergencias eucariotas solo si se acepta su asignación a Rhodophyta corona. Localizadores: data/tablas/05/table-34-5-8-asignacion-fosil-mas-antigua-localizada-por-nodo.csv:fila 2:fósil más antiguo localizado; data/auditoria/mapeo_celdas_afirmaciones.csv:data/tablas/05/table-34-5-8-asignacion-fosil-mas-antigua-localizada-por-nodo.csv|2|fósil más antiguo localizado; data/afirmaciones/05.csv:C-723 Corrección de autor v3: valor positivo retirado tras rerevisión; hueco nominal pendiente de nueva revisión independiente."
"data/tablas/05/table-34-5-8-asignacion-fosil-mas-antigua-localizada-por-nodo.csv","2","qué se observa","2059227db9a47b2cc480f7fb8be0e103041219aa187cd5e12d6e6918ca31cfbf","distribución fósil paleoambiental; filamentos multicelulares diferenciados y patrones de división","C-720","C-2615","Codex D (segunda revisión independiente)","Las C enlazadas no cubren todos los componentes de la celda (edad/método/oponente, interpretaciones rivales o detalle observacional); la equivalencia es solo parcial. Cotejo: C-720: Bangiomorpha pubescens presenta filamentos multicelulares con diferenciación basal y patrones de división comparados con bangiales vivientes. Localizadores: data/tablas/05/table-34-5-8-asignacion-fosil-mas-antigua-localizada-por-nodo.csv:fila 2:qué se observa; data/auditoria/mapeo_celdas_afirmaciones.csv:data/tablas/05/table-34-5-8-asignacion-fosil-mas-antigua-localizada-por-nodo.csv|2|qué se observa; data/afirmaciones/05.csv:C-720"
"data/tablas/05/table-34-5-8-asignacion-fosil-mas-antigua-localizada-por-nodo.csv","2","qué se infiere","bac1490dfe250ac3dabfaff489f33c82201cfe4bee1a3da8e10ec8a95551aa72","Lechte et al. infieren aerobiosis, mitocondrias y hábito bentónico; la asignación de *Bangiomorpha* permitiría un mínimo corona","C-754","C-2616","Codex D (segunda revisión independiente)","Las C enlazadas no cubren todos los componentes de la celda (edad/método/oponente, interpretaciones rivales o detalle observacional); la equivalencia es solo parcial. Cotejo: C-754: Lechte et al. infirieron un hábito bentónico para los organismos fósiles analizados. Localizadores: data/tablas/05/table-34-5-8-asignacion-fosil-mas-antigua-localizada-por-nodo.csv:fila 2:qué se infiere; data/auditoria/mapeo_celdas_afirmaciones.csv:data/tablas/05/table-34-5-8-asignacion-fosil-mas-antigua-localizada-por-nodo.csv|2|qué se infiere; data/afirmaciones/05.csv:C-754"
"data/tablas/05/table-34-5-8-asignacion-fosil-mas-antigua-localizada-por-nodo.csv","2","edad","b07d6ed684d69e827d266a577b2be9530ef32241f697ad13d72dd6f720ec190a","aprox. 1,75–1,4 Ga; aprox. 1.047 Ga","C-751","C-2617","Codex D (segunda revisión independiente)","Las C enlazadas no cubren todos los componentes de la celda (edad/método/oponente, interpretaciones rivales o detalle observacional); la equivalencia es solo parcial. Cotejo: C-751: Lechte et al. situaron los fósiles eucariotas más antiguos de su conjunto aproximadamente entre 1,75 y 1,4 Ga. Localizadores: data/tablas/05/table-34-5-8-asignacion-fosil-mas-antigua-localizada-por-nodo.csv:fila 2:edad; data/auditoria/mapeo_celdas_afirmaciones.csv:data/tablas/05/table-34-5-8-asignacion-fosil-mas-antigua-localizada-por-nodo.csv|2|edad; data/afirmaciones/05.csv:C-751"
"data/tablas/05/table-34-5-8-asignacion-fosil-mas-antigua-localizada-por-nodo.csv","2","método de datación","f5a00d2305791b155d11c89f22b7642be41f85d42c05b60c4b32a680fd370d3b","HUECO DE TRAZABILIDAD: la consulta literal exacta del valor anterior no produjo coincidencias en los artefactos de fuentes/; no se adjudica un valor para este campo [BN-438]","C-722","C-2618","Codex D (segunda revisión independiente)","Las C enlazadas no cubren todos los componentes de la celda (edad/método/oponente, interpretaciones rivales o detalle observacional); la equivalencia es solo parcial. Cotejo: C-722: La sucesión que contiene Bangiomorpha pubescens fue datada en aproximadamente 1.047 Ga. Localizadores: data/tablas/05/table-34-5-8-asignacion-fosil-mas-antigua-localizada-por-nodo.csv:fila 2:método de datación; data/auditoria/mapeo_celdas_afirmaciones.csv:data/tablas/05/table-34-5-8-asignacion-fosil-mas-antigua-localizada-por-nodo.csv|2|método de datación; data/afirmaciones/05.csv:C-722 Corrección de autor v3: valor positivo retirado tras rerevisión; hueco nominal pendiente de nueva revisión independiente."
"data/tablas/05/table-34-5-8-asignacion-fosil-mas-antigua-localizada-por-nodo.csv","2","incertidumbre publicada","198cdba5d1a6484b82bed11882ab3017794d59750cdede3c34767c5df34c2f46","HUECO DE TRAZABILIDAD: la consulta literal exacta del valor anterior no produjo coincidencias en los artefactos de fuentes/; no se adjudica un valor para este campo [BN-439]","C-1993","C-2619","Codex D (segunda revisión independiente)","La C de glosa solo declara cobertura parcial o huecos agregados del catálogo; no identifica literalmente este objeto, fila y campo ni todos los detalles de la celda. Cotejo: C-1993: La búsqueda BN-141 no localizó un vector homogéneo de edad, método de datación, incertidumbre publicada y oponente nominal para cada asignación fósil nodal de la tabla 34. Localizadores: data/tablas/05/table-34-5-8-asignacion-fosil-mas-antigua-localizada-por-nodo.csv:fila 2:incertidumbre publicada; data/auditoria/mapeo_celdas_afirmaciones.csv:data/tablas/05/table-34-5-8-asignacion-fosil-mas-antigua-localizada-por-nodo.csv|2|incertidumbre publicada; data/afirmaciones/15.csv:C-1993 Corrección de autor v3: valor positivo retirado tras rerevisión; hueco nominal pendiente de nueva revisión independiente."
"data/tablas/05/table-34-5-8-asignacion-fosil-mas-antigua-localizada-por-nodo.csv","2","quién discute la atribución","e749bfb53aa648778155ca4f6e42c266ded4d4b4b43e6acb166ed2ed3493f323","HUECO DE TRAZABILIDAD: la consulta literal exacta del valor anterior no produjo coincidencias en los artefactos de fuentes/; no se adjudica un valor para este campo [BN-440]","C-1993","C-2620","Codex D (segunda revisión independiente)","La C de glosa solo declara cobertura parcial o huecos agregados del catálogo; no identifica literalmente este objeto, fila y campo ni todos los detalles de la celda. Cotejo: C-1993: La búsqueda BN-141 no localizó un vector homogéneo de edad, método de datación, incertidumbre publicada y oponente nominal para cada asignación fósil nodal de la tabla 34. Localizadores: data/tablas/05/table-34-5-8-asignacion-fosil-mas-antigua-localizada-por-nodo.csv:fila 2:quién discute la atribución; data/auditoria/mapeo_celdas_afirmaciones.csv:data/tablas/05/table-34-5-8-asignacion-fosil-mas-antigua-localizada-por-nodo.csv|2|quién discute la atribución; data/afirmaciones/15.csv:C-1993 Corrección de autor v3: valor positivo retirado tras rerevisión; hueco nominal pendiente de nueva revisión independiente."
"data/tablas/05/table-34-5-8-asignacion-fosil-mas-antigua-localizada-por-nodo.csv","2","estado de asignación","0526f0d784db226c6d58fa22ed4f0c0f2323177b1ee765a115d7f7e409a46085","El conjunto antiguo no prueba corona; el mínimo de *Bangiomorpha* es condicionado.","C-723","C-2621","Codex D (segunda revisión independiente)","Las C enlazadas no cubren todos los componentes de la celda (edad/método/oponente, interpretaciones rivales o detalle observacional); la equivalencia es solo parcial. Cotejo: C-723: Bangiomorpha pubescens funciona como calibración mínima para divergencias eucariotas solo si se acepta su asignación a Rhodophyta corona. Localizadores: data/tablas/05/table-34-5-8-asignacion-fosil-mas-antigua-localizada-por-nodo.csv:fila 2:estado de asignación; data/auditoria/mapeo_celdas_afirmaciones.csv:data/tablas/05/table-34-5-8-asignacion-fosil-mas-antigua-localizada-por-nodo.csv|2|estado de asignación; data/afirmaciones/05.csv:C-723"
"data/tablas/05/table-34-5-8-asignacion-fosil-mas-antigua-localizada-por-nodo.csv","4","edad","ca1ee59be11942b0f1068e4b054f5f121f9c043f858abf83b3d69f85691f1a48","HUECO DE TRAZABILIDAD: la consulta literal exacta del valor anterior no produjo coincidencias en los artefactos de fuentes/; no se adjudica un valor para este campo [BN-441]","C-713; C-1993","C-2622","Codex D (segunda revisión independiente)","La C de glosa solo declara cobertura parcial o huecos agregados del catálogo; no identifica literalmente este objeto, fila y campo ni todos los detalles de la celda. Cotejo: C-713: Los microfósiles con forma de vasija del Grupo Chuar fueron comparados con amebas testadas modernas y se interpretan habitualmente dentro de Amoebozoa o su grupo total. | C-1993: La búsqueda BN-141 no localizó un vector homogéneo de edad, método de datación, incertidumbre publicada y oponente nominal para cada asignación fósil nodal de la tabla 34. Localizadores: data/tablas/05/table-34-5-8-asignacion-fosil-mas-antigua-localizada-por-nodo.csv:fila 4:edad; data/auditoria/mapeo_celdas_afirmaciones.csv:data/tablas/05/table-34-5-8-asignacion-fosil-mas-antigua-localizada-por-nodo.csv|4|edad; data/afirmaciones/05.csv:C-713; data/afirmaciones/15.csv:C-1993 Corrección de autor v3: valor positivo retirado tras rerevisión; hueco nominal pendiente de nueva revisión independiente."
"data/tablas/05/table-34-5-8-asignacion-fosil-mas-antigua-localizada-por-nodo.csv","4","método de datación","b2e900ed6357b7762c393003d38b3193501823cac78cabb1d415d0ffc1c08686","HUECO DE TRAZABILIDAD: la consulta literal exacta del valor anterior no produjo coincidencias en los artefactos de fuentes/; no se adjudica un valor para este campo [BN-442]","C-713; C-1993","C-2623","Codex D (segunda revisión independiente)","La C de glosa solo declara cobertura parcial o huecos agregados del catálogo; no identifica literalmente este objeto, fila y campo ni todos los detalles de la celda. Cotejo: C-713: Los microfósiles con forma de vasija del Grupo Chuar fueron comparados con amebas testadas modernas y se interpretan habitualmente dentro de Amoebozoa o su grupo total. | C-1993: La búsqueda BN-141 no localizó un vector homogéneo de edad, método de datación, incertidumbre publicada y oponente nominal para cada asignación fósil nodal de la tabla 34. Localizadores: data/tablas/05/table-34-5-8-asignacion-fosil-mas-antigua-localizada-por-nodo.csv:fila 4:método de datación; data/auditoria/mapeo_celdas_afirmaciones.csv:data/tablas/05/table-34-5-8-asignacion-fosil-mas-antigua-localizada-por-nodo.csv|4|método de datación; data/afirmaciones/05.csv:C-713; data/afirmaciones/15.csv:C-1993 Corrección de autor v3: valor positivo retirado tras rerevisión; hueco nominal pendiente de nueva revisión independiente."
"data/tablas/05/table-34-5-8-asignacion-fosil-mas-antigua-localizada-por-nodo.csv","4","incertidumbre publicada","241dd1bd5d86db7df6f81a3c575158c6b456a3df883f0aaf07239f7a583ff50d","HUECO DE TRAZABILIDAD: la consulta literal exacta del valor anterior no produjo coincidencias en los artefactos de fuentes/; no se adjudica un valor para este campo [BN-443]","C-713; C-1993","C-2624","Codex D (segunda revisión independiente)","La C de glosa solo declara cobertura parcial o huecos agregados del catálogo; no identifica literalmente este objeto, fila y campo ni todos los detalles de la celda. Cotejo: C-713: Los microfósiles con forma de vasija del Grupo Chuar fueron comparados con amebas testadas modernas y se interpretan habitualmente dentro de Amoebozoa o su grupo total. | C-1993: La búsqueda BN-141 no localizó un vector homogéneo de edad, método de datación, incertidumbre publicada y oponente nominal para cada asignación fósil nodal de la tabla 34. Localizadores: data/tablas/05/table-34-5-8-asignacion-fosil-mas-antigua-localizada-por-nodo.csv:fila 4:incertidumbre publicada; data/auditoria/mapeo_celdas_afirmaciones.csv:data/tablas/05/table-34-5-8-asignacion-fosil-mas-antigua-localizada-por-nodo.csv|4|incertidumbre publicada; data/afirmaciones/05.csv:C-713; data/afirmaciones/15.csv:C-1993 Corrección de autor v3: valor positivo retirado tras rerevisión; hueco nominal pendiente de nueva revisión independiente."
"data/tablas/05/table-34-5-8-asignacion-fosil-mas-antigua-localizada-por-nodo.csv","4","quién discute la atribución","596888d8496ddf267dae5e93f9f54eb60e6d06796acba3c0e6a1e0b0332c8f79","HUECO DE TRAZABILIDAD: la consulta literal exacta del valor anterior no produjo coincidencias en los artefactos de fuentes/; no se adjudica un valor para este campo [BN-444]","C-1993","C-2625","Codex D (segunda revisión independiente)","La C de glosa solo declara cobertura parcial o huecos agregados del catálogo; no identifica literalmente este objeto, fila y campo ni todos los detalles de la celda. Cotejo: C-1993: La búsqueda BN-141 no localizó un vector homogéneo de edad, método de datación, incertidumbre publicada y oponente nominal para cada asignación fósil nodal de la tabla 34. Localizadores: data/tablas/05/table-34-5-8-asignacion-fosil-mas-antigua-localizada-por-nodo.csv:fila 4:quién discute la atribución; data/auditoria/mapeo_celdas_afirmaciones.csv:data/tablas/05/table-34-5-8-asignacion-fosil-mas-antigua-localizada-por-nodo.csv|4|quién discute la atribución; data/afirmaciones/15.csv:C-1993 Corrección de autor v3: valor positivo retirado tras rerevisión; hueco nominal pendiente de nueva revisión independiente."
"data/tablas/05/table-34-5-8-asignacion-fosil-mas-antigua-localizada-por-nodo.csv","8","quién discute la atribución","fb53617af8dea135b6b0e5c2645e7549ca103eecb2c4380e11fd189218a6a6f3","HUECO DE TRAZABILIDAD: la consulta literal exacta del valor anterior no produjo coincidencias en los artefactos de fuentes/; no se adjudica un valor para este campo [BN-445]","C-725","C-2626","Codex D (segunda revisión independiente)","Las C enlazadas no cubren todos los componentes de la celda (edad/método/oponente, interpretaciones rivales o detalle observacional); la equivalencia es solo parcial. Cotejo: C-725: Loron y colaboradores interpretaron Ourasphaira giraldae como un hongo sobre la base de morfología, ultraestructura y espectroscopía. Localizadores: data/tablas/05/table-34-5-8-asignacion-fosil-mas-antigua-localizada-por-nodo.csv:fila 8:quién discute la atribución; data/auditoria/mapeo_celdas_afirmaciones.csv:data/tablas/05/table-34-5-8-asignacion-fosil-mas-antigua-localizada-por-nodo.csv|8|quién discute la atribución; data/afirmaciones/05.csv:C-725 Corrección de autor v3: valor positivo retirado tras rerevisión; hueco nominal pendiente de nueva revisión independiente."
"data/tablas/05/table-34-5-8-asignacion-fosil-mas-antigua-localizada-por-nodo.csv","9","qué se infiere","716fee8d092146876003dda68929428b87f5fbb9648d89560d05c0782c5b3bd2","afinidad fúngica dentro de Holomycota","C-726","C-2627","Codex D (segunda revisión independiente)","Las C enlazadas no cubren todos los componentes de la celda (edad/método/oponente, interpretaciones rivales o detalle observacional); la equivalencia es solo parcial. Cotejo: C-726: La afinidad fúngica de Ourasphaira giraldae no permite asignarla con seguridad a Fungi corona ni fechar por sí sola Opisthokonta corona. Localizadores: data/tablas/05/table-34-5-8-asignacion-fosil-mas-antigua-localizada-por-nodo.csv:fila 9:qué se infiere; data/auditoria/mapeo_celdas_afirmaciones.csv:data/tablas/05/table-34-5-8-asignacion-fosil-mas-antigua-localizada-por-nodo.csv|9|qué se infiere; data/afirmaciones/05.csv:C-726"
"data/tablas/05/table-34-5-8-asignacion-fosil-mas-antigua-localizada-por-nodo.csv","9","quién discute la atribución","d484ae272ba938caac7ebbb6c7bd55f100cce58107b2b3c8b5bfe4c97d49165e","HUECO DE TRAZABILIDAD: la consulta literal exacta del valor anterior no produjo coincidencias en los artefactos de fuentes/; no se adjudica un valor para este campo [BN-446]","C-725","C-2628","Codex D (segunda revisión independiente)","Las C enlazadas no cubren todos los componentes de la celda (edad/método/oponente, interpretaciones rivales o detalle observacional); la equivalencia es solo parcial. Cotejo: C-725: Loron y colaboradores interpretaron Ourasphaira giraldae como un hongo sobre la base de morfología, ultraestructura y espectroscopía. Localizadores: data/tablas/05/table-34-5-8-asignacion-fosil-mas-antigua-localizada-por-nodo.csv:fila 9:quién discute la atribución; data/auditoria/mapeo_celdas_afirmaciones.csv:data/tablas/05/table-34-5-8-asignacion-fosil-mas-antigua-localizada-por-nodo.csv|9|quién discute la atribución; data/afirmaciones/05.csv:C-725 Corrección de autor v3: valor positivo retirado tras rerevisión; hueco nominal pendiente de nueva revisión independiente."
"data/tablas/05/table-34-5-8-asignacion-fosil-mas-antigua-localizada-por-nodo.csv","9","argumento de discusión","2061aa485de98e7afcdae04b47efabe58eb91e5389eeac4c673a16d15be32589","los caracteres no resuelven posición corona–tallo en Holomycota","C-726","C-2629","Codex D (segunda revisión independiente)","Las C enlazadas no cubren todos los componentes de la celda (edad/método/oponente, interpretaciones rivales o detalle observacional); la equivalencia es solo parcial. Cotejo: C-726: La afinidad fúngica de Ourasphaira giraldae no permite asignarla con seguridad a Fungi corona ni fechar por sí sola Opisthokonta corona. Localizadores: data/tablas/05/table-34-5-8-asignacion-fosil-mas-antigua-localizada-por-nodo.csv:fila 9:argumento de discusión; data/auditoria/mapeo_celdas_afirmaciones.csv:data/tablas/05/table-34-5-8-asignacion-fosil-mas-antigua-localizada-por-nodo.csv|9|argumento de discusión; data/afirmaciones/05.csv:C-726"
"data/tablas/05/table-34-5-8-asignacion-fosil-mas-antigua-localizada-por-nodo.csv","9","estado de asignación","ac887de50eeb0c425beb4f1903f250923eca34ee81fd6d2b67b58cf62bd5655f","Candidato; posición interna no resuelta.","C-726","C-2630","Codex D (segunda revisión independiente)","Las C enlazadas no cubren todos los componentes de la celda (edad/método/oponente, interpretaciones rivales o detalle observacional); la equivalencia es solo parcial. Cotejo: C-726: La afinidad fúngica de Ourasphaira giraldae no permite asignarla con seguridad a Fungi corona ni fechar por sí sola Opisthokonta corona. Localizadores: data/tablas/05/table-34-5-8-asignacion-fosil-mas-antigua-localizada-por-nodo.csv:fila 9:estado de asignación; data/auditoria/mapeo_celdas_afirmaciones.csv:data/tablas/05/table-34-5-8-asignacion-fosil-mas-antigua-localizada-por-nodo.csv|9|estado de asignación; data/afirmaciones/05.csv:C-726"
"data/tablas/05/table-34-5-8-asignacion-fosil-mas-antigua-localizada-por-nodo.csv","10","incertidumbre publicada","634411a32f330a4d96f99e3db95373e2f5c5b64e916defe266bf3e1fa84798bb","HUECO DE TRAZABILIDAD: la consulta literal exacta del valor anterior no produjo coincidencias en los artefactos de fuentes/; no se adjudica un valor para este campo [BN-447]","C-1993","C-2631","Codex D (segunda revisión independiente)","La C de glosa solo declara cobertura parcial o huecos agregados del catálogo; no identifica literalmente este objeto, fila y campo ni todos los detalles de la celda. Cotejo: C-1993: La búsqueda BN-141 no localizó un vector homogéneo de edad, método de datación, incertidumbre publicada y oponente nominal para cada asignación fósil nodal de la tabla 34. Localizadores: data/tablas/05/table-34-5-8-asignacion-fosil-mas-antigua-localizada-por-nodo.csv:fila 10:incertidumbre publicada; data/auditoria/mapeo_celdas_afirmaciones.csv:data/tablas/05/table-34-5-8-asignacion-fosil-mas-antigua-localizada-por-nodo.csv|10|incertidumbre publicada; data/afirmaciones/15.csv:C-1993 Corrección de autor v3: valor positivo retirado tras rerevisión; hueco nominal pendiente de nueva revisión independiente."
"data/tablas/05/table-34-5-8-asignacion-fosil-mas-antigua-localizada-por-nodo.csv","10","estado de asignación","a94e7a89e8aada64b1ae8b12185cab972b2ebc8cb66b3a2a011f28ed49ce234d","Posible Holozoa; posición interna no resuelta.","C-729","C-2632","Codex D (segunda revisión independiente)","Las C enlazadas no cubren todos los componentes de la celda (edad/método/oponente, interpretaciones rivales o detalle observacional); la equivalencia es solo parcial. Cotejo: C-729: Strother y colaboradores consideraron que Bicellum brasieri es más consistente con una afinidad holozoa que con un alga de pared rígida. Localizadores: data/tablas/05/table-34-5-8-asignacion-fosil-mas-antigua-localizada-por-nodo.csv:fila 10:estado de asignación; data/auditoria/mapeo_celdas_afirmaciones.csv:data/tablas/05/table-34-5-8-asignacion-fosil-mas-antigua-localizada-por-nodo.csv|10|estado de asignación; data/afirmaciones/05.csv:C-729"
"data/tablas/05/table-34-5-8-asignacion-fosil-mas-antigua-localizada-por-nodo.csv","15","qué se infiere","4bc7ca94fdfa0bdd19e98c2371bd0806ed6a71e3b24b66e9faa4f26881df11af","HUECO DE TRAZABILIDAD: la consulta literal exacta del valor anterior no produjo coincidencias en los artefactos de fuentes/; no se adjudica un valor para este campo [BN-448]","C-785","C-2633","Codex D (segunda revisión independiente)","Las C enlazadas no cubren todos los componentes de la celda (edad/método/oponente, interpretaciones rivales o detalle observacional); la equivalencia es solo parcial. Cotejo: C-785: Fonseca et al. describieron material del Cenomaniano–Turoniano como una ocurrencia putativa de coanoflagelados; declararon ausente el collar típico y consideraron esa ausencia problemática para la identificación y clasificación. Localizadores: data/tablas/05/table-34-5-8-asignacion-fosil-mas-antigua-localizada-por-nodo.csv:fila 15:qué se infiere; data/auditoria/mapeo_celdas_afirmaciones.csv:data/tablas/05/table-34-5-8-asignacion-fosil-mas-antigua-localizada-por-nodo.csv|15|qué se infiere; data/afirmaciones/06.csv:C-785 Corrección de autor v3: valor positivo retirado tras rerevisión; hueco nominal pendiente de nueva revisión independiente."
"data/tablas/05/table-34-5-8-asignacion-fosil-mas-antigua-localizada-por-nodo.csv","15","método de datación","8ba1a9c4c7873737013a3ca418b99b6fcf8a51ee3b33b4d25ecc595591854b58","HUECO DE TRAZABILIDAD: la consulta literal exacta del valor anterior no produjo coincidencias en los artefactos de fuentes/; no se adjudica un valor para este campo [BN-449]","C-785","C-2634","Codex D (segunda revisión independiente)","Las C enlazadas no cubren todos los componentes de la celda (edad/método/oponente, interpretaciones rivales o detalle observacional); la equivalencia es solo parcial. Cotejo: C-785: Fonseca et al. describieron material del Cenomaniano–Turoniano como una ocurrencia putativa de coanoflagelados; declararon ausente el collar típico y consideraron esa ausencia problemática para la identificación y clasificación. Localizadores: data/tablas/05/table-34-5-8-asignacion-fosil-mas-antigua-localizada-por-nodo.csv:fila 15:método de datación; data/auditoria/mapeo_celdas_afirmaciones.csv:data/tablas/05/table-34-5-8-asignacion-fosil-mas-antigua-localizada-por-nodo.csv|15|método de datación; data/afirmaciones/06.csv:C-785 Corrección de autor v3: valor positivo retirado tras rerevisión; hueco nominal pendiente de nueva revisión independiente."
"data/tablas/05/table-34-5-8-asignacion-fosil-mas-antigua-localizada-por-nodo.csv","16","qué se infiere","bba149714aec75d35618e3e23b27e787a8b83b51ef997bd96a73474e98981303","HUECO DE TRAZABILIDAD: la consulta literal exacta del valor anterior no produjo coincidencias en los artefactos de fuentes/; no se adjudica un valor para este campo [BN-450]","C-785","C-2635","Codex D (segunda revisión independiente)","Las C enlazadas no cubren todos los componentes de la celda (edad/método/oponente, interpretaciones rivales o detalle observacional); la equivalencia es solo parcial. Cotejo: C-785: Fonseca et al. describieron material del Cenomaniano–Turoniano como una ocurrencia putativa de coanoflagelados; declararon ausente el collar típico y consideraron esa ausencia problemática para la identificación y clasificación. Localizadores: data/tablas/05/table-34-5-8-asignacion-fosil-mas-antigua-localizada-por-nodo.csv:fila 16:qué se infiere; data/auditoria/mapeo_celdas_afirmaciones.csv:data/tablas/05/table-34-5-8-asignacion-fosil-mas-antigua-localizada-por-nodo.csv|16|qué se infiere; data/afirmaciones/06.csv:C-785 Corrección de autor v3: valor positivo retirado tras rerevisión; hueco nominal pendiente de nueva revisión independiente."
"data/tablas/05/table-34-5-8-asignacion-fosil-mas-antigua-localizada-por-nodo.csv","16","método de datación","47a0396f414c8ae5e4df54e0aae39277ff57ba2bd05c8311d1dfefadfc75ca21","HUECO DE TRAZABILIDAD: la consulta literal exacta del valor anterior no produjo coincidencias en los artefactos de fuentes/; no se adjudica un valor para este campo [BN-451]","C-785","C-2636","Codex D (segunda revisión independiente)","Las C enlazadas no cubren todos los componentes de la celda (edad/método/oponente, interpretaciones rivales o detalle observacional); la equivalencia es solo parcial. Cotejo: C-785: Fonseca et al. describieron material del Cenomaniano–Turoniano como una ocurrencia putativa de coanoflagelados; declararon ausente el collar típico y consideraron esa ausencia problemática para la identificación y clasificación. Localizadores: data/tablas/05/table-34-5-8-asignacion-fosil-mas-antigua-localizada-por-nodo.csv:fila 16:método de datación; data/auditoria/mapeo_celdas_afirmaciones.csv:data/tablas/05/table-34-5-8-asignacion-fosil-mas-antigua-localizada-por-nodo.csv|16|método de datación; data/afirmaciones/06.csv:C-785 Corrección de autor v3: valor positivo retirado tras rerevisión; hueco nominal pendiente de nueva revisión independiente."
"data/tablas/05/table-34-5-8-asignacion-fosil-mas-antigua-localizada-por-nodo.csv","17","método de datación","c57bec7a545d885bd3ba84a0746a32deeff552a7092c8d9ea4d9810b543d5263","HUECO DE TRAZABILIDAD: la consulta literal exacta del valor anterior no produjo coincidencias en los artefactos de fuentes/; no se adjudica un valor para este campo [BN-452]","C-785","C-2637","Codex D (segunda revisión independiente)","Las C enlazadas no cubren todos los componentes de la celda (edad/método/oponente, interpretaciones rivales o detalle observacional); la equivalencia es solo parcial. Cotejo: C-785: Fonseca et al. describieron material del Cenomaniano–Turoniano como una ocurrencia putativa de coanoflagelados; declararon ausente el collar típico y consideraron esa ausencia problemática para la identificación y clasificación. Localizadores: data/tablas/05/table-34-5-8-asignacion-fosil-mas-antigua-localizada-por-nodo.csv:fila 17:método de datación; data/auditoria/mapeo_celdas_afirmaciones.csv:data/tablas/05/table-34-5-8-asignacion-fosil-mas-antigua-localizada-por-nodo.csv|17|método de datación; data/afirmaciones/06.csv:C-785 Corrección de autor v3: valor positivo retirado tras rerevisión; hueco nominal pendiente de nueva revisión independiente."
"data/tablas/05/table-34-5-8-asignacion-fosil-mas-antigua-localizada-por-nodo.csv","18","fósil más antiguo localizado","7a3854241e195dd2e9acb12befbfa0aca62d79942917b4a33a44354d370e90ff","HUECO DE TRAZABILIDAD: la consulta literal exacta del valor anterior no produjo coincidencias en los artefactos de fuentes/; no se adjudica un valor para este campo [BN-453]","C-732","C-2638","Codex D (segunda revisión independiente)","Las C enlazadas no cubren todos los componentes de la celda (edad/método/oponente, interpretaciones rivales o detalle observacional); la equivalencia es solo parcial. Cotejo: C-732: La posición estratigráfica de la biota de Weng’an la acota como más antigua que 609 ± 5 Ma o próxima a esa edad. Localizadores: data/tablas/05/table-34-5-8-asignacion-fosil-mas-antigua-localizada-por-nodo.csv:fila 18:fósil más antiguo localizado; data/auditoria/mapeo_celdas_afirmaciones.csv:data/tablas/05/table-34-5-8-asignacion-fosil-mas-antigua-localizada-por-nodo.csv|18|fósil más antiguo localizado; data/afirmaciones/05.csv:C-732 Corrección de autor v3: valor positivo retirado tras rerevisión; hueco nominal pendiente de nueva revisión independiente."
"data/tablas/05/table-34-5-8-asignacion-fosil-mas-antigua-localizada-por-nodo.csv","18","qué se infiere","ca772b20a79c0120a794f23a0653a0e6d23f71dbf2d781536f270f3dcbd9467f","afinidades rivales: animales, protistas holozoos enquistantes o algas","C-734","C-2639","Codex D (segunda revisión independiente)","Las C enlazadas no cubren todos los componentes de la celda (edad/método/oponente, interpretaciones rivales o detalle observacional); la equivalencia es solo parcial. Cotejo: C-734: Huldtgren y colaboradores reinterpretaron fósiles de Tianzhushania como protistas holozoos enquistantes con núcleos fosilizados y estructuras de germinación. Localizadores: data/tablas/05/table-34-5-8-asignacion-fosil-mas-antigua-localizada-por-nodo.csv:fila 18:qué se infiere; data/auditoria/mapeo_celdas_afirmaciones.csv:data/tablas/05/table-34-5-8-asignacion-fosil-mas-antigua-localizada-por-nodo.csv|18|qué se infiere; data/afirmaciones/05.csv:C-734"
"data/tablas/05/table-34-5-8-asignacion-fosil-mas-antigua-localizada-por-nodo.csv","18","quién discute la atribución","de81a4c96c5f8502fc4e230907f75dfd5f56abe95c50fa6117ae23b2dad19931","HUECO DE TRAZABILIDAD: la consulta literal exacta del valor anterior no produjo coincidencias en los artefactos de fuentes/; no se adjudica un valor para este campo [BN-454]","C-737","C-2640","Codex D (segunda revisión independiente)","Las C enlazadas no cubren todos los componentes de la celda (edad/método/oponente, interpretaciones rivales o detalle observacional); la equivalencia es solo parcial. Cotejo: C-737: Moczydłowska y colaboradores propusieron afinidades algales para varios acritarcos de Doushantuo, incluido material relacionado con Tianzhushania. Localizadores: data/tablas/05/table-34-5-8-asignacion-fosil-mas-antigua-localizada-por-nodo.csv:fila 18:quién discute la atribución; data/auditoria/mapeo_celdas_afirmaciones.csv:data/tablas/05/table-34-5-8-asignacion-fosil-mas-antigua-localizada-por-nodo.csv|18|quién discute la atribución; data/afirmaciones/05.csv:C-737 Corrección de autor v3: valor positivo retirado tras rerevisión; hueco nominal pendiente de nueva revisión independiente."
"data/tablas/05/table-34-5-8-asignacion-fosil-mas-antigua-localizada-por-nodo.csv","18","argumento de discusión","f94d99d45fea55e480efd44febce362236dbc87f5e3fc99419dcc2dcfc1f81c3","núcleos y germinación favorecen quistes holozoos; diferenciación germen–soma cuestiona exclusividad unicelular; series ontogenéticas apoyan alternativa algal","C-737","C-2641","Codex D (segunda revisión independiente)","Las C enlazadas no cubren todos los componentes de la celda (edad/método/oponente, interpretaciones rivales o detalle observacional); la equivalencia es solo parcial. Cotejo: C-737: Moczydłowska y colaboradores propusieron afinidades algales para varios acritarcos de Doushantuo, incluido material relacionado con Tianzhushania. Localizadores: data/tablas/05/table-34-5-8-asignacion-fosil-mas-antigua-localizada-por-nodo.csv:fila 18:argumento de discusión; data/auditoria/mapeo_celdas_afirmaciones.csv:data/tablas/05/table-34-5-8-asignacion-fosil-mas-antigua-localizada-por-nodo.csv|18|argumento de discusión; data/afirmaciones/05.csv:C-737"
"data/tablas/08/table-40-8-3-depredadores-holozoos-obazoa-holomycota-y-amoebozoa.csv","2","ecología documentada","afc9f08f34e9e53cc7599141d66b986d33c2933156645455a54e3117261be6f0","no hay valor publicado localizado en las afirmaciones recuperadas para su ecología natural [BN-118]","C-1985","C-2642","Codex D (segunda revisión independiente)","La C de glosa solo declara cobertura parcial o huecos agregados del catálogo; no identifica literalmente este objeto, fila y campo ni todos los detalles de la celda. Cotejo: C-1985: La búsqueda BN-118 cubrió nominalmente las 26 entradas organismales de las tablas 40 y 40a y no localizó ecología, alimentación, hospedador o socio, ciclo, genoma y cultivo para todas las combinaciones exigidas. Localizadores: data/tablas/08/table-40-8-3-depredadores-holozoos-obazoa-holomycota-y-amoebozoa.csv:fila 2:ecología documentada; data/auditoria/mapeo_celdas_afirmaciones.csv:data/tablas/08/table-40-8-3-depredadores-holozoos-obazoa-holomycota-y-amoebozoa.csv|2|ecología documentada; data/afirmaciones/15.csv:C-1985"
"data/tablas/08/table-40-8-3-depredadores-holozoos-obazoa-holomycota-y-amoebozoa.csv","2","hospedador o socio","a7d31205bed05db4133646679e3ea57aac2a80ddb8eedb80a67c5abd9c25cfdf","no hay hospedador o socio localizado en las afirmaciones recuperadas [BN-118]","C-1985","C-2643","Codex D (segunda revisión independiente)","La C de glosa solo declara cobertura parcial o huecos agregados del catálogo; no identifica literalmente este objeto, fila y campo ni todos los detalles de la celda. Cotejo: C-1985: La búsqueda BN-118 cubrió nominalmente las 26 entradas organismales de las tablas 40 y 40a y no localizó ecología, alimentación, hospedador o socio, ciclo, genoma y cultivo para todas las combinaciones exigidas. Localizadores: data/tablas/08/table-40-8-3-depredadores-holozoos-obazoa-holomycota-y-amoebozoa.csv:fila 2:hospedador o socio; data/auditoria/mapeo_celdas_afirmaciones.csv:data/tablas/08/table-40-8-3-depredadores-holozoos-obazoa-holomycota-y-amoebozoa.csv|2|hospedador o socio; data/afirmaciones/15.csv:C-1985"
"data/tablas/08/table-40-8-3-depredadores-holozoos-obazoa-holomycota-y-amoebozoa.csv","4","ecología documentada","b1cbc3f4801a3c53ce44228a7dc6e5eb72624e5fa61c0a6529a7f786242f2ee5","NO LOCALIZADO EN ESTA SESIÓN [BN-118]","C-1985","C-2644","Codex D (segunda revisión independiente)","La C de glosa solo declara cobertura parcial o huecos agregados del catálogo; no identifica literalmente este objeto, fila y campo ni todos los detalles de la celda. Cotejo: C-1985: La búsqueda BN-118 cubrió nominalmente las 26 entradas organismales de las tablas 40 y 40a y no localizó ecología, alimentación, hospedador o socio, ciclo, genoma y cultivo para todas las combinaciones exigidas. Localizadores: data/tablas/08/table-40-8-3-depredadores-holozoos-obazoa-holomycota-y-amoebozoa.csv:fila 4:ecología documentada; data/auditoria/mapeo_celdas_afirmaciones.csv:data/tablas/08/table-40-8-3-depredadores-holozoos-obazoa-holomycota-y-amoebozoa.csv|4|ecología documentada; data/afirmaciones/15.csv:C-1985"
"data/tablas/08/table-40-8-3-depredadores-holozoos-obazoa-holomycota-y-amoebozoa.csv","4","alimentación","b1cbc3f4801a3c53ce44228a7dc6e5eb72624e5fa61c0a6529a7f786242f2ee5","NO LOCALIZADO EN ESTA SESIÓN [BN-118]","C-1985","C-2645","Codex D (segunda revisión independiente)","La C de glosa solo declara cobertura parcial o huecos agregados del catálogo; no identifica literalmente este objeto, fila y campo ni todos los detalles de la celda. Cotejo: C-1985: La búsqueda BN-118 cubrió nominalmente las 26 entradas organismales de las tablas 40 y 40a y no localizó ecología, alimentación, hospedador o socio, ciclo, genoma y cultivo para todas las combinaciones exigidas. Localizadores: data/tablas/08/table-40-8-3-depredadores-holozoos-obazoa-holomycota-y-amoebozoa.csv:fila 4:alimentación; data/auditoria/mapeo_celdas_afirmaciones.csv:data/tablas/08/table-40-8-3-depredadores-holozoos-obazoa-holomycota-y-amoebozoa.csv|4|alimentación; data/afirmaciones/15.csv:C-1985"
"data/tablas/08/table-40-8-3-depredadores-holozoos-obazoa-holomycota-y-amoebozoa.csv","4","hospedador o socio","b1cbc3f4801a3c53ce44228a7dc6e5eb72624e5fa61c0a6529a7f786242f2ee5","NO LOCALIZADO EN ESTA SESIÓN [BN-118]","C-1985","C-2646","Codex D (segunda revisión independiente)","La C de glosa solo declara cobertura parcial o huecos agregados del catálogo; no identifica literalmente este objeto, fila y campo ni todos los detalles de la celda. Cotejo: C-1985: La búsqueda BN-118 cubrió nominalmente las 26 entradas organismales de las tablas 40 y 40a y no localizó ecología, alimentación, hospedador o socio, ciclo, genoma y cultivo para todas las combinaciones exigidas. Localizadores: data/tablas/08/table-40-8-3-depredadores-holozoos-obazoa-holomycota-y-amoebozoa.csv:fila 4:hospedador o socio; data/auditoria/mapeo_celdas_afirmaciones.csv:data/tablas/08/table-40-8-3-depredadores-holozoos-obazoa-holomycota-y-amoebozoa.csv|4|hospedador o socio; data/afirmaciones/15.csv:C-1985"
"data/tablas/08/table-40-8-3-depredadores-holozoos-obazoa-holomycota-y-amoebozoa.csv","5","alimentación","b1cbc3f4801a3c53ce44228a7dc6e5eb72624e5fa61c0a6529a7f786242f2ee5","NO LOCALIZADO EN ESTA SESIÓN [BN-118]","C-1985","C-2647","Codex D (segunda revisión independiente)","La C de glosa solo declara cobertura parcial o huecos agregados del catálogo; no identifica literalmente este objeto, fila y campo ni todos los detalles de la celda. Cotejo: C-1985: La búsqueda BN-118 cubrió nominalmente las 26 entradas organismales de las tablas 40 y 40a y no localizó ecología, alimentación, hospedador o socio, ciclo, genoma y cultivo para todas las combinaciones exigidas. Localizadores: data/tablas/08/table-40-8-3-depredadores-holozoos-obazoa-holomycota-y-amoebozoa.csv:fila 5:alimentación; data/auditoria/mapeo_celdas_afirmaciones.csv:data/tablas/08/table-40-8-3-depredadores-holozoos-obazoa-holomycota-y-amoebozoa.csv|5|alimentación; data/afirmaciones/15.csv:C-1985"
"data/tablas/08/table-40-8-3-depredadores-holozoos-obazoa-holomycota-y-amoebozoa.csv","6","hospedador o socio","b1cbc3f4801a3c53ce44228a7dc6e5eb72624e5fa61c0a6529a7f786242f2ee5","NO LOCALIZADO EN ESTA SESIÓN [BN-118]","C-1985","C-2648","Codex D (segunda revisión independiente)","La C de glosa solo declara cobertura parcial o huecos agregados del catálogo; no identifica literalmente este objeto, fila y campo ni todos los detalles de la celda. Cotejo: C-1985: La búsqueda BN-118 cubrió nominalmente las 26 entradas organismales de las tablas 40 y 40a y no localizó ecología, alimentación, hospedador o socio, ciclo, genoma y cultivo para todas las combinaciones exigidas. Localizadores: data/tablas/08/table-40-8-3-depredadores-holozoos-obazoa-holomycota-y-amoebozoa.csv:fila 6:hospedador o socio; data/auditoria/mapeo_celdas_afirmaciones.csv:data/tablas/08/table-40-8-3-depredadores-holozoos-obazoa-holomycota-y-amoebozoa.csv|6|hospedador o socio; data/afirmaciones/15.csv:C-1985"
"data/tablas/08/table-40-8-3-depredadores-holozoos-obazoa-holomycota-y-amoebozoa.csv","7","ecología documentada","b1cbc3f4801a3c53ce44228a7dc6e5eb72624e5fa61c0a6529a7f786242f2ee5","NO LOCALIZADO EN ESTA SESIÓN [BN-118]","C-1985","C-2649","Codex D (segunda revisión independiente)","La C de glosa solo declara cobertura parcial o huecos agregados del catálogo; no identifica literalmente este objeto, fila y campo ni todos los detalles de la celda. Cotejo: C-1985: La búsqueda BN-118 cubrió nominalmente las 26 entradas organismales de las tablas 40 y 40a y no localizó ecología, alimentación, hospedador o socio, ciclo, genoma y cultivo para todas las combinaciones exigidas. Localizadores: data/tablas/08/table-40-8-3-depredadores-holozoos-obazoa-holomycota-y-amoebozoa.csv:fila 7:ecología documentada; data/auditoria/mapeo_celdas_afirmaciones.csv:data/tablas/08/table-40-8-3-depredadores-holozoos-obazoa-holomycota-y-amoebozoa.csv|7|ecología documentada; data/afirmaciones/15.csv:C-1985"
"data/tablas/08/table-40-8-3-depredadores-holozoos-obazoa-holomycota-y-amoebozoa.csv","7","alimentación","b1cbc3f4801a3c53ce44228a7dc6e5eb72624e5fa61c0a6529a7f786242f2ee5","NO LOCALIZADO EN ESTA SESIÓN [BN-118]","C-1985","C-2650","Codex D (segunda revisión independiente)","La C de glosa solo declara cobertura parcial o huecos agregados del catálogo; no identifica literalmente este objeto, fila y campo ni todos los detalles de la celda. Cotejo: C-1985: La búsqueda BN-118 cubrió nominalmente las 26 entradas organismales de las tablas 40 y 40a y no localizó ecología, alimentación, hospedador o socio, ciclo, genoma y cultivo para todas las combinaciones exigidas. Localizadores: data/tablas/08/table-40-8-3-depredadores-holozoos-obazoa-holomycota-y-amoebozoa.csv:fila 7:alimentación; data/auditoria/mapeo_celdas_afirmaciones.csv:data/tablas/08/table-40-8-3-depredadores-holozoos-obazoa-holomycota-y-amoebozoa.csv|7|alimentación; data/afirmaciones/15.csv:C-1985"
"data/tablas/08/table-40-8-3-depredadores-holozoos-obazoa-holomycota-y-amoebozoa.csv","7","hospedador o socio","b1cbc3f4801a3c53ce44228a7dc6e5eb72624e5fa61c0a6529a7f786242f2ee5","NO LOCALIZADO EN ESTA SESIÓN [BN-118]","C-1985","C-2651","Codex D (segunda revisión independiente)","La C de glosa solo declara cobertura parcial o huecos agregados del catálogo; no identifica literalmente este objeto, fila y campo ni todos los detalles de la celda. Cotejo: C-1985: La búsqueda BN-118 cubrió nominalmente las 26 entradas organismales de las tablas 40 y 40a y no localizó ecología, alimentación, hospedador o socio, ciclo, genoma y cultivo para todas las combinaciones exigidas. Localizadores: data/tablas/08/table-40-8-3-depredadores-holozoos-obazoa-holomycota-y-amoebozoa.csv:fila 7:hospedador o socio; data/auditoria/mapeo_celdas_afirmaciones.csv:data/tablas/08/table-40-8-3-depredadores-holozoos-obazoa-holomycota-y-amoebozoa.csv|7|hospedador o socio; data/afirmaciones/15.csv:C-1985"
"data/tablas/08/table-40-8-3-depredadores-holozoos-obazoa-holomycota-y-amoebozoa.csv","8","ecología documentada","b1cbc3f4801a3c53ce44228a7dc6e5eb72624e5fa61c0a6529a7f786242f2ee5","NO LOCALIZADO EN ESTA SESIÓN [BN-118]","C-1985","C-2652","Codex D (segunda revisión independiente)","La C de glosa solo declara cobertura parcial o huecos agregados del catálogo; no identifica literalmente este objeto, fila y campo ni todos los detalles de la celda. Cotejo: C-1985: La búsqueda BN-118 cubrió nominalmente las 26 entradas organismales de las tablas 40 y 40a y no localizó ecología, alimentación, hospedador o socio, ciclo, genoma y cultivo para todas las combinaciones exigidas. Localizadores: data/tablas/08/table-40-8-3-depredadores-holozoos-obazoa-holomycota-y-amoebozoa.csv:fila 8:ecología documentada; data/auditoria/mapeo_celdas_afirmaciones.csv:data/tablas/08/table-40-8-3-depredadores-holozoos-obazoa-holomycota-y-amoebozoa.csv|8|ecología documentada; data/afirmaciones/15.csv:C-1985"
"data/tablas/08/table-40-8-3-depredadores-holozoos-obazoa-holomycota-y-amoebozoa.csv","8","alimentación","b1cbc3f4801a3c53ce44228a7dc6e5eb72624e5fa61c0a6529a7f786242f2ee5","NO LOCALIZADO EN ESTA SESIÓN [BN-118]","C-1985","C-2653","Codex D (segunda revisión independiente)","La C de glosa solo declara cobertura parcial o huecos agregados del catálogo; no identifica literalmente este objeto, fila y campo ni todos los detalles de la celda. Cotejo: C-1985: La búsqueda BN-118 cubrió nominalmente las 26 entradas organismales de las tablas 40 y 40a y no localizó ecología, alimentación, hospedador o socio, ciclo, genoma y cultivo para todas las combinaciones exigidas. Localizadores: data/tablas/08/table-40-8-3-depredadores-holozoos-obazoa-holomycota-y-amoebozoa.csv:fila 8:alimentación; data/auditoria/mapeo_celdas_afirmaciones.csv:data/tablas/08/table-40-8-3-depredadores-holozoos-obazoa-holomycota-y-amoebozoa.csv|8|alimentación; data/afirmaciones/15.csv:C-1985"
"data/tablas/08/table-40-8-3-depredadores-holozoos-obazoa-holomycota-y-amoebozoa.csv","8","hospedador o socio","b1cbc3f4801a3c53ce44228a7dc6e5eb72624e5fa61c0a6529a7f786242f2ee5","NO LOCALIZADO EN ESTA SESIÓN [BN-118]","C-1985","C-2654","Codex D (segunda revisión independiente)","La C de glosa solo declara cobertura parcial o huecos agregados del catálogo; no identifica literalmente este objeto, fila y campo ni todos los detalles de la celda. Cotejo: C-1985: La búsqueda BN-118 cubrió nominalmente las 26 entradas organismales de las tablas 40 y 40a y no localizó ecología, alimentación, hospedador o socio, ciclo, genoma y cultivo para todas las combinaciones exigidas. Localizadores: data/tablas/08/table-40-8-3-depredadores-holozoos-obazoa-holomycota-y-amoebozoa.csv:fila 8:hospedador o socio; data/auditoria/mapeo_celdas_afirmaciones.csv:data/tablas/08/table-40-8-3-depredadores-holozoos-obazoa-holomycota-y-amoebozoa.csv|8|hospedador o socio; data/afirmaciones/15.csv:C-1985"
"data/tablas/08/table-40-8-3-depredadores-holozoos-obazoa-holomycota-y-amoebozoa.csv","9","alimentación","b1cbc3f4801a3c53ce44228a7dc6e5eb72624e5fa61c0a6529a7f786242f2ee5","NO LOCALIZADO EN ESTA SESIÓN [BN-118]","C-1985","C-2655","Codex D (segunda revisión independiente)","La C de glosa solo declara cobertura parcial o huecos agregados del catálogo; no identifica literalmente este objeto, fila y campo ni todos los detalles de la celda. Cotejo: C-1985: La búsqueda BN-118 cubrió nominalmente las 26 entradas organismales de las tablas 40 y 40a y no localizó ecología, alimentación, hospedador o socio, ciclo, genoma y cultivo para todas las combinaciones exigidas. Localizadores: data/tablas/08/table-40-8-3-depredadores-holozoos-obazoa-holomycota-y-amoebozoa.csv:fila 9:alimentación; data/auditoria/mapeo_celdas_afirmaciones.csv:data/tablas/08/table-40-8-3-depredadores-holozoos-obazoa-holomycota-y-amoebozoa.csv|9|alimentación; data/afirmaciones/15.csv:C-1985"
"data/tablas/08/table-40-8-3-depredadores-holozoos-obazoa-holomycota-y-amoebozoa.csv","10","alimentación","b1cbc3f4801a3c53ce44228a7dc6e5eb72624e5fa61c0a6529a7f786242f2ee5","NO LOCALIZADO EN ESTA SESIÓN [BN-118]","C-1985","C-2656","Codex D (segunda revisión independiente)","La C de glosa solo declara cobertura parcial o huecos agregados del catálogo; no identifica literalmente este objeto, fila y campo ni todos los detalles de la celda. Cotejo: C-1985: La búsqueda BN-118 cubrió nominalmente las 26 entradas organismales de las tablas 40 y 40a y no localizó ecología, alimentación, hospedador o socio, ciclo, genoma y cultivo para todas las combinaciones exigidas. Localizadores: data/tablas/08/table-40-8-3-depredadores-holozoos-obazoa-holomycota-y-amoebozoa.csv:fila 10:alimentación; data/auditoria/mapeo_celdas_afirmaciones.csv:data/tablas/08/table-40-8-3-depredadores-holozoos-obazoa-holomycota-y-amoebozoa.csv|10|alimentación; data/afirmaciones/15.csv:C-1985"
"data/tablas/08/table-40-8-3-depredadores-holozoos-obazoa-holomycota-y-amoebozoa.csv","11","hospedador o socio","b1cbc3f4801a3c53ce44228a7dc6e5eb72624e5fa61c0a6529a7f786242f2ee5","NO LOCALIZADO EN ESTA SESIÓN [BN-118]","C-1985","C-2657","Codex D (segunda revisión independiente)","La C de glosa solo declara cobertura parcial o huecos agregados del catálogo; no identifica literalmente este objeto, fila y campo ni todos los detalles de la celda. Cotejo: C-1985: La búsqueda BN-118 cubrió nominalmente las 26 entradas organismales de las tablas 40 y 40a y no localizó ecología, alimentación, hospedador o socio, ciclo, genoma y cultivo para todas las combinaciones exigidas. Localizadores: data/tablas/08/table-40-8-3-depredadores-holozoos-obazoa-holomycota-y-amoebozoa.csv:fila 11:hospedador o socio; data/auditoria/mapeo_celdas_afirmaciones.csv:data/tablas/08/table-40-8-3-depredadores-holozoos-obazoa-holomycota-y-amoebozoa.csv|11|hospedador o socio; data/afirmaciones/15.csv:C-1985"
"data/tablas/08/table-40-8-3-depredadores-holozoos-obazoa-holomycota-y-amoebozoa.csv","12","ecología documentada","b1cbc3f4801a3c53ce44228a7dc6e5eb72624e5fa61c0a6529a7f786242f2ee5","NO LOCALIZADO EN ESTA SESIÓN [BN-118]","C-1985","C-2658","Codex D (segunda revisión independiente)","La C de glosa solo declara cobertura parcial o huecos agregados del catálogo; no identifica literalmente este objeto, fila y campo ni todos los detalles de la celda. Cotejo: C-1985: La búsqueda BN-118 cubrió nominalmente las 26 entradas organismales de las tablas 40 y 40a y no localizó ecología, alimentación, hospedador o socio, ciclo, genoma y cultivo para todas las combinaciones exigidas. Localizadores: data/tablas/08/table-40-8-3-depredadores-holozoos-obazoa-holomycota-y-amoebozoa.csv:fila 12:ecología documentada; data/auditoria/mapeo_celdas_afirmaciones.csv:data/tablas/08/table-40-8-3-depredadores-holozoos-obazoa-holomycota-y-amoebozoa.csv|12|ecología documentada; data/afirmaciones/15.csv:C-1985"
"data/tablas/08/table-40-8-3-depredadores-holozoos-obazoa-holomycota-y-amoebozoa.csv","12","hospedador o socio","b1cbc3f4801a3c53ce44228a7dc6e5eb72624e5fa61c0a6529a7f786242f2ee5","NO LOCALIZADO EN ESTA SESIÓN [BN-118]","C-1985","C-2659","Codex D (segunda revisión independiente)","La C de glosa solo declara cobertura parcial o huecos agregados del catálogo; no identifica literalmente este objeto, fila y campo ni todos los detalles de la celda. Cotejo: C-1985: La búsqueda BN-118 cubrió nominalmente las 26 entradas organismales de las tablas 40 y 40a y no localizó ecología, alimentación, hospedador o socio, ciclo, genoma y cultivo para todas las combinaciones exigidas. Localizadores: data/tablas/08/table-40-8-3-depredadores-holozoos-obazoa-holomycota-y-amoebozoa.csv:fila 12:hospedador o socio; data/auditoria/mapeo_celdas_afirmaciones.csv:data/tablas/08/table-40-8-3-depredadores-holozoos-obazoa-holomycota-y-amoebozoa.csv|12|hospedador o socio; data/afirmaciones/15.csv:C-1985"
"data/tablas/08/table-40-8-3-depredadores-holozoos-obazoa-holomycota-y-amoebozoa.csv","13","ecología documentada","afc9f08f34e9e53cc7599141d66b986d33c2933156645455a54e3117261be6f0","no hay valor publicado localizado en las afirmaciones recuperadas para su ecología natural [BN-118]","C-1985","C-2660","Codex D (segunda revisión independiente)","La C de glosa solo declara cobertura parcial o huecos agregados del catálogo; no identifica literalmente este objeto, fila y campo ni todos los detalles de la celda. Cotejo: C-1985: La búsqueda BN-118 cubrió nominalmente las 26 entradas organismales de las tablas 40 y 40a y no localizó ecología, alimentación, hospedador o socio, ciclo, genoma y cultivo para todas las combinaciones exigidas. Localizadores: data/tablas/08/table-40-8-3-depredadores-holozoos-obazoa-holomycota-y-amoebozoa.csv:fila 13:ecología documentada; data/auditoria/mapeo_celdas_afirmaciones.csv:data/tablas/08/table-40-8-3-depredadores-holozoos-obazoa-holomycota-y-amoebozoa.csv|13|ecología documentada; data/afirmaciones/15.csv:C-1985"
"data/tablas/08/table-40-8-3-depredadores-holozoos-obazoa-holomycota-y-amoebozoa.csv","13","hospedador o socio","a7d31205bed05db4133646679e3ea57aac2a80ddb8eedb80a67c5abd9c25cfdf","no hay hospedador o socio localizado en las afirmaciones recuperadas [BN-118]","C-1985","C-2661","Codex D (segunda revisión independiente)","La C de glosa solo declara cobertura parcial o huecos agregados del catálogo; no identifica literalmente este objeto, fila y campo ni todos los detalles de la celda. Cotejo: C-1985: La búsqueda BN-118 cubrió nominalmente las 26 entradas organismales de las tablas 40 y 40a y no localizó ecología, alimentación, hospedador o socio, ciclo, genoma y cultivo para todas las combinaciones exigidas. Localizadores: data/tablas/08/table-40-8-3-depredadores-holozoos-obazoa-holomycota-y-amoebozoa.csv:fila 13:hospedador o socio; data/auditoria/mapeo_celdas_afirmaciones.csv:data/tablas/08/table-40-8-3-depredadores-holozoos-obazoa-holomycota-y-amoebozoa.csv|13|hospedador o socio; data/afirmaciones/15.csv:C-1985"
"data/tablas/08/table-40-8-3-depredadores-holozoos-obazoa-holomycota-y-amoebozoa.csv","13","ciclo/forma","0731425dae021a0c5628121d835fe1677669a6742f28db5b868bb6d28f47a2a4","no hay ciclo o forma adicional localizado en las afirmaciones recuperadas [BN-118]","C-1985","C-2662","Codex D (segunda revisión independiente)","La C de glosa solo declara cobertura parcial o huecos agregados del catálogo; no identifica literalmente este objeto, fila y campo ni todos los detalles de la celda. Cotejo: C-1985: La búsqueda BN-118 cubrió nominalmente las 26 entradas organismales de las tablas 40 y 40a y no localizó ecología, alimentación, hospedador o socio, ciclo, genoma y cultivo para todas las combinaciones exigidas. Localizadores: data/tablas/08/table-40-8-3-depredadores-holozoos-obazoa-holomycota-y-amoebozoa.csv:fila 13:ciclo/forma; data/auditoria/mapeo_celdas_afirmaciones.csv:data/tablas/08/table-40-8-3-depredadores-holozoos-obazoa-holomycota-y-amoebozoa.csv|13|ciclo/forma; data/afirmaciones/15.csv:C-1985"
"data/tablas/08/table-40-8-3-depredadores-holozoos-obazoa-holomycota-y-amoebozoa.csv","14","ecología documentada","b1cbc3f4801a3c53ce44228a7dc6e5eb72624e5fa61c0a6529a7f786242f2ee5","NO LOCALIZADO EN ESTA SESIÓN [BN-118]","C-1985","C-2663","Codex D (segunda revisión independiente)","La C de glosa solo declara cobertura parcial o huecos agregados del catálogo; no identifica literalmente este objeto, fila y campo ni todos los detalles de la celda. Cotejo: C-1985: La búsqueda BN-118 cubrió nominalmente las 26 entradas organismales de las tablas 40 y 40a y no localizó ecología, alimentación, hospedador o socio, ciclo, genoma y cultivo para todas las combinaciones exigidas. Localizadores: data/tablas/08/table-40-8-3-depredadores-holozoos-obazoa-holomycota-y-amoebozoa.csv:fila 14:ecología documentada; data/auditoria/mapeo_celdas_afirmaciones.csv:data/tablas/08/table-40-8-3-depredadores-holozoos-obazoa-holomycota-y-amoebozoa.csv|14|ecología documentada; data/afirmaciones/15.csv:C-1985"
"data/tablas/08/table-40-8-3-depredadores-holozoos-obazoa-holomycota-y-amoebozoa.csv","14","hospedador o socio","b1cbc3f4801a3c53ce44228a7dc6e5eb72624e5fa61c0a6529a7f786242f2ee5","NO LOCALIZADO EN ESTA SESIÓN [BN-118]","C-1985","C-2664","Codex D (segunda revisión independiente)","La C de glosa solo declara cobertura parcial o huecos agregados del catálogo; no identifica literalmente este objeto, fila y campo ni todos los detalles de la celda. Cotejo: C-1985: La búsqueda BN-118 cubrió nominalmente las 26 entradas organismales de las tablas 40 y 40a y no localizó ecología, alimentación, hospedador o socio, ciclo, genoma y cultivo para todas las combinaciones exigidas. Localizadores: data/tablas/08/table-40-8-3-depredadores-holozoos-obazoa-holomycota-y-amoebozoa.csv:fila 14:hospedador o socio; data/auditoria/mapeo_celdas_afirmaciones.csv:data/tablas/08/table-40-8-3-depredadores-holozoos-obazoa-holomycota-y-amoebozoa.csv|14|hospedador o socio; data/afirmaciones/15.csv:C-1985"
"data/tablas/08/table-40-8-3-depredadores-holozoos-obazoa-holomycota-y-amoebozoa.csv","15","ciclo/forma","b1cbc3f4801a3c53ce44228a7dc6e5eb72624e5fa61c0a6529a7f786242f2ee5","NO LOCALIZADO EN ESTA SESIÓN [BN-118]","C-1985","C-2665","Codex D (segunda revisión independiente)","La C de glosa solo declara cobertura parcial o huecos agregados del catálogo; no identifica literalmente este objeto, fila y campo ni todos los detalles de la celda. Cotejo: C-1985: La búsqueda BN-118 cubrió nominalmente las 26 entradas organismales de las tablas 40 y 40a y no localizó ecología, alimentación, hospedador o socio, ciclo, genoma y cultivo para todas las combinaciones exigidas. Localizadores: data/tablas/08/table-40-8-3-depredadores-holozoos-obazoa-holomycota-y-amoebozoa.csv:fila 15:ciclo/forma; data/auditoria/mapeo_celdas_afirmaciones.csv:data/tablas/08/table-40-8-3-depredadores-holozoos-obazoa-holomycota-y-amoebozoa.csv|15|ciclo/forma; data/afirmaciones/15.csv:C-1985"
"data/tablas/08/table-40-8-3-depredadores-holozoos-obazoa-holomycota-y-amoebozoa.csv","16","hospedador o socio","b1cbc3f4801a3c53ce44228a7dc6e5eb72624e5fa61c0a6529a7f786242f2ee5","NO LOCALIZADO EN ESTA SESIÓN [BN-118]","C-1985","C-2666","Codex D (segunda revisión independiente)","La C de glosa solo declara cobertura parcial o huecos agregados del catálogo; no identifica literalmente este objeto, fila y campo ni todos los detalles de la celda. Cotejo: C-1985: La búsqueda BN-118 cubrió nominalmente las 26 entradas organismales de las tablas 40 y 40a y no localizó ecología, alimentación, hospedador o socio, ciclo, genoma y cultivo para todas las combinaciones exigidas. Localizadores: data/tablas/08/table-40-8-3-depredadores-holozoos-obazoa-holomycota-y-amoebozoa.csv:fila 16:hospedador o socio; data/auditoria/mapeo_celdas_afirmaciones.csv:data/tablas/08/table-40-8-3-depredadores-holozoos-obazoa-holomycota-y-amoebozoa.csv|16|hospedador o socio; data/afirmaciones/15.csv:C-1985"
"data/tablas/08/table-40-8-3-depredadores-holozoos-obazoa-holomycota-y-amoebozoa.csv","17","hospedador o socio","b1cbc3f4801a3c53ce44228a7dc6e5eb72624e5fa61c0a6529a7f786242f2ee5","NO LOCALIZADO EN ESTA SESIÓN [BN-118]","C-1985","C-2667","Codex D (segunda revisión independiente)","La C de glosa solo declara cobertura parcial o huecos agregados del catálogo; no identifica literalmente este objeto, fila y campo ni todos los detalles de la celda. Cotejo: C-1985: La búsqueda BN-118 cubrió nominalmente las 26 entradas organismales de las tablas 40 y 40a y no localizó ecología, alimentación, hospedador o socio, ciclo, genoma y cultivo para todas las combinaciones exigidas. Localizadores: data/tablas/08/table-40-8-3-depredadores-holozoos-obazoa-holomycota-y-amoebozoa.csv:fila 17:hospedador o socio; data/auditoria/mapeo_celdas_afirmaciones.csv:data/tablas/08/table-40-8-3-depredadores-holozoos-obazoa-holomycota-y-amoebozoa.csv|17|hospedador o socio; data/afirmaciones/15.csv:C-1985"
"data/tablas/08/table-40-8-3-depredadores-holozoos-obazoa-holomycota-y-amoebozoa.csv","18","hospedador o socio","b1cbc3f4801a3c53ce44228a7dc6e5eb72624e5fa61c0a6529a7f786242f2ee5","NO LOCALIZADO EN ESTA SESIÓN [BN-118]","C-1985","C-2668","Codex D (segunda revisión independiente)","La C de glosa solo declara cobertura parcial o huecos agregados del catálogo; no identifica literalmente este objeto, fila y campo ni todos los detalles de la celda. Cotejo: C-1985: La búsqueda BN-118 cubrió nominalmente las 26 entradas organismales de las tablas 40 y 40a y no localizó ecología, alimentación, hospedador o socio, ciclo, genoma y cultivo para todas las combinaciones exigidas. Localizadores: data/tablas/08/table-40-8-3-depredadores-holozoos-obazoa-holomycota-y-amoebozoa.csv:fila 18:hospedador o socio; data/auditoria/mapeo_celdas_afirmaciones.csv:data/tablas/08/table-40-8-3-depredadores-holozoos-obazoa-holomycota-y-amoebozoa.csv|18|hospedador o socio; data/afirmaciones/15.csv:C-1985"
"data/tablas/08/table-40-8-3-depredadores-holozoos-obazoa-holomycota-y-amoebozoa.csv","19","ecología documentada","b1cbc3f4801a3c53ce44228a7dc6e5eb72624e5fa61c0a6529a7f786242f2ee5","NO LOCALIZADO EN ESTA SESIÓN [BN-118]","C-1985","C-2669","Codex D (segunda revisión independiente)","La C de glosa solo declara cobertura parcial o huecos agregados del catálogo; no identifica literalmente este objeto, fila y campo ni todos los detalles de la celda. Cotejo: C-1985: La búsqueda BN-118 cubrió nominalmente las 26 entradas organismales de las tablas 40 y 40a y no localizó ecología, alimentación, hospedador o socio, ciclo, genoma y cultivo para todas las combinaciones exigidas. Localizadores: data/tablas/08/table-40-8-3-depredadores-holozoos-obazoa-holomycota-y-amoebozoa.csv:fila 19:ecología documentada; data/auditoria/mapeo_celdas_afirmaciones.csv:data/tablas/08/table-40-8-3-depredadores-holozoos-obazoa-holomycota-y-amoebozoa.csv|19|ecología documentada; data/afirmaciones/15.csv:C-1985"
"data/tablas/08/table-40-8-3-depredadores-holozoos-obazoa-holomycota-y-amoebozoa.csv","19","alimentación","b1cbc3f4801a3c53ce44228a7dc6e5eb72624e5fa61c0a6529a7f786242f2ee5","NO LOCALIZADO EN ESTA SESIÓN [BN-118]","C-1985","C-2670","Codex D (segunda revisión independiente)","La C de glosa solo declara cobertura parcial o huecos agregados del catálogo; no identifica literalmente este objeto, fila y campo ni todos los detalles de la celda. Cotejo: C-1985: La búsqueda BN-118 cubrió nominalmente las 26 entradas organismales de las tablas 40 y 40a y no localizó ecología, alimentación, hospedador o socio, ciclo, genoma y cultivo para todas las combinaciones exigidas. Localizadores: data/tablas/08/table-40-8-3-depredadores-holozoos-obazoa-holomycota-y-amoebozoa.csv:fila 19:alimentación; data/auditoria/mapeo_celdas_afirmaciones.csv:data/tablas/08/table-40-8-3-depredadores-holozoos-obazoa-holomycota-y-amoebozoa.csv|19|alimentación; data/afirmaciones/15.csv:C-1985"
"data/tablas/08/table-40-8-3-depredadores-holozoos-obazoa-holomycota-y-amoebozoa.csv","19","hospedador o socio","b1cbc3f4801a3c53ce44228a7dc6e5eb72624e5fa61c0a6529a7f786242f2ee5","NO LOCALIZADO EN ESTA SESIÓN [BN-118]","C-1985","C-2671","Codex D (segunda revisión independiente)","La C de glosa solo declara cobertura parcial o huecos agregados del catálogo; no identifica literalmente este objeto, fila y campo ni todos los detalles de la celda. Cotejo: C-1985: La búsqueda BN-118 cubrió nominalmente las 26 entradas organismales de las tablas 40 y 40a y no localizó ecología, alimentación, hospedador o socio, ciclo, genoma y cultivo para todas las combinaciones exigidas. Localizadores: data/tablas/08/table-40-8-3-depredadores-holozoos-obazoa-holomycota-y-amoebozoa.csv:fila 19:hospedador o socio; data/auditoria/mapeo_celdas_afirmaciones.csv:data/tablas/08/table-40-8-3-depredadores-holozoos-obazoa-holomycota-y-amoebozoa.csv|19|hospedador o socio; data/afirmaciones/15.csv:C-1985"
"data/tablas/08/table-40-8-3-depredadores-holozoos-obazoa-holomycota-y-amoebozoa.csv","20","ecología documentada","b1cbc3f4801a3c53ce44228a7dc6e5eb72624e5fa61c0a6529a7f786242f2ee5","NO LOCALIZADO EN ESTA SESIÓN [BN-118]","C-1985","C-2672","Codex D (segunda revisión independiente)","La C de glosa solo declara cobertura parcial o huecos agregados del catálogo; no identifica literalmente este objeto, fila y campo ni todos los detalles de la celda. Cotejo: C-1985: La búsqueda BN-118 cubrió nominalmente las 26 entradas organismales de las tablas 40 y 40a y no localizó ecología, alimentación, hospedador o socio, ciclo, genoma y cultivo para todas las combinaciones exigidas. Localizadores: data/tablas/08/table-40-8-3-depredadores-holozoos-obazoa-holomycota-y-amoebozoa.csv:fila 20:ecología documentada; data/auditoria/mapeo_celdas_afirmaciones.csv:data/tablas/08/table-40-8-3-depredadores-holozoos-obazoa-holomycota-y-amoebozoa.csv|20|ecología documentada; data/afirmaciones/15.csv:C-1985"
"data/tablas/08/table-40-8-3-depredadores-holozoos-obazoa-holomycota-y-amoebozoa.csv","20","ciclo/forma","b1cbc3f4801a3c53ce44228a7dc6e5eb72624e5fa61c0a6529a7f786242f2ee5","NO LOCALIZADO EN ESTA SESIÓN [BN-118]","C-1985","C-2673","Codex D (segunda revisión independiente)","La C de glosa solo declara cobertura parcial o huecos agregados del catálogo; no identifica literalmente este objeto, fila y campo ni todos los detalles de la celda. Cotejo: C-1985: La búsqueda BN-118 cubrió nominalmente las 26 entradas organismales de las tablas 40 y 40a y no localizó ecología, alimentación, hospedador o socio, ciclo, genoma y cultivo para todas las combinaciones exigidas. Localizadores: data/tablas/08/table-40-8-3-depredadores-holozoos-obazoa-holomycota-y-amoebozoa.csv:fila 20:ciclo/forma; data/auditoria/mapeo_celdas_afirmaciones.csv:data/tablas/08/table-40-8-3-depredadores-holozoos-obazoa-holomycota-y-amoebozoa.csv|20|ciclo/forma; data/afirmaciones/15.csv:C-1985"
"data/tablas/08/table-40-8-3-depredadores-holozoos-obazoa-holomycota-y-amoebozoa.csv","23","ciclo/forma","b1cbc3f4801a3c53ce44228a7dc6e5eb72624e5fa61c0a6529a7f786242f2ee5","NO LOCALIZADO EN ESTA SESIÓN [BN-118]","C-1985","C-2674","Codex D (segunda revisión independiente)","La C de glosa solo declara cobertura parcial o huecos agregados del catálogo; no identifica literalmente este objeto, fila y campo ni todos los detalles de la celda. Cotejo: C-1985: La búsqueda BN-118 cubrió nominalmente las 26 entradas organismales de las tablas 40 y 40a y no localizó ecología, alimentación, hospedador o socio, ciclo, genoma y cultivo para todas las combinaciones exigidas. Localizadores: data/tablas/08/table-40-8-3-depredadores-holozoos-obazoa-holomycota-y-amoebozoa.csv:fila 23:ciclo/forma; data/auditoria/mapeo_celdas_afirmaciones.csv:data/tablas/08/table-40-8-3-depredadores-holozoos-obazoa-holomycota-y-amoebozoa.csv|23|ciclo/forma; data/afirmaciones/15.csv:C-1985"
"data/tablas/08/table-40-8-3-depredadores-holozoos-obazoa-holomycota-y-amoebozoa.csv","24","ecología documentada","b1cbc3f4801a3c53ce44228a7dc6e5eb72624e5fa61c0a6529a7f786242f2ee5","NO LOCALIZADO EN ESTA SESIÓN [BN-118]","C-1985","C-2675","Codex D (segunda revisión independiente)","La C de glosa solo declara cobertura parcial o huecos agregados del catálogo; no identifica literalmente este objeto, fila y campo ni todos los detalles de la celda. Cotejo: C-1985: La búsqueda BN-118 cubrió nominalmente las 26 entradas organismales de las tablas 40 y 40a y no localizó ecología, alimentación, hospedador o socio, ciclo, genoma y cultivo para todas las combinaciones exigidas. Localizadores: data/tablas/08/table-40-8-3-depredadores-holozoos-obazoa-holomycota-y-amoebozoa.csv:fila 24:ecología documentada; data/auditoria/mapeo_celdas_afirmaciones.csv:data/tablas/08/table-40-8-3-depredadores-holozoos-obazoa-holomycota-y-amoebozoa.csv|24|ecología documentada; data/afirmaciones/15.csv:C-1985"
"data/tablas/08/table-40-8-3-depredadores-holozoos-obazoa-holomycota-y-amoebozoa.csv","24","alimentación","b1cbc3f4801a3c53ce44228a7dc6e5eb72624e5fa61c0a6529a7f786242f2ee5","NO LOCALIZADO EN ESTA SESIÓN [BN-118]","C-1985","C-2676","Codex D (segunda revisión independiente)","La C de glosa solo declara cobertura parcial o huecos agregados del catálogo; no identifica literalmente este objeto, fila y campo ni todos los detalles de la celda. Cotejo: C-1985: La búsqueda BN-118 cubrió nominalmente las 26 entradas organismales de las tablas 40 y 40a y no localizó ecología, alimentación, hospedador o socio, ciclo, genoma y cultivo para todas las combinaciones exigidas. Localizadores: data/tablas/08/table-40-8-3-depredadores-holozoos-obazoa-holomycota-y-amoebozoa.csv:fila 24:alimentación; data/auditoria/mapeo_celdas_afirmaciones.csv:data/tablas/08/table-40-8-3-depredadores-holozoos-obazoa-holomycota-y-amoebozoa.csv|24|alimentación; data/afirmaciones/15.csv:C-1985"
"data/tablas/08/table-40-8-3-depredadores-holozoos-obazoa-holomycota-y-amoebozoa.csv","24","hospedador o socio","b1cbc3f4801a3c53ce44228a7dc6e5eb72624e5fa61c0a6529a7f786242f2ee5","NO LOCALIZADO EN ESTA SESIÓN [BN-118]","C-1985","C-2677","Codex D (segunda revisión independiente)","La C de glosa solo declara cobertura parcial o huecos agregados del catálogo; no identifica literalmente este objeto, fila y campo ni todos los detalles de la celda. Cotejo: C-1985: La búsqueda BN-118 cubrió nominalmente las 26 entradas organismales de las tablas 40 y 40a y no localizó ecología, alimentación, hospedador o socio, ciclo, genoma y cultivo para todas las combinaciones exigidas. Localizadores: data/tablas/08/table-40-8-3-depredadores-holozoos-obazoa-holomycota-y-amoebozoa.csv:fila 24:hospedador o socio; data/auditoria/mapeo_celdas_afirmaciones.csv:data/tablas/08/table-40-8-3-depredadores-holozoos-obazoa-holomycota-y-amoebozoa.csv|24|hospedador o socio; data/afirmaciones/15.csv:C-1985"
"data/tablas/08/table-40-8-3-depredadores-holozoos-obazoa-holomycota-y-amoebozoa.csv","25","ecología documentada","b1cbc3f4801a3c53ce44228a7dc6e5eb72624e5fa61c0a6529a7f786242f2ee5","NO LOCALIZADO EN ESTA SESIÓN [BN-118]","C-1985","C-2678","Codex D (segunda revisión independiente)","La C de glosa solo declara cobertura parcial o huecos agregados del catálogo; no identifica literalmente este objeto, fila y campo ni todos los detalles de la celda. Cotejo: C-1985: La búsqueda BN-118 cubrió nominalmente las 26 entradas organismales de las tablas 40 y 40a y no localizó ecología, alimentación, hospedador o socio, ciclo, genoma y cultivo para todas las combinaciones exigidas. Localizadores: data/tablas/08/table-40-8-3-depredadores-holozoos-obazoa-holomycota-y-amoebozoa.csv:fila 25:ecología documentada; data/auditoria/mapeo_celdas_afirmaciones.csv:data/tablas/08/table-40-8-3-depredadores-holozoos-obazoa-holomycota-y-amoebozoa.csv|25|ecología documentada; data/afirmaciones/15.csv:C-1985"
"data/tablas/08/table-40-8-3-depredadores-holozoos-obazoa-holomycota-y-amoebozoa.csv","25","ciclo/forma","b1cbc3f4801a3c53ce44228a7dc6e5eb72624e5fa61c0a6529a7f786242f2ee5","NO LOCALIZADO EN ESTA SESIÓN [BN-118]","C-1985","C-2679","Codex D (segunda revisión independiente)","La C de glosa solo declara cobertura parcial o huecos agregados del catálogo; no identifica literalmente este objeto, fila y campo ni todos los detalles de la celda. Cotejo: C-1985: La búsqueda BN-118 cubrió nominalmente las 26 entradas organismales de las tablas 40 y 40a y no localizó ecología, alimentación, hospedador o socio, ciclo, genoma y cultivo para todas las combinaciones exigidas. Localizadores: data/tablas/08/table-40-8-3-depredadores-holozoos-obazoa-holomycota-y-amoebozoa.csv:fila 25:ciclo/forma; data/auditoria/mapeo_celdas_afirmaciones.csv:data/tablas/08/table-40-8-3-depredadores-holozoos-obazoa-holomycota-y-amoebozoa.csv|25|ciclo/forma; data/afirmaciones/15.csv:C-1985"
"data/tablas/08/table-40-8-3-depredadores-holozoos-obazoa-holomycota-y-amoebozoa.csv","27","alimentación","b1cbc3f4801a3c53ce44228a7dc6e5eb72624e5fa61c0a6529a7f786242f2ee5","NO LOCALIZADO EN ESTA SESIÓN [BN-118]","C-1985","C-2680","Codex D (segunda revisión independiente)","La C de glosa solo declara cobertura parcial o huecos agregados del catálogo; no identifica literalmente este objeto, fila y campo ni todos los detalles de la celda. Cotejo: C-1985: La búsqueda BN-118 cubrió nominalmente las 26 entradas organismales de las tablas 40 y 40a y no localizó ecología, alimentación, hospedador o socio, ciclo, genoma y cultivo para todas las combinaciones exigidas. Localizadores: data/tablas/08/table-40-8-3-depredadores-holozoos-obazoa-holomycota-y-amoebozoa.csv:fila 27:alimentación; data/auditoria/mapeo_celdas_afirmaciones.csv:data/tablas/08/table-40-8-3-depredadores-holozoos-obazoa-holomycota-y-amoebozoa.csv|27|alimentación; data/afirmaciones/15.csv:C-1985"
"data/tablas/08/table-40-8-3-depredadores-holozoos-obazoa-holomycota-y-amoebozoa.csv","27","hospedador o socio","b1cbc3f4801a3c53ce44228a7dc6e5eb72624e5fa61c0a6529a7f786242f2ee5","NO LOCALIZADO EN ESTA SESIÓN [BN-118]","C-1985","C-2681","Codex D (segunda revisión independiente)","La C de glosa solo declara cobertura parcial o huecos agregados del catálogo; no identifica literalmente este objeto, fila y campo ni todos los detalles de la celda. Cotejo: C-1985: La búsqueda BN-118 cubrió nominalmente las 26 entradas organismales de las tablas 40 y 40a y no localizó ecología, alimentación, hospedador o socio, ciclo, genoma y cultivo para todas las combinaciones exigidas. Localizadores: data/tablas/08/table-40-8-3-depredadores-holozoos-obazoa-holomycota-y-amoebozoa.csv:fila 27:hospedador o socio; data/auditoria/mapeo_celdas_afirmaciones.csv:data/tablas/08/table-40-8-3-depredadores-holozoos-obazoa-holomycota-y-amoebozoa.csv|27|hospedador o socio; data/afirmaciones/15.csv:C-1985"
"data/tablas/09/table-43-9-4-1-fichas-comparativas-por-grado-de-integracion.csv","2","antigüedad estimada del inicio","1436becb5ed6dc141426168eb9d3857e4595b1ee72e8eed4d56c00f157d5a0c0","NO LOCALIZADO EN ESTA SESIÓN para el inicio de la asociación","C-1987","C-2682","Codex D (segunda revisión independiente)","La C de glosa solo declara cobertura parcial o huecos agregados del catálogo; no identifica literalmente este objeto, fila y campo ni todos los detalles de la celda. Cotejo: C-1987: La búsqueda BN-134 localizó antigüedad de inicio y tamaño genómico solo para subconjuntos del catálogo de asociaciones de la tabla 43, no para cada asociación bajo un método y comparando homogéneos. Localizadores: data/tablas/09/table-43-9-4-1-fichas-comparativas-por-grado-de-integracion.csv:fila 2:antigüedad estimada del inicio; data/auditoria/mapeo_celdas_afirmaciones.csv:data/tablas/09/table-43-9-4-1-fichas-comparativas-por-grado-de-integracion.csv|2|antigüedad estimada del inicio; data/afirmaciones/15.csv:C-1987"
"data/tablas/09/table-43-9-4-1-fichas-comparativas-por-grado-de-integracion.csv","2","genoma del socio comparado con parientes de vida libre","cb9c2ab2a90f6940708f47afee6138d478c4f9dc652d680824b8018e3bc7bcbc","HUECO DE TRAZABILIDAD: la consulta literal exacta del valor anterior no produjo coincidencias en los artefactos de fuentes/; no se adjudica un valor para este campo [BN-455]","C-1005","C-2683","Codex D (segunda revisión independiente)","La C describe la asociación o un rasgo positivo, pero la celda añade campos negativos (transmisión, genoma, EGT/importación, obligación, fecha o comparación) sin C literal. Cotejo: C-1005: El sistema Lenisia–Arcobacter ilustra una asociación externa basada en eliminación de productos reductores. Localizadores: data/tablas/09/table-43-9-4-1-fichas-comparativas-por-grado-de-integracion.csv:fila 2:genoma del socio comparado con parientes de vida libre; data/auditoria/mapeo_celdas_afirmaciones.csv:data/tablas/09/table-43-9-4-1-fichas-comparativas-por-grado-de-integracion.csv|2|genoma del socio comparado con parientes de vida libre; data/afirmaciones/09.csv:C-1005 Corrección de autor v3: valor positivo retirado tras rerevisión; hueco nominal pendiente de nueva revisión independiente."
"data/tablas/09/table-43-9-4-1-fichas-comparativas-por-grado-de-integracion.csv","2","EGT al núcleo; importación de proteínas de vuelta","907e2284ba00a65963c5ddbe4b1cb6faecb8aeab2b785a49d098cc49ffe11711","HUECO DE TRAZABILIDAD: la consulta literal exacta del valor anterior no produjo coincidencias en los artefactos de fuentes/; no se adjudica un valor para este campo [BN-456]","C-1005","C-2684","Codex D (segunda revisión independiente)","La C describe la asociación o un rasgo positivo, pero la celda añade campos negativos (transmisión, genoma, EGT/importación, obligación, fecha o comparación) sin C literal. Cotejo: C-1005: El sistema Lenisia–Arcobacter ilustra una asociación externa basada en eliminación de productos reductores. Localizadores: data/tablas/09/table-43-9-4-1-fichas-comparativas-por-grado-de-integracion.csv:fila 2:EGT al núcleo; importación de proteínas de vuelta; data/auditoria/mapeo_celdas_afirmaciones.csv:data/tablas/09/table-43-9-4-1-fichas-comparativas-por-grado-de-integracion.csv|2|EGT al núcleo; importación de proteínas de vuelta; data/afirmaciones/09.csv:C-1005 Corrección de autor v3: valor positivo retirado tras rerevisión; hueco nominal pendiente de nueva revisión independiente."
"data/tablas/09/table-43-9-4-1-fichas-comparativas-por-grado-de-integracion.csv","2","estado obligado, facultativo o reversible","49464834bca2fc2331c7c7e4e4ca7bcf35e3e02e5ebfab94c81fcacef8befe19","HUECO DE TRAZABILIDAD: la consulta literal exacta del valor anterior no produjo coincidencias en los artefactos de fuentes/; no se adjudica un valor para este campo [BN-457]","C-1005","C-2685","Codex D (segunda revisión independiente)","La C describe la asociación o un rasgo positivo, pero la celda añade campos negativos (transmisión, genoma, EGT/importación, obligación, fecha o comparación) sin C literal. Cotejo: C-1005: El sistema Lenisia–Arcobacter ilustra una asociación externa basada en eliminación de productos reductores. Localizadores: data/tablas/09/table-43-9-4-1-fichas-comparativas-por-grado-de-integracion.csv:fila 2:estado obligado, facultativo o reversible; data/auditoria/mapeo_celdas_afirmaciones.csv:data/tablas/09/table-43-9-4-1-fichas-comparativas-por-grado-de-integracion.csv|2|estado obligado, facultativo o reversible; data/afirmaciones/09.csv:C-1005 Corrección de autor v3: valor positivo retirado tras rerevisión; hueco nominal pendiente de nueva revisión independiente."
"data/tablas/09/table-43-9-4-1-fichas-comparativas-por-grado-de-integracion.csv","3","antigüedad estimada del inicio","1436becb5ed6dc141426168eb9d3857e4595b1ee72e8eed4d56c00f157d5a0c0","NO LOCALIZADO EN ESTA SESIÓN para el inicio de la asociación","C-1987","C-2686","Codex D (segunda revisión independiente)","La C de glosa solo declara cobertura parcial o huecos agregados del catálogo; no identifica literalmente este objeto, fila y campo ni todos los detalles de la celda. Cotejo: C-1987: La búsqueda BN-134 localizó antigüedad de inicio y tamaño genómico solo para subconjuntos del catálogo de asociaciones de la tabla 43, no para cada asociación bajo un método y comparando homogéneos. Localizadores: data/tablas/09/table-43-9-4-1-fichas-comparativas-por-grado-de-integracion.csv:fila 3:antigüedad estimada del inicio; data/auditoria/mapeo_celdas_afirmaciones.csv:data/tablas/09/table-43-9-4-1-fichas-comparativas-por-grado-de-integracion.csv|3|antigüedad estimada del inicio; data/afirmaciones/15.csv:C-1987"
"data/tablas/09/table-43-9-4-1-fichas-comparativas-por-grado-de-integracion.csv","3","genoma del socio comparado con parientes de vida libre","27b63069a7fc532962cc91a75a38e9e96c702d806b1deddc07a98e4468c70f2b","HUECO DE TRAZABILIDAD: la consulta literal exacta del valor anterior no produjo coincidencias en los artefactos de fuentes/; no se adjudica un valor para este campo [BN-458]","C-1013","C-2687","Codex D (segunda revisión independiente)","La C describe la asociación o un rasgo positivo, pero la celda añade campos negativos (transmisión, genoma, EGT/importación, obligación, fecha o comparación) sin C literal. Cotejo: C-1013: Los consorcios ANME–SRB ilustran que una asociación puede ser estable sin endocitosis ni transmisión hereditaria conjunta. Localizadores: data/tablas/09/table-43-9-4-1-fichas-comparativas-por-grado-de-integracion.csv:fila 3:genoma del socio comparado con parientes de vida libre; data/auditoria/mapeo_celdas_afirmaciones.csv:data/tablas/09/table-43-9-4-1-fichas-comparativas-por-grado-de-integracion.csv|3|genoma del socio comparado con parientes de vida libre; data/afirmaciones/09.csv:C-1013 Corrección de autor v3: valor positivo retirado tras rerevisión; hueco nominal pendiente de nueva revisión independiente."
"data/tablas/09/table-43-9-4-1-fichas-comparativas-por-grado-de-integracion.csv","3","EGT al núcleo; importación de proteínas de vuelta","d9a89bd30c89c36f596264b36d866a036124332511d69c0977de25581119e3c6","HUECO DE TRAZABILIDAD: la consulta literal exacta del valor anterior no produjo coincidencias en los artefactos de fuentes/; no se adjudica un valor para este campo [BN-459]","C-1013","C-2688","Codex D (segunda revisión independiente)","La C describe la asociación o un rasgo positivo, pero la celda añade campos negativos (transmisión, genoma, EGT/importación, obligación, fecha o comparación) sin C literal. Cotejo: C-1013: Los consorcios ANME–SRB ilustran que una asociación puede ser estable sin endocitosis ni transmisión hereditaria conjunta. Localizadores: data/tablas/09/table-43-9-4-1-fichas-comparativas-por-grado-de-integracion.csv:fila 3:EGT al núcleo; importación de proteínas de vuelta; data/auditoria/mapeo_celdas_afirmaciones.csv:data/tablas/09/table-43-9-4-1-fichas-comparativas-por-grado-de-integracion.csv|3|EGT al núcleo; importación de proteínas de vuelta; data/afirmaciones/09.csv:C-1013 Corrección de autor v3: valor positivo retirado tras rerevisión; hueco nominal pendiente de nueva revisión independiente."
"data/tablas/09/table-43-9-4-1-fichas-comparativas-por-grado-de-integracion.csv","3","estado obligado, facultativo o reversible","139550e2b1ea112e87580c9ddd9dc24693c3081c1537c53d9b5ab50363b11cad","HUECO DE TRAZABILIDAD: la consulta literal exacta del valor anterior no produjo coincidencias en los artefactos de fuentes/; no se adjudica un valor para este campo [BN-460]","C-1013","C-2689","Codex D (segunda revisión independiente)","La C describe la asociación o un rasgo positivo, pero la celda añade campos negativos (transmisión, genoma, EGT/importación, obligación, fecha o comparación) sin C literal. Cotejo: C-1013: Los consorcios ANME–SRB ilustran que una asociación puede ser estable sin endocitosis ni transmisión hereditaria conjunta. Localizadores: data/tablas/09/table-43-9-4-1-fichas-comparativas-por-grado-de-integracion.csv:fila 3:estado obligado, facultativo o reversible; data/auditoria/mapeo_celdas_afirmaciones.csv:data/tablas/09/table-43-9-4-1-fichas-comparativas-por-grado-de-integracion.csv|3|estado obligado, facultativo o reversible; data/afirmaciones/09.csv:C-1013 Corrección de autor v3: valor positivo retirado tras rerevisión; hueco nominal pendiente de nueva revisión independiente."
"data/tablas/09/table-43-9-4-1-fichas-comparativas-por-grado-de-integracion.csv","4","antigüedad estimada del inicio","1436becb5ed6dc141426168eb9d3857e4595b1ee72e8eed4d56c00f157d5a0c0","NO LOCALIZADO EN ESTA SESIÓN para el inicio de la asociación","C-1987","C-2690","Codex D (segunda revisión independiente)","La C de glosa solo declara cobertura parcial o huecos agregados del catálogo; no identifica literalmente este objeto, fila y campo ni todos los detalles de la celda. Cotejo: C-1987: La búsqueda BN-134 localizó antigüedad de inicio y tamaño genómico solo para subconjuntos del catálogo de asociaciones de la tabla 43, no para cada asociación bajo un método y comparando homogéneos. Localizadores: data/tablas/09/table-43-9-4-1-fichas-comparativas-por-grado-de-integracion.csv:fila 4:antigüedad estimada del inicio; data/auditoria/mapeo_celdas_afirmaciones.csv:data/tablas/09/table-43-9-4-1-fichas-comparativas-por-grado-de-integracion.csv|4|antigüedad estimada del inicio; data/afirmaciones/15.csv:C-1987"
"data/tablas/09/table-43-9-4-1-fichas-comparativas-por-grado-de-integracion.csv","4","transmisión","f89dcce20ec344c0a756f114dbaf3b3bd7a704abf59874b21930f2fbd0b023bb","HUECO DE TRAZABILIDAD: la consulta literal exacta del valor anterior no produjo coincidencias en los artefactos de fuentes/; no se adjudica un valor para este campo [BN-461]","C-1021","C-2691","Codex D (segunda revisión independiente)","La C describe la asociación o un rasgo positivo, pero la celda añade campos negativos (transmisión, genoma, EGT/importación, obligación, fecha o comparación) sin C literal. Cotejo: C-1021: La identidad del metanógeno de Pelomyxa palustris no puede fijarse universalmente a partir del aislamiento de 1988. Localizadores: data/tablas/09/table-43-9-4-1-fichas-comparativas-por-grado-de-integracion.csv:fila 4:transmisión; data/auditoria/mapeo_celdas_afirmaciones.csv:data/tablas/09/table-43-9-4-1-fichas-comparativas-por-grado-de-integracion.csv|4|transmisión; data/afirmaciones/09.csv:C-1021 Corrección de autor v3: valor positivo retirado tras rerevisión; hueco nominal pendiente de nueva revisión independiente."
"data/tablas/09/table-43-9-4-1-fichas-comparativas-por-grado-de-integracion.csv","4","genoma del socio comparado con parientes de vida libre","4e3389a8d2e90b571d6476058a66f8c1bb7758edb1ca0fdd221b8c7fb59020a0","HUECO DE TRAZABILIDAD: la consulta literal exacta del valor anterior no produjo coincidencias en los artefactos de fuentes/; no se adjudica un valor para este campo [BN-462]","C-1019","C-2692","Codex D (segunda revisión independiente)","La C describe la asociación o un rasgo positivo, pero la celda añade campos negativos (transmisión, genoma, EGT/importación, obligación, fecha o comparación) sin C literal. Cotejo: C-1019: Gutiérrez y colaboradores consideraron probable que el aislado histórico fuera un contaminante de vida libre. Localizadores: data/tablas/09/table-43-9-4-1-fichas-comparativas-por-grado-de-integracion.csv:fila 4:genoma del socio comparado con parientes de vida libre; data/auditoria/mapeo_celdas_afirmaciones.csv:data/tablas/09/table-43-9-4-1-fichas-comparativas-por-grado-de-integracion.csv|4|genoma del socio comparado con parientes de vida libre; data/afirmaciones/09.csv:C-1019 Corrección de autor v3: valor positivo retirado tras rerevisión; hueco nominal pendiente de nueva revisión independiente."
"data/tablas/09/table-43-9-4-1-fichas-comparativas-por-grado-de-integracion.csv","4","EGT al núcleo; importación de proteínas de vuelta","101dce9a5442741fdefb668c8ca33b350ad05a779603a09e76a0014417ff07ff","HUECO DE TRAZABILIDAD: la consulta literal exacta del valor anterior no produjo coincidencias en los artefactos de fuentes/; no se adjudica un valor para este campo [BN-463]","C-1021","C-2693","Codex D (segunda revisión independiente)","La C describe la asociación o un rasgo positivo, pero la celda añade campos negativos (transmisión, genoma, EGT/importación, obligación, fecha o comparación) sin C literal. Cotejo: C-1021: La identidad del metanógeno de Pelomyxa palustris no puede fijarse universalmente a partir del aislamiento de 1988. Localizadores: data/tablas/09/table-43-9-4-1-fichas-comparativas-por-grado-de-integracion.csv:fila 4:EGT al núcleo; importación de proteínas de vuelta; data/auditoria/mapeo_celdas_afirmaciones.csv:data/tablas/09/table-43-9-4-1-fichas-comparativas-por-grado-de-integracion.csv|4|EGT al núcleo; importación de proteínas de vuelta; data/afirmaciones/09.csv:C-1021 Corrección de autor v3: valor positivo retirado tras rerevisión; hueco nominal pendiente de nueva revisión independiente."
"data/tablas/09/table-43-9-4-1-fichas-comparativas-por-grado-de-integracion.csv","4","estado obligado, facultativo o reversible","0dab94790fa91f913f60fa80078904e734b83554bd40e9ac850bf1ae638c0c94","HUECO DE TRAZABILIDAD: la consulta literal exacta del valor anterior no produjo coincidencias en los artefactos de fuentes/; no se adjudica un valor para este campo [BN-464]","C-1021","C-2694","Codex D (segunda revisión independiente)","La C describe la asociación o un rasgo positivo, pero la celda añade campos negativos (transmisión, genoma, EGT/importación, obligación, fecha o comparación) sin C literal. Cotejo: C-1021: La identidad del metanógeno de Pelomyxa palustris no puede fijarse universalmente a partir del aislamiento de 1988. Localizadores: data/tablas/09/table-43-9-4-1-fichas-comparativas-por-grado-de-integracion.csv:fila 4:estado obligado, facultativo o reversible; data/auditoria/mapeo_celdas_afirmaciones.csv:data/tablas/09/table-43-9-4-1-fichas-comparativas-por-grado-de-integracion.csv|4|estado obligado, facultativo o reversible; data/afirmaciones/09.csv:C-1021 Corrección de autor v3: valor positivo retirado tras rerevisión; hueco nominal pendiente de nueva revisión independiente."
"data/tablas/09/table-43-9-4-1-fichas-comparativas-por-grado-de-integracion.csv","5","aporte documentado del hospedador; aporte documentado del socio","e192c8c04a5f47be6e3e9ac3950f81977b985e9703c6c6f14ebea2713710d712","HUECO DE TRAZABILIDAD: la consulta literal exacta del valor anterior no produjo coincidencias en los artefactos de fuentes/; no se adjudica un valor para este campo [BN-465]","C-1023; C-1026","C-2695","Codex D (segunda revisión independiente)","La C describe la asociación o un rasgo positivo, pero la celda añade campos negativos (transmisión, genoma, EGT/importación, obligación, fecha o comparación) sin C literal. Cotejo: C-1023: Los metanógenos de ciliados anaerobios mostraron asociaciones con identidad del hospedador y hábitat. | C-1026: Los análisis de 2025 recuperaron orígenes múltiples y transmisión mixta de metanógenos en ciliados anaerobios. Localizadores: data/tablas/09/table-43-9-4-1-fichas-comparativas-por-grado-de-integracion.csv:fila 5:aporte documentado del hospedador; aporte documentado del socio; data/auditoria/mapeo_celdas_afirmaciones.csv:data/tablas/09/table-43-9-4-1-fichas-comparativas-por-grado-de-integracion.csv|5|aporte documentado del hospedador; aporte documentado del socio; data/afirmaciones/09.csv:C-1023; data/afirmaciones/09.csv:C-1026 Corrección de autor v3: valor positivo retirado tras rerevisión; hueco nominal pendiente de nueva revisión independiente."
"data/tablas/09/table-43-9-4-1-fichas-comparativas-por-grado-de-integracion.csv","5","antigüedad estimada del inicio","dce8a545bc87f3f803610722b1e3e49e62bea58c04c98d4b89447476ed6cbceb","orígenes múltiples sin una fecha de inicio común localizada","C-1026","C-2696","Codex D (segunda revisión independiente)","La C describe la asociación o un rasgo positivo, pero la celda añade campos negativos (transmisión, genoma, EGT/importación, obligación, fecha o comparación) sin C literal. Cotejo: C-1026: Los análisis de 2025 recuperaron orígenes múltiples y transmisión mixta de metanógenos en ciliados anaerobios. Localizadores: data/tablas/09/table-43-9-4-1-fichas-comparativas-por-grado-de-integracion.csv:fila 5:antigüedad estimada del inicio; data/auditoria/mapeo_celdas_afirmaciones.csv:data/tablas/09/table-43-9-4-1-fichas-comparativas-por-grado-de-integracion.csv|5|antigüedad estimada del inicio; data/afirmaciones/09.csv:C-1026"
"data/tablas/09/table-43-9-4-1-fichas-comparativas-por-grado-de-integracion.csv","5","genoma del socio comparado con parientes de vida libre","bcef8d3715866244bf813ff73018558a7c2217fcc4b6f2dc9180eba09bb75c45","HUECO DE TRAZABILIDAD: la consulta literal exacta del valor anterior no produjo coincidencias en los artefactos de fuentes/; no se adjudica un valor para este campo [BN-466]","C-1022; C-1026","C-2697","Codex D (segunda revisión independiente)","La C describe la asociación o un rasgo positivo, pero la celda añade campos negativos (transmisión, genoma, EGT/importación, obligación, fecha o comparación) sin C literal. Cotejo: C-1022: Un estudio de 2024 examinó metanógenos endosimbióticos en 32 especies de ciliados anaerobios de vida libre. | C-1026: Los análisis de 2025 recuperaron orígenes múltiples y transmisión mixta de metanógenos en ciliados anaerobios. Localizadores: data/tablas/09/table-43-9-4-1-fichas-comparativas-por-grado-de-integracion.csv:fila 5:genoma del socio comparado con parientes de vida libre; data/auditoria/mapeo_celdas_afirmaciones.csv:data/tablas/09/table-43-9-4-1-fichas-comparativas-por-grado-de-integracion.csv|5|genoma del socio comparado con parientes de vida libre; data/afirmaciones/09.csv:C-1022; data/afirmaciones/09.csv:C-1026 Corrección de autor v3: valor positivo retirado tras rerevisión; hueco nominal pendiente de nueva revisión independiente."
"data/tablas/09/table-43-9-4-1-fichas-comparativas-por-grado-de-integracion.csv","5","EGT al núcleo; importación de proteínas de vuelta","cd8aceec8c8cd82ef5112cf492809483a332d8e4d4cb36a54aa81ae7c8df49df","HUECO DE TRAZABILIDAD: la consulta literal exacta del valor anterior no produjo coincidencias en los artefactos de fuentes/; no se adjudica un valor para este campo [BN-467]","C-1026","C-2698","Codex D (segunda revisión independiente)","La C describe la asociación o un rasgo positivo, pero la celda añade campos negativos (transmisión, genoma, EGT/importación, obligación, fecha o comparación) sin C literal. Cotejo: C-1026: Los análisis de 2025 recuperaron orígenes múltiples y transmisión mixta de metanógenos en ciliados anaerobios. Localizadores: data/tablas/09/table-43-9-4-1-fichas-comparativas-por-grado-de-integracion.csv:fila 5:EGT al núcleo; importación de proteínas de vuelta; data/auditoria/mapeo_celdas_afirmaciones.csv:data/tablas/09/table-43-9-4-1-fichas-comparativas-por-grado-de-integracion.csv|5|EGT al núcleo; importación de proteínas de vuelta; data/afirmaciones/09.csv:C-1026 Corrección de autor v3: valor positivo retirado tras rerevisión; hueco nominal pendiente de nueva revisión independiente."
"data/tablas/09/table-43-9-4-1-fichas-comparativas-por-grado-de-integracion.csv","5","estado obligado, facultativo o reversible","e05da708c1b32a4940d879f108d6c7a10ef8b74800e642e2cc00cb4b9f002e07","HUECO DE TRAZABILIDAD: la consulta literal exacta del valor anterior no produjo coincidencias en los artefactos de fuentes/; no se adjudica un valor para este campo [BN-468]","C-1026","C-2699","Codex D (segunda revisión independiente)","La C describe la asociación o un rasgo positivo, pero la celda añade campos negativos (transmisión, genoma, EGT/importación, obligación, fecha o comparación) sin C literal. Cotejo: C-1026: Los análisis de 2025 recuperaron orígenes múltiples y transmisión mixta de metanógenos en ciliados anaerobios. Localizadores: data/tablas/09/table-43-9-4-1-fichas-comparativas-por-grado-de-integracion.csv:fila 5:estado obligado, facultativo o reversible; data/auditoria/mapeo_celdas_afirmaciones.csv:data/tablas/09/table-43-9-4-1-fichas-comparativas-por-grado-de-integracion.csv|5|estado obligado, facultativo o reversible; data/afirmaciones/09.csv:C-1026 Corrección de autor v3: valor positivo retirado tras rerevisión; hueco nominal pendiente de nueva revisión independiente."
"data/tablas/09/table-43-9-4-1-fichas-comparativas-por-grado-de-integracion.csv","6","aporte documentado del hospedador; aporte documentado del socio","8f25fa3da3eb44da08c6040bc2bede91ea346f3e577a9ab95fe734a6e4839f0d","Hospedador: ETP9 y proteínas para controlar división; socio: funciones metabólicas y OCD ancestral transferida.","C-1032","C-2700","Codex D (segunda revisión independiente)","La C describe la asociación o un rasgo positivo, pero la celda añade campos negativos (transmisión, genoma, EGT/importación, obligación, fecha o comparación) sin C literal. Cotejo: C-1032: Una proteína nuclear denominada ETP9 controla la división del endosimbionte de Angomonas deanei. Localizadores: data/tablas/09/table-43-9-4-1-fichas-comparativas-por-grado-de-integracion.csv:fila 6:aporte documentado del hospedador; aporte documentado del socio; data/auditoria/mapeo_celdas_afirmaciones.csv:data/tablas/09/table-43-9-4-1-fichas-comparativas-por-grado-de-integracion.csv|6|aporte documentado del hospedador; aporte documentado del socio; data/afirmaciones/09.csv:C-1032"
"data/tablas/09/table-43-9-4-1-fichas-comparativas-por-grado-de-integracion.csv","6","antigüedad estimada del inicio","1436becb5ed6dc141426168eb9d3857e4595b1ee72e8eed4d56c00f157d5a0c0","NO LOCALIZADO EN ESTA SESIÓN para el inicio de la asociación","C-1987","C-2701","Codex D (segunda revisión independiente)","La C de glosa solo declara cobertura parcial o huecos agregados del catálogo; no identifica literalmente este objeto, fila y campo ni todos los detalles de la celda. Cotejo: C-1987: La búsqueda BN-134 localizó antigüedad de inicio y tamaño genómico solo para subconjuntos del catálogo de asociaciones de la tabla 43, no para cada asociación bajo un método y comparando homogéneos. Localizadores: data/tablas/09/table-43-9-4-1-fichas-comparativas-por-grado-de-integracion.csv:fila 6:antigüedad estimada del inicio; data/auditoria/mapeo_celdas_afirmaciones.csv:data/tablas/09/table-43-9-4-1-fichas-comparativas-por-grado-de-integracion.csv|6|antigüedad estimada del inicio; data/afirmaciones/15.csv:C-1987"
"data/tablas/09/table-43-9-4-1-fichas-comparativas-por-grado-de-integracion.csv","6","transmisión","509a0ba5bab9bcc727052bb36b44dc5a09772c78f6e1622ecf698d7443f2cc32","HUECO DE TRAZABILIDAD: la consulta literal exacta del valor anterior no produjo coincidencias en los artefactos de fuentes/; no se adjudica un valor para este campo [BN-469]","C-1029","C-2702","Codex D (segunda revisión independiente)","La C describe la asociación o un rasgo positivo, pero la celda añade campos negativos (transmisión, genoma, EGT/importación, obligación, fecha o comparación) sin C literal. Cotejo: C-1029: La división de Kinetoplastibacterium está sincronizada con el ciclo celular de Angomonas deanei. Localizadores: data/tablas/09/table-43-9-4-1-fichas-comparativas-por-grado-de-integracion.csv:fila 6:transmisión; data/auditoria/mapeo_celdas_afirmaciones.csv:data/tablas/09/table-43-9-4-1-fichas-comparativas-por-grado-de-integracion.csv|6|transmisión; data/afirmaciones/09.csv:C-1029 Corrección de autor v3: valor positivo retirado tras rerevisión; hueco nominal pendiente de nueva revisión independiente."
"data/tablas/09/table-43-9-4-1-fichas-comparativas-por-grado-de-integracion.csv","6","EGT al núcleo; importación de proteínas de vuelta","d0340472471a0ae79daa472703beea58fcbf7c02eaf64e8e8d2af6892e4254b5","EGT: OCD al núcleo; importación: proteínas nucleares regresan para controlar división, pero OCD no fue detectada dentro del endosimbionte","C-1033; C-1032","C-2703","Codex D (segunda revisión independiente)","La C describe la asociación o un rasgo positivo, pero la celda añade campos negativos (transmisión, genoma, EGT/importación, obligación, fecha o comparación) sin C literal. Cotejo: C-1033: Un gen de ornitina ciclodeaminasa fue transferido desde el endosimbionte al núcleo de Angomonas. | C-1032: Una proteína nuclear denominada ETP9 controla la división del endosimbionte de Angomonas deanei. Localizadores: data/tablas/09/table-43-9-4-1-fichas-comparativas-por-grado-de-integracion.csv:fila 6:EGT al núcleo; importación de proteínas de vuelta; data/auditoria/mapeo_celdas_afirmaciones.csv:data/tablas/09/table-43-9-4-1-fichas-comparativas-por-grado-de-integracion.csv|6|EGT al núcleo; importación de proteínas de vuelta; data/afirmaciones/09.csv:C-1033; data/afirmaciones/09.csv:C-1032"
"data/tablas/09/table-43-9-4-1-fichas-comparativas-por-grado-de-integracion.csv","6","estado obligado, facultativo o reversible","2d4b13290b06845503ea6f8ac27fbccf0f02d6660ebf3985358db1a9329ee655","HUECO DE TRAZABILIDAD: la consulta literal exacta del valor anterior no produjo coincidencias en los artefactos de fuentes/; no se adjudica un valor para este campo [BN-470]","C-1032; C-1029","C-2704","Codex D (segunda revisión independiente)","La C describe la asociación o un rasgo positivo, pero la celda añade campos negativos (transmisión, genoma, EGT/importación, obligación, fecha o comparación) sin C literal. Cotejo: C-1032: Una proteína nuclear denominada ETP9 controla la división del endosimbionte de Angomonas deanei. | C-1029: La división de Kinetoplastibacterium está sincronizada con el ciclo celular de Angomonas deanei. Localizadores: data/tablas/09/table-43-9-4-1-fichas-comparativas-por-grado-de-integracion.csv:fila 6:estado obligado, facultativo o reversible; data/auditoria/mapeo_celdas_afirmaciones.csv:data/tablas/09/table-43-9-4-1-fichas-comparativas-por-grado-de-integracion.csv|6|estado obligado, facultativo o reversible; data/afirmaciones/09.csv:C-1032; data/afirmaciones/09.csv:C-1029 Corrección de autor v3: valor positivo retirado tras rerevisión; hueco nominal pendiente de nueva revisión independiente."
"data/tablas/09/table-43-9-4-1-fichas-comparativas-por-grado-de-integracion.csv","7","aporte documentado del hospedador; aporte documentado del socio","c7dfe878e60e85fd44e9dd8177c7dab9e99921a7816ec2c9ec74ca1e141ba45f","HUECO DE TRAZABILIDAD: la consulta literal exacta del valor anterior no produjo coincidencias en los artefactos de fuentes/; no se adjudica un valor para este campo [BN-471]","C-1039","C-2705","Codex D (segunda revisión independiente)","La C describe la asociación o un rasgo positivo, pero la celda añade campos negativos (transmisión, genoma, EGT/importación, obligación, fecha o comparación) sin C literal. Cotejo: C-1039: Las rutas metabólicas de Perkinsela y Paramoeba son complementarias e interdependientes. Localizadores: data/tablas/09/table-43-9-4-1-fichas-comparativas-por-grado-de-integracion.csv:fila 7:aporte documentado del hospedador; aporte documentado del socio; data/auditoria/mapeo_celdas_afirmaciones.csv:data/tablas/09/table-43-9-4-1-fichas-comparativas-por-grado-de-integracion.csv|7|aporte documentado del hospedador; aporte documentado del socio; data/afirmaciones/09.csv:C-1039 Corrección de autor v3: valor positivo retirado tras rerevisión; hueco nominal pendiente de nueva revisión independiente."
"data/tablas/09/table-43-9-4-1-fichas-comparativas-por-grado-de-integracion.csv","7","antigüedad estimada del inicio","1436becb5ed6dc141426168eb9d3857e4595b1ee72e8eed4d56c00f157d5a0c0","NO LOCALIZADO EN ESTA SESIÓN para el inicio de la asociación","C-1987","C-2706","Codex D (segunda revisión independiente)","La C de glosa solo declara cobertura parcial o huecos agregados del catálogo; no identifica literalmente este objeto, fila y campo ni todos los detalles de la celda. Cotejo: C-1987: La búsqueda BN-134 localizó antigüedad de inicio y tamaño genómico solo para subconjuntos del catálogo de asociaciones de la tabla 43, no para cada asociación bajo un método y comparando homogéneos. Localizadores: data/tablas/09/table-43-9-4-1-fichas-comparativas-por-grado-de-integracion.csv:fila 7:antigüedad estimada del inicio; data/auditoria/mapeo_celdas_afirmaciones.csv:data/tablas/09/table-43-9-4-1-fichas-comparativas-por-grado-de-integracion.csv|7|antigüedad estimada del inicio; data/afirmaciones/15.csv:C-1987"
"data/tablas/09/table-43-9-4-1-fichas-comparativas-por-grado-de-integracion.csv","7","transmisión","d3d152e169b3746228bef15b586c567143fda8ad61192205e3daf3d05ba8cba3","HUECO DE TRAZABILIDAD: la consulta literal exacta del valor anterior no produjo coincidencias en los artefactos de fuentes/; no se adjudica un valor para este campo [BN-472]","C-1042","C-2707","Codex D (segunda revisión independiente)","La C describe la asociación o un rasgo positivo, pero la celda añade campos negativos (transmisión, genoma, EGT/importación, obligación, fecha o comparación) sin C literal. Cotejo: C-1042: El caso Perkinsela–Paramoeba documenta una asociación obligada en la que se conservan dos núcleos eucariotas y dos linajes mitocondriales distintos. Localizadores: data/tablas/09/table-43-9-4-1-fichas-comparativas-por-grado-de-integracion.csv:fila 7:transmisión; data/auditoria/mapeo_celdas_afirmaciones.csv:data/tablas/09/table-43-9-4-1-fichas-comparativas-por-grado-de-integracion.csv|7|transmisión; data/afirmaciones/09.csv:C-1042 Corrección de autor v3: valor positivo retirado tras rerevisión; hueco nominal pendiente de nueva revisión independiente."
"data/tablas/09/table-43-9-4-1-fichas-comparativas-por-grado-de-integracion.csv","7","genoma del socio comparado con parientes de vida libre","7bca140dd364e02c0196303da87f3d8fb79c4e7afcb6e13fe97e3e0272a8df4c","HUECO DE TRAZABILIDAD: la consulta literal exacta del valor anterior no produjo coincidencias en los artefactos de fuentes/; no se adjudica un valor para este campo [BN-473]","C-1987","C-2708","Codex D (segunda revisión independiente)","La C de glosa solo declara cobertura parcial o huecos agregados del catálogo; no identifica literalmente este objeto, fila y campo ni todos los detalles de la celda. Cotejo: C-1987: La búsqueda BN-134 localizó antigüedad de inicio y tamaño genómico solo para subconjuntos del catálogo de asociaciones de la tabla 43, no para cada asociación bajo un método y comparando homogéneos. Localizadores: data/tablas/09/table-43-9-4-1-fichas-comparativas-por-grado-de-integracion.csv:fila 7:genoma del socio comparado con parientes de vida libre; data/auditoria/mapeo_celdas_afirmaciones.csv:data/tablas/09/table-43-9-4-1-fichas-comparativas-por-grado-de-integracion.csv|7|genoma del socio comparado con parientes de vida libre; data/afirmaciones/15.csv:C-1987 Corrección de autor v3: valor positivo retirado tras rerevisión; hueco nominal pendiente de nueva revisión independiente."
"data/tablas/09/table-43-9-4-1-fichas-comparativas-por-grado-de-integracion.csv","7","EGT al núcleo; importación de proteínas de vuelta","6ddc0890b6d2e2cfa59eb7f534b539f6cf43434d2f02a36d117c01951966d911","HUECO DE TRAZABILIDAD: la consulta literal exacta del valor anterior no produjo coincidencias en los artefactos de fuentes/; no se adjudica un valor para este campo [BN-474]","C-1040","C-2709","Codex D (segunda revisión independiente)","La C describe la asociación o un rasgo positivo, pero la celda añade campos negativos (transmisión, genoma, EGT/importación, obligación, fecha o comparación) sin C literal. Cotejo: C-1040: Microscopía mostró invaginaciones por las que Perkinsela incorpora material citoplasmático de Paramoeba. Localizadores: data/tablas/09/table-43-9-4-1-fichas-comparativas-por-grado-de-integracion.csv:fila 7:EGT al núcleo; importación de proteínas de vuelta; data/auditoria/mapeo_celdas_afirmaciones.csv:data/tablas/09/table-43-9-4-1-fichas-comparativas-por-grado-de-integracion.csv|7|EGT al núcleo; importación de proteínas de vuelta; data/afirmaciones/09.csv:C-1040 Corrección de autor v3: valor positivo retirado tras rerevisión; hueco nominal pendiente de nueva revisión independiente."
"data/tablas/09/table-43-9-4-1-fichas-comparativas-por-grado-de-integracion.csv","8","estado obligado, facultativo o reversible","61ec5146e4ab9938e77d0ab47a0d4498c9b2b0b75afb397cb63a451a8a7e0918","HUECO DE TRAZABILIDAD: la consulta literal exacta del valor anterior no produjo coincidencias en los artefactos de fuentes/; no se adjudica un valor para este campo [BN-475]","C-1052; C-1050","C-2710","Codex D (segunda revisión independiente)","La C describe la asociación o un rasgo positivo, pero la celda añade campos negativos (transmisión, genoma, EGT/importación, obligación, fecha o comparación) sin C literal. Cotejo: C-1052: La integración funcional de Paulinella combina transferencia endosimbiótica, transferencia horizontal e importación de proteínas. | C-1050: Proteínas nucleares de Paulinella son importadas masivamente al cromatóforo. Localizadores: data/tablas/09/table-43-9-4-1-fichas-comparativas-por-grado-de-integracion.csv:fila 8:estado obligado, facultativo o reversible; data/auditoria/mapeo_celdas_afirmaciones.csv:data/tablas/09/table-43-9-4-1-fichas-comparativas-por-grado-de-integracion.csv|8|estado obligado, facultativo o reversible; data/afirmaciones/09.csv:C-1052; data/afirmaciones/09.csv:C-1050 Corrección de autor v3: valor positivo retirado tras rerevisión; hueco nominal pendiente de nueva revisión independiente."
"data/tablas/09/table-43-9-4-1-fichas-comparativas-por-grado-de-integracion.csv","9","transmisión","cdd647af50ea9f8fc15b9b2dc0c070dce42337c54479d71138aba9fb429bb6e2","HUECO DE TRAZABILIDAD: la consulta literal exacta del valor anterior no produjo coincidencias en los artefactos de fuentes/; no se adjudica un valor para este campo [BN-476]","C-1057; C-1056; C-1054","C-2711","Codex D (segunda revisión independiente)","La C describe la asociación o un rasgo positivo, pero la celda añade campos negativos (transmisión, genoma, EGT/importación, obligación, fecha o comparación) sin C literal. Cotejo: C-1057: La división de UCYN-A está coordinada con el ciclo celular de Braarudosphaera. | C-1056: El hospedador suministra carbono y otros metabolitos a UCYN-A. | C-1054: Braarudosphaera bigelowii alberga al diazótrofo cyanobacteriano UCYN-A. Localizadores: data/tablas/09/table-43-9-4-1-fichas-comparativas-por-grado-de-integracion.csv:fila 9:transmisión; data/auditoria/mapeo_celdas_afirmaciones.csv:data/tablas/09/table-43-9-4-1-fichas-comparativas-por-grado-de-integracion.csv|9|transmisión; data/afirmaciones/09.csv:C-1057; data/afirmaciones/09.csv:C-1056; data/afirmaciones/09.csv:C-1054 Corrección de autor v3: valor positivo retirado tras rerevisión; hueco nominal pendiente de nueva revisión independiente."
"data/tablas/09/table-43-9-4-1-fichas-comparativas-por-grado-de-integracion.csv","9","genoma del socio comparado con parientes de vida libre","81e539131750ddd6f7256756bdcf760cdc69c5c0727fa3a640cef7cda93ff3d5","HUECO DE TRAZABILIDAD: la consulta literal exacta del valor anterior no produjo coincidencias en los artefactos de fuentes/; no se adjudica un valor para este campo [BN-477]","C-1056; C-1054","C-2712","Codex D (segunda revisión independiente)","La C describe la asociación o un rasgo positivo, pero la celda añade campos negativos (transmisión, genoma, EGT/importación, obligación, fecha o comparación) sin C literal. Cotejo: C-1056: El hospedador suministra carbono y otros metabolitos a UCYN-A. | C-1054: Braarudosphaera bigelowii alberga al diazótrofo cyanobacteriano UCYN-A. Localizadores: data/tablas/09/table-43-9-4-1-fichas-comparativas-por-grado-de-integracion.csv:fila 9:genoma del socio comparado con parientes de vida libre; data/auditoria/mapeo_celdas_afirmaciones.csv:data/tablas/09/table-43-9-4-1-fichas-comparativas-por-grado-de-integracion.csv|9|genoma del socio comparado con parientes de vida libre; data/afirmaciones/09.csv:C-1056; data/afirmaciones/09.csv:C-1054 Corrección de autor v3: valor positivo retirado tras rerevisión; hueco nominal pendiente de nueva revisión independiente."
"data/tablas/09/table-43-9-4-1-fichas-comparativas-por-grado-de-integracion.csv","9","EGT al núcleo; importación de proteínas de vuelta","65f539b2f4f22228ef0be6559b6bc40ea4b32c74cfbc51c3c0fe7e2de158b5e7","HUECO DE TRAZABILIDAD: la consulta literal exacta del valor anterior no produjo coincidencias en los artefactos de fuentes/; no se adjudica un valor para este campo [BN-478]","C-1056; C-1054","C-2713","Codex D (segunda revisión independiente)","La C describe la asociación o un rasgo positivo, pero la celda añade campos negativos (transmisión, genoma, EGT/importación, obligación, fecha o comparación) sin C literal. Cotejo: C-1056: El hospedador suministra carbono y otros metabolitos a UCYN-A. | C-1054: Braarudosphaera bigelowii alberga al diazótrofo cyanobacteriano UCYN-A. Localizadores: data/tablas/09/table-43-9-4-1-fichas-comparativas-por-grado-de-integracion.csv:fila 9:EGT al núcleo; importación de proteínas de vuelta; data/auditoria/mapeo_celdas_afirmaciones.csv:data/tablas/09/table-43-9-4-1-fichas-comparativas-por-grado-de-integracion.csv|9|EGT al núcleo; importación de proteínas de vuelta; data/afirmaciones/09.csv:C-1056; data/afirmaciones/09.csv:C-1054 Corrección de autor v3: valor positivo retirado tras rerevisión; hueco nominal pendiente de nueva revisión independiente."
"data/tablas/09/table-43-9-4-1-fichas-comparativas-por-grado-de-integracion.csv","9","estado obligado, facultativo o reversible","b16811e3e43ec088796ae583efbbf2749651beb6b10b1487b38f285b50330e65","HUECO DE TRAZABILIDAD: la consulta literal exacta del valor anterior no produjo coincidencias en los artefactos de fuentes/; no se adjudica un valor para este campo [BN-479]","C-1056; C-1054","C-2714","Codex D (segunda revisión independiente)","La C describe la asociación o un rasgo positivo, pero la celda añade campos negativos (transmisión, genoma, EGT/importación, obligación, fecha o comparación) sin C literal. Cotejo: C-1056: El hospedador suministra carbono y otros metabolitos a UCYN-A. | C-1054: Braarudosphaera bigelowii alberga al diazótrofo cyanobacteriano UCYN-A. Localizadores: data/tablas/09/table-43-9-4-1-fichas-comparativas-por-grado-de-integracion.csv:fila 9:estado obligado, facultativo o reversible; data/auditoria/mapeo_celdas_afirmaciones.csv:data/tablas/09/table-43-9-4-1-fichas-comparativas-por-grado-de-integracion.csv|9|estado obligado, facultativo o reversible; data/afirmaciones/09.csv:C-1056; data/afirmaciones/09.csv:C-1054 Corrección de autor v3: valor positivo retirado tras rerevisión; hueco nominal pendiente de nueva revisión independiente."
"data/tablas/09/table-43-9-4-1-fichas-comparativas-por-grado-de-integracion.csv","10","aporte documentado del hospedador; aporte documentado del socio","f5ac296d286af80dcac28d857f5af17bc07fe135a553e4fc0f6de6c6b93e5d50","HUECO DE TRAZABILIDAD: la consulta literal exacta del valor anterior no produjo coincidencias en los artefactos de fuentes/; no se adjudica un valor para este campo [BN-480]","C-1066","C-2715","Codex D (segunda revisión independiente)","La C describe la asociación o un rasgo positivo, pero la celda añade campos negativos (transmisión, genoma, EGT/importación, obligación, fecha o comparación) sin C literal. Cotejo: C-1066: Hatena combina transmisión vertical incompleta con readquisición horizontal. Localizadores: data/tablas/09/table-43-9-4-1-fichas-comparativas-por-grado-de-integracion.csv:fila 10:aporte documentado del hospedador; aporte documentado del socio; data/auditoria/mapeo_celdas_afirmaciones.csv:data/tablas/09/table-43-9-4-1-fichas-comparativas-por-grado-de-integracion.csv|10|aporte documentado del hospedador; aporte documentado del socio; data/afirmaciones/09.csv:C-1066 Corrección de autor v3: valor positivo retirado tras rerevisión; hueco nominal pendiente de nueva revisión independiente."
"data/tablas/09/table-43-9-4-1-fichas-comparativas-por-grado-de-integracion.csv","10","antigüedad estimada del inicio","1436becb5ed6dc141426168eb9d3857e4595b1ee72e8eed4d56c00f157d5a0c0","NO LOCALIZADO EN ESTA SESIÓN para el inicio de la asociación","C-1987","C-2716","Codex D (segunda revisión independiente)","La C de glosa solo declara cobertura parcial o huecos agregados del catálogo; no identifica literalmente este objeto, fila y campo ni todos los detalles de la celda. Cotejo: C-1987: La búsqueda BN-134 localizó antigüedad de inicio y tamaño genómico solo para subconjuntos del catálogo de asociaciones de la tabla 43, no para cada asociación bajo un método y comparando homogéneos. Localizadores: data/tablas/09/table-43-9-4-1-fichas-comparativas-por-grado-de-integracion.csv:fila 10:antigüedad estimada del inicio; data/auditoria/mapeo_celdas_afirmaciones.csv:data/tablas/09/table-43-9-4-1-fichas-comparativas-por-grado-de-integracion.csv|10|antigüedad estimada del inicio; data/afirmaciones/15.csv:C-1987"
"data/tablas/09/table-43-9-4-1-fichas-comparativas-por-grado-de-integracion.csv","10","genoma del socio comparado con parientes de vida libre","9825d1a328553c7e0c7cbaaf1907c35381aa20cefd935c7668ff133e64c916d4","HUECO DE TRAZABILIDAD: la consulta literal exacta del valor anterior no produjo coincidencias en los artefactos de fuentes/; no se adjudica un valor para este campo [BN-481]","C-1066","C-2717","Codex D (segunda revisión independiente)","La C describe la asociación o un rasgo positivo, pero la celda añade campos negativos (transmisión, genoma, EGT/importación, obligación, fecha o comparación) sin C literal. Cotejo: C-1066: Hatena combina transmisión vertical incompleta con readquisición horizontal. Localizadores: data/tablas/09/table-43-9-4-1-fichas-comparativas-por-grado-de-integracion.csv:fila 10:genoma del socio comparado con parientes de vida libre; data/auditoria/mapeo_celdas_afirmaciones.csv:data/tablas/09/table-43-9-4-1-fichas-comparativas-por-grado-de-integracion.csv|10|genoma del socio comparado con parientes de vida libre; data/afirmaciones/09.csv:C-1066 Corrección de autor v3: valor positivo retirado tras rerevisión; hueco nominal pendiente de nueva revisión independiente."
"data/tablas/09/table-43-9-4-1-fichas-comparativas-por-grado-de-integracion.csv","10","EGT al núcleo; importación de proteínas de vuelta","2b1f9f5200fac5c086e75b5424c3b349181a75cbac6d6dda074ae2858312ee5e","HUECO DE TRAZABILIDAD: la consulta literal exacta del valor anterior no produjo coincidencias en los artefactos de fuentes/; no se adjudica un valor para este campo [BN-482]","C-1071","C-2718","Codex D (segunda revisión independiente)","La C describe la asociación o un rasgo positivo, pero la celda añade campos negativos (transmisión, genoma, EGT/importación, obligación, fecha o comparación) sin C literal. Cotejo: C-1071: El informe final KAKENHI 23117004 declaró 30 genes de Hatena como posibles candidatos de transferencia génica endosimbiótica. Localizadores: data/tablas/09/table-43-9-4-1-fichas-comparativas-por-grado-de-integracion.csv:fila 10:EGT al núcleo; importación de proteínas de vuelta; data/auditoria/mapeo_celdas_afirmaciones.csv:data/tablas/09/table-43-9-4-1-fichas-comparativas-por-grado-de-integracion.csv|10|EGT al núcleo; importación de proteínas de vuelta; data/afirmaciones/09.csv:C-1071 Corrección de autor v3: valor positivo retirado tras rerevisión; hueco nominal pendiente de nueva revisión independiente."
"data/tablas/09/table-43-9-4-1-fichas-comparativas-por-grado-de-integracion.csv","11","aporte documentado del hospedador; aporte documentado del socio","267b4cf1bc89ea950c02b3fc5fd0270e4e22ae48a5f625c651e7ae5650cc0ae4","HUECO DE TRAZABILIDAD: la consulta literal exacta del valor anterior no produjo coincidencias en los artefactos de fuentes/; no se adjudica un valor para este campo [BN-483]","C-1070","C-2719","Codex D (segunda revisión independiente)","La C describe la asociación o un rasgo positivo, pero la celda añade campos negativos (transmisión, genoma, EGT/importación, obligación, fecha o comparación) sin C literal. Cotejo: C-1070: Los cuerpos esferoidales muestran que la fijación de nitrógeno puede mantenerse después de perder la fotosíntesis del simbionte. Localizadores: data/tablas/09/table-43-9-4-1-fichas-comparativas-por-grado-de-integracion.csv:fila 11:aporte documentado del hospedador; aporte documentado del socio; data/auditoria/mapeo_celdas_afirmaciones.csv:data/tablas/09/table-43-9-4-1-fichas-comparativas-por-grado-de-integracion.csv|11|aporte documentado del hospedador; aporte documentado del socio; data/afirmaciones/09.csv:C-1070 Corrección de autor v3: valor positivo retirado tras rerevisión; hueco nominal pendiente de nueva revisión independiente."
"data/tablas/09/table-43-9-4-1-fichas-comparativas-por-grado-de-integracion.csv","11","transmisión","125b09d0afe78c4afdcd390c77f734aaa80b460676f337a74822c1e1878f73be","HUECO DE TRAZABILIDAD: la consulta literal exacta del valor anterior no produjo coincidencias en los artefactos de fuentes/; no se adjudica un valor para este campo [BN-484]","C-1070","C-2720","Codex D (segunda revisión independiente)","La C describe la asociación o un rasgo positivo, pero la celda añade campos negativos (transmisión, genoma, EGT/importación, obligación, fecha o comparación) sin C literal. Cotejo: C-1070: Los cuerpos esferoidales muestran que la fijación de nitrógeno puede mantenerse después de perder la fotosíntesis del simbionte. Localizadores: data/tablas/09/table-43-9-4-1-fichas-comparativas-por-grado-de-integracion.csv:fila 11:transmisión; data/auditoria/mapeo_celdas_afirmaciones.csv:data/tablas/09/table-43-9-4-1-fichas-comparativas-por-grado-de-integracion.csv|11|transmisión; data/afirmaciones/09.csv:C-1070 Corrección de autor v3: valor positivo retirado tras rerevisión; hueco nominal pendiente de nueva revisión independiente."
"data/tablas/09/table-43-9-4-1-fichas-comparativas-por-grado-de-integracion.csv","11","genoma del socio comparado con parientes de vida libre","fadd943ec484cf1c123f2d26d80298a61d0e734cdd3ba5516dbe576dabf033ad","HUECO DE TRAZABILIDAD: la consulta literal exacta del valor anterior no produjo coincidencias en los artefactos de fuentes/; no se adjudica un valor para este campo [BN-485]","C-1987","C-2721","Codex D (segunda revisión independiente)","La C de glosa solo declara cobertura parcial o huecos agregados del catálogo; no identifica literalmente este objeto, fila y campo ni todos los detalles de la celda. Cotejo: C-1987: La búsqueda BN-134 localizó antigüedad de inicio y tamaño genómico solo para subconjuntos del catálogo de asociaciones de la tabla 43, no para cada asociación bajo un método y comparando homogéneos. Localizadores: data/tablas/09/table-43-9-4-1-fichas-comparativas-por-grado-de-integracion.csv:fila 11:genoma del socio comparado con parientes de vida libre; data/auditoria/mapeo_celdas_afirmaciones.csv:data/tablas/09/table-43-9-4-1-fichas-comparativas-por-grado-de-integracion.csv|11|genoma del socio comparado con parientes de vida libre; data/afirmaciones/15.csv:C-1987 Corrección de autor v3: valor positivo retirado tras rerevisión; hueco nominal pendiente de nueva revisión independiente."
"data/tablas/09/table-43-9-4-1-fichas-comparativas-por-grado-de-integracion.csv","11","EGT al núcleo; importación de proteínas de vuelta","11c2133c29e0b09622bb25693a01bc294ee9b224037795b615db2d08bf3cfcb6","HUECO DE TRAZABILIDAD: la consulta literal exacta del valor anterior no produjo coincidencias en los artefactos de fuentes/; no se adjudica un valor para este campo [BN-486]","C-1070","C-2722","Codex D (segunda revisión independiente)","La C describe la asociación o un rasgo positivo, pero la celda añade campos negativos (transmisión, genoma, EGT/importación, obligación, fecha o comparación) sin C literal. Cotejo: C-1070: Los cuerpos esferoidales muestran que la fijación de nitrógeno puede mantenerse después de perder la fotosíntesis del simbionte. Localizadores: data/tablas/09/table-43-9-4-1-fichas-comparativas-por-grado-de-integracion.csv:fila 11:EGT al núcleo; importación de proteínas de vuelta; data/auditoria/mapeo_celdas_afirmaciones.csv:data/tablas/09/table-43-9-4-1-fichas-comparativas-por-grado-de-integracion.csv|11|EGT al núcleo; importación de proteínas de vuelta; data/afirmaciones/09.csv:C-1070 Corrección de autor v3: valor positivo retirado tras rerevisión; hueco nominal pendiente de nueva revisión independiente."
"data/tablas/09/table-43-9-4-1-fichas-comparativas-por-grado-de-integracion.csv","11","estado obligado, facultativo o reversible","ea2b3fa6659f57f6bea47821b5d4b600083950d3e423c73a9b3ba9ac149b4167","HUECO DE TRAZABILIDAD: la consulta literal exacta del valor anterior no produjo coincidencias en los artefactos de fuentes/; no se adjudica un valor para este campo [BN-487]","C-1070","C-2723","Codex D (segunda revisión independiente)","La C describe la asociación o un rasgo positivo, pero la celda añade campos negativos (transmisión, genoma, EGT/importación, obligación, fecha o comparación) sin C literal. Cotejo: C-1070: Los cuerpos esferoidales muestran que la fijación de nitrógeno puede mantenerse después de perder la fotosíntesis del simbionte. Localizadores: data/tablas/09/table-43-9-4-1-fichas-comparativas-por-grado-de-integracion.csv:fila 11:estado obligado, facultativo o reversible; data/auditoria/mapeo_celdas_afirmaciones.csv:data/tablas/09/table-43-9-4-1-fichas-comparativas-por-grado-de-integracion.csv|11|estado obligado, facultativo o reversible; data/afirmaciones/09.csv:C-1070 Corrección de autor v3: valor positivo retirado tras rerevisión; hueco nominal pendiente de nueva revisión independiente."
"data/tablas/09/table-43-9-4-1-fichas-comparativas-por-grado-de-integracion.csv","12","aporte documentado del hospedador; aporte documentado del socio","8e25703e39e23349bcef02ab92c219e6770eab8f91eca49b12cd900c31169db4","HUECO DE TRAZABILIDAD: la consulta literal exacta del valor anterior no produjo coincidencias en los artefactos de fuentes/; no se adjudica un valor para este campo [BN-488]","C-1072","C-2724","Codex D (segunda revisión independiente)","La C describe la asociación o un rasgo positivo, pero la celda añade campos negativos (transmisión, genoma, EGT/importación, obligación, fecha o comparación) sin C literal. Cotejo: C-1072: Mesodinium rubrum adquiere de criptófitas plastos, mitocondrias, nucleomorfos y núcleos. Localizadores: data/tablas/09/table-43-9-4-1-fichas-comparativas-por-grado-de-integracion.csv:fila 12:aporte documentado del hospedador; aporte documentado del socio; data/auditoria/mapeo_celdas_afirmaciones.csv:data/tablas/09/table-43-9-4-1-fichas-comparativas-por-grado-de-integracion.csv|12|aporte documentado del hospedador; aporte documentado del socio; data/afirmaciones/09.csv:C-1072 Corrección de autor v3: valor positivo retirado tras rerevisión; hueco nominal pendiente de nueva revisión independiente."
"data/tablas/09/table-43-9-4-1-fichas-comparativas-por-grado-de-integracion.csv","12","antigüedad estimada del inicio","1436becb5ed6dc141426168eb9d3857e4595b1ee72e8eed4d56c00f157d5a0c0","NO LOCALIZADO EN ESTA SESIÓN para el inicio de la asociación","C-1987","C-2725","Codex D (segunda revisión independiente)","La C de glosa solo declara cobertura parcial o huecos agregados del catálogo; no identifica literalmente este objeto, fila y campo ni todos los detalles de la celda. Cotejo: C-1987: La búsqueda BN-134 localizó antigüedad de inicio y tamaño genómico solo para subconjuntos del catálogo de asociaciones de la tabla 43, no para cada asociación bajo un método y comparando homogéneos. Localizadores: data/tablas/09/table-43-9-4-1-fichas-comparativas-por-grado-de-integracion.csv:fila 12:antigüedad estimada del inicio; data/auditoria/mapeo_celdas_afirmaciones.csv:data/tablas/09/table-43-9-4-1-fichas-comparativas-por-grado-de-integracion.csv|12|antigüedad estimada del inicio; data/afirmaciones/15.csv:C-1987"
"data/tablas/09/table-43-9-4-1-fichas-comparativas-por-grado-de-integracion.csv","12","genoma del socio comparado con parientes de vida libre","3bf0a718054cfd5af6bf0e7f3dfd11b073c65e69ea760765e9cc16524403f2a6","HUECO DE TRAZABILIDAD: la consulta literal exacta del valor anterior no produjo coincidencias en los artefactos de fuentes/; no se adjudica un valor para este campo [BN-489]","C-1987","C-2726","Codex D (segunda revisión independiente)","La C de glosa solo declara cobertura parcial o huecos agregados del catálogo; no identifica literalmente este objeto, fila y campo ni todos los detalles de la celda. Cotejo: C-1987: La búsqueda BN-134 localizó antigüedad de inicio y tamaño genómico solo para subconjuntos del catálogo de asociaciones de la tabla 43, no para cada asociación bajo un método y comparando homogéneos. Localizadores: data/tablas/09/table-43-9-4-1-fichas-comparativas-por-grado-de-integracion.csv:fila 12:genoma del socio comparado con parientes de vida libre; data/auditoria/mapeo_celdas_afirmaciones.csv:data/tablas/09/table-43-9-4-1-fichas-comparativas-por-grado-de-integracion.csv|12|genoma del socio comparado con parientes de vida libre; data/afirmaciones/15.csv:C-1987 Corrección de autor v3: valor positivo retirado tras rerevisión; hueco nominal pendiente de nueva revisión independiente."
"data/tablas/09/table-43-9-4-1-fichas-comparativas-por-grado-de-integracion.csv","12","EGT al núcleo; importación de proteínas de vuelta","1424d84ecf782f9ee1d87948eedd18cf1f032facbb86876603338432e7c9de56","HUECO DE TRAZABILIDAD: la consulta literal exacta del valor anterior no produjo coincidencias en los artefactos de fuentes/; no se adjudica un valor para este campo [BN-490]","C-1072","C-2727","Codex D (segunda revisión independiente)","La C describe la asociación o un rasgo positivo, pero la celda añade campos negativos (transmisión, genoma, EGT/importación, obligación, fecha o comparación) sin C literal. Cotejo: C-1072: Mesodinium rubrum adquiere de criptófitas plastos, mitocondrias, nucleomorfos y núcleos. Localizadores: data/tablas/09/table-43-9-4-1-fichas-comparativas-por-grado-de-integracion.csv:fila 12:EGT al núcleo; importación de proteínas de vuelta; data/auditoria/mapeo_celdas_afirmaciones.csv:data/tablas/09/table-43-9-4-1-fichas-comparativas-por-grado-de-integracion.csv|12|EGT al núcleo; importación de proteínas de vuelta; data/afirmaciones/09.csv:C-1072 Corrección de autor v3: valor positivo retirado tras rerevisión; hueco nominal pendiente de nueva revisión independiente."
"data/tablas/09/table-43-9-4-1-fichas-comparativas-por-grado-de-integracion.csv","13","antigüedad estimada del inicio","1436becb5ed6dc141426168eb9d3857e4595b1ee72e8eed4d56c00f157d5a0c0","NO LOCALIZADO EN ESTA SESIÓN para el inicio de la asociación","C-1987","C-2728","Codex D (segunda revisión independiente)","La C de glosa solo declara cobertura parcial o huecos agregados del catálogo; no identifica literalmente este objeto, fila y campo ni todos los detalles de la celda. Cotejo: C-1987: La búsqueda BN-134 localizó antigüedad de inicio y tamaño genómico solo para subconjuntos del catálogo de asociaciones de la tabla 43, no para cada asociación bajo un método y comparando homogéneos. Localizadores: data/tablas/09/table-43-9-4-1-fichas-comparativas-por-grado-de-integracion.csv:fila 13:antigüedad estimada del inicio; data/auditoria/mapeo_celdas_afirmaciones.csv:data/tablas/09/table-43-9-4-1-fichas-comparativas-por-grado-de-integracion.csv|13|antigüedad estimada del inicio; data/afirmaciones/15.csv:C-1987"
"data/tablas/09/table-43-9-4-1-fichas-comparativas-por-grado-de-integracion.csv","13","genoma del socio comparado con parientes de vida libre","7922e58c65c25eb167f87614b121af098161d89222930582416a885df71ba657","HUECO DE TRAZABILIDAD: la consulta literal exacta del valor anterior no produjo coincidencias en los artefactos de fuentes/; no se adjudica un valor para este campo [BN-491]","C-1075","C-2729","Codex D (segunda revisión independiente)","La C describe la asociación o un rasgo positivo, pero la celda añade campos negativos (transmisión, genoma, EGT/importación, obligación, fecha o comparación) sin C literal. Cotejo: C-1075: Dinophysis consume Mesodinium y retiene plastos de origen criptófito. Localizadores: data/tablas/09/table-43-9-4-1-fichas-comparativas-por-grado-de-integracion.csv:fila 13:genoma del socio comparado con parientes de vida libre; data/auditoria/mapeo_celdas_afirmaciones.csv:data/tablas/09/table-43-9-4-1-fichas-comparativas-por-grado-de-integracion.csv|13|genoma del socio comparado con parientes de vida libre; data/afirmaciones/09.csv:C-1075 Corrección de autor v3: valor positivo retirado tras rerevisión; hueco nominal pendiente de nueva revisión independiente."
"data/tablas/09/table-43-9-4-1-fichas-comparativas-por-grado-de-integracion.csv","13","EGT al núcleo; importación de proteínas de vuelta","ba7d5f3bd91004531c5f83e710f2b1c0bf5c8e590cbaefd54ff2a41d2262c45a","HUECO DE TRAZABILIDAD: la consulta literal exacta del valor anterior no produjo coincidencias en los artefactos de fuentes/; no se adjudica un valor para este campo [BN-492]","C-1075","C-2730","Codex D (segunda revisión independiente)","La C describe la asociación o un rasgo positivo, pero la celda añade campos negativos (transmisión, genoma, EGT/importación, obligación, fecha o comparación) sin C literal. Cotejo: C-1075: Dinophysis consume Mesodinium y retiene plastos de origen criptófito. Localizadores: data/tablas/09/table-43-9-4-1-fichas-comparativas-por-grado-de-integracion.csv:fila 13:EGT al núcleo; importación de proteínas de vuelta; data/auditoria/mapeo_celdas_afirmaciones.csv:data/tablas/09/table-43-9-4-1-fichas-comparativas-por-grado-de-integracion.csv|13|EGT al núcleo; importación de proteínas de vuelta; data/afirmaciones/09.csv:C-1075 Corrección de autor v3: valor positivo retirado tras rerevisión; hueco nominal pendiente de nueva revisión independiente."
"data/tablas/09/table-43-9-4-1-fichas-comparativas-por-grado-de-integracion.csv","13","estado obligado, facultativo o reversible","08bb8cac7df0d43a1328bc3b8d184b7c54dd2b1c9085baf2f4bbc02d618ccf78","HUECO DE TRAZABILIDAD: la consulta literal exacta del valor anterior no produjo coincidencias en los artefactos de fuentes/; no se adjudica un valor para este campo [BN-493]","C-1075","C-2731","Codex D (segunda revisión independiente)","La C describe la asociación o un rasgo positivo, pero la celda añade campos negativos (transmisión, genoma, EGT/importación, obligación, fecha o comparación) sin C literal. Cotejo: C-1075: Dinophysis consume Mesodinium y retiene plastos de origen criptófito. Localizadores: data/tablas/09/table-43-9-4-1-fichas-comparativas-por-grado-de-integracion.csv:fila 13:estado obligado, facultativo o reversible; data/auditoria/mapeo_celdas_afirmaciones.csv:data/tablas/09/table-43-9-4-1-fichas-comparativas-por-grado-de-integracion.csv|13|estado obligado, facultativo o reversible; data/afirmaciones/09.csv:C-1075 Corrección de autor v3: valor positivo retirado tras rerevisión; hueco nominal pendiente de nueva revisión independiente."
"data/tablas/09/table-43-9-4-1-fichas-comparativas-por-grado-de-integracion.csv","14","antigüedad estimada del inicio","1436becb5ed6dc141426168eb9d3857e4595b1ee72e8eed4d56c00f157d5a0c0","NO LOCALIZADO EN ESTA SESIÓN para el inicio de la asociación","C-1987","C-2732","Codex D (segunda revisión independiente)","La C de glosa solo declara cobertura parcial o huecos agregados del catálogo; no identifica literalmente este objeto, fila y campo ni todos los detalles de la celda. Cotejo: C-1987: La búsqueda BN-134 localizó antigüedad de inicio y tamaño genómico solo para subconjuntos del catálogo de asociaciones de la tabla 43, no para cada asociación bajo un método y comparando homogéneos. Localizadores: data/tablas/09/table-43-9-4-1-fichas-comparativas-por-grado-de-integracion.csv:fila 14:antigüedad estimada del inicio; data/auditoria/mapeo_celdas_afirmaciones.csv:data/tablas/09/table-43-9-4-1-fichas-comparativas-por-grado-de-integracion.csv|14|antigüedad estimada del inicio; data/afirmaciones/15.csv:C-1987"
"data/tablas/09/table-43-9-4-1-fichas-comparativas-por-grado-de-integracion.csv","14","genoma del socio comparado con parientes de vida libre","c803faa0168c00e77ab44b60d2d37804222e2bb93ce5e516f6d5c2a73fd8bb9e","HUECO DE TRAZABILIDAD: la consulta literal exacta del valor anterior no produjo coincidencias en los artefactos de fuentes/; no se adjudica un valor para este campo [BN-494]","C-1081; C-1079","C-2733","Codex D (segunda revisión independiente)","La C describe la asociación o un rasgo positivo, pero la celda añade campos negativos (transmisión, genoma, EGT/importación, obligación, fecha o comparación) sin C literal. Cotejo: C-1081: La kleptoplastia puede transferir temporalmente una función sin transferir hereditariamente los genes nucleares que la sostienen en el donante. | C-1079: El análisis de ADN de huevos de Elysia chlorotica no encontró evidencia de transferencia extensa de genes fotosintéticos a la línea germinal. Localizadores: data/tablas/09/table-43-9-4-1-fichas-comparativas-por-grado-de-integracion.csv:fila 14:genoma del socio comparado con parientes de vida libre; data/auditoria/mapeo_celdas_afirmaciones.csv:data/tablas/09/table-43-9-4-1-fichas-comparativas-por-grado-de-integracion.csv|14|genoma del socio comparado con parientes de vida libre; data/afirmaciones/09.csv:C-1081; data/afirmaciones/09.csv:C-1079 Corrección de autor v3: valor positivo retirado tras rerevisión; hueco nominal pendiente de nueva revisión independiente."
"data/tablas/09/table-43-9-4-1-fichas-comparativas-por-grado-de-integracion.csv","14","EGT al núcleo; importación de proteínas de vuelta","110577374a04a56a7f344582c006895be858d30ee6ca54ca550fc7ce119fe001","HUECO DE TRAZABILIDAD: la consulta literal exacta del valor anterior no produjo coincidencias en los artefactos de fuentes/; no se adjudica un valor para este campo [BN-495]","C-1081; C-1079","C-2734","Codex D (segunda revisión independiente)","La C describe la asociación o un rasgo positivo, pero la celda añade campos negativos (transmisión, genoma, EGT/importación, obligación, fecha o comparación) sin C literal. Cotejo: C-1081: La kleptoplastia puede transferir temporalmente una función sin transferir hereditariamente los genes nucleares que la sostienen en el donante. | C-1079: El análisis de ADN de huevos de Elysia chlorotica no encontró evidencia de transferencia extensa de genes fotosintéticos a la línea germinal. Localizadores: data/tablas/09/table-43-9-4-1-fichas-comparativas-por-grado-de-integracion.csv:fila 14:EGT al núcleo; importación de proteínas de vuelta; data/auditoria/mapeo_celdas_afirmaciones.csv:data/tablas/09/table-43-9-4-1-fichas-comparativas-por-grado-de-integracion.csv|14|EGT al núcleo; importación de proteínas de vuelta; data/afirmaciones/09.csv:C-1081; data/afirmaciones/09.csv:C-1079 Corrección de autor v3: valor positivo retirado tras rerevisión; hueco nominal pendiente de nueva revisión independiente."
"data/tablas/09/table-43-9-4-1-fichas-comparativas-por-grado-de-integracion.csv","15","aporte documentado del hospedador; aporte documentado del socio","39828e6753a4935d59589ca7716afc709f3901a5b92c2a4a858198bd10cea38e","HUECO DE TRAZABILIDAD: la consulta literal exacta del valor anterior no produjo coincidencias en los artefactos de fuentes/; no se adjudica un valor para este campo [BN-496]","C-1086","C-2735","Codex D (segunda revisión independiente)","La C describe la asociación o un rasgo positivo, pero la celda añade campos negativos (transmisión, genoma, EGT/importación, obligación, fecha o comparación) sin C literal. Cotejo: C-1086: Los nucleomorfos de criptófitos y cloraracniófitos tuvieron orígenes independientes en algas rojas y verdes incorporadas. Localizadores: data/tablas/09/table-43-9-4-1-fichas-comparativas-por-grado-de-integracion.csv:fila 15:aporte documentado del hospedador; aporte documentado del socio; data/auditoria/mapeo_celdas_afirmaciones.csv:data/tablas/09/table-43-9-4-1-fichas-comparativas-por-grado-de-integracion.csv|15|aporte documentado del hospedador; aporte documentado del socio; data/afirmaciones/09.csv:C-1086 Corrección de autor v3: valor positivo retirado tras rerevisión; hueco nominal pendiente de nueva revisión independiente."
"data/tablas/09/table-43-9-4-1-fichas-comparativas-por-grado-de-integracion.csv","15","antigüedad estimada del inicio","b38d836f880928c9a6c81fed94736f3173ba0e1c4af892a29925a082936db214","NO LOCALIZADO EN ESTA SESIÓN para el inicio de las dos adquisiciones","C-1987","C-2736","Codex D (segunda revisión independiente)","La C de glosa solo declara cobertura parcial o huecos agregados del catálogo; no identifica literalmente este objeto, fila y campo ni todos los detalles de la celda. Cotejo: C-1987: La búsqueda BN-134 localizó antigüedad de inicio y tamaño genómico solo para subconjuntos del catálogo de asociaciones de la tabla 43, no para cada asociación bajo un método y comparando homogéneos. Localizadores: data/tablas/09/table-43-9-4-1-fichas-comparativas-por-grado-de-integracion.csv:fila 15:antigüedad estimada del inicio; data/auditoria/mapeo_celdas_afirmaciones.csv:data/tablas/09/table-43-9-4-1-fichas-comparativas-por-grado-de-integracion.csv|15|antigüedad estimada del inicio; data/afirmaciones/15.csv:C-1987"
"data/tablas/09/table-43-9-4-1-fichas-comparativas-por-grado-de-integracion.csv","15","transmisión","968cf9d9dc8acd2e1392e642284f51570b0aefc1145a233af0519eb146e53d2c","HUECO DE TRAZABILIDAD: la consulta literal exacta del valor anterior no produjo coincidencias en los artefactos de fuentes/; no se adjudica un valor para este campo [BN-497]","C-1086","C-2737","Codex D (segunda revisión independiente)","La C describe la asociación o un rasgo positivo, pero la celda añade campos negativos (transmisión, genoma, EGT/importación, obligación, fecha o comparación) sin C literal. Cotejo: C-1086: Los nucleomorfos de criptófitos y cloraracniófitos tuvieron orígenes independientes en algas rojas y verdes incorporadas. Localizadores: data/tablas/09/table-43-9-4-1-fichas-comparativas-por-grado-de-integracion.csv:fila 15:transmisión; data/auditoria/mapeo_celdas_afirmaciones.csv:data/tablas/09/table-43-9-4-1-fichas-comparativas-por-grado-de-integracion.csv|15|transmisión; data/afirmaciones/09.csv:C-1086 Corrección de autor v3: valor positivo retirado tras rerevisión; hueco nominal pendiente de nueva revisión independiente."
"data/tablas/09/table-43-9-4-1-fichas-comparativas-por-grado-de-integracion.csv","15","genoma del socio comparado con parientes de vida libre","cb085190b7d4dd9db0a37cdd8dd6230b30db371528d707416186b512035085bd","HUECO DE TRAZABILIDAD: la consulta literal exacta del valor anterior no produjo coincidencias en los artefactos de fuentes/; no se adjudica un valor para este campo [BN-498]","C-1084","C-2738","Codex D (segunda revisión independiente)","La C describe la asociación o un rasgo positivo, pero la celda añade campos negativos (transmisión, genoma, EGT/importación, obligación, fecha o comparación) sin C literal. Cotejo: C-1084: El nucleomorfo de Guillardia theta mide aproximadamente 551 kb. Localizadores: data/tablas/09/table-43-9-4-1-fichas-comparativas-por-grado-de-integracion.csv:fila 15:genoma del socio comparado con parientes de vida libre; data/auditoria/mapeo_celdas_afirmaciones.csv:data/tablas/09/table-43-9-4-1-fichas-comparativas-por-grado-de-integracion.csv|15|genoma del socio comparado con parientes de vida libre; data/afirmaciones/09.csv:C-1084 Corrección de autor v3: valor positivo retirado tras rerevisión; hueco nominal pendiente de nueva revisión independiente."
"data/tablas/09/table-43-9-4-1-fichas-comparativas-por-grado-de-integracion.csv","15","EGT al núcleo; importación de proteínas de vuelta","9cc2ae931e895ee90fc19bd59089ae212a754accbdbde547a71f2761523560af","HUECO DE TRAZABILIDAD: la consulta literal exacta del valor anterior no produjo coincidencias en los artefactos de fuentes/; no se adjudica un valor para este campo [BN-499]","C-1086","C-2739","Codex D (segunda revisión independiente)","La C describe la asociación o un rasgo positivo, pero la celda añade campos negativos (transmisión, genoma, EGT/importación, obligación, fecha o comparación) sin C literal. Cotejo: C-1086: Los nucleomorfos de criptófitos y cloraracniófitos tuvieron orígenes independientes en algas rojas y verdes incorporadas. Localizadores: data/tablas/09/table-43-9-4-1-fichas-comparativas-por-grado-de-integracion.csv:fila 15:EGT al núcleo; importación de proteínas de vuelta; data/auditoria/mapeo_celdas_afirmaciones.csv:data/tablas/09/table-43-9-4-1-fichas-comparativas-por-grado-de-integracion.csv|15|EGT al núcleo; importación de proteínas de vuelta; data/afirmaciones/09.csv:C-1086 Corrección de autor v3: valor positivo retirado tras rerevisión; hueco nominal pendiente de nueva revisión independiente."
"data/tablas/09/table-43-9-4-1-fichas-comparativas-por-grado-de-integracion.csv","15","estado obligado, facultativo o reversible","8eebd4b4a9d502904a5637148c6e1da25b354cac42a4c1cb3ff90582417c96b8","HUECO DE TRAZABILIDAD: la consulta literal exacta del valor anterior no produjo coincidencias en los artefactos de fuentes/; no se adjudica un valor para este campo [BN-500]","C-1086","C-2740","Codex D (segunda revisión independiente)","La C describe la asociación o un rasgo positivo, pero la celda añade campos negativos (transmisión, genoma, EGT/importación, obligación, fecha o comparación) sin C literal. Cotejo: C-1086: Los nucleomorfos de criptófitos y cloraracniófitos tuvieron orígenes independientes en algas rojas y verdes incorporadas. Localizadores: data/tablas/09/table-43-9-4-1-fichas-comparativas-por-grado-de-integracion.csv:fila 15:estado obligado, facultativo o reversible; data/auditoria/mapeo_celdas_afirmaciones.csv:data/tablas/09/table-43-9-4-1-fichas-comparativas-por-grado-de-integracion.csv|15|estado obligado, facultativo o reversible; data/afirmaciones/09.csv:C-1086 Corrección de autor v3: valor positivo retirado tras rerevisión; hueco nominal pendiente de nueva revisión independiente."
"data/tablas/09/table-43-9-4-1-fichas-comparativas-por-grado-de-integracion.csv","16","antigüedad estimada del inicio","1436becb5ed6dc141426168eb9d3857e4595b1ee72e8eed4d56c00f157d5a0c0","NO LOCALIZADO EN ESTA SESIÓN para el inicio de la asociación","C-1987","C-2741","Codex D (segunda revisión independiente)","La C de glosa solo declara cobertura parcial o huecos agregados del catálogo; no identifica literalmente este objeto, fila y campo ni todos los detalles de la celda. Cotejo: C-1987: La búsqueda BN-134 localizó antigüedad de inicio y tamaño genómico solo para subconjuntos del catálogo de asociaciones de la tabla 43, no para cada asociación bajo un método y comparando homogéneos. Localizadores: data/tablas/09/table-43-9-4-1-fichas-comparativas-por-grado-de-integracion.csv:fila 16:antigüedad estimada del inicio; data/auditoria/mapeo_celdas_afirmaciones.csv:data/tablas/09/table-43-9-4-1-fichas-comparativas-por-grado-de-integracion.csv|16|antigüedad estimada del inicio; data/afirmaciones/15.csv:C-1987"
"data/tablas/09/table-43-9-4-1-fichas-comparativas-por-grado-de-integracion.csv","16","transmisión","f31f54c14117a305841b347499ea6182880756b410acd85e3d403f5e4f176d29","HUECO DE TRAZABILIDAD: la consulta literal exacta del valor anterior no produjo coincidencias en los artefactos de fuentes/; no se adjudica un valor para este campo [BN-501]","C-1212","C-2742","Codex D (segunda revisión independiente)","La C describe la asociación o un rasgo positivo, pero la celda añade campos negativos (transmisión, genoma, EGT/importación, obligación, fecha o comparación) sin C literal. Cotejo: C-1212: La persistencia estable y obligada del endosimbionte diatomeo no produjo una transferencia génica masiva comparable a la inferida en kareniáceos. Localizadores: data/tablas/09/table-43-9-4-1-fichas-comparativas-por-grado-de-integracion.csv:fila 16:transmisión; data/auditoria/mapeo_celdas_afirmaciones.csv:data/tablas/09/table-43-9-4-1-fichas-comparativas-por-grado-de-integracion.csv|16|transmisión; data/afirmaciones/09.csv:C-1212 Corrección de autor v3: valor positivo retirado tras rerevisión; hueco nominal pendiente de nueva revisión independiente."
"data/tablas/09/table-43-9-4-1-fichas-comparativas-por-grado-de-integracion.csv","16","EGT al núcleo; importación de proteínas de vuelta","b4512c9ae8644d63f8483950cefebe0f0e3484f07d56d9d9fec48fb6fae891a2","HUECO DE TRAZABILIDAD: la consulta literal exacta del valor anterior no produjo coincidencias en los artefactos de fuentes/; no se adjudica un valor para este campo [BN-502]","C-1211","C-2743","Codex D (segunda revisión independiente)","La C describe la asociación o un rasgo positivo, pero la celda añade campos negativos (transmisión, genoma, EGT/importación, obligación, fecha o comparación) sin C literal. Cotejo: C-1211: Burki y colaboradores identificaron nueve candidatos de transferencia génica endosimbiótica en dinotomos y noventa en kareniáceos. Localizadores: data/tablas/09/table-43-9-4-1-fichas-comparativas-por-grado-de-integracion.csv:fila 16:EGT al núcleo; importación de proteínas de vuelta; data/auditoria/mapeo_celdas_afirmaciones.csv:data/tablas/09/table-43-9-4-1-fichas-comparativas-por-grado-de-integracion.csv|16|EGT al núcleo; importación de proteínas de vuelta; data/afirmaciones/09.csv:C-1211 Corrección de autor v3: valor positivo retirado tras rerevisión; hueco nominal pendiente de nueva revisión independiente."
"data/tablas/09/table-43-9-4-1-fichas-comparativas-por-grado-de-integracion.csv","17","aporte documentado del hospedador; aporte documentado del socio","a1396231c1ac4be86c3098d9fa8568e074837b61ec7f93533e131e4e552b5553","HUECO DE TRAZABILIDAD: la consulta literal exacta del valor anterior no produjo coincidencias en los artefactos de fuentes/; no se adjudica un valor para este campo [BN-503]","C-1214","C-2744","Codex D (segunda revisión independiente)","La C describe la asociación o un rasgo positivo, pero la celda añade campos negativos (transmisión, genoma, EGT/importación, obligación, fecha o comparación) sin C literal. Cotejo: C-1214: La filogenia plastidial de Karlodinium veneficum respaldó un origen haptófito con bootstrap de 100 %, pero no resolvió si los plastos de Karlodinium y Karenia derivan de una sola endosimbiosis terciaria o de adquisiciones independientes. Localizadores: data/tablas/09/table-43-9-4-1-fichas-comparativas-por-grado-de-integracion.csv:fila 17:aporte documentado del hospedador; aporte documentado del socio; data/auditoria/mapeo_celdas_afirmaciones.csv:data/tablas/09/table-43-9-4-1-fichas-comparativas-por-grado-de-integracion.csv|17|aporte documentado del hospedador; aporte documentado del socio; data/afirmaciones/09.csv:C-1214 Corrección de autor v3: valor positivo retirado tras rerevisión; hueco nominal pendiente de nueva revisión independiente."
"data/tablas/09/table-43-9-4-1-fichas-comparativas-por-grado-de-integracion.csv","17","antigüedad estimada del inicio","1436becb5ed6dc141426168eb9d3857e4595b1ee72e8eed4d56c00f157d5a0c0","NO LOCALIZADO EN ESTA SESIÓN para el inicio de la asociación","C-1987","C-2745","Codex D (segunda revisión independiente)","La C de glosa solo declara cobertura parcial o huecos agregados del catálogo; no identifica literalmente este objeto, fila y campo ni todos los detalles de la celda. Cotejo: C-1987: La búsqueda BN-134 localizó antigüedad de inicio y tamaño genómico solo para subconjuntos del catálogo de asociaciones de la tabla 43, no para cada asociación bajo un método y comparando homogéneos. Localizadores: data/tablas/09/table-43-9-4-1-fichas-comparativas-por-grado-de-integracion.csv:fila 17:antigüedad estimada del inicio; data/auditoria/mapeo_celdas_afirmaciones.csv:data/tablas/09/table-43-9-4-1-fichas-comparativas-por-grado-de-integracion.csv|17|antigüedad estimada del inicio; data/afirmaciones/15.csv:C-1987"
"data/tablas/09/table-43-9-4-1-fichas-comparativas-por-grado-de-integracion.csv","17","transmisión","130a73a16192d507b55210e1c0d8de582d8182dd4457616f3aefa16d654a8818","HUECO DE TRAZABILIDAD: la consulta literal exacta del valor anterior no produjo coincidencias en los artefactos de fuentes/; no se adjudica un valor para este campo [BN-504]","C-1214","C-2746","Codex D (segunda revisión independiente)","La C describe la asociación o un rasgo positivo, pero la celda añade campos negativos (transmisión, genoma, EGT/importación, obligación, fecha o comparación) sin C literal. Cotejo: C-1214: La filogenia plastidial de Karlodinium veneficum respaldó un origen haptófito con bootstrap de 100 %, pero no resolvió si los plastos de Karlodinium y Karenia derivan de una sola endosimbiosis terciaria o de adquisiciones independientes. Localizadores: data/tablas/09/table-43-9-4-1-fichas-comparativas-por-grado-de-integracion.csv:fila 17:transmisión; data/auditoria/mapeo_celdas_afirmaciones.csv:data/tablas/09/table-43-9-4-1-fichas-comparativas-por-grado-de-integracion.csv|17|transmisión; data/afirmaciones/09.csv:C-1214 Corrección de autor v3: valor positivo retirado tras rerevisión; hueco nominal pendiente de nueva revisión independiente."
"data/tablas/09/table-43-9-4-1-fichas-comparativas-por-grado-de-integracion.csv","17","EGT al núcleo; importación de proteínas de vuelta","30633bb1aadf5a886de4faf313c9ffab802a0af94210e4b5de80e6b1c46e944e","HUECO DE TRAZABILIDAD: la consulta literal exacta del valor anterior no produjo coincidencias en los artefactos de fuentes/; no se adjudica un valor para este campo [BN-505]","C-1211","C-2747","Codex D (segunda revisión independiente)","La C describe la asociación o un rasgo positivo, pero la celda añade campos negativos (transmisión, genoma, EGT/importación, obligación, fecha o comparación) sin C literal. Cotejo: C-1211: Burki y colaboradores identificaron nueve candidatos de transferencia génica endosimbiótica en dinotomos y noventa en kareniáceos. Localizadores: data/tablas/09/table-43-9-4-1-fichas-comparativas-por-grado-de-integracion.csv:fila 17:EGT al núcleo; importación de proteínas de vuelta; data/auditoria/mapeo_celdas_afirmaciones.csv:data/tablas/09/table-43-9-4-1-fichas-comparativas-por-grado-de-integracion.csv|17|EGT al núcleo; importación de proteínas de vuelta; data/afirmaciones/09.csv:C-1211 Corrección de autor v3: valor positivo retirado tras rerevisión; hueco nominal pendiente de nueva revisión independiente."
"data/tablas/09/table-43-9-4-1-fichas-comparativas-por-grado-de-integracion.csv","17","estado obligado, facultativo o reversible","2ab6690488272fd2d9b32b39f09ebf693bb1196659c6ed097b388f08de7fba8e","HUECO DE TRAZABILIDAD: la consulta literal exacta del valor anterior no produjo coincidencias en los artefactos de fuentes/; no se adjudica un valor para este campo [BN-506]","C-1214","C-2748","Codex D (segunda revisión independiente)","La C describe la asociación o un rasgo positivo, pero la celda añade campos negativos (transmisión, genoma, EGT/importación, obligación, fecha o comparación) sin C literal. Cotejo: C-1214: La filogenia plastidial de Karlodinium veneficum respaldó un origen haptófito con bootstrap de 100 %, pero no resolvió si los plastos de Karlodinium y Karenia derivan de una sola endosimbiosis terciaria o de adquisiciones independientes. Localizadores: data/tablas/09/table-43-9-4-1-fichas-comparativas-por-grado-de-integracion.csv:fila 17:estado obligado, facultativo o reversible; data/auditoria/mapeo_celdas_afirmaciones.csv:data/tablas/09/table-43-9-4-1-fichas-comparativas-por-grado-de-integracion.csv|17|estado obligado, facultativo o reversible; data/afirmaciones/09.csv:C-1214 Corrección de autor v3: valor positivo retirado tras rerevisión; hueco nominal pendiente de nueva revisión independiente."
"data/tablas/09/table-43-9-4-1-fichas-comparativas-por-grado-de-integracion.csv","18","antigüedad estimada del inicio","c0155a9829e4dd07a6c3453263a266ec40bd6d15cbf210d0f60658cf6a74aaf7","NO LOCALIZADO EN ESTA SESIÓN para el inicio de cada reemplazo","C-1987","C-2749","Codex D (segunda revisión independiente)","La C de glosa solo declara cobertura parcial o huecos agregados del catálogo; no identifica literalmente este objeto, fila y campo ni todos los detalles de la celda. Cotejo: C-1987: La búsqueda BN-134 localizó antigüedad de inicio y tamaño genómico solo para subconjuntos del catálogo de asociaciones de la tabla 43, no para cada asociación bajo un método y comparando homogéneos. Localizadores: data/tablas/09/table-43-9-4-1-fichas-comparativas-por-grado-de-integracion.csv:fila 18:antigüedad estimada del inicio; data/auditoria/mapeo_celdas_afirmaciones.csv:data/tablas/09/table-43-9-4-1-fichas-comparativas-por-grado-de-integracion.csv|18|antigüedad estimada del inicio; data/afirmaciones/15.csv:C-1987"
"data/tablas/09/table-43-9-4-1-fichas-comparativas-por-grado-de-integracion.csv","18","transmisión","eb4724f26c8760f8fe886f6a1bb68acf1a04596244cdc6a5bee072e270dd0d22","HUECO DE TRAZABILIDAD: la consulta literal exacta del valor anterior no produjo coincidencias en los artefactos de fuentes/; no se adjudica un valor para este campo [BN-507]","C-1094","C-2750","Codex D (segunda revisión independiente)","La C describe la asociación o un rasgo positivo, pero la celda añade campos negativos (transmisión, genoma, EGT/importación, obligación, fecha o comparación) sin C literal. Cotejo: C-1094: El endosimbionte interno de Tremblaya fue reemplazado repetidamente en distintos linajes de piojos harinosos. Localizadores: data/tablas/09/table-43-9-4-1-fichas-comparativas-por-grado-de-integracion.csv:fila 18:transmisión; data/auditoria/mapeo_celdas_afirmaciones.csv:data/tablas/09/table-43-9-4-1-fichas-comparativas-por-grado-de-integracion.csv|18|transmisión; data/afirmaciones/09.csv:C-1094 Corrección de autor v3: valor positivo retirado tras rerevisión; hueco nominal pendiente de nueva revisión independiente."
"data/tablas/09/table-43-9-4-1-fichas-comparativas-por-grado-de-integracion.csv","18","genoma del socio comparado con parientes de vida libre","b0f4b6202732f4a635b3af78a8173d88fbc5763a663c835179761d63f2ff90ea","HUECO DE TRAZABILIDAD: la consulta literal exacta del valor anterior no produjo coincidencias en los artefactos de fuentes/; no se adjudica un valor para este campo [BN-508]","C-1091; C-1090","C-2751","Codex D (segunda revisión independiente)","La C describe la asociación o un rasgo positivo, pero la celda añade campos negativos (transmisión, genoma, EGT/importación, obligación, fecha o comparación) sin C literal. Cotejo: C-1091: El genoma de Moranella endobia mide 538.294 bp. | C-1090: El genoma de Tremblaya princeps mide 138.927 bp. Localizadores: data/tablas/09/table-43-9-4-1-fichas-comparativas-por-grado-de-integracion.csv:fila 18:genoma del socio comparado con parientes de vida libre; data/auditoria/mapeo_celdas_afirmaciones.csv:data/tablas/09/table-43-9-4-1-fichas-comparativas-por-grado-de-integracion.csv|18|genoma del socio comparado con parientes de vida libre; data/afirmaciones/09.csv:C-1091; data/afirmaciones/09.csv:C-1090 Corrección de autor v3: valor positivo retirado tras rerevisión; hueco nominal pendiente de nueva revisión independiente."
"data/tablas/09/table-43-9-4-1-fichas-comparativas-por-grado-de-integracion.csv","18","EGT al núcleo; importación de proteínas de vuelta","502e961fc7f4914aa9eb2b19e7aa9055023c1ac70d40c555161f8f79dc9ad1a2","HUECO DE TRAZABILIDAD: la consulta literal exacta del valor anterior no produjo coincidencias en los artefactos de fuentes/; no se adjudica un valor para este campo [BN-509]","C-1092","C-2752","Codex D (segunda revisión independiente)","La C describe la asociación o un rasgo positivo, pero la celda añade campos negativos (transmisión, genoma, EGT/importación, obligación, fecha o comparación) sin C literal. Cotejo: C-1092: Tremblaya, Moranella y el piojo harinoso completan conjuntamente rutas de aminoácidos esenciales. Localizadores: data/tablas/09/table-43-9-4-1-fichas-comparativas-por-grado-de-integracion.csv:fila 18:EGT al núcleo; importación de proteínas de vuelta; data/auditoria/mapeo_celdas_afirmaciones.csv:data/tablas/09/table-43-9-4-1-fichas-comparativas-por-grado-de-integracion.csv|18|EGT al núcleo; importación de proteínas de vuelta; data/afirmaciones/09.csv:C-1092 Corrección de autor v3: valor positivo retirado tras rerevisión; hueco nominal pendiente de nueva revisión independiente."
"data/tablas/09/table-43-9-4-1-fichas-comparativas-por-grado-de-integracion.csv","19","aporte documentado del hospedador; aporte documentado del socio","1921a7a839cd712a322391f5aa0cf182cf88f37454219cb39e6e323885f31a2b","HUECO DE TRAZABILIDAD: la consulta literal exacta del valor anterior no produjo coincidencias en los artefactos de fuentes/; no se adjudica un valor para este campo [BN-510]","C-1097","C-2753","Codex D (segunda revisión independiente)","La C describe la asociación o un rasgo positivo, pero la celda añade campos negativos (transmisión, genoma, EGT/importación, obligación, fecha o comparación) sin C literal. Cotejo: C-1097: Buchnera suministra aminoácidos esenciales que son escasos en la dieta de savia de los áfidos. Localizadores: data/tablas/09/table-43-9-4-1-fichas-comparativas-por-grado-de-integracion.csv:fila 19:aporte documentado del hospedador; aporte documentado del socio; data/auditoria/mapeo_celdas_afirmaciones.csv:data/tablas/09/table-43-9-4-1-fichas-comparativas-por-grado-de-integracion.csv|19|aporte documentado del hospedador; aporte documentado del socio; data/afirmaciones/09.csv:C-1097 Corrección de autor v3: valor positivo retirado tras rerevisión; hueco nominal pendiente de nueva revisión independiente."
"data/tablas/09/table-43-9-4-1-fichas-comparativas-por-grado-de-integracion.csv","19","genoma del socio comparado con parientes de vida libre","1ab6cfa738ebfcd0c338b80ac07e09597372f78b18296f335f5c6033f71bbfc5","HUECO DE TRAZABILIDAD: la consulta literal exacta del valor anterior no produjo coincidencias en los artefactos de fuentes/; no se adjudica un valor para este campo [BN-511]","C-1101","C-2754","Codex D (segunda revisión independiente)","La C describe la asociación o un rasgo positivo, pero la celda añade campos negativos (transmisión, genoma, EGT/importación, obligación, fecha o comparación) sin C literal. Cotejo: C-1101: Los genomas modernos de Buchnera analizados abarcaron 412–646 kb y 354–587 genes proteicos. Localizadores: data/tablas/09/table-43-9-4-1-fichas-comparativas-por-grado-de-integracion.csv:fila 19:genoma del socio comparado con parientes de vida libre; data/auditoria/mapeo_celdas_afirmaciones.csv:data/tablas/09/table-43-9-4-1-fichas-comparativas-por-grado-de-integracion.csv|19|genoma del socio comparado con parientes de vida libre; data/afirmaciones/09.csv:C-1101 Corrección de autor v3: valor positivo retirado tras rerevisión; hueco nominal pendiente de nueva revisión independiente."
"data/tablas/09/table-43-9-4-1-fichas-comparativas-por-grado-de-integracion.csv","19","EGT al núcleo; importación de proteínas de vuelta","08a6f0ebb9724f8749c2cc0c36f5ff95b39fbdfc53e8229a8cff86f596e39133","HUECO DE TRAZABILIDAD: la consulta literal exacta del valor anterior no produjo coincidencias en los artefactos de fuentes/; no se adjudica un valor para este campo [BN-512]","C-1098; C-1097","C-2755","Codex D (segunda revisión independiente)","La C describe la asociación o un rasgo positivo, pero la celda añade campos negativos (transmisión, genoma, EGT/importación, obligación, fecha o comparación) sin C literal. Cotejo: C-1098: Buchnera se transmite maternalmente dentro de bacteriocitos y no se cultiva de forma autónoma. | C-1097: Buchnera suministra aminoácidos esenciales que son escasos en la dieta de savia de los áfidos. Localizadores: data/tablas/09/table-43-9-4-1-fichas-comparativas-por-grado-de-integracion.csv:fila 19:EGT al núcleo; importación de proteínas de vuelta; data/auditoria/mapeo_celdas_afirmaciones.csv:data/tablas/09/table-43-9-4-1-fichas-comparativas-por-grado-de-integracion.csv|19|EGT al núcleo; importación de proteínas de vuelta; data/afirmaciones/09.csv:C-1098; data/afirmaciones/09.csv:C-1097 Corrección de autor v3: valor positivo retirado tras rerevisión; hueco nominal pendiente de nueva revisión independiente."
"data/tablas/09/table-43-9-4-1-fichas-comparativas-por-grado-de-integracion.csv","20","aporte documentado del hospedador; aporte documentado del socio","6caf309efc8414f18d2c78128a67fcc01fbc6485eee660bfa37f69f78f5abe53","HUECO DE TRAZABILIDAD: la consulta literal exacta del valor anterior no produjo coincidencias en los artefactos de fuentes/; no se adjudica un valor para este campo [BN-513]","C-1105","C-2756","Codex D (segunda revisión independiente)","La C describe la asociación o un rasgo positivo, pero la celda añade campos negativos (transmisión, genoma, EGT/importación, obligación, fecha o comparación) sin C literal. Cotejo: C-1105: La filogenia de Wolbachia en lepidópteros muestra transferencia horizontal común entre especies. Localizadores: data/tablas/09/table-43-9-4-1-fichas-comparativas-por-grado-de-integracion.csv:fila 20:aporte documentado del hospedador; aporte documentado del socio; data/auditoria/mapeo_celdas_afirmaciones.csv:data/tablas/09/table-43-9-4-1-fichas-comparativas-por-grado-de-integracion.csv|20|aporte documentado del hospedador; aporte documentado del socio; data/afirmaciones/09.csv:C-1105 Corrección de autor v3: valor positivo retirado tras rerevisión; hueco nominal pendiente de nueva revisión independiente."
"data/tablas/09/table-43-9-4-1-fichas-comparativas-por-grado-de-integracion.csv","20","antigüedad estimada del inicio","e927715f960aa758a0279b22a3a59cc969c694c97054573ca7b0223ca18a92af","NO LOCALIZADO EN ESTA SESIÓN para un inicio único","C-1987","C-2757","Codex D (segunda revisión independiente)","La C de glosa solo declara cobertura parcial o huecos agregados del catálogo; no identifica literalmente este objeto, fila y campo ni todos los detalles de la celda. Cotejo: C-1987: La búsqueda BN-134 localizó antigüedad de inicio y tamaño genómico solo para subconjuntos del catálogo de asociaciones de la tabla 43, no para cada asociación bajo un método y comparando homogéneos. Localizadores: data/tablas/09/table-43-9-4-1-fichas-comparativas-por-grado-de-integracion.csv:fila 20:antigüedad estimada del inicio; data/auditoria/mapeo_celdas_afirmaciones.csv:data/tablas/09/table-43-9-4-1-fichas-comparativas-por-grado-de-integracion.csv|20|antigüedad estimada del inicio; data/afirmaciones/15.csv:C-1987"
"data/tablas/09/table-43-9-4-1-fichas-comparativas-por-grado-de-integracion.csv","20","genoma del socio comparado con parientes de vida libre","d8c3998658f59adde40a90b38dcadd19133d0ec92a203ccc9f0cd1b5aa3417dc","HUECO DE TRAZABILIDAD: la consulta literal exacta del valor anterior no produjo coincidencias en los artefactos de fuentes/; no se adjudica un valor para este campo [BN-514]","C-1987","C-2758","Codex D (segunda revisión independiente)","La C de glosa solo declara cobertura parcial o huecos agregados del catálogo; no identifica literalmente este objeto, fila y campo ni todos los detalles de la celda. Cotejo: C-1987: La búsqueda BN-134 localizó antigüedad de inicio y tamaño genómico solo para subconjuntos del catálogo de asociaciones de la tabla 43, no para cada asociación bajo un método y comparando homogéneos. Localizadores: data/tablas/09/table-43-9-4-1-fichas-comparativas-por-grado-de-integracion.csv:fila 20:genoma del socio comparado con parientes de vida libre; data/auditoria/mapeo_celdas_afirmaciones.csv:data/tablas/09/table-43-9-4-1-fichas-comparativas-por-grado-de-integracion.csv|20|genoma del socio comparado con parientes de vida libre; data/afirmaciones/15.csv:C-1987 Corrección de autor v3: valor positivo retirado tras rerevisión; hueco nominal pendiente de nueva revisión independiente."
"data/tablas/09/table-43-9-4-1-fichas-comparativas-por-grado-de-integracion.csv","20","EGT al núcleo; importación de proteínas de vuelta","90ebb84bacfaaee98933614b76f8dfbd10b68b336d95cc1baabf32a93781a84e","HUECO DE TRAZABILIDAD: la consulta literal exacta del valor anterior no produjo coincidencias en los artefactos de fuentes/; no se adjudica un valor para este campo [BN-515]","C-1105","C-2759","Codex D (segunda revisión independiente)","La C describe la asociación o un rasgo positivo, pero la celda añade campos negativos (transmisión, genoma, EGT/importación, obligación, fecha o comparación) sin C literal. Cotejo: C-1105: La filogenia de Wolbachia en lepidópteros muestra transferencia horizontal común entre especies. Localizadores: data/tablas/09/table-43-9-4-1-fichas-comparativas-por-grado-de-integracion.csv:fila 20:EGT al núcleo; importación de proteínas de vuelta; data/auditoria/mapeo_celdas_afirmaciones.csv:data/tablas/09/table-43-9-4-1-fichas-comparativas-por-grado-de-integracion.csv|20|EGT al núcleo; importación de proteínas de vuelta; data/afirmaciones/09.csv:C-1105 Corrección de autor v3: valor positivo retirado tras rerevisión; hueco nominal pendiente de nueva revisión independiente."
"data/tablas/09/table-44-9-7-1-correlatos-publicados.csv","4","tipo de apoyo","e7853b4ea349a615ff534cdfbe510df4a2bf34a6e0fa12d216180a6e7482be13","experimento/modelo y comparación genómica; la selección puede frenarlo y algunas endobacterias conservan recombinación","C-1114","C-2760","Codex D (segunda revisión independiente)","La C sostiene la conservación de recombinación, pero no el experimento/modelo completo ni que la selección pueda frenar el proceso, añadidos por la celda. Cotejo: C-1114: Endobacterias hereditarias de hongos pueden conservar recombinación y plasticidad genómica durante asociaciones antiguas. Localizadores: data/tablas/09/table-44-9-7-1-correlatos-publicados.csv:fila 4:tipo de apoyo; data/auditoria/mapeo_celdas_afirmaciones.csv:data/tablas/09/table-44-9-7-1-correlatos-publicados.csv|4|tipo de apoyo; data/afirmaciones/09.csv:C-1114"
"data/tablas/09/table-45-9-8-1-gradiente-funcional-comparado.csv","2","funciones perdidas o no demostradas","572de76720d7d3aaf3e965a07681cf44a2cd96fe970f8c8539951337f72e7885","HUECO DE TRAZABILIDAD: la consulta literal exacta del valor anterior no produjo coincidencias en los artefactos de fuentes/; no se adjudica un valor para este campo [BN-516]","C-1122","C-2761","Codex D (segunda revisión independiente)","Las C describen función u orgánulo; no afirman literalmente el NO LOCALIZADO/NO APLICA, el rendimiento, el ambiente o las pérdidas adicionales escritos en esta celda. Cotejo: C-1122: Las mitocondrias aerobias conservan fosforilación oxidativa y una cadena respiratoria acoplada a síntesis de ATP. Localizadores: data/tablas/09/table-45-9-8-1-gradiente-funcional-comparado.csv:fila 2:funciones perdidas o no demostradas; data/auditoria/mapeo_celdas_afirmaciones.csv:data/tablas/09/table-45-9-8-1-gradiente-funcional-comparado.csv|2|funciones perdidas o no demostradas; data/afirmaciones/09.csv:C-1122 Corrección de autor v3: valor positivo retirado tras rerevisión; hueco nominal pendiente de nueva revisión independiente."
"data/tablas/09/table-45-9-8-1-gradiente-funcional-comparado.csv","2","rendimiento energético localizado","9118c1b64ceae28ce45b276a801d426b2dc9ae111665eb6ff51f773edf107bbb","HUECO DE TRAZABILIDAD: la consulta literal exacta del valor anterior no produjo coincidencias en los artefactos de fuentes/; no se adjudica un valor para este campo [BN-517]","C-1122","C-2762","Codex D (segunda revisión independiente)","Las C describen función u orgánulo; no afirman literalmente el NO LOCALIZADO/NO APLICA, el rendimiento, el ambiente o las pérdidas adicionales escritos en esta celda. Cotejo: C-1122: Las mitocondrias aerobias conservan fosforilación oxidativa y una cadena respiratoria acoplada a síntesis de ATP. Localizadores: data/tablas/09/table-45-9-8-1-gradiente-funcional-comparado.csv:fila 2:rendimiento energético localizado; data/auditoria/mapeo_celdas_afirmaciones.csv:data/tablas/09/table-45-9-8-1-gradiente-funcional-comparado.csv|2|rendimiento energético localizado; data/afirmaciones/09.csv:C-1122 Corrección de autor v3: valor positivo retirado tras rerevisión; hueco nominal pendiente de nueva revisión independiente."
"data/tablas/09/table-45-9-8-1-gradiente-funcional-comparado.csv","2","ambiente o asociación documentado","01f353671df013d162cf94015b3ad0c57970c5f300da0e4111cfacab7c97cf27","HUECO DE TRAZABILIDAD: la consulta literal exacta del valor anterior no produjo coincidencias en los artefactos de fuentes/; no se adjudica un valor para este campo [BN-518]","C-1122","C-2763","Codex D (segunda revisión independiente)","Las C describen función u orgánulo; no afirman literalmente el NO LOCALIZADO/NO APLICA, el rendimiento, el ambiente o las pérdidas adicionales escritos en esta celda. Cotejo: C-1122: Las mitocondrias aerobias conservan fosforilación oxidativa y una cadena respiratoria acoplada a síntesis de ATP. Localizadores: data/tablas/09/table-45-9-8-1-gradiente-funcional-comparado.csv:fila 2:ambiente o asociación documentado; data/auditoria/mapeo_celdas_afirmaciones.csv:data/tablas/09/table-45-9-8-1-gradiente-funcional-comparado.csv|2|ambiente o asociación documentado; data/afirmaciones/09.csv:C-1122 Corrección de autor v3: valor positivo retirado tras rerevisión; hueco nominal pendiente de nueva revisión independiente."
"data/tablas/09/table-45-9-8-1-gradiente-funcional-comparado.csv","3","rendimiento energético localizado","c54c221054c04d8defbe9e0041c5f0680ce8a9d8e6a245af64336ccc45a9908c","NO LOCALIZADO EN ESTA SESIÓN como ATP por unidad; BN-045","C-1129; C-1124","C-2764","Codex D (segunda revisión independiente)","Las C describen función u orgánulo; no afirman literalmente el NO LOCALIZADO/NO APLICA, el rendimiento, el ambiente o las pérdidas adicionales escritos en esta celda. Cotejo: C-1129: Nyctotherus ovalis alberga metanógenos que consumen el H₂ producido por sus orgánulos. | C-1124: Nyctotherus ovalis vive en ambientes intestinales anóxicos y posee mitocondrias productoras de hidrógeno. Localizadores: data/tablas/09/table-45-9-8-1-gradiente-funcional-comparado.csv:fila 3:rendimiento energético localizado; data/auditoria/mapeo_celdas_afirmaciones.csv:data/tablas/09/table-45-9-8-1-gradiente-funcional-comparado.csv|3|rendimiento energético localizado; data/afirmaciones/09.csv:C-1129; data/afirmaciones/09.csv:C-1124"
"data/tablas/09/table-45-9-8-1-gradiente-funcional-comparado.csv","4","rendimiento energético localizado","eead832eefa7aa557999a47772e02a280861b58610bf2d34026972d02c4c1e98","HUECO DE TRAZABILIDAD: la consulta literal exacta del valor anterior no produjo coincidencias en los artefactos de fuentes/; no se adjudica un valor para este campo [BN-519]","C-1133","C-2765","Codex D (segunda revisión independiente)","Las C describen función u orgánulo; no afirman literalmente el NO LOCALIZADO/NO APLICA, el rendimiento, el ambiente o las pérdidas adicionales escritos en esta celda. Cotejo: C-1133: Los hidrogenosomas de Trichomonas forman ATP por fosforilación a nivel de sustrato y no por fosforilación oxidativa. Localizadores: data/tablas/09/table-45-9-8-1-gradiente-funcional-comparado.csv:fila 4:rendimiento energético localizado; data/auditoria/mapeo_celdas_afirmaciones.csv:data/tablas/09/table-45-9-8-1-gradiente-funcional-comparado.csv|4|rendimiento energético localizado; data/afirmaciones/09.csv:C-1133 Corrección de autor v3: valor positivo retirado tras rerevisión; hueco nominal pendiente de nueva revisión independiente."
"data/tablas/09/table-45-9-8-1-gradiente-funcional-comparado.csv","4","ambiente o asociación documentado","54e529b49a3669b195baa7ef0ccd0ad6657e3d89f7a161e83e060f869be25442","HUECO DE TRAZABILIDAD: la consulta literal exacta del valor anterior no produjo coincidencias en los artefactos de fuentes/; no se adjudica un valor para este campo [BN-520]","C-1134; C-1131","C-2766","Codex D (segunda revisión independiente)","Las C describen función u orgánulo; no afirman literalmente el NO LOCALIZADO/NO APLICA, el rendimiento, el ambiente o las pérdidas adicionales escritos en esta celda. Cotejo: C-1134: Todas las proteínas del hidrogenosoma de Trichomonas son codificadas en el núcleo e importadas desde el citosol. | C-1131: Trichomonas vaginalis posee hidrogenosomas sin genoma ni maquinaria propia de traducción. Localizadores: data/tablas/09/table-45-9-8-1-gradiente-funcional-comparado.csv:fila 4:ambiente o asociación documentado; data/auditoria/mapeo_celdas_afirmaciones.csv:data/tablas/09/table-45-9-8-1-gradiente-funcional-comparado.csv|4|ambiente o asociación documentado; data/afirmaciones/09.csv:C-1134; data/afirmaciones/09.csv:C-1131 Corrección de autor v3: valor positivo retirado tras rerevisión; hueco nominal pendiente de nueva revisión independiente."
"data/tablas/09/table-45-9-8-1-gradiente-funcional-comparado.csv","5","ambiente o asociación documentado","f554c16e32fc3c5aadace70a0500a1e4a669920c2a11e98f2830bc3263f3dec5","HUECO DE TRAZABILIDAD: la consulta literal exacta del valor anterior no produjo coincidencias en los artefactos de fuentes/; no se adjudica un valor para este campo [BN-521]","C-1139","C-2767","Codex D (segunda revisión independiente)","Las C describen función u orgánulo; no afirman literalmente el NO LOCALIZADO/NO APLICA, el rendimiento, el ambiente o las pérdidas adicionales escritos en esta celda. Cotejo: C-1139: La función metabólica principal localizada en mitosomas de Giardia es el ensamblaje de agrupaciones hierro-azufre. Localizadores: data/tablas/09/table-45-9-8-1-gradiente-funcional-comparado.csv:fila 5:ambiente o asociación documentado; data/auditoria/mapeo_celdas_afirmaciones.csv:data/tablas/09/table-45-9-8-1-gradiente-funcional-comparado.csv|5|ambiente o asociación documentado; data/afirmaciones/09.csv:C-1139 Corrección de autor v3: valor positivo retirado tras rerevisión; hueco nominal pendiente de nueva revisión independiente."
"data/tablas/09/table-45-9-8-1-gradiente-funcional-comparado.csv","6","rendimiento energético localizado","e948c0570e3e08f702ecc391834b68465ab161f8f608aa46ecb144dcde44fb76","NO LOCALIZADO EN ESTA SESIÓN; BN-045","C-1140","C-2768","Codex D (segunda revisión independiente)","Las C describen función u orgánulo; no afirman literalmente el NO LOCALIZADO/NO APLICA, el rendimiento, el ambiente o las pérdidas adicionales escritos en esta celda. Cotejo: C-1140: Los mitosomas de Entamoeba histolytica contienen una vía de activación de sulfato. Localizadores: data/tablas/09/table-45-9-8-1-gradiente-funcional-comparado.csv:fila 6:rendimiento energético localizado; data/auditoria/mapeo_celdas_afirmaciones.csv:data/tablas/09/table-45-9-8-1-gradiente-funcional-comparado.csv|6|rendimiento energético localizado; data/afirmaciones/09.csv:C-1140"
"data/tablas/09/table-45-9-8-1-gradiente-funcional-comparado.csv","6","ambiente o asociación documentado","27ad794bf6db03dde361992a41b3d5035639cbd6eea0d4c872399ab3d479133f","HUECO DE TRAZABILIDAD: la consulta literal exacta del valor anterior no produjo coincidencias en los artefactos de fuentes/; no se adjudica un valor para este campo [BN-522]","C-1140","C-2769","Codex D (segunda revisión independiente)","Las C describen función u orgánulo; no afirman literalmente el NO LOCALIZADO/NO APLICA, el rendimiento, el ambiente o las pérdidas adicionales escritos en esta celda. Cotejo: C-1140: Los mitosomas de Entamoeba histolytica contienen una vía de activación de sulfato. Localizadores: data/tablas/09/table-45-9-8-1-gradiente-funcional-comparado.csv:fila 6:ambiente o asociación documentado; data/auditoria/mapeo_celdas_afirmaciones.csv:data/tablas/09/table-45-9-8-1-gradiente-funcional-comparado.csv|6|ambiente o asociación documentado; data/afirmaciones/09.csv:C-1140 Corrección de autor v3: valor positivo retirado tras rerevisión; hueco nominal pendiente de nueva revisión independiente."
"data/tablas/09/table-45-9-8-1-gradiente-funcional-comparado.csv","7","funciones perdidas o no demostradas","8d91db84a611d3bd0567d9b266e924dd3e9a8725015eb23ad4301b31a30e66e0","HUECO DE TRAZABILIDAD: la consulta literal exacta del valor anterior no produjo coincidencias en los artefactos de fuentes/; no se adjudica un valor para este campo [BN-523]","C-1145; C-1142","C-2770","Codex D (segunda revisión independiente)","Las C describen función u orgánulo; no afirman literalmente el NO LOCALIZADO/NO APLICA, el rendimiento, el ambiente o las pérdidas adicionales escritos en esta celda. Cotejo: C-1145: Los mitosomas microsporidianos muestran reducción convergente con diferencias internas de localización y función. | C-1142: Los mitosomas de microsporidios conservan componentes funcionales de ensamblaje de agrupaciones Fe–S. Localizadores: data/tablas/09/table-45-9-8-1-gradiente-funcional-comparado.csv:fila 7:funciones perdidas o no demostradas; data/auditoria/mapeo_celdas_afirmaciones.csv:data/tablas/09/table-45-9-8-1-gradiente-funcional-comparado.csv|7|funciones perdidas o no demostradas; data/afirmaciones/09.csv:C-1145; data/afirmaciones/09.csv:C-1142 Corrección de autor v3: valor positivo retirado tras rerevisión; hueco nominal pendiente de nueva revisión independiente."
"data/tablas/09/table-45-9-8-1-gradiente-funcional-comparado.csv","7","rendimiento energético localizado","e948c0570e3e08f702ecc391834b68465ab161f8f608aa46ecb144dcde44fb76","NO LOCALIZADO EN ESTA SESIÓN; BN-045","C-1145; C-1142","C-2771","Codex D (segunda revisión independiente)","Las C describen función u orgánulo; no afirman literalmente el NO LOCALIZADO/NO APLICA, el rendimiento, el ambiente o las pérdidas adicionales escritos en esta celda. Cotejo: C-1145: Los mitosomas microsporidianos muestran reducción convergente con diferencias internas de localización y función. | C-1142: Los mitosomas de microsporidios conservan componentes funcionales de ensamblaje de agrupaciones Fe–S. Localizadores: data/tablas/09/table-45-9-8-1-gradiente-funcional-comparado.csv:fila 7:rendimiento energético localizado; data/auditoria/mapeo_celdas_afirmaciones.csv:data/tablas/09/table-45-9-8-1-gradiente-funcional-comparado.csv|7|rendimiento energético localizado; data/afirmaciones/09.csv:C-1145; data/afirmaciones/09.csv:C-1142"
"data/tablas/09/table-45-9-8-1-gradiente-funcional-comparado.csv","7","ambiente o asociación documentado","41ed0706ee2c8e6e74d2b466d473a79ae15b8288889a96bf98a3e0cf392c4bb4","HUECO DE TRAZABILIDAD: la consulta literal exacta del valor anterior no produjo coincidencias en los artefactos de fuentes/; no se adjudica un valor para este campo [BN-524]","C-1142","C-2772","Codex D (segunda revisión independiente)","Las C describen función u orgánulo; no afirman literalmente el NO LOCALIZADO/NO APLICA, el rendimiento, el ambiente o las pérdidas adicionales escritos en esta celda. Cotejo: C-1142: Los mitosomas de microsporidios conservan componentes funcionales de ensamblaje de agrupaciones Fe–S. Localizadores: data/tablas/09/table-45-9-8-1-gradiente-funcional-comparado.csv:fila 7:ambiente o asociación documentado; data/auditoria/mapeo_celdas_afirmaciones.csv:data/tablas/09/table-45-9-8-1-gradiente-funcional-comparado.csv|7|ambiente o asociación documentado; data/afirmaciones/09.csv:C-1142 Corrección de autor v3: valor positivo retirado tras rerevisión; hueco nominal pendiente de nueva revisión independiente."
"data/tablas/09/table-45-9-8-1-gradiente-funcional-comparado.csv","8","rendimiento energético localizado","e948c0570e3e08f702ecc391834b68465ab161f8f608aa46ecb144dcde44fb76","NO LOCALIZADO EN ESTA SESIÓN; BN-045","C-1146","C-2773","Codex D (segunda revisión independiente)","Las C describen función u orgánulo; no afirman literalmente el NO LOCALIZADO/NO APLICA, el rendimiento, el ambiente o las pérdidas adicionales escritos en esta celda. Cotejo: C-1146: Monocercomonoides exilis carece de orgánulo mitocondrial y de las proteínas diagnósticas de ese compartimento. Localizadores: data/tablas/09/table-45-9-8-1-gradiente-funcional-comparado.csv:fila 8:rendimiento energético localizado; data/auditoria/mapeo_celdas_afirmaciones.csv:data/tablas/09/table-45-9-8-1-gradiente-funcional-comparado.csv|8|rendimiento energético localizado; data/afirmaciones/09.csv:C-1146"
"data/tablas/09/table-45-9-8-1-gradiente-funcional-comparado.csv","8","ambiente o asociación documentado","85da4f3f2818d07ffb3438d53b5da2a7e5ac531d90cf689ced7e4e1755dc2137","HUECO DE TRAZABILIDAD: la consulta literal exacta del valor anterior no produjo coincidencias en los artefactos de fuentes/; no se adjudica un valor para este campo [BN-525]","C-1146","C-2774","Codex D (segunda revisión independiente)","Las C describen función u orgánulo; no afirman literalmente el NO LOCALIZADO/NO APLICA, el rendimiento, el ambiente o las pérdidas adicionales escritos en esta celda. Cotejo: C-1146: Monocercomonoides exilis carece de orgánulo mitocondrial y de las proteínas diagnósticas de ese compartimento. Localizadores: data/tablas/09/table-45-9-8-1-gradiente-funcional-comparado.csv:fila 8:ambiente o asociación documentado; data/auditoria/mapeo_celdas_afirmaciones.csv:data/tablas/09/table-45-9-8-1-gradiente-funcional-comparado.csv|8|ambiente o asociación documentado; data/afirmaciones/09.csv:C-1146 Corrección de autor v3: valor positivo retirado tras rerevisión; hueco nominal pendiente de nueva revisión independiente."
"data/tablas/09/table-45-9-8-1-gradiente-funcional-comparado.csv","9","rendimiento energético localizado","e948c0570e3e08f702ecc391834b68465ab161f8f608aa46ecb144dcde44fb76","NO LOCALIZADO EN ESTA SESIÓN; BN-045","C-1152","C-2775","Codex D (segunda revisión independiente)","Las C describen función u orgánulo; no afirman literalmente el NO LOCALIZADO/NO APLICA, el rendimiento, el ambiente o las pérdidas adicionales escritos en esta celda. Cotejo: C-1152: Henneguya salminicola conserva estructuras interpretadas como orgánulos relacionados con mitocondrias. Localizadores: data/tablas/09/table-45-9-8-1-gradiente-funcional-comparado.csv:fila 9:rendimiento energético localizado; data/auditoria/mapeo_celdas_afirmaciones.csv:data/tablas/09/table-45-9-8-1-gradiente-funcional-comparado.csv|9|rendimiento energético localizado; data/afirmaciones/09.csv:C-1152"
"data/tablas/09/table-45-9-8-1-gradiente-funcional-comparado.csv","9","ambiente o asociación documentado","b73cee2abd4e0a44e48c35d281d019863bc160d6366ae599d6953fbeb976087d","HUECO DE TRAZABILIDAD: la consulta literal exacta del valor anterior no produjo coincidencias en los artefactos de fuentes/; no se adjudica un valor para este campo [BN-526]","C-1152","C-2776","Codex D (segunda revisión independiente)","Las C describen función u orgánulo; no afirman literalmente el NO LOCALIZADO/NO APLICA, el rendimiento, el ambiente o las pérdidas adicionales escritos en esta celda. Cotejo: C-1152: Henneguya salminicola conserva estructuras interpretadas como orgánulos relacionados con mitocondrias. Localizadores: data/tablas/09/table-45-9-8-1-gradiente-funcional-comparado.csv:fila 9:ambiente o asociación documentado; data/auditoria/mapeo_celdas_afirmaciones.csv:data/tablas/09/table-45-9-8-1-gradiente-funcional-comparado.csv|9|ambiente o asociación documentado; data/afirmaciones/09.csv:C-1152 Corrección de autor v3: valor positivo retirado tras rerevisión; hueco nominal pendiente de nueva revisión independiente."
"data/tablas/10/table-47-10-1-tabla-consolidada-de-rasgos-con-coste.csv","17","dependencias previas que exige","adcdbb37a84b176aee0344fc0ae53c5ed367712560fa11767392491652151ed7","HUECO DE TRAZABILIDAD: la consulta literal exacta del valor anterior no produjo coincidencias en los artefactos de fuentes/; no se adjudica un valor para este campo [BN-527]","C-1277","C-2777","Codex D (segunda revisión independiente)","C-1277 trata el coste energético comparado de modalidades de mitosis; no sostiene la distribución taxonómica o el modelo/organismo añadido en esta celda. Cotejo: C-1277: No se localizó una cifra publicada que compare el coste energético total de mitosis abierta, cerrada y semiabierta en protistas. Localizadores: data/tablas/10/table-47-10-1-tabla-consolidada-de-rasgos-con-coste.csv:fila 17:dependencias previas que exige; data/auditoria/mapeo_celdas_afirmaciones.csv:data/tablas/10/table-47-10-1-tabla-consolidada-de-rasgos-con-coste.csv|17|dependencias previas que exige; data/afirmaciones/10.csv:C-1277 Corrección de autor v3: valor positivo retirado tras rerevisión; hueco nominal pendiente de nueva revisión independiente."
"data/tablas/10/table-47-10-1-tabla-consolidada-de-rasgos-con-coste.csv","17","organismo, condición experimental o modelo del que procede","50193d3fad7a57d7fa58ea0cf9e359f925bacff4662186761aef30cf23fe6e5a","HUECO DE TRAZABILIDAD: la consulta literal exacta del valor anterior no produjo coincidencias en los artefactos de fuentes/; no se adjudica un valor para este campo [BN-528]","C-1277","C-2778","Codex D (segunda revisión independiente)","C-1277 trata el coste energético comparado de modalidades de mitosis; no sostiene la distribución taxonómica o el modelo/organismo añadido en esta celda. Cotejo: C-1277: No se localizó una cifra publicada que compare el coste energético total de mitosis abierta, cerrada y semiabierta en protistas. Localizadores: data/tablas/10/table-47-10-1-tabla-consolidada-de-rasgos-con-coste.csv:fila 17:organismo, condición experimental o modelo del que procede; data/auditoria/mapeo_celdas_afirmaciones.csv:data/tablas/10/table-47-10-1-tabla-consolidada-de-rasgos-con-coste.csv|17|organismo, condición experimental o modelo del que procede; data/afirmaciones/10.csv:C-1277 Corrección de autor v3: valor positivo retirado tras rerevisión; hueco nominal pendiente de nueva revisión independiente."
"data/tablas/12/table-52-12-6-1-costes-y-compensaciones-cuantificados-o-no-localizado.csv","5","condición","92cc1149a57e1739855ccd872ddf2b70ec97c98a189b17ed0cbedd0bc705d400","HUECO DE TRAZABILIDAD: la consulta literal exacta del valor anterior no produjo coincidencias en los artefactos de fuentes/; no se adjudica un valor para este campo [BN-529]","C-1526","C-2779","Codex D (segunda revisión independiente)","La C positiva sostiene el ensayo o beneficio, pero no la cláusula añadida de ausencia o no conversión a coste energético directo. Cotejo: C-1526: La agregación de Capsaspora owczarzaki puede inducirse mediante calcio y una fracción sérica o lipoproteica de masa superior a 30 kDa. Localizadores: data/tablas/12/table-52-12-6-1-costes-y-compensaciones-cuantificados-o-no-localizado.csv:fila 5:condición; data/auditoria/mapeo_celdas_afirmaciones.csv:data/tablas/12/table-52-12-6-1-costes-y-compensaciones-cuantificados-o-no-localizado.csv|5|condición; data/afirmaciones/12.csv:C-1526 Corrección de autor v3: valor positivo retirado tras rerevisión; hueco nominal pendiente de nueva revisión independiente."
"data/tablas/12/table-52-12-6-1-costes-y-compensaciones-cuantificados-o-no-localizado.csv","6","condición","f13f6cdb697966d87b308fae7f8f2964beceb80809a625e87d0a1c65a038694d","HUECO DE TRAZABILIDAD: la consulta literal exacta del valor anterior no produjo coincidencias en los artefactos de fuentes/; no se adjudica un valor para este campo [BN-530]","C-1534","C-2780","Codex D (segunda revisión independiente)","La C positiva sostiene el ensayo o beneficio, pero no la cláusula añadida de ausencia o no conversión a coste energético directo. Cotejo: C-1534: Impedir el mantenimiento de agregados de Ministeria vibrans mediante disrupción física redujo la replicación frente a cultivos no perturbados. Localizadores: data/tablas/12/table-52-12-6-1-costes-y-compensaciones-cuantificados-o-no-localizado.csv:fila 6:condición; data/auditoria/mapeo_celdas_afirmaciones.csv:data/tablas/12/table-52-12-6-1-costes-y-compensaciones-cuantificados-o-no-localizado.csv|6|condición; data/afirmaciones/12.csv:C-1534 Corrección de autor v3: valor positivo retirado tras rerevisión; hueco nominal pendiente de nueva revisión independiente."
"data/tablas/12/table-52-12-6-1-costes-y-compensaciones-cuantificados-o-no-localizado.csv","9","condición","f54711846a02efaffeca401d92489850e804751d5970519d28ee66d88a860dc2","HUECO DE TRAZABILIDAD: la consulta literal exacta del valor anterior no produjo coincidencias en los artefactos de fuentes/; no se adjudica un valor para este campo [BN-531]","C-1549","C-2781","Codex D (segunda revisión independiente)","La C positiva sostiene el ensayo o beneficio, pero no la cláusula añadida de ausencia o no conversión a coste energético directo. Cotejo: C-1549: El fenotipo snowflake tuvo una ventaja de aptitud de 34% sobre células individuales en el ensayo de sedimentación publicado. Localizadores: data/tablas/12/table-52-12-6-1-costes-y-compensaciones-cuantificados-o-no-localizado.csv:fila 9:condición; data/auditoria/mapeo_celdas_afirmaciones.csv:data/tablas/12/table-52-12-6-1-costes-y-compensaciones-cuantificados-o-no-localizado.csv|9|condición; data/afirmaciones/12.csv:C-1549 Corrección de autor v3: valor positivo retirado tras rerevisión; hueco nominal pendiente de nueva revisión independiente."
"data/tablas/12/table-52-12-6-1-costes-y-compensaciones-cuantificados-o-no-localizado.csv","10","condición","b1552ae6921ecd44fdd6c5acccf7c1167f04bcb4a044e856df3c67eac7756079","HUECO DE TRAZABILIDAD: la consulta literal exacta del valor anterior no produjo coincidencias en los artefactos de fuentes/; no se adjudica un valor para este campo [BN-532]","C-1551","C-2782","Codex D (segunda revisión independiente)","La C positiva sostiene el ensayo o beneficio, pero no la cláusula añadida de ausencia o no conversión a coste energético directo. Cotejo: C-1551: El experimento prolongado de Bozdag y colaboradores aplicó 600 rondas de selección a cinco poblaciones anaerobias de levadura snowflake. Localizadores: data/tablas/12/table-52-12-6-1-costes-y-compensaciones-cuantificados-o-no-localizado.csv:fila 10:condición; data/auditoria/mapeo_celdas_afirmaciones.csv:data/tablas/12/table-52-12-6-1-costes-y-compensaciones-cuantificados-o-no-localizado.csv|10|condición; data/afirmaciones/12.csv:C-1551 Corrección de autor v3: valor positivo retirado tras rerevisión; hueco nominal pendiente de nueva revisión independiente."
"data/tablas/12/table-53-12-7-1-tabla-comparativa-de-genomas.csv","6","versión o método","c45abf5233e7693dc57c32122466526f24b989defe1fce4dacda02312fbffbd2","ensamblaje de referencia y reconstrucción comparativa; los dos huecos cuantitativos se conservan sin inferir valores ni mezclar versiones","C-1565","C-2783","Codex D (segunda revisión independiente)","C-1565 da tamaño y versión del ensamblaje; no afirma el método comparativo ni los dos huecos cuantitativos descritos en la celda. Cotejo: C-1565: El ensamblaje de referencia de Sphaeroforma arctica JP610 registra 121.6 Mb. Localizadores: data/tablas/12/table-53-12-7-1-tabla-comparativa-de-genomas.csv:fila 6:versión o método; data/auditoria/mapeo_celdas_afirmaciones.csv:data/tablas/12/table-53-12-7-1-tabla-comparativa-de-genomas.csv|6|versión o método; data/afirmaciones/12.csv:C-1565"
"data/tablas/13/table-55a-13-3-escalas-de-division-y-ambiente.csv","6","valor publicado","f45c3efbad6418dd9900af2fa15a173e622f592b45992bfa6c5bc40f9d54120e","NO LOCALIZADO EN ESTA SESIÓN; tampoco se localizó una ordenación relativa publicada atribuible","C-1990","C-2784","Codex D (segunda revisión independiente)","La C cubre ausencia de tasa/tiempo o condiciones, pero no toda la celda: añade una ordenación relativa o tasa molecular sin afirmación literal correspondiente. Cotejo: C-1990: Las búsquedas BN-120, BN-121 y BN-122 no localizaron, respectivamente, un recuento agregado de genes y densidad numérica de intrones para la misma versión de Sphaeroforma arctica, un coste energético directo y comparable para tres fenotipos agregativos, ni una duración de división o tasa de crecimiento publicada para los apusomonádidos consultados. Localizadores: data/tablas/13/table-55a-13-3-escalas-de-division-y-ambiente.csv:fila 6:valor publicado; data/auditoria/mapeo_celdas_afirmaciones.csv:data/tablas/13/table-55a-13-3-escalas-de-division-y-ambiente.csv|6|valor publicado; data/afirmaciones/15.csv:C-1990"
"data/tablas/13/table-55a-13-3-escalas-de-division-y-ambiente.csv","6","interpretación permitida","099033d8dcb655f2eb28220b987d65063b4cdd86f42a60535b9e6670947a1ef8","mantenimiento, repique y tasa evolutiva molecular no equivalen a tiempo de generación; no se fabrica una ordenación relativa sin autor","C-1619","C-2785","Codex D (segunda revisión independiente)","La C cubre ausencia de tasa/tiempo o condiciones, pero no toda la celda: añade una ordenación relativa o tasa molecular sin afirmación literal correspondiente. Cotejo: C-1619: No se localizó una tasa de división o tiempo de generación publicado para un apusomonádido bajo condiciones cuantificadas. Localizadores: data/tablas/13/table-55a-13-3-escalas-de-division-y-ambiente.csv:fila 6:interpretación permitida; data/auditoria/mapeo_celdas_afirmaciones.csv:data/tablas/13/table-55a-13-3-escalas-de-division-y-ambiente.csv|6|interpretación permitida; data/afirmaciones/13.csv:C-1619"
"data/tablas/13/table-55d-13-9-recuentos-de-origenes-y-perdidas.csv","11","criterio y autor","4703008060b5c7e786834a6f42c9c84e4b0296eb7c3d60d6f4017ae395e4d811","sin autor y criterio global localizados; el rango amplio 20–45 no separa esta vía","C-1660","C-2786","Codex D (segunda revisión independiente)","La C enlazada no afirma este criterio/límite global: en dos casos C-881 describe el ciclo cenocítico y es semánticamente ajena; en otro C-1660 no separa la vía pedida. Cotejo: C-1660: Lamża identificó 45 linajes multicelulares eucariotas independientes distribuidos entre seis tipos bajo criterios funcionales explícitos. Localizadores: data/tablas/13/table-55d-13-9-recuentos-de-origenes-y-perdidas.csv:fila 11:criterio y autor; data/auditoria/mapeo_celdas_afirmaciones.csv:data/tablas/13/table-55d-13-9-recuentos-de-origenes-y-perdidas.csv|11|criterio y autor; data/afirmaciones/13.csv:C-1660"
"data/tablas/13/table-55d-13-9-recuentos-de-origenes-y-perdidas.csv","12","criterio y autor","da5b07141d5a7edac51a9203ebbcd2eca14ce8c7ee3f05a2d804bf4daca47b94","sin autor y criterio global localizados; los casos del corredor no forman un censo pan-eucariota","C-881","C-2787","Codex D (segunda revisión independiente)","La C enlazada no afirma este criterio/límite global: en dos casos C-881 describe el ciclo cenocítico y es semánticamente ajena; en otro C-1660 no separa la vía pedida. Cotejo: C-881: La ruta cenocítica de Sphaeroforma arctica separa temporalmente crecimiento nuclear y compartimentación celular. Localizadores: data/tablas/13/table-55d-13-9-recuentos-de-origenes-y-perdidas.csv:fila 12:criterio y autor; data/auditoria/mapeo_celdas_afirmaciones.csv:data/tablas/13/table-55d-13-9-recuentos-de-origenes-y-perdidas.csv|12|criterio y autor; data/afirmaciones/08.csv:C-881"
"data/tablas/13/table-55d-13-9-recuentos-de-origenes-y-perdidas.csv","12","límite principal","c60bea76cbbb3035450f24e07067f02ce3596cb38c22cea08cd9358b5e08c4a7","no se cuentan ejemplos del corpus como orígenes independientes sin filogenia y criterio publicados","C-881","C-2788","Codex D (segunda revisión independiente)","La C enlazada no afirma este criterio/límite global: en dos casos C-881 describe el ciclo cenocítico y es semánticamente ajena; en otro C-1660 no separa la vía pedida. Cotejo: C-881: La ruta cenocítica de Sphaeroforma arctica separa temporalmente crecimiento nuclear y compartimentación celular. Localizadores: data/tablas/13/table-55d-13-9-recuentos-de-origenes-y-perdidas.csv:fila 12:límite principal; data/auditoria/mapeo_celdas_afirmaciones.csv:data/tablas/13/table-55d-13-9-recuentos-de-origenes-y-perdidas.csv|12|límite principal; data/afirmaciones/08.csv:C-881"
"data/tablas/14/table-56a-14-8-1-codigos-por-nodo.csv","2","ICN","9a5587a498033a17cb021b2f8ff7f9c74a8d9bfe6070583b4d85ce3eff44bf58","HUECO DE TRAZABILIDAD: la consulta literal exacta del valor anterior no produjo coincidencias en los artefactos de fuentes/; no se adjudica un valor para este campo [BN-533]","C-1698; C-1697","C-2789","Codex D (segunda revisión independiente)","C-1697/C-1698 muestran que código y filogenia son preguntas distintas en ejemplos concretos; extenderlo como dictamen literal a este nodo sería inferencia. Cotejo: C-1698: El nombre de un oomiceto puede estar gobernado por el ICN aunque Oomycota sea un linaje de Stramenopiles. | C-1697: La aplicación histórica del ICN a un organismo no demuestra que ese organismo pertenezca a Archaeplastida o Fungi. Localizadores: data/tablas/14/table-56a-14-8-1-codigos-por-nodo.csv:fila 2:ICN; data/auditoria/mapeo_celdas_afirmaciones.csv:data/tablas/14/table-56a-14-8-1-codigos-por-nodo.csv|2|ICN; data/afirmaciones/14.csv:C-1698; data/afirmaciones/14.csv:C-1697 Corrección de autor v3: valor positivo retirado tras rerevisión; hueco nominal pendiente de nueva revisión independiente."
"data/tablas/14/table-56a-14-8-1-codigos-por-nodo.csv","10","ICN","bff848c44f01ebbd0cb7c38eced95ee81f2e8b01ae2d0c5dbe4f7502fb3b9822","HUECO DE TRAZABILIDAD: la consulta literal exacta del valor anterior no produjo coincidencias en los artefactos de fuentes/; no se adjudica un valor para este campo [BN-534]","C-1698; C-1697","C-2790","Codex D (segunda revisión independiente)","C-1697/C-1698 muestran que código y filogenia son preguntas distintas en ejemplos concretos; extenderlo como dictamen literal a este nodo sería inferencia. Cotejo: C-1698: El nombre de un oomiceto puede estar gobernado por el ICN aunque Oomycota sea un linaje de Stramenopiles. | C-1697: La aplicación histórica del ICN a un organismo no demuestra que ese organismo pertenezca a Archaeplastida o Fungi. Localizadores: data/tablas/14/table-56a-14-8-1-codigos-por-nodo.csv:fila 10:ICN; data/auditoria/mapeo_celdas_afirmaciones.csv:data/tablas/14/table-56a-14-8-1-codigos-por-nodo.csv|10|ICN; data/afirmaciones/14.csv:C-1698; data/afirmaciones/14.csv:C-1697 Corrección de autor v3: valor positivo retirado tras rerevisión; hueco nominal pendiente de nueva revisión independiente."
"data/tablas/14/table-56a-14-8-1-codigos-por-nodo.csv","15","ICN","d7d9412f1c7380d4ceaca7c93be1a3360a37818325145d418642295b8a9fefc1","HUECO DE TRAZABILIDAD: la consulta literal exacta del valor anterior no produjo coincidencias en los artefactos de fuentes/; no se adjudica un valor para este campo [BN-535]","C-1698; C-1697","C-2791","Codex D (segunda revisión independiente)","C-1697/C-1698 muestran que código y filogenia son preguntas distintas en ejemplos concretos; extenderlo como dictamen literal a este nodo sería inferencia. Cotejo: C-1698: El nombre de un oomiceto puede estar gobernado por el ICN aunque Oomycota sea un linaje de Stramenopiles. | C-1697: La aplicación histórica del ICN a un organismo no demuestra que ese organismo pertenezca a Archaeplastida o Fungi. Localizadores: data/tablas/14/table-56a-14-8-1-codigos-por-nodo.csv:fila 15:ICN; data/auditoria/mapeo_celdas_afirmaciones.csv:data/tablas/14/table-56a-14-8-1-codigos-por-nodo.csv|15|ICN; data/afirmaciones/14.csv:C-1698; data/afirmaciones/14.csv:C-1697 Corrección de autor v3: valor positivo retirado tras rerevisión; hueco nominal pendiente de nueva revisión independiente."
"data/tablas/14/table-56a-14-8-1-codigos-por-nodo.csv","16","ICN","2e6eeacd5c4b30fdca2171cc7e684f9c82f98090fef282e86f86ed9d44a71125","HUECO DE TRAZABILIDAD: la consulta literal exacta del valor anterior no produjo coincidencias en los artefactos de fuentes/; no se adjudica un valor para este campo [BN-536]","C-1698; C-1697","C-2792","Codex D (segunda revisión independiente)","C-1697/C-1698 muestran que código y filogenia son preguntas distintas en ejemplos concretos; extenderlo como dictamen literal a este nodo sería inferencia. Cotejo: C-1698: El nombre de un oomiceto puede estar gobernado por el ICN aunque Oomycota sea un linaje de Stramenopiles. | C-1697: La aplicación histórica del ICN a un organismo no demuestra que ese organismo pertenezca a Archaeplastida o Fungi. Localizadores: data/tablas/14/table-56a-14-8-1-codigos-por-nodo.csv:fila 16:ICN; data/auditoria/mapeo_celdas_afirmaciones.csv:data/tablas/14/table-56a-14-8-1-codigos-por-nodo.csv|16|ICN; data/afirmaciones/14.csv:C-1698; data/afirmaciones/14.csv:C-1697 Corrección de autor v3: valor positivo retirado tras rerevisión; hueco nominal pendiente de nueva revisión independiente."
"data/tablas/14/table-58-14-8-3-terminos-problematicos-y-reemplazos.csv","4","quién lo introdujo y cuándo","e28210991670b0faa40af54f33eb9a3c60671e2ffeb05c933a3bbd02f711cbbc","HUECO DE TRAZABILIDAD: la consulta literal exacta del valor anterior no produjo coincidencias en los artefactos de fuentes/; no se adjudica un valor para este campo [BN-537]","C-1994","C-2793","Codex D (segunda revisión independiente)","La C de glosa solo declara cobertura parcial o huecos agregados del catálogo; no identifica literalmente este objeto, fila y campo ni todos los detalles de la celda. Cotejo: C-1994: La búsqueda BN-142 no localizó autor de acuñación y fecha inequívocos para cada descriptor, abreviatura o conflicto funcional censado en la tabla 58. Localizadores: data/tablas/14/table-58-14-8-3-terminos-problematicos-y-reemplazos.csv:fila 4:quién lo introdujo y cuándo; data/auditoria/mapeo_celdas_afirmaciones.csv:data/tablas/14/table-58-14-8-3-terminos-problematicos-y-reemplazos.csv|4|quién lo introdujo y cuándo; data/afirmaciones/15.csv:C-1994 Corrección de autor v3: valor positivo retirado tras rerevisión; hueco nominal pendiente de nueva revisión independiente."
"data/tablas/14/table-58-14-8-3-terminos-problematicos-y-reemplazos.csv","8","quién lo introdujo y cuándo","812159dbb934f368b1d52bce32b04977e55732239ed327e79f6b54b8102d3df3","HUECO DE TRAZABILIDAD: la consulta literal exacta del valor anterior no produjo coincidencias en los artefactos de fuentes/; no se adjudica un valor para este campo [BN-538]","C-1994","C-2794","Codex D (segunda revisión independiente)","La C de glosa solo declara cobertura parcial o huecos agregados del catálogo; no identifica literalmente este objeto, fila y campo ni todos los detalles de la celda. Cotejo: C-1994: La búsqueda BN-142 no localizó autor de acuñación y fecha inequívocos para cada descriptor, abreviatura o conflicto funcional censado en la tabla 58. Localizadores: data/tablas/14/table-58-14-8-3-terminos-problematicos-y-reemplazos.csv:fila 8:quién lo introdujo y cuándo; data/auditoria/mapeo_celdas_afirmaciones.csv:data/tablas/14/table-58-14-8-3-terminos-problematicos-y-reemplazos.csv|8|quién lo introdujo y cuándo; data/afirmaciones/15.csv:C-1994 Corrección de autor v3: valor positivo retirado tras rerevisión; hueco nominal pendiente de nueva revisión independiente."
"data/tablas/14/table-58-14-8-3-terminos-problematicos-y-reemplazos.csv","9","quién lo introdujo y cuándo","c727850e2889e390a0740f598521e37ef90c1722d6ea3c321d1d6de85ec1cc37","HUECO DE TRAZABILIDAD: la consulta literal exacta del valor anterior no produjo coincidencias en los artefactos de fuentes/; no se adjudica un valor para este campo [BN-539]","C-1994","C-2795","Codex D (segunda revisión independiente)","La C de glosa solo declara cobertura parcial o huecos agregados del catálogo; no identifica literalmente este objeto, fila y campo ni todos los detalles de la celda. Cotejo: C-1994: La búsqueda BN-142 no localizó autor de acuñación y fecha inequívocos para cada descriptor, abreviatura o conflicto funcional censado en la tabla 58. Localizadores: data/tablas/14/table-58-14-8-3-terminos-problematicos-y-reemplazos.csv:fila 9:quién lo introdujo y cuándo; data/auditoria/mapeo_celdas_afirmaciones.csv:data/tablas/14/table-58-14-8-3-terminos-problematicos-y-reemplazos.csv|9|quién lo introdujo y cuándo; data/afirmaciones/15.csv:C-1994 Corrección de autor v3: valor positivo retirado tras rerevisión; hueco nominal pendiente de nueva revisión independiente."
"data/tablas/14/table-58-14-8-3-terminos-problematicos-y-reemplazos.csv","10","quién lo introdujo y cuándo","b53a58a9d03c70c4807135572a8e3459751f4aad88d2c504c0d59aafba2bed52","HUECO DE TRAZABILIDAD: la consulta literal exacta del valor anterior no produjo coincidencias en los artefactos de fuentes/; no se adjudica un valor para este campo [BN-540]","C-1994","C-2796","Codex D (segunda revisión independiente)","La C de glosa solo declara cobertura parcial o huecos agregados del catálogo; no identifica literalmente este objeto, fila y campo ni todos los detalles de la celda. Cotejo: C-1994: La búsqueda BN-142 no localizó autor de acuñación y fecha inequívocos para cada descriptor, abreviatura o conflicto funcional censado en la tabla 58. Localizadores: data/tablas/14/table-58-14-8-3-terminos-problematicos-y-reemplazos.csv:fila 10:quién lo introdujo y cuándo; data/auditoria/mapeo_celdas_afirmaciones.csv:data/tablas/14/table-58-14-8-3-terminos-problematicos-y-reemplazos.csv|10|quién lo introdujo y cuándo; data/afirmaciones/15.csv:C-1994 Corrección de autor v3: valor positivo retirado tras rerevisión; hueco nominal pendiente de nueva revisión independiente."
"data/tablas/14/table-58-14-8-3-terminos-problematicos-y-reemplazos.csv","11","quién lo introdujo y cuándo","bc7a77cb801f512a959917e60c352bf420fe45feaa3c359062ddab2767cac3cc","HUECO DE TRAZABILIDAD: la consulta literal exacta del valor anterior no produjo coincidencias en los artefactos de fuentes/; no se adjudica un valor para este campo [BN-541]","C-1994","C-2797","Codex D (segunda revisión independiente)","La C de glosa solo declara cobertura parcial o huecos agregados del catálogo; no identifica literalmente este objeto, fila y campo ni todos los detalles de la celda. Cotejo: C-1994: La búsqueda BN-142 no localizó autor de acuñación y fecha inequívocos para cada descriptor, abreviatura o conflicto funcional censado en la tabla 58. Localizadores: data/tablas/14/table-58-14-8-3-terminos-problematicos-y-reemplazos.csv:fila 11:quién lo introdujo y cuándo; data/auditoria/mapeo_celdas_afirmaciones.csv:data/tablas/14/table-58-14-8-3-terminos-problematicos-y-reemplazos.csv|11|quién lo introdujo y cuándo; data/afirmaciones/15.csv:C-1994 Corrección de autor v3: valor positivo retirado tras rerevisión; hueco nominal pendiente de nueva revisión independiente."
"data/tablas/14/table-58-14-8-3-terminos-problematicos-y-reemplazos.csv","12","quién lo introdujo y cuándo","8bb2b52ef2f212b39405a75f9ccf47eabcf9ef913aeeb92e849895ff7a4a3fbb","HUECO DE TRAZABILIDAD: la consulta literal exacta del valor anterior no produjo coincidencias en los artefactos de fuentes/; no se adjudica un valor para este campo [BN-542]","C-1994","C-2798","Codex D (segunda revisión independiente)","La C de glosa solo declara cobertura parcial o huecos agregados del catálogo; no identifica literalmente este objeto, fila y campo ni todos los detalles de la celda. Cotejo: C-1994: La búsqueda BN-142 no localizó autor de acuñación y fecha inequívocos para cada descriptor, abreviatura o conflicto funcional censado en la tabla 58. Localizadores: data/tablas/14/table-58-14-8-3-terminos-problematicos-y-reemplazos.csv:fila 12:quién lo introdujo y cuándo; data/auditoria/mapeo_celdas_afirmaciones.csv:data/tablas/14/table-58-14-8-3-terminos-problematicos-y-reemplazos.csv|12|quién lo introdujo y cuándo; data/afirmaciones/15.csv:C-1994 Corrección de autor v3: valor positivo retirado tras rerevisión; hueco nominal pendiente de nueva revisión independiente."
"data/tablas/14/table-58-14-8-3-terminos-problematicos-y-reemplazos.csv","13","quién lo introdujo y cuándo","3f0b4dd49f8cd0df420d09e048457b79a17380d88e03550bf2e25a34d02d0d06","HUECO DE TRAZABILIDAD: la consulta literal exacta del valor anterior no produjo coincidencias en los artefactos de fuentes/; no se adjudica un valor para este campo [BN-543]","C-1844","C-2799","Codex D (segunda revisión independiente)","Las C describen el problema terminológico o una búsqueda agregada, no el estado nominal de autor/fecha de acuñación de esta fila; NO BUSCADO/NO APLICA no se infiere. Cotejo: C-1844: “Hongo” aplicado a oomicetos o mohos mucilaginosos no equivale a pertenencia taxonómica a Fungi. Localizadores: data/tablas/14/table-58-14-8-3-terminos-problematicos-y-reemplazos.csv:fila 13:quién lo introdujo y cuándo; data/auditoria/mapeo_celdas_afirmaciones.csv:data/tablas/14/table-58-14-8-3-terminos-problematicos-y-reemplazos.csv|13|quién lo introdujo y cuándo; data/afirmaciones/14.csv:C-1844 Corrección de autor v3: valor positivo retirado tras rerevisión; hueco nominal pendiente de nueva revisión independiente."
"data/tablas/14/table-58-14-8-3-terminos-problematicos-y-reemplazos.csv","14","quién lo introdujo y cuándo","857f076a7299346a18a5d266b112534b87e618ad7f6c49896242eb4a255ef0db","HUECO DE TRAZABILIDAD: la consulta literal exacta del valor anterior no produjo coincidencias en los artefactos de fuentes/; no se adjudica un valor para este campo [BN-544]","C-1849; C-1850","C-2800","Codex D (segunda revisión independiente)","Las C describen el problema terminológico o una búsqueda agregada, no el estado nominal de autor/fecha de acuñación de esta fila; NO BUSCADO/NO APLICA no se infiere. Cotejo: C-1849: El término flagelo sin calificador mezcla sistemas no homólogos. | C-1850: Este corpus usa flagelo bacteriano y cilio eucariota, conservando “flagelo eucariota” solo cuando reproduce la terminología de una fuente. Localizadores: data/tablas/14/table-58-14-8-3-terminos-problematicos-y-reemplazos.csv:fila 14:quién lo introdujo y cuándo; data/auditoria/mapeo_celdas_afirmaciones.csv:data/tablas/14/table-58-14-8-3-terminos-problematicos-y-reemplazos.csv|14|quién lo introdujo y cuándo; data/afirmaciones/14.csv:C-1849; data/afirmaciones/14.csv:C-1850 Corrección de autor v3: valor positivo retirado tras rerevisión; hueco nominal pendiente de nueva revisión independiente."
"data/tablas/14/table-58-14-8-3-terminos-problematicos-y-reemplazos.csv","15","quién lo introdujo y cuándo","5f8218b0005c0241485869cc3ec6da66d975562a355e2a66d14c4c5c234d3281","HUECO DE TRAZABILIDAD: la consulta literal exacta del valor anterior no produjo coincidencias en los artefactos de fuentes/; no se adjudica un valor para este campo [BN-545]","C-1994","C-2801","Codex D (segunda revisión independiente)","La C de glosa solo declara cobertura parcial o huecos agregados del catálogo; no identifica literalmente este objeto, fila y campo ni todos los detalles de la celda. Cotejo: C-1994: La búsqueda BN-142 no localizó autor de acuñación y fecha inequívocos para cada descriptor, abreviatura o conflicto funcional censado en la tabla 58. Localizadores: data/tablas/14/table-58-14-8-3-terminos-problematicos-y-reemplazos.csv:fila 15:quién lo introdujo y cuándo; data/auditoria/mapeo_celdas_afirmaciones.csv:data/tablas/14/table-58-14-8-3-terminos-problematicos-y-reemplazos.csv|15|quién lo introdujo y cuándo; data/afirmaciones/15.csv:C-1994 Corrección de autor v3: valor positivo retirado tras rerevisión; hueco nominal pendiente de nueva revisión independiente."
"data/tablas/14/table-58-14-8-3-terminos-problematicos-y-reemplazos.csv","17","quién lo introdujo y cuándo","326c5d79f4fb2fdcfec570ca891ffe574f61cedd0d4b9d56047a39a60299b5e5","HUECO DE TRAZABILIDAD: la consulta literal exacta del valor anterior no produjo coincidencias en los artefactos de fuentes/; no se adjudica un valor para este campo [BN-546]","C-1865; C-1864","C-2802","Codex D (segunda revisión independiente)","Las C describen el problema terminológico o una búsqueda agregada, no el estado nominal de autor/fecha de acuñación de esta fila; NO BUSCADO/NO APLICA no se infiere. Cotejo: C-1865: “Eucariota primitivo” conserva uso legítimo únicamente como cita histórica o como término explícitamente criticado. | C-1864: “Plesiomórfico para el carácter X respecto del nodo Y” sustituye a “primitivo” cuando la reconstrucción lo sostiene. Localizadores: data/tablas/14/table-58-14-8-3-terminos-problematicos-y-reemplazos.csv:fila 17:quién lo introdujo y cuándo; data/auditoria/mapeo_celdas_afirmaciones.csv:data/tablas/14/table-58-14-8-3-terminos-problematicos-y-reemplazos.csv|17|quién lo introdujo y cuándo; data/afirmaciones/14.csv:C-1865; data/afirmaciones/14.csv:C-1864 Corrección de autor v3: valor positivo retirado tras rerevisión; hueco nominal pendiente de nueva revisión independiente."
"data/tablas/14/table-58-14-8-3-terminos-problematicos-y-reemplazos.csv","18","quién lo introdujo y cuándo","1ac1dfde8009e233240a3e238010159d36a5b1a2840ad94091396e2d1082df8c","HUECO DE TRAZABILIDAD: la consulta literal exacta del valor anterior no produjo coincidencias en los artefactos de fuentes/; no se adjudica un valor para este campo [BN-547]","C-1868; C-1867","C-2803","Codex D (segunda revisión independiente)","Las C describen el problema terminológico o una búsqueda agregada, no el estado nominal de autor/fecha de acuñación de esta fila; NO BUSCADO/NO APLICA no se infiere. Cotejo: C-1868: Un organismo unicelular no es necesariamente simple en genoma, ciclo vital, regulación o ecología. | C-1867: “Organismo simple” sin una métrica explícita no produce una comparación auditable. Localizadores: data/tablas/14/table-58-14-8-3-terminos-problematicos-y-reemplazos.csv:fila 18:quién lo introdujo y cuándo; data/auditoria/mapeo_celdas_afirmaciones.csv:data/tablas/14/table-58-14-8-3-terminos-problematicos-y-reemplazos.csv|18|quién lo introdujo y cuándo; data/afirmaciones/14.csv:C-1868; data/afirmaciones/14.csv:C-1867 Corrección de autor v3: valor positivo retirado tras rerevisión; hueco nominal pendiente de nueva revisión independiente."
"data/tablas/14/table-58-14-8-3-terminos-problematicos-y-reemplazos.csv","19","quién lo introdujo y cuándo","5b314af3c8d38a13c9a61c01752fb47ae27fdd9bc06f6845818cc0204e6fd8a4","HUECO DE TRAZABILIDAD: la consulta literal exacta del valor anterior no produjo coincidencias en los artefactos de fuentes/; no se adjudica un valor para este campo [BN-548]","C-1994","C-2804","Codex D (segunda revisión independiente)","La C de glosa solo declara cobertura parcial o huecos agregados del catálogo; no identifica literalmente este objeto, fila y campo ni todos los detalles de la celda. Cotejo: C-1994: La búsqueda BN-142 no localizó autor de acuñación y fecha inequívocos para cada descriptor, abreviatura o conflicto funcional censado en la tabla 58. Localizadores: data/tablas/14/table-58-14-8-3-terminos-problematicos-y-reemplazos.csv:fila 19:quién lo introdujo y cuándo; data/auditoria/mapeo_celdas_afirmaciones.csv:data/tablas/14/table-58-14-8-3-terminos-problematicos-y-reemplazos.csv|19|quién lo introdujo y cuándo; data/afirmaciones/15.csv:C-1994 Corrección de autor v3: valor positivo retirado tras rerevisión; hueco nominal pendiente de nueva revisión independiente."
"data/tablas/15/table-59-15-1-mapa-del-terreno-probatorio.csv","5","resolución temporal","51ab2a89dbd8ed19dcbd99c4c57de5a2258a75b3c3e3997b3ef948fd76fe8bd3","HUECO DE TRAZABILIDAD: la consulta literal exacta del valor anterior no produjo coincidencias en los artefactos de fuentes/; no se adjudica un valor para este campo [BN-549]","C-1907","C-2805","Codex D (segunda revisión independiente)","C-1907 limita exclusividad taxonómica de biomarcadores; no afirma la resolución temporal del estrato o del muestreo geoquímico consignada en la celda. Cotejo: C-1907: Un biomarcador no enlaza por sí solo cada molécula con un fósil corporal o un taxón exclusivo. Localizadores: data/tablas/15/table-59-15-1-mapa-del-terreno-probatorio.csv:fila 5:resolución temporal; data/auditoria/mapeo_celdas_afirmaciones.csv:data/tablas/15/table-59-15-1-mapa-del-terreno-probatorio.csv|5|resolución temporal; data/afirmaciones/15.csv:C-1907 Corrección de autor v3: valor positivo retirado tras rerevisión; hueco nominal pendiente de nueva revisión independiente."
"data/tablas/15/table-61-15-3-nodos-fechas-y-relaciones-debiles.csv","2","qué dato discriminaría mejor","62cfb8d7d6eb8f98546418097c0652ec6df8bea3070c7e5e7f98c806f5e448e8","HUECO DE TRAZABILIDAD: la consulta literal exacta del valor anterior no produjo coincidencias en los artefactos de fuentes/; no se adjudica un valor para este campo [BN-550]","C-436","C-2806","Codex D (segunda revisión independiente)","La C explica incertidumbre o sensibilidad, pero no afirma literalmente el experimento prospectivo que discriminaría mejor ni la independencia declarada en esta celda. Cotejo: C-436: La selección de ortólogos, los datos ausentes y las secuencias atípicas pueden alterar la raíz inferida. Localizadores: data/tablas/15/table-61-15-3-nodos-fechas-y-relaciones-debiles.csv:fila 2:qué dato discriminaría mejor; data/auditoria/mapeo_celdas_afirmaciones.csv:data/tablas/15/table-61-15-3-nodos-fechas-y-relaciones-debiles.csv|2|qué dato discriminaría mejor; data/afirmaciones/04.csv:C-436 Corrección de autor v3: valor positivo retirado tras rerevisión; hueco nominal pendiente de nueva revisión independiente."
"data/tablas/15/table-61-15-3-nodos-fechas-y-relaciones-debiles.csv","3","qué dato discriminaría mejor","af2a40bba2f84c593c3f39950da696cca7b759f78a83ff86350ae56ff83ef7ad","HUECO DE TRAZABILIDAD: la consulta literal exacta del valor anterior no produjo coincidencias en los artefactos de fuentes/; no se adjudica un valor para este campo [BN-551]","C-131","C-2807","Codex D (segunda revisión independiente)","La C explica incertidumbre o sensibilidad, pero no afirma literalmente el experimento prospectivo que discriminaría mejor ni la independencia declarada en esta celda. Cotejo: C-131: La discrepancia entre Eme et al. 2023 y Zhang et al. 2025 afecta el punto exacto de inserción de Eukaryota dentro de Asgard y coincide con cambios tanto en matrices y muestreo como en tratamientos y modelos filogenéticos. Localizadores: data/tablas/15/table-61-15-3-nodos-fechas-y-relaciones-debiles.csv:fila 3:qué dato discriminaría mejor; data/auditoria/mapeo_celdas_afirmaciones.csv:data/tablas/15/table-61-15-3-nodos-fechas-y-relaciones-debiles.csv|3|qué dato discriminaría mejor; data/afirmaciones/02.csv:C-131 Corrección de autor v3: valor positivo retirado tras rerevisión; hueco nominal pendiente de nueva revisión independiente."
"data/tablas/15/table-61-15-3-nodos-fechas-y-relaciones-debiles.csv","4","qué dato discriminaría mejor","c49b955e76c274478109f49f1d76f32901fcc4d9b547b3e3d4c89f5e1dead376","HUECO DE TRAZABILIDAD: la consulta literal exacta del valor anterior no produjo coincidencias en los artefactos de fuentes/; no se adjudica un valor para este campo [BN-552]","C-1925","C-2808","Codex D (segunda revisión independiente)","La C explica incertidumbre o sensibilidad, pero no afirma literalmente el experimento prospectivo que discriminaría mejor ni la independencia declarada en esta celda. Cotejo: C-1925: Las relaciones internas entre varios holozoos unicelulares, incluida la posición de Tunicaraptor unikontum, cambian entre matrices y análisis con ramas internas cortas. Localizadores: data/tablas/15/table-61-15-3-nodos-fechas-y-relaciones-debiles.csv:fila 4:qué dato discriminaría mejor; data/auditoria/mapeo_celdas_afirmaciones.csv:data/tablas/15/table-61-15-3-nodos-fechas-y-relaciones-debiles.csv|4|qué dato discriminaría mejor; data/afirmaciones/15.csv:C-1925 Corrección de autor v3: valor positivo retirado tras rerevisión; hueco nominal pendiente de nueva revisión independiente."
"data/tablas/15/table-61-15-3-nodos-fechas-y-relaciones-debiles.csv","5","qué dato discriminaría mejor","a5dd74eb8762a3ee4c9e70c5ce83163250b2e09e6a099522aedc847cf01060c3","HUECO DE TRAZABILIDAD: la consulta literal exacta del valor anterior no produjo coincidencias en los artefactos de fuentes/; no se adjudica un valor para este campo [BN-553]","C-711","C-2809","Codex D (segunda revisión independiente)","La C explica incertidumbre o sensibilidad, pero no afirma literalmente el experimento prospectivo que discriminaría mejor ni la independencia declarada en esta celda. Cotejo: C-711: Bengtson y colaboradores interpretaron Rafatazmia chitrakootensis como una rodófita del grupo corona. Localizadores: data/tablas/15/table-61-15-3-nodos-fechas-y-relaciones-debiles.csv:fila 5:qué dato discriminaría mejor; data/auditoria/mapeo_celdas_afirmaciones.csv:data/tablas/15/table-61-15-3-nodos-fechas-y-relaciones-debiles.csv|5|qué dato discriminaría mejor; data/afirmaciones/05.csv:C-711 Corrección de autor v3: valor positivo retirado tras rerevisión; hueco nominal pendiente de nueva revisión independiente."
"data/tablas/15/table-61-15-3-nodos-fechas-y-relaciones-debiles.csv","5","qué no depende de resolverlo","e3b63d5dd5c32deafcac31bf6f0374faf6f04352ffeb4ac7236760d088f00785","la edad y morfología observada de cada material bajo sus fuentes respectivas","C-1926","C-2810","Codex D (segunda revisión independiente)","La C explica incertidumbre o sensibilidad, pero no afirma literalmente el experimento prospectivo que discriminaría mejor ni la independencia declarada en esta celda. Cotejo: C-1926: Las asignaciones de Grypania, Rafatazmia, Bicellum y varios fósiles de Doushantuo conservan incertidumbre taxonómica porque la morfología preservada admite afinidades alternativas. Localizadores: data/tablas/15/table-61-15-3-nodos-fechas-y-relaciones-debiles.csv:fila 5:qué no depende de resolverlo; data/auditoria/mapeo_celdas_afirmaciones.csv:data/tablas/15/table-61-15-3-nodos-fechas-y-relaciones-debiles.csv|5|qué no depende de resolverlo; data/afirmaciones/15.csv:C-1926"
"data/tablas/15/table-61-15-3-nodos-fechas-y-relaciones-debiles.csv","6","qué dato discriminaría mejor","e61679001c50e8bc6f290247f5c16766d16d14416f9dd66b3efac559fa680ac4","HUECO DE TRAZABILIDAD: la consulta literal exacta del valor anterior no produjo coincidencias en los artefactos de fuentes/; no se adjudica un valor para este campo [BN-554]","C-762; C-766","C-2811","Codex D (segunda revisión independiente)","La C explica incertidumbre o sensibilidad, pero no afirma literalmente el experimento prospectivo que discriminaría mejor ni la independencia declarada en esta celda. Cotejo: C-762: Eme y colaboradores obtuvieron estimaciones de LECA que abarcaron 1007–1898 Ma entre sus análisis. | C-766: Strassert y colaboradores exploraron más de un modelo de reloj relajado, distribuciones alternativas de calibración y dos posiciones de raíz. Localizadores: data/tablas/15/table-61-15-3-nodos-fechas-y-relaciones-debiles.csv:fila 6:qué dato discriminaría mejor; data/auditoria/mapeo_celdas_afirmaciones.csv:data/tablas/15/table-61-15-3-nodos-fechas-y-relaciones-debiles.csv|6|qué dato discriminaría mejor; data/afirmaciones/06.csv:C-762; data/afirmaciones/06.csv:C-766 Corrección de autor v3: valor positivo retirado tras rerevisión; hueco nominal pendiente de nueva revisión independiente."
"data/tablas/15/table-61-15-3-nodos-fechas-y-relaciones-debiles.csv","7","qué dato discriminaría mejor","d5398c711c439203760df77212308e55045b4f689750a50ed92fde3b795b8545","HUECO DE TRAZABILIDAD: la consulta literal exacta del valor anterior no produjo coincidencias en los artefactos de fuentes/; no se adjudica un valor para este campo [BN-555]","C-1928","C-2812","Codex D (segunda revisión independiente)","La C explica incertidumbre o sensibilidad, pero no afirma literalmente el experimento prospectivo que discriminaría mejor ni la independencia declarada en esta celda. Cotejo: C-1928: No se localizó una edad de corona multiespecífica de Corallochytrea bajo una circunscripción taxonómica explícita. Localizadores: data/tablas/15/table-61-15-3-nodos-fechas-y-relaciones-debiles.csv:fila 7:qué dato discriminaría mejor; data/auditoria/mapeo_celdas_afirmaciones.csv:data/tablas/15/table-61-15-3-nodos-fechas-y-relaciones-debiles.csv|7|qué dato discriminaría mejor; data/afirmaciones/15.csv:C-1928 Corrección de autor v3: valor positivo retirado tras rerevisión; hueco nominal pendiente de nueva revisión independiente."
"data/tablas/15/table-61-15-3-nodos-fechas-y-relaciones-debiles.csv","7","qué no depende de resolverlo","e5f6603edb06fef3447feba7c73af7f0a4a26e10ae23db2a6013ff561c7be2b1","HUECO DE TRAZABILIDAD: la consulta literal exacta del valor anterior no produjo coincidencias en los artefactos de fuentes/; no se adjudica un valor para este campo [BN-556]","C-1928","C-2813","Codex D (segunda revisión independiente)","La C explica incertidumbre o sensibilidad, pero no afirma literalmente el experimento prospectivo que discriminaría mejor ni la independencia declarada en esta celda. Cotejo: C-1928: No se localizó una edad de corona multiespecífica de Corallochytrea bajo una circunscripción taxonómica explícita. Localizadores: data/tablas/15/table-61-15-3-nodos-fechas-y-relaciones-debiles.csv:fila 7:qué no depende de resolverlo; data/auditoria/mapeo_celdas_afirmaciones.csv:data/tablas/15/table-61-15-3-nodos-fechas-y-relaciones-debiles.csv|7|qué no depende de resolverlo; data/afirmaciones/15.csv:C-1928 Corrección de autor v3: valor positivo retirado tras rerevisión; hueco nominal pendiente de nueva revisión independiente."
