"version_esquema","fila_f","magnitud_requerida","resultado","contenido_copiado_de_f","razon_clasificacion","unidad_original","objeto","metodo_o_proxy","incertidumbre_publicada","observado_o_inferido","fuente_y_localizador","afirmaciones","tipos_de_afirmacion","sha256_fila_f"
"1","2","especies incluidas en la versión descrita de EukProt","CONTENIDO_COPIADO_DE_F","993","celda no vacía copiada literalmente de F sin cotejo semántico ni bibliográfico","especies","EukProt","recuento de base de datos","n/a","observado","S03 resumen; Data set description","C-003","expresa","7fc233e015ff7011fbd38ed9bd532b18dddead91124a0d196fdaac3c1abf664d"
"1","3","genes analizados por Cox et al.","CONTENIDO_COPIADO_DE_F","53","celda no vacía copiada literalmente de F sin cotejo semántico ni bibliográfico","genes","matriz multigénica de los tres dominios","selección de marcadores","n/a","observado","S08 resumen; Methods","C-022","expresa","b01cb0cf61cb4a210f2ab051912b4be29bc69283e7239bbf68f5f2989eb35858"
"1","4","taxones en la matriz combinada de rRNA","CONTENIDO_COPIADO_DE_F","40","celda no vacía copiada literalmente de F sin cotejo semántico ni bibliográfico","taxones","análisis de Cox et al.","muestreo taxonómico","n/a","observado","S08 Methods: Ribosomal RNA analyses","C-023","expresa","728c14d260c0213dd7b1adadb025eb0ebc04355787aa7953294d9d9326ed9219"
"1","5","caracteres en la matriz combinada de rRNA","CONTENIDO_COPIADO_DE_F","1.048","celda no vacía copiada literalmente de F sin cotejo semántico ni bibliográfico","caracteres alineados","análisis de Cox et al.","alineamiento SSU+LSU","n/a","observado","S08 Methods: Ribosomal RNA analyses","C-023","expresa","33c1da79b05bcdf86f48e60dbcfaf11d1422e7c299b9de8fe38c57900bdf7432"
"1","6","genes de la matriz original de Williams et al.","CONTENIDO_COPIADO_DE_F","35","celda no vacía copiada literalmente de F sin cotejo semántico ni bibliográfico","genes","comparación dos frente a tres dominios","matriz concatenada","n/a","observado","S10 Methods; tabla 1","C-028","expresa","c7278543bb11159f1ebc0f98b813e1e32a1b5effbd3c521559fc41b7999f4e94"
"1","7","log-verosimilitud de dos dominios bajo LG+G4+F","CONTENIDO_COPIADO_DE_F","−684701.2","celda no vacía copiada literalmente de F sin cotejo semántico ni bibliográfico","log-verosimilitud","topología de dos dominios","LG+G4+F","no consta en la fuente como incertidumbre","inferido","S10 tabla 1","C-029","expresa","c9dfe0bd2e7999c21ed3fa0c5e9be7076118e5e22390754025156c86786f55b3"
"1","8","log-verosimilitud de tres dominios bajo LG+G4+F","CONTENIDO_COPIADO_DE_F","−684716.1","celda no vacía copiada literalmente de F sin cotejo semántico ni bibliográfico","log-verosimilitud","topología de tres dominios","LG+G4+F","no consta en la fuente como incertidumbre","inferido","S10 tabla 1","C-029","expresa","0e21577a3039da28f6c3d023cb355d466d0bce2ea97c9030345fd60693e4d958"
"1","9","p de prueba AU para dos dominios bajo LG+G4+F","CONTENIDO_COPIADO_DE_F","0.771","celda no vacía copiada literalmente de F sin cotejo semántico ni bibliográfico","p AU","topología de dos dominios","prueba approximately unbiased","n/a","inferido","S10 tabla 1","C-030","expresa","acbdf6097e651714acf6d6a099904edc3bd0ea772acc9b9c91a2e977778bcf66"
"1","10","p de prueba AU para tres dominios bajo LG+G4+F","CONTENIDO_COPIADO_DE_F","0.229","celda no vacía copiada literalmente de F sin cotejo semántico ni bibliográfico","p AU","topología de tres dominios","prueba approximately unbiased","n/a","inferido","S10 tabla 1","C-030","expresa","dcc70c4bc6c1ce1e22319e077884a89d31c486d16e372ffaa6bfd5a687089d20"
"1","11","p de prueba AU para tres dominios bajo LG+C60+G4+F","CONTENIDO_COPIADO_DE_F","0.036","celda no vacía copiada literalmente de F sin cotejo semántico ni bibliográfico","p AU","topología de tres dominios","LG+C60+G4+F y prueba AU","n/a","inferido","S10 Results and Discussion → Analysis of core genes consistently supports two primary domains, not three, párrafo 5 (JATS P10)","C-031","expresa","ac3af8188886d79e0f4b4a4a90ecaf16ea6ffb38fce80d32eefe134dbf8a6337"
"1","12","probabilidad posterior de dos dominios bajo CAT y SR4","CONTENIDO_COPIADO_DE_F","0.98","celda no vacía copiada literalmente de F sin cotejo semántico ni bibliográfico","probabilidad posterior","topología de dos dominios","CAT con recodificación SR4","n/a","inferido","S10 Supplementary analyses","C-033","expresa","6d5ee9fc023a6fd5a289a01f8f4d98299f474461a9a6bbfcb978d632feb41c21"
"1","13","proteínas universales en matriz ampliada","CONTENIDO_COPIADO_DE_F","21","celda no vacía copiada literalmente de F sin cotejo semántico ni bibliográfico","proteínas","Williams et al. 2020","concatenación","n/a","observado","S10 Methods","C-034","expresa","087d6bbb9dc63f2c0acb39d3d27c2c054b9a5861d10172e55423d8b8779bbde7"
"1","14","proteínas arqueano-eucariotas en matriz ampliada","CONTENIDO_COPIADO_DE_F","43","celda no vacía copiada literalmente de F sin cotejo semántico ni bibliográfico","proteínas","Williams et al. 2020","concatenación","n/a","observado","S10 Methods","C-034","expresa","d2368dd93b3dd5e06b8e923069db34dba2066cfaf2d86cf05bc387968f8de72c"
"1","15","genomas en matrices ampliadas","CONTENIDO_COPIADO_DE_F","125","celda no vacía copiada literalmente de F sin cotejo semántico ni bibliográfico","genomas","Williams et al. 2020","muestreo taxonómico","n/a","observado","S10 Methods","C-034","expresa","3a623c5976b277a4ea81a048a10a2e710a4acdf91468cfd9df377dd660c1dc86"
"1","16","probabilidad posterior del clado LC3","CONTENIDO_COPIADO_DE_F","0.95","celda no vacía copiada literalmente de F sin cotejo semántico ni bibliográfico","probabilidad posterior","LC3 de Williams et al.","análisis bayesiano","n/a","inferido","S10 fig. 3","C-036","expresa","132dd1e57dd59c4b85ffdd049f5cbebc0bccb0e58e5d5129966a3009ed1128c4"
"1","17","proteínas universales reanalizadas por Da Cunha et al.","CONTENIDO_COPIADO_DE_F","36","celda no vacía copiada literalmente de F sin cotejo semántico ni bibliográfico","proteínas","análisis de Da Cunha et al.","selección de marcadores","n/a","observado","S11 Results","C-037","expresa","b088336757f2f116d3ee24ed73191ee846aba44dfa506387d7acb4ed34e57a99"
"1","18","Woese proteins","CONTENIDO_COPIADO_DE_F","11","celda no vacía copiada literalmente de F sin cotejo semántico ni bibliográfico","proteínas","subconjunto de Da Cunha et al.","partición de marcadores","n/a","observado","S11 Results","C-037","expresa","27c0a82a3b41a0c1f124d43991fb6f896797f519cd2edb8a52db072ffbeaf968"
"1","19","eocyte proteins","CONTENIDO_COPIADO_DE_F","25","celda no vacía copiada literalmente de F sin cotejo semántico ni bibliográfico","proteínas","subconjunto de Da Cunha et al.","partición de marcadores","n/a","observado","S11 Results","C-037","expresa","d68946b1a587965019fa8c256e58de7da13f493209accbde1313c7e2956ae383"
"1","20","posiciones en Woese proteins","CONTENIDO_COPIADO_DE_F","3.499","celda no vacía copiada literalmente de F sin cotejo semántico ni bibliográfico","posiciones de aminoácidos","subconjunto de 11 proteínas","alineamiento concatenado","n/a","observado","S11 Results; fig. 1","C-038","expresa","7ba1ea027f8bb75a799e25cb104b000429e8d705c7598395ac18471da54ddeb5"
"1","21","posiciones en eocyte proteins","CONTENIDO_COPIADO_DE_F","4.869","celda no vacía copiada literalmente de F sin cotejo semántico ni bibliográfico","posiciones de aminoácidos","subconjunto de 25 proteínas","alineamiento concatenado","n/a","observado","S11 Results; fig. 2","C-038","expresa","26bdb580358c9bbb90ca1a378266c439b7b67af5ec2aaa5ff3d506f46f338669"
"1","22","bootstrap de monofilia arqueana","CONTENIDO_COPIADO_DE_F","100","celda no vacía copiada literalmente de F sin cotejo semántico ni bibliográfico","% bootstrap","subconjunto de 11 proteínas tras retirada de secuencias rápidas","bootstrap filogenético","n/a","inferido","S11 fig. 1","C-039","expresa","9f1be22f0d6811939545d5a1425274826b1d28bf1e48d32dd536442ba5953440"
"1","23","bootstrap Eukaryota–Lokiarchaeota para SecY","CONTENIDO_COPIADO_DE_F","84","celda no vacía copiada literalmente de F sin cotejo semántico ni bibliográfico","% bootstrap","árbol individual SecY","bootstrap filogenético","n/a","inferido","S11 Results","C-040","expresa","f276617b151adaee0e956fb3c9f3c35558002089c737f7c0ed2aefb242645026"
"1","24","bootstrap Eukaryota–Lokiarchaeota para EF2","CONTENIDO_COPIADO_DE_F","100","celda no vacía copiada literalmente de F sin cotejo semántico ni bibliográfico","% bootstrap","árbol individual EF2","bootstrap filogenético","n/a","inferido","S11 Results","C-040","expresa","7cb389cd0e8900b15b7d8435ed0c1271d22f95bca0870f3e8dfa3a42a61de7d3"
"1","25","fracción máxima de lípidos arqueanos en E. coli modificada","CONTENIDO_COPIADO_DE_F","aproximadamente 30","celda no vacía copiada literalmente de F sin cotejo semántico ni bibliográfico","% de lípidos","Escherichia coli con membrana heteroquiral","lipidómica","aproximada","observado","S16 Results; figs. 2–4","C-058","expresa","254f730df9416f5f327bf556388eab6543686fbae1dd70818e4862631bbaf0e2"
"1","26","genomas eucariotas comparados por Brueckner y Martin","CONTENIDO_COPIADO_DE_F","150","celda no vacía copiada literalmente de F sin cotejo semántico ni bibliográfico","genomas","Eukaryota","genómica comparada","n/a","observado","S20 Methods","C-070","expresa","874e8d7ce0d1ada208a29e5e10235bc74a8b55a1fb0afcf1fe13d10721dab89c"
"1","27","proteínas procarióticas comparadas","CONTENIDO_COPIADO_DE_F","19.050.992","celda no vacía copiada literalmente de F sin cotejo semántico ni bibliográfico","proteínas","muestreo de Brueckner y Martin","búsqueda de homología","n/a","observado","S20 Methods","C-070","expresa","b4f1536207f8e068e8ac2298e7e3a265ff74bdc1a9ad363ad7d27e3b0720ea4b"
"1","28","genomas bacterianos comparados","CONTENIDO_COPIADO_DE_F","5.443","celda no vacía copiada literalmente de F sin cotejo semántico ni bibliográfico","genomas","Bacteria","muestreo genómico","n/a","observado","S20 Methods","C-070","expresa","a20f7c3fdc7d973684b226202666af0bb6697596d292cddef34a469aaa39d491"
"1","29","genomas arqueanos comparados","CONTENIDO_COPIADO_DE_F","212","celda no vacía copiada literalmente de F sin cotejo semántico ni bibliográfico","genomas","Archaea","muestreo genómico","n/a","observado","S20 Methods","C-070","expresa","d7737bac84c10e45e6e66efd1294d48268b736cb20901529b2631437732a190a"
"1","30","genes identificables de afinidad arqueana","CONTENIDO_COPIADO_DE_F","44","celda no vacía copiada literalmente de F sin cotejo semántico ni bibliográfico","%","genes eucariotas con afinidad procariótica identificable","clasificación filogenética/homología","dependiente del conjunto identificable","inferido","S20 Results; fig. 2","C-071","expresa","94fd54c7ec655aa53592db2675a7bee0e3b006047c2ae0f6cb9791b36c367826"
"1","31","genes identificables de afinidad bacteriana","CONTENIDO_COPIADO_DE_F","56","celda no vacía copiada literalmente de F sin cotejo semántico ni bibliográfico","%","genes eucariotas con afinidad procariótica identificable","clasificación filogenética/homología","dependiente del conjunto identificable","inferido","S20 Results; fig. 2","C-071","expresa","e01174196149fcdb614de7741bc7fb662e37a6acb60bb66b146b6f4f546d18da"
"1","32","afinidad bacteriana al excluir linajes plastidiales","CONTENIDO_COPIADO_DE_F","53","celda no vacía copiada literalmente de F sin cotejo semántico ni bibliográfico","%","genes eucariotas del subconjunto sin linajes plastidiales","clasificación filogenética/homología","dependiente del conjunto identificable","inferido","S20 Results; fig. 2","C-072","expresa","6c509420830da56fcef389df2a716dfa805d55f6d50f3f1e9424c5b3ee50f5d3"
"1","33","proteínas procarióticas analizadas por Tobiasson et al.","CONTENIDO_COPIADO_DE_F","aproximadamente 75 millones","celda no vacía copiada literalmente de F sin cotejo semántico ni bibliográfico","proteínas","muestreo procariótico","búsqueda y agrupamiento de secuencias","aproximada","observado","S21 Methods; Extended Data","C-075","expresa","a2fc426ced0d03f363275508493379dd722cc1a8e2be0e2dd33bc6b3888e1b23"
"1","34","genomas procarióticos analizados por Tobiasson et al.","CONTENIDO_COPIADO_DE_F","47.545","celda no vacía copiada literalmente de F sin cotejo semántico ni bibliográfico","genomas","muestreo procariótico","base genómica","n/a","observado","S21 Methods","C-075","expresa","aafe66246d298de98da9e4ab834ce433f84f0d46d3cb7aca0908c91691dd9135"
"1","35","genomas asgard en Tobiasson et al.","CONTENIDO_COPIADO_DE_F","63","celda no vacía copiada literalmente de F sin cotejo semántico ni bibliográfico","genomas","Asgardarchaeota","muestreo genómico","n/a","observado","S21 Methods","C-075","expresa","62d064df392af2f6521dfd513f1a78d72f9bda8e38449e23233a92a467665815"
"1","36","secuencias eucariotas en Tobiasson et al.","CONTENIDO_COPIADO_DE_F","aproximadamente 30 millones","celda no vacía copiada literalmente de F sin cotejo semántico ni bibliográfico","secuencias","Eukaryota","EukProt","aproximada","observado","S21 Methods","C-075","expresa","bd4bb4a9f86050d057557a55eae4cfb122c199c732e5156b4fa9fa8349ecb8bf"
"1","37","especies eucariotas en Tobiasson et al.","CONTENIDO_COPIADO_DE_F","993","celda no vacía copiada literalmente de F sin cotejo semántico ni bibliográfico","especies","Eukaryota","EukProt","n/a","observado","S21 Methods","C-075","expresa","88b6d03fd778d8154ebe857ad3cb7b9a85847f29366b54a4938226c3d03c33f0"
"1","38","clases hijas en el registro SeqCode de Asgardarchaeota","CONTENIDO_COPIADO_DE_F","17","celda no vacía copiada literalmente de F sin cotejo semántico ni bibliográfico","clases","Asgardarchaeota","recuento de registro nomenclatural","dependiente de versión","observado","S50 registro SeqCode, lista de children","C-082","expresa","e3646761cef85387eacfb17422ec84f7ea2d3500970ece96066defbdddaf11ff"
"1","39","MAG asgard nuevos en Zhang et al.","CONTENIDO_COPIADO_DE_F","223","celda no vacía copiada literalmente de F sin cotejo semántico ni bibliográfico","MAG","Asgardarchaeota","ensamblaje y cribado","umbral >70 % completitud y <10 % contaminación en el estudio","observado","S26 resumen; Methods","C-086","expresa","bd8c2aaf21509243165aabacbcf5523c87333c8b8e7efc9e5de70125a27962d4"
"1","40","linajes asgard nuevos propuestos","CONTENIDO_COPIADO_DE_F","16","celda no vacía copiada literalmente de F sin cotejo semántico ni bibliográfico","linajes","Asgardarchaeota","delimitación filogenómica","dependiente de criterio de delimitación","inferido","S26 resumen; fig. 1","C-086","expresa","745a141143b64799323bc310fdad4fdd39e127fc45bd044b123c3a714692464c"
"1","41","muestras procesadas por Zhang et al.","CONTENIDO_COPIADO_DE_F","40","celda no vacía copiada literalmente de F sin cotejo semántico ni bibliográfico","muestras","ambientes muestreados","metagenómica","n/a","observado","S26 Methods","C-087","expresa","dc8bc8baeef818f71747f534fde37d0fd793be045d73d0c019cf9d7503b248ba"
"1","42","MAG reconstruidos inicialmente por Zhang et al.","CONTENIDO_COPIADO_DE_F","11.878","celda no vacía copiada literalmente de F sin cotejo semántico ni bibliográfico","MAG","conjunto metagenómico total","ensamblaje y binning","dependiente de pipeline","observado","S26 Methods","C-087","expresa","9e17fe873baaf09459c5bca101510d16016a95865e524440f09616b87207a26c"
"1","43","genomas asgard en colección principal","CONTENIDO_COPIADO_DE_F","411","celda no vacía copiada literalmente de F sin cotejo semántico ni bibliográfico","genomas","Asgardarchaeota","muestreo filogenómico","n/a","observado","S26 Methods","C-088","expresa","23d212e7d7a2fb5bbc23015d434208739115e9c32d655317b62e9a930d28df2c"
"1","44","eucariotas en colección principal asgard","CONTENIDO_COPIADO_DE_F","14","celda no vacía copiada literalmente de F sin cotejo semántico ni bibliográfico","taxones","Eukaryota","muestreo filogenómico","n/a","observado","S26 Methods","C-088","expresa","9afcc2e40c004a207ee7eb92255e67eb87cad7481b7a6e22f56eb47427b98bf8"
"1","45","genomas asgard procedentes de cultivos","CONTENIDO_COPIADO_DE_F","2","celda no vacía copiada literalmente de F sin cotejo semántico ni bibliográfico","genomas","colección de 411 Asgard","clasificación de procedencia","n/a","observado","S26 Methods; Supplementary table","C-089","expresa","99b95ee17a87b2e95ecd552a301796569787cf1f09cc413f4dd25441313c5fe8"
"1","46","genomas asgard procedentes de MAG","CONTENIDO_COPIADO_DE_F","409","celda no vacía copiada literalmente de F sin cotejo semántico ni bibliográfico","genomas","colección de 411 Asgard","resta publicada por clases de procedencia","n/a","observado","S26 Methods; Supplementary table","C-089","expresa","d91efc55d3c71b3734059f2e89e9422b0f97087399af047b4758633134d9857c"
"1","47","completitud media de genomas asgard","CONTENIDO_COPIADO_DE_F","85.3","celda no vacía copiada literalmente de F sin cotejo semántico ni bibliográfico","%","colección de Zhang et al.","métrica de completitud de MAG","media publicada","inferido","S26 Results; Supplementary table","C-090","expresa","fb002043e8529b5201538f496b04d549c78ea669eec6409b1a8422f38cd9317d"
"1","48","contaminación media de genomas asgard","CONTENIDO_COPIADO_DE_F","3.6","celda no vacía copiada literalmente de F sin cotejo semántico ni bibliográfico","%","colección de Zhang et al.","métrica de contaminación de MAG","media publicada","inferido","S26 Results; Supplementary table","C-090","expresa","8e9acb3b88a952940fe33c95a4fd89fd426a7f1230bb56e2607a30b8df4b4cd9"
"1","49","tamaño celular de Promethearchaeum syntrophicum","CONTENIDO_COPIADO_DE_F","300–750","celda no vacía copiada literalmente de F sin cotejo semántico ni bibliográfico","nm","Promethearchaeum syntrophicum","microscopía","rango observado","observado","S35 Abstract; Results §Cell morphology [PASAJE VERIFICADO 2026-08-08]","C-093","expresa","3585deefa3eb8d543ca0bd9e0db49477942498a4ff546dc711f3f3f7b762bc45"
"1","50","rango de crecimiento de Promethearchaeum syntrophicum","CONTENIDO_COPIADO_DE_F","4–30","celda no vacía copiada literalmente de F sin cotejo semántico ni bibliográfico","°C","Promethearchaeum syntrophicum","cocultivo","rango observado","observado","S35 tabla de descripción; fisiología","C-094","expresa","db113ea3973a5eaac1cc1cf3bc2c9c28f9bd4512434177f9c9aaeffe3e3912cb"
"1","51","óptimo de crecimiento de Promethearchaeum syntrophicum","CONTENIDO_COPIADO_DE_F","20","celda no vacía copiada literalmente de F sin cotejo semántico ni bibliográfico","°C","Promethearchaeum syntrophicum","cocultivo","óptimo en condiciones publicadas","observado","S35 tabla de descripción; fisiología","C-094","expresa","c20bc2432da30fb8b7263b915d3176a302db425932bffa872f17c13263a2463d"
"1","52","duración de crecimiento completo","CONTENIDO_COPIADO_DE_F","aproximadamente 3","celda no vacía copiada literalmente de F sin cotejo semántico ni bibliográfico","meses","Promethearchaeum syntrophicum","cocultivo","aproximada y dependiente de condición","observado","S35 resumen; Results §Physiology; fig. S2b [PASAJE VERIFICADO 2026-08-08]","C-095","expresa","b51b9ac32cd8f6bfddd124b11fcc251c0f7292daa191b19f55f90af69a62ba82"
"1","53","abundancia máxima del cultivo","CONTENIDO_COPIADO_DE_F","aproximadamente 6.7 × 10^6","celda no vacía copiada literalmente de F sin cotejo semántico ni bibliográfico","copias de 16S rRNA ml−1","Promethearchaeum syntrophicum","qPCR o cuantificación de 16S","aproximada","observado","S35 resumen; Results §Physiology; fig. S2b [PASAJE VERIFICADO 2026-08-08]","C-096","expresa","12f39b052d5a0d46f3c7ea46120554048a4f2f973419a46cf25eb2dac2194359"
"1","54","tamaño del cromosoma","CONTENIDO_COPIADO_DE_F","4.32","celda no vacía copiada literalmente de F sin cotejo semántico ni bibliográfico","Mb","Promethearchaeum syntrophicum","secuenciación genómica","n/a","observado","S35 §Genome characteristics","C-097","expresa","a43fc8a2ac97cb500c1d53980f3668944aa4e4035c7864abf885eda4b325c51b"
"1","55","contenido GC","CONTENIDO_COPIADO_DE_F","31.1","celda no vacía copiada literalmente de F sin cotejo semántico ni bibliográfico","% GC","Promethearchaeum syntrophicum","secuenciación genómica","n/a","observado","S35 §Genome characteristics","C-097","expresa","b1d80d4c5a90ef0691f18753f183c1ffb91db8e2ed27a552c0b61af6b6041dc8"
"1","56","abundancia relativa de lecturas Hodarchaeales","CONTENIDO_COPIADO_DE_F","0.1","celda no vacía copiada literalmente de F sin cotejo semántico ni bibliográfico","% de lecturas rRNA","sedimento de Aarhus Bay","bibliotecas rRNA","no es abundancia celular absoluta","observado","S37 resumen; Results","C-105","expresa","a10202df8bde59b4d3b7a6e3513a319f94f8d7df15e34933887526b1f6605c28"
"1","57","longitud media celular Hodarchaeales","CONTENIDO_COPIADO_DE_F","3","celda no vacía copiada literalmente de F sin cotejo semántico ni bibliográfico","µm","células afiliadas a Hodarchaeales","microscopía de superresolución","media publicada","observado","S37 resumen; fig. 2","C-106","expresa","55817bba8e94274cd127c59d8fff3c81d8dd059bc1a39b08ac5ba9c2966654c0"
"1","58","rango de longitud celular Hodarchaeales","CONTENIDO_COPIADO_DE_F","1.5–5.2","celda no vacía copiada literalmente de F sin cotejo semántico ni bibliográfico","µm","células afiliadas a Hodarchaeales","microscopía de superresolución","rango observado","observado","S37 resumen; fig. 2","C-106","expresa","e92613793af6de2614f59c8b0e3458203c18a155b7c1448973215360a0e24abf"
"1","59","fracción de Nerearchaeum en enriquecimiento","CONTENIDO_COPIADO_DE_F","89","celda no vacía copiada literalmente de F sin cotejo semántico ni bibliográfico","% de células","Nerearchaeum marumarumayae","cuantificación de enriquecimiento","n/a","observado","S38 resumen; Results","C-108","expresa","7361c3b2763bb67eb7316ff67aa0756833bcfead9cf75ab79e2bd78107d5e4b7"
"1","60","MAG asgard analizados por Appler et al.","CONTENIDO_COPIADO_DE_F","404","celda no vacía copiada literalmente de F sin cotejo semántico ni bibliográfico","MAG","Asgardarchaeota","genómica comparada","n/a","observado","S27 resumen; Methods","C-117","expresa","690612b543bdee18b99be74af4d5a3f55e0b6eed9db0da55b76bd2f0a7b89711"
"1","61","Heimdallarchaeia nuevos en Appler et al.","CONTENIDO_COPIADO_DE_F","136","celda no vacía copiada literalmente de F sin cotejo semántico ni bibliográfico","MAG","Heimdallarchaeia","genómica comparada","n/a","observado","S27 resumen; Methods","C-117","expresa","c9199ca5c346c510dfbd26d56dcd5eac00fa91285b7ed08c7d7bf20e57906f11"
"1","62","proteínas de NM54","CONTENIDO_COPIADO_DE_F","54","celda no vacía copiada literalmente de F sin cotejo semántico ni bibliográfico","proteínas","matriz de Eme et al.","selección de marcadores no ribosómicos","n/a","observado","S25 Methods","C-120","expresa","96d6fe1eef357720ccadaaa4dc4fb9a3895a464e2950ac6f963ea72b74615583"
"1","63","taxones arqueanos de NM54","CONTENIDO_COPIADO_DE_F","313","celda no vacía copiada literalmente de F sin cotejo semántico ni bibliográfico","taxones","matriz de Eme et al.","muestreo taxonómico","n/a","observado","S25 Methods","C-120","expresa","bd541e27cc76b85803c4cee524d09da6f14a2e4c545677ea93fda4b374d507a5"
"1","64","posiciones de NM54","CONTENIDO_COPIADO_DE_F","13.513","celda no vacía copiada literalmente de F sin cotejo semántico ni bibliográfico","posiciones de aminoácidos","matriz de Eme et al.","alineamiento concatenado","n/a","observado","S25 Methods","C-120","expresa","d81d38e4d1402425316f474c0ecbd5c2a38940ad8fa828db3aed5fad22ca2396"
"1","65","tamaño genómico mediano Njordarchaeales","CONTENIDO_COPIADO_DE_F","2.4","celda no vacía copiada literalmente de F sin cotejo semántico ni bibliográfico","Mb","Njordarchaeales","estimación desde genomas reconstruidos","mediana","inferido","S25 fig. 3","C-123","expresa","2b0600eac24bfcec0d2d6088c7ce4e6f1cc8c217d0e58e3f402a1081341b0656"
"1","66","tamaño genómico mediano Kariarchaeales","CONTENIDO_COPIADO_DE_F","2.7","celda no vacía copiada literalmente de F sin cotejo semántico ni bibliográfico","Mb","Kariarchaeales","estimación desde genomas reconstruidos","mediana","inferido","S25 fig. 3","C-123","expresa","1d131669ad86c0b43a709cd9cd0e0772cf93e3d92c01ee640e02e60dd73ae503"
"1","67","tamaño genómico mediano Gerdarchaeales","CONTENIDO_COPIADO_DE_F","3.4","celda no vacía copiada literalmente de F sin cotejo semántico ni bibliográfico","Mb","Gerdarchaeales","estimación desde genomas reconstruidos","mediana","inferido","S25 fig. 3","C-123","expresa","1e9214386fc32287dbea9a21500168f37e8ecaf103159e1cd03231219d585514"
"1","68","tamaño genómico mediano Heimdallarchaeales","CONTENIDO_COPIADO_DE_F","3.7","celda no vacía copiada literalmente de F sin cotejo semántico ni bibliográfico","Mb","Heimdallarchaeales","estimación desde genomas reconstruidos","mediana","inferido","S25 fig. 3","C-123","expresa","9bf5b6f610fe0f9eb1b67f8369c3c58b1bd3eeb214b7b16dbc574892937aa529"
"1","69","tamaño genómico mediano Hodarchaeales","CONTENIDO_COPIADO_DE_F","5.1","celda no vacía copiada literalmente de F sin cotejo semántico ni bibliográfico","Mb","Hodarchaeales","estimación desde genomas reconstruidos","mediana","inferido","S25 fig. 3","C-123","expresa","d1e9a1f0d2073389d651ecba1c608351a19411d9f54f58ea8126dfe158f9502f"
"1","70","familias proteicas reconstruidas para ancestro Hodarchaeales","CONTENIDO_COPIADO_DE_F","4.053","celda no vacía copiada literalmente de F sin cotejo semántico ni bibliográfico","familias proteicas","ancestro de Hodarchaeales","reconstrucción de estado ancestral","dependiente de árbol y umbral","inferido","S25 Results; fig. 3","C-124","expresa","c509e9d9ad24a5f5e9ce105afb5b3f1eccbfdd0250c38a1f784425d282a05fec"
"1","71","familias proteicas reconstruidas para ancestro asgard","CONTENIDO_COPIADO_DE_F","3.134","celda no vacía copiada literalmente de F sin cotejo semántico ni bibliográfico","familias proteicas","último ancestro asgard considerado","reconstrucción de estado ancestral","dependiente de árbol y umbral","inferido","S25 Results; fig. 3","C-124","expresa","c8145fec7248d6040eadb51a5a6cb37d682f9599c241a610bc2f35fcbb3a5754"
"1","72","temperatura óptima mediana inferida","CONTENIDO_COPIADO_DE_F","36.7","celda no vacía copiada literalmente de F sin cotejo semántico ni bibliográfico","°C","Hodarchaeales","predicción desde secuencias","mediana inferida","inferido","S25 Results; fig. 4","C-125","expresa","3cccf576a052b5324b5b5683e225503730f9c9eb500a3f1a889b911e712de215"
"1","73","proteínas en la matriz de 97 proteínas","CONTENIDO_COPIADO_DE_F","97","celda no vacía copiada literalmente de F sin cotejo semántico ni bibliográfico","proteínas","matriz de 97 proteínas","selección de marcadores","n/a","observado","S26 Methods","C-126","expresa","4f30aafdea83df902f1ff865ff67e57ee0bc7603a12e9beafc520693ef1c5a19"
"1","74","taxones asgard en la matriz de 97 proteínas","CONTENIDO_COPIADO_DE_F","411","celda no vacía copiada literalmente de F sin cotejo semántico ni bibliográfico","taxones","matriz de 97 proteínas","muestreo taxonómico","n/a","observado","S26 Methods","C-126","expresa","a990b3912792b6a1bbe3da135a0d5b1b2580acf4bf7765ce554cd179ddefaa26"
"1","75","eucariotas en la matriz de 97 proteínas","CONTENIDO_COPIADO_DE_F","14","celda no vacía copiada literalmente de F sin cotejo semántico ni bibliográfico","taxones","matriz de 97 proteínas","muestreo taxonómico","n/a","observado","S26 Methods","C-126","expresa","ce2c395ded3699412c624500c524822dc603f31ec11fb9a03a223a18f45204b2"
"1","76","posiciones en la matriz de 97 proteínas","CONTENIDO_COPIADO_DE_F","20.067","celda no vacía copiada literalmente de F sin cotejo semántico ni bibliográfico","posiciones de aminoácidos","matriz de 97 proteínas","alineamiento concatenado","n/a","observado","S26 Methods","C-126","expresa","cb60987586f8f5a89443ef2ca46483f0c015b886df747f31248dcb46d788223e"
"1","77","probabilidad posterior de la matriz de 97 proteínas","CONTENIDO_COPIADO_DE_F","1","celda no vacía copiada literalmente de F sin cotejo semántico ni bibliográfico","probabilidad posterior","topología principal de Zhang et al.","SR4-CAT+GTR","n/a","inferido","S26 fig. 3","C-127","expresa","47d6ce3abd443804ed636270af58c80612a9974a5f400ab31cb8df34e4651594"
"1","78","probabilidad posterior de la matriz de 150 proteínas","CONTENIDO_COPIADO_DE_F","0.8","celda no vacía copiada literalmente de F sin cotejo semántico ni bibliográfico","probabilidad posterior","topología fuera de Heimdallarchaeia","análisis bayesiano","n/a","inferido","S26 Extended Data","C-128","expresa","8ebd944864747e0e38eb8db5d727bb69e54d7bab8baf2b66b6ae3f16a1279faa"
"1","79","probabilidad posterior NM57","CONTENIDO_COPIADO_DE_F","1","celda no vacía copiada literalmente de F sin cotejo semántico ni bibliográfico","probabilidad posterior","topología fuera de Heimdallarchaeia","análisis bayesiano","n/a","inferido","S26 Extended Data","C-128","expresa","fe6a905ea69ab24411dc5be6ad933b93468655f4503c31fe8cc2377af5f02a79"
"1","80","fracción TACK en MAG Njordarchaeota cuestionados","CONTENIDO_COPIADO_DE_F","22–51","celda no vacía copiada literalmente de F sin cotejo semántico ni bibliográfico","% de contigs o fracción genómica afiliada","MAG atribuidos a Njordarchaeota","evaluación taxonómica de contigs","rango entre MAG examinados","inferido","S26 Results; Extended Data","C-130","expresa","3449aea1c63b2017d8b4c4f961521bf0224eb77a4fb3c49c7c02174d797647ff"
"1","81","clados alfa divergentes añadidos por Martijn et al.","CONTENIDO_COPIADO_DE_F","12","celda no vacía copiada literalmente de F sin cotejo semántico ni bibliográfico","clados","Alphaproteobacteria","muestreo filogenómico","n/a","observado","S46 Methods; fig. 1","C-151","expresa","70572f62c2216e655240e28f42a45045f4b534314234ac2aa15648d6306c2684"
"1","82","proteínas mitocondriales analizadas por Muñoz-Gómez et al.","CONTENIDO_COPIADO_DE_F","108","celda no vacía copiada literalmente de F sin cotejo semántico ni bibliográfico","proteínas","matriz mitocondrial-alfa","selección de marcadores","n/a","observado","S48 resumen; Methods","C-154","expresa","b07577737309df815c48ccb21cfcce30aade3348e0d61b7efe12cea851d0f092"
"1","83","edad de nFECA","CONTENIDO_COPIADO_DE_F","3.05–2.79","celda no vacía copiada literalmente de F sin cotejo semántico ni bibliográfico","Ga","nFECA","MCMCTree; calibraciones fósiles y cross-bracing","intervalo publicado","inferido","S58 líneas 91–93","C-193","expresa","b9bca390d2df60a8fd40f3fa29124a999f6415eb097d6226a63fda26e53ef5c3"
"1","84","edad de mFECA","CONTENIDO_COPIADO_DE_F","2.37–2.13","celda no vacía copiada literalmente de F sin cotejo semántico ni bibliográfico","Ga","mFECA","MCMCTree; calibraciones fósiles y cross-bracing","intervalo publicado","inferido","S58 líneas 91–93","C-194","expresa","cdfeccfaa1d5ddd0a408724295f3363afc6cc87f4800e0819fc4788eb72baada"
"1","85","edad de LECA","CONTENIDO_COPIADO_DE_F","1.80–1.67","celda no vacía copiada literalmente de F sin cotejo semántico ni bibliográfico","Ga","radiación de LECA","MCMCTree; calibraciones fósiles y cross-bracing","intervalo publicado","inferido","S58 líneas 91–93","C-195","expresa","6fa950fa1c9f21fb56fc42b1f944829a69c20d491a7cafa8765234bd788af16b"
"1","86","duración mediana del tallo nuclear","CONTENIDO_COPIADO_DE_F","aproximadamente 1.1","celda no vacía copiada literalmente de F sin cotejo semántico ni bibliográfico","Gyr","nFECA–LECA","diferencia de nodos fechados","mediana publicada","inferido","S58 línea 92","C-196","expresa","a062982aa5f4d4b888f96ad689a3f6efce1583dd8fd56481096c84d04bc0e52c"
"1","87","duración mediana del tallo mitocondrial","CONTENIDO_COPIADO_DE_F","aproximadamente 0.6","celda no vacía copiada literalmente de F sin cotejo semántico ni bibliográfico","Gyr","mFECA–LECA","diferencia de nodos fechados","mediana publicada","inferido","S58 línea 92","C-197","expresa","7e95a3eb843280d37d597b2576bd717e39c3cfaa96d223eb533cc0da7cf7c3df"
"1","88","calibraciones fósiles del reloj de especies","CONTENIDO_COPIADO_DE_F","18","celda no vacía copiada literalmente de F sin cotejo semántico ni bibliográfico","calibraciones","cronología de Kay et al.","MCMCTree y cross-bracing","n/a","observado","S58 Methods","C-198","expresa","fbc766cfaa5121d478e5c61de3868f08c9de74cd275ba3dd571900651dba752b"
"1","89","árboles génicos fechados","CONTENIDO_COPIADO_DE_F","135","celda no vacía copiada literalmente de F sin cotejo semántico ni bibliográfico","árboles génicos","análisis de Kay et al.","selección de duplicaciones compatibles","n/a","observado","S58 línea 94","C-199","expresa","3b50c3936be03cb35537594bd07f85a01d29faa27940737d7a46ba4732633f3d"
"1","90","árboles de ascendencia arqueana","CONTENIDO_COPIADO_DE_F","95","celda no vacía copiada literalmente de F sin cotejo semántico ni bibliográfico","árboles génicos","análisis de Kay et al.","clasificación de ascendencia","n/a","observado","S58 líneas 94–95","C-199","expresa","42a61ac79b074d0ccf0506e0525b746d014e18eb5b0c0e609edb4f0758df3648"
"1","91","árboles de ascendencia bacteriana","CONTENIDO_COPIADO_DE_F","40","celda no vacía copiada literalmente de F sin cotejo semántico ni bibliográfico","árboles génicos","análisis de Kay et al.","clasificación de ascendencia","n/a","observado","S58 líneas 94–95","C-199","expresa","306bdc047adea31b16279e0b62a7ef2a703d35ea4704f73ef9179f5a6cb02ffd"
"1","92","familias bacterianas sin apoyo alfa fuerte","CONTENIDO_COPIADO_DE_F","19 de 40","celda no vacía copiada literalmente de F sin cotejo semántico ni bibliográfico","familias génicas","análisis de Kay et al.","filogenia de familias","n/a","inferido","S58 línea 95","C-200","expresa","0e16351a7f870d2157c6813159a989bd92ae9f75a2171ad102870f6a244f6424"
"1","93","familias arqueanas sin apoyo asgard","CONTENIDO_COPIADO_DE_F","9 de 95","celda no vacía copiada literalmente de F sin cotejo semántico ni bibliográfico","familias génicas","análisis de Kay et al.","filogenia de familias","n/a","inferido","S58 línea 95","C-201","expresa","e57eba2b4caece9e75dbddd266f95e1f097a59fd2a92a4b7d194ab488753c96e"
"1","94","conjuntos de proteomas","CONTENIDO_COPIADO_DE_F","3","celda no vacía copiada literalmente de F sin cotejo semántico ni bibliográfico","conjuntos","Bernabeu et al.","réplicas de muestreo","n/a","observado","S59 Methods","C-211","expresa","30fa4fd2a0306daef22c69e7adbfab5c6094e371c3ef39bbefec043deebcf80a"
"1","95","proteomas por conjunto","CONTENIDO_COPIADO_DE_F","100","celda no vacía copiada literalmente de F sin cotejo semántico ni bibliográfico","proteomas","Bernabeu et al.","diseño de muestreo","n/a","observado","S59 Methods","C-211","expresa","517c43b2d0752852f99a601b2d28533d85501920e01f73d102faa79f869d9be8"
"1","96","especies totales representadas","CONTENIDO_COPIADO_DE_F","185","celda no vacía copiada literalmente de F sin cotejo semántico ni bibliográfico","especies","Bernabeu et al.","muestreo combinado","n/a","observado","S59 Methods","C-211","expresa","313574b7c337769c19f95f2ae0d78e5f6a085413a00c80fa4822f06b94fd96ad"
"1","97","solapamiento proteico medio","CONTENIDO_COPIADO_DE_F","46%","celda no vacía copiada literalmente de F sin cotejo semántico ni bibliográfico","porcentaje","conjuntos de Bernabeu et al.","comparación entre réplicas","no consta como intervalo","observado","S59 Extended Data fig. 1","C-211","expresa","29d0a15326757820b077f6f542ef8e86f90608f6e46f5c6f01c3800e329f4a75"
"1","98","proteomas tras filtros","CONTENIDO_COPIADO_DE_F","256","celda no vacía copiada literalmente de F sin cotejo semántico ni bibliográfico","proteomas","Bernabeu et al.","filtros de calidad","n/a","observado","S59 Methods","C-212","expresa","c264f4764f03c3c55aaaf36a2abf8be76dc30c62f04a1192a089989770c245b6"
"1","99","ortogrupos de LECA con criterio relajado","CONTENIDO_COPIADO_DE_F","12.907","celda no vacía copiada literalmente de F sin cotejo semántico ni bibliográfico","ortogrupos","LECA, presencia en tres supergrupos","reconstrucción de presencia","variación entre réplicas no transcrita aquí","inferido","S59 Results; fig. 1","C-213","expresa","e68b9b3ce7748b99ca53aa07c58997fb4beca4e4553d84c37b107e1fbb68e3f9"
"1","100","ortogrupos de LECA con criterio estricto","CONTENIDO_COPIADO_DE_F","7.751","celda no vacía copiada literalmente de F sin cotejo semántico ni bibliográfico","ortogrupos","LECA, presencia en cinco supergrupos","reconstrucción de presencia","variación entre réplicas no transcrita aquí","inferido","S59 Results; fig. 1","C-214","expresa","636da09441c13f85aa286d19f19c71409346bc69ac6154867d2bc88d57f6d209"
"1","101","consistencia media de ortogrupos","CONTENIDO_COPIADO_DE_F","79%","celda no vacía copiada literalmente de F sin cotejo semántico ni bibliográfico","porcentaje","reconstrucciones de LECA","comparación entre réplicas","no consta como intervalo","inferido","S59 Extended Data","C-215","expresa","ceaf29d1ecb5f2ea6929354c5d650a6821c05651d26375de049ab96bfc5b2d81"
"1","102","ortogrupos potencialmente explicables por HGT entre supergrupos","CONTENIDO_COPIADO_DE_F","3%","celda no vacía copiada literalmente de F sin cotejo semántico ni bibliográfico","porcentaje","reconstrucción de Bernabeu et al.","control de HGT","no consta como intervalo","inferido","S59 Results","C-216","expresa","22a66f8840cdf9051958d2420174930729f71503b3c4e805471a99ad9a5a4711"
"1","103","términos KEGG Orthology","CONTENIDO_COPIADO_DE_F","5.317","celda no vacía copiada literalmente de F sin cotejo semántico ni bibliográfico","KO","proteoma funcional consensuado de LECA","anotación funcional","n/a","inferido","S59 Results","C-217","expresa","41f0a1768ed480b463f1f74c286b978cad04afd13a234d05a7e58ab4c8f3427f"
"1","104","genomas en análisis de poro nuclear","CONTENIDO_COPIADO_DE_F","60","celda no vacía copiada literalmente de F sin cotejo semántico ni bibliográfico","genomas","Neumann et al.","genómica comparada","n/a","observado","S61 Methods","C-219","expresa","6ea7f9916dc2ea8d7d66fbdc9481ae8d060f1eb08e0e122fa2c24b6e7e221cc5"
"1","105","nucleoporinas con representación profunda","CONTENIDO_COPIADO_DE_F","19","celda no vacía copiada literalmente de F sin cotejo semántico ni bibliográfico","nucleoporinas","Neumann et al.","búsqueda de homología","n/a","inferido","S61 Results","C-220","expresa","ad3258909b63f73328e3cc9b601a1fd94e70ec785f2e0fd3571357351f90d6a6"
"1","106","nucleoporinas atribuidas a LECA","CONTENIDO_COPIADO_DE_F","23–26 de 31","celda no vacía copiada literalmente de F sin cotejo semántico ni bibliográfico","nucleoporinas","complejo del poro de LECA","parsimonia","rango entre reconstrucciones","inferido","S61 fig. 4","C-221","expresa","ca1352d96c975b129e3056c7923d9283201da9b78fc12bd68c62c99e6a7c7029"
"1","107","Rab GTPasas atribuidas a LECA","CONTENIDO_COPIADO_DE_F","hasta 23","celda no vacía copiada literalmente de F sin cotejo semántico ni bibliográfico","Rab GTPasas","LECA","filogenia de paralogos","máximo reconstruido","inferido","S65 fig. 5","C-224","expresa","e64405277d3a7e64da6bea62bac399ccffe7883a7f556c3af5b228a319e1a387"
"1","108","secuencias SNARE analizadas","CONTENIDO_COPIADO_DE_F","más de 2.000","celda no vacía copiada literalmente de F sin cotejo semántico ni bibliográfico","secuencias","Kloepper et al.","clasificación filogenética","n/a","observado","S66 Abstract","C-225","expresa","7f62e7599c5d3fb48db9b7e52c45ddf3887432afdc751612afb06695cbba7074"
"1","109","especies del análisis SNARE","CONTENIDO_COPIADO_DE_F","145","celda no vacía copiada literalmente de F sin cotejo semántico ni bibliográfico","especies","Kloepper et al.","muestreo taxonómico","n/a","observado","S66 Abstract","C-225","expresa","4fe6ce98dacb432eb2650331fa2e940723029b8aabbf122ee9041d6895954730"
"1","110","subclases SNARE ancestrales","CONTENIDO_COPIADO_DE_F","aproximadamente 20","celda no vacía copiada literalmente de F sin cotejo semántico ni bibliográfico","subclases","cenancestro eucariota","reconstrucción filogenética","aproximadamente","inferido","S66 fig. 6","C-226","expresa","dd0778f54de9b2786a168ab7e3b5382641d032e94c10643c9f7675ebee9956bf"
"1","111","PEX comparados","CONTENIDO_COPIADO_DE_F","37","celda no vacía copiada literalmente de F sin cotejo semántico ni bibliográfico","proteínas PEX","Jansen et al.","genómica comparada","n/a","observado","S73 Abstract","C-237","expresa","db5def6595779b8e254353c95d51e2727a723f0030c565193bc6092f9f15cf7f"
"1","112","proteínas peroxisomales de origen eucariota","CONTENIDO_COPIADO_DE_F","39–58%","celda no vacía copiada literalmente de F sin cotejo semántico ni bibliográfico","porcentaje","proteoma peroxisomal analizado","filogenia y homología","rango entre criterios","inferido","S74 Abstract","C-239","expresa","5e539ecb7a49c917344a21637ef5f3cc02edae71028dafc4174fab6f0edaea7a"
"1","113","proteínas peroxisomales de origen alfa-proteobacteriano","CONTENIDO_COPIADO_DE_F","13–18%","celda no vacía copiada literalmente de F sin cotejo semántico ni bibliográfico","porcentaje","proteoma peroxisomal analizado","filogenia y homología","rango entre criterios","inferido","S74 Abstract","C-240","expresa","6d257458bcb4fb5a96c4be1b63379f5b46da2149a74bd95f2ad5a4c4fcadc1b7"
"1","114","intrones de LECA compartidos entre paralogos","CONTENIDO_COPIADO_DE_F","20–35%","celda no vacía copiada literalmente de F sin cotejo semántico ni bibliográfico","porcentaje","intrones reconstruidos de LECA","posiciones homólogas entre paralogos","rango entre análisis","inferido","S68 fig. 3","C-249","expresa","60db1d22dc5fe3d95b71e3d0864eaa917c96b420983330b8ebb31f1f038bbe07"
"1","115","árboles génicos en reconstrucción de Bremer et al. 2022","CONTENIDO_COPIADO_DE_F","1.789","celda no vacía copiada literalmente de F sin cotejo semántico ni bibliográfico","árboles génicos","rasgos celulares de LECA","reconstrucción de estados","n/a","observado","S79 Methods","C-253","expresa","d07e100237e03f7904c38f5e53d48d6ca2681031bfd5a8a496827351ccceffc9"
"1","116","duplicaciones analizadas por Tria et al.","CONTENIDO_COPIADO_DE_F","163.545","celda no vacía copiada literalmente de F sin cotejo semántico ni bibliográfico","duplicaciones","eucariotas","árboles génicos","n/a","observado","S81 Abstract","C-266","expresa","faeb8b655e93420f5b9e12c72d1272d207cd3f53a4354d07376b722fefe86e51"
"1","117","árboles génicos analizados por Tria et al.","CONTENIDO_COPIADO_DE_F","24.571","celda no vacía copiada literalmente de F sin cotejo semántico ni bibliográfico","árboles génicos","eucariotas","filogenias de familias","n/a","observado","S81 Abstract","C-266","expresa","936128064b7eb62c57b1bf165668ac47d120204b117da94d680e71a019c00aa9"
"1","118","genomas eucariotas de Tria et al.","CONTENIDO_COPIADO_DE_F","150","celda no vacía copiada literalmente de F sin cotejo semántico ni bibliográfico","genomas","eucariotas","muestreo taxonómico","n/a","observado","S81 Abstract","C-266","expresa","28d2f9f8c211dc29854323be475c1617d3e95241301eb0ebf7d50b2503d1027b"
"1","119","duplicaciones pre-LECA retenidas","CONTENIDO_COPIADO_DE_F","713","celda no vacía copiada literalmente de F sin cotejo semántico ni bibliográfico","duplicaciones","tallo eucariota","filtros de asignación","n/a","inferido","S81 Results","C-267","expresa","f3b5e12dcd5b0427a80153c73c4841e7f6ad63ee24f6d0087ab1f1d6275f48a4"
"1","120","proteínas estructurales comparadas por Devos et al.","CONTENIDO_COPIADO_DE_F","7","celda no vacía copiada literalmente de F sin cotejo semántico ni bibliográfico","proteínas","vesículas recubiertas y poro nuclear","comparación estructural","n/a","observado","S97 Results","C-349","expresa","d74753042421beba405f683137a3f16683fee9d018236a9ceed1e781f00d19f0"
"1","121","proteínas arqueanas en S103","CONTENIDO_COPIADO_DE_F","183","celda no vacía copiada literalmente de F sin cotejo semántico ni bibliográfico","proteínas","raíz eucariota","selección de marcadores","n/a","observado","S103 resumen; Methods","C-448","expresa","d4103f7aef046e2d547c4436bfcbd22644135006f7bd30816221d14718d0a993"
"1","122","familias génicas reconciliadas","CONTENIDO_COPIADO_DE_F","2.786","celda no vacía copiada literalmente de F sin cotejo semántico ni bibliográfico","familias génicas","análisis de Cerón-Romero et al.","reconciliación de árboles","n/a","observado","S107 título; Methods","C-452","expresa","97266646f677f45983e9e325d52a9865dc4fbc7cff9d34951adb3ed406b98fda"
"1","123","linajes en S107","CONTENIDO_COPIADO_DE_F","158","celda no vacía copiada literalmente de F sin cotejo semántico ni bibliográfico","linajes","análisis de Cerón-Romero et al.","muestreo taxonómico","n/a","observado","S107 título; Methods","C-452","expresa","6efa517104dd70d0cdb591c0a4ed036f5b827a0dd9f6d141aa82df3cbedd9bf7"
"1","124","taxones en S102","CONTENIDO_COPIADO_DE_F","100","celda no vacía copiada literalmente de F sin cotejo semántico ni bibliográfico","taxones","análisis de Williamson et al.","muestreo taxonómico","n/a","observado","S102 Methods","C-455","expresa","ea65448b56c02b256a220c1015858cc3376b1b98975761fe53958e33e8b176cd"
"1","125","proteínas mitocondriales en S102","CONTENIDO_COPIADO_DE_F","93","celda no vacía copiada literalmente de F sin cotejo semántico ni bibliográfico","proteínas","análisis de Williamson et al.","matriz concatenada","n/a","observado","S102 Methods","C-455","expresa","fc7cd53df76b76956de3cd3636b431cd895a88e708b43f6b1e8db670bbf02085"
"1","126","PP Opimoda–Diphoda bajo CAT-GTR","CONTENIDO_COPIADO_DE_F","0,95","celda no vacía copiada literalmente de F sin cotejo semántico ni bibliográfico","probabilidad posterior","raíz Opimoda–Diphoda","CAT-GTR","n/a","inferido","S105 resultados","C-445","expresa","1415b8a40c9684ec03a03898d6a327f2316c8fbf7fd094f87f92d25a9a6c2105"
"1","127","PP Opimoda–Diphoda bajo CAT","CONTENIDO_COPIADO_DE_F","0,97","celda no vacía copiada literalmente de F sin cotejo semántico ni bibliográfico","probabilidad posterior","raíz Opimoda–Diphoda","CAT","n/a","inferido","S105 resultados","C-445","expresa","7d0128428bebe40ecaf93f8f3936c397c9f3030f52310acc8716d5396ff0b35e"
"1","128","combinaciones de dominios de miosina","CONTENIDO_COPIADO_DE_F","37","celda no vacía copiada literalmente de F sin cotejo semántico ni bibliográfico","combinaciones","muestreo de S118","clasificación de dominios","dependiente del muestreo","observado","S118 Abstract [PASAJE VERIFICADO 2026-08-08]","C-468","expresa","c673c04e8c5c914ba62abc8c831f41626646571179cef82eefc3685a51e7da91"
"1","129","tipos de miosina atribuidos a LECA por S118","CONTENIDO_COPIADO_DE_F","3","celda no vacía copiada literalmente de F sin cotejo semántico ni bibliográfico","tipos","LECA","reconstrucción comparada","dependiente de clasificación","inferido","S118 Results; S119 introducción","C-469","expresa","ad8b439a6f8183c5b0ce396829ea3482ba41269cc51a4d6262a9a4ce9fee22d9"
"1","130","indels animales–hongos","CONTENIDO_COPIADO_DE_F","4","celda no vacía copiada literalmente de F sin cotejo semántico ni bibliográfico","inserciones/deleciones","Opisthokonta histórica","comparación de proteínas","muestreo de 1993","observado","S122 resumen","C-474","expresa","64e996049c52ef54e6412cb8e041b107aa0e3a55a70ce78ef57c686d7772120b"
"1","131","inserción en eEF1A","CONTENIDO_COPIADO_DE_F","12","celda no vacía copiada literalmente de F sin cotejo semántico ni bibliográfico","aminoácidos","animales y hongos","alineamiento de proteína","n/a","observado","S122 resumen","C-475","expresa","30b2cd20e786bdbdf443f507279263514ae38e2be3c99b7e16d4689e6b2e9a99"
"1","132","proteínas de Brown et al.","CONTENIDO_COPIADO_DE_F","351","celda no vacía copiada literalmente de F sin cotejo semántico ni bibliográfico","proteínas","matriz CRuMs","ortología y curación","n/a","observado","S108 Methods","C-488","expresa","80ee7db1cf6921a2b354a92ed43bfe13e36dfc93d46bb9ffbc3d1827439a0ede"
"1","133","taxones de Brown et al.","CONTENIDO_COPIADO_DE_F","61 o 64","celda no vacía copiada literalmente de F sin cotejo semántico ni bibliográfico","taxones","matrices CRuMs","muestreo taxonómico","n/a","observado","S108 Methods","C-488","expresa","d1264b056c897501f34e89a6039c32e484b739c8da98864887cb138bb2b122f0"
"1","134","posiciones de Brown et al.","CONTENIDO_COPIADO_DE_F","97.002","celda no vacía copiada literalmente de F sin cotejo semántico ni bibliográfico","aminoácidos","matrices CRuMs","alineamiento concatenado","<25 % datos ausentes","observado","S108 Methods","C-488","expresa","163f617e69016031a28ebb83858c5a80563068995c90653862b18d8b5ca431c0"
"1","135","bootstrap Ancyromonadida+Malawimonadida","CONTENIDO_COPIADO_DE_F","77","celda no vacía copiada literalmente de F sin cotejo semántico ni bibliográfico","% bootstrap","topología ML de S108","LG+C60+F+Γ-PMSF","n/a","inferido","S108 fig. 1","C-494","expresa","263331a9ba32580df81223eabf29d0f9f0226bef79cf835015bef6c2b971dcdd"
"1","136","PP Malawimonadida+(CRuMs+Amorphea)","CONTENIDO_COPIADO_DE_F","1","celda no vacía copiada literalmente de F sin cotejo semántico ni bibliográfico","probabilidad posterior","topología bayesiana de S108","CAT-GTR+Γ","n/a","inferido","S108 suppl. figs. S2–S3","C-495","expresa","b8c73a01323b158207beb5e26e6da7731214d280ecad2dca09dd7239f0aeb146"
"1","137","proteínas de Obazoa en S111","CONTENIDO_COPIADO_DE_F","159","celda no vacía copiada literalmente de F sin cotejo semántico ni bibliográfico","proteínas","matriz Obazoa","concatenación","n/a","observado","S111 Methods","C-538","expresa","76c47857489c2fc0ac000bdaf8e6c8164822d64bf5aae201e4bcbbc5c779e350"
"1","138","posiciones de Obazoa en S111","CONTENIDO_COPIADO_DE_F","43.615","celda no vacía copiada literalmente de F sin cotejo semántico ni bibliográfico","aminoácidos","matriz Obazoa","alineamiento concatenado","n/a","observado","S111 Methods","C-538","expresa","58cab84a42434765923df12d73fbe25f212df7e98e9e2aa84c33c36b0233aad5"
"1","139","genes de Amoebozoa en S112","CONTENIDO_COPIADO_DE_F","325","celda no vacía copiada literalmente de F sin cotejo semántico ni bibliográfico","genes","matriz Amoebozoa","concatenación","n/a","observado","S112 fig. 3","C-530","expresa","94936f7210155c8f39da8a0d8aa4e0382a3932ca23761401d0e2332c3e87c26d"
"1","140","posiciones de Amoebozoa en S112","CONTENIDO_COPIADO_DE_F","63.157","celda no vacía copiada literalmente de F sin cotejo semántico ni bibliográfico","sitios","matriz Amoebozoa","alineamiento concatenado","n/a","observado","S112 fig. 3","C-530","expresa","b33194b898f8ac10bf475cb99a8669bd36f9f58b5234f7c94213c48a7de66c16"
"1","141","BPP de respaldo principal Amoebozoa","CONTENIDO_COPIADO_DE_F","1,0","celda no vacía copiada literalmente de F sin cotejo semántico ni bibliográfico","probabilidad posterior","topología de S112","Bayes","n/a","inferido","S112 fig. 3","C-532","expresa","ae22b49ae08ebe7bdd937b0519fcf50eec680ab804b8cc6c794ee1ad4813d9dc"
"1","142","MLBS de respaldo principal Amoebozoa","CONTENIDO_COPIADO_DE_F","99","celda no vacía copiada literalmente de F sin cotejo semántico ni bibliográfico","% bootstrap","topología de S112","máxima verosimilitud","n/a","inferido","S112 fig. 3","C-532","expresa","3842057e7a3905ceec4bb5389209eab528b2a735b9a197a62b9cd0f7df842f15"
"1","143","taxones de Liu et al.","CONTENIDO_COPIADO_DE_F","348","celda no vacía copiada literalmente de F sin cotejo semántico ni bibliográfico","taxones","Opisthokonta","muestreo taxonómico","n/a","observado","S126 Results","C-648","expresa","0dc14bb3608b1af44dc7082733fdfbd7b4289cd88dbdea0067f78e05670d615a"
"1","144","linajes principales de Liu et al.","CONTENIDO_COPIADO_DE_F","33","celda no vacía copiada literalmente de F sin cotejo semántico ni bibliográfico","linajes","Opisthokonta","clasificación de muestreo","n/a","observado","S126 Results","C-648","expresa","b6cc1de68dd602d273308ba32640e61f437ef3efd6c888dc4b3ad2ba01f7f090"
"1","145","genes BUSCO","CONTENIDO_COPIADO_DE_F","228","celda no vacía copiada literalmente de F sin cotejo semántico ni bibliográfico","genes","matriz BUSCO","ortología BUSCO","n/a","observado","S126 tabla 1","C-649","expresa","e03189cf2c14c6887a13fe3faf04a14743425ac9dbbdebb2be54bd178ecdb5b6"
"1","146","genes OrthoFinder","CONTENIDO_COPIADO_DE_F","440","celda no vacía copiada literalmente de F sin cotejo semántico ni bibliográfico","genes","matriz OrthoFinder","ortología OrthoFinder","n/a","observado","S126 tabla 1","C-650","expresa","3f864423043d012a42232f68ce42f54ce3393be62b2c3ebf16a76a8d83527261"
"1","147","genes Tikhonenkov_2020","CONTENIDO_COPIADO_DE_F","201","celda no vacía copiada literalmente de F sin cotejo semántico ni bibliográfico","genes","matriz Tikhonenkov_2020","reutilización y curación","n/a","observado","S126 tabla 1","C-651","expresa","dcf1cef4532ec1858d13db92eb167a54d16b445bcb13004536a1c6fc30820b7f"
"1","148","árboles comparados por Liu et al.","CONTENIDO_COPIADO_DE_F","18","celda no vacía copiada literalmente de F sin cotejo semántico ni bibliográfico","árboles","Opisthokonta","3 matrices × 2 versiones × 3 modelos","n/a","observado","S126 Methods","C-652","expresa","613149339e20f766733fb6798d9d2d85915b9871e26e2af7f42c02b3d5b0b614"
"1","149","ramas congruentes","CONTENIDO_COPIADO_DE_F","aproximadamente 85","celda no vacía copiada literalmente de F sin cotejo semántico ni bibliográfico","%","18 árboles de Opisthokonta","comparación de biparticiones","aproximado","inferido","S126 Results","C-653","expresa","925e165885c3439bccd1f16da85262313ad66f7467451027f533415ab683e5e8"
"1","150","congruencia mismo conjunto de ortólogos","CONTENIDO_COPIADO_DE_F","97–98","celda no vacía copiada literalmente de F sin cotejo semántico ni bibliográfico","%","árboles de S126","comparación de biparticiones","rango","inferido","S126 Results","C-654","expresa","3deb9b44498b4ed0b03c2b3c1c7b65d0789beb3f476c90ba97428445693aa847"
"1","151","congruencia conjuntos distintos","CONTENIDO_COPIADO_DE_F","87–91","celda no vacía copiada literalmente de F sin cotejo semántico ni bibliográfico","%","árboles de S126","comparación de biparticiones","rango","inferido","S126 Results","C-655","expresa","1becdc5667ec9989defba38b3e64f3421f3c8eabe5a5416fd7e6755e3babcc7a"
"1","152","UFB Teretosporea BUSCO GTR+CAT","CONTENIDO_COPIADO_DE_F","23","celda no vacía copiada literalmente de F sin cotejo semántico ni bibliográfico","UFB","topología Teretosporea-sister","bootstrap ultrarrápido","n/a","inferido","S126 Results; S1 Data","C-658","expresa","4cdbdff377abdeaef889e328bbf207868a239c5f6553c0e05aa78e906b2f9bf4"
"1","153","taxones de submuestreo","CONTENIDO_COPIADO_DE_F","60","celda no vacía copiada literalmente de F sin cotejo semántico ni bibliográfico","taxones","Tikhonenkov_2020#4","submuestreo taxonómico","n/a","observado","S126 fig. 5C","C-660","expresa","08fae120943f27fd1fbe309503075c9c15e1fbcaa05a91e39bbde6892924219f"
"1","154","muestreos densos","CONTENIDO_COPIADO_DE_F","180, 240 y 347","celda no vacía copiada literalmente de F sin cotejo semántico ni bibliográfico","taxones","matrices de S126","submuestreo taxonómico","n/a","observado","S126 fig. 5C","C-661","expresa","1b14a5030737353c8f5a70510ca171b9bc9fb1c3bfd9e784ea0cadacff236249"
"1","155","UFB Teretosporea OrthoFinder#2","CONTENIDO_COPIADO_DE_F","98","celda no vacía copiada literalmente de F sin cotejo semántico ni bibliográfico","UFB","topología Teretosporea-sister","modelo sitio-homogéneo","n/a","inferido","S126 fig. 5E","C-662","expresa","e3a44981384e1d9a5f626094339961312c40456bea7d1329375fb21ebf6aa27a"
"1","156","gCF Teretosporea","CONTENIDO_COPIADO_DE_F","0,7","celda no vacía copiada literalmente de F sin cotejo semántico ni bibliográfico","% de loci","topología Teretosporea-sister","gene concordance factor","3/426","inferido","S126 fig. 5E","C-663","expresa","be9b86f1ec9c99fc3b2992c951c230850ca3abec38010e03695906c1aadf31b3"
"1","157","loci que apoyan Teretosporea","CONTENIDO_COPIADO_DE_F","3/426","celda no vacía copiada literalmente de F sin cotejo semántico ni bibliográfico","loci","topología Teretosporea-sister","gene concordance factor","n/a","inferido","S126 fig. 5E","C-663","expresa","679b7a16af7d92f934f255768d342c0d03da4a83602cb83b51e5ff47d933a768"
"1","158","árboles fuera de tres candidatas","CONTENIDO_COPIADO_DE_F","98,6","celda no vacía copiada literalmente de F sin cotejo semántico ni bibliográfico","% de árboles génicos","OrthoFinder#2","comparación de topologías","420/426","inferido","S126 fig. 5E","C-664","expresa","f782843ecd6b94c02798815ca63c00c4cb5a7a8d8fb8dbad6e092c7dc76f613d"
"1","159","árboles fuera de tres candidatas","CONTENIDO_COPIADO_DE_F","420/426","celda no vacía copiada literalmente de F sin cotejo semántico ni bibliográfico","árboles génicos","OrthoFinder#2","comparación de topologías","n/a","inferido","S126 fig. 5E","C-664","expresa","6934073c1d4431c8685ca8a4acd52c9dfc1bdc320e420313a925b8d03b96cbd4"
"1","160","sCF de tres topologías","CONTENIDO_COPIADO_DE_F","34,04/32,98/32,98","celda no vacía copiada literalmente de F sin cotejo semántico ni bibliográfico","sCF","raíces alternativas de Holozoa","site concordance factor","n/a","inferido","S126 S112 table","C-665","expresa","9aebb200dacaa6fccaa216a6db442f531ce82cb4fd4c022384afcee6b07670ed"
"1","161","terminal apusomonádido muestreado en S126","CONTENIDO_COPIADO_DE_F","1","celda no vacía copiada literalmente de F sin cotejo semántico ni bibliográfico","terminal","Apusomonadida en la matriz de S126","recuento directo del muestreo","un único terminal impide estimar una corona","observado","S126 fig. 1 y Table S7, nodo 345","C-549","expresa","2d457fb44de4854edf3d64d0d0f07018442c59386adb361495680e93517bb8a4"
"1","162","edad de Opisthokonta","CONTENIDO_COPIADO_DE_F","1.083,2","celda no vacía copiada literalmente de F sin cotejo semántico ni bibliográfico","Ma","Opisthokonta","MCMCTree","IC 95 % 978,7–1.187,6 Ma","inferido","S126 fig. 3; tabla 2","C-566","expresa","97c4bbff3e72249a2278a3ae209887e2189643f4e68c81a579fb3ee95a3813a2"
"1","163","edad de Holomycota","CONTENIDO_COPIADO_DE_F","996","celda no vacía copiada literalmente de F sin cotejo semántico ni bibliográfico","Ma","Holomycota","MCMCTree","IC 95 % 890,1–1.101,9 Ma","inferido","S126 fig. 3; tabla 2","C-574","expresa","e265027782c77072bea79a6ca82c4d30bf3702ff033760a35f2a7848da731fe7"
"1","164","edad de Holozoa","CONTENIDO_COPIADO_DE_F","1.003,8","celda no vacía copiada literalmente de F sin cotejo semántico ni bibliográfico","Ma","Holozoa","MCMCTree","IC 95 % 913,8–1.093,9 Ma","inferido","S126 fig. 3; tabla 2","C-582","expresa","4d89f9d50f108a593534d000c7dd394ad575c6edad380e1bfd10887e12ebafa6"
"1","165","divergencia animal–coanoflagelado","CONTENIDO_COPIADO_DE_F","761–957","celda no vacía copiada literalmente de F sin cotejo semántico ni bibliográfico","Ma","Choanozoa sensu stricto","reloj relajado bayesiano","intervalo publicado","inferido","S142 tabla 1","C-630","expresa","d901836367e3a60be2c67c1e6a8567b872c117d7423b6b8349bc869e1324a3de"
"1","166","proteínas de S130","CONTENIDO_COPIADO_DE_F","78","celda no vacía copiada literalmente de F sin cotejo semántico ni bibliográfico","proteínas","matriz Filozoa/Holozoa","concatenación","n/a","observado","S130 Methods","C-619","expresa","c9a525fc12e51acbebf2c72c16fcf6bb35cd00e3529cfa9cec2490bb4daf1657"
"1","167","taxones de S130","CONTENIDO_COPIADO_DE_F","30","celda no vacía copiada literalmente de F sin cotejo semántico ni bibliográfico","taxones","matriz Filozoa/Holozoa","muestreo taxonómico","n/a","observado","S130 Methods","C-619","expresa","8aa0efc8d4782935556bcd0d11bb30aa4d7df225ed58b5a422063a42d7c4d675"
"1","168","posiciones de S130","CONTENIDO_COPIADO_DE_F","17.482","celda no vacía copiada literalmente de F sin cotejo semántico ni bibliográfico","aminoácidos","matriz Filozoa/Holozoa","alineamiento concatenado","n/a","observado","S130 Methods","C-619","expresa","6bd6b2a90652d6d1472723d85a6da5ce4ce4c67c17a7b17d1d90ce90e19c54f8"
"1","169","genes de S129","CONTENIDO_COPIADO_DE_F","255","celda no vacía copiada literalmente de F sin cotejo semántico ni bibliográfico","genes","matriz Pluriformea","concatenación","n/a","observado","S129 Methods","C-595","expresa","70bbeeb97459522050443629f1a61353f62e86fde4372a9b9329a9c635c9e5de"
"1","170","posiciones de S129","CONTENIDO_COPIADO_DE_F","81.495","celda no vacía copiada literalmente de F sin cotejo semántico ni bibliográfico","aminoácidos","matriz Pluriformea","alineamiento concatenado","n/a","observado","S129 Methods","C-595","expresa","8359cc40488314ff60748033e6ffe6a63c1e080a594738fa6b13856de070d9e0"
"1","171","taxones de S129","CONTENIDO_COPIADO_DE_F","38","celda no vacía copiada literalmente de F sin cotejo semántico ni bibliográfico","taxones","matriz Pluriformea","muestreo taxonómico","n/a","observado","S129 Methods","C-595","expresa","2dca7f943486ca13d0ec22a34f8f379ec7ff9eb8d382221e30b3074628e5e357"
"1","172","MLBS de Ichthyosporea profunda en S129","CONTENIDO_COPIADO_DE_F","74","celda no vacía copiada literalmente de F sin cotejo semántico ni bibliográfico","% bootstrap","topología de S129","máxima verosimilitud","n/a","inferido","S129 Results","C-597","expresa","a4ae124baddf8365b685880d182b7ba9f274bd4f48f45584e3daf1146cac2610"
"1","173","terminal de Corallochytrium muestreado en S126","CONTENIDO_COPIADO_DE_F","1","celda no vacía copiada literalmente de F sin cotejo semántico ni bibliográfico","terminal","Corallochytrium en la matriz de S126","recuento directo del muestreo","un único terminal no fija una corona multiespecífica","observado","S126 fig. 1 y Table S7, nodo 115","C-606","expresa","15b0b98cce74bd155d311c447cd3d55d015cde4231c0037b1fe4b4c40f2190b1"
"1","174","calibraciones de S126","CONTENIDO_COPIADO_DE_F","10","celda no vacía copiada literalmente de F sin cotejo semántico ni bibliográfico","calibraciones fósiles","reloj de Opisthokonta","MCMCTree","7 animales y 3 hongos","observado","S126 Methods","C-567","expresa","afb7929beb0b74d2ff245d44b6fa4db5088861b57e834923105d87ed37f9cc85"
"1","175","linajes excavados sucesivos de S103","CONTENIDO_COPIADO_DE_F","4","celda no vacía copiada literalmente de F sin cotejo semántico ni bibliográfico","linajes","raíz excavada de Al Jewari y Baldauf","filogenómica de 183 proteínas","dependiente del muestreo y modelo","inferido","S103 Results; figs. 1–3","C-449","expresa","2e26cb9631c5d9a444adce84406115be9f06a46109a4fbe02411bc7f80a52e65"
"1","176","hendiduras de enolasa examinadas como cambios raros","CONTENIDO_COPIADO_DE_F","3","celda no vacía copiada literalmente de F sin cotejo semántico ni bibliográfico","inserciones/deleciones","enolasa eucariota","comparación de cambios genómicos raros","n/a","observado","S122 resumen; Results «Four Gaps Unite Animals and Fungi»; fig. 1 [PASAJE VERIFICADO 2026-08-08]","C-476","expresa","89e3e8239eba4d193e551b2afc20573da0e176afa4add0aa6364affb1b04cf4a"
"1","177","restricción de edad de la raíz en S126","CONTENIDO_COPIADO_DE_F","1,5","celda no vacía copiada literalmente de F sin cotejo semántico ni bibliográfico","Ga","reloj de Opisthokonta","prior de raíz en MCMCTree","restricción fijada por el análisis","inferido","S126 Methods","C-567","expresa","8ea3e4b94b299db5ef902ba51a417587ab124d9e148c5f892ad40edde7424a48"
"1","178","rango geocronológico del Grupo Roper","CONTENIDO_COPIADO_DE_F","1492 ± 4 a 1361 ± 21","celda no vacía copiada literalmente de F sin cotejo semántico ni bibliográfico","Ma","Grupo Roper","U–Pb y Re–Os","±4 Ma; ±21 Ma","observado","S150 §Geological setting","C-699","expresa","154a00759e090debfa3dd995b373062da10f30d1946ec3c1bc59d7f17f19021b"
"1","179","edad de la Formación Chuanlinggou","CONTENIDO_COPIADO_DE_F","aproximadamente 1.63","celda no vacía copiada literalmente de F sin cotejo semántico ni bibliográfico","Ga","*Qingshania magnifica*","geocronología estratigráfica","aproximada; no consta error en el pasaje recuperado","observado","S154 resumen y §Geological setting","C-705","expresa","90e4c296ed75f1b8b69d334c1908ea936d750abf5e46867fd1551547a7fe1ebb"
"1","180","distribución de diámetros transversales","CONTENIDO_COPIADO_DE_F","20–194; 73; 29; 262","celda no vacía copiada literalmente de F sin cotejo semántico ni bibliográfico","µm (rango); µm (media); µm (DE); especímenes","*Qingshania magnifica*","morfometría sobre fotomicrografías escaladas","vector publicado; no confundir DE con error de cada medición","observado","S154 Results, descripción morfológica; fig. 4B,F; Methods §Measurement of fossils","C-706","expresa","47cacb89a1097d9f2295c4045761453c972c40d3c756ac264d5587d87ef0085b"
"1","181","edad de la Formación de Hierro Negaunee","CONTENIDO_COPIADO_DE_F","aproximadamente 2.1","celda no vacía copiada literalmente de F sin cotejo semántico ni bibliográfico","Ga","*Grypania spiralis*","restricción estratigráfica","aproximada","observado","S155 resumen","C-708","expresa","32cace54aaae67f2d40323140cf9bdbc4b4d8abd7f3690d41af2b006668625ea"
"1","182","edad atribuida a la Dolomía Tirohan","CONTENIDO_COPIADO_DE_F","aproximadamente 1.6","celda no vacía copiada literalmente de F sin cotejo semántico ni bibliográfico","Ga","*Rafatazmia chitrakootensis*","geología regional","aproximada y discutida","observado","S156 resumen y §Geological setting","C-710","expresa","00e53df5252e2c5473b32e1bf9b60f44c5b1fe6b307ead3d5284bc86973ef7d1"
"1","183","edad de unidades perforadas del Grupo Chuar","CONTENIDO_COPIADO_DE_F","780–740","celda no vacía copiada literalmente de F sin cotejo semántico ni bibliográfico","Ma","microfósiles perforados","estratigrafía","intervalo publicado","observado","S158 título; §Geological setting","C-714","expresa","b47d747f72938479e18756c303cd2085eb8e525ad2698fb380dde12f793d9421"
"1","184","límite inferior estratigráfico del Grupo Chuar","CONTENIDO_COPIADO_DE_F","aproximadamente 782","celda no vacía copiada literalmente de F sin cotejo semántico ni bibliográfico","Ma","Formación Nankoweap subyacente al Grupo Chuar","U–Pb de circones detríticos","aproximado; no data individualmente cada perforación","observado","S158 §Background and methods","C-1960","expresa","02914174091436925942eddd3be496e386b6598a1adab049158d22ec98ca4b46"
"1","185","límite superior estratigráfico del Grupo Chuar","CONTENIDO_COPIADO_DE_F","742 ± 6","celda no vacía copiada literalmente de F sin cotejo semántico ni bibliográfico","Ma","ceniza del techo del Grupo Chuar","U–Pb de circones","±6 Ma; no data individualmente cada perforación","observado","S158 §Background and methods","C-1960","expresa","645084c6453e44625e6d877c10eaf02777ff64202e2599f0e2e574d54d367508"
"1","186","diámetro de perforaciones en acritarcos","CONTENIDO_COPIADO_DE_F","0.1–3.4","celda no vacía copiada literalmente de F sin cotejo semántico ni bibliográfico","µm","siete especies de microfósiles orgánicos del Grupo Chuar","microscopía y medición morfológica","rango observado","observado","S158 resultados; tabla 1","C-715","expresa","4510c240203eb5e94190cf444f9e66146c779223a9f3c728eb2a3806c5567242"
"1","187","número de especies con perforaciones medidas","CONTENIDO_COPIADO_DE_F","siete","celda no vacía copiada literalmente de F sin cotejo semántico ni bibliográfico","especies","microfósiles orgánicos del Grupo Chuar","muestreo del estudio","no consta incertidumbre","observado","S158 tabla 1","C-715","expresa","7a6f0d6168a2275958717bcbb3dd2d8d8ef43a128dd3ac1baec38a82927af23f"
"1","188","diámetro de perforaciones en VSM","CONTENIDO_COPIADO_DE_F","15–35","celda no vacía copiada literalmente de F sin cotejo semántico ni bibliográfico","µm","VSM del Grupo Chuar","medición morfológica","aproximado","observado","S158 discusión; material comparativo","C-718","expresa","139da1b48758ecef383b5a06d3781ecbabe4f0d2bd4a906e58cbcca1120ab672"
"1","189","edad de *Bangiomorpha pubescens*","CONTENIDO_COPIADO_DE_F","aproximadamente 1.047","celda no vacía copiada literalmente de F sin cotejo semántico ni bibliográfico","Ga","sucesión portadora de *Bangiomorpha pubescens*","U–Pb CA-ID-TIMS","ver fuente para error analítico completo","observado","S160 resumen","C-722","expresa","8dc70c568a28ccca236523482feb0b1f420fb42fbc41c0b710fad99cb6273d86"
"1","190","rango de edad de *Ourasphaira giraldae*","CONTENIDO_COPIADO_DE_F","1010–890","celda no vacía copiada literalmente de F sin cotejo semántico ni bibliográfico","Ma","Formación Grassy Bay","restricción estratigráfica","intervalo publicado","observado","S161 resumen; métodos","C-724","expresa","0fedf79d65ba26600197783cc350b1f1874932c443534802c8d996a4cdbfbbea"
"1","191","edad de *Bicellum brasieri*","CONTENIDO_COPIADO_DE_F","aproximadamente 1.0","celda no vacía copiada literalmente de F sin cotejo semántico ni bibliográfico","Ga","Formación Diabaig","restricción estratigráfica","aproximada","observado","S162 resumen; §Geological setting","C-727","expresa","da01220196fae124c9d7ba538e8e5180ca71d6afe324fc014164569f4e7c1fed"
"1","192","rango de deposición de Doushantuo","CONTENIDO_COPIADO_DE_F","635–551","celda no vacía copiada literalmente de F sin cotejo semántico ni bibliográfico","Ma","Formación Doushantuo","U–Pb de circones","intervalo publicado","observado","S168 resumen","C-731","expresa","c3edc5580011c7a0ac8d4c40aa7ca1b66d2fce9113043ffcf65bcb1d9104c8db"
"1","193","edad de la biota de Weng’an","CONTENIDO_COPIADO_DE_F","609 ± 5","celda no vacía copiada literalmente de F sin cotejo semántico ni bibliográfico","Ma","capa tobácea sobre el fosforito superior","SIMS U–Pb","±5 Ma","observado","S169 resumen","C-732","expresa","9faccfe0a629aac4fe5e9e8c03dde6765a0ec28e8b7d01b52842bace3196b9bf"
"1","194","número de carbonos nominal del biomarcador","CONTENIDO_COPIADO_DE_F","24-isopropil","celda no vacía copiada literalmente de F sin cotejo semántico ni bibliográfico","posición química nominal","24-isopropilcolestano","nomenclatura química","n/a","observado","S172 resumen","C-746","expresa","9dfdb582bd908dd6ceb191e8686c7ab5d0755ae5ba9453abb7c648322882a811"
"1","195","número de carbonos de esteroles analizados","CONTENIDO_COPIADO_DE_F","C30","celda no vacía copiada literalmente de F sin cotejo semántico ni bibliográfico","átomos de carbono","esteroles de esponjas","genómica y esteroles","n/a","observado","S173 resultados; fig. 2","C-748","expresa","39507f4e2777d8d961976dc3595068c3ad21815b9acb7862fc72085abc47fd01"
"1","196","concentración mínima experimental de O₂ con biosíntesis de esteroles","CONTENIDO_COPIADO_DE_F_CON_C_SINTESIS","7","al menos una C enlazada declara atribución sintesis; el censo no presenta la celda como transcripción primaria","nM O₂ disuelto","*Saccharomyces cerevisiae*","cultivo microóxico","condiciones experimentales del estudio","observado","S176 resumen; resultados","C-749; C-750; C-804","expresa; sintesis","5164ccf56ddce396553e21978ddd846fd1f37089b3c45120f1d0b836ccabb4f4"
"1","197","edad de principales divergencias eucariotas","CONTENIDO_COPIADO_DE_F","950–1259","celda no vacía copiada literalmente de F sin cotejo semántico ni bibliográfico","Ma","nodos analizados por Douzery et al.","reloj molecular relajado","intervalo publicado","inferido","S142 resumen","C-757","expresa","df2285f20f0d45082caccaa66d36abe442fe0f3ff54134851794480e4e79151f"
"1","198","edad de divergencia Choanoflagellata–Metazoa","CONTENIDO_COPIADO_DE_F","761–957","celda no vacía copiada literalmente de F sin cotejo semántico ni bibliográfico","Ma","Choanoflagellata–Metazoa","reloj molecular relajado","intervalo publicado","inferido","S142 tabla 1","C-758","expresa","3b161788908ff3880dbf1b731bfaf3ba2c9d25144c795a8cc84a5a0b6a610de7"
"1","199","edad de LECA","CONTENIDO_COPIADO_DE_F","1679–1866","celda no vacía copiada literalmente de F sin cotejo semántico ni bibliográfico","Ma","LECA, Parfrey et al.","relojes multigénicos","intervalo publicado","inferido","S139 resumen; resultados","C-760","expresa","d2592f462bc87f1f14a28d15f42c04a48ce57a5478342d47028beb7eb15557be"
"1","200","edad de LECA","CONTENIDO_COPIADO_DE_F","1007–1898","celda no vacía copiada literalmente de F sin cotejo semántico ni bibliográfico","Ma","LECA, Eme et al.","comparación de relojes y calibraciones","variación entre análisis","inferido","S141 §Molecular clocks; fig. 3","C-762","expresa","7927dfd43c49a284c138b9d694140669752e81b579414dc416338300a0b95942"
"1","201","edad de Opisthokonta","CONTENIDO_COPIADO_DE_F","904–1579","celda no vacía copiada literalmente de F sin cotejo semántico ni bibliográfico","Ma","Opisthokonta, Eme et al.","comparación de relojes y calibraciones","variación entre análisis","inferido","S141 fig. 3 y suplemento","C-763","expresa","644e8659a8bd172528bdcbf22f6945d30d89f114d728d0f76208f2f8c461b726"
"1","202","duración entre LECA y Opisthokonta","CONTENIDO_COPIADO_DE_F","23–334","celda no vacía copiada literalmente de F sin cotejo semántico ni bibliográfico","Ma","escenarios de Eme et al.","diferencia de edades nodales","variación entre análisis","inferido","S141 discusión","C-764","expresa","ab007b776e29835dda10a8067172e302d1370d26671d8ea3e4b38e437f186899"
"1","203","edad de LECA","CONTENIDO_COPIADO_DE_F","1958–2386","celda no vacía copiada literalmente de F sin cotejo semántico ni bibliográfico","Ma","LECA, Strassert et al.","reloj molecular relajado","intervalo publicado","inferido","S140 resumen; fig. 2","C-765","expresa","79e709a97f131a228e9f1c8272fd2647a1b3565f9200a0111b491c2ecbd2d19b"
"1","204","edad antes de la que Porter no reconoce fósiles inequívocos de coronas de supergrupos","CONTENIDO_COPIADO_DE_F","aproximadamente 1.05","celda no vacía copiada literalmente de F sin cotejo semántico ni bibliográfico","Ga","registro eucariota","evaluación paleontológica","aproximada","inferido","S178 §3","C-769","expresa","c35a3e8d3416a40e44c53b2104721998cc94c5718ea20092ea4541456dd7afd7"
"1","205","límite mínimo propuesto para LECA","CONTENIDO_COPIADO_DE_F","próximo a 1696","celda no vacía copiada literalmente de F sin cotejo semántico ni bibliográfico","Ma","LECA, preprint de 2026","dinámica de clados","preprint; valor aproximado","inferido","S181 resumen","C-771","expresa","d597c8988c19608678af3f2f3feb1d21aa6ac8869080860c9cc07b3ad94e7a0b"
"1","206","envolvente de edades recuperadas de LECA","CONTENIDO_COPIADO_DE_F_CON_C_SINTESIS","1007–2386","al menos una C enlazada declara atribución sintesis; el censo no presenta la celda como transcripción primaria","Ma","LECA","compilación sin promedio","extremos de dos estudios","inferido","S141 fig. 3; S140 fig. 2","C-773","sintesis","98033fa807cac389c0eb78a52695f8230ccba3818ddcc7654ffd1b37931813e5"
"1","207","intervalo de la Gran Oxidación","CONTENIDO_COPIADO_DE_F","aproximadamente 2.43–2.32","celda no vacía copiada literalmente de F sin cotejo semántico ni bibliográfico","Ga","Gran Oxidación","síntesis de proxies","límites varían entre archivos","inferido","S194 fig. 1 y texto principal","C-793","expresa","0a3d288b7cc5ef1f875f145c0905cedac13c3319a243e1c32ec70408950ed036"
"1","208","intervalo Lomagundi–Jatuli","CONTENIDO_COPIADO_DE_F","aproximadamente 2.22–2.06","celda no vacía copiada literalmente de F sin cotejo semántico ni bibliográfico","Ga","excursión Lomagundi–Jatuli","estratigrafía isotópica","aproximada","inferido","S195 resumen","C-794","expresa","32a82bfe6f4dae243fd43b428b9324bee2f33353c71c99f86a3432708629677c"
"1","209","máximo de δ13C durante Lomagundi–Jatuli","CONTENIDO_COPIADO_DE_F","hasta aproximadamente +15","celda no vacía copiada literalmente de F sin cotejo semántico ni bibliográfico","‰","carbonatos de Lomagundi–Jatuli","isótopos de carbono","aproximado","observado","S195 resultados","C-795","expresa","c0076414669b7b07ca2c753928a1d940f9d1049ea428b5c43734e750aedac5f2"
"1","210","pO₂ mesoproterozoica","CONTENIDO_COPIADO_DE_F","<0.1","celda no vacía copiada literalmente de F sin cotejo semántico ni bibliográfico","% PAL O₂","partes del Mesoproterozoico","isótopos de cromo","límite superior inferido","inferido","S182 resumen; fig. 3","C-798","expresa","14d2bd8dad03734898ff9846716d36d3c08318183154af3c0ee8a233e818bb6f"
"1","211","pO₂ alrededor de 1.4 Ga","CONTENIDO_COPIADO_DE_F","4–8","celda no vacía copiada literalmente de F sin cotejo semántico ni bibliográfico","% PAL O₂","Formación Xiamaling","modelo biogeoquímico","intervalo modelado","inferido","S183 resumen; resultados","C-799","expresa","c5a39bd85b07a4c8c6263ba2cd6e673b3c22f9bfe215ed3785d9ec5e84897abe"
"1","212","edad del intervalo Xiamaling modelado","CONTENIDO_COPIADO_DE_F","aproximadamente 1.4","celda no vacía copiada literalmente de F sin cotejo semántico ni bibliográfico","Ga","Formación Xiamaling","estratigrafía","aproximada","observado","S183 resumen","C-799","expresa","29a4bc8397d9a6af95fdd592e99a98067eb12e11fef13ba205248bfa23b3e1ea"
"1","213","pO₂ de la edad media de la Tierra","CONTENIDO_COPIADO_DE_F","aproximadamente 1–2","celda no vacía copiada literalmente de F sin cotejo semántico ni bibliográfico","% PAL O₂","intervalo estudiado por Liu et al.","termodinámica de anomalías de cerio","mejor estimación del modelo","inferido","S184 resumen; fig. 4","C-800","expresa","581fb1e0620b3db1f944e3712077d631231092cf2f8dd62a7086e29bdd491e0d"
"1","214","pO₂ mesoproterozoica","CONTENIDO_COPIADO_DE_F","superior a 4","celda no vacía copiada literalmente de F sin cotejo semántico ni bibliográfico","% PAL O₂","intervalos con Cr altamente fraccionado","isótopos de cromo","límite inferido","inferido","S185 resumen y discusión","C-801","expresa","88800266060fcc254b99124d4e68ac39a1487290d61a3f8f9483aeaebffdaa68"
"1","215","número de mediciones de especiación de hierro","CONTENIDO_COPIADO_DE_F","aproximadamente 4.700","celda no vacía copiada literalmente de F sin cotejo semántico ni bibliográfico","mediciones","lutitas de 2300–360 Ma","compilación geoquímica","aproximado","observado","S188 resumen y métodos","C-811","expresa","b4fb2a0d6be97ae500165449ea9b488d30f7182cb94bdf3c0db76bee60972098"
"1","216","rango temporal de la compilación de Fe","CONTENIDO_COPIADO_DE_F","2300–360","celda no vacía copiada literalmente de F sin cotejo semántico ni bibliográfico","Ma","lutitas compiladas por Sperling et al.","especiación de hierro","intervalo de muestras","observado","S188 resumen y métodos","C-811","expresa","e8efc3aa574e7833aacac2e8b3308b5d7782fb74c1e79a98a43fdf1870b5d55e"
"1","217","expansión propuesta del reservorio de P","CONTENIDO_COPIADO_DE_F","alrededor de 800–700","celda no vacía copiada literalmente de F sin cotejo semántico ni bibliográfico","Ma","océano neoproterozoico","proxies de fósforo","aproximada","inferido","S193 resumen; fig. 3","C-819","expresa","529441be6b35fc1808cf06bdd67377fe174c51c80fbd7c1b6cd832641d91bdd9"
"1","218","duración nominal del «aburrido millardo»","CONTENIDO_COPIADO_DE_F","aproximadamente 1.8–0.8","celda no vacía copiada literalmente de F sin cotejo semántico ni bibliográfico","Ga","Proterozoico medio","síntesis geológica y geoquímica","límites varían entre autores","inferido","S194 discusión; S189 introducción","C-821","expresa","3a7ada89e027e4831d42df3143df373f3dff66575869d53d7e8f589f9ca53901"
"1","219","intervalo de la glaciación Sturtiana","CONTENIDO_COPIADO_DE_F","alrededor de 717–659","celda no vacía copiada literalmente de F sin cotejo semántico ni bibliográfico","Ma","glaciación Sturtiana","geocronología U–Pb y correlación","aproximado","observado","S196 resultados; S197 fig. 2","C-823","expresa","8377ef212c808f0242ae86a7e50f035b69bf58c3209b39ea4c414f410b06e0f0"
"1","220","terminación Marinoana","CONTENIDO_COPIADO_DE_F","635.2 ± 0.6","celda no vacía copiada literalmente de F sin cotejo semántico ni bibliográfico","Ma","glaciación Marinoana","U–Pb de circón","±0.6 Ma","observado","S168 resumen","C-824","expresa","02b62423666375bbdaa19252b05c2b8c429786e45fd55d57b8e4415abbaec286"
"1","221","ventana recuperada para el inicio Marinoano","CONTENIDO_COPIADO_DE_F","después de aproximadamente 659 y antes de aproximadamente 639","celda no vacía copiada literalmente de F sin cotejo semántico ni bibliográfico","Ma","glaciación Marinoana","estratigrafía y geocronología","menos constreñida","inferido","S198 introducción y resultados","C-825","expresa","0fb39b592a0dae1cb60b995836ce8dc11860002ad346b59d00f3dfcb0914d76b"
"1","222","número aproximado de genes","CONTENIDO_COPIADO_DE_F","aproximadamente 9.200","celda no vacía copiada literalmente de F sin cotejo semántico ni bibliográfico","genes","genoma de *Monosiga brevicollis*","anotación genómica","aproximado","observado","S147 resumen","C-852","expresa","959507631499f260c420e350d768ab5dc0d3d27296a70fdd37c93d9c383155fd"
"1","223","concentración activa de RIF-1","CONTENIDO_COPIADO_DE_F","aproximadamente 10^-15","celda no vacía copiada literalmente de F sin cotejo semántico ni bibliográfico","M","*Salpingoeca rosetta* expuesta a RIF-1","ensayo de inducción de rosetas","femtomolar; condiciones del estudio","observado","S201 resumen; resultados","C-856","expresa","39aa6e7792c6136a2761102b9ff6bec8841c5be2bc8dab3fded6193f605608ce"
"1","224","intervalo dinámico de respuesta a RIF-1","CONTENIDO_COPIADO_DE_F","nueve","celda no vacía copiada literalmente de F sin cotejo semántico ni bibliográfico","órdenes de magnitud","*Salpingoeca rosetta*","curva dosis-respuesta","publicado como intervalo dinámico","observado","S201 resumen","C-857","expresa","86c8831ea6764e87a640ea764a10d2ef7b3f8d85313e842dcb61f2aedca87112"
"1","225","inicio de enjambrazón","CONTENIDO_COPIADO_DE_F","desde 15","celda no vacía copiada literalmente de F sin cotejo semántico ni bibliográfico","min","*Salpingoeca rosetta* tras *Vibrio fischeri*","microscopía temporal","condiciones del estudio","observado","S203 resultados; fig. 1","C-861","expresa","b04dd709ea9c57afb77b7481f411dbee86eb8c583f87e63f408c0d790ed03f85"
"1","226","tiempo hasta enjambres observables","CONTENIDO_COPIADO_DE_F","dentro de 30","celda no vacía copiada literalmente de F sin cotejo semántico ni bibliográfico","min","*Salpingoeca rosetta* tras *Vibrio fischeri*","microscopía temporal","condiciones del estudio","observado","S203 fig. 1B","C-862","expresa","4bb7b6274c9ae62aff63ec33d92af02485c637c02b62833d0571505b5d8868ec"
"1","227","tiempo de inversión de la lámina","CONTENIDO_COPIADO_DE_F","aproximadamente 30","celda no vacía copiada literalmente de F sin cotejo semántico ni bibliográfico","s","*Choanoeca flexa*","filmación de transición luz-oscuridad","aproximado","observado","S204 resultados; fig. 2","C-867","expresa","c18096845651409853ccb2d79877b570785b340e8e1d4208e2128b50bd8ac453"
"1","228","duración de inducción de agregación","CONTENIDO_COPIADO_DE_F","4–5","celda no vacía copiada literalmente de F sin cotejo semántico ni bibliográfico","días","*Capsaspora owczarzaki*","cultivo con agitación","protocolo publicado","observado","S206 métodos","C-872","expresa","69fc27a96a04a028b5443187e4519bc2b63cad4da7cf8e784e821dc8a9b14ce8"
"1","229","velocidad de agitación para agregación","CONTENIDO_COPIADO_DE_F","60","celda no vacía copiada literalmente de F sin cotejo semántico ni bibliográfico","rpm","*Capsaspora owczarzaki*","cultivo con agitación","protocolo publicado","observado","S206 métodos","C-872","expresa","7cc7c7c5326704adb4929740933003c38dd2bb156bf5087d60df9f550cc01ff6"
"1","230","edad del cultivo quístico","CONTENIDO_COPIADO_DE_F","14","celda no vacía copiada literalmente de F sin cotejo semántico ni bibliográfico","días","*Capsaspora owczarzaki*","cultivo envejecido","protocolo publicado","observado","S206 métodos","C-873","expresa","f522532a8fdccef5d119756dba3162ba776057321b915912fff13052bf8ad48e"
"1","231","número máximo de núcleos antes de celularización","CONTENIDO_COPIADO_DE_F","hasta 128","celda no vacía copiada literalmente de F sin cotejo semántico ni bibliográfico","núcleos","*Sphaeroforma arctica*","microscopía de coenocitos","máximo observado en el estudio","observado","S207 resumen; resultados","C-878","expresa","6aaa79d695afe102defdc0bccc16cd3e0a01f4e4576bf596028e192c58f7405f"
"1","232","intervalo entre divisiones nucleares","CONTENIDO_COPIADO_DE_F","11–12","celda no vacía copiada literalmente de F sin cotejo semántico ni bibliográfico","h","*Sphaeroforma arctica*","microscopía temporal","intervalo regular publicado","observado","S207 resultados","C-879","expresa","cdae4656449e007c6e513aa9f05c557668424628666aaeedc4c262a907dfe788"
"1","233","tamaño celular","CONTENIDO_COPIADO_DE_F","aproximadamente 3–5","celda no vacía copiada literalmente de F sin cotejo semántico ni bibliográfico","µm","*Tunicaraptor unikontum*","microscopía","aproximado","observado","S131 resumen","C-887","expresa","ccb0f8a4e5903dced9cc24a9190c464e3d285b81275b6af7a0393daa9447eda6"
"1","234","relación lineal depredador:presa óptima","CONTENIDO_COPIADO_DE_F","aproximadamente 3:1","celda no vacía copiada literalmente de F sin cotejo semántico ni bibliográfico","relación de longitudes","flagelados no dinoflagelados","compilación de 18 estudios","aproximada","inferido","S224 resumen","C-909","expresa","fa39f013fab78100504c0baf4a88a08e1626e8002896382ac278eea45a944595"
"1","235","relación lineal depredador:presa óptima","CONTENIDO_COPIADO_DE_F","1:1","celda no vacía copiada literalmente de F sin cotejo semántico ni bibliográfico","relación de longitudes","un dinoflagelado de la compilación","compilación de estudios","valor publicado","inferido","S224 resumen","C-910","expresa","0c1a330b744f4b3c79735fcee551f71af01fe98fbb6fe8c8d3d6c087867da773"
"1","236","relación lineal depredador:presa óptima","CONTENIDO_COPIADO_DE_F","8:1","celda no vacía copiada literalmente de F sin cotejo semántico ni bibliográfico","relación de longitudes","ciliados","compilación de estudios","valor publicado","inferido","S224 resumen","C-910","expresa","89c8c0e7188e402377c4fcf7f662a4795b9ad349496ce557753e8954df02d53d"
"1","237","número de genomas virales asgard reconstruidos","CONTENIDO_COPIADO_DE_F","seis","celda no vacía copiada literalmente de F sin cotejo semántico ni bibliográfico","genomas","virus asociados con Lokiarchaeota y Helarchaeota","metagenómica","número del estudio","observado","S217 resumen","C-915","expresa","4341520a68071a6b75162c89bb5c73a42cc19597ec266399f39704fe9a5c7857"
"1","238","tamaño máximo de genoma viral asgard","CONTENIDO_COPIADO_DE_F","hasta 117","celda no vacía copiada literalmente de F sin cotejo semántico ni bibliográfico","kb","virus asociados con Lokiarchaeota y Helarchaeota","ensamblaje metagenómico","máximo publicado","observado","S217 resumen","C-915","expresa","a465cfdb114fcc153f2d2a7142e5c3d1d5f79decf72e2de68195f7f48b9bf9a0"
"1","239","rendimiento fermentativo calculado con *Arcobacter*","CONTENIDO_COPIADO_DE_F","doble que la ruta alternativa comparada","celda no vacía copiada literalmente de F sin cotejo semántico ni bibliográfico","razón 2×","*Lenisia limosa*–*Arcobacter*","balance metabólico calculado por autores","no consta en la fuente recuperada","inferido","S210 resultados","C-997","expresa","3147a54b0965c290edcc55c6dc8c60f908670ffd7d6cb552a391e96ae89de61d"
"1","240","temperatura experimental del consorcio ANME-1–HotSeep-1","CONTENIDO_COPIADO_DE_F","60","celda no vacía copiada literalmente de F sin cotejo semántico ni bibliográfico","°C","consorcio ANME-1–HotSeep-1","incubación experimental","no consta en el pasaje recuperado","observado","S226 métodos","C-1008","expresa","5384d40a881e4cce43ed304507c4214b56b24266a36cb27f68e67639a66d30dd"
"1","241","tamaño del aislado metanógeno histórico","CONTENIDO_COPIADO_DE_F","3 × 0,4","celda no vacía copiada literalmente de F sin cotejo semántico ni bibliográfico","µm","aislado atribuido a *Pelomyxa palustris*","microscopía en cultivo","dimensiones publicadas en el resumen","observado","S232 Abstract [PASAJE VERIFICADO 2026-08-08]","C-1016","expresa","8d41875e66079ba4da1da55bc24cbcddc18c833b69fda813f9219b12839c6f92"
"1","242","tiempo de generación con H₂/CO₂","CONTENIDO_COPIADO_DE_F","10","celda no vacía copiada literalmente de F sin cotejo semántico ni bibliográfico","h","aislado histórico atribuido a *Pelomyxa*","cultivo","no consta en el pasaje recuperado","observado","S232 resultados","C-1017","expresa","af67464892ac3e1958bf5f8fba85c82c572129b9164ea7f603363cabef0ebf2e"
"1","243","tiempo de generación con formiato","CONTENIDO_COPIADO_DE_F","12","celda no vacía copiada literalmente de F sin cotejo semántico ni bibliográfico","h","aislado histórico atribuido a *Pelomyxa*","cultivo","no consta en el pasaje recuperado","observado","S232 resultados","C-1017","expresa","38127df9cb05d44c813a24689caa2d9ed19570ee0132c5a3e1dce0c828ddaf1d"
"1","244","especies de ciliados anaerobios muestreadas","CONTENIDO_COPIADO_DE_F","32","celda no vacía copiada literalmente de F sin cotejo semántico ni bibliográfico","especies","muestreo de S234","muestreo, FISH y secuenciación","n/a","observado","S234 resumen","C-1022","expresa","ee2ef0aa48a983d3404542aafe6d51f6cc4c3923f68f1a3a17408047080b89dd"
"1","245","tamaño de genoma de *Kinetoplastibacterium*","CONTENIDO_COPIADO_DE_F","aprox. 0,8","celda no vacía copiada literalmente de F sin cotejo semántico ni bibliográfico","Mb","*Kinetoplastibacterium*","secuenciación genómica","según cepa; detalle en S237","observado","S237 resultados","C-1030","expresa","fae68fa71902fd1baf2fcdfd8db0dd581b9c58f5e69ccd7f1ac3c17dbb1cabf9"
"1","246","tamaño del genoma nuclear de *Perkinsela*","CONTENIDO_COPIADO_DE_F","aprox. 9,5","celda no vacía copiada literalmente de F sin cotejo semántico ni bibliográfico","Mb","*Perkinsela*","secuenciación genómica","no consta en el pasaje recuperado","observado","S240 resultados","C-1037","expresa","3e4c71b9b40b908a65061eb6f759aa71e190fa03d4d2e15d179ac434c170eee8"
"1","247","genes proteicos del genoma mitocondrial de *Perkinsela*","CONTENIDO_COPIADO_DE_F","6","celda no vacía copiada literalmente de F sin cotejo semántico ni bibliográfico","genes","mitocondria de *Perkinsela*","secuenciación genómica","n/a","observado","S241 resultados","C-1041","expresa","8b9269180b1199d911c9c0ac2854ec80c1d707b96ca984024ba5ebcfc6554797"
"1","248","edad de endosimbiosis del cromatóforo","CONTENIDO_COPIADO_DE_F","90–140","celda no vacía copiada literalmente de F sin cotejo semántico ni bibliográfico","Ma","*Paulinella*–cromatóforo","estimación filogenética","intervalo publicado","inferido","S245 discusión","C-1043; C-1636","expresa","1a6979bde5feb2f486f8625761c227ec38ca55acf9bb9d703102a7f1e6cb99e4"
"1","249","tamaño del genoma del cromatóforo","CONTENIDO_COPIADO_DE_F","1,02","celda no vacía copiada literalmente de F sin cotejo semántico ni bibliográfico","Mb","cromatóforo de *Paulinella chromatophora*","secuenciación","n/a","observado","S242 resultados","C-1044","expresa","fa46a9cded284420295f46c581a3771a3c75c37bb38a13a351911c729a9d07b9"
"1","250","proteínas codificadas por cromatóforo","CONTENIDO_COPIADO_DE_F","867","celda no vacía copiada literalmente de F sin cotejo semántico ni bibliográfico","proteínas","cromatóforo de *Paulinella chromatophora*","anotación genómica","n/a","observado","S242 resultados","C-1045","expresa","ab8033e50ac9e3d4465f925e4f823ea20665a4399b15d05a0e9987e6c1a444c4"
"1","251","genes nucleares inicialmente atribuidos al cromatóforo","CONTENIDO_COPIADO_DE_F","0,3–0,8","celda no vacía copiada literalmente de F sin cotejo semántico ni bibliográfico","% de genes nucleares analizados","*Paulinella chromatophora*","filogenia de familias génicas","depende de filtros","inferido","S243 resultados","C-1047","expresa","b761e7a8d2d28bb60f6af82ceb9f764d97bb4dfdc763fcf31c5ae37627400228"
"1","252","genes nucleares de origen plastidial comparativo","CONTENIDO_COPIADO_DE_F","11–14","celda no vacía copiada literalmente de F sin cotejo semántico ni bibliográfico","%","Archaeplastida en comparación de S243","filogenia de familias génicas","depende de filtros","inferido","S243 discusión","C-1048","expresa","f9c61925302a5ae5888154bfd937c8497b86e3f5f9a1a9ca4b32760348335ddd"
"1","253","tamaño de nucleomorfo","CONTENIDO_COPIADO_DE_F","aprox. 373.000","celda no vacía copiada literalmente de F sin cotejo semántico ni bibliográfico","bp","*Bigelowiella natans*","secuenciación","n/a","observado","S258 resultados","C-1082","expresa","3a1a6b2bca4da450182835d16c00186dfa63ca495348311e38487674c481e819"
"1","254","genes del nucleomorfo","CONTENIDO_COPIADO_DE_F","331","celda no vacía copiada literalmente de F sin cotejo semántico ni bibliográfico","genes","*Bigelowiella natans*","anotación genómica","n/a","observado","S258 resultados","C-1082","expresa","c783652290dfd7de881a5c17301e080d0a5a7d397731339c24a3f441cb1d8646"
"1","255","cromosomas del nucleomorfo","CONTENIDO_COPIADO_DE_F","3","celda no vacía copiada literalmente de F sin cotejo semántico ni bibliográfico","cromosomas lineales","*Bigelowiella natans*","ensamblaje genómico","n/a","observado","S258 resultados","C-1083","expresa","1342ff1f3126d1335e3c2528c31fb79204a7533161528042553f54d11291af82"
"1","256","tamaño de nucleomorfo","CONTENIDO_COPIADO_DE_F","aprox. 551","celda no vacía copiada literalmente de F sin cotejo semántico ni bibliográfico","kb","*Guillardia theta*","secuenciación","n/a","observado","S259 resultados","C-1084","expresa","6c351b0b5b323e74bc6ea98074738dc03903ad6a7408522aec2989505a917936"
"1","257","intrones espliceosomales en nucleomorfo","CONTENIDO_COPIADO_DE_F","17","celda no vacía copiada literalmente de F sin cotejo semántico ni bibliográfico","intrones","*Guillardia theta*","anotación genómica","n/a","observado","S259 resultados","C-1085","expresa","0d1f063d267b67077f00cb4534f8221f8e84d919e8a4bed6347e96f31f548671"
"1","258","genes solapados en nucleomorfo","CONTENIDO_COPIADO_DE_F","44","celda no vacía copiada literalmente de F sin cotejo semántico ni bibliográfico","genes","*Guillardia theta*","anotación genómica","n/a","observado","S259 resultados","C-1085","expresa","e18e8656600f6f8b5fd2b59317446793bd7d93b5ce9e11d2c49531294cd89632"
"1","259","genoma de *Tremblaya princeps*","CONTENIDO_COPIADO_DE_F","138.927","celda no vacía copiada literalmente de F sin cotejo semántico ni bibliográfico","bp","*Tremblaya princeps*","secuenciación","n/a","observado","S260 resultados","C-1090","expresa","bb9104f10e3afebfe44310dc40860e4724a5f85275e6612dce2ce85ec0fdad36"
"1","260","genoma de *Moranella endobia*","CONTENIDO_COPIADO_DE_F","538.294","celda no vacía copiada literalmente de F sin cotejo semántico ni bibliográfico","bp","*Moranella endobia*","secuenciación","n/a","observado","S260 resultados","C-1091","expresa","479e00ad50c46036ed7b2378e88c37873c6fd9db802f5fe3d8b67b4b9c93d64d"
"1","261","cromosoma de *Buchnera* APS","CONTENIDO_COPIADO_DE_F","640.681","celda no vacía copiada literalmente de F sin cotejo semántico ni bibliográfico","bp","*Buchnera* sp. APS","secuenciación","n/a","observado","S263 resultados","C-1096","expresa","69aaaa9a6eade37292b8bfce30d08363d7d304199f572d6e6c47e53e5ae58c72"
"1","262","divergencia de cepas de *Buchnera*","CONTENIDO_COPIADO_DE_F","80–150","celda no vacía copiada literalmente de F sin cotejo semántico ni bibliográfico","Ma","cepas comparadas en S264","filogenia hospedador-simbionte","intervalo publicado","inferido","S264 resultados","C-1099","expresa","332d827bf6ffaea8592edeed971f333cf6e4bb9b944eced73e10f251c8e690bb"
"1","263","genes proteicos del ancestro reconstruido de *Buchnera*","CONTENIDO_COPIADO_DE_F","616","celda no vacía copiada literalmente de F sin cotejo semántico ni bibliográfico","genes","ancestro de *Buchnera*","reconstrucción ancestral","dependiente del modelo","inferido","S265 resultados","C-1100","expresa","cdd57989fc438397ef52eecbe2ccb25122e7f93acc107a62b67908252006ee6a"
"1","264","genes de ARN del ancestro reconstruido de *Buchnera*","CONTENIDO_COPIADO_DE_F","39","celda no vacía copiada literalmente de F sin cotejo semántico ni bibliográfico","genes","ancestro de *Buchnera*","reconstrucción ancestral","dependiente del modelo","inferido","S265 resultados","C-1100","expresa","57e952d76057a2b63edc613b8914b97e0f7b816d3ec063081992aade7b7f552a"
"1","265","tamaño de genomas modernos de *Buchnera*","CONTENIDO_COPIADO_DE_F","412–646","celda no vacía copiada literalmente de F sin cotejo semántico ni bibliográfico","kb","cepas de *Buchnera* analizadas","secuenciación comparada","rango publicado","observado","S265 resultados","C-1101","expresa","3f3cfc7d14f40b5d5f148f6b13726f135e18e866c5d0983dccbd54ebc65c37c4"
"1","266","genes proteicos en genomas modernos de *Buchnera*","CONTENIDO_COPIADO_DE_F","354–587","celda no vacía copiada literalmente de F sin cotejo semántico ni bibliográfico","genes","cepas de *Buchnera* analizadas","anotación comparada","rango publicado","observado","S265 resultados","C-1101","expresa","c4a90f7ae1d30efe1e3275a7cbee7f161568d64f09830dca679223d1e77712a1"
"1","267","elementos de inserción en algunos genomas de *Wolbachia*","CONTENIDO_COPIADO_DE_F","hasta 10","celda no vacía copiada literalmente de F sin cotejo semántico ni bibliográfico","% del genoma","*Wolbachia*","anotación genómica","depende de cepa","observado","S267 §Transposons [PASAJE VERIFICADO 2026-08-08]","C-1106","expresa","b8deda577f6f0927a0f388b1c406068223bde45c23ca072ab947de5a4a713e6d"
"1","268","proteínas hidrogenosomales localizadas","CONTENIDO_COPIADO_DE_F","30","celda no vacía copiada literalmente de F sin cotejo semántico ni bibliográfico","proteínas","*Trichomonas vaginalis*","localización experimental","n/a","observado","S271 resumen","C-1135","expresa","7ef7d7d61bb7b0c6c611099fd8c865e33f5e53121fda1ced8c1254bee24c37f9"
"1","269","candidatos hidrogenosomales con presecuencia","CONTENIDO_COPIADO_DE_F","226","celda no vacía copiada literalmente de F sin cotejo semántico ni bibliográfico","proteínas","*Trichomonas vaginalis*","predicción por aprendizaje automático","dependiente del clasificador","inferido","S271 resumen","C-1135","expresa","926560884b2bbbd70cf75e049bf31ffa6384a347d283b8c4997c844f59dac40e"
"1","270","tamaño de mitosomas","CONTENIDO_COPIADO_DE_F","50–200","celda no vacía copiada literalmente de F sin cotejo semántico ni bibliográfico","nm","*Giardia intestinalis*","microscopía","rango publicado","observado","S273 introducción","C-1136","expresa","1ce176427176938ad052f7112cebeaacfb917c8c033c21a5821a517c936267dd"
"1","271","mitosomas por célula","CONTENIDO_COPIADO_DE_F","aprox. 40","celda no vacía copiada literalmente de F sin cotejo semántico ni bibliográfico","orgánulos/célula","*Giardia intestinalis*","microscopía y conteo","varía con ciclo celular","observado","S273 resultados","C-1137","expresa","5d7f19e7a183aa1d9494b408fa6122fd0b060ec6607035741097f9cad7da5732"
"1","272","genes codificantes de proteínas en genomas mitocondriales","CONTENIDO_COPIADO_DE_F","1 o 2–67","celda no vacía copiada literalmente de F sin cotejo semántico ni bibliográfico","genes codificantes de proteínas","eucariotas actuales","revisión comparada","rango entre taxones; extremos de anotación explícitos","observado","S281 §Mitochondrial gene content variation: from 100 to 1","C-1156; C-1643","expresa","39ac354af5f4cebf8b97c4206677534f5438771b4564ba30ae019fdf99b6cefe"
"1","273","genomas mitocondriales analizados","CONTENIDO_COPIADO_DE_F","2.015","celda no vacía copiada literalmente de F sin cotejo semántico ni bibliográfico","genomas","análisis de retención génica","genómica comparada","n/a","observado","S280 resumen","C-1159","expresa","36ba223fd56c0045220e5fe048c98306de626384df0da72fe054001120973bbd"
"1","274","descendencia respiratoriamente deficiente en algunos cruzamientos petite","CONTENIDO_COPIADO_DE_F","más de 95","celda no vacía copiada literalmente de F sin cotejo semántico ni bibliográfico","% de colonias","levadura con mtDNA hipersupresivo","cruzamientos experimentales","según cruzamiento","observado","S285 resultados","C-1168","expresa","e810d2b797dc19a89109dddda85496d9c1a5fbae90a0fc909a91e8057a560c0d"
"1","275","genotipos mitonucleares factoriales","CONTENIDO_COPIADO_DE_F","81","celda no vacía copiada literalmente de F sin cotejo semántico ni bibliográfico","genotipos","panel de *Drosophila*","9 genomas nucleares × 9 haplotipos mitocondriales","n/a","observado","S288 métodos","C-1175","expresa","f49eb26126efe9e0deeef2b0c29f20faf5348f9f3df03f4589e48c07cbfca558"
"1","276","fondos nucleares con mayor varianza masculina","CONTENIDO_COPIADO_DE_F","8 de 9","celda no vacía copiada literalmente de F sin cotejo semántico ni bibliográfico","fondos nucleares","panel de *Drosophila*","análisis factorial","n/a","observado","S288 resultados","C-1176","expresa","ec624d64523218f1964df14ab5c3e64a18b57776172b3cd37dc0bdbc3c4ec964"
"1","277","participantes de UK Biobank","CONTENIDO_COPIADO_DE_F","aprox. 0,5 millones","celda no vacía copiada literalmente de F sin cotejo semántico ni bibliográfico","participantes","análisis humano de maldición de la madre","asociación genómica","aproximación publicada","observado","S289 resumen","C-1177","expresa","a3cc5e29f9cb1405f581433793952b995b48e8b6fc186163630c1a0cb25038b2"
"1","278","secuencias eucariotas analizadas","CONTENIDO_COPIADO_DE_F","30.358","celda no vacía copiada literalmente de F sin cotejo semántico ni bibliográfico","secuencias","estudio de HGT de Ku y Martin","filogenias de familias","n/a","observado","S290 métodos","C-1184","expresa","02e2b37ee2b5a039dbf21cff3c1204ea2266824a2b0e7f55c5304b98b11c17e4"
"1","279","homólogos procariotas analizados","CONTENIDO_COPIADO_DE_F","1.035.375","celda no vacía copiada literalmente de F sin cotejo semántico ni bibliográfico","secuencias","estudio de HGT de Ku y Martin","filogenias de familias","n/a","observado","S290 métodos","C-1184","expresa","67462128c42d50116be6c53a6df9d12ebeff7085d80a97bca12eefe4f0e353f0"
"1","280","árboles génicos analizados","CONTENIDO_COPIADO_DE_F","2.585","celda no vacía copiada literalmente de F sin cotejo semántico ni bibliográfico","árboles","estudio de HGT de Ku y Martin","filogenias de familias","n/a","observado","S290 métodos","C-1184","expresa","9058bddb043b7488b7e9592bb2a6c8cf635c200e5b11b516138698eeab6e9a49"
"1","281","umbral de la regla de contaminación","CONTENIDO_COPIADO_DE_F","≥70","celda no vacía copiada literalmente de F sin cotejo semántico ni bibliográfico","% de identidad","regla de Ku y Martin","criterio empírico","puede tener excepciones","inferido","S290 Discussion, The 70 % rule (JATS Sec5), segundo párrafo","C-1185","expresa","1dafcf41d167276925ee7799d222069c7ebb176cdf9200d2235e34a958554532"
"1","282","genes de tardígrado inicialmente atribuidos a HGT","CONTENIDO_COPIADO_DE_F","aprox. una sexta parte","celda no vacía copiada literalmente de F sin cotejo semántico ni bibliográfico","fracción del borrador génico","*Hypsibius dujardini*","ensamblaje borrador","reclamo posteriormente cuestionado","inferido","S295 resumen","C-1195","expresa","7b8ab650d7a6bc62d7dcde95103357fa4ef8e0e7c38abc1335838c7e9f5754a6"
"1","283","región codificante mitocondrial del endosimbionte","CONTENIDO_COPIADO_DE_F","34.242","celda no vacía copiada literalmente de F sin cotejo semántico ni bibliográfico","bp","endosimbionte de *Durinskia baltica*","ensamblaje mitocondrial","región no codificante final no cerrada","observado","S301 resultados; tabla 1","C-1207","expresa","2903d79c318d336874dd5892849b1b47d90747de8cafb656cc389a84945ef407"
"1","284","región codificante mitocondrial del endosimbionte","CONTENIDO_COPIADO_DE_F","34.742","celda no vacía copiada literalmente de F sin cotejo semántico ni bibliográfico","bp","endosimbionte de *Kryptoperidinium foliaceum*","ensamblaje mitocondrial","región no codificante final no cerrada","observado","S301 resultados; tabla 1","C-1207","expresa","dc30d06d66c76a63429c3b07ef6b358a7aa35ce22231b7f5500467efa37e96ef"
"1","285","genes mitocondriales endosimbiontes","CONTENIDO_COPIADO_DE_F","58","celda no vacía copiada literalmente de F sin cotejo semántico ni bibliográfico","genes","endosimbionte de *Durinskia baltica*","anotación genómica","n/a","observado","S301 resultados; tabla 1","C-1208","expresa","703c7adf2f6bb59bc0f5f0a93349a6136a4ce7d73c12b1bfe3fabd485bd4edce"
"1","286","genes mitocondriales endosimbiontes","CONTENIDO_COPIADO_DE_F","59","celda no vacía copiada literalmente de F sin cotejo semántico ni bibliográfico","genes","endosimbionte de *Kryptoperidinium foliaceum*","anotación genómica","n/a","observado","S301 resultados; tabla 1","C-1208","expresa","cdbd5614e1f105b06a0b154c26d67c5358bcc42801f48de2957ea0c9b9b4b6ae"
"1","287","candidatos de EGT terciaria","CONTENIDO_COPIADO_DE_F","9","celda no vacía copiada literalmente de F sin cotejo semántico ni bibliográfico","genes","dinotomos","filogenias de transcriptos","dependiente del muestreo y filtro","inferido","S302 resumen; resultados","C-1211","expresa","97f36d8a4593e360c6f9f2089f7f7f947393a02ee22d5564c8014467cb8cbbd2"
"1","288","candidatos de EGT terciaria","CONTENIDO_COPIADO_DE_F","90","celda no vacía copiada literalmente de F sin cotejo semántico ni bibliográfico","genes","kareniáceos","filogenias de transcriptos","dependiente del muestreo y filtro","inferido","S302 resumen; resultados","C-1211","expresa","c40532e08ac477fc530d39c35f6d440d3f6c63b7317e555167dcc2601349aaf0"
"1","289","genoma plastidial terciario","CONTENIDO_COPIADO_DE_F","142.981","celda no vacía copiada literalmente de F sin cotejo semántico ni bibliográfico","bp","*Karlodinium veneficum*","secuenciación y ensamblaje","n/a","observado","S303 resultados; tabla 1","C-1213","expresa","e84452665c21530324b58c1048766e6d3acbe060c88eceea31fe2532001bdcf3"
"1","290","proteínas codificadas por plasto terciario","CONTENIDO_COPIADO_DE_F","70","celda no vacía copiada literalmente de F sin cotejo semántico ni bibliográfico","proteínas","*Karlodinium veneficum*","anotación genómica","n/a","observado","S303 resultados; tabla 1","C-1213","expresa","bbc88e72e84037bd617417a2676985992f8151b2985dee74b8930f681fb95928"
"1","291","ARNt codificados por plasto terciario","CONTENIDO_COPIADO_DE_F","30","celda no vacía copiada literalmente de F sin cotejo semántico ni bibliográfico","ARNt","*Karlodinium veneficum*","anotación genómica","n/a","observado","S303 resultados; tabla 1","C-1213","expresa","8de7cab0013826392d7a34494e57d000d9b0a4733d0e3e79592e870aec4e511f"
"1","292","ARNr codificados por plasto terciario","CONTENIDO_COPIADO_DE_F","3","celda no vacía copiada literalmente de F sin cotejo semántico ni bibliográfico","ARNr","*Karlodinium veneficum*","anotación genómica","n/a","observado","S303 resultados; tabla 1","C-1213","expresa","e2ec5c52840bd9423240fdd180a2057d2db04501a9116c8f7513c7285452c7fd"
"1","293","soporte de origen haptófito del plasto","CONTENIDO_COPIADO_DE_F","100","celda no vacía copiada literalmente de F sin cotejo semántico ni bibliográfico","% bootstrap","plasto de *Karlodinium veneficum*","filogenia plastidial","matriz y muestreo de S303","inferido","S303 fig. 4","C-1214","expresa","0df284ed5975ec60a337b5e33ad2b1842d833588a75365756c68be74d58c9a54"
"1","294","familias completas de elementos transponibles","CONTENIDO_COPIADO_DE_F","mínimo 20","celda no vacía copiada literalmente de F sin cotejo semántico ni bibliográfico","familias","*Salpingoeca rosetta*","RepeatMasker y BLAST","mínimo por ensamblaje y detección","observado","S304 resultados","C-1215","expresa","f7ece805fdb4f759b40bb003b2df0f122d01c1d857f35c622b99c8f074f7b61b"
"1","295","familias de transposones de ADN","CONTENIDO_COPIADO_DE_F","7","celda no vacía copiada literalmente de F sin cotejo semántico ni bibliográfico","familias","*Salpingoeca rosetta*","anotación estructural y por homología","n/a","observado","S304 resultados","C-1216","expresa","b0056df96a986631358420e130a94149088c31ee1af7aac8a8a91a1b6d612c7b"
"1","296","familias de retrotransposones LTR","CONTENIDO_COPIADO_DE_F","13","celda no vacía copiada literalmente de F sin cotejo semántico ni bibliográfico","familias","*Salpingoeca rosetta*","anotación estructural y por homología","n/a","observado","S304 resultados","C-1216","expresa","4a5ae8459f260c149c2e28164352aac59f17e62b26b59edf4802e5c25daceff9"
"1","297","candidatos de retrotransposones no-LTR","CONTENIDO_COPIADO_DE_F","2","celda no vacía copiada literalmente de F sin cotejo semántico ni bibliográfico","familias incompletas","*Salpingoeca rosetta*","búsqueda por homología","secuencias completas no determinadas","inferido","S304 resultados","C-1216","expresa","b609417f8dc54c6e83d550a66c2d2d8e211a1d53b3906e65915666ac607d56af"
"1","298","familias de retrotransposones LTR","CONTENIDO_COPIADO_DE_F","3","celda no vacía copiada literalmente de F sin cotejo semántico ni bibliográfico","familias","*Monosiga brevicollis*","cribado del ensamblaje y EST","ausencias dependientes del ensamblaje","observado","S305 resumen","C-1217","expresa","a4fc1563f6fb1e54d80af7568c32372014b456745e4c206e95e123f416917549"
"1","299","coste membrana macronuclear","CONTENIDO_COPIADO_DE_F","6.8 × 10^9 Vcell^0.54","celda no vacía copiada literalmente de F sin cotejo semántico ni bibliográfico","ATP","ciliados","modelo morfométrico","no consta en la fuente","inferido","S307 pp. 90–91","C-1235","expresa","e86db19e66972e2a44b7f94760640114d12d226ff4913fbd117842381cb4c018"
"1","300","coste membrana micronuclear","CONTENIDO_COPIADO_DE_F","1.5 × 10^9 Vcell^0.41","celda no vacía copiada literalmente de F sin cotejo semántico ni bibliográfico","ATP","ciliados","modelo morfométrico","no consta en la fuente","inferido","S307 pp. 90–91","C-1236","expresa","9aed7b8f19b12257b5e17071b86c06d592488ff1b5a12c98dba26cb8e402f60e"
"1","301","coste membrana nuclear otros eucariotas","CONTENIDO_COPIADO_DE_F","7.8 × 10^9 Vcell^0.48","celda no vacía copiada literalmente de F sin cotejo semántico ni bibliográfico","ATP","fotótrofos y mamíferos incluidos","modelo morfométrico","no consta en la fuente","inferido","S307 pp. 90–91","C-1237","expresa","dd51a9e8128c47dc2450f289647f9ff0f297cb9d52676510a660cd41f43e756a"
"1","302","coste relativo macronúcleo","CONTENIDO_COPIADO_DE_F","2.5","celda no vacía copiada literalmente de F sin cotejo semántico ni bibliográfico","% del presupuesto celular","ciliado de 10^5 µm³","volumen como proxy","no consta en la fuente","inferido","S307 p. 91","C-1238","expresa","3bf7e9dbb80582cb49925d9a4f3a5ffa28de8666c4d1932b9391c7f5a5539af5"
"1","303","coste relativo micronúcleo","CONTENIDO_COPIADO_DE_F","0.032","celda no vacía copiada literalmente de F sin cotejo semántico ni bibliográfico","% del presupuesto celular","ciliado de 10^5 µm³","volumen como proxy","no consta en la fuente","inferido","S307 p. 91","C-1238","expresa","dc965f5b76172a190ea9bb112a2242a47eeb51700ab2fe7371edcb3c152f4726"
"1","304","coste de NPC de levadura","CONTENIDO_COPIADO_DE_F","1.3 × 10^7","celda no vacía copiada literalmente de F sin cotejo semántico ni bibliográfico","ATP por poro","levadura","masa molecular y composición","no consta en la fuente","inferido","S307 p. 91","C-1239","expresa","32b83cabcfe93ac0536a0f2045ec1c023936f65ab3295a80d8c94502d4057e97"
"1","305","coste de NPC de vertebrado","CONTENIDO_COPIADO_DE_F","2.9 × 10^7","celda no vacía copiada literalmente de F sin cotejo semántico ni bibliográfico","ATP por poro","vertebrado","masa molecular y composición","no consta en la fuente","inferido","S307 p. 91","C-1240","expresa","1d1268ec002218a73a4e5fd6f207f31f8c618f158ce04a6c8f7ba04896e48dfb"
"1","306","coste conjunto de NPC","CONTENIDO_COPIADO_DE_F","7.0 × 10^8 Vnuc^0.78","celda no vacía copiada literalmente de F sin cotejo semántico ni bibliográfico","ATP","eucariotas modelados","regresión por volumen nuclear","no consta en la fuente","inferido","S307 p. 91","C-1241","expresa","d7d6525db26dc8685064627391b6db8fa73b8c0589738ff0fd278b6d1154a4c0"
"1","307","coste de vesícula en construcción","CONTENIDO_COPIADO_DE_F","1.67 × 10^7","celda no vacía copiada literalmente de F sin cotejo semántico ni bibliográfico","ATP por vesícula","vesícula de 50 nm durante 140 s","modelo composicional","no consta en la fuente","inferido","S307 tabla 1","C-1243","expresa","57d1b4e36041170a00384b48cd6f6b78100fca8025c2064a384c0c4cc4a2cf13"
"1","308","coste de vesícula citoplasmática","CONTENIDO_COPIADO_DE_F","9.6 × 10^6","celda no vacía copiada literalmente de F sin cotejo semántico ni bibliográfico","ATP por vesícula","vesícula de 50 nm","modelo composicional","no consta en la fuente","inferido","S307 tabla 1","C-1244","expresa","cdb69f7dacefce818a0e3ada3f0cf3c76eeb0ae65fe4d1c0f429881e684c8fa3"
"1","309","coste de membrana pura","CONTENIDO_COPIADO_DE_F","1.25 × 10^9","celda no vacía copiada literalmente de F sin cotejo semántico ni bibliográfico","ATP µm^-2","membrana lipídica","modelo de composición","no consta en la fuente","inferido","S307 tabla 1","C-1245","expresa","6c19b3d41aa7ca875306370f31778d04813d45f835c09bab8f6a4b61c8c271bf"
"1","310","coste de membrana con proteína","CONTENIDO_COPIADO_DE_F","1.45 × 10^9","celda no vacía copiada literalmente de F sin cotejo semántico ni bibliográfico","ATP µm^-2","membrana con 40% proteína por área","modelo de composición","no consta en la fuente","inferido","S307 tabla 1","C-1246","expresa","204c4ba5d8890e0ec694ae1a5ea461cf7d3534ee3a540a30b5934a803dff61eb"
"1","311","coste ER+Golgi","CONTENIDO_COPIADO_DE_F","1.1","celda no vacía copiada literalmente de F sin cotejo semántico ni bibliográfico","% del presupuesto celular","Ostreococcus tauri","morfometría y coste de membrana","no consta en la fuente","inferido","S307 tabla 1","C-1247","expresa","12e388642aff47bddbba557fa0da1777f5c8c5544167b6434968cf96247b86f4"
"1","312","coste ER+Golgi","CONTENIDO_COPIADO_DE_F","1.1","celda no vacía copiada literalmente de F sin cotejo semántico ni bibliográfico","% del presupuesto celular","Saccharomyces cerevisiae","morfometría y coste de membrana","no consta en la fuente","inferido","S307 tabla 1","C-1248","expresa","d45b7ae9f7b15e899bbcaa21a11be48e47c140f717c8618aa4fdbad8d97c7d5b"
"1","313","coste ER+Golgi","CONTENIDO_COPIADO_DE_F","3.0","celda no vacía copiada literalmente de F sin cotejo semántico ni bibliográfico","% del presupuesto celular","Dunaliella salina","morfometría y coste de membrana","no consta en la fuente","inferido","S307 tabla 1","C-1249","expresa","bd4afd7a4ac2d26d9abc201a69411e3dce43c215303ff5e10f61796ce663adca"
"1","314","coste ER+Golgi","CONTENIDO_COPIADO_DE_F","21","celda no vacía copiada literalmente de F sin cotejo semántico ni bibliográfico","% del presupuesto celular","célula pancreática de Sus scrofa","morfometría y coste de membrana","no consta en la fuente","inferido","S307 tabla 1","C-1250","expresa","eb1760e267083a95071fa40a2fab7158dc0511c7470fa2de4fa1c65260028f9c"
"1","315","microtúbulos corticales","CONTENIDO_COPIADO_DE_F","5.0 × 10^10","celda no vacía copiada literalmente de F sin cotejo semántico ni bibliográfico","ATP","Ochromonas idealizada","modelo composicional","no consta en la fuente","inferido","S307 tabla 1","C-1255","expresa","44d5e6f43bb6b9179ab0079dd9657a0c236eb2bfb216407e7a924c1d1ed025c9"
"1","316","actina+tubulina","CONTENIDO_COPIADO_DE_F","0.1; 1.4 × 10^9","celda no vacía copiada literalmente de F sin cotejo semántico ni bibliográfico","% del presupuesto; ATP","Saccharomyces cerevisiae","abundancia y composición","no consta en la fuente","inferido","S307 tabla 1","C-1256","expresa","4dc5beba640fd27c5e1ea8266ea724b39324fbdbecdb98cacaaa19a5655d9e75"
"1","317","actina+tubulina","CONTENIDO_COPIADO_DE_F","0.4; 1.1 × 10^10","celda no vacía copiada literalmente de F sin cotejo semántico ni bibliográfico","% del presupuesto; ATP","Schizosaccharomyces pombe","abundancia y composición","no consta en la fuente","inferido","S307 tabla 1","C-1257","expresa","e259c407e0b07f420c5e8ba1c5f99fecb7a3d03b3d7ad688391f4f253a1d03eb"
"1","318","actina+tubulina","CONTENIDO_COPIADO_DE_F","5.7","celda no vacía copiada literalmente de F sin cotejo semántico ni bibliográfico","% del presupuesto celular","fibroblastos de ratón","abundancia y composición","no consta en la fuente","inferido","S307 tabla 1","C-1258","expresa","50fba87e00c7e91768b35c87670546361ea32981c4fe635824956ce29f9928ed"
"1","319","actina+tubulina","CONTENIDO_COPIADO_DE_F","0.6","celda no vacía copiada literalmente de F sin cotejo semántico ni bibliográfico","% del presupuesto celular","células HeLa","abundancia y composición","no consta en la fuente","inferido","S307 tabla 1","C-1259","expresa","effcee56a785d710f66fe92f55b075f84a879ce4c5c3d17d1233dc208b3bfe54"
"1","320","F-actina tras inhibición CK-B","CONTENIDO_COPIADO_DE_F","73 ± 9","celda no vacía copiada literalmente de F sin cotejo semántico ni bibliográfico","% del control","fagocitosis mediada por complemento","fluorescencia","±9","observado","S328 resultados","C-1264","expresa","32bf1e1a83bf0adfd3ffb1a19c0b0d3455d3e32f1a24dff2bfe4d993fb87c654"
"1","321","contenido ATP durante fagocitosis","CONTENIDO_COPIADO_DE_F","0.8","celda no vacía copiada literalmente de F sin cotejo semántico ni bibliográfico","fmol célula^-1","neutrófilos humanos","ensayo bioquímico","no consta en la fuente","observado","S329 resultados","C-1265","expresa","b8da483ebeec7ba15473abc712c1b0183aec005bbb8567b9c92d2fc7273270b3"
"1","322","coste membranas mitocondriales","CONTENIDO_COPIADO_DE_F","1.9","celda no vacía copiada literalmente de F sin cotejo semántico ni bibliográfico","% del presupuesto celular","Dunaliella salina","morfometría","no consta en la fuente","inferido","S307 tabla 1","C-1278","expresa","bb4ece59ff84cb1ca6c760fcea3c8afa14cac80b2cb4520e169a989e4bea6191"
"1","323","coste membranas mitocondriales","CONTENIDO_COPIADO_DE_F","4–17","celda no vacía copiada literalmente de F sin cotejo semántico ni bibliográfico","% del presupuesto celular","ciliados","morfometría","variación natural entre especies","inferido","S307 tabla 1","C-1279","expresa","0f195a230a28f8b2562423c7ce72e9c044c09357d1a1a1f7325b64980498c091"
"1","324","coste membranas mitocondriales","CONTENIDO_COPIADO_DE_F","6.7","celda no vacía copiada literalmente de F sin cotejo semántico ni bibliográfico","% del presupuesto celular","célula pancreática de Sus scrofa","morfometría","no consta en la fuente","inferido","S307 tabla 1","C-1280","expresa","609eb2d70c5d5da2c8376f4d15a1506b8da17a14fe1633b21e643f8f14ee2eaf"
"1","325","coste membranas mitocondriales","CONTENIDO_COPIADO_DE_F","7.9","celda no vacía copiada literalmente de F sin cotejo semántico ni bibliográfico","% del presupuesto celular","Ostreococcus tauri","morfometría","no consta en la fuente","inferido","S307 tabla 1","C-1281","expresa","afabe7e11e44cb264da79c9d86ab1cd7141c2da8bb1d9f2750aed4ee3235df7d"
"1","326","área de membrana mitocondrial","CONTENIDO_COPIADO_DE_F","3.0 Vcell^0.99","celda no vacía copiada literalmente de F sin cotejo semántico ni bibliográfico","relación de área","eucariotas modelados","regresión morfométrica","no consta en la fuente","inferido","S312 resultados; S313 título de la corrección y texto editorial","C-1282","expresa","76ccffe1b279bdf2beee7ac0ef4e42bdf286e61b1a089e348cdac518de233950"
"1","327","construcción flagelos Chlamydomonas","CONTENIDO_COPIADO_DE_F","6.15 × 10^10","celda no vacía copiada literalmente de F sin cotejo semántico ni bibliográfico","ATP célula^-1","dos flagelos","modelo estructural","no consta en la fuente","inferido","S324 tabla 1","C-1285","expresa","6cb18d775f1c03ce59bd3a99c2baa2e87a61965298710730080a2b24dcb9958e"
"1","328","construcción flagelos Chlamydomonas","CONTENIDO_COPIADO_DE_F","1.4","celda no vacía copiada literalmente de F sin cotejo semántico ni bibliográfico","% del presupuesto del ciclo","Chlamydomonas","modelo estructural y presupuesto","no consta en la fuente","inferido","S324 tabla 1","C-1286","expresa","2ea7630cc5b733226d5d21d48bc41d887c895e9e937efc68ce80cec46e83cdb4"
"1","329","operación flagelo Chlamydomonas","CONTENIDO_COPIADO_DE_F","9.7 × 10^5","celda no vacía copiada literalmente de F sin cotejo semántico ni bibliográfico","ATP s^-1 flagelo^-1","Chlamydomonas","modelo de motores","no consta en la fuente","inferido","S324 tabla 1","C-1287","expresa","30dc3eaa6506ba2001082de1642c2ed438427d7d938c621d5f73f6f9b7512183"
"1","330","operación flagelos Chlamydomonas","CONTENIDO_COPIADO_DE_F","1.2","celda no vacía copiada literalmente de F sin cotejo semántico ni bibliográfico","% del presupuesto del ciclo","Chlamydomonas","modelo de operación","no consta en la fuente","inferido","S324 tabla 1","C-1288","expresa","80eac014b4f253eb296a1f62c935a66f3a4e5c1d39b0ab1554fe816905dd878e"
"1","331","coste total flagelos Chlamydomonas","CONTENIDO_COPIADO_DE_F","2.6","celda no vacía copiada literalmente de F sin cotejo semántico ni bibliográfico","% del presupuesto del ciclo","Chlamydomonas","suma de construcción y operación","no consta en la fuente","inferido","S324 tabla 1","C-1289","expresa","7f8984dd9d6aece68208314aa2ec984f57ebb6009650249586388d410a61dd85"
"1","332","coste relativo construcción de flagelos","CONTENIDO_COPIADO_DE_F","0.1–40","celda no vacía copiada literalmente de F sin cotejo semántico ni bibliográfico","% del presupuesto celular","mayoría de 200 especies","encuesta comparativa modelada","variación entre especies","inferido","S307 p. 90; S324 resultados","C-1290","expresa","ed16ca35d42ebc1191802f5a12849376d95600c01f3e01366e07f8d4d8ab3468"
"1","333","fuerza adhesiva generada por un parche","CONTENIDO_COPIADO_DE_F","200","celda no vacía copiada literalmente de F sin cotejo semántico ni bibliográfico","nN","parche de integrinas unidas y elementos del citoesqueleto en el modelo mecánico","fuerza adhesiva constante generada","no consta en el resumen","inferido","S336 resumen, “generated a constant 200-nN adhesive force”","C-1293","expresa","c3e1e5c58ea2ac4ec800ce7afdca8bc9ea4b2b3379841da39cbc5a9686775328"
"1","334","fortalecimiento de adhesión","CONTENIDO_COPIADO_DE_F","aproximadamente 7","celda no vacía copiada literalmente de F sin cotejo semántico ni bibliográfico","veces","integrinas en islas adhesivas de 5 µm","aumento hasta el estado estacionario","no consta en el resumen","observado","S336 resumen","C-1292","expresa","a80d44f3744cd98ce0942392060c76a9657d55bf9d65663cca7f27e53cf6ab93"
"1","335","energía por gen bacteria ampliada","CONTENIDO_COPIADO_DE_F","0.0005","celda no vacía copiada literalmente de F sin cotejo semántico ni bibliográfico","fW gen^-1","bacteria hipotética","escalamiento","no consta en la fuente","inferido","S308 p. 931","C-1301","expresa","3b23a7586a25033beb53aa7132b7473d281c0801f0873ffdfe380ab12b0bf5cf"
"1","336","reducción de energía por gen","CONTENIDO_COPIADO_DE_F","230000","celda no vacía copiada literalmente de F sin cotejo semántico ni bibliográfico","veces","bacteria hipotética frente a protozoo","cociente modelado","no consta en la fuente","inferido","S308 p. 931","C-1302","expresa","680a1e5c94694dbd40d533f4c00e736c1ba988357dd5366e051f98008efe8798"
"1","337","ventaja energía por gen eucariota","CONTENIDO_COPIADO_DE_F","aproximadamente 200000","celda no vacía copiada literalmente de F sin cotejo semántico ni bibliográfico","veces","eucariota frente a procariota modelado","cociente modelado","no consta en la fuente","inferido","S308 pp. 929, 931","C-1303","expresa","e693de50730de24a57120ac59abcd6158f9c72153b279f1bf9fa3c268709a1e9"
"1","338","potencia por gen","CONTENIDO_COPIADO_DE_F","10^5–10^6","celda no vacía copiada literalmente de F sin cotejo semántico ni bibliográfico","veces","hospedador mitocondrial modelado","cociente modelado","no consta en la fuente","inferido","S308 p. 931","C-1304","expresa","934517bebf7921a293ddef6bdc4fbd0a41f207e253cc819da9da5c37d5cadef9"
"1","339","valores no localizados en fuentes citadas","CONTENIDO_COPIADO_DE_F","más de 50","celda no vacía copiada literalmente de F sin cotejo semántico ni bibliográfico","% de 80 valores","auditoría documental","rastreo de citas","no consta en la fuente","observado","S314 resultados","C-1317–C-1319","expresa","67d3953e248d26596ede3611c338493cd8a4743de0a6e4850de9a3cc819c62cd"
"1","340","umbral aproximado de selección","CONTENIDO_COPIADO_DE_F","1/Ne","celda no vacía copiada literalmente de F sin cotejo semántico ni bibliográfico","coeficiente de aptitud relativo","población finita","teoría poblacional","aproximación","inferido","S307 p. 91; S319 pp. 1401–1403","C-1325","expresa","6cfd7e9504d8563d54dbacdefcf422fb9500052abf8cbd1792eeb671a887793e"
"1","341","Ne procariotas histórico","CONTENIDO_COPIADO_DE_F","generalmente >10^8","celda no vacía copiada literalmente de F sin cotejo semántico ni bibliográfico","individuos efectivos","muestreo de S319","diversidad silenciosa y μ","dependiente de supuestos","inferido","S319 p. 1401","C-1324; C-1326","expresa","584f9a4d2f8d2aaa2106200210a7b3c63a5a769e35a57a68df2ba1587f553c11"
"1","342","Ne eucariotas unicelulares histórico","CONTENIDO_COPIADO_DE_F","10^7–10^8","celda no vacía copiada literalmente de F sin cotejo semántico ni bibliográfico","individuos efectivos","muestreo de S319","diversidad silenciosa y μ","dependiente de supuestos","inferido","S319 pp. 1401–1402","C-1327","expresa","fa7d13be2e5cec489939bcb455c22258584157f0ebaed586089dba2df65c1caf"
"1","343","Ne invertebrados histórico","CONTENIDO_COPIADO_DE_F","10^5–10^6","celda no vacía copiada literalmente de F sin cotejo semántico ni bibliográfico","individuos efectivos","muestreo de S319","diversidad silenciosa y μ","dependiente de supuestos","inferido","S319 pp. 1401–1402","C-1328","expresa","51c9a9c8fe79998ebf37bcfea7460bf575a99975d7a25dbf3b5376fe0e39130d"
"1","344","Ne vertebrados histórico","CONTENIDO_COPIADO_DE_F","10^4–10^5","celda no vacía copiada literalmente de F sin cotejo semántico ni bibliográfico","individuos efectivos","muestreo de S319","diversidad silenciosa y μ","dependiente de supuestos","inferido","S319 pp. 1401–1402","C-1329","expresa","1a0f643c13cd3a89034b085bc62405da961245d7f579ec2f69bb019fe670e523"
"1","345","tasa mutacional media asumida","CONTENIDO_COPIADO_DE_F","aproximadamente 2.3 × 10^-10","celda no vacía copiada literalmente de F sin cotejo semántico ni bibliográfico","mutaciones sitio^-1 división^-1","estimaciones de S319","promedio asumido","rango de entrada 5 × 10^-11–5 × 10^-10","inferido","S319 p. 1401","C-1330","expresa","735ccfd261c97c0d0d7b1d93f821d378fdd08ca6eccf02b4d410a1b5b2ade6ed"
"1","346","diversidad neutral diploide","CONTENIDO_COPIADO_DE_F","4Neμ","celda no vacía copiada literalmente de F sin cotejo semántico ni bibliográfico","relación adimensional","población diploide en equilibrio","modelo poblacional","bajo supuestos de equilibrio","inferido","S319 p. 1401","C-1331","expresa","ac38fb544ec01022b79892e60b12dae16d08f243c2434da1a654622e7cc108a9"
"1","347","Ne crítico retrotransposones","CONTENIDO_COPIADO_DE_F","~7 × 10^7","celda no vacía copiada literalmente de F sin cotejo semántico ni bibliográfico","individuos efectivos","modelo de elementos móviles","tasas modeladas","dependiente de parámetros","inferido","S319 material principal y suplementario","C-1333","expresa","5dc5a8764abb404017754779251b8c4e817c2d61bf26c215a325a1bc33b5ee0b"
"1","348","Ne crítico transposones ADN","CONTENIDO_COPIADO_DE_F","~2 × 10^7","celda no vacía copiada literalmente de F sin cotejo semántico ni bibliográfico","individuos efectivos","modelo de elementos móviles","tasas modeladas","dependiente de parámetros","inferido","S319 material principal y suplementario","C-1333","expresa","04e9efbe4e414e050d28fa2a9e76bdd5ac8c14f0f2e4d0487ea3dfa75ceeb58a"
"1","349","muestreo Ne eucariotas","CONTENIDO_COPIADO_DE_F","120","celda no vacía copiada literalmente de F sin cotejo semántico ni bibliográfico","especies","S322","diversidad y tasas directas","n/a","observado","S322 resumen","C-1327","expresa","141f82eec117b7506df8f5924eca88535f48ee7301e441f6fb95394f51a254a8"
"1","350","variación Ne eucariotas","CONTENIDO_COPIADO_DE_F","casi 4","celda no vacía copiada literalmente de F sin cotejo semántico ni bibliográfico","órdenes de magnitud","S322","estimaciones comparativas","intervalos por especie en material suplementario","inferido","S322 resumen","C-1336","expresa","70748488ef528394aa5761157236d5967484e414e2425cf4c13ba9e7b51ab48b"
"1","351","muestreo prueba animal","CONTENIDO_COPIADO_DE_F","807","celda no vacía copiada literalmente de F sin cotejo semántico ni bibliográfico","especies","S323","genómica comparada","n/a","observado","S323 métodos","C-1338","expresa","a7eb728782032279c78247968d1ac8077b322844e3ebe84c2d67916f26b5435f"
"1","352","coste duplicación gen mediano","CONTENIDO_COPIADO_DE_F","4.68 × 10^-5","celda no vacía copiada literalmente de F sin cotejo semántico ni bibliográfico","fracción del presupuesto celular","Saccharomyces cerevisiae","modelo de expresión","no consta en la fuente","inferido","S340 resultados; S307 p. 90","C-1348","expresa","f914ff8827697dbf447a4fca91fc5aef53f123ceb1010c0cefbf8148ed9666f3"
"1","353","cambio detectable de ARNm","CONTENIDO_COPIADO_DE_F",">10","celda no vacía copiada literalmente de F sin cotejo semántico ni bibliográfico","%","gen mediano de Saccharomyces cerevisiae","comparación con 1/Ne","dependiente de Ne","inferido","S340 resultados; S307 p. 91","C-1349","expresa","5f23c211ed48295d700403a07efe31477d746b38d476b7f0e4f933f9109feb7e"
"1","354","cambio detectable de proteína","CONTENIDO_COPIADO_DE_F",">2","celda no vacía copiada literalmente de F sin cotejo semántico ni bibliográfico","%","gen mediano de Saccharomyces cerevisiae","comparación con 1/Ne","dependiente de Ne","inferido","S340 resultados; S307 p. 91","C-1349","expresa","c709f7d48c11aa0f9458c791a4d00900632b0000467c901e22d8fdcdd268c75a"
"1","355","producción total de ATP por ciclo","CONTENIDO_COPIADO_DE_F","6,0 × 10^11","celda no vacía copiada literalmente de F sin cotejo semántico ni bibliográfico","ATP célula^-1 ciclo^-1","forma sanguínea proliferativa de Trypanosoma brucei","presupuesto celular teórico integrado","incluye extrapolaciones y procesos sin coste disponible","inferido","S341 resumen, tablas 11–13 y fig. 1","C-1354","expresa","079eacc0c359d0d7dcc8abd2177f31aef321539ba9f8ded44fd29a6ae2075e86"
"1","356","fracción residual sin coste asignado","CONTENIDO_COPIADO_DE_F","aproximadamente 5,5","celda no vacía copiada literalmente de F sin cotejo semántico ni bibliográfico","%","forma sanguínea proliferativa de Trypanosoma brucei","residual comunicado por los autores","aproximada; procesos subestimados o no modelados","inferido","S341 discusión","C-1354","expresa","50a4d35564994741f7ad9cb16c839d22f676aadcdf67e3e79070ed43020a68a2"
"1","357","genes meióticos específicos identificados en Giardia","CONTENIDO_COPIADO_DE_F","5","celda no vacía copiada literalmente de F sin cotejo semántico ni bibliográfico","genes","Giardia intestinalis","inventario y filogenia de homólogos","no consta en la fuente","observado","S77 resumen","C-1376","expresa","3c537d801dd7c34dbbd1b0278e24946df44e6d26968907dbd2131ab4f578adea"
"1","358","componentes meióticos identificados en Trichomonas vaginalis","CONTENIDO_COPIADO_DE_F","27 de 29","celda no vacía copiada literalmente de F sin cotejo semántico ni bibliográfico","genes","Trichomonas vaginalis","inventario genómico y ortología","no consta en la fuente","observado","S346 resumen; tabla 2","C-1377","expresa","2884b06676c1775c5605cedfe5be5739a017bd41a135d002e184a47c40c10397"
"1","359","genes específicos de meiosis en Trichomonas vaginalis","CONTENIDO_COPIADO_DE_F","8 de 9","celda no vacía copiada literalmente de F sin cotejo semántico ni bibliográfico","genes","Trichomonas vaginalis","inventario genómico","no consta en la fuente","observado","S346 resumen","C-1378","expresa","82c01833f27633baaf6e3e0cc4ffe771108d09629f496f27ba5883e40232efda"
"1","360","genes meióticos conservados identificados en coanoflagelados","CONTENIDO_COPIADO_DE_F","18","celda no vacía copiada literalmente de F sin cotejo semántico ni bibliográfico","genes","Choanoflagellata muestreada en S348","inventario de genomas y EST","no consta en la fuente","observado","S348 resultados","C-1380","expresa","d72f07c90d4243667dfeb464f96ab29ddba525d5f272dc7e1dfa34699e3441a1"
"1","361","alargamiento del cuerpo del gameto grande bajo inanición","CONTENIDO_COPIADO_DE_F","61","celda no vacía copiada literalmente de F sin cotejo semántico ni bibliográfico","% respecto de células asexuales","Salpingoeca rosetta","morfometría en preprint","incertidumbre en la figura original; fuente no revisada por pares","observado","S486 fig. 3","C-1478","expresa","3e96c6b42f96e2cedc077e703db3e1ab174866dcf1708e9f07dee171e3da680b"
"1","362","alargamiento del collar del gameto grande bajo inanición","CONTENIDO_COPIADO_DE_F","55","celda no vacía copiada literalmente de F sin cotejo semántico ni bibliográfico","% respecto de células asexuales","Salpingoeca rosetta","morfometría en preprint","incertidumbre en la figura original; fuente no revisada por pares","observado","S486 fig. 3","C-1478","expresa","fae731bb8656c6a9034d4787f0fe65324fa0fcf0015cd3f3384ff61564456ddb"
"1","363","tipos de apareamiento de Dictyostelium discoideum","CONTENIDO_COPIADO_DE_F","3","celda no vacía copiada literalmente de F sin cotejo semántico ni bibliográfico","tipos de apareamiento","Dictyostelium discoideum","genética del locus de tipo de apareamiento","no consta en la fuente","observado","S365 resumen","C-1424","expresa","e68e6ee23f5a430357b0d08fa25dc95f3625adee9c82bad30de87d677bb55912"
"1","364","fragmentos génicos resecuenciados","CONTENIDO_COPIADO_DE_F","137","celda no vacía copiada literalmente de F sin cotejo semántico ni bibliográfico","fragmentos","cepas silvestres norteamericanas de Dictyostelium discoideum","resecuenciación poblacional","no consta en la fuente","observado","S367 resumen","C-1431","expresa","c3827a324a39c29be6ddec48ef358295a2ef0af1f177728b3ee1293dfbae7a07"
"1","365","edad de Bangiomorpha pubescens","CONTENIDO_COPIADO_DE_F","1.047 +0.013/−0.017","celda no vacía copiada literalmente de F sin cotejo semántico ni bibliográfico","Ga","primera aparición de Bangiomorpha pubescens","Re–Os estratigráfico","+0.013/−0.017 Ga","observado","S160 resumen","C-1446","expresa","55e863239d81b55c44a1e2b4861b55d1a092139421f6207682896804ea8b47b0"
"1","366","tiempo hasta enjambre tras Vibrio fischeri","CONTENIDO_COPIADO_DE_F","dentro de 30","celda no vacía copiada literalmente de F sin cotejo semántico ni bibliográfico","minutos","Salpingoeca rosetta","microscopía en cultivo","no consta en la fuente","observado","S203 fig. 1A–B","C-1415; C-1416; C-1450","expresa","659e9f4ea716b4b6dd7d400fd8ed0300acac30539d5545c28bf9f38bee960d56"
"1","367","duración de fusión celular tras orientación basal","CONTENIDO_COPIADO_DE_F","minutos","celda no vacía copiada literalmente de F sin cotejo semántico ni bibliográfico","minutos","Salpingoeca rosetta","microscopía en cultivo","sin valor numérico exacto","observado","S203 fig. 1C","C-1416; C-1451","expresa","668e3325662fc204c0c9a0ba485445c01248b9f389bd3062f39f69e25d00f56c"
"1","368","concentración de EroS en ensayos de señales combinadas","CONTENIDO_COPIADO_DE_F","0.2–1","celda no vacía copiada literalmente de F sin cotejo semántico ni bibliográfico","μg/ml","Salpingoeca rosetta","adición de proteína purificada","aproximadamente 2–8 nM","observado","S351 métodos","C-1455","expresa","42e53165d1645da39495154b89c073a62ffe496b5cac8b9c8664158c7e037cf8"
"1","369","concentración molar aproximada de EroS","CONTENIDO_COPIADO_DE_F","aproximadamente 2–8","celda no vacía copiada literalmente de F sin cotejo semántico ni bibliográfico","nM","Salpingoeca rosetta","conversión publicada por los autores","aproximada","observado","S351 métodos","C-1455","expresa","d58301254251d78e899837e844b0362983943ff6a5ab3d2d0f49dc56222d115b"
"1","370","actividad de EroS","CONTENIDO_COPIADO_DE_F","0.05","celda no vacía copiada literalmente de F sin cotejo semántico ni bibliográfico","U/ml","Salpingoeca rosetta","actividad enzimática añadida","no consta en la fuente","observado","S351 métodos","C-1456","expresa","f5e12fac159b9449f981efc7afbd11b174f147971cfc3999f1f909229cd3e035"
"1","371","células con doble tinción bajo agregación","CONTENIDO_COPIADO_DE_F","aproximadamente 10","celda no vacía copiada literalmente de F sin cotejo semántico ni bibliográfico","% de células teñidas","Ministeria vibrans","mezcla de poblaciones con tintes de membrana y microscopía","media ± s.e.m.; triplicado biológico","observado","S376 fig. 6f","C-1472","expresa","6bd41c0dd15cdcfa7782942f2aea2412c680f5d294ee35808539948690e4afa9"
"1","372","células con doble tinción sin agregación","CONTENIDO_COPIADO_DE_F","menos de 2","celda no vacía copiada literalmente de F sin cotejo semántico ni bibliográfico","% de células teñidas","Ministeria vibrans","mezcla de poblaciones con tintes de membrana y microscopía","media ± s.e.m.; triplicado biológico","observado","S376 fig. 6f","C-1472","expresa","d60a39cbd8f1c57a874f0ad2686579117f82a3c0283267e53b7056101277d701"
"1","373","significación de diferencia en doble tinción","CONTENIDO_COPIADO_DE_F","0.0017","celda no vacía copiada literalmente de F sin cotejo semántico ni bibliográfico","P","Ministeria vibrans","prueba t bilateral no pareada con corrección de Welch","no consta intervalo","observado","S376 fig. 6f","C-1472","expresa","b8623e6bad72968a65d8da543e779532016b6256bb65927a626077746ad3ddbd"
"1","374","células revisadas para detectar fusión","CONTENIDO_COPIADO_DE_F","aproximadamente 216","celda no vacía copiada literalmente de F sin cotejo semántico ni bibliográfico","células","Ministeria vibrans","videomicroscopía en borde de agregados","aproximado","observado","S376 texto de resultados","C-1473","expresa","185a8074717faaabb618eedb07509b6ea187261374cfac53211f943fcb753fae"
"1","375","duración de seguimiento por célula","CONTENIDO_COPIADO_DE_F","aproximadamente 2.7","celda no vacía copiada literalmente de F sin cotejo semántico ni bibliográfico","horas por célula","Ministeria vibrans","videomicroscopía","aproximado","observado","S376 texto de resultados","C-1473","expresa","f412e03939ee8929b0cb52e825722d242d25a27fb744485b5595fabd22777e2f"
"1","376","fusiones claras observadas en el seguimiento","CONTENIDO_COPIADO_DE_F","1","celda no vacía copiada literalmente de F sin cotejo semántico ni bibliográfico","evento","Ministeria vibrans","videomicroscopía","en aproximadamente 216 células observadas","observado","S376 fig. 6g; Supplementary Video 5","C-1473","expresa","ccc9dfcf6f54075c687ce79f1688df2c5c25dc0f59f37366ed8843b21d9f6f24"
"1","377","edición vigente del Madrid Code","CONTENIDO_COPIADO_DE_F","18","celda no vacía copiada literalmente de F sin cotejo semántico ni bibliográfico","edición","ICN","identificación editorial","n/a","observado","S379 metadatos bibliográficos; portada y prefacio","C-1694","expresa","b585cb012b85c637d52f22edad527f9be1bb10db46b0e16e9c7c769b6c49d7f7"
"1","378","versión publicada de PhyloCode","CONTENIDO_COPIADO_DE_F","6","celda no vacía copiada literalmente de F sin cotejo semántico ni bibliográfico","versión","PhyloCode","identificación editorial","n/a","observado","S381 metadatos bibliográficos; portada y prefacio","C-1703","expresa","cbd672eb0940cf6e010b7cc29dbbca52d0cb192780f7e79b73157546b0ecfaec"
"1","379","registro de Eukarya en Phylonyms","CONTENIDO_COPIADO_DE_F","42","celda no vacía copiada literalmente de F sin cotejo semántico ni bibliográfico","número de registro","Eukarya","RegNum/Phylonyms","n/a","observado","S383 registro Phylonyms, entrada Eukarya, Registration 42","C-1712","expresa","ca1730c1d744435fe84b8a4a74c22601f1012e3879b8a6f18007a9429936ea4b"
"1","380","registro de Amorphea en Phylonyms","CONTENIDO_COPIADO_DE_F","8","celda no vacía copiada literalmente de F sin cotejo semántico ni bibliográfico","número de registro","Amorphea","RegNum/Phylonyms","n/a","observado","S383 registro Phylonyms, entrada Amorphea, Registration 8","C-1713","expresa","7a42f047ea07b80fb264531f5ca4644fc6ed7c9f56022327c97468019f731866"
"1","381","registro de Opisthokonta en Phylonyms","CONTENIDO_COPIADO_DE_F","72","celda no vacía copiada literalmente de F sin cotejo semántico ni bibliográfico","número de registro","Opisthokonta","RegNum/Phylonyms","n/a","observado","S383 registro Phylonyms, entrada Opisthokonta, Registration 72","C-1714","expresa","3bf8d2b4e40f0cdf3ea29485e8dd74ec179d23b97dc6635e0d4f529685edb30c"
"1","382","reinos ocupados por algas en Guiry 2024","CONTENIDO_COPIADO_DE_F","4","celda no vacía copiada literalmente de F sin cotejo semántico ni bibliográfico","reinos","algas de AlgaeBase","clasificación de base","dependiente de la clasificación adoptada","observado","S390 título; resumen","C-1789","expresa","ce43d54666a61e633b032bf44965ded53724498424a3017e6e95205e0bfe4ffb"
"1","383","filos ocupados por algas en Guiry 2024","CONTENIDO_COPIADO_DE_F","14","celda no vacía copiada literalmente de F sin cotejo semántico ni bibliográfico","filos","algas de AlgaeBase","clasificación de base","dependiente de la clasificación adoptada","observado","S390 título; resumen","C-1789","expresa","6cdfd849c5a0335d246ca560cadf9fc50efada543a58fd426d9edd9e70a19f99"
"1","384","clases ocupadas por algas en Guiry 2024","CONTENIDO_COPIADO_DE_F","63","celda no vacía copiada literalmente de F sin cotejo semántico ni bibliográfico","clases","algas de AlgaeBase","clasificación de base","dependiente de la clasificación adoptada","observado","S390 título; resumen","C-1789","expresa","e93d1f040890d8012052e251667056c9592c332e7a5eba63050937bc19dc8b8c"
"1","385","especies vivientes de algas en AlgaeBase al 1-11-2023","CONTENIDO_COPIADO_DE_F","50.589","celda no vacía copiada literalmente de F sin cotejo semántico ni bibliográfico","especies","AlgaeBase","recuento de base de datos","dependiente de versión","observado","S390 resumen","C-1790","expresa","eabae392e6e351be127dec39767970930441c37ee2ed66b2b1146b180c09163f"
"1","386","especies fósiles de algas en AlgaeBase al 1-11-2023","CONTENIDO_COPIADO_DE_F","10.556","celda no vacía copiada literalmente de F sin cotejo semántico ni bibliográfico","especies","AlgaeBase","recuento de base de datos","dependiente de versión","observado","S390 resumen","C-1790","expresa","f732f2eb6fe575664196177d5dfa200a6c7fbb74b56e884d777050411890e9ec"
"1","387","proteínas en Hampl et al. 2009","CONTENIDO_COPIADO_DE_F","143","celda no vacía copiada literalmente de F sin cotejo semántico ni bibliográfico","proteínas","análisis de Excavata","matriz filogenómica","n/a","observado","S400 Methods","C-1823","expresa","edbde1d43b740980d4680fdda8f8cf0fa7a5d0eca0dae0c5af303897db4c0181"
"1","388","taxones en Hampl et al. 2009","CONTENIDO_COPIADO_DE_F","48","celda no vacía copiada literalmente de F sin cotejo semántico ni bibliográfico","taxones","análisis de Excavata","muestreo taxonómico","n/a","observado","S400 Methods","C-1823","expresa","18ec75bc8f729c72e4a033b60b50f9c8f8eb66fee97d496ede168301c4e303d5"
"1","389","reinos en Whittaker 1969","CONTENIDO_COPIADO_DE_F","5","celda no vacía copiada literalmente de F sin cotejo semántico ni bibliográfico","reinos","sistema de Whittaker","clasificación propuesta","n/a","observado","S387 título y esquema","C-1810","expresa","a13c519f81462b0e76e0982d35dffcde8d907265b14342c22ee3053189acd5b8"
"1","390","reinos en Cavalier-Smith 1998","CONTENIDO_COPIADO_DE_F","6","celda no vacía copiada literalmente de F sin cotejo semántico ni bibliográfico","reinos","sistema de Cavalier-Smith","clasificación propuesta","n/a","observado","S389 título y resumen","C-1811","expresa","c3f156f1ae1d45d0af24497281331966a101e9506fec33d3de773e7d5475dee3"
"1","391","reinos en Ruggiero et al. 2015","CONTENIDO_COPIADO_DE_F","7","celda no vacía copiada literalmente de F sin cotejo semántico ni bibliográfico","reinos","sistema de Ruggiero et al.","clasificación propuesta","n/a","observado","S388 resumen y tabla de clasificación","C-1812","expresa","68eae9fe096891f62280f192cda129bfa2ccaed2457c05df3ea62dd1449fa8dd"
"1","392","intervalo de división clonal","CONTENIDO_COPIADO_DE_F","aproximadamente 8–10","celda no vacía copiada literalmente de F sin cotejo semántico ni bibliográfico","h","Choanoeca flexa","videomicroscopía","no consta como error formal","observado","S424 fig. 1f","C-1498","expresa","ff3dcdf96c5b85adf5be24063d589880ac8d1b7fd0d1446bcfa7783c49083d6e"
"1","393","tiempo de maduración de lámina","CONTENIDO_COPIADO_DE_F","dentro de 24","celda no vacía copiada literalmente de F sin cotejo semántico ni bibliográfico","h","Choanoeca flexa","videomicroscopía","n/a","observado","S424 fig. 2","C-1500","expresa","790d6c52fa810850ab4f43e30f25b1ef40a9bd50fb310e78e08aebfb12f65a9a"
"1","394","tamaño medio del agregado a 24 h","CONTENIDO_COPIADO_DE_F","alrededor de 50","celda no vacía copiada literalmente de F sin cotejo semántico ni bibliográfico","células","Choanoeca flexa","recuento","desviación mostrada en figura; no transcrita aquí","observado","S424 fig. 2g","C-1501","expresa","d8680e9d1bc8915e96748de114c2126042cc7fe466298e677970f7fa07d3f91e"
"1","395","máximo observado aproximado a 24 h","CONTENIDO_COPIADO_DE_F","aproximadamente 120","celda no vacía copiada literalmente de F sin cotejo semántico ni bibliográfico","células","Choanoeca flexa","recuento","n/a","observado","S424 fig. 2g","C-1501","expresa","258bcb99bb437e1ae9a781b03aa41ee549b601f0551a02c545bd9221621f0c2f"
"1","396","aphidicolina en ensayo de agregación","CONTENIDO_COPIADO_DE_F","17","celda no vacía copiada literalmente de F sin cotejo semántico ni bibliográfico","µg ml−1","Choanoeca flexa","inhibición del ciclo celular","n/a","observado","S424 fig. 2i","C-1502","expresa","f06c6de045c85f44c303e5d55ca8ae3d20b3fdf0a98cdc851b1b1bd37d750b5d"
"1","397","salinidad máxima con láminas activas observadas","CONTENIDO_COPIADO_DE_F","94","celda no vacía copiada literalmente de F sin cotejo semántico ni bibliográfico","ppt","Choanoeca flexa en campo","muestreo de pozas","límite observacional, no fisiológico universal","observado","S424 fig. 3e","C-1503","expresa","9c84885aa40b62ff56591cbf522c2ce5a534a2ca9f4149491f825f2a9dfdd1cb"
"1","398","salinidad de pozas con láminas","CONTENIDO_COPIADO_DE_F","62.1 ± 24.8","celda no vacía copiada literalmente de F sin cotejo semántico ni bibliográfico","ppt","Choanoeca flexa","muestreo de campo","media ± dispersión publicada","observado","S424 resultados","C-1504","expresa","d53ac9364d50cbe018416be895d3a5d5559d833d1fa3ff7b221e22b3b6d992c2"
"1","399","salinidad de pozas sin láminas","CONTENIDO_COPIADO_DE_F","146.3 ± 95.7","celda no vacía copiada literalmente de F sin cotejo semántico ni bibliográfico","ppt","Choanoeca flexa","muestreo de campo","media ± dispersión publicada","observado","S424 resultados","C-1504","expresa","315197d5fbda4b8c21ab8d79991f9dd3a21d52a96dfa0b3f1ae67ce04dbd6ead"
"1","400","significación de diferencia de salinidad","CONTENIDO_COPIADO_DE_F","1.7 × 10−6","celda no vacía copiada literalmente de F sin cotejo semántico ni bibliográfico","P","pozas con y sin Choanoeca flexa","Mann–Whitney U","n/a","inferido","S424 resultados","C-1504","expresa","57769b3086530fd60e067966632c7a8485fa484b29487f785e5c26aa31c0b11b"
"1","401","duración de evaporación","CONTENIDO_COPIADO_DE_F","4","celda no vacía copiada literalmente de F sin cotejo semántico ni bibliográfico","días","Choanoeca flexa","evaporación experimental","n/a","observado","S424 fig. 4","C-1505","expresa","ef6d0a93114c67c708c79c7636b9f9500fcb4e6eeaf815fff5a4ea1b8a4a32cd"
"1","402","duración de ciclo nuclear","CONTENIDO_COPIADO_DE_F","aproximadamente 11–12","celda no vacía copiada literalmente de F sin cotejo semántico ni bibliográfico","h","Sphaeroforma arctica","microscopía temporal","n/a","observado","S207 resultados","C-1508","expresa","d980a8ac4e9d55a2e973ee19b832e42be3b8ccf4498fe30344732979e611687d"
"1","403","máximo de núcleos precelularización","CONTENIDO_COPIADO_DE_F","128","celda no vacía copiada literalmente de F sin cotejo semántico ni bibliográfico","núcleos","Sphaeroforma arctica","recuento","n/a","observado","S208 fig. 1","C-1510","expresa","676693f0165fab0cd2f95703ee7ee3ff87c8012a7645db7d67ad2a8190ee862f"
"1","404","tamaño genómico","CONTENIDO_COPIADO_DE_F","aproximadamente 45","celda no vacía copiada literalmente de F sin cotejo semántico ni bibliográfico","Mb","Creolimax fragrantissima","ensamblaje","n/a","observado","S209 tabla 1","C-1516","expresa","f3be54466f7efa39f7a62474d8d2c38c394b243cef0823c1e95a235c428ea159"
"1","405","número de scaffolds","CONTENIDO_COPIADO_DE_F","82","celda no vacía copiada literalmente de F sin cotejo semántico ni bibliográfico","scaffolds","Creolimax fragrantissima","ensamblaje","n/a","observado","S209 tabla 1","C-1516","expresa","58770158cefe6acb35e1b6da913fdc9481da7acd84a3f36a91daf83de7835c54"
"1","406","genes predichos","CONTENIDO_COPIADO_DE_F","8,695","celda no vacía copiada literalmente de F sin cotejo semántico ni bibliográfico","genes","Creolimax fragrantissima","anotación","n/a","observado","S209 tabla 1","C-1517","expresa","67b38cfd07b5598a739871d823957be9d733f76bec1159f8d34983c57f5db0d9"
"1","407","intrones por gen","CONTENIDO_COPIADO_DE_F","6.5","celda no vacía copiada literalmente de F sin cotejo semántico ni bibliográfico","intrones por gen","Creolimax fragrantissima","anotación","n/a","observado","S209 tabla 1","C-1517","expresa","dfdc5f11c3880a9675501db971568f5ba93b2dae8f49d22f8dec087264e6c2bf"
"1","408","tamaño genómico","CONTENIDO_COPIADO_DE_F","24.1","celda no vacía copiada literalmente de F sin cotejo semántico ni bibliográfico","Mb","Corallochytrium limacisporum","ensamblaje","n/a","observado","S434 tabla de genomas y datos fuente","C-1521","expresa","768517300907c6cde4c746253acba7e3f9132f7d2760ba284cd0bb2fe664b6b4"
"1","409","genes predichos","CONTENIDO_COPIADO_DE_F","7,535","celda no vacía copiada literalmente de F sin cotejo semántico ni bibliográfico","genes","Corallochytrium limacisporum","anotación","n/a","observado","S434 tabla de genomas y datos fuente","C-1521","expresa","600e1486e0ee9cc3799661a0d64a1eb1c00e3ff1de4c7017d4759920105a32f8"
"1","410","densidad de intrones","CONTENIDO_COPIADO_DE_F","0.0","celda no vacía copiada literalmente de F sin cotejo semántico ni bibliográfico","intrones por kbp de CDS","Corallochytrium limacisporum","anotación y reconstrucción","dependiente de la anotación","observado","S434 fig. 5","C-1522","expresa","851952a84af3ef4a97cc5230e2c8df5b08472a87336fd329ad09fefe65b0b243"
"1","411","abundancia de Thalassospira","CONTENIDO_COPIADO_DE_F","63","celda no vacía copiada literalmente de F sin cotejo semántico ni bibliográfico","% de amplicones bacterianos únicos","cultivo xenico de Ministeria vibrans","16S rDNA","n/a","observado","S376 Extended Data fig. 2","C-1531","expresa","977e56f96bedaed5a8f85e6a3650c5d397b60fcd28df16a043a46256b45a3860"
"1","412","tiempo a agregados de decenas de células","CONTENIDO_COPIADO_DE_F","24","celda no vacía copiada literalmente de F sin cotejo semántico ni bibliográfico","h","Ministeria vibrans","microscopía temporal","n/a","observado","S376 fig. 3","C-1532","expresa","d4bdecb9ca794903f4697e3d4d9f05db2b848aa7a98e2a39ff08e0b554c462c3"
"1","413","transferencias hasta fenotipo snowflake","CONTENIDO_COPIADO_DE_F","≤60","celda no vacía copiada literalmente de F sin cotejo semántico ni bibliográfico","transferencias diarias","Saccharomyces cerevisiae","evolución experimental","todas las poblaciones replicadas","observado","S432 resultados","C-1547","expresa","179236a89b07ada1dc79df48f45c0f63a0ceff6a1b5cbc87ac8eed10221787d4"
"1","414","ventaja de aptitud","CONTENIDO_COPIADO_DE_F","34","celda no vacía copiada literalmente de F sin cotejo semántico ni bibliográfico","%","levadura snowflake","competencia bajo sedimentación","condición específica","observado","S432 resultados","C-1549","expresa","635a19b271c610a8d088c0cda2af8560df673aa79dd3af38476934d31bca7daa"
"1","415","rondas de selección","CONTENIDO_COPIADO_DE_F","600","celda no vacía copiada literalmente de F sin cotejo semántico ni bibliográfico","rondas","levadura snowflake anaerobia","evolución experimental","cinco poblaciones","observado","S433 fig. 1","C-1551","expresa","4366a8752e6e65bd7638e2289e5ea327f2ed151bb89623f8dd3c78195590ff19"
"1","416","aumento de tamaño","CONTENIDO_COPIADO_DE_F","aproximadamente 2 × 10^4","celda no vacía copiada literalmente de F sin cotejo semántico ni bibliográfico","veces","levadura snowflake anaerobia","comparación con ancestro","n/a","observado","S433 resumen","C-1552","expresa","318dfdea79b93fcb01015ea1231f6f1ac280282396e016a756a41741f6431be5"
"1","417","aumento de tenacidad","CONTENIDO_COPIADO_DE_F","aproximadamente 10^4","celda no vacía copiada literalmente de F sin cotejo semántico ni bibliográfico","veces","levadura snowflake anaerobia","medición mecánica","n/a","observado","S433 resumen","C-1553","expresa","90bc495a94f065983fb65e91421f50174bfaee0098413088a4853e5c16a723d4"
"1","418","aumento de tamaño bajo competencia por oxígeno","CONTENIDO_COPIADO_DE_F","aproximadamente 6","celda no vacía copiada literalmente de F sin cotejo semántico ni bibliográfico","veces","levadura snowflake","comparación con ancestro","n/a","observado","S433 resumen","C-1555","expresa","aae08f5cd4bfe5e2e860eac941846a0c5e05a3917c367dc582a22e0532ec5158"
"1","419","tamaño genómico","CONTENIDO_COPIADO_DE_F","aproximadamente 41.6","celda no vacía copiada literalmente de F sin cotejo semántico ni bibliográfico","Mb","Monosiga brevicollis","ensamblaje","n/a","observado","S147 §Gene structure","C-1557","expresa","89f8592354abefddddf479bedfda5c4ce687291b86b5216c6f34df61101e090d"
"1","420","genes predichos","CONTENIDO_COPIADO_DE_F","aproximadamente 9,200","celda no vacía copiada literalmente de F sin cotejo semántico ni bibliográfico","genes","Monosiga brevicollis","anotación","n/a","observado","S147 §Gene structure","C-1557","expresa","ab6dc3a4ff183a4acb191f6825feaad90b4a4e28f4445f79488e54a085fbddc0"
"1","421","intrones por gen","CONTENIDO_COPIADO_DE_F","6.6","celda no vacía copiada literalmente de F sin cotejo semántico ni bibliográfico","intrones por gen","Monosiga brevicollis","anotación","n/a","observado","S147 tabla 1","C-1558","expresa","a3fe3fb63d967187db71b2dc46b8e31fb57bf91383be5025a39779fc3db6d976"
"1","422","longitud media de intrón","CONTENIDO_COPIADO_DE_F","174","celda no vacía copiada literalmente de F sin cotejo semántico ni bibliográfico","bp","Monosiga brevicollis","anotación","n/a","observado","S147 tabla 1","C-1558","expresa","2b87ad9c71b48897d419ba8c85b3b8bc9ab0282bb09f1d2cc0f5595c8394f0bb"
"1","423","tamaño genómico","CONTENIDO_COPIADO_DE_F","aproximadamente 55","celda no vacía copiada literalmente de F sin cotejo semántico ni bibliográfico","Mb","Salpingoeca rosetta","ensamblaje","n/a","observado","S205 tabla 1","C-1559","expresa","9fbe5b4668d12aa0ba5eb1ed2cefa5db02ec2e55ab030545525441a82174f4cf"
"1","424","scaffolds","CONTENIDO_COPIADO_DE_F","154","celda no vacía copiada literalmente de F sin cotejo semántico ni bibliográfico","scaffolds","Salpingoeca rosetta","ensamblaje","n/a","observado","S205 tabla 1","C-1559","expresa","c5abf61ef91482cbb863388abf2dcd28d281b084d7e0f55e706032d54f04258d"
"1","425","N50","CONTENIDO_COPIADO_DE_F","1.52","celda no vacía copiada literalmente de F sin cotejo semántico ni bibliográfico","Mb","Salpingoeca rosetta","ensamblaje","n/a","observado","S205 tabla 1","C-1559","expresa","89bcac7319b3f10bff553279da7f291a8bb07d742e95acffaeb8b93b1eed0744"
"1","426","genes predichos","CONTENIDO_COPIADO_DE_F","11,629","celda no vacía copiada literalmente de F sin cotejo semántico ni bibliográfico","genes","Salpingoeca rosetta","anotación","n/a","observado","S205 tabla 1","C-1559","expresa","89686e69b353622df1d6ffb89cb58daf5578100b54251dd95d6e7c800f8310df"
"1","427","modelos con apoyo transcriptómico","CONTENIDO_COPIADO_DE_F","98","celda no vacía copiada literalmente de F sin cotejo semántico ni bibliográfico","%","Salpingoeca rosetta","RNA-seq","n/a","observado","S205 métodos","C-1559","expresa","43e153379c4504f54217d2fd60bcea6e0a1885ed867ef924ee20754109758a63"
"1","428","tamaño genómico","CONTENIDO_COPIADO_DE_F","28","celda no vacía copiada literalmente de F sin cotejo semántico ni bibliográfico","Mb","Capsaspora owczarzaki","ensamblaje","n/a","observado","S352 tabla 1","C-1561","expresa","a7e2ca3fb0f868eca5ece3cc75e2237577315e056c4885623cc2b3aea2ccb05c"
"1","429","scaffolds","CONTENIDO_COPIADO_DE_F","84","celda no vacía copiada literalmente de F sin cotejo semántico ni bibliográfico","scaffolds","Capsaspora owczarzaki","ensamblaje","n/a","observado","S352 tabla 1","C-1561","expresa","483ad1dcd7de6c5e9077438e1e72ce3623f9b7b19bb3bf372b57edd787934a1e"
"1","430","genes codificantes","CONTENIDO_COPIADO_DE_F","8,657","celda no vacía copiada literalmente de F sin cotejo semántico ni bibliográfico","genes","Capsaspora owczarzaki","anotación","n/a","observado","S352 tabla 1","C-1561","expresa","dac182504078220684d0125101da0cd2e6347166d620604365acbc0d4a2f3620"
"1","431","intrones por gen","CONTENIDO_COPIADO_DE_F","3.8","celda no vacía copiada literalmente de F sin cotejo semántico ni bibliográfico","intrones por gen","Capsaspora owczarzaki","anotación","n/a","observado","S352 tabla 1","C-1562","expresa","504ed26cf880cce4761516b25a3f555392bb5c6361f1b7c6277ef3cab92bbbc6"
"1","432","longitud media de intrón","CONTENIDO_COPIADO_DE_F","166","celda no vacía copiada literalmente de F sin cotejo semántico ni bibliográfico","bp","Capsaspora owczarzaki","anotación","n/a","observado","S352 tabla 1","C-1562","expresa","60ef94a58a5e339ab940d1a4f1dfa98d9f17a0f088bfa106c31d48797bba9463"
"1","433","genes anotados antes de filtros","CONTENIDO_COPIADO_DE_F","12,127","celda no vacía copiada literalmente de F sin cotejo semántico ni bibliográfico","genes","Ministeria vibrans","anotación usada por el estudio","dependiente de versión","observado","S376 métodos","C-1563","expresa","f7443457e6c632cdabdd9c4590300d09ef58e5336ea09de356e6e2dd580840c5"
"1","434","promedio de intrones","CONTENIDO_COPIADO_DE_F","7.44","celda no vacía copiada literalmente de F sin cotejo semántico ni bibliográfico","intrones por gen","Salpingoeca rosetta","IntronDB; transcrito codificante más largo por gen; intrones ≥10 bp","dependiente de la anotación de Ensembl utilizada por IntronDB","observado","S484 resultados; S485 métodos","C-1560","expresa","18d810da8cee57841d3dec5f5415511ec919cc5245a074c8b2f1e44785e3ac7e"
"1","435","tamaño genómico","CONTENIDO_COPIADO_DE_F","29.72","celda no vacía copiada literalmente de F sin cotejo semántico ni bibliográfico","Mb","Ministeria vibrans","ensamblaje publicado en 2022","dependiente de versión","observado","S127 Extended Data fig. 2","C-1564","expresa","ed1d5f944d7f33ce647063e29725e7e822b43b83bf04fc62a7cb176315e9753f"
"1","436","genes predichos","CONTENIDO_COPIADO_DE_F","12,151","celda no vacía copiada literalmente de F sin cotejo semántico ni bibliográfico","genes","Ministeria vibrans","anotación publicada en 2022","dependiente de versión; no equivale a los 12,127 antes de filtros de 2026","observado","S127 Extended Data fig. 2","C-1564","expresa","a98ec62468eaa9a442be582b29f0b1ceebe7f3a5c0338a1a9841b6d7c8df950d"
"1","437","promedio de intrones","CONTENIDO_COPIADO_DE_F","3.67","celda no vacía copiada literalmente de F sin cotejo semántico ni bibliográfico","intrones por gen","Ministeria vibrans","anotación publicada en 2022","dependiente de versión","observado","S127 Extended Data fig. 3","C-1564","expresa","f01110a9bf6bf6dc0a1cebe9cc202aebdfc45b1f600fe9536773a6b86b8f1aa5"
"1","438","longitud media de intrón","CONTENIDO_COPIADO_DE_F","133.34","celda no vacía copiada literalmente de F sin cotejo semántico ni bibliográfico","bp","Ministeria vibrans","anotación publicada en 2022","dependiente de versión","observado","S127 Extended Data fig. 3","C-1564","expresa","c5943a7fe03daaa4f6fd0e3c50541c6aaed3184ace7257e695e8eb38031b3db3"
"1","439","tamaño genómico","CONTENIDO_COPIADO_DE_F","26.68","celda no vacía copiada literalmente de F sin cotejo semántico ni bibliográfico","Mb","Thecamonas trahens","tabla comparativa publicada en 2015","dependiente de versión","observado","S483 tabla 3","C-1568","expresa","c09859873e206a6961b7fdadb7f8e1156c8d172432067ee6e44ebbeaa54dfcce"
"1","440","péptidos predichos","CONTENIDO_COPIADO_DE_F","10,544","celda no vacía copiada literalmente de F sin cotejo semántico ni bibliográfico","péptidos","Thecamonas trahens","tabla comparativa publicada en 2015","dependiente de anotación","observado","S483 tabla 3","C-1568","expresa","cf3906e6a1ab94728ff8637961f2980f3c4a7627ff5073b76e14c9e473c3d218"
"1","441","promedio de intrones","CONTENIDO_COPIADO_DE_F","1.04","celda no vacía copiada literalmente de F sin cotejo semántico ni bibliográfico","intrones por gen","Thecamonas trahens","tabla comparativa publicada en 2015","dependiente de anotación","observado","S483 tabla 3","C-1568","expresa","a652a570574a90ac6425f570ae818b02317665c03b1e07414a297c635d2484b9"
"1","442","longitud media de intrón","CONTENIDO_COPIADO_DE_F","442.67","celda no vacía copiada literalmente de F sin cotejo semántico ni bibliográfico","bp","Thecamonas trahens","tabla comparativa publicada en 2015","dependiente de anotación","observado","S483 tabla 3","C-1568","expresa","4bfe7d021988c842e4e138eb1d814a7a4800eb2107e499c7ccd7476b91ca48ab"
"1","443","tamaño genómico de ensamblaje","CONTENIDO_COPIADO_DE_F","121.6","celda no vacía copiada literalmente de F sin cotejo semántico ni bibliográfico","Mb","Sphaeroforma arctica JP610","ensamblaje GCF_001186125.1","n/a","observado","S446 registro NCBI Datasets, Assembly statistics","C-1565","expresa","3dbe1fae5170f32a38da0a69843a17d92eacb012df0e3d1780d6e09acb7edd05"
"1","444","genes con dominios de cadherina","CONTENIDO_COPIADO_DE_F","23","celda no vacía copiada literalmente de F sin cotejo semántico ni bibliográfico","genes","Monosiga brevicollis","anotación de dominios","n/a","observado","S147 §Cadherins","C-1569","expresa","95b8e562f750a3a6c938c8c9f2e3d0774cd2e5fda1a3f283583d04f59cf7275a"
"1","445","genes con dominio de integrina alfa","CONTENIDO_COPIADO_DE_F","17","celda no vacía copiada literalmente de F sin cotejo semántico ni bibliográfico","genes","Monosiga brevicollis","anotación de dominios","n/a","observado","S147 §Integrin-related domains","C-1570","expresa","8abaf18fbfda5ec287dddb9aab8ae33fed2e0c5f1bc8255357a6e96849a01893"
"1","446","genes con dominios de colágeno","CONTENIDO_COPIADO_DE_F","5","celda no vacía copiada literalmente de F sin cotejo semántico ni bibliográfico","genes","Monosiga brevicollis","anotación de dominios","n/a","observado","S147 §ECM","C-1571","expresa","2114ada18b96ea6b1e2afcba3f54d4061e3fda7b2ec0c167668643737e2eeb23"
"1","447","proteínas con repeticiones Gly-X-Y extensas","CONTENIDO_COPIADO_DE_F","2","celda no vacía copiada literalmente de F sin cotejo semántico ni bibliográfico","proteínas","Monosiga brevicollis","anotación de motivos","n/a","observado","S147 §ECM","C-1571","expresa","c1b03e99ac50a6a8d484495e8a96bbb086d92da9d0ac55ea66e2cd57c33decfb"
"1","448","tirosina quinasas","CONTENIDO_COPIADO_DE_F","aproximadamente 120","celda no vacía copiada literalmente de F sin cotejo semántico ni bibliográfico","proteínas","Monosiga brevicollis","anotación de dominios","n/a","observado","S147 §Tyrosine kinase signaling","C-1577","expresa","70ee9f253a78b326dd229ebf51322a00e099ce73a65f8a0a9802041d6dd88e88"
"1","449","tirosina fosfatasas","CONTENIDO_COPIADO_DE_F","aproximadamente 30","celda no vacía copiada literalmente de F sin cotejo semántico ni bibliográfico","proteínas","Monosiga brevicollis","anotación de dominios","n/a","observado","S147 §Tyrosine kinase signaling","C-1577","expresa","9daf03a0cd7af758f489f5cbcfa035f7c25dfc2270f2fdbdb212bbeba583a986"
"1","450","proteínas con SH2","CONTENIDO_COPIADO_DE_F","aproximadamente 80","celda no vacía copiada literalmente de F sin cotejo semántico ni bibliográfico","proteínas","Monosiga brevicollis","anotación de dominios","n/a","observado","S147 §Tyrosine kinase signaling","C-1577","expresa","2446aff4c570dc34f8bec55c91dc6303743d864027aba090ba1e131ecfcc07a0"
"1","451","dominios clasificados como innovaciones del tallo metazoano","CONTENIDO_COPIADO_DE_F","235","celda no vacía copiada literalmente de F sin cotejo semántico ni bibliográfico","dominios","tallo de Metazoa en Suga et al. 2013","Dollo parsimony","dependiente de muestreo","inferido","S352 fig. 2","C-1583","expresa","11cce1e7f4e8fc5a777ef7ee3b3c08b7a782fa81cb4db829046826a6f4b86fce"
"1","452","genes Runx","CONTENIDO_COPIADO_DE_F","2","celda no vacía copiada literalmente de F sin cotejo semántico ni bibliográfico","genes","Capsaspora owczarzaki","anotación y filogenia","n/a","observado","S437 §Runx","C-1584","expresa","ff160396846f40530bd17d42e13acd802747a1c1f40a25b81fb5c5bba85c19db"
"1","453","genes T-box","CONTENIDO_COPIADO_DE_F","3","celda no vacía copiada literalmente de F sin cotejo semántico ni bibliográfico","genes","Capsaspora owczarzaki","anotación y filogenia","n/a","observado","S437 §T-box","C-1585","expresa","9db334d4a2905f043c0291b963a7a8b89b0673afd12eead38eb7c5215208be82"
"1","454","bootstrap de clasificación inicial de Co-Bra","CONTENIDO_COPIADO_DE_F","50","celda no vacía copiada literalmente de F sin cotejo semántico ni bibliográfico","% bootstrap","T-box de Capsaspora","filogenia","soporte bajo","inferido","S437 fig. 2","C-1586","expresa","437c1a9cd60a862642fb7b7a0c47ae37c8fbf73d9d71aa3a5e7c207396274c78"
"1","455","genes diferencialmente expresados","CONTENIDO_COPIADO_DE_F","4,884","celda no vacía copiada literalmente de F sin cotejo semántico ni bibliográfico","genes","Ministeria vibrans durante agregación","RNA-seq","dependiente de umbrales","observado","S376 resultados","C-1598","expresa","61e5690fa48bfd050f09fac2d78855b34e6fe20443b9699cee862052d060be5f"
"1","456","homólogos relacionados con multicelularidad","CONTENIDO_COPIADO_DE_F","521","celda no vacía copiada literalmente de F sin cotejo semántico ni bibliográfico","genes","Ministeria vibrans","clasificación funcional","categorías amplias","observado","S376 fig. 5","C-1599","expresa","ff7de8fa2729f60efe285182d2a9fe96835591d861fcd5d4b108a97fff0f1c83"
"1","457","homólogos de adhesión","CONTENIDO_COPIADO_DE_F","68","celda no vacía copiada literalmente de F sin cotejo semántico ni bibliográfico","genes","Ministeria vibrans","clasificación funcional","n/a","observado","S376 fig. 5","C-1599","expresa","17521c593294b5e8faf0cd1c48c9803769c097fd2addc285d2a4480b62c0a88f"
"1","458","homólogos de señalización","CONTENIDO_COPIADO_DE_F","400","celda no vacía copiada literalmente de F sin cotejo semántico ni bibliográfico","genes","Ministeria vibrans","clasificación funcional","n/a","observado","S376 fig. 5","C-1599","expresa","b301ae0ead82b8fd6367d3b2c79f489fed5ed751e84b95446856cfb43754cced"
"1","459","factores de transcripción","CONTENIDO_COPIADO_DE_F","53","celda no vacía copiada literalmente de F sin cotejo semántico ni bibliográfico","genes","Ministeria vibrans","clasificación funcional","n/a","observado","S376 fig. 5","C-1599","expresa","20dacf7e39dd301949d8800865492362fb2cfb4ab5b73a38fd6a815546c1342a"
"1","460","homólogos con cambio significativo","CONTENIDO_COPIADO_DE_F","332","celda no vacía copiada literalmente de F sin cotejo semántico ni bibliográfico","genes","Ministeria vibrans","RNA-seq","dependiente de umbral","observado","S376 fig. 5","C-1600","expresa","257921f385656ab2a6adae7ba488fc1c49a4a17dd859beaff8c90d81e552f30c"
"1","461","masa mínima de la fracción sérica o lipoproteica inductora","CONTENIDO_COPIADO_DE_F","superior a 30","celda no vacía copiada literalmente de F sin cotejo semántico ni bibliográfico","kDa","fracción inductora de agregación de Capsaspora owczarzaki","fraccionamiento por masa molecular","n/a","observado","S427 resultados","C-1526","expresa","2ced2db18e3055b591070ce2d2487d6c7074d588c688348b5f4d6b9bb5bbdef3"
"1","462","transcriptomas choanoflagelados adicionales muestreados","CONTENIDO_COPIADO_DE_F","19","celda no vacía copiada literalmente de F sin cotejo semántico ni bibliográfico","transcriptomas","análisis comparativo de Richter et al.","secuenciación y anotación transcriptómica","detección dependiente de expresión y completitud","observado","S435 resumen; métodos","C-1580","expresa","9d23705ca08a46abd03d1f0f1175ae09524c19e0e941d8f0f26fa5e7bb77314e"
"1","463","tiempo de duplicación poblacional","CONTENIDO_COPIADO_DE_F","poco menos de 4","celda no vacía copiada literalmente de F sin cotejo semántico ni bibliográfico","h","Dictyostelium discoideum NC4","crecimiento a 22 °C en SorMC con Klebsiella","condición de cepa y cultivo","observado","S447 §Growth of wild type cells; fig. 1B","C-1617","expresa","0ae8cf83522311fa3726d4df19bb5cb73f4696e36f50f105722e1214c500b638"
"1","464","orden relativo de crecimiento NC4 frente a AX2","CONTENIDO_COPIADO_DE_F","aproximadamente dos veces más rápido","celda no vacía copiada literalmente de F sin cotejo semántico ni bibliográfico","razón relativa","Dictyostelium discoideum","NC4 con bacterias frente a AX2 en HL5 axénico","cambian cepa y medio","observado","S447 fig. 1B","C-1618","expresa","ee5640f2e7f4d2a15fcca5dc0f3db56fbce055f1c933bdb29ac17b88496cd4a3"
"1","465","tasa de mutación nuclear","CONTENIDO_COPIADO_DE_F","2.9 × 10^-11","celda no vacía copiada literalmente de F sin cotejo semántico ni bibliográfico","mutaciones por sitio y generación celular","Dictyostelium discoideum","acumulación de mutaciones y secuenciación","Poisson 7.4 × 10^-13–1.6 × 10^-10","inferido","S448 resumen; §Nuclear mutations","C-1621–C-1622","expresa","f2e60affbd637df057702f7168fe0d803b3a5608ce99ca655ae834d8f04e0d16"
"1","466","tasa de mutación mitocondrial","CONTENIDO_COPIADO_DE_F","6.76 × 10^-9","celda no vacía copiada literalmente de F sin cotejo semántico ni bibliográfico","mutaciones por nucleótido y generación","Dictyostelium discoideum","acumulación de mutaciones; 19 eventos","Poisson 4.1 × 10^-9–9.5 × 10^-9","inferido","S448 resumen; §Mitochondrial mutations","C-1623","expresa","f227509a242bcf5aa0e4c0687d07be592c442c6725b02e9c87f2a5b5afcb2077"
"1","467","tasa germinal de sustitución de bases","CONTENIDO_COPIADO_DE_F","1.94 × 10^-11","celda no vacía copiada literalmente de F sin cotejo semántico ni bibliográfico","sustituciones por sitio y división celular","Paramecium tetraurelia","acumulación de mutaciones y secuenciación","SE 0.36 × 10^-11","inferido","S449 Results; tabla 1","C-1624","expresa","fa935ef6394e1397c303f4c18ef5ef010c2b7049bc382a2ade47d07274673aac"
"1","468","tasa germinal de sustitución de bases","CONTENIDO_COPIADO_DE_F","7.61 × 10^-12","celda no vacía copiada literalmente de F sin cotejo semántico ni bibliográfico","sustituciones por sitio y división asexual","Tetrahymena thermophila","acumulación de mutaciones; 5 eventos validados","IC 95% 0.691–14.53 × 10^-12 por método estándar; 4.68–12.38 × 10^-12 con transformación logarítmica","inferido","S450 §Mutation Rate","C-1625; C-1674","expresa","9601b60314a00c090dfb4d7f4b01e985ee2aa562f2c83e7cf403817bdf1dc28f"
"1","469","tasa de sustitución de bases","CONTENIDO_COPIADO_DE_F","aproximadamente 2.2 × 10^-10","celda no vacía copiada literalmente de F sin cotejo semántico ni bibliográfico","sustituciones por nucleótido y generación","Escherichia coli silvestre","acumulación de mutaciones y secuenciación","según tabla del estudio","inferido","S451 Results; tabla 1","C-1626","expresa","60aacc995411ea37fca44144b604e1b107c9e06fa25c96ba01f591dc8be4ce34"
"1","470","tasa de mutación por genoma","CONTENIDO_COPIADO_DE_F","aproximadamente 1 × 10^-3","celda no vacía copiada literalmente de F sin cotejo semántico ni bibliográfico","mutaciones por genoma y generación","Escherichia coli silvestre","acumulación de mutaciones y secuenciación","denominador por genoma","inferido","S451 resumen; Results","C-1627","expresa","369ae343909023758b8b25443c346814d0d208735a9a8c2a0475e6d87bcde322"
"1","471","tasa de sustitución de bases","CONTENIDO_COPIADO_DE_F","1.22 × 10^-10","celda no vacía copiada literalmente de F sin cotejo semántico ni bibliográfico","sustituciones por sitio y generación","Acidobacterium capsulatum","69 líneas; ~2.900 divisiones; 30 °C; aerobio; medio ATCC 1168","IC 95% 0.98–1.51 × 10^-10","inferido","S452 resumen; Results","C-1628; C-1675","expresa","a3592b53afb785766246dffc0bef5b088740b6262ecfd6ce67f1667d8cb643e8"
"1","472","tasa de inserción-deleción","CONTENIDO_COPIADO_DE_F","0.43 × 10^-10","celda no vacía copiada literalmente de F sin cotejo semántico ni bibliográfico","indels por sitio y generación","Acidobacterium capsulatum","69 líneas; ~2.900 divisiones; 30 °C; aerobio; medio ATCC 1168","n/a","inferido","S452 resumen","C-1629; C-1675","expresa","a576f4b672e2e27545da6ebfdea610753b197b5a7579b6a7a6eb38f3ff1825cf"
"1","473","duración del inicio de OAE2","CONTENIDO_COPIADO_DE_F","aproximadamente 70","celda no vacía copiada literalmente de F sin cotejo semántico ni bibliográfico","kyr","núcleo SN°4, cuenca de Tarfaya","cicloestratigrafía de NGR y δ13Corg","puntos de cambio dependientes de definición","inferido","S459 resumen; §3.5","C-1631","expresa","d43371586789bf4bd2efa93dc2a5360e62618f813d3cca4a102cb67ee8dda8ed"
"1","474","duración del pico de OAE2","CONTENIDO_COPIADO_DE_F","aproximadamente 90","celda no vacía copiada literalmente de F sin cotejo semántico ni bibliográfico","kyr","núcleo SN°4, cuenca de Tarfaya","cicloestratigrafía de NGR y δ13Corg","puntos de cambio dependientes de definición","inferido","S459 resumen; §3.5","C-1631","expresa","d2f0a5cc7510f323c64e136181bb5112c0c6e6a152294af94a9bada1dc4ad6ba"
"1","475","duración de la meseta de OAE2","CONTENIDO_COPIADO_DE_F","aproximadamente 200","celda no vacía copiada literalmente de F sin cotejo semántico ni bibliográfico","kyr","núcleo SN°4, cuenca de Tarfaya","cicloestratigrafía de NGR y δ13Corg","otros registros dan límites distintos","inferido","S459 resumen; §3.5","C-1631","expresa","2eb5a9029bcb3452cdfd683341a7c14e35c4836969f5efdc8d86b76700673ecd"
"1","476","duración de la recuperación de OAE2","CONTENIDO_COPIADO_DE_F","aproximadamente 440","celda no vacía copiada literalmente de F sin cotejo semántico ni bibliográfico","kyr","núcleo SN°4, cuenca de Tarfaya","cicloestratigrafía de NGR y δ13Corg","otros registros dan límites distintos","inferido","S459 resumen; §3.5","C-1631","expresa","8e817b342906807f55d467533387adaa6b590e23f152a6272c8e7f865a81994a"
"1","477","duración de excursión positiva δ13C de OAE2","CONTENIDO_COPIADO_DE_F","aproximadamente 790","celda no vacía copiada literalmente de F sin cotejo semántico ni bibliográfico","kyr","núcleo SN°4, cuenca de Tarfaya","cicloestratigrafía; incluida recuperación","aproximadamente 360 kyr sin recuperación","inferido","S459 §3.5","C-1632","expresa","f69ec88d036f87bddf62b0d025b9946d1a44587704a8db49c273e2a44cd0233a"
"1","478","duraciones de inicio, pico, meseta y recuperación de OAE1a","CONTENIDO_COPIADO_DE_F","aproximadamente 390; 600; 1.340; 380","celda no vacía copiada literalmente de F sin cotejo semántico ni bibliográfico","kyr","núcleos LB3–LB1, La Bédoule","cicloestratigrafía de NGR, XRF y δ13C","fases dependen de puntos de cambio","inferido","S459 resumen; §§3.4 y 3.6","C-1633","expresa","29d0be8591443dc57685c2b6488d849cb46603eae8265dd74006377f74210f23"
"1","479","edad de origen de cuerpos esferoidales de Rhopalodiaceae","CONTENIDO_COPIADO_DE_F","aproximadamente 12","celda no vacía copiada literalmente de F sin cotejo semántico ni bibliográfico","Ma","Rhopalodiaceae","filogenias de hospedador y simbionte; información fósil","aproximada","inferido","S454 resumen; fig. 2","C-1637","expresa","9e6bdf00dbfdecd60b5b63dfd2c687db11c709ec431350000f951ad67247d3b4"
"1","480","edad de divergencia UCYN-A1–UCYN-A2","CONTENIDO_COPIADO_DE_F_CON_C_SINTESIS","aproximadamente 91","al menos una C enlazada declara atribución sintesis; el censo no presenta la celda como transcripción primaria","Ma","UCYN-A1 y UCYN-A2","reloj relajado bayesiano","la asociación ancestral hacia ese momento es una inferencia; no equivale a fecha directa de captura","inferido","S455 resultados y discusión; fig. 3","C-1061; C-1638–C-1639","expresa; sintesis","ec4ad2c274cb69e304034f3027326d5bababe81702ced43ef462d512b362bcf1"
"1","481","límite de edad del ancestro común de endosimbiosis muestreadas","CONTENIDO_COPIADO_DE_F","menos de 35","celda no vacía copiada literalmente de F sin cotejo semántico ni bibliográfico","Ma","diazoplastos de Epithemia estudiados","filogenómica comparada","límite aplicado al muestreo de S456","inferido","S456 resumen","C-1640","expresa","3db35e0408ea4010f57f49a7e8756ea2953df30ad03a16173a903ead40574ef7"
"1","482","genes totales del genoma mitocondrial","CONTENIDO_COPIADO_DE_F","100","celda no vacía copiada literalmente de F sin cotejo semántico ni bibliográfico","genes totales","Andalucia godoyi","secuenciación y anotación comparada","incluye genes de RNA","observado","S453 tabla 1","C-1644","expresa","fa3d0f71fc458392038426af9a9b932e0297e8809bc022f9dbe8e8d819000df9"
"1","483","orígenes mitocondriales por árbol","CONTENIDO_COPIADO_DE_F","media 1; mediana 1","celda no vacía copiada literalmente de F sin cotejo semántico ni bibliográfico","orígenes por árbol","eucariotas muestreados por Bremer et al.","PastML F81 sobre árboles de copia única y múltiple","SD 0 y 0.4 según clase","inferido","S79 tabla 2","C-1652","expresa","7217df8a6f797c07cc22fefb1abd442a171be7167303285e323e909e7bb30843"
"1","484","orígenes independientes mínimos de hidrogenosomas y mitosomas","CONTENIDO_COPIADO_DE_F","al menos 3 y 4","celda no vacía copiada literalmente de F sin cotejo semántico ni bibliográfico","orígenes","eucariotas muestreados en 2010","distribución filogenética y homología organelar","mínimo histórico","inferido","S457 fig. 1","C-1654","expresa","de720da118c36a2757186ab73acb7119b52ef852bf653754fbdcf32649738fb0"
"1","485","orígenes de fagocitosis en árboles de copia única","CONTENIDO_COPIADO_DE_F","media 5.1; mediana 5","celda no vacía copiada literalmente de F sin cotejo semántico ni bibliográfico","orígenes por árbol","eucariotas muestreados por Bremer et al.","PastML F81","SD 1.65","inferido","S79 tabla 2","C-1657","expresa","3b3c576a1e89b316cfd66cda610534dd69a5ae2dc5cc4f93295c23cd0bda3ac1"
"1","486","orígenes de fagocitosis en árboles de copias múltiples","CONTENIDO_COPIADO_DE_F","media 7.1; mediana 7","celda no vacía copiada literalmente de F sin cotejo semántico ni bibliográfico","orígenes por árbol","eucariotas muestreados por Bremer et al.","PastML F81","SD 4.3","inferido","S79 tabla 2","C-1657","expresa","04122ed6672e726028e2ee96b6f125da7a0cc5a6b578caec94c099481fdc25fb"
"1","487","linajes multicelulares independientes y tipos","CONTENIDO_COPIADO_DE_F","45; 6","celda no vacía copiada literalmente de F sin cotejo semántico ni bibliográfico","linajes; tipos","eucariotas","revisión crítica con criterios funcionales","mínimo declarado por el autor","inferido","S458 resumen; métodos","C-1660","expresa","523140dd1a6279339af8aaa1ab682c37989e5868a4d163627fd9c2eeadd30d5a"
"1","488","instancias por no separación tras división","CONTENIDO_COPIADO_DE_F","23","celda no vacía copiada literalmente de F sin cotejo semántico ni bibliográfico","instancias independientes","eucariotas incluidos por Lamża","inventario crítico con criterios funcionales y filogenéticos","categoría operacional; no equivale a todos los orígenes clonales bajo cualquier definición","inferido","S458 tabla 1; tabla 2","C-1606","expresa","462ddc5c9746276de31d53ace4fd1bef876d1127a4d164200ae6fb7a487c8d65"
"1","489","instancias por compartimentación de un plasmodio","CONTENIDO_COPIADO_DE_F","9","celda no vacía copiada literalmente de F sin cotejo semántico ni bibliográfico","instancias independientes","eucariotas incluidos por Lamża","inventario crítico: 4 por septación y 5 por plasmotomía","su correspondencia con la ruta cenocítica del corpus es un mapeo editorial","inferido","S458 tabla 1; tabla 2","C-1606","expresa","ac4f1bae636e9bb39b6bd48b5a7d3d318d2f0f06dc6a94e7e07f7477ac444edc"
"1","490","instancias agregativas","CONTENIDO_COPIADO_DE_F","12","celda no vacía copiada literalmente de F sin cotejo semántico ni bibliográfico","instancias independientes","eucariotas incluidos por Lamża","inventario crítico: 7 pseudoplasmodiales y 5 meroplasmodiales","no equivale al mínimo de al menos 7 orígenes de S445 por diferencias de delimitación","inferido","S458 tabla 1; tabla 2","C-1606","expresa","7eb15a5af5ac7e97a667e7b036eaa547da9c706e8d626384afbbef706ea9bbfd"
"1","491","instancias por gemación endógena","CONTENIDO_COPIADO_DE_F","1","celda no vacía copiada literalmente de F sin cotejo semántico ni bibliográfico","instancia independiente","eucariotas incluidos por Lamża","inventario crítico con criterios funcionales y filogenéticos","queda fuera del triplete clonal–cenocítico–agregativo usado como vista principal","inferido","S458 tabla 1; tabla 2","C-1606","expresa","62b49d82b6327f9ca06a0b66350131c862f616003dc85312326ec7a20365f3dc"
"1","492","apariciones eucariotas en revisiones previas de multicelularidad","CONTENIDO_COPIADO_DE_F","al menos 20","celda no vacía copiada literalmente de F sin cotejo semántico ni bibliográfico","apariciones","eucariotas","resumen histórico de la mayoría de revisiones previas en S458","no es el censo independiente de Lamża","inferido","S458 resumen","C-1661","expresa","18d621222fb4cde3642081dc8cd3833ef3301773b42a4f7261b28652eb1f2e73"
"1","493","orígenes independientes de multicelularidad agregativa","CONTENIDO_COPIADO_DE_F","al menos 7","celda no vacía copiada literalmente de F sin cotejo semántico ni bibliográfico","orígenes","eucariotas","revisión de Parfrey y Lahr","dependiente de delimitación","inferido","S445 resumen y discusión","C-1663","expresa","af50672163f628f865f1110728050b573c1bd3b42f2411f821b822d333063290"
"1","494","concentración de O₂ compatible con crecimiento aerobio","CONTENIDO_COPIADO_DE_F","igual o inferior a 3","celda no vacía copiada literalmente de F sin cotejo semántico ni bibliográfico","nM O₂","*Escherichia coli* K-12","cultivo continuo y microsensores","límite superior observado; no umbral universal","observado","S461 resumen; resultados","C-838","expresa","2efedcc81241ac595e125ea0a8ab0c90ac27b80bd071ea90dfc90411b5863362"
"1","495","intervalo experimental de O₂ tolerado","CONTENIDO_COPIADO_DE_F","0,5–4","celda no vacía copiada literalmente de F sin cotejo semántico ni bibliográfico","% PAL O₂","*Halichondria panicea*","cámaras de flujo y seguimiento de crecimiento","intervalo del experimento; no umbral de todos los animales","observado","S199 conclusión; resultados","C-839","expresa","229a969b7197a009a81ad752bfbe81da868caceeb297af1514ede6fb62989385"
"1","496","pO₂ inferida en paleosuelos","CONTENIDO_COPIADO_DE_F","menos de 1","celda no vacía copiada literalmente de F sin cotejo semántico ni bibliográfico","% PAL O₂","mayor parte del registro de paleosuelos compilado","isótopos de Cr y transporte en meteorización","oxidación local anterior posible","inferido","S462 resumen; resultados","C-841","expresa","67a90e92aaa5fedaaead5aaab0bd854cab7286c6f8c6304b3087b487ee5b8672"
"1","497","extensión mínima de anoxia proterozoica","CONTENIDO_COPIADO_DE_F","aprox. 30–40 o más","celda no vacía copiada literalmente de F sin cotejo semántico ni bibliográfico","% del área moderna de fondo marino","océano proterozoico modelado","balance de masa de Mo","normalizado al fondo moderno; no volumen oceánico","inferido","S189 resumen; resultados; fig. 2","C-842","expresa","4686cf20b75e578bd4e42d48dd22cb5dae480f60aac9f6a83aeb576ca60fdc6b"
"1","498","extensión de euxinia proterozoica","CONTENIDO_COPIADO_DE_F","menos de aprox. 1–10","celda no vacía copiada literalmente de F sin cotejo semántico ni bibliográfico","% del área moderna de fondo marino","océano proterozoico modelado","balance de masa de Mo","normalizado al fondo moderno; no volumen oceánico","inferido","S189 resumen; resultados; fig. 2","C-842","expresa","5bf7847a588d037791dc4f5f08cc6e68546f726bd66b80314b503669f122fb48"
"1","499","intervalo de depósitos glaciares paleoproterozoicos correlacionados","CONTENIDO_COPIADO_DE_F","aprox. 2,45–2,22","celda no vacía copiada literalmente de F sin cotejo semántico ni bibliográfico","Ga","glaciaciones huronianas y correlativas","U–Pb de circones en tobas y correlación estratigráfica","episodios discontinuos","inferido","S463 resumen; resultados","C-848","expresa","3bd9752382cf6d2164e18f7b5512175064fa0b5bed4ff0c295a3e8704276fd9f"
"1","500","episodio glacial final sudafricano","CONTENIDO_COPIADO_DE_F","2,26–2,22","celda no vacía copiada literalmente de F sin cotejo semántico ni bibliográfico","Ga","glaciaciones paleoproterozoicas","U–Pb y correlación estratigráfica","intervalo regional","inferido","S463 resumen; resultados","C-848","expresa","b745a397ee7ba085c5a40c6880afd41477df03eef6b120853479b50794444b3b"
"1","501","excursión de carbono Shuram","CONTENIDO_COPIADO_DE_F","aprox. +4 a −12","celda no vacía copiada literalmente de F sin cotejo semántico ni bibliográfico","‰ δ13Ccarb","Formación Shuram, Omán","quimioestratigrafía de carbonatos","mecanismo y equivalencia global discutidos","observado","S467 resumen; resultados","C-849","expresa","43b1e6e167791c99f12e6dc3424c4088ef720c19c0f2f727fd37878ab74c2821"
"1","502","aparición de formas de *Ichthyophonus* tras exposición oral","CONTENIDO_COPIADO_DE_F","24–48","celda no vacía copiada literalmente de F sin cotejo semántico ni bibliográfico","h posexposición","peces expuestos a tejido infectado","histología y observación celular","sistema experimental","observado","S475 resumen","C-937","expresa","01ef96dbb7682fc8d020c43104b4f94647283e0088ee78b182e9bc3378de2dc7"
"1","503","ventana continua de cultivo sanguíneo positivo para *Ichthyophonus*","CONTENIDO_COPIADO_DE_F","6–144","celda no vacía copiada literalmente de F sin cotejo semántico ni bibliográfico","h posexposición","peces expuestos a tejido infectado","cultivo de sangre aórtica","positividad intermitente posterior hasta cuatro semanas","observado","S475 resumen","C-938","expresa","7d637e5c4d1e8b85b2b2f9516a7874318ef766829e110fcb4b46525494ac1ab1"
"1","504","aparición histológica de esquizontes de *Ichthyophonus*","CONTENIDO_COPIADO_DE_F","20–25","celda no vacía copiada literalmente de F sin cotejo semántico ni bibliográfico","días posexposición","peces expuestos a tejido infectado","histología","sistema experimental","observado","S475 resumen","C-939","expresa","028f5f537475650f53408d7c7c8074d5469e3a526eafdf28bb85bf6298f857db"
"1","505","temperatura de cultivo de *Corallochytrium limacisporum*","CONTENIDO_COPIADO_DE_F","23","celda no vacía copiada literalmente de F sin cotejo semántico ni bibliográfico","°C","cepas Hawaii e India","cultivo axénico en caldo marino","condición del estudio","observado","S476 STAR Methods","C-940","expresa","c568a0f31569c744e95a1411a1625c2f3d3be4b94fbc7990645bd8bc80c370a2"
"1","506","frecuencia de fisión binaria de *Corallochytrium*","CONTENIDO_COPIADO_DE_F","99","celda no vacía copiada literalmente de F sin cotejo semántico ni bibliográfico","% de eventos observados","*Corallochytrium limacisporum*","microscopía temporal","condiciones de cultivo del estudio","observado","S476 resultados; fig. 4","C-941","expresa","8501a1fe20f3198825701acfc5aa3de77666b8a99269ea77f53deb7c07c001ad"
"1","507","frecuencia de crecimiento cenocítico de *Corallochytrium*","CONTENIDO_COPIADO_DE_F","1","celda no vacía copiada literalmente de F sin cotejo semántico ni bibliográfico","% de eventos observados","*Corallochytrium limacisporum*","microscopía temporal","condiciones de cultivo del estudio","observado","S476 resultados; fig. 4","C-942","expresa","7f34ea10d55bdebf1ff25df5ca8d166dfff0e577a34c31e28fb1b10325a4fda3"
"1","508","duración del ciclo de citocinesis binaria de *Corallochytrium*","CONTENIDO_COPIADO_DE_F","6","celda no vacía copiada literalmente de F sin cotejo semántico ni bibliográfico","h","*Corallochytrium limacisporum*","microscopía temporal","2 h hasta cariocinesis y 4 h binucleado en el esquema publicado","observado","S476 resultados; fig. 4","C-943","expresa","e3dba115ac84c0343d3d3fa28ce115575ae96f7175155e9945d1fba211d42a7f"
"1","509","núcleos máximos observados en cenocito de *Corallochytrium*","CONTENIDO_COPIADO_DE_F","hasta 32","celda no vacía copiada literalmente de F sin cotejo semántico ni bibliográfico","núcleos","*Corallochytrium limacisporum*","microscopía","máximo observado","observado","S476 resultados; fig. 4","C-944","expresa","0a2b7ab0eb98776c922f8f9de0474ca53be180251dca5f71ef520eaad465c962"
"1","510","tamaño de zoosporas de quítrido","CONTENIDO_COPIADO_DE_F","2–5","celda no vacía copiada literalmente de F sin cotejo semántico ni bibliográfico","µm","*Rhizophydium planktonicum*","microscopía y filtración","rango del aislamiento estudiado","observado","S479 métodos","C-950","expresa","c25ad4126762911838ecda6a1930646723b8e60f49e93454dac3fbd4b9bf514c"
"1","511","carbono de diatomea transformado en zoosporas","CONTENIDO_COPIADO_DE_F","aproximadamente 15","celda no vacía copiada literalmente de F sin cotejo semántico ni bibliográfico","% del carbono de *Asterionella formosa*","floraciones primaverales de 2011 y 2012","qPCR, biovolumen y conversión a carbono","supone que todo el carbono de zoosporas deriva del hospedador","inferido","S479 resumen; discusión","C-951","expresa","41609a9a6711dcc6bbc6d2e15d1020d299b2f24689e38dbaf52ba1685b4b10cf"
"1","512","células engullidas con caspasa-3 activa","CONTENIDO_COPIADO_DE_F","88 ± 3","celda no vacía copiada literalmente de F sin cotejo semántico ni bibliográfico","%","células Jurkat engullidas por *Entamoeba histolytica*","inmunodetección y recuento celular","media ± dispersión publicada","observado","S471 resultados; figs. 1–3","C-952","expresa","456696c146ab3b9e0bbd56b9acc38a82f4b5e51707e222a2013fe32afe6bdfd8"
"1","513","amebas que ingirieron células apoptóticas","CONTENIDO_COPIADO_DE_F","62 ± 7","celda no vacía copiada literalmente de F sin cotejo semántico ni bibliográfico","% de amebas","*Entamoeba histolytica* con Jurkat apoptóticas","ensayo celular","media ± dispersión publicada","observado","S471 resultados; figs. 1–3","C-953","expresa","8ad57667bd02ff4b402f56718ba62c185ffe07de016df370d646ea4922eec5f6"
"1","514","amebas que ingirieron células sanas","CONTENIDO_COPIADO_DE_F","30 ± 9","celda no vacía copiada literalmente de F sin cotejo semántico ni bibliográfico","% de amebas","*Entamoeba histolytica* con Jurkat sanas","ensayo celular","media ± dispersión publicada","observado","S471 resultados; figs. 1–3","C-953","expresa","fc2f9c90b0cefe5f4346a13431a79612b75877c3575b57c76d6e9ffb8d5740a4"
"1","515","diámetro de células flageladas","CONTENIDO_COPIADO_DE_F","7–14","celda no vacía copiada literalmente de F sin cotejo semántico ni bibliográfico","µm","*Syssomonas multiformis*","microscopía","rango observado","observado","S132 resultados; fig. 2","C-956","expresa","d2fd0add711439a9646842f69d5cf644646df2104423189519d4f0c89f4e7a54"
"1","516","ingestión de Choanoflagellida ambiental","CONTENIDO_COPIADO_DE_F","0–3,1","celda no vacía copiada literalmente de F sin cotejo semántico ni bibliográfico","bacterias individuo⁻¹ h⁻¹","epilimnion del lago Annecy","microesferas fluorescentes","variación estacional y taxonómica","observado","S477 tabla 1","C-957","expresa","93c450c659a1bca8666141f8d648bbb69ff95935948dae5c12579b5c82f87c3f"
"1","517","diámetro de microesferas trazadoras","CONTENIDO_COPIADO_DE_F","0,5","celda no vacía copiada literalmente de F sin cotejo semántico ni bibliográfico","µm","ensayo de ingestión del lago Annecy","microesferas fluorescentes","media bacteriana 0,7 ± 0,28 µm","observado","S477 métodos","C-957","expresa","edb268f9f0ae1f8caf4867364f9a12d0f10b2b3326f4aad8f18aa26ae72d25ae"
"1","518","incubación del ensayo de ingestión","CONTENIDO_COPIADO_DE_F","15","celda no vacía copiada literalmente de F sin cotejo semántico ni bibliográfico","min","ensayo de ingestión del lago Annecy","incubación duplicada","seleccionada tras cinética preliminar","observado","S477 métodos","C-957","expresa","b89d125ab19908005c4ad2de93a18b355250a3c0c5adaf51fbbdf2bf4ee12162"
"1","519","genoma de Mimivirus","CONTENIDO_COPIADO_DE_F","1.181.404","celda no vacía copiada literalmente de F sin cotejo semántico ni bibliográfico","bp","*Acanthamoeba polyphaga mimivirus*","secuenciación","aislamiento publicado","observado","S472 resumen; resultados","C-959","expresa","7c23d3e13afc421428065ffdc63ae4203d6983c9c8e33fc4cc1ed42775952838"
"1","520","ORF putativos de Mimivirus","CONTENIDO_COPIADO_DE_F","1.262","celda no vacía copiada literalmente de F sin cotejo semántico ni bibliográfico","ORF putativos","*Acanthamoeba polyphaga mimivirus*","anotación genómica","dependiente de anotación","observado","S472 resumen; resultados","C-960","expresa","60844a3f4e0720c456c3868f1290e478818077e3cb9a644fc7937162cc45d24b"
"1","521","tamaño de partícula de Mimivirus","CONTENIDO_COPIADO_DE_F","aproximadamente 400","celda no vacía copiada literalmente de F sin cotejo semántico ni bibliográfico","nm","*Acanthamoeba polyphaga mimivirus*","microscopía","aproximado","observado","S472 resumen; resultados","C-961","expresa","e8ff6276f15e4c4ada62117a8965645421135836e559e6b311af1c46eb73cd3b"
"1","522","tamaño máximo de genoma de pandoravirus","CONTENIDO_COPIADO_DE_F","hasta 2,5","celda no vacía copiada literalmente de F sin cotejo semántico ni bibliográfico","Mb","dos pandoravirus secuenciados","secuenciación","máximo del muestreo, no del clado","observado","S473 resumen; resultados","C-962","expresa","2dff8dd38af98d57fa159f6ecf0753c4d3e678bb12417d631f60f0e0e70393f1"
"1","523","genoma de Medusavirus","CONTENIDO_COPIADO_DE_F","381","celda no vacía copiada literalmente de F sin cotejo semántico ni bibliográfico","kb","Medusavirus","secuenciación","aislamiento publicado","observado","S222 resumen; resultados","C-963","expresa","40c1977e2f41e5b19f16d53fd962b799d6c7b94261072ad2896b94d8402a2fae"
"1","524","proteínas putativas de Medusavirus","CONTENIDO_COPIADO_DE_F","461","celda no vacía copiada literalmente de F sin cotejo semántico ni bibliográfico","proteínas","Medusavirus","anotación genómica","dependiente de anotación","observado","S222 resumen; resultados","C-964","expresa","8d010f1f1cbf2518f2dcff266a39d139853819ddd73ab907c61fd37ae07fab33"
"1","525","tamaño de cápside de Medusavirus","CONTENIDO_COPIADO_DE_F","aproximadamente 260","celda no vacía copiada literalmente de F sin cotejo semántico ni bibliográfico","nm","Medusavirus","microscopía","aproximado","observado","S222 resumen; resultados","C-965","expresa","cd40c3329e5737d431a180b9d2f336745c1211318458ce4f63dfaf78d4874e9c"
"1","526","tamaño de partícula de *Pithovirus sibericum*","CONTENIDO_COPIADO_DE_F","aproximadamente 1,5","celda no vacía copiada literalmente de F sin cotejo semántico ni bibliográfico","µm","*Pithovirus sibericum*","microscopía","aproximado","observado","S474 resumen; resultados","C-966","expresa","2ba89719aa0ed8d5047932505fba46212c7b2ad0f2c76a3749fd1743ed99e7c5"
"1","527","genoma de *Pithovirus sibericum*","CONTENIDO_COPIADO_DE_F","aproximadamente 610","celda no vacía copiada literalmente de F sin cotejo semántico ni bibliográfico","kbp","*Pithovirus sibericum*","secuenciación","aproximado","observado","S474 resumen; resultados","C-967","expresa","1a823061afbda0263888bdbb8da0b384409d243ebb16d737cede5ed0556d8d1e"
"1","528","latencia hasta el inicio de agregación","ESCALA_CUALITATIVA_SIN_CIFRA_COPIADA_DE_F","en minutos","F declara una escala cualitativa y que no localiza una cifra numérica más precisa","escala temporal publicada sin cifra más precisa","*Choanoeca flexa* disociada","videomicroscopía","sin cifra numérica más precisa en el pasaje localizado","observado","S424 fig. 2c–d; §C. flexa sheets can form by aggregation","C-1499","expresa","5519c7ebdaee421e644dec645dec257392fc11b9842c2c67a152daebdd0f591a"
"1","529","latencia de retracción de filopodios","ESCALA_CUALITATIVA_SIN_CIFRA_COPIADA_DE_F","en segundos","F declara una escala cualitativa y que no localiza una cifra numérica más precisa","escala temporal publicada sin cifra más precisa","*Capsaspora owczarzaki* expuesta a lípidos activos","imagen temporal","sin cifra numérica más precisa en el pasaje localizado","observado","S428 resultados de imagen temporal","C-1529","expresa","ebdab54dea1be9e07488302fc4120e934a14a6bb9fed2d53f5d28051f8bd128e"
"1","530","búsquedas negativas activas","CONTENIDO_COPIADO_DE_F_CON_C_GLOSA","494","al menos una C enlazada es glosa; el censo trata la celda como recuento o contenido editorial","filas","registro canónico de búsquedas negativas","recuento de CSV","sin incertidumbre","observado","registro canónico","C-1931","glosa","4568c33eecaa2ce2c4d555b61bdc40b2000d32d1133ebd605ac7beddb601b38f"
"1","531","búsquedas con ausencia declarada","CONTENIDO_COPIADO_DE_F_CON_C_GLOSA","12","al menos una C enlazada es glosa; el censo trata la celda como recuento o contenido editorial","filas","registro canónico de búsquedas negativas","recuento de CSV","sin incertidumbre","observado","registro canónico","C-1932","glosa","069ef1e944a42f15da9b44d76c38737809a9ace35f9cd79ab10701f7a000ad45"
"1","532","búsquedas sin resultado localizado","CONTENIDO_COPIADO_DE_F_CON_C_GLOSA","482","al menos una C enlazada es glosa; el censo trata la celda como recuento o contenido editorial","filas","registro canónico de búsquedas negativas","recuento de CSV","sin incertidumbre","observado","registro canónico","C-1933","glosa","bcffda13b64537d483e9b3e1849f86663d065b98bb456a9ac5b849536bc0f492"
"1","533","búsquedas activas no buscadas","CONTENIDO_COPIADO_DE_F_CON_C_GLOSA","0","al menos una C enlazada es glosa; el censo trata la celda como recuento o contenido editorial","filas","registro canónico de búsquedas negativas","recuento de CSV","sin incertidumbre","observado","registro canónico","C-1934","glosa","9b0806c00a2ac82125021d3d1603dc7c7cfcfe370afce048128a001b25715130"
"1","534","temperatura reconstruida del agua marina local","CONTENIDO_COPIADO_DE_F","26,9 ± 0,4","celda no vacía copiada literalmente de F sin cotejo semántico ni bibliográfico","°C","calizas de la Formación Xiamaling, ~1,36 Ga","termometría de isótopos agrupados","incertidumbre publicada; reconstrucción local, no media global","inferido","S501 resumen; resultados","C-827","expresa","4c469484db3498e866b7c7e9102c87f97573fe0f02cffe6aa36e7e0935079f61"
"1","535","extensión de fondo marino bajo agua oxigenada","CONTENIDO_COPIADO_DE_F","más de 54","celda no vacía copiada literalmente de F sin cotejo semántico ni bibliográfico","% del área del fondo marino","Miembro III de Gaoyuzhuang, ~1,57 Ga","balance de masas revisado con isótopos de Mo","área modelada; no volumen, profundidad ni partición cerrada","inferido","S503 resumen; modelo","C-813","expresa","029e494356719e3777d6bd6308a0aa00dd74ab3efbe60236ec41b1211c13f81e"
"1","536","menor concentración activa de EroS ensayada","CONTENIDO_COPIADO_DE_F","5","celda no vacía copiada literalmente de F sin cotejo semántico ni bibliográfico","pM","inducción de apareamiento de *Salpingoeca rosetta*","ensayo dosis–respuesta","menor dosis activa probada; no EC50 ni umbral universal","observado","S203 resultados; fig. 2","C-865; C-1416","expresa","a604c6ad34e5db27eff01e7e654214f8bc5e543dc3d07ed32f146c5f80e0a78f"
"1","537","ingestión de bacterias por *Salpingoeca* asociada a diatomeas","CONTENIDO_COPIADO_DE_F","35–65","celda no vacía copiada literalmente de F sin cotejo semántico ni bibliográfico","bacterias célula⁻¹ h⁻¹","*Salpingoeca* en el sistema diatomea–bacterias del estudio","ensayo de ingestión durante los primeros 30 min","rango específico del protocolo y las presas","observado","S506 resumen; resultados","C-912","expresa","1ac4add5d3e7e4ca95ca6fd9dad29fa94b4a658c3f18c611934612f16c6e63ba"
"1","538","inicio de agregación de *Capsaspora*","CONTENIDO_COPIADO_DE_F","~20","celda no vacía copiada literalmente de F sin cotejo semántico ni bibliográfico","min","*Capsaspora owczarzaki* bajo inanición","microscopía temporal","fase y protocolo específicos","observado","S427 resultados; figs. 1–2","C-930","expresa","922ea39e4d21dc615d9ebb4ef8452e666a6a4fd65f4c0939d3dd43ea20602bcc"
"1","539","desagregación completa de *Capsaspora*","CONTENIDO_COPIADO_DE_F","~26","celda no vacía copiada literalmente de F sin cotejo semántico ni bibliográfico","h","*Capsaspora owczarzaki* bajo inanición","microscopía temporal","fase y protocolo específicos","observado","S427 resultados; figs. 1–2","C-931","expresa","96125e2d2e9056b83cf419a0f4521c210ca4419d0935eb1b5c61fa63e5947efd"
"1","540","reagregación de *Capsaspora* tras reañadir suero","CONTENIDO_COPIADO_DE_F","~10","celda no vacía copiada literalmente de F sin cotejo semántico ni bibliográfico","min","*Capsaspora owczarzaki*","microscopía temporal","fase y protocolo específicos","observado","S427 resultados; figs. 1–2","C-932","expresa","ee1326080ace33da43c157dc6b34efc1e81bda8ffc120dabcc61f8d126077e73"
"1","541","cepas bacterianas con inducción positiva frente a panel nulo","CONTENIDO_COPIADO_DE_F","15 *Algoriphagus* + 6 Bacteroidetes adicionales; cepas no-Bacteroidetes ensayadas sin inducción","celda no vacía copiada literalmente de F sin cotejo semántico ni bibliográfico","cepas","panel de inducción de rosetas de *Salpingoeca rosetta*","ensayo de formación de rosetas","el nulo solo corresponde al extremo de inducción de rosetas","observado","S201 resultados; fig. 1 y suplemento","C-982","expresa","7e17a4f2ad5d6bd2435ff9d97baaa4d9fbf616bec6f57591ed22e8e5789b151f"
"1","542","genes posibles de transferencia endosimbiótica","CONTENIDO_COPIADO_DE_F","30","celda no vacía copiada literalmente de F sin cotejo semántico ni bibliográfico","candidatos","*Hatena arenicola*","análisis genómico y transcriptómico resumido en informe final de proyecto","candidatos posibles sin validación funcional publicada en el informe","inferido","S511 resumen final del proyecto","C-1071","expresa","c199fbaf20af64a38a7cbcdf49013d129f9045870a6eb130e41c318a863deda4"
"1","543","genomas incluidos en filogenómica de reducción endosimbionte","CONTENIDO_COPIADO_DE_F","más de 200","celda no vacía copiada literalmente de F sin cotejo semántico ni bibliográfico","genomas","Enterobacterales libres y endosimbiontes","filogenómica y reconstrucción de familias génicas","muestreo del orden; no tasa universal","observado","S512 resumen; métodos","C-1088","expresa","c11b01ca0047332a1672fe429c84e8e9cf50457f33443500f8e949c903ddc096"
"1","544","simbiosis y familias de insectos del análisis de correlatos","CONTENIDO_COPIADO_DE_F","1.850; 402","celda no vacía copiada literalmente de F sin cotejo semántico ni bibliográfico","simbiosis; familias","insectos","base comparativa y modelos filogenéticos","muestreo restringido a insectos","observado","S513 resumen; métodos","C-1121","expresa","290269066010748782f80db01f9c8cf23418e4850e98690b9d9eadb6fa79abf0"
"1","545","reciclaje modelado de N derivado del hospedador","CONTENIDO_COPIADO_DE_F","aprox. 30–80 frente a 10–15","celda no vacía copiada literalmente de F sin cotejo semántico ni bibliográfico","% del N derivado del hospedador","simbiontes de ≤0,3 Mb frente a ≥0,6 Mb en tres insectos xilófagos","modelos metabólicos multicompartimentales","sistemas y modelos específicos","inferido","S515 resumen; resultados; figs. 6–7","C-1205","expresa","3fde462ac7b8e21a1099daf54505597014ba8f99927ccefd5a7b99f6fb02dae6"
"1","546","fracción genómica de elementos transponibles","CONTENIDO_COPIADO_DE_F","aprox. 5–9; menos de 2,5","celda no vacía copiada literalmente de F sin cotejo semántico ni bibliográfico","% del genoma","*Salpingoeca*, *Sphaeroforma*, *Abeoforma* y *Pirum* frente a otros holozoos seleccionados","anotación comparativa de elementos repetitivos","dependiente de especie, anotación y continuidad del ensamblaje","inferido","S434 resultados; suplemento","C-1222","expresa","9f0fc7c9cb447a1916423dcb07f240b835aa7b890315453d834145ddda77f7d2"
"1","547","temperatura y mantenimiento de cultivo sin tasa de división","CONTENIDO_COPIADO_DE_F_CON_C_GLOSA","18–25; 2","al menos una C enlazada es glosa; el censo trata la celda como recuento o contenido editorial","°C; semanas entre repiques","*Thecamonas trahens* ATCC 50062","ficha de mantenimiento de cepa","condiciones de cultivo, no tiempo de generación","observado","S519 métodos de cultivo, ficha de producto, Handling information","C-1619; C-1669","expresa; glosa","9e905121789751849d40b4684331379dd1ebfb3110363206983012de42ada5ee"
"1","548","transiciones independientes hacia especialización osmotrófica","CONTENIDO_COPIADO_DE_F","4","celda no vacía copiada literalmente de F sin cotejo semántico ni bibliográfico","transiciones","Fungi, Teretosporea, Pseudofungi y Labyrinthulea","filogenómica y reconstrucción evolutiva","muestreo de cuatro grupos; no censo pan-eucariota de pérdidas","inferido","S509 resumen; resultados","C-1659","expresa","4d7680f51e673dbe3c808c0ba9697bc87781fc4beac2b95ca585f7598bea74ff"
"1","549","orígenes restringidos de parasitismo y simbiosis obligada","CONTENIDO_COPIADO_DE_F_CON_C_SINTESIS","≥223 en 15 filos; ≥16 en 89 familias","al menos una C enlazada declara atribución sintesis; el censo no presenta la celda como transcripción primaria","orígenes y unidades taxonómicas","Animalia; familias de insectos","revisión filogenética y modelos a escala familiar","definiciones y denominadores distintos; no frecuencia pan-eucariota","inferido","S517 resumen; S513 resultados","C-1664","sintesis","9b0a1667ae50ab1631491875e0ce985b202ddee5acb25c46fa747e8a53932226"
"1","550","unidades taxonómicas operativas analizadas","CONTENIDO_COPIADO_DE_F","75,975","celda no vacía copiada literalmente de F sin cotejo semántico ni bibliográfico","OTU","muestreo de Sandin et al. 2026","recuento del conjunto de datos","n/a","observado","S548 métodos; conjunto de datos","C-786","expresa","09c5a651c22041c0a673e37c9f99f9bc8439e94a07202c0011b55364706035b2"
"1","551","calibraciones temporales de MC01","CONTENIDO_COPIADO_DE_F","77","celda no vacía copiada literalmente de F sin cotejo semántico ni bibliográfico","calibraciones","conjunto principal MC01 de Sandin et al. 2026","recuento declarado por el estudio para MC01, no trasladado a MC02–MC04","n/a","observado","S548 Results, Timetree of Eukaryotes; Material and Methods, Phylogenetic Dating; Dataset S1","C-787","expresa","538265d81fc70503f9b358ca8d5c233b9ca3321d49e186810b8260b69d4b9040"
"1","552","árboles filogenéticos evaluados","CONTENIDO_COPIADO_DE_F","32","celda no vacía copiada literalmente de F sin cotejo semántico ni bibliográfico","árboles","análisis filogenético de Sandin et al. 2026","recuento declarado por el estudio","n/a","observado","S548 métodos; conjunto de árboles","C-788","expresa","7fb0ce0be9ba288788e66a19e4cb911acb56f11c78cd3047cae8594d99ab502f"
"1","553","réplicas de TreePL por cada árbol","CONTENIDO_COPIADO_DE_F","100","celda no vacía copiada literalmente de F sin cotejo semántico ni bibliográfico","réplicas por árbol","análisis temporal de Sandin et al. 2026","TreePL; denominador por árbol, no total del análisis","n/a","observado","S548 Material and Methods, Phylogenetic Dating, párrafo de TreePL y treeAnnotator","C-789","expresa","d06924e3c77bca5c177125dd18e2d7ccf0ac726ee5463c279bd058b4e1d00692"
"1","554","mediana publicada para la raíz eucariota bajo enraizamiento en Discoba","CONTENIDO_COPIADO_DE_F","1776","celda no vacía copiada literalmente de F sin cotejo semántico ni bibliográfico","Ma","raíz eucariota en S548, MC01, no corona de Discoba","TreePL; MC01; 77 calibraciones; 32 árboles; 100 réplicas por árbol","estadístico publicado; no promedio propio","inferido","S548 Results, Timetree of Eukaryotes; Fig. 1B","C-790","expresa","3bc85aaf80a3815d84612a8f34bcec429e18c3e1351cac1e75f09cc844825476"
"1","555","máximo publicado entre medianas para la raíz eucariota bajo enraizamiento en Discoba","CONTENIDO_COPIADO_DE_F","1897","celda no vacía copiada literalmente de F sin cotejo semántico ni bibliográfico","Ma","raíz eucariota en S548, MC01, no corona de Discoba","TreePL; MC01; 77 calibraciones; 32 árboles; 100 réplicas por árbol","extremo entre medianas publicadas; no límite de confianza","inferido","S548 Results, Timetree of Eukaryotes; Fig. 1B","C-790","expresa","ad5a69b456f16d6722a1efb6946ae223352de41b5c4afe4b1643ebc57958fc35"
"1","556","mínimo publicado entre medianas para la raíz eucariota bajo enraizamiento en Discoba","CONTENIDO_COPIADO_DE_F","1670","celda no vacía copiada literalmente de F sin cotejo semántico ni bibliográfico","Ma","raíz eucariota en S548, MC01, no corona de Discoba","TreePL; MC01; 77 calibraciones; 32 árboles; 100 réplicas por árbol","extremo entre medianas publicadas; no límite de confianza","inferido","S548 Results, Timetree of Eukaryotes; Fig. 1B","C-790","expresa","ba280111d962d0788d609937b5ff67cda85e24a234b3b0364ee871a19365c6aa"
"1","557","mediana publicada para la raíz eucariota bajo enraizamiento en Amorphea","CONTENIDO_COPIADO_DE_F","1773","celda no vacía copiada literalmente de F sin cotejo semántico ni bibliográfico","Ma","raíz eucariota en S548, MC01, no corona de Amorphea","TreePL; MC01; 77 calibraciones; 32 árboles; 100 réplicas por árbol","estadístico publicado; no promedio propio","inferido","S548 Results, Timetree of Eukaryotes; Fig. 1C","C-791","expresa","b3ff3a77b4164cb750480f0ec7d8f61b509024f1b0fff7a0f04caec39d631ea5"
"1","558","máximo publicado entre medianas para la raíz eucariota bajo enraizamiento en Amorphea","CONTENIDO_COPIADO_DE_F","1934","celda no vacía copiada literalmente de F sin cotejo semántico ni bibliográfico","Ma","raíz eucariota en S548, MC01, no corona de Amorphea","TreePL; MC01; 77 calibraciones; 32 árboles; 100 réplicas por árbol","extremo entre medianas publicadas; no límite de confianza","inferido","S548 Results, Timetree of Eukaryotes; Fig. 1C","C-791","expresa","a785fe0187f6288702ca9611d62d0697c81ff02be36c997d9ff8434e90f5182c"
"1","559","mínimo publicado entre medianas para la raíz eucariota bajo enraizamiento en Amorphea","CONTENIDO_COPIADO_DE_F","1703","celda no vacía copiada literalmente de F sin cotejo semántico ni bibliográfico","Ma","raíz eucariota en S548, MC01, no corona de Amorphea","TreePL; MC01; 77 calibraciones; 32 árboles; 100 réplicas por árbol","extremo entre medianas publicadas; no límite de confianza","inferido","S548 Results, Timetree of Eukaryotes; Fig. 1C","C-791","expresa","a66fa3baf517aea8a524019c31036ce088f219d32e01bf94ec1d7efeba6cb98c"
"1","560","edad de LECA en el escenario MC02 con inclusión de Rafatazmia","CONTENIDO_COPIADO_DE_F","2054","celda no vacía copiada literalmente de F sin cotejo semántico ni bibliográfico","Ma","LECA en el escenario MC02 de S548","TreePL; MC02; Rafatazmia como mínimo de 1600 Ma; 10 árboles elegidos al azar; 100 réplicas por árbol","límites publicados 2104–1967 Ma; no intervalo calculado por el corpus","inferido","S548 Results, Timetree of Eukaryotes; Fig. 1D–E y leyenda; Material and Methods, Phylogenetic Dating","C-792","expresa","5166f58f95752cd65dff953f8e8837afaef364cfd23ff2219a252fe58ec61542"
"1","561","restricción mínima de Rafatazmia en MC02","CONTENIDO_COPIADO_DE_F","1600","celda no vacía copiada literalmente de F sin cotejo semántico ni bibliográfico","Ma","calibración adicional de S548 en MC02, no en MC01","restricción mínima publicada; edad y asignación taxonómica discutidas","no se interpreta como edad observada indiscutida","inferido","S548 Material and Methods, Phylogenetic Dating, párrafo We additionally calibrated","C-792","expresa","a679e344fbc3293c0181d1064dd467c9d4b80f951382a4e113677f793cabb29c"
"1","562","árboles elegidos al azar para MC02","CONTENIDO_COPIADO_DE_F","10","celda no vacía copiada literalmente de F sin cotejo semántico ni bibliográfico","árboles","sensibilidad con inclusión de Rafatazmia en S548","recuento declarado para los conjuntos adicionales de calibración","n/a","observado","S548 Material and Methods, Phylogenetic Dating; Fig. 1D–E, leyenda","C-792","expresa","0a0573d2bd7f9b285bd491cc163486473fd4f8048933de7e70d4ed558a4ac7c8"
"1","563","condiciones del cultivo para ciclos nucleares","CONTENIDO_COPIADO_DE_F","12; 37.4","celda no vacía copiada literalmente de F sin cotejo semántico ni bibliográfico","°C; g L^-1 de marine broth Difco","Sphaeroforma arctica","cultivo y microscopía temporal","condiciones del experimento, no constantes de especie","observado","S207 métodos, Experimental Model; fig. 1","C-1668","expresa","560fc69b1c9f72fad51cec8b00b5e2016ad7c2d3a417c580d4bf354dbdb470df"
"1","564","diseño de acumulación de mutaciones nuclear","CONTENIDO_COPIADO_DE_F","3; aproximadamente 1.000; 1","celda no vacía copiada literalmente de F sin cotejo semántico ni bibliográfico","líneas; generaciones; mutación nuclear","Dictyostelium discoideum","acumulación de mutaciones y secuenciación","estimador dominado por un evento","observado","S448 §Nuclear mutations","C-1671","expresa","d92a9c2093548c90fe33151d5767a515b2985acd9057949c0affe7fae34faad9"
"1","565","diseño de acumulación de mutaciones germinal","CONTENIDO_COPIADO_DE_F","7; aproximadamente 3.300; 29; 63.2","celda no vacía copiada literalmente de F sin cotejo semántico ni bibliográfico","líneas; divisiones; sustituciones; Mb analizables por línea","Paramecium tetraurelia","acumulación de mutaciones y secuenciación","promedio de bases analizables por línea","observado","S449 Results; tabla 1","C-1672","expresa","75115b721200c16117d5be005ff686f646b90174f0b005f05029cfa5bacf4d30"
"1","566","diseño de acumulación de mutaciones germinal","CONTENIDO_COPIADO_DE_F","8; aproximadamente 1.000; 5","celda no vacía copiada literalmente de F sin cotejo semántico ni bibliográfico","líneas analizables; divisiones; sustituciones validadas","Tetrahymena thermophila","acumulación de mutaciones y secuenciación","recuento pequeño de eventos; intervalos amplios","observado","S450 §Mutation Rate","C-1673","expresa","1cab14f5a28a7a81554ecb4f7653ce658e5cc2cce20e0c759a8c7e9b98d91f95"
"1","567","inventario de superóxido dismutasas en MAG asgard","CONTENIDO_COPIADO_DE_F","58; 8; 3","celda no vacía copiada literalmente de F sin cotejo semántico ni bibliográfico","MAG; grupos taxonómicos; familias enzimáticas","Asgardarchaeota","anotación genómica y clasificación filogenética","distribución dependiente del conjunto de 404 MAG analizado","inferido","S27 Supplementary Discussion §Oxygen metabolism and ROS tolerance, p. 24; fig. S62; tabla S8","C-840","expresa","7f53904dee2da76fe4a3d3ded93f71231816ac541e6dbf4e5d53f0cf6c25446e"
"1","568","inventario de catalasas en MAG asgard","CONTENIDO_COPIADO_DE_F","116","celda no vacía copiada literalmente de F sin cotejo semántico ni bibliográfico","MAG","Asgardarchaeota","anotación genómica","distribución dependiente del conjunto de 404 MAG analizado","inferido","S27 Supplementary Discussion §Oxygen metabolism and ROS tolerance, p. 25; fig. S63; tabla S8","C-840","expresa","3492d15f11ab653272ee7168c4041c935a0db067e255bbe5e3c3a5c7dca70689"
"1","569","pO₂ atmosférica paleoproterozoica estimada","CONTENIDO_COPIADO_DE_F","cerca de 0,1","celda no vacía copiada literalmente de F sin cotejo semántico ni bibliográfico","% PAL","Paleoproterozoico, Grupo Pethei","anomalías de Ce en carbonatos, circulación y modelo de oxidación","dependiente de quimioclina, mezcla y cinética de Ce","inferido","S554 resumen; modelo de mezcla oceánica y oxidación de Ce","C-1939","expresa","d5ddbf8ea7622a558bb55ed9b3f3002a70be425d34924c28d8a6b5940e86df18"
"1","570","O₂ disuelto somero del Proterozoico medio","CONTENIDO_COPIADO_DE_F","<0,2; alrededor de 0,2","celda no vacía copiada literalmente de F sin cotejo semántico ni bibliográfico","µM O₂","antes y después de aproximadamente 1,54 Ga, respectivamente","REE+Y, anomalías de Ce y elementos sensibles a redox","estimaciones regionales; no media global","inferido","S557 resumen; Results; conclusión","C-1940","expresa","0531e7dbc3691275a03f3e1e72deb68bc6bc3339de28081364d98094f35a00a0"
"1","571","pO₂ atmosférica neoproterozoica reconstruida","CONTENIDO_COPIADO_DE_F","aproximadamente 1–50","celda no vacía copiada literalmente de F sin cotejo semántico ni bibliográfico","% PAL","Neoproterozoico","balance isotópico y tasas de reciclaje tectónico","intervalo de oscilación del modelo; no IC","inferido","S555 resumen; modelo cuantitativo continuo","C-1941","expresa","15eceb022b2a7efc4c6fb04e2d9bd0b352220c713485656eeefb2e8c5828148b"
"1","572","O₂ disuelto medio en hábitats marinos someros","CONTENIDO_COPIADO_DE_F","0–22","celda no vacía copiada literalmente de F sin cotejo semántico ni bibliográfico","µmol kg⁻¹ O₂","mayor parte del Neoproterozoico","SGP, remuestreo, bosques aleatorios y cGENIE","rango reconstruido de media somera; no cada cuenca","inferido","S556 Results/Discussion; fig. 5e; Methods §§Random forest analyses y Earth system modelling","C-1942","expresa","aa2133be2ecc4be5ddf34e9af48884456bceebd06f4c1c8f3f02ae92b04f817c"
"1","573","O₂ disuelto superficial durante Lomagundi","CONTENIDO_COPIADO_DE_F",">1","celda no vacía copiada literalmente de F sin cotejo semántico ni bibliográfico","µM O₂","aproximadamente 2,22–2,10 Ga","I/(Ca+Mg) en carbonatos y umbral de estabilidad de IO₃⁻","límite inferior; no media oceánica ni concentración profunda","inferido","S558 Conclusion, pp. 621–622; fig. 1; tabla 1","C-1944","expresa","dbe44bf75ac5dc965c50d1b047c593f07a44f35e02bb917ad89c294d91658710"
"1","574","duración del crono glacial Sturtiano","CONTENIDO_COPIADO_DE_F","57,0–59,0","celda no vacía copiada literalmente de F sin cotejo semántico ni bibliográfico","millones de años","glaciación Sturtiana","cronología publicada del crono glacial","intervalo publicado; no resta editorial entre límites de otras fuentes","observado","S197 §Timing of the Cryochrons","C-2570","expresa","3b9da474998343e069944b41750ddb252b0cb5b6646fdf7d023ea21ccb762e61"
"1","575","duración del crono glacial Marinoano","CONTENIDO_COPIADO_DE_F","3,0–15,2","celda no vacía copiada literalmente de F sin cotejo semántico ni bibliográfico","millones de años","glaciación Marinoana","cronología publicada del crono glacial","intervalo descrito como débilmente constreñido","observado","S197 §Timing of the Cryochrons","C-2571","expresa","30fa06e336ced8a7eb68c27f46fa116495894977ddce12dce09203d3d89e7203"
"1","576","intervalo temporal publicado: raíz del árbol temporal muestreado por S126; raíz 1.5","CONTENIDO_COPIADO_DE_F","[10.8967,13.615]","celda no vacía copiada literalmente de F sin cotejo semántico ni bibliográfico","100 millones de años antes del presente","raíz del árbol temporal muestreado por S126","MCMCTree; restricción de raíz 1.5 mil millones de años","95% confidence intervals, según la leyenda publicada","inferido","S126 Results, A timescale for Opisthokonta diversification; Supporting information, S1 Data, p. 21, árbol izquierdo, raíz del árbol temporal muestreado (requiere inspección humana); leyendas de los árboles temporales, página 6 del PDF; Fig. 3, leyenda de la escala","C-525","expresa","a61d13d4526a4765852db480098872a169008ea356af8263e3134b8ddc57e6ec"
"1","577","intervalo temporal publicado: raíz del árbol temporal muestreado por S126; raíz 1.9","CONTENIDO_COPIADO_DE_F","[10.9301,13.6494]","celda no vacía copiada literalmente de F sin cotejo semántico ni bibliográfico","100 millones de años antes del presente","raíz del árbol temporal muestreado por S126","MCMCTree; restricción de raíz 1.9 mil millones de años","95% confidence intervals, según la leyenda publicada","inferido","S126 Results, A timescale for Opisthokonta diversification; Supporting information, S1 Data, p. 21, árbol derecho, raíz del árbol temporal muestreado (requiere inspección humana); leyendas de los árboles temporales, página 6 del PDF; Fig. 3, leyenda de la escala","C-526","expresa","ad556c4098eddeec3ca4ec5771630a8c823f3f72699b9e057030e6288c052059"
"1","578","intervalo temporal publicado: Amoebozoa en el muestreo de S126; raíz 1.5","CONTENIDO_COPIADO_DE_F","[8.7289,12.9784]","celda no vacía copiada literalmente de F sin cotejo semántico ni bibliográfico","100 millones de años antes del presente","Amoebozoa en el muestreo de S126","MCMCTree; restricción de raíz 1.5 mil millones de años","95% confidence intervals, según la leyenda publicada","inferido","S126 Results, A timescale for Opisthokonta diversification; Supporting information, S1 Data, p. 21, árbol izquierdo, nodo de Amoebozoa muestreado (requiere inspección humana); leyendas de los árboles temporales, página 6 del PDF; Fig. 3, leyenda de la escala","C-533","expresa","140371a86c779ea85456540cf48ba7e6548a8fd4d8d89ef69583a221aa44c0cc"
"1","579","intervalo temporal publicado: Amoebozoa en el muestreo de S126; raíz 1.9","CONTENIDO_COPIADO_DE_F","[8.7776,13.0113]","celda no vacía copiada literalmente de F sin cotejo semántico ni bibliográfico","100 millones de años antes del presente","Amoebozoa en el muestreo de S126","MCMCTree; restricción de raíz 1.9 mil millones de años","95% confidence intervals, según la leyenda publicada","inferido","S126 Results, A timescale for Opisthokonta diversification; Supporting information, S1 Data, p. 21, árbol derecho, nodo de Amoebozoa muestreado (requiere inspección humana); leyendas de los árboles temporales, página 6 del PDF; Fig. 3, leyenda de la escala","C-534","expresa","9092de2862be0d3495f94f925a5b218ec0bb6510453b982ea0b46d11b3291b0e"
"1","580","intervalo temporal publicado: Obazoa según la denominación de S126 Table 2; raíz 1.5","CONTENIDO_COPIADO_DE_F","min=1,077.05; max=1,334.8","celda no vacía copiada literalmente de F sin cotejo semántico ni bibliográfico","millones de años antes del presente","Obazoa según la denominación de S126 Table 2","MCMCTree; restricción de raíz 1.5 mil millones de años","95% confidence intervals, según la leyenda publicada","inferido","S126 Results, A timescale for Opisthokonta diversification, Table 2, fila Obazoa, columnas min y max; Methods, Molecular dating","C-541","expresa","0ae296dbaad473f5bf2b104f9d9c02f7f89905252022427fcbaf1b3764bcd767"
"1","581","intervalo temporal publicado: nodo denominado Obazoa en S126; raíz 1.9","CONTENIDO_COPIADO_DE_F","[10.8509,13.4246]","celda no vacía copiada literalmente de F sin cotejo semántico ni bibliográfico","100 millones de años antes del presente","nodo denominado Obazoa en S126","MCMCTree; restricción de raíz 1.9 mil millones de años","95% confidence intervals, según la leyenda publicada","inferido","S126 Results, A timescale for Opisthokonta diversification; Supporting information, S1 Data, p. 21, árbol derecho, nodo que reúne Pygsuia, Nutomonas, Thecamonas y Opisthokonta (requiere inspección humana); leyendas de los árboles temporales, página 6 del PDF; Fig. 3, leyenda de la escala","C-542","expresa","e903ddf3d9e0d869c75b176ff9cd4b2333c88281f876065897f21b2853d78372"
"1","582","intervalo temporal publicado: divergencia Thecamonas–Opisthokonta en S126; raíz 1.5","CONTENIDO_COPIADO_DE_F","[10.3679,12.7763]","celda no vacía copiada literalmente de F sin cotejo semántico ni bibliográfico","100 millones de años antes del presente","divergencia Thecamonas–Opisthokonta en S126","MCMCTree; restricción de raíz 1.5 mil millones de años","95% confidence intervals, según la leyenda publicada","inferido","S126 Results, A timescale for Opisthokonta diversification; Supporting information, S1 Data, p. 21, árbol izquierdo, nodo Thecamonas trahens–Opisthokonta (requiere inspección humana); leyendas de los árboles temporales, página 6 del PDF; Fig. 3, leyenda de la escala","C-550","expresa","9a2f8f632af562583225d6bbe74985a078ee4b7eac459975b4bdfe22a39150a8"
"1","583","intervalo temporal publicado: divergencia Thecamonas–Opisthokonta en S126; raíz 1.9","CONTENIDO_COPIADO_DE_F","[10.4004,12.8181]","celda no vacía copiada literalmente de F sin cotejo semántico ni bibliográfico","100 millones de años antes del presente","divergencia Thecamonas–Opisthokonta en S126","MCMCTree; restricción de raíz 1.9 mil millones de años","95% confidence intervals, según la leyenda publicada","inferido","S126 Results, A timescale for Opisthokonta diversification; Supporting information, S1 Data, p. 21, árbol derecho, nodo Thecamonas trahens–Opisthokonta (requiere inspección humana); leyendas de los árboles temporales, página 6 del PDF; Fig. 3, leyenda de la escala","C-551","expresa","5f27762b3382d11963422ebcb34faa8d1b93557f5ad0af21dc6a8958529b9f36"
"1","584","intervalo temporal publicado: nodo Pygsuia biforma–Nutomonas longa en S126; raíz 1.5","CONTENIDO_COPIADO_DE_F","[8.0305,12.3765]","celda no vacía copiada literalmente de F sin cotejo semántico ni bibliográfico","100 millones de años antes del presente","nodo Pygsuia biforma–Nutomonas longa en S126","MCMCTree; restricción de raíz 1.5 mil millones de años","95% confidence intervals, según la leyenda publicada","inferido","S126 Results, A timescale for Opisthokonta diversification; Supporting information, S1 Data, p. 21, árbol izquierdo, nodo Pygsuia biforma–Nutomonas longa (requiere inspección humana); leyendas de los árboles temporales, página 6 del PDF; Fig. 3, leyenda de la escala","C-558","expresa","e43d8e6fdfa364b8fa85dcea82cc755b7a2dad9866ebda95ade6be779c6f99f7"
"1","585","intervalo temporal publicado: nodo Pygsuia biforma–Nutomonas longa en S126; raíz 1.9","CONTENIDO_COPIADO_DE_F","[8.0734,12.4308]","celda no vacía copiada literalmente de F sin cotejo semántico ni bibliográfico","100 millones de años antes del presente","nodo Pygsuia biforma–Nutomonas longa en S126","MCMCTree; restricción de raíz 1.9 mil millones de años","95% confidence intervals, según la leyenda publicada","inferido","S126 Results, A timescale for Opisthokonta diversification; Supporting information, S1 Data, p. 21, árbol derecho, nodo Pygsuia biforma–Nutomonas longa (requiere inspección humana); leyendas de los árboles temporales, página 6 del PDF; Fig. 3, leyenda de la escala","C-559","expresa","e6b8c46b78dab565fdd66e39dac7e1aaef40d7473cf3512b6972ca41afed2c6a"
"1","586","intervalo temporal publicado: Ichthyosporea en el muestreo de S126; raíz 1.5","CONTENIDO_COPIADO_DE_F","[6.7134,9.2004]","celda no vacía copiada literalmente de F sin cotejo semántico ni bibliográfico","100 millones de años antes del presente","Ichthyosporea en el muestreo de S126","MCMCTree; restricción de raíz 1.5 mil millones de años","95% confidence intervals, según la leyenda publicada","inferido","S126 Results, A timescale for Opisthokonta diversification; Supporting information, S1 Data, p. 21, árbol izquierdo, nodo de Ichthyosporea muestreado (requiere inspección humana); leyendas de los árboles temporales, página 6 del PDF; Fig. 3, leyenda de la escala","C-590","expresa","0c5a0bcf49fa7112483c83e7cf0f895e4d2731eb5b6614787cd5d489d6d9b3a4"
"1","587","intervalo temporal publicado: Ichthyosporea en el muestreo de S126; raíz 1.9","CONTENIDO_COPIADO_DE_F","[6.7699,9.2512]","celda no vacía copiada literalmente de F sin cotejo semántico ni bibliográfico","100 millones de años antes del presente","Ichthyosporea en el muestreo de S126","MCMCTree; restricción de raíz 1.9 mil millones de años","95% confidence intervals, según la leyenda publicada","inferido","S126 Results, A timescale for Opisthokonta diversification; Supporting information, S1 Data, p. 21, árbol derecho, nodo de Ichthyosporea muestreado (requiere inspección humana); leyendas de los árboles temporales, página 6 del PDF; Fig. 3, leyenda de la escala","C-591","expresa","fba6cb9b28b1b9850a338d8d355d7c04f25bb14af7d4daf462908e6bab618add"
"1","588","intervalo temporal publicado: Pluriformea muestreada como Syssomonas+Corallochytrium en S126; raíz 1.5","CONTENIDO_COPIADO_DE_F","[4.568,8.3677]","celda no vacía copiada literalmente de F sin cotejo semántico ni bibliográfico","100 millones de años antes del presente","Pluriformea muestreada como Syssomonas+Corallochytrium en S126","MCMCTree; restricción de raíz 1.5 mil millones de años","95% confidence intervals, según la leyenda publicada","inferido","S126 Results, A timescale for Opisthokonta diversification; Supporting information, S1 Data, p. 21, árbol izquierdo, nodo Syssomonas multiformis–Corallochytrium limacisporum (requiere inspección humana); leyendas de los árboles temporales, página 6 del PDF; Fig. 3, leyenda de la escala","C-598","expresa","00db1e12a18574251e6cf4f2c186bdb152c8442ad2dc5f1a24fb54c1e6268b61"
"1","589","intervalo temporal publicado: Pluriformea muestreada como Syssomonas+Corallochytrium en S126; raíz 1.9","CONTENIDO_COPIADO_DE_F","[4.471,8.3395]","celda no vacía copiada literalmente de F sin cotejo semántico ni bibliográfico","100 millones de años antes del presente","Pluriformea muestreada como Syssomonas+Corallochytrium en S126","MCMCTree; restricción de raíz 1.9 mil millones de años","95% confidence intervals, según la leyenda publicada","inferido","S126 Results, A timescale for Opisthokonta diversification; Supporting information, S1 Data, p. 21, árbol derecho, nodo Syssomonas multiformis–Corallochytrium limacisporum (requiere inspección humana); leyendas de los árboles temporales, página 6 del PDF; Fig. 3, leyenda de la escala","C-599","expresa","b5d744615e0df638bb3d808fb8a110517a9adefad3489655f31418eb85bfca64"
"1","590","intervalo temporal publicado: Filasterea en el muestreo de S126; raíz 1.5","CONTENIDO_COPIADO_DE_F","[5.4477,8.8277]","celda no vacía copiada literalmente de F sin cotejo semántico ni bibliográfico","100 millones de años antes del presente","Filasterea en el muestreo de S126","MCMCTree; restricción de raíz 1.5 mil millones de años","95% confidence intervals, según la leyenda publicada","inferido","S126 Results, A timescale for Opisthokonta diversification; Supporting information, S1 Data, p. 21, árbol izquierdo, nodo de Filasterea muestreado (requiere inspección humana); leyendas de los árboles temporales, página 6 del PDF; Fig. 3, leyenda de la escala","C-614","expresa","037d7a864101cb23b1ceedc443e99839911694c8ee195f409805892b01dadeaf"
"1","591","intervalo temporal publicado: Filasterea en el muestreo de S126; raíz 1.9","CONTENIDO_COPIADO_DE_F","[5.4609,8.8863]","celda no vacía copiada literalmente de F sin cotejo semántico ni bibliográfico","100 millones de años antes del presente","Filasterea en el muestreo de S126","MCMCTree; restricción de raíz 1.9 mil millones de años","95% confidence intervals, según la leyenda publicada","inferido","S126 Results, A timescale for Opisthokonta diversification; Supporting information, S1 Data, p. 21, árbol derecho, nodo de Filasterea muestreado (requiere inspección humana); leyendas de los árboles temporales, página 6 del PDF; Fig. 3, leyenda de la escala","C-615","expresa","1d37b4e008f7acc95444c0643c462005e168e39e4337c81c55c8ada160ce6516"
"1","592","intervalo temporal publicado: Filozoa en el muestreo de S126; raíz 1.5","CONTENIDO_COPIADO_DE_F","[8.4482,10.0017]","celda no vacía copiada literalmente de F sin cotejo semántico ni bibliográfico","100 millones de años antes del presente","Filozoa en el muestreo de S126","MCMCTree; restricción de raíz 1.5 mil millones de años","95% confidence intervals, según la leyenda publicada","inferido","S126 Results, A timescale for Opisthokonta diversification; Supporting information, S1 Data, p. 21, árbol izquierdo, nodo Filasterea+(Choanoflagellatea+Metazoa) (requiere inspección humana); leyendas de los árboles temporales, página 6 del PDF; Fig. 3, leyenda de la escala","C-622","expresa","f023121d15f9db3f214567f69ae15063331a7ce558d3b40b65ad0cecfee60d9f"
"1","593","intervalo temporal publicado: Filozoa en el muestreo de S126; raíz 1.9","CONTENIDO_COPIADO_DE_F","[8.4785,10.0173]","celda no vacía copiada literalmente de F sin cotejo semántico ni bibliográfico","100 millones de años antes del presente","Filozoa en el muestreo de S126","MCMCTree; restricción de raíz 1.9 mil millones de años","95% confidence intervals, según la leyenda publicada","inferido","S126 Results, A timescale for Opisthokonta diversification; Supporting information, S1 Data, p. 21, árbol derecho, nodo Filasterea+(Choanoflagellatea+Metazoa) (requiere inspección humana); leyendas de los árboles temporales, página 6 del PDF; Fig. 3, leyenda de la escala","C-623","expresa","b1cf7838c174eb47398b6d28ba46b7bbf001f60e42e1724dd817c5a1d9e75d70"
"1","594","número de genes de la anotación publicada","CONTENIDO_COPIADO_DE_F","18319","celda no vacía copiada literalmente de F sin cotejo semántico ni bibliográfico","genes","Sphaeroforma arctica (Sarc)","estadísticas de la anotación procedente de Broad Institute Multicellularity Initiative utilizada en S434","no consta en la fuente recuperada; no se equipara la versión con S446 o Ensembl","observado","S434 Materials and methods, Generation of a species tree and ortholog datasets for comparative analyses; Figure 1—source data 1 v3, Sheet1 C27/E27; Figure 1—source data 2 v3, Full1 A25/B25/E25; requiere inspección humana","C-2821","expresa","38f59cd62f4e39e0435d1e11b63d4652a302e4b26fd504bff5d3b3491f6d325a"
"1","595","densidad de intrones del modelo comparativo","CONTENIDO_COPIADO_DE_F","4.80483247137073","celda no vacía copiada literalmente de F sin cotejo semántico ni bibliográfico","intrones por kbp de secuencia codificante","Sphaeroforma arctica (Sarc)","modelo probabilístico Malin sobre 342 grupos de ortólogos de 40 genomas; taxón extante","no consta un intervalo para la densidad de O31 en la fuente recuperada; no es una media observada de toda la anotación","inferido","S434 Materials and methods, Comparative analysis of intron content; Figure 5—source data 1 v3, Full1 A31/B31/D31/O31; requiere inspección humana","C-2822","expresa","1160ce04c05845fcc74ada92c6508cd34946532b09d68cbe341fac73351e8a3d"
"1","596","grupos de ortólogos del análisis comparativo de intrones","CONTENIDO_COPIADO_DE_F","342","celda no vacía copiada literalmente de F sin cotejo semántico ni bibliográfico","grupos de ortólogos","conjunto comparativo de S434 que incluye Sphaeroforma arctica","selección de grupos casi paneucarióticos para la reconstrucción de intrones con Malin","n/a","observado","S434 Materials and methods, Comparative analysis of intron content, párrafo inicial","C-2822","expresa","a87be4b2c17c58242e5aafa35fa440f55d28008d7b98d8dd07f54f387d31d624"
"1","597","genomas del análisis comparativo de intrones","CONTENIDO_COPIADO_DE_F","40","celda no vacía copiada literalmente de F sin cotejo semántico ni bibliográfico","genomas","conjunto comparativo de S434 que incluye Sphaeroforma arctica","muestreo del análisis de 342 grupos de ortólogos","n/a","observado","S434 Materials and methods, Comparative analysis of intron content, párrafo inicial","C-2822","expresa","b28e11b471607e6685803974d2a3b584d6c39e56027ea9caffd41b2afc3fa1b3"
"1","598","genes nucleares de origen mitocondrial inferido","CONTENIDO_COPIADO_DE_F","4,459","celda no vacía copiada literalmente de F sin cotejo semántico ni bibliográfico","genes","muestreo de 427186 genes de 30 genomas eucariotas de Wang y Wu","clasificación filogenómica tras filtrado BLASTP; agrupación MCL y árboles FastTree 2","no consta un intervalo para este recuento en la fuente recuperada; no cuenta episodios ancestrales de transferencia","inferido","S560 Results and Discussion, Identifying mitochondria-derived nuclear genes, primer párrafo; Materials and Methods, Identification of mitochondria-derived nuclear genes","C-1163","expresa","c8fc223127fcd560041508fcc96f13c45206528115e62ade26a8c3f9d3c7fa4d"
"1","599","familias de genes nucleares de origen mitocondrial inferido","CONTENIDO_COPIADO_DE_F","394","celda no vacía copiada literalmente de F sin cotejo semántico ni bibliográfico","familias de genes","conjunto de genes clasificados como de origen mitocondrial en Wang y Wu","agrupación MCL y clasificación filogenética; separación de parálogos como familias distintas","no consta un intervalo para este recuento en la fuente recuperada; no es un inventario completo de LECA","inferido","S560 Results and Discussion, Identifying mitochondria-derived nuclear genes, primer párrafo; Materials and Methods, Identification of mitochondria-derived nuclear genes, segundo párrafo","C-2824","expresa","2bfe54233a45f5b10fc4c49c15df9735be4ad1f0ac375d20bd917f6769e0f680"
"1","600","genes del muestreo eucariota inicial de Wang y Wu","CONTENIDO_COPIADO_DE_F","427,186","celda no vacía copiada literalmente de F sin cotejo semántico ni bibliográfico","genes","muestra nuclear de Wang y Wu para identificar genes de origen mitocondrial","recuento del conjunto inicial sometido al procedimiento filogenómico","n/a","observado","S560 Results and Discussion, Identifying mitochondria-derived nuclear genes, primer párrafo","C-1163","expresa","8c58e4e68aa5f1209a2ea299b873a600349e100fc184eeab638f770643771201"
"1","601","genomas eucariotas del muestreo inicial de Wang y Wu","CONTENIDO_COPIADO_DE_F","30","celda no vacía copiada literalmente de F sin cotejo semántico ni bibliográfico","genomas","muestra eucariota de Wang y Wu para identificar genes de origen mitocondrial","selección del muestreo nuclear eucariota","n/a","observado","S560 Results and Discussion, Identifying mitochondria-derived nuclear genes, primer párrafo; Materials and Methods, Identification of mitochondria-derived nuclear genes, primer párrafo","C-1163","expresa","18f5768d6d4ea64f61af89a4d8b57e2b9f7cc7ae425cdd71f954c86a372fba96"
"1","602","clados procariotas HIC no singleton","CONTENIDO_COPIADO_DE_F","3.1–5.1","celda no vacía copiada literalmente de F sin cotejo semántico ni bibliográfico","% de clados","cada grupo procariota comparado por Ku y Martin","clasificación HIC por identidad media clado–grupo hermano y umbral del cuartil superior de singleton","no consta un intervalo de confianza para este porcentaje en el pasaje cotejado","inferido","S290 Results, párrafo que define high-identity clade (HIC), antes de Fig. 2 (JATS Sec2); Methods (Sec9)","C-2825","expresa","bf7fad4e00e4fa3094b09aee70890eacbe7ce658b8505c9f1ea6a505a106e464"
"1","603","clados eucariotas HIC no singleton","CONTENIDO_COPIADO_DE_F","<1.0","celda no vacía copiada literalmente de F sin cotejo semántico ni bibliográfico","% de clados","todos los clados eucariotas del análisis de Ku y Martin","clasificación HIC por identidad media clado–grupo hermano y umbral del cuartil superior de singleton","no consta un intervalo de confianza para este porcentaje en el pasaje cotejado","inferido","S290 Results, Deep differences between prokaryotes and eukaryotes, segundo párrafo y Fig. 3 (JATS Sec3)","C-2826","expresa","f0a0dcdd2cf4467d053fa9ff522e5745d4c6756aee565c8688f0c3bdb98c4395"
"1","604","clados eucariotas HIC no singleton tras retirar origen plastidial","CONTENIDO_COPIADO_DE_F","0.3","celda no vacía copiada literalmente de F sin cotejo semántico ni bibliográfico","% de clados","clados eucariotas restantes sin origen plastidial en Ku y Martin","clasificación HIC por identidad media clado–grupo hermano y umbral del cuartil superior de singleton","no consta un intervalo de confianza para este porcentaje en el pasaje cotejado","inferido","S290 Results, Deep differences between prokaryotes and eukaryotes, segundo párrafo y Fig. 3 (JATS Sec3)","C-2827","expresa","faf8cc0b74b3d48eb2b7ed7595d6a81eb6763669d0352d47caf19c47251a6869"
"1","605","grupos de ortólogos candidatos a HGT en Cyanidiales","CONTENIDO_COPIADO_DE_F","1.06","celda no vacía copiada literalmente de F sin cotejo semántico ni bibliográfico","% de grupos de ortólogos","9075 grupos de los 13 genomas analizados por Rossoni y colaboradores","filogenias de máxima verosimilitud e inspección manual; filtrado de soporte, muestreo y posible EGT","no consta un intervalo de confianza para este porcentaje en el pasaje cotejado","inferido","S561 Results, Analysis of HGTs, primer párrafo (JATS s2-3); Materials and methods, Detection of HGTs (s4-6)","C-2828","expresa","eeda87274b8c3e77e6cc1c108360bd24885d8efa0227444fc25711f4205eee01"
"1","606","grupos de ortólogos clasificados como candidatos a HGT","CONTENIDO_COPIADO_DE_F","96","celda no vacía copiada literalmente de F sin cotejo semántico ni bibliográfico","grupos de ortólogos","Cyanidiales de Rossoni y colaboradores","clasificación filogenética de los grupos","no es un recuento observado de episodios de transferencia","inferido","S561 Results, Analysis of HGTs, primer párrafo (JATS s2-3); Materials and methods, Detection of HGTs (s4-6)","C-2828","expresa","7a25fb3a40e0f9bc1fb126a011131aa5ea75ef095b245f9d97d1fc0d7c1f6169"
"1","607","grupos de ortólogos del muestreo de Cyanidiales","CONTENIDO_COPIADO_DE_F","9075","celda no vacía copiada literalmente de F sin cotejo semántico ni bibliográfico","grupos de ortólogos","conjunto de los 13 genomas de Rossoni y colaboradores","agrupación de las proteínas predichas mediante OrthoFinder","n/a","inferido","S561 Results, Orthogroups and phylogeny (JATS s2-2); Materials and methods, Orthogroups and phylogenetic analysis (s4-5)","C-2828","expresa","6924fa5ca44a5c8165ec700d0d0c58f414b9d37e34e8eda5de644f95f5ca0939"
"1","608","genomas del muestreo de Cyanidiales","CONTENIDO_COPIADO_DE_F","13","celda no vacía copiada literalmente de F sin cotejo semántico ni bibliográfico","genomas","muestreo de Rossoni y colaboradores","selección de genomas nuevos y previamente publicados","n/a","observado","S561 Results, Orthogroups and phylogeny (JATS s2-2)","C-2828","expresa","95e94466208d2935b8156458476f24333047bed5aff4417f61d790a02cd25c2a"
"1","609","secuencias individuales candidatas a HGT en Cyanidiales","CONTENIDO_COPIADO_DE_F","641","celda no vacía copiada literalmente de F sin cotejo semántico ni bibliográfico","secuencias candidatas","muestreo de Rossoni y colaboradores","inferencia a partir de grupos de ortólogos y árboles filtrados","no equivale a eventos independientes de transferencia","inferido","S561 Results, Analysis of HGTs, primer párrafo (JATS s2-3); Materials and methods, Detection of HGTs (s4-6)","C-2829","expresa","96a5c8a1c02b05effdc4d3d6bc47451882a3115fe7e134d3ad8e3354937537b2"
"1","610","colocalización de candidatos a HGT con genes nativos en lecturas largas","CONTENIDO_COPIADO_DE_F","98.12","celda no vacía copiada literalmente de F sin cotejo semántico ni bibliográfico","% de candidatos","641 candidatos a HGT de Cyanidiales de Rossoni y colaboradores","búsqueda tblastn de coocurrencia en lecturas PacBio RSII sin corregir","no consta un intervalo de confianza para este porcentaje en el pasaje cotejado","observado","S561 Results, Gene co-localization on raw sequence reads (JATS s2-4)","C-2830","expresa","d774bf61627d1ccb8b1113c7cf7cf74a0822300d760ea42b44293880da352edb"
"1","611","candidatos a HGT colocalizados con genes nativos","CONTENIDO_COPIADO_DE_F","629","celda no vacía copiada literalmente de F sin cotejo semántico ni bibliográfico","candidatos","641 candidatos de Cyanidiales de Rossoni y colaboradores","coocurrencia de candidato y gen nativo en una misma lectura larga","no se atribuye la colocalización a los candidatos restantes","observado","S561 Results, Gene co-localization on raw sequence reads (JATS s2-4)","C-2830","expresa","07094f7bfc55c1a54a2ebb514f465c5a02c0805cf3fc3a1ca37abb3525a04db5"
"1","612","grupos candidatos a HGT con alguna identidad individual sobre el umbral","CONTENIDO_COPIADO_DE_F","5.2","celda no vacía copiada literalmente de F sin cotejo semántico ni bibliográfico","% de grupos candidatos a HGT","96 grupos candidatos de Rossoni y colaboradores","comparación individual de identidad proteica con homólogos no eucariotas","no consta un intervalo de confianza para este porcentaje en el pasaje cotejado; no es el porcentaje de identidad media del grupo","inferido","S561 Results, The seventy percent rule, primer párrafo (JATS s2-9), con Fig. 6A como complemento","C-2831","expresa","36f3af1a93279b0320b9f59ba4555390fe16916dda06c8a3e9a48059c1cbda3a"
"1","613","grupos candidatos a HGT con alguna identidad individual sobre el umbral","CONTENIDO_COPIADO_DE_F","5/96","celda no vacía copiada literalmente de F sin cotejo semántico ni bibliográfico","grupos / grupos candidatos a HGT","Cyanidiales de Rossoni y colaboradores","recuento de grupos con al menos una comparación individual por encima del umbral","ningún grupo excede el umbral en identidad media","inferido","S561 Results, The seventy percent rule, primer párrafo (JATS s2-9), con Fig. 6A como complemento","C-2831","expresa","5207a8d35af15a90209aad1a46804bff62899706f6465429bc8b916f5c429ee1"
"1","614","umbral de identidad individual examinado en candidatos a HGT","CONTENIDO_COPIADO_DE_F",">70","celda no vacía copiada literalmente de F sin cotejo semántico ni bibliográfico","% de identidad proteica","comparaciones individuales de candidatos de Rossoni y colaboradores con homólogos no eucariotas","comparación con el umbral de la regla discutida","las identidades individuales no equivalen al promedio de cada grupo","observado","S561 Results, The seventy percent rule, primer párrafo (JATS s2-9), con Fig. 6A como complemento","C-2831","expresa","d6994c2ee4d60f704f59924969d0fc38226f13693f9f09fe8086034bd7007453"
"1","615","contribución media de HGT a inventarios génicos de protistas","CONTENIDO_COPIADO_DE_F","about 1","celda no vacía copiada literalmente de F sin cotejo semántico ni bibliográfico","% de inventario génico","protistas resumidos por Van Etten y Bhattacharya","síntesis de estudios previos en una revisión","aproximado; los autores exigen más datos y un procedimiento estandarizado para contrastarlo","inferido","S291 Highlights, cuarto punto","C-2832","expresa","3451f7819f9974eeb1f4fe9e3f0c242dc7186d6c8fe4f055f408e1840e28cb91"
"1","616","ORF perdidos o inactivados desde la divergencia","CONTENIDO_COPIADO_DE_F","25","celda no vacía copiada literalmente de F sin cotejo semántico ni bibliográfico","ORF","Blochmannia floridanus","comparación de inventarios; ancestro con al menos el repertorio combinado","Pérdidas paralelas pueden subestimar el recuento; no separa toda inactivación de deleción física.","inferido","S562 Results, Differential gene loss, yet complete stability of genome architecture within Blochmannia, párrafo que comienza Assuming that the common ancestor; introducción, último párrafo","C-2833","expresa","70146b833779882e12e2429ceaca49a3d1d89b0dd8c04b787fbb8c0c1a600f1c"
"1","617","tiempo transcurrido desde la divergencia del linaje","CONTENIDO_COPIADO_DE_F","16–20","celda no vacía copiada literalmente de F sin cotejo semántico ni bibliográfico","Myr","Blochmannia floridanus","intervalo de divergencia tomado por S562 de Degnan et al. (2004)","intervalo publicado; no es seguimiento experimental ni edad de cada pérdida","inferido","S562 Results, Differential gene loss, yet complete stability of genome architecture within Blochmannia, párrafo que comienza Assuming that the common ancestor; introducción, último párrafo","C-2833","expresa","80972abee82b26a4fbe76d9e375a57b2a7f70b896b21117ed39edf87e0e5b273"
"1","618","ORF perdidos o inactivados desde la divergencia","CONTENIDO_COPIADO_DE_F","4","celda no vacía copiada literalmente de F sin cotejo semántico ni bibliográfico","ORF","Blochmannia pennsylvanicus","comparación de inventarios; ancestro con al menos el repertorio combinado","Pérdidas paralelas pueden subestimar el recuento; no separa toda inactivación de deleción física.","inferido","S562 Results, Differential gene loss, yet complete stability of genome architecture within Blochmannia, párrafo que comienza Assuming that the common ancestor; introducción, último párrafo","C-2834","expresa","4c3fabf7b6006e3b96aadf37b087465d46f4418a1f21a554a47db4419e835b89"
"1","619","tiempo transcurrido desde la divergencia del linaje","CONTENIDO_COPIADO_DE_F","16–20","celda no vacía copiada literalmente de F sin cotejo semántico ni bibliográfico","Myr","Blochmannia pennsylvanicus","intervalo de divergencia tomado por S562 de Degnan et al. (2004)","intervalo publicado; no es seguimiento experimental ni edad de cada pérdida","inferido","S562 Results, Differential gene loss, yet complete stability of genome architecture within Blochmannia, párrafo que comienza Assuming that the common ancestor; introducción, último párrafo","C-2834","expresa","a8de3e64b5c20ef45e5fbcf4722d169977d948d0aa2f53d4fbd2c0272f2d33f2"
"1","620","parámetro DTL de pérdida por rama","CONTENIDO_COPIADO_DE_F","0.592 ± 0.21","celda no vacía copiada literalmente de F sin cotejo semántico ni bibliográfico","probabilidad no normalizada por rama","ramas de establecimiento de endosimbiosis en Enterobacterales","GeneRax; optimización DTL por rama; mediana ± desviación estándar","± es desviación estándar; no intervalo de confianza","inferido","S512 Results, Gene duplication, transfer, and loss patterns in endosymbionts and free-living species, pp. 2–3; Methods, Inference of gene families duplication, transfer, and loss, p. 8","C-2836","expresa","c7d617f08ed947803a65e085f4ab9b48ca2a57c807bbcc35c757896a58389322"
"1","621","parámetro DTL de pérdida por rama","CONTENIDO_COPIADO_DE_F","0.185 ± 0.123","celda no vacía copiada literalmente de F sin cotejo semántico ni bibliográfico","probabilidad no normalizada por rama","tres ramas anteriores y posteriores a la transición en Enterobacterales","GeneRax; optimización DTL por rama; mediana ± desviación estándar","± es desviación estándar; no intervalo de confianza","inferido","S512 Results, Gene duplication, transfer, and loss patterns in endosymbionts and free-living species, pp. 2–3; Methods, Inference of gene families duplication, transfer, and loss, p. 8","C-2837","expresa","7a619890b5c777c9029c44f50ac848e398d28703e576919af7ade868cd535d7c"
