csv_path,fila,columna,contenido_sha256,contenido,afirmaciones,base_semantica,estado_revision,nota_adjudicacion
data/tablas/02/table-01-2-1-2-por-que-el-modelo-cambia-el-arbol.csv,2,modelo o prueba,b220ea4a4ad690aaa18943d9867ce0928dffaf17909b06e1a74210f4d8cca190,35 genes; LG+G4+F [C-028; C-029],C-028; C-029,cita_en_celda,REVISADA,Citas C explícitas añadidas tras comprobar equivalencia semántica y cobertura bidireccional de la magnitud o convención.
data/tablas/02/table-01-2-1-2-por-que-el-modelo-cambia-el-arbol.csv,2,resultado publicado,8114587b34f1d1ad0e180082a53d6adc863e95c2a2cbbbff38d7af57d3be0cd2,dos dominios tuvo mejor log-verosimilitud que tres dominios,C-029,Afirmación+SPO+Motivo+Resolución,REVISADA,Adjudicación semántica explícita: cada C indicada cubre este valor concreto; no se heredó la fila completa.
data/tablas/02/table-01-2-1-2-por-que-el-modelo-cambia-el-arbol.csv,2,soporte transcrito,7d1443cb441e11238ccbcf840d64b45c9db596fd1f76980c7752d7b068bb801c,−684701.2 frente a −684716.1,C-029,Afirmación+SPO+Motivo+Resolución,REVISADA,Adjudicación semántica explícita: cada C indicada cubre este valor concreto; no se heredó la fila completa.
data/tablas/02/table-01-2-1-2-por-que-el-modelo-cambia-el-arbol.csv,2,interpretación limitada,bec69ad625d845fec9dc26de444f466dda80b5fae7b092f48524b021bd5d7e32,Los valores se transcriben sin convertirlos a otra medida.,C-029,Afirmación+SPO+Motivo,REVISADA,Adjudicación explícita coordinada tras reformular la celda para repetir únicamente la proposición de C-029; no se heredó el rango de la fila.
data/tablas/02/table-01-2-1-2-por-que-el-modelo-cambia-el-arbol.csv,3,modelo o prueba,1e14a07a417a0cb9e2c1ef1bf986539d78c4b88b9a724b9df0a31059db37a904,prueba AU bajo LG+G4+F,C-030,Afirmación+Sujeto,REVISADA,Adjudicación explícita conservadora tras cotejo del valor con Afirmación+Sujeto; no se heredaron todas las C de la fila.
data/tablas/02/table-01-2-1-2-por-que-el-modelo-cambia-el-arbol.csv,3,resultado publicado,34e8b1850408b32216ec725152eafb4acf636fc43f1106c7d4a09bbf35c82c97,AU = 0.771 para dos dominios y 0.229 para tres dominios,C-030,Afirmación+SPO+Motivo,REVISADA,Adjudicación explícita coordinada tras reformular la celda para repetir únicamente la proposición de C-030; no se heredó el rango de la fila.
data/tablas/02/table-01-2-1-2-por-que-el-modelo-cambia-el-arbol.csv,3,soporte transcrito,c4612553b2e82de2c24438586fba4bf957c1fdef32ded986a023021132b9c763,0.771 frente a 0.229,C-030,Afirmación+SPO+Motivo+Resolución,REVISADA,Adjudicación semántica explícita: cada C indicada cubre este valor concreto; no se heredó la fila completa.
data/tablas/02/table-01-2-1-2-por-que-el-modelo-cambia-el-arbol.csv,3,interpretación limitada,4456ede8b944c8ea53ff07579dc686b31d593c4274b13eb8e8306ae6102dc500,Valores publicados de una prueba de topología.,C-030,Afirmación+SPO+Motivo,REVISADA,Adjudicación explícita coordinada tras reformular la celda para repetir únicamente la proposición de C-030; no se heredó el rango de la fila.
data/tablas/02/table-01-2-1-2-por-que-el-modelo-cambia-el-arbol.csv,4,modelo o prueba,98710ca45520c393ed81279b7e3a4f74727732c22598848040a2ea0d324d5095,LG+C60+G4+F,C-031,Afirmación+Objeto,REVISADA,Adjudicación explícita conservadora tras cotejo del valor con Afirmación+Objeto; no se heredaron todas las C de la fila.
data/tablas/02/table-01-2-1-2-por-que-el-modelo-cambia-el-arbol.csv,4,resultado publicado,0d308323dab172c7a8c12de9f95988b3fb14effc3059bc36c88a059146c7a590,rechazo de tres dominios,C-031,Afirmación,REVISADA,Adjudicación explícita conservadora tras cotejo del valor con Afirmación; no se heredaron todas las C de la fila.
data/tablas/02/table-01-2-1-2-por-que-el-modelo-cambia-el-arbol.csv,4,soporte transcrito,f63623175e52e90cf2b2eb28538788d823842ffa7abdcfe113f35caee9d4009d,AU = 0.036,C-031,Afirmación+Objeto,REVISADA,Adjudicación explícita conservadora tras cotejo del valor con Afirmación+Objeto; no se heredaron todas las C de la fila.
data/tablas/02/table-01-2-1-2-por-que-el-modelo-cambia-el-arbol.csv,4,interpretación limitada,329b88a40458600b7e2ef883680c28d5cade701ac3f1fb63276e1427b59edcfd,Bajo LG+C60+G4+F se rechazó la topología de tres dominios con AU = 0.036.,C-031,Afirmación+SPO+Motivo,REVISADA,Adjudicación explícita coordinada tras reformular la celda para repetir únicamente la proposición de C-031; no se heredó el rango de la fila.
data/tablas/02/table-01-2-1-2-por-que-el-modelo-cambia-el-arbol.csv,5,modelo o prueba,d2c307458a8f8e8c34e11ede8f31e6d319b3b664f76343e000e0a33b8355a852,CAT+GTR+G4,C-032,Afirmación+Sujeto,REVISADA,Adjudicación explícita conservadora tras cotejo del valor con Afirmación+Sujeto; no se heredaron todas las C de la fila.
data/tablas/02/table-01-2-1-2-por-que-el-modelo-cambia-el-arbol.csv,5,resultado publicado,4f56390452a2951b0400c920b6baab1069cd7b6961dccd66e20e57792a8e3d04,dos dominios,C-032,Afirmación+Sujeto,REVISADA,Adjudicación explícita conservadora tras cotejo del valor con Afirmación+Sujeto; no se heredaron todas las C de la fila.
data/tablas/02/table-01-2-1-2-por-que-el-modelo-cambia-el-arbol.csv,5,soporte transcrito,2e3e7cf3620267fa39b107d1e0e4dd63243ba0d44b36549b605c5adac7b6d92c,apoyo posterior máximo,C-032,Afirmación,REVISADA,Adjudicación explícita conservadora tras cotejo del valor con Afirmación; no se heredaron todas las C de la fila.
data/tablas/02/table-01-2-1-2-por-que-el-modelo-cambia-el-arbol.csv,5,interpretación limitada,b30a7e157b901bc33f05fad03d9d03a0a900fadc288fcbeed7258326256f1e2d,El resultado depende de un modelo sitio-heterogéneo.,C-032,Afirmación+SPO+Motivo+Resolución,REVISADA,Adjudicación semántica explícita: cada C indicada cubre este valor concreto; no se heredó la fila completa.
data/tablas/02/table-01-2-1-2-por-que-el-modelo-cambia-el-arbol.csv,6,modelo o prueba,8260344f3b5774a386b30a7691dc0e11129d8b860087b6189e1b94401ae79238,CAT con recodificación SR4,C-033,Afirmación,REVISADA,Adjudicación explícita conservadora tras cotejo del valor con Afirmación; no se heredaron todas las C de la fila.
data/tablas/02/table-01-2-1-2-por-que-el-modelo-cambia-el-arbol.csv,6,resultado publicado,4f56390452a2951b0400c920b6baab1069cd7b6961dccd66e20e57792a8e3d04,dos dominios,C-033,Afirmación+Sujeto,REVISADA,Adjudicación explícita conservadora tras cotejo del valor con Afirmación+Sujeto; no se heredaron todas las C de la fila.
data/tablas/02/table-01-2-1-2-por-que-el-modelo-cambia-el-arbol.csv,6,soporte transcrito,b849705c5b0fd54bc9f4c2326faca512e0a1b35389c13a909d34447472e2f791,PP = 0.98,C-033,Objeto,REVISADA,Adjudicación explícita conservadora tras cotejo del valor con Objeto; no se heredaron todas las C de la fila.
data/tablas/02/table-01-2-1-2-por-que-el-modelo-cambia-el-arbol.csv,6,interpretación limitada,b01a60f1bc8e918771f3d0b60c9805e9c799cf60e975ed0c289e182b60051f2a,La recodificación de aminoácidos (*amino-acid recoding*) fue una prueba contra sesgo composicional.,C-033,Afirmación+SPO+Motivo+Resolución,REVISADA,Adjudicación semántica explícita: cada C indicada cubre este valor concreto; no se heredó la fila completa.
data/tablas/02/table-01-2-1-2-por-que-el-modelo-cambia-el-arbol.csv,7,modelo o prueba,b864e07fd25239d9f9010d53a85c6ec2a67a4d27efa4d98eda48de49d845131b,21 proteínas universales; 43 arqueano-eucariotas; 125 genomas,C-034,Afirmación,REVISADA,Adjudicación explícita conservadora tras cotejo del valor con Afirmación; no se heredaron todas las C de la fila.
data/tablas/02/table-01-2-1-2-por-que-el-modelo-cambia-el-arbol.csv,7,resultado publicado,b15a692cdeb5724a07bdd5a4f7108ee2336ccb042c4dd6059009afc4cbc6328d,Eukaryota dentro de Asgard,C-035,Afirmación+SPO+Motivo+Resolución,REVISADA,Adjudicación semántica explícita: cada C indicada cubre este valor concreto; no se heredó la fila completa.
data/tablas/02/table-01-2-1-2-por-que-el-modelo-cambia-el-arbol.csv,7,soporte transcrito,dc5c688702f0053915618c4fb8fde41505ca9f51b148f9e58448c46b189b6f94,máximo para la asociación con Heimdallarchaeia; LC3 PP = 0.95,C-035; C-036,Afirmación+SPO+Motivo+Resolución,REVISADA,Adjudicación semántica explícita: cada C indicada cubre este valor concreto; no se heredó la fila completa.
data/tablas/02/table-01-2-1-2-por-que-el-modelo-cambia-el-arbol.csv,7,interpretación limitada,9909e9d0761cc10956c26ead7a3c07931fae671ab44754c6df04a4c64e5b1f84,La división asgard concreta fue modificada por estudios posteriores.,C-035,Afirmación+SPO+Motivo+Resolución,REVISADA,Adjudicación semántica explícita: cada C indicada cubre este valor concreto; no se heredó la fila completa.
data/tablas/02/table-02-2-2-1-quimica-de-membrana.csv,2,química de membrana coordinada,f61762bcada219b895e08cbe732b86f67f1d899d9938ffbaaa66f09225421fdf,isoprenoides–éter–glicerol-1-fosfato,C-052,Afirmación+SPO+Motivo,REVISADA,Adjudicación explícita coordinada tras reformular la celda para repetir únicamente la proposición de C-052; no se heredó el rango de la fila.
data/tablas/02/table-02-2-2-1-quimica-de-membrana.csv,3,química de membrana coordinada,a8078bafa7e20f57dbd44f9d8662301f59a4cadf00a1ec8238a98338ebcc2e22,ácidos grasos–éster–glicerol-3-fosfato,C-053,Afirmación+SPO+Motivo,REVISADA,Adjudicación explícita coordinada tras reformular la celda para repetir únicamente la proposición de C-053; no se heredó el rango de la fila.
data/tablas/02/table-02-2-2-1-quimica-de-membrana.csv,4,química de membrana coordinada,400eb2ae1336e9e51ff7bd80e88b3f010f4dad35394dd25221e0db424da1f958,"ácidos grasos–éster–glicerol-3-fosfato, predominantemente del tipo bacteriano",C-054,Afirmación+SPO+Motivo,REVISADA,Adjudicación explícita coordinada tras reformular la celda para repetir únicamente la proposición de C-054; no se heredó el rango de la fila.
data/tablas/02/table-03-2-2-3-soluciones-propuestas-y-estado-del-problema.csv,2,montaje mínimo,1b20bd55cc20c182cf90e34c23795f9e4899f491b1e1ca85df9058eadb0cbb3d,el linaje hospedador arqueano no identificado adquiere y fija enzimas bacterianas,C-064,Afirmación+SPO+Motivo+Resolución,REVISADA,Adjudicación semántica explícita: cada C indicada cubre este valor concreto; no se heredó la fila completa.
data/tablas/02/table-03-2-2-3-soluciones-propuestas-y-estado-del-problema.csv,2,qué la apoya,c8ea1c36038af1f3482b23e56788e6530af04bd18389c830ebf23ee10de330ed,afinidad bacteriana de rutas eucariotas; abundancia de genes bacterianos,C-064,Afirmación,REVISADA,Adjudicación explícita conservadora tras cotejo del valor con Afirmación; no se heredaron todas las C de la fila.
data/tablas/02/table-03-2-2-3-soluciones-propuestas-y-estado-del-problema.csv,2,qué no resuelve,644827ae95db5f8221e551e6e4e86121b98a65fcd266aa902cae8f6054a0a228,el orden y el donante exacto no se observan,C-064,Afirmación+SPO+Motivo,REVISADA,Adjudicación explícita coordinada tras reformular la celda para repetir únicamente la proposición de C-064; no se heredó el rango de la fila.
data/tablas/02/table-03-2-2-3-soluciones-propuestas-y-estado-del-problema.csv,2,estado,cab455c2751acdef19e2b24e5517e7ffb4a004d2dbe62797c435e238b8e75268,sin resolver,C-064,Resolución,REVISADA,Adjudicación explícita conservadora tras cotejo del valor con Resolución; no se heredaron todas las C de la fila.
data/tablas/02/table-03-2-2-3-soluciones-propuestas-y-estado-del-problema.csv,3,montaje mínimo,08a1bd2f0f7a10237bce092cc65547ebb1abdb14893f482e92c2afc500c35307,intermediarios arqueanos con borde transitorio se fusionan con vesículas bacterianas y forman una bicapa mixta,C-065,Afirmación,REVISADA,Adjudicación explícita conservadora tras cotejo del valor con Afirmación; no se heredaron todas las C de la fila.
data/tablas/02/table-03-2-2-3-soluciones-propuestas-y-estado-del-problema.csv,3,qué la apoya,682b1338c1244588e806d2e195499042b66184433fa1b51d5edd819b5205128a,barreras y estabilidad de una bicapa mixta en dinámica molecular [S539],C-065,Afirmación+SPO+Motivo,REVISADA,Adjudicación explícita coordinada tras reformular la celda para repetir únicamente la proposición de C-065; no se heredó el rango de la fila.
data/tablas/02/table-03-2-2-3-soluciones-propuestas-y-estado-del-problema.csv,3,qué no resuelve,0226fe418ec7c6289b55784e3c71d46297dfb5edd7af1f4793b8b1199deee83e,no selecciona una ruta histórica única ni fija participantes y orden,C-067,Afirmación+SPO+Motivo,REVISADA,Adjudicación explícita coordinada tras reformular la celda para repetir únicamente la proposición de C-067; no se heredó el rango de la fila.
data/tablas/02/table-03-2-2-3-soluciones-propuestas-y-estado-del-problema.csv,3,estado,258d463d339ff2374666b055302ac04ce73d3b28f5cdc5ffacadd31f9bdb82fd,sin resolver históricamente; mecanismo físico parcial,C-065; C-067,Afirmación+SPO+Motivo+Resolución,REVISADA,Adjudicación semántica explícita: cada C indicada cubre este valor concreto; no se heredó la fila completa.
data/tablas/02/table-03-2-2-3-soluciones-propuestas-y-estado-del-problema.csv,4,montaje mínimo,10e1e3749b4b7fcc97829ad6829d8ed78badc7fdeac3339cbc6bd0876c8ea43d,el linaje hospedador arqueano no identificado ya poseía mezcla o repertorio distinto,C-066,Afirmación,REVISADA,Adjudicación explícita conservadora tras cotejo del valor con Afirmación; no se heredaron todas las C de la fila.
data/tablas/02/table-03-2-2-3-soluciones-propuestas-y-estado-del-problema.csv,4,qué la apoya,74a98ec94c0434da295bccc3c8725b302acc8ad74066cdab4dcc57f26e73a15c,excepciones modernas a la distribución de rutas,C-066,Afirmación+SPO+Motivo+Resolución,REVISADA,Adjudicación semántica explícita: cada C indicada cubre este valor concreto; no se heredó la fila completa.
data/tablas/02/table-03-2-2-3-soluciones-propuestas-y-estado-del-problema.csv,4,qué no resuelve,cbb8b3eecbcc717b3a9d7e3c725a94dd9a442c8d8126dfd04e99956c3991058b,composición real del hospedador no muestreado,C-066,Afirmación+SPO+Motivo+Resolución,REVISADA,Adjudicación semántica explícita: cada C indicada cubre este valor concreto; no se heredó la fila completa.
data/tablas/02/table-03-2-2-3-soluciones-propuestas-y-estado-del-problema.csv,4,estado,cab455c2751acdef19e2b24e5517e7ffb4a004d2dbe62797c435e238b8e75268,sin resolver,C-066,Resolución,REVISADA,Adjudicación explícita conservadora tras cotejo del valor con Resolución; no se heredaron todas las C de la fila.
data/tablas/02/table-04-2-4-2-divisiones-nombradas-y-clase-de-evidencia-localizada.csv,2,evidencia celular localizada,93f01a3cca3e1d0090d93ec91520c6220d3be2b93854b95d6dd64ca0fdb2f770,diez MAG de Guaymas/Pescadero,C-162,Afirmación+SPO+Motivo+Resolución,REVISADA,Adjudicación semántica explícita: cada C indicada cubre este valor concreto; no se heredó la fila completa.
data/tablas/02/table-04-2-4-2-divisiones-nombradas-y-clase-de-evidencia-localizada.csv,2,ecología o metabolismo localizado,fc1e7a4960d6afa5894b5e2df31680287771a71be12ad5b415ccd1cf5ba654a1,Para Asgardarchaeia se localizó un perfil genómico de procedencia y potencial metabólico en MAG de Guaymas y Pescadero.,C-162,Afirmación,REVISADA,Reescritura conservadora: la celda reproduce exactamente la Afirmación canónica de C-162; no se usó semejanza léxica ni herencia de fila.
data/tablas/02/table-04-2-4-2-divisiones-nombradas-y-clase-de-evidencia-localizada.csv,2,estado en esta sesión,45204439e858bf60449c437eb2ce6bae46ad2fb13c01075e379fd0aa9c68b091,reconstrucción genómica; no fisiología de cultivo,C-162,Afirmación+SPO+Motivo+Resolución,REVISADA,Adjudicación semántica explícita: cada C indicada cubre este valor concreto; no se heredó la fila completa.
data/tablas/02/table-04-2-4-2-divisiones-nombradas-y-clase-de-evidencia-localizada.csv,3,evidencia celular localizada,9fdc77db9f9bf4cd368d08a77e5019ca6968148146f4d4ce25b4448dc0e38540,dos genomas completos y metatranscriptómica de suelo de humedal,C-163,Afirmación,REVISADA,Adjudicación explícita conservadora tras cotejo del valor con Afirmación; no se heredaron todas las C de la fila.
data/tablas/02/table-04-2-4-2-divisiones-nombradas-y-clase-de-evidencia-localizada.csv,3,ecología o metabolismo localizado,f474c93f6f01b423dc628e6076a31976aae1eef3ae0cc3db6c9dd0af4058c074,Para Atabeyarchaeia se localizaron dos genomas y evidencia metatranscriptómica de suelo de humedal.,C-163,Afirmación,REVISADA,Reescritura conservadora: la celda reproduce exactamente la Afirmación canónica de C-163; no se usó semejanza léxica ni herencia de fila.
data/tablas/02/table-04-2-4-2-divisiones-nombradas-y-clase-de-evidencia-localizada.csv,3,estado en esta sesión,33d03e45cbb90fec503935fa1d6443526d4b3b4e406d68a26b62a34b7decd00f,evidencia genómica/transcriptómica; no aislamiento,C-163,Afirmación+SPO+Motivo+Resolución,REVISADA,Adjudicación semántica explícita: cada C indicada cubre este valor concreto; no se heredó la fila completa.
data/tablas/02/table-04-2-4-2-divisiones-nombradas-y-clase-de-evidencia-localizada.csv,4,evidencia celular localizada,2c20a567af91e2505986988911b6b4e06c1fab903e2142b75820eb1e7ffe6eec,MAG de agua de la fosa de Yap,C-164,Afirmación+SPO+Motivo+Resolución,REVISADA,Adjudicación semántica explícita: cada C indicada cubre este valor concreto; no se heredó la fila completa.
data/tablas/02/table-04-2-4-2-divisiones-nombradas-y-clase-de-evidencia-localizada.csv,4,ecología o metabolismo localizado,3b4a130bba7851be0b098b5e4af4b82f6fd48b7bf7e367d638724b04cdb93dda,Para Baldrarchaeia se localizó un perfil genómico de MAG de la fosa de Yap.,C-164,Afirmación,REVISADA,Reescritura conservadora: la celda reproduce exactamente la Afirmación canónica de C-164; no se usó semejanza léxica ni herencia de fila.
data/tablas/02/table-04-2-4-2-divisiones-nombradas-y-clase-de-evidencia-localizada.csv,4,estado en esta sesión,573e56148585aa7f506dd3110057987796404adef2d8cb559bfef7077af80c9f,"rutas y temperatura inferidas, no medidas en cultivo",C-164,Afirmación+SPO+Motivo+Resolución,REVISADA,Adjudicación semántica explícita: cada C indicada cubre este valor concreto; no se heredó la fila completa.
data/tablas/02/table-04-2-4-2-divisiones-nombradas-y-clase-de-evidencia-localizada.csv,5,evidencia celular localizada,2c20a567af91e2505986988911b6b4e06c1fab903e2142b75820eb1e7ffe6eec,MAG de agua de la fosa de Yap,C-165,Afirmación+SPO+Motivo+Resolución,REVISADA,Adjudicación semántica explícita: cada C indicada cubre este valor concreto; no se heredó la fila completa.
data/tablas/02/table-04-2-4-2-divisiones-nombradas-y-clase-de-evidencia-localizada.csv,5,ecología o metabolismo localizado,ec16ba137b81a4936550bd13c4ca8e465dafd1a7f786442e5ce2f47a3524271e,Para Borrarchaeia se localizó un perfil genómico de MAG de la fosa de Yap.,C-165,Afirmación,REVISADA,Reescritura conservadora: la celda reproduce exactamente la Afirmación canónica de C-165; no se usó semejanza léxica ni herencia de fila.
data/tablas/02/table-04-2-4-2-divisiones-nombradas-y-clase-de-evidencia-localizada.csv,5,estado en esta sesión,573e56148585aa7f506dd3110057987796404adef2d8cb559bfef7077af80c9f,"rutas y temperatura inferidas, no medidas en cultivo",C-165,Afirmación+SPO+Motivo+Resolución,REVISADA,Adjudicación semántica explícita: cada C indicada cubre este valor concreto; no se heredó la fila completa.
data/tablas/02/table-04-2-4-2-divisiones-nombradas-y-clase-de-evidencia-localizada.csv,6,evidencia celular localizada,4eddb52008559531095f43afbac0ba1a99b368312a8f13e583e1dd87491c9e91,genoma completo y metatranscriptómica de humedal,C-166,Afirmación+SPO+Motivo+Resolución,REVISADA,Adjudicación semántica explícita: cada C indicada cubre este valor concreto; no se heredó la fila completa.
data/tablas/02/table-04-2-4-2-divisiones-nombradas-y-clase-de-evidencia-localizada.csv,6,ecología o metabolismo localizado,adb8bfb8c46666760d3189afa421f0656abcaf80bd94eb8055afa353d118fc01,Para Freyarchaeia se localizó un perfil genómico y metatranscriptómico de humedal.,C-166,Afirmación,REVISADA,Reescritura conservadora: la celda reproduce exactamente la Afirmación canónica de C-166; no se usó semejanza léxica ni herencia de fila.
data/tablas/02/table-04-2-4-2-divisiones-nombradas-y-clase-de-evidencia-localizada.csv,6,estado en esta sesión,7bd23b97518efc01e4e30f1f8e6c4438688e4a9d2d51bf4c3e4c7be75d4636ac,perfil positivo; reconciliación nomenclatural pendiente,C-166,Afirmación+SPO+Motivo+Resolución,REVISADA,Adjudicación semántica explícita: cada C indicada cubre este valor concreto; no se heredó la fila completa.
data/tablas/02/table-04-2-4-2-divisiones-nombradas-y-clase-de-evidencia-localizada.csv,7,evidencia celular localizada,306025c069dc804247a4613c7756394ee9d1a98bd0dcfdf4dbb96a0f78e1fb98,MAG; observación CARD-FISH para Hodarchaeales afiliados,C-107; C-117,Objeto+Afirmación,REVISADA,Adjudicación explícita conservadora tras cotejo del valor con Objeto+Afirmación; no se heredaron todas las C de la fila.
data/tablas/02/table-04-2-4-2-divisiones-nombradas-y-clase-de-evidencia-localizada.csv,7,ecología o metabolismo localizado,cbdf7749387ff671dce82ec2cb6e9278ea6b6b1342747b7b2c4daed4696393e7,"nichos microóxicos; potencial de respiración de O₂, hemo, ROS e hidrogenasas",C-113; C-118,Afirmación+Objeto,REVISADA,Adjudicación explícita corregida tras cotejo canónico: C-113 y C-118 respaldan nichos microóxicos y el potencial indicado; se retiró C-117 porque solo predica el tamaño del muestreo.
data/tablas/02/table-04-2-4-2-divisiones-nombradas-y-clase-de-evidencia-localizada.csv,7,estado en esta sesión,f38b8fa8ef286ecced2452f905f1f9a9f76bb065ec9e2d0921a4149afda3544a,muestreo metagenómico; 136 Heimdallarchaeia nuevos dentro de 404 MAG asgard,C-117,Afirmación,REVISADA,Revisión semántica explícita: la celda describe el estado del muestreo y no repite una oración narrativa ni lo presenta como fisiología.
data/tablas/02/table-04-2-4-2-divisiones-nombradas-y-clase-de-evidencia-localizada.csv,8,evidencia celular localizada,855777eb3efa1c76e9bd2942c3c3def1b0d911a4d363976f3b651f735629fd50,MAG,C-116,Motivo,REVISADA,Adjudicación explícita conservadora tras cotejo del valor con Motivo; no se heredaron todas las C de la fila.
data/tablas/02/table-04-2-4-2-divisiones-nombradas-y-clase-de-evidencia-localizada.csv,8,ecología o metabolismo localizado,caca9c01c31ec1af7c2df47117c4c03b370de3cc8765b5461f86456076b1985a,degradación potencial de alcanos y aromáticos,C-116,Objeto,REVISADA,Adjudicación explícita conservadora tras cotejo del valor con Objeto; no se heredaron todas las C de la fila.
data/tablas/02/table-04-2-4-2-divisiones-nombradas-y-clase-de-evidencia-localizada.csv,8,estado en esta sesión,181d1ce37dc5ebe4418c5cba26b78b15ca5ba6ea8c30216a89fdaa8bbe669903,inferencia genómica,C-116,Afirmación+SPO+Motivo+Resolución,REVISADA,Adjudicación semántica explícita: cada C indicada cubre este valor concreto; no se heredó la fila completa.
data/tablas/02/table-04-2-4-2-divisiones-nombradas-y-clase-de-evidencia-localizada.csv,9,evidencia celular localizada,ad60128856c4f9823989a8e9c3fd3dea2dd73dcc839e23c71a781522d26720a4,MAG; células afiliadas observadas por CARD-FISH,C-107; C-106,Afirmación+Sujeto+Objeto,REVISADA,Adjudicación explícita conservadora tras cotejo del valor con Afirmación+Sujeto+Objeto; no se heredaron todas las C de la fila.
data/tablas/02/table-04-2-4-2-divisiones-nombradas-y-clase-de-evidencia-localizada.csv,9,ecología o metabolismo localizado,5e0d35255e87dcb23e24cc143f6e0da9100bec11454034bcf05b0a8b1ecaeb65,temperatura óptima inferida; tamaño genómico mediano publicado,C-123; C-125,Afirmación+Objeto,REVISADA,Revisión semántica explícita: C-123 sostiene el tamaño genómico mediano y C-125 la temperatura óptima inferida; se retiró la atribución falsa de metabolismo.
data/tablas/02/table-04-2-4-2-divisiones-nombradas-y-clase-de-evidencia-localizada.csv,9,estado en esta sesión,7e69228d027425439a68ec4d01b08b95d2c1c77015f0489bc1d18c2e01c3bc3b,posición hermana de Eukaryota disputada,C-121; C-131,Afirmación+SPO+Motivo+Resolución,REVISADA,Adjudicación semántica explícita: cada C indicada cubre este valor concreto; no se heredó la fila completa.
data/tablas/02/table-04-2-4-2-divisiones-nombradas-y-clase-de-evidencia-localizada.csv,10,evidencia celular localizada,8a6d1f80ab5acccd9f767f8c7958dfb5d5237d712aa626c94f028fbf4209976d,MAG globales de sedimentos,C-167,Afirmación+SPO+Motivo+Resolución,REVISADA,Adjudicación semántica explícita: cada C indicada cubre este valor concreto; no se heredó la fila completa.
data/tablas/02/table-04-2-4-2-divisiones-nombradas-y-clase-de-evidencia-localizada.csv,10,ecología o metabolismo localizado,f77b6d39df0ee24aace8f7b45118215b3e02a44e54c4728d6b25e8cbd37b500b,Para Jordarchaeia/Jordiarchaeia se localizó un perfil genómico de MAG de sedimentos.,C-167,Afirmación,REVISADA,Reescritura conservadora: la celda reproduce exactamente la Afirmación canónica de C-167; no se usó semejanza léxica ni herencia de fila.
data/tablas/02/table-04-2-4-2-divisiones-nombradas-y-clase-de-evidencia-localizada.csv,10,estado en esta sesión,ec79e2ac699627a5918f2880baf730cc09a7f99c4468775ad708b753cc0ee178,reconstrucción genómica; cotejar circunscripción con Freyarchaeia,C-167,Afirmación+SPO+Motivo+Resolución,REVISADA,Adjudicación semántica explícita: cada C indicada cubre este valor concreto; no se heredó la fila completa.
data/tablas/02/table-04-2-4-2-divisiones-nombradas-y-clase-de-evidencia-localizada.csv,11,evidencia celular localizada,6279ac0a92ca1cc734343a4bfd7f260f12dfaa8f958f88d9f3d60328ebb3fa69,MAG del mar Rojo,C-168,Afirmación,REVISADA,Adjudicación explícita conservadora tras cotejo del valor con Afirmación; no se heredaron todas las C de la fila.
data/tablas/02/table-04-2-4-2-divisiones-nombradas-y-clase-de-evidencia-localizada.csv,11,ecología o metabolismo localizado,e14fd862075f162e36067e90b0101f7c32b1c49568e51e430ee410dc29ce184e,Para Kariarchaeia se localizó un perfil genómico de MAG del mar Rojo.,C-168,Afirmación,REVISADA,Reescritura conservadora: la celda reproduce exactamente la Afirmación canónica de C-168; no se usó semejanza léxica ni herencia de fila.
data/tablas/02/table-04-2-4-2-divisiones-nombradas-y-clase-de-evidencia-localizada.csv,11,estado en esta sesión,fb5ac4db4dd577451d9ba272ae4eabb6f1d898ea4cf265de9ad028471cee2368,potencial y temperatura inferidos; tamaño genómico mediano publicado,C-168; C-123,Afirmación+SPO+Motivo+Resolución,REVISADA,Adjudicación semántica explícita: cada C indicada cubre este valor concreto; no se heredó la fila completa.
data/tablas/02/table-04-2-4-2-divisiones-nombradas-y-clase-de-evidencia-localizada.csv,12,evidencia celular localizada,56929a2c208adb65b4b45a719dd9ac36d1171ccec79f9e7fee00c8fad2594de2,MAG; enriquecimiento de *Lokiarchaeum ossiferum*,C-102; C-079,Afirmación+Objeto,REVISADA,Adjudicación explícita conservadora tras cotejo del valor con Afirmación+Objeto; no se heredaron todas las C de la fila.
data/tablas/02/table-04-2-4-2-divisiones-nombradas-y-clase-de-evidencia-localizada.csv,12,ecología o metabolismo localizado,cf8b55c4c9630e589f68f7d6f84347f972a7ee4ca9d7c99b55301ac285598134,La criotomografía de Lokiarchaeum ossiferum mostró un cuerpo celular con protrusiones ramificadas.,C-103,Afirmación,REVISADA,Reescritura conservadora: la celda reproduce exactamente la Afirmación canónica de C-103; no se usó semejanza léxica ni herencia de fila.
data/tablas/02/table-04-2-4-2-divisiones-nombradas-y-clase-de-evidencia-localizada.csv,12,estado en esta sesión,9fce92a1fb45abfe7f9ff3895cd483e79f98d175e9090fe45b748ecca200cc60,observación celular directa disponible para un enriquecimiento,C-103,Motivo,REVISADA,Adjudicación explícita conservadora tras cotejo del valor con Motivo; no se heredaron todas las C de la fila.
data/tablas/02/table-04-2-4-2-divisiones-nombradas-y-clase-de-evidencia-localizada.csv,13,evidencia celular localizada,855777eb3efa1c76e9bd2942c3c3def1b0d911a4d363976f3b651f735629fd50,MAG,C-130,Afirmación+Sujeto,REVISADA,Adjudicación explícita conservadora tras cotejo del valor con Afirmación+Sujeto; no se heredaron todas las C de la fila.
data/tablas/02/table-04-2-4-2-divisiones-nombradas-y-clase-de-evidencia-localizada.csv,13,ecología o metabolismo localizado,2d4f447696660a7d74e6029cf7d3510526c4630b47967a9b164cec03bb8cf046,Zhang et al. detectaron en MAG atribuidos a Njordarchaeota fracciones de contigs afiliadas a TACK entre 22 % y 51 %.,C-130,Afirmación,REVISADA,Reescritura conservadora: la celda reproduce exactamente la Afirmación canónica de C-130; no se usó semejanza léxica ni herencia de fila.
data/tablas/02/table-04-2-4-2-divisiones-nombradas-y-clase-de-evidencia-localizada.csv,13,estado en esta sesión,aa03f5ce8fbb9e44e1dced87f04e59e81cafe3d15bdb6be246b24046d1931ec7,algunos MAG cuestionados por quimerismo,C-130,Afirmación+SPO+Motivo+Resolución,REVISADA,Adjudicación semántica explícita: cada C indicada cubre este valor concreto; no se heredó la fila completa.
data/tablas/02/table-04-2-4-2-divisiones-nombradas-y-clase-de-evidencia-localizada.csv,14,evidencia celular localizada,6907842f91c5c3406e213dadf746ef318354987172cdd54e34aea3c171e903ed,En la evidencia recuperada no se demostró la localización y función nativas de OdinTubulin en una célula de Odinarchaeota.,C-141,Afirmación,REVISADA,Reescritura conservadora: la celda reproduce exactamente la Afirmación canónica de C-141; no se usó semejanza léxica ni herencia de fila.
data/tablas/02/table-04-2-4-2-divisiones-nombradas-y-clase-de-evidencia-localizada.csv,14,ecología o metabolismo localizado,210ec85a14c0d2269b70d925761bc733f9d700a73a3afc99475dc16c80c02ab3,"tubulina nativa demostrada en otros Asgard, no en Odinarchaeia [S531–S532]",C-139; C-140; C-141,Afirmación+SPO+Motivo+Resolución,REVISADA,Adjudicación semántica explícita: cada C indicada cubre este valor concreto; no se heredó la fila completa.
data/tablas/02/table-04-2-4-2-divisiones-nombradas-y-clase-de-evidencia-localizada.csv,14,estado en esta sesión,f5140299085b0e0cf86160bed3afbbeaf888b85a4ffb8357f1236c6ba3436f36,localización y perturbación de OdinTubulin nativa pendientes,C-141,Afirmación+SPO+Motivo+Resolución,REVISADA,Adjudicación semántica explícita: cada C indicada cubre este valor concreto; no se heredó la fila completa.
data/tablas/02/table-04-2-4-2-divisiones-nombradas-y-clase-de-evidencia-localizada.csv,15,evidencia celular localizada,bd16a62c3482887c009ca64a75cfafacf8c12fcf515dd1f3ce5da4b9e723cf7a,cocultivo puro de *Promethearchaeum syntrophicum*,C-092,Afirmación,REVISADA,Adjudicación explícita conservadora tras cotejo del valor con Afirmación; no se heredaron todas las C de la fila.
data/tablas/02/table-04-2-4-2-divisiones-nombradas-y-clase-de-evidencia-localizada.csv,15,ecología o metabolismo localizado,7177c7f3ee77b7ff71aacd411cf77147bf551634730441e14ed8b75f091a1f8d,catabolismo de aminoácidos y péptidos en sintrofía obligada,C-098,Afirmación,REVISADA,Adjudicación explícita conservadora tras cotejo del valor con Afirmación; no se heredaron todas las C de la fila.
data/tablas/02/table-04-2-4-2-divisiones-nombradas-y-clase-de-evidencia-localizada.csv,15,estado en esta sesión,9863f2f0be3a4b9f0f3e618d93d13bf71e668d2ad920184cd480a30a45820d9f,"Promethearchaeum syntrophicum se mantiene en cocultivo puro con un metanógeno, pero no como cultivo axénico independiente.",C-092,Afirmación,REVISADA,Reescritura conservadora: la celda reproduce exactamente la Afirmación canónica de C-092; no se usó semejanza léxica ni herencia de fila.
data/tablas/02/table-04-2-4-2-divisiones-nombradas-y-clase-de-evidencia-localizada.csv,16,evidencia celular localizada,c835a6ac88b5c7671a18cdd48df83a73605b641a018f0aca403392ad04d354e5,"siete MAG de Guaymas, Bohai y cold seep",C-169,Afirmación,REVISADA,Adjudicación explícita conservadora tras cotejo del valor con Afirmación; no se heredaron todas las C de la fila.
data/tablas/02/table-04-2-4-2-divisiones-nombradas-y-clase-de-evidencia-localizada.csv,16,ecología o metabolismo localizado,e46e499349619558b9638c36930066de2057bc036ed73544f9ff9d77be8229e5,"Para Ranarchaeia se localizaron perfiles genómicos de MAG de Guaymas, Bohai y un cold seep.",C-169,Afirmación,REVISADA,Reescritura conservadora: la celda reproduce exactamente la Afirmación canónica de C-169; no se usó semejanza léxica ni herencia de fila.
data/tablas/02/table-04-2-4-2-divisiones-nombradas-y-clase-de-evidencia-localizada.csv,16,estado en esta sesión,45204439e858bf60449c437eb2ce6bae46ad2fb13c01075e379fd0aa9c68b091,reconstrucción genómica; no fisiología de cultivo,C-169,Afirmación+SPO+Motivo+Resolución,REVISADA,Adjudicación semántica explícita: cada C indicada cubre este valor concreto; no se heredó la fila completa.
data/tablas/02/table-04-2-4-2-divisiones-nombradas-y-clase-de-evidencia-localizada.csv,17,evidencia celular localizada,f87d7b374525e82620955f59c4f5fea35bf26ab33d18c250fa39badda0852a1f,registro nominal SeqCode bajo el nombre exacto,C-170; C-082,Afirmación,REVISADA,Adjudicación explícita conservadora tras cotejo del valor con Afirmación; no se heredaron todas las C de la fila.
data/tablas/02/table-04-2-4-2-divisiones-nombradas-y-clase-de-evidencia-localizada.csv,17,ecología o metabolismo localizado,2ff24ac6c2ca40d37bdf330003526dc93186e9b737b372a8071ddee5b79380c9,`NO LOCALIZADO EN ESTA SESIÓN` bajo el nombre exacto,C-170,Afirmación+SPO+Motivo+Resolución,REVISADA,Adjudicación semántica explícita: cada C indicada cubre este valor concreto; no se heredó la fila completa.
data/tablas/02/table-04-2-4-2-divisiones-nombradas-y-clase-de-evidencia-localizada.csv,17,estado en esta sesión,2f86971afdc0584e9a09bc582539aebc43551d44dceead7e38e7b6886b853b76,fuente primaria ecológica/metabólica accesible pendiente; el registro no aporta fisiología,C-170,Afirmación+SPO+Motivo+Resolución,REVISADA,Adjudicación semántica explícita: cada C indicada cubre este valor concreto; no se heredó la fila completa.
data/tablas/02/table-04-2-4-2-divisiones-nombradas-y-clase-de-evidencia-localizada.csv,18,evidencia celular localizada,855777eb3efa1c76e9bd2942c3c3def1b0d911a4d363976f3b651f735629fd50,MAG,C-111,Afirmación+Motivo,REVISADA,Adjudicación explícita conservadora tras cotejo del valor con Afirmación+Motivo; no se heredaron todas las C de la fila.
data/tablas/02/table-04-2-4-2-divisiones-nombradas-y-clase-de-evidencia-localizada.csv,18,ecología o metabolismo localizado,8a9e003f5fbf3f5f4896ec2135415f1dab615c2cf4aeaab1042ad2513e266a77,acetogénesis y reducción de azufre reconstruidas en sedimentos,C-111,Afirmación+SPO+Motivo+Resolución,REVISADA,Adjudicación semántica explícita: cada C indicada cubre este valor concreto; no se heredó la fila completa.
data/tablas/02/table-04-2-4-2-divisiones-nombradas-y-clase-de-evidencia-localizada.csv,18,estado en esta sesión,ad5270851aeaa12675ccd8cbc28ede7441ac12a8692431e6e811509a03f5cfc2,potencial metabólico reconstruido en MAG; no fisiología medida,C-111,Motivo,REVISADA,Revisión semántica explícita: la celda distingue la reconstrucción genómica del estado fisiológico no medido.
data/tablas/02/table-04-2-4-2-divisiones-nombradas-y-clase-de-evidencia-localizada.csv,19,evidencia celular localizada,b81a6df8559d347b3137817d2bed523db886e60659835d15832a2f4dd629ef26,dos MAG en la fuente primaria localizada,C-115,Afirmación+SPO+Motivo+Resolución,REVISADA,Adjudicación semántica explícita: cada C indicada cubre este valor concreto; no se heredó la fila completa.
data/tablas/02/table-04-2-4-2-divisiones-nombradas-y-clase-de-evidencia-localizada.csv,19,ecología o metabolismo localizado,61efb4a6ce84a16540d8997c28d8689efc1c61ccdccae03063abd82016faef6e,polisacáridos y metilotrofia anaerobia,C-115,Afirmación+Objeto,REVISADA,Adjudicación explícita conservadora tras cotejo del valor con Afirmación+Objeto; no se heredaron todas las C de la fila.
data/tablas/02/table-04-2-4-2-divisiones-nombradas-y-clase-de-evidencia-localizada.csv,19,estado en esta sesión,ecc183f05082e666d84f688a145d27de893c4af6e6f78e73c2159468d220a440,relación nomenclatural con la lista principal dependiente de circunscripción,C-084,Afirmación+SPO+Motivo+Resolución,REVISADA,Adjudicación semántica explícita: cada C indicada cubre este valor concreto; no se heredó la fila completa.
data/tablas/02/table-04-2-4-2-divisiones-nombradas-y-clase-de-evidencia-localizada.csv,20,estado en esta sesión,fe748a3fdbae629b9f514778c17e6a6fd9b28a463430e768edacc7c1080cf1a9,nombre alternativo o relacionado en el registro consultado,C-084,Afirmación+SPO+Motivo+Resolución,REVISADA,Adjudicación semántica explícita: cada C indicada cubre este valor concreto; no se heredó la fila completa.
data/tablas/02/table-05-2-7-proteinas-de-firma-eucariota-deteccion-y-funcion.csv,2,detección por secuencia,a89694a1bf9aa1720b146cde9cb6c31e4dc251c1c81568af9aad36421f082f18,sí,C-132,Afirmación+SPO+Motivo+Resolución,REVISADA,Adjudicación semántica explícita: cada C indicada cubre este valor concreto; no se heredó la fila completa.
data/tablas/02/table-05-2-7-proteinas-de-firma-eucariota-deteccion-y-funcion.csv,2,caracterización funcional localizada,c4d311c4e6a61da2923f74ed6da509b48d70fb2207a8ea741682fd13814f63f0,red filamentosa observada por criotomografía en células del enriquecimiento,C-133,Afirmación+SPO+Motivo,REVISADA,Adjudicación explícita coordinada tras reformular la celda para repetir únicamente la proposición de C-133; no se heredó el rango de la fila.
data/tablas/02/table-05-2-7-proteinas-de-firma-eucariota-deteccion-y-funcion.csv,2,observación en célula asgard nativa,70df7a2e5b57525595faca338a2fa07b26d2d4ab2cfebf9948851969e50a0e9e,"sí, red filamentosa en *L. ossiferum*",C-133,Afirmación+SPO+Motivo+Resolución,REVISADA,Adjudicación semántica explícita: cada C indicada cubre este valor concreto; no se heredó la fila completa.
data/tablas/02/table-05-2-7-proteinas-de-firma-eucariota-deteccion-y-funcion.csv,2,límite,f50e6c0f47a9c95c8b5214689cef2e64f533106b9ef5adfa68c53a8c116e4ce9,"la presencia de secuencia está respaldada, pero la función varía por familia",C-132,Afirmación+SPO+Motivo,REVISADA,Adjudicación explícita coordinada tras reformular la celda para repetir únicamente la proposición de C-132; no se heredó el rango de la fila.
data/tablas/02/table-05-2-7-proteinas-de-firma-eucariota-deteccion-y-funcion.csv,3,detección por secuencia,a89694a1bf9aa1720b146cde9cb6c31e4dc251c1c81568af9aad36421f082f18,sí,C-132,Afirmación+SPO+Motivo+Resolución,REVISADA,Adjudicación semántica explícita: cada C indicada cubre este valor concreto; no se heredó la fila completa.
data/tablas/02/table-05-2-7-proteinas-de-firma-eucariota-deteccion-y-funcion.csv,3,caracterización funcional localizada,2f940ea94578ce7c285c20d9cdb63ed429e9b8ac527ad4b8b2cc7bc0966be5fa,regulación de actina heteróloga in vitro,C-134,Afirmación+Objeto,REVISADA,Adjudicación explícita conservadora tras cotejo del valor con Afirmación+Objeto; no se heredaron todas las C de la fila.
data/tablas/02/table-05-2-7-proteinas-de-firma-eucariota-deteccion-y-funcion.csv,3,observación en célula asgard nativa,ab44534cfba68c53b6b8657f67580db5bc8108d563dfb5a72273fd0a1bf39644,la actina ensayada no procedía de una célula asgard nativa,C-134,Afirmación+SPO+Motivo,REVISADA,Adjudicación explícita coordinada tras reformular la celda para repetir únicamente la proposición de C-134; no se heredó el rango de la fila.
data/tablas/02/table-05-2-7-proteinas-de-firma-eucariota-deteccion-y-funcion.csv,3,límite,c96bcf547a5c62766b333021f39356791b3eddb5c7f49dcbc6025890e4a27dc4,"ensayo recombinante, no fenotipo nativo",C-134,Afirmación+SPO+Motivo+Resolución,REVISADA,Adjudicación semántica explícita: cada C indicada cubre este valor concreto; no se heredó la fila completa.
data/tablas/02/table-05-2-7-proteinas-de-firma-eucariota-deteccion-y-funcion.csv,4,detección por secuencia,a89694a1bf9aa1720b146cde9cb6c31e4dc251c1c81568af9aad36421f082f18,sí,C-132,Afirmación+SPO+Motivo+Resolución,REVISADA,Adjudicación semántica explícita: cada C indicada cubre este valor concreto; no se heredó la fila completa.
data/tablas/02/table-05-2-7-proteinas-de-firma-eucariota-deteccion-y-funcion.csv,4,caracterización funcional localizada,c122741ee8e7b888bbbba9f47bc10443893b8542f57f9e5c8604720b5d1e8e85,"unión, corte, tapado, recocido y agrupamiento dependientes de Ca²⁺ según proteína",C-135,Afirmación,REVISADA,Adjudicación explícita conservadora tras cotejo del valor con Afirmación; no se heredaron todas las C de la fila.
data/tablas/02/table-05-2-7-proteinas-de-firma-eucariota-deteccion-y-funcion.csv,4,observación en célula asgard nativa,f0efeb885484fd6ef654a85d473e451fdb5c4c34cc1c41dff6bb75560a96e045,"medición con proteínas purificadas, no en una célula asgard nativa",C-135,Afirmación+SPO+Motivo,REVISADA,Adjudicación explícita coordinada tras reformular la celda para repetir únicamente la proposición de C-135; no se heredó el rango de la fila.
data/tablas/02/table-05-2-7-proteinas-de-firma-eucariota-deteccion-y-funcion.csv,4,límite,e52c874519f5a3dec42258c0e7a37a58f2cb406415134ed59c88d86f24a320d4,funciones distribuidas entre proteínas recombinantes,C-135,Afirmación+SPO+Motivo+Resolución,REVISADA,Adjudicación semántica explícita: cada C indicada cubre este valor concreto; no se heredó la fila completa.
data/tablas/02/table-05-2-7-proteinas-de-firma-eucariota-deteccion-y-funcion.csv,5,detección por secuencia,a89694a1bf9aa1720b146cde9cb6c31e4dc251c1c81568af9aad36421f082f18,sí,C-132,Afirmación+SPO+Motivo+Resolución,REVISADA,Adjudicación semántica explícita: cada C indicada cubre este valor concreto; no se heredó la fila completa.
data/tablas/02/table-05-2-7-proteinas-de-firma-eucariota-deteccion-y-funcion.csv,5,caracterización funcional localizada,2be6ccdbfb3da1edcb19f68eb4b57c83cfbb666ad014f9dc0d3020e161db61db,"ensamblaje, remodelado y desensamblaje bioquímicos",C-136,Objeto,REVISADA,Adjudicación explícita conservadora tras cotejo del valor con Objeto; no se heredaron todas las C de la fila.
data/tablas/02/table-05-2-7-proteinas-de-firma-eucariota-deteccion-y-funcion.csv,5,observación en célula asgard nativa,69a87fef6ba6dafbe70ed121e5177dafe9ce1284dc84bfa294f96852e2a06fb8,la función fisiológica nativa completa no se observó,C-136,Afirmación+SPO+Motivo,REVISADA,Adjudicación explícita coordinada tras reformular la celda para repetir únicamente la proposición de C-136; no se heredó el rango de la fila.
data/tablas/02/table-05-2-7-proteinas-de-firma-eucariota-deteccion-y-funcion.csv,5,límite,3a57dfa428639e5519e98c9775de36126a31b209ba17b1efa49b69746fe4772d,función fisiológica concreta no observada en una célula asgard,C-136,Afirmación+SPO+Motivo+Resolución,REVISADA,Adjudicación semántica explícita: cada C indicada cubre este valor concreto; no se heredó la fila completa.
data/tablas/02/table-05-2-7-proteinas-de-firma-eucariota-deteccion-y-funcion.csv,6,detección por secuencia,a89694a1bf9aa1720b146cde9cb6c31e4dc251c1c81568af9aad36421f082f18,sí,C-132,Afirmación+SPO+Motivo+Resolución,REVISADA,Adjudicación semántica explícita: cada C indicada cubre este valor concreto; no se heredó la fila completa.
data/tablas/02/table-05-2-7-proteinas-de-firma-eucariota-deteccion-y-funcion.csv,6,caracterización funcional localizada,b0e0e7a9e56862095d4036f58b09ac0d8b61ff9fec8251848da7ca44ec179e6e,componentes y conjugación caracterizados estructural y bioquímicamente,C-137,Afirmación+SPO+Motivo+Resolución,REVISADA,Adjudicación semántica explícita: cada C indicada cubre este valor concreto; no se heredó la fila completa.
data/tablas/02/table-05-2-7-proteinas-de-firma-eucariota-deteccion-y-funcion.csv,6,observación en célula asgard nativa,305df588ca82a7494541e7664bd21a1e69140e4faac48da3228653037973182f,"caracterización con proteínas recombinantes, no observación celular nativa",C-137,Afirmación+SPO+Motivo,REVISADA,Adjudicación explícita coordinada tras reformular la celda para repetir únicamente la proposición de C-137; no se heredó el rango de la fila.
data/tablas/02/table-05-2-7-proteinas-de-firma-eucariota-deteccion-y-funcion.csv,6,límite,f18639771c17ca591295a1dca5a5a96ad222354caaad302c7aafe6f0b2bff555,"filogenia, estructura y bioquímica de proteínas recombinantes",C-137,Afirmación+SPO+Motivo,REVISADA,Adjudicación explícita coordinada tras reformular la celda para repetir únicamente la proposición de C-137; no se heredó el rango de la fila.
data/tablas/02/table-05-2-7-proteinas-de-firma-eucariota-deteccion-y-funcion.csv,7,detección por secuencia,a89694a1bf9aa1720b146cde9cb6c31e4dc251c1c81568af9aad36421f082f18,sí,C-132,Afirmación+SPO+Motivo+Resolución,REVISADA,Adjudicación semántica explícita: cada C indicada cubre este valor concreto; no se heredó la fila completa.
data/tablas/02/table-05-2-7-proteinas-de-firma-eucariota-deteccion-y-funcion.csv,7,caracterización funcional localizada,7bf8e199d0658dedf52d3184fea08be87545795ecec28b493d0bb297708ef26d,"OdinTubulin: protofilamentos, anillos y dinámica in vitro; Heimdallarchaeales: dinámica y deformación de liposomas [S43; S532]",C-138; C-140,Afirmación+SPO+Motivo+Resolución,REVISADA,Adjudicación semántica explícita: cada C indicada cubre este valor concreto; no se heredó la fila completa.
data/tablas/02/table-05-2-7-proteinas-de-firma-eucariota-deteccion-y-funcion.csv,7,observación en célula asgard nativa,a09a4c0b41bb9653884ec4615707b3b5677d638e8acf735d3a82ac2c5b2d12df,microtúbulos AtubA/B en Lokiarchaeia [S531]; no OdinTubulin nativa,C-139; C-141,Afirmación+SPO+Motivo+Resolución,REVISADA,Adjudicación semántica explícita: cada C indicada cubre este valor concreto; no se heredó la fila completa.
data/tablas/02/table-05-2-7-proteinas-de-firma-eucariota-deteccion-y-funcion.csv,7,límite,e5e8ee5c93393033bc4f23c1ba8f2c0c362a4b2b6eba5b71b7c07aa1c0656dfa,no extrapolar entre clases; falta localización y perturbación en Odinarchaeota,C-141,Afirmación+SPO+Motivo+Resolución,REVISADA,Adjudicación semántica explícita: cada C indicada cubre este valor concreto; no se heredó la fila completa.
data/tablas/02/table-05-2-7-proteinas-de-firma-eucariota-deteccion-y-funcion.csv,8,detección por secuencia,a89694a1bf9aa1720b146cde9cb6c31e4dc251c1c81568af9aad36421f082f18,sí,C-132,Afirmación+SPO+Motivo+Resolución,REVISADA,Adjudicación semántica explícita: cada C indicada cubre este valor concreto; no se heredó la fila completa.
data/tablas/02/table-05-2-7-proteinas-de-firma-eucariota-deteccion-y-funcion.csv,8,caracterización funcional localizada,c32a4112d34bc6a619dd59cfd06ee2ac3f686e477d91a7d58e3e8d41c26b1e9a,pliegues y bioquímica recombinante; ArfR se asocia con membranas y altera endomembranas en sistemas heterólogos [S44; S533–S534],C-142; C-143; C-144,Afirmación+SPO+Motivo+Resolución,REVISADA,Adjudicación semántica explícita: cada C indicada cubre este valor concreto; no se heredó la fila completa.
data/tablas/02/table-05-2-7-proteinas-de-firma-eucariota-deteccion-y-funcion.csv,8,observación en célula asgard nativa,0227dd189182dd537aed237b81c29911b9bc1bc5e19c6db8be0bc414c33c97f5,"vesículas internas en preprint S535, no enlazadas causalmente a una GTPasa",C-145,Afirmación+SPO+Motivo+Resolución,REVISADA,Adjudicación semántica explícita: cada C indicada cubre este valor concreto; no se heredó la fila completa.
data/tablas/02/table-05-2-7-proteinas-de-firma-eucariota-deteccion-y-funcion.csv,8,límite,f52b9c7369aafa8d0ae840b19344b83c94e6f427cf743894aec33ba3278e63f9,falta colocalización y perturbación causal nativas; S535 no está revisado por pares,C-146,Afirmación+SPO+Motivo+Resolución,REVISADA,Adjudicación semántica explícita: cada C indicada cubre este valor concreto; no se heredó la fila completa.
data/tablas/02/table-06-2-8-2-el-grupo-vivo-mas-proximo-no-esta-resuelto.csv,2,muestreo o modelo destacado,85150b8cb422117609041211239a1e8cf6e71af5443e2407513fe8f28705e208,doce clados alfa divergentes y un linaje hermano; controles de ramas y composición,C-151; C-150,Afirmación+Motivo,REVISADA,Adjudicación explícita conservadora tras cotejo del valor con Afirmación+Motivo; no se heredaron todas las C de la fila.
data/tablas/02/table-06-2-8-2-el-grupo-vivo-mas-proximo-no-esta-resuelto.csv,2,topología,9c3834130559c75d990b9045f196157ddaece4ab066e31afd00c1516809bf056,mitocondrias hermanas de alfa-proteobacterias muestreadas,C-150,Afirmación,REVISADA,Adjudicación explícita conservadora tras cotejo del valor con Afirmación; no se heredaron todas las C de la fila.
data/tablas/02/table-06-2-8-2-el-grupo-vivo-mas-proximo-no-esta-resuelto.csv,2,qué excluye o no excluye,a46e301b025781fff83ef60485b20885e23aa7d9392bfda75418f3089ec98864,no identifica una familia alfa viviente como hermana,C-150,Afirmación+SPO+Motivo+Resolución,REVISADA,Adjudicación semántica explícita: cada C indicada cubre este valor concreto; no se heredó la fila completa.
data/tablas/02/table-06-2-8-2-el-grupo-vivo-mas-proximo-no-esta-resuelto.csv,3,muestreo o modelo destacado,f8c70b84373222d5155c28852bd0a724fba8fa5235bf0943e867829b3058c8a3,muestreo taxonómico sistemático y retirada de sitios,C-153,Afirmación,REVISADA,Adjudicación explícita conservadora tras cotejo del valor con Afirmación; no se heredaron todas las C de la fila.
data/tablas/02/table-06-2-8-2-el-grupo-vivo-mas-proximo-no-esta-resuelto.csv,3,topología,54760247729c99b5ee967cacc07860f75d5d57a8cb695a9a057a153c0d403931,mitocondrias dentro de Alpha IIb,C-152,Afirmación,REVISADA,Adjudicación explícita conservadora tras cotejo del valor con Afirmación; no se heredaron todas las C de la fila.
data/tablas/02/table-06-2-8-2-el-grupo-vivo-mas-proximo-no-esta-resuelto.csv,3,qué excluye o no excluye,795121051c5c79fdf8b22574ed20d204d64d10245c660e2497a1dcfb8b4dd0e3,contradice una posición completamente externa,C-152,Afirmación+SPO+Motivo+Resolución,REVISADA,Adjudicación semántica explícita: cada C indicada cubre este valor concreto; no se heredó la fila completa.
data/tablas/02/table-06-2-8-2-el-grupo-vivo-mas-proximo-no-esta-resuelto.csv,4,muestreo o modelo destacado,dfd8b7efe52eb785a7afc73c41df4f8edf120975140339f9952fb405ebce0dd0,108 proteínas; MAM60+GFmix,C-154; C-155,Afirmación+Objeto,REVISADA,Adjudicación explícita conservadora tras cotejo del valor con Afirmación+Objeto; no se heredaron todas las C de la fila.
data/tablas/02/table-06-2-8-2-el-grupo-vivo-mas-proximo-no-esta-resuelto.csv,4,topología,827b35fefec4724dcd7621eb5ed857e2cbe7b8d9c2fb33dc97a6c98a188604b4,mitocondrias hermanas de alfa-proteobacterias conocidas,C-156,Afirmación,REVISADA,Adjudicación explícita conservadora tras cotejo del valor con Afirmación; no se heredaron todas las C de la fila.
data/tablas/02/table-06-2-8-2-el-grupo-vivo-mas-proximo-no-esta-resuelto.csv,4,qué excluye o no excluye,3bf7b158ae69f734c33a3f8593e10b145ca11fc84d3652673c50aa04a2fc6dab,contradice Alpha IIb como ubicación estable bajo ese modelo,C-156,Afirmación+SPO+Motivo+Resolución,REVISADA,Adjudicación semántica explícita: cada C indicada cubre este valor concreto; no se heredó la fila completa.
data/tablas/02/table-06-2-8-2-el-grupo-vivo-mas-proximo-no-esta-resuelto.csv,5,muestreo o modelo destacado,c54ded2c04e51cba66f4b5c7972e2b2494d52e87501ca7baba04350dbe67c579,triangulación de rasgos metabólicos,C-157,Afirmación+Motivo,REVISADA,Adjudicación explícita conservadora tras cotejo del valor con Afirmación+Motivo; no se heredaron todas las C de la fila.
data/tablas/02/table-06-2-8-2-el-grupo-vivo-mas-proximo-no-esta-resuelto.csv,5,topología,cfca5b136f9bc510ae1f05254f57cab5f45c24583d4e8e9a372473be06237317,Iodidimonadales como mejor candidato funcional,C-157,Afirmación+SPO+Motivo+Resolución,REVISADA,Adjudicación semántica explícita: cada C indicada cubre este valor concreto; no se heredó la fila completa.
data/tablas/02/table-06-2-8-2-el-grupo-vivo-mas-proximo-no-esta-resuelto.csv,5,qué excluye o no excluye,29c2468e124fcd4715e3cd5e326a3880a34e9b6debbf7d04a94d8e6368c07dca,no demuestra grupo hermano filogenético,C-158,Afirmación,REVISADA,Adjudicación explícita conservadora tras cotejo del valor con Afirmación; no se heredaron todas las C de la fila.
data/tablas/03/table-08-3-1-1-etiquetas-y-alcance.csv,2,término original,277fb991603653385518781d7749b50be861729ca8fdfc5044167f6f4f347bbf,last universal common ancestor,C-176; C-179,Afirmación+SPO+Motivo,REVISADA,Revisión semántica explícita: la celda conserva solo contenido equivalente a las C indicadas; no se usó semejanza léxica como prueba.
data/tablas/03/table-08-3-1-1-etiquetas-y-alcance.csv,2,uso operacional en esta parte,63905488415b1288d490206497a4a3f729169132cd614cce040f9adb33ea0368,población ancestral del nodo Bacteria–Archaea,C-179,Afirmación,REVISADA,Adjudicación explícita conservadora tras cotejo del valor con Afirmación; no se heredaron todas las C de la fila.
data/tablas/03/table-08-3-1-1-etiquetas-y-alcance.csv,3,término original,957e4302e17d87588f8cb22f02274609ccd572fe836892b3ca75c519430a5e15,last bacterial common ancestor,C-178; C-180,Afirmación+SPO+Motivo,REVISADA,Revisión semántica explícita: la celda conserva solo contenido equivalente a las C indicadas; no se usó semejanza léxica como prueba.
data/tablas/03/table-08-3-1-1-etiquetas-y-alcance.csv,3,uso operacional en esta parte,729247609fd003a9c8a6f99fdd7f8991ba3aae0b14cf0274bbc958cb4f5b3f57,último ancestro común de las bacterias vivientes muestreadas; designación explícita más antigua localizada en S540 (2003),C-178; C-180,Afirmación+SPO+Motivo,REVISADA,Revisión semántica explícita: la celda conserva solo contenido equivalente a las C indicadas; no se usó semejanza léxica como prueba.
data/tablas/03/table-08-3-1-1-etiquetas-y-alcance.csv,4,término original,5c88f26c950fc336ada6cd7a32815b0c8ae6b91daa86a6d43767a936f769359b,last archaeal common ancestor,C-178; C-181,Afirmación+SPO+Motivo,REVISADA,Revisión semántica explícita: la celda conserva solo contenido equivalente a las C indicadas; no se usó semejanza léxica como prueba.
data/tablas/03/table-08-3-1-1-etiquetas-y-alcance.csv,4,uso operacional en esta parte,4f2b0c151a7f29be05c171152ec521e5e5201296f7293a96b3fd511d8f278ea6,último ancestro común de las arqueas vivientes bajo la circunscripción adoptada; designación explícita más antigua localizada en S540 (2003),C-178; C-181,Afirmación+SPO+Motivo,REVISADA,Revisión semántica explícita: la celda conserva solo contenido equivalente a las C indicadas; no se usó semejanza léxica como prueba.
data/tablas/03/table-08-3-1-1-etiquetas-y-alcance.csv,5,término original,66996aaab7e66357ac5cff769d84eadf41ec302c414ac11e3aee7ceeea70eb4a,first eukaryotic common ancestor,C-184; C-428,Afirmación+SPO+Motivo,REVISADA,Revisión semántica explícita: la celda conserva solo contenido equivalente a las C indicadas; no se usó semejanza léxica como prueba.
data/tablas/03/table-08-3-1-1-etiquetas-y-alcance.csv,5,uso operacional en esta parte,d0e453e820256469d635c62105bfabc0efbd92df88478356f90cb768e398bb7e,primer descendiente del lado eucariota tras la divergencia del linaje asgard hermano; designación explícita más antigua localizada en S51 (2005),C-184; C-428,Afirmación+SPO+Motivo,REVISADA,Revisión semántica explícita: la celda conserva solo contenido equivalente a las C indicadas; no se usó semejanza léxica como prueba.
data/tablas/03/table-08-3-1-1-etiquetas-y-alcance.csv,6,término original,3f713f514783c67f91f8ae2da6c7f00e8f808e755479c272d5446604e7a05b79,nuclear FECA,C-192,Afirmación+SPO+Motivo,REVISADA,Revisión semántica explícita: la celda conserva solo contenido equivalente a las C indicadas; no se usó semejanza léxica como prueba.
data/tablas/03/table-08-3-1-1-etiquetas-y-alcance.csv,6,uso operacional en esta parte,4037a82f9b9b9506dad7e483ebfa37b5ca10745d6f9e56338e3c7652d002a69e,extremo nuclear del tallo usado por Kay et al.,C-192,Afirmación+SPO+Motivo,REVISADA,Revisión semántica explícita: la celda conserva solo contenido equivalente a las C indicadas; no se usó semejanza léxica como prueba.
data/tablas/03/table-08-3-1-1-etiquetas-y-alcance.csv,7,término original,56b21640238512ed3145ce5748a031363fc605483a344b05db4aba55900e77f5,first mitochondrial common ancestor / mitochondrial FECA,C-186; C-192,Afirmación+SPO+Motivo,REVISADA,Revisión semántica explícita: la celda conserva solo contenido equivalente a las C indicadas; no se usó semejanza léxica como prueba.
data/tablas/03/table-08-3-1-1-etiquetas-y-alcance.csv,7,uso operacional en esta parte,4c0ba70cd57f6384cd8a2429caa3c97a01b932d1c916849d6619a705cdd3a58d,primer descendiente del lado mitocondrial tras separarse de Alphaproteobacteria,C-186,Afirmación+SPO+Motivo,REVISADA,Revisión semántica explícita: la celda conserva solo contenido equivalente a las C indicadas; no se usó semejanza léxica como prueba.
data/tablas/03/table-08-3-1-1-etiquetas-y-alcance.csv,8,término original,df59a6379304f81e482a8c94981b28c774a774dd1a89832cac91ea80ed1f2664,last eukaryotic common ancestor,C-188,Afirmación+SPO+Motivo,REVISADA,Revisión semántica explícita: la celda conserva solo contenido equivalente a las C indicadas; no se usó semejanza léxica como prueba.
data/tablas/03/table-08-3-1-1-etiquetas-y-alcance.csv,8,uso operacional en esta parte,6c43babc3ccbd798e27afe366f5e308ecf06e09003d0bdaa65087fc332e7f38b,último ancestro común de todos los eucariotas vivientes; no el primer eucariota,C-188; C-189,Afirmación+Objeto,REVISADA,Adjudicación explícita conservadora tras cotejo del valor con Afirmación+Objeto; no se heredaron todas las C de la fila.
data/tablas/03/table-09-3-2-7-matriz-de-caracteres-y-metodo-de-inferencia.csv,2,método o criterio,13a66f06b0abba64154f57b8abc8705ff6be1b86b8bb079c0605fe4228264371,distribución universal de orgánulos mitocondriales derivados y comparación de sistemas,C-233,Afirmación+SPO+Motivo,REVISADA,Revisión semántica explícita: la celda conserva solo contenido equivalente a las C indicadas; no se usó semejanza léxica como prueba.
data/tablas/03/table-09-3-2-7-matriz-de-caracteres-y-metodo-de-inferencia.csv,2,resolución y límite,edb6bab4c97189d2df8b3cccc8288d7f97152d79253302e58ebfcba6d91ba251,presencia en LECA; reducciones o pérdidas secundarias,C-233,Afirmación+SPO+Motivo,REVISADA,Revisión semántica explícita: la celda conserva solo contenido equivalente a las C indicadas; no se usó semejanza léxica como prueba.
data/tablas/03/table-09-3-2-7-matriz-de-caracteres-y-metodo-de-inferencia.csv,3,método o criterio,3168d6f85f68f192c230e7222e74b3cb4f7cd02574be7c4a563588a5730edaec,homología de MICOS/alphaMICOS y universalidad mitocondrial ancestral,C-236; C-234; C-235,Afirmación+Motivo+Sujeto,REVISADA,Adjudicación explícita conservadora tras cotejo del valor con Afirmación+Motivo+Sujeto; no se heredaron todas las C de la fila.
data/tablas/03/table-09-3-2-7-matriz-de-caracteres-y-metodo-de-inferencia.csv,3,resolución y límite,bc355a0840ef2eb7179a458635d9040cd6bcb2de26c7cdf62b1f0014a040f146,forma exacta y cronología de transformación no observadas,C-234; C-236,Afirmación+SPO+Motivo,REVISADA,Revisión semántica explícita: la celda conserva solo contenido equivalente a las C indicadas; no se usó semejanza léxica como prueba.
data/tablas/03/table-09-3-2-7-matriz-de-caracteres-y-metodo-de-inferencia.csv,4,método o criterio,cd56f2905b918809dbec69095922ea9f6539a87df0845979edd8dd263d68e121,60 genomas; distribución de 19 nucleoporinas; parsimonia de 23–26/31,C-221; C-219; C-220; C-222,Afirmación+Objeto+Motivo,REVISADA,Adjudicación explícita conservadora tras cotejo del valor con Afirmación+Objeto+Motivo; no se heredaron todas las C de la fila.
data/tablas/03/table-09-3-2-7-matriz-de-caracteres-y-metodo-de-inferencia.csv,4,resolución y límite,d524db82b69dab08332433ecbc1d3e7851d714f2e15c87a102ab9964a260257b,geometría y orden dentro del tallo no resueltos,C-222,Afirmación+SPO+Motivo,REVISADA,Revisión semántica explícita: la celda conserva solo contenido equivalente a las C indicadas; no se usó semejanza léxica como prueba.
data/tablas/03/table-09-3-2-7-matriz-de-caracteres-y-metodo-de-inferencia.csv,5,método o criterio,1baea5cdb4a382fc62f1af657e4be365c496ab1a741e66151d9927f8aba44a29,paralogía y distribución profunda de Rab y SNARE,C-227; C-223,Objeto+Afirmación,REVISADA,Adjudicación explícita conservadora tras cotejo del valor con Objeto+Afirmación; no se heredaron todas las C de la fila.
data/tablas/03/table-09-3-2-7-matriz-de-caracteres-y-metodo-de-inferencia.csv,5,resolución y límite,79926bb0da8b640f5ac8606b8800687bed6e16ba6899dd75897b881cb5bd5785,morfología ancestral exacta no observable,C-227,Afirmación+SPO+Motivo,REVISADA,Revisión semántica explícita: la celda conserva solo contenido equivalente a las C indicadas; no se usó semejanza léxica como prueba.
data/tablas/03/table-09-3-2-7-matriz-de-caracteres-y-metodo-de-inferencia.csv,6,método o criterio,e32ee398bbe030a86428e2a4f053d47ea165cfcc6eb42c4e3a23b1c36fd6a191,distribución paneucariota y filogenias de familias,C-228; C-229,Afirmación+Motivo,REVISADA,Adjudicación explícita conservadora tras cotejo del valor con Afirmación+Motivo; no se heredaron todas las C de la fila.
data/tablas/03/table-09-3-2-7-matriz-de-caracteres-y-metodo-de-inferencia.csv,6,resolución y límite,f348bcb4f08db8ba822c887f1d765cb50755386a127c2568d1aada727b3a3267,familias homólogas ampliamente distribuidas y anteriores a las divergencias mayores,C-228; C-229,Afirmación+SPO+Motivo,REVISADA,Revisión semántica explícita: la celda conserva solo contenido equivalente a las C indicadas; no se usó semejanza léxica como prueba.
data/tablas/03/table-09-3-2-7-matriz-de-caracteres-y-metodo-de-inferencia.csv,7,método o criterio,63a809fadfff43b31fb0785263a8aaaf70789cbd64be28b231b738b9962fe968,"distribución de componentes, homología y duplicación de módulos IFT",C-231; C-230,Afirmación+Objeto+Motivo,REVISADA,Adjudicación explícita conservadora tras cotejo del valor con Afirmación+Objeto+Motivo; no se heredaron todas las C de la fila.
data/tablas/03/table-09-3-2-7-matriz-de-caracteres-y-metodo-de-inferencia.csv,7,resolución y límite,dc5e6718324a9553ca37a88e412fbdcfd9db215ce87d9f716ada681234f58f5b,estado funcional y ciclo de uso no observados,C-232,Afirmación+SPO+Motivo,REVISADA,Revisión semántica explícita: la celda conserva solo contenido equivalente a las C indicadas; no se usó semejanza léxica como prueba.
data/tablas/03/table-09-3-2-7-matriz-de-caracteres-y-metodo-de-inferencia.csv,8,método o criterio,e7f37dfa0b826e4d96efeb7aac9aca051f7df21429b15a5a8d4713b1cd73dfa1,distribución comparada de PEX y origen mosaico del proteoma,C-238; C-239,Motivo+Afirmación+Sujeto+Objeto,REVISADA,Adjudicación explícita conservadora tras cotejo del valor con Motivo+Afirmación+Sujeto+Objeto; no se heredaron todas las C de la fila.
data/tablas/03/table-09-3-2-7-matriz-de-caracteres-y-metodo-de-inferencia.csv,8,resolución y límite,8c545ad1c96a4d4dbff0ecc34ba1bbaf195b7170e29cbc084e1fbff07522f797,presencia en LECA compatible con pérdidas secundarias,C-238,Afirmación+SPO+Motivo,REVISADA,Revisión semántica explícita: la celda conserva solo contenido equivalente a las C indicadas; no se usó semejanza léxica como prueba.
data/tablas/03/table-09-3-2-7-matriz-de-caracteres-y-metodo-de-inferencia.csv,9,método o criterio,660341ae10adda18f194bdc15630ed57309b103c2268f989f304a17734166f19,filogenómica de maquinaria y reconstrucción de estados,C-241; C-243,Afirmación+SPO+Motivo,REVISADA,Revisión semántica explícita: la celda conserva solo contenido equivalente a las C indicadas; no se usó semejanza léxica como prueba.
data/tablas/03/table-09-3-2-7-matriz-de-caracteres-y-metodo-de-inferencia.csv,9,resolución y límite,cc949a25b88e64bfea04f85a5fad63c0deb921ad4a6bad9c67e1aae34a60f4cb,mitosis cerrada ortomítica es una reconstrucción sensible a codificación,C-243,Objeto+Motivo,REVISADA,Adjudicación explícita conservadora tras cotejo del valor con Objeto+Motivo; no se heredaron todas las C de la fila.
data/tablas/03/table-09-3-2-7-matriz-de-caracteres-y-metodo-de-inferencia.csv,10,método o criterio,fdb33d63e214a5512a5f33dfc00204fb89248be2ba0c55991f371756be6393ad,inventario de genes meióticos en linajes profundos,C-245; C-246,Afirmación+SPO+Motivo,REVISADA,Revisión semántica explícita: la celda conserva solo contenido equivalente a las C indicadas; no se usó semejanza léxica como prueba.
data/tablas/03/table-09-3-2-7-matriz-de-caracteres-y-metodo-de-inferencia.csv,10,resolución y límite,25356223f8ce08ddbfd56c54a48236fa2cf33e7e8fa2ef22407c7aa3a2e40e17,"no resuelve ploidía, ciclo ni frecuencia de sexo",C-247,Afirmación+Objeto,REVISADA,Adjudicación explícita conservadora tras cotejo del valor con Afirmación+Objeto; no se heredaron todas las C de la fila.
data/tablas/03/table-09-3-2-7-matriz-de-caracteres-y-metodo-de-inferencia.csv,11,método o criterio,6cc6eb58314b2e54976544651d0bbd0869760b56148341b4908ddfb731156aaf,distribución de componentes y posiciones de intrones entre paralogos,C-250; C-248,Afirmación+Motivo,REVISADA,Adjudicación explícita conservadora tras cotejo del valor con Afirmación+Motivo; no se heredaron todas las C de la fila.
data/tablas/03/table-09-3-2-7-matriz-de-caracteres-y-metodo-de-inferencia.csv,11,resolución y límite,cbbde688581980b47e27a7aa5943f6b6e745d98e20660f33d353600d9f96c9a2,"orden de núcleo, intrones y duplicaciones parcialmente resuelto",C-250; C-251,Afirmación+Objeto,REVISADA,Adjudicación explícita conservadora tras cotejo del valor con Afirmación+Objeto; no se heredaron todas las C de la fila.
data/tablas/03/table-09-3-2-7-matriz-de-caracteres-y-metodo-de-inferencia.csv,12,método o criterio,3cc44138e311eb91991fc1959d08105dd55d2f618461095f0748e960a0a336cf,estados ancestrales frente a ortogrupos funcionales,C-252; C-254,Motivo,REVISADA,Adjudicación explícita conservadora tras cotejo del valor con Motivo; no se heredaron todas las C de la fila.
data/tablas/03/table-09-3-2-7-matriz-de-caracteres-y-metodo-de-inferencia.csv,12,resolución y límite,6ef82701327f48e9f929e76afcfe1156f3634c775ad8ded6b37ef4a34657e58c,S79 y S59 producen inferencias incompatibles,C-255; C-254,Fuente+Motivo,REVISADA,Adjudicación explícita conservadora tras cotejo del valor con Fuente+Motivo; no se heredaron todas las C de la fila.
data/tablas/03/table-10-3-3-orden-de-los-eventos-mitocondria-y-fagotrofia.csv,2,base inferencial,d273e72ba516d1dacadd62c77cd110d358920bf83475e6bd2bf6f114d80f7692,distribuciones de longitudes de rama por ascendencia,C-261,Afirmación,REVISADA,Adjudicación explícita conservadora tras cotejo del valor con Afirmación; no se heredaron todas las C de la fila.
data/tablas/03/table-10-3-3-orden-de-los-eventos-mitocondria-y-fagotrofia.csv,3,base inferencial,ebc0ca77fca31ce01f6a5cfa68d42e719f697c08fa52c7280a107801f6e09570,duplicaciones antiguas ordenadas respecto de la señal mitocondrial,C-264,Afirmación+SPO+Motivo,REVISADA,Adjudicación explícita coordinada tras reformular la celda para repetir únicamente la proposición de C-264; no se heredó el rango de la fila.
data/tablas/03/table-10-3-3-orden-de-los-eventos-mitocondria-y-fagotrofia.csv,4,base inferencial,2167a1fc588ea385e0d1d97bf48949172b2bd2a642067e4d774e4ba08b00ef6e,gran conjunto de duplicaciones pre-LECA,C-267; C-266; C-268,Afirmación+Sujeto+Motivo,REVISADA,Adjudicación explícita conservadora tras cotejo del valor con Afirmación+Sujeto+Motivo; no se heredaron todas las C de la fila.
data/tablas/03/table-10-3-3-orden-de-los-eventos-mitocondria-y-fagotrofia.csv,5,base inferencial,0ef228cdba43404a3e667c2ecc947dfb90c21043e9e8d2367171cd11491e4a96,reloj relajado de especies y duplicaciones,C-269,Afirmación+SPO+Motivo,REVISADA,Adjudicación explícita coordinada tras reformular la celda para repetir únicamente la proposición de C-269; no se heredó el rango de la fila.
data/tablas/03/table-10-3-3-orden-de-los-eventos-mitocondria-y-fagotrofia.csv,6,base inferencial,1c5c318b7bf27adbe28402eb17c22dc0813c5cf0dadbaabceca7c2bacfa10198,"duplicaciones fechadas como proxies, no aparición fenotípica directa; sensibilidad potencial a cambios de tasa",C-417,Afirmación+SPO+Motivo,REVISADA,Adjudicación explícita coordinada tras reformular la celda para repetir únicamente la proposición de C-417; no se heredó el rango de la fila.
data/tablas/03/table-10-3-3-orden-de-los-eventos-mitocondria-y-fagotrofia.csv,7,base inferencial,238eafb3b34153481ae078c0077a0f800e6973ef038bcedf8a2470440d13dd58,modelo autógeno y cronología de complejidad,C-303,Sujeto,REVISADA,Adjudicación explícita conservadora tras cotejo del valor con Sujeto; no se heredaron todas las C de la fila.
data/tablas/03/table-10-3-3-orden-de-los-eventos-mitocondria-y-fagotrofia.csv,8,base inferencial,7532c957943cc72e38cf718daf3433047cf0142d34407bc63f1646ef1211e110,"modelos H₂, flujo inverso, E3 y reconstrucción no fagocítica",C-307; C-316,Afirmación+Sujeto,REVISADA,Adjudicación explícita conservadora tras cotejo del valor con Afirmación+Sujeto; no se heredaron todas las C de la fila.
data/tablas/03/table-11-3-4-7-comparacion-del-montaje-inicial.csv,2,modelo,c1a20122a3b5bfb0c3370680bb52791af430c55de7a1182f67c7ef81e0d2f246,hipótesis del hidrógeno [C-274],C-274,cita_en_celda,REVISADA,Las C están escritas en la propia celda y se verificaron contra el registro.
data/tablas/03/table-11-3-4-7-comparacion-del-montaje-inicial.csv,2,participantes,5d818df32267e3a9dcb8112d81b4b9c48a68b2e244e07e2f9b669b63551eeda9,arquea metanógena; alfa facultativa [C-275–C-276],C-275; C-276,cita_en_celda,REVISADA,Las C están escritas en la propia celda y se verificaron contra el registro.
data/tablas/03/table-11-3-4-7-comparacion-del-montaje-inicial.csv,2,intercambio y dirección,c8acb6b7dddcef5ce4fe6c3a0f23f1ea7c8010f376140e8c16f7ea5273fad0ce,H₂ y CO₂: alfa→arquea [C-277],C-277,cita_en_celda,REVISADA,Las C están escritas en la propia celda y se verificaron contra el registro.
data/tablas/03/table-11-3-4-7-comparacion-del-montaje-inicial.csv,2,ambiente,1ed856112ec1564362ec8a562a02ad2940a1d7e7a0b512643459259ac848af19,anoxia [C-278],C-278,cita_en_celda,REVISADA,Las C están escritas en la propia celda y se verificaron contra el registro.
data/tablas/03/table-11-3-4-7-comparacion-del-montaje-inicial.csv,2,geometría y orden,7e0643ce360dc2eff0b3dfd0876a948e0f67004467ccc5b23356be1465d45183,asociación metabólica antes de fagocitosis [C-279],C-279,cita_en_celda,REVISADA,Las C están escritas en la propia celda y se verificaron contra el registro.
data/tablas/03/table-11-3-4-7-comparacion-del-montaje-inicial.csv,2,apoyo,a260c9a895592342540763dddb968f0e7f19dfab3f4da148ec29d94f083cc95c,universalidad mitocondrial y anaerobiosis [C-280],C-280,cita_en_celda,REVISADA,Las C están escritas en la propia celda y se verificaron contra el registro.
data/tablas/03/table-11-3-4-7-comparacion-del-montaje-inicial.csv,2,compromiso principal,715fd15a81e975097fb395d89b9fd5de91b343b3d121b72b8f49449ba463e77d,asgard próximos no metanogénicos [C-281],C-281,cita_en_celda,REVISADA,Las C están escritas en la propia celda y se verificaron contra el registro.
data/tablas/03/table-11-3-4-7-comparacion-del-montaje-inicial.csv,3,modelo,93c562b389d29b30b86d82f27f547176653d641369861fdca2ea4b142ce1c011,hipótesis sintrófica revisada [C-285],C-285,cita_en_celda,REVISADA,Las C están escritas en la propia celda y se verificaron contra el registro.
data/tablas/03/table-11-3-4-7-comparacion-del-montaje-inicial.csv,3,participantes,afaf1a790960a9781bf107d34d4f8a98bdb0b13922d6d54bc05dc5c04237d289,Asgard; bacteria sulfatorreductora; alfa oxidante de sulfuro [C-286–C-287],C-286; C-287,cita_en_celda,REVISADA,Las C están escritas en la propia celda y se verificaron contra el registro.
data/tablas/03/table-11-3-4-7-comparacion-del-montaje-inicial.csv,3,intercambio y dirección,f48401f3bfe30b4f0091e072f4c8132c8d7aa699babf60b1bc7b56d5ee4e15c4,H₂ y compuestos de azufre entre socios [C-286–C-287],C-286; C-287,cita_en_celda,REVISADA,Las C están escritas en la propia celda y se verificaron contra el registro.
data/tablas/03/table-11-3-4-7-comparacion-del-montaje-inicial.csv,3,ambiente,1cee81eebbc3289127fb32f4e8161b1dc0c18549e9d611c33c7e20c290ef2bc6,tapete con gradientes [C-288],C-288,cita_en_celda,REVISADA,Las C están escritas en la propia celda y se verificaron contra el registro.
data/tablas/03/table-11-3-4-7-comparacion-del-montaje-inicial.csv,3,geometría y orden,1630f65e8e453e936f1a1c41400ec98f80ff970a438a44b9d0d930baf2ba4dec,montaje tripartito; hospedador bacteriano [C-286–C-287; C-289],C-286; C-287; C-289,cita_en_celda,REVISADA,Cita C explícita revalidada semánticamente por la revisión independiente de celdas.
data/tablas/03/table-11-3-4-7-comparacion-del-montaje-inicial.csv,3,apoyo,59b76734a919fc634c803676c815a0b765a3a8b86536c0a21e866c2e4507449a,quimerismo del repertorio como compatibilidad no discriminante [C-290–C-291],C-290; C-291,cita_en_celda,REVISADA,La celda fue reformulada con las C semánticamente exactas escritas en su propio contenido.
data/tablas/03/table-11-3-4-7-comparacion-del-montaje-inicial.csv,3,compromiso principal,18f2412a1a5fe151b10f3606b39dc8ccd96fd2813fe8cae794bb8448b4f3cfa7,el quimerismo no identifica el montaje tripartito específico [C-291],C-291,cita_en_celda,REVISADA,La celda fue reformulada con las C semánticamente exactas escritas en su propio contenido.
data/tablas/03/table-11-3-4-7-comparacion-del-montaje-inicial.csv,4,modelo,a00fa40cb23707f0c6a7554f24098a2c4e20cde7a15bef61e8d77bbd1ac9e228,modelo inside-out [C-292],C-292,cita_en_celda,REVISADA,Las C están escritas en la propia celda y se verificaron contra el registro.
data/tablas/03/table-11-3-4-7-comparacion-del-montaje-inicial.csv,4,participantes,64ea26680002579a710ca8a92821838f08e3030f21153b6cceb5d527112d7c42,cuerpo arqueano; ectosimbiontes alfa [C-293],C-293,cita_en_celda,REVISADA,Las C están escritas en la propia celda y se verificaron contra el registro.
data/tablas/03/table-11-3-4-7-comparacion-del-montaje-inicial.csv,4,geometría y orden,02e688cfacd110e410a7a63e012b126dd85a1423c7f93a876508396b3d93fcc9,protrusiones y fusión exterior [C-293; C-296],C-293; C-296,cita_en_celda,REVISADA,Cita C explícita revalidada semánticamente por la revisión independiente de celdas.
data/tablas/03/table-11-3-4-7-comparacion-del-montaje-inicial.csv,4,apoyo,49f9b87d75c0abdc5a688aae787522fb6e9fe45d7242b1926115ad98936e8193,topología celular y protrusiones compatibles [C-298],C-298,cita_en_celda,REVISADA,Las C están escritas en la propia celda y se verificaron contra el registro.
data/tablas/03/table-11-3-4-7-comparacion-del-montaje-inicial.csv,4,compromiso principal,18fe0fe86045991ca7d8e0f6ef563c6d24090f429b473ce41badd090d89123bf,transición no demostrada; topología opuesta a invaginación [C-298–C-299],C-298; C-299,cita_en_celda,REVISADA,La celda fue reformulada con las C semánticamente exactas escritas en su propio contenido.
data/tablas/03/table-11-3-4-7-comparacion-del-montaje-inicial.csv,5,modelo,074d2e1f3e60c6fcb7bff97d253686d4fb4dcd109321ec1144225f8870e7b73f,modelo autógeno fagotrófico [C-300],C-300,cita_en_celda,REVISADA,Las C están escritas en la propia celda y se verificaron contra el registro.
data/tablas/03/table-11-3-4-7-comparacion-del-montaje-inicial.csv,5,participantes,6c6e7b299f41760821c3d6f163fa42b6ea512415296e49272d2075c9f25a14e0,protoeucariota fagotrófico; progenitor mitocondrial [C-300–C-301],C-300; C-301,cita_en_celda,REVISADA,Las C están escritas en la propia celda y se verificaron contra el registro.
data/tablas/03/table-11-3-4-7-comparacion-del-montaje-inicial.csv,5,intercambio y dirección,b7dc6c2b719de196f844531a793fa47ad1aa325446600618a8ced9084093471b,fagocitosis de la bacteria [C-302],C-302,cita_en_celda,REVISADA,Las C están escritas en la propia celda y se verificaron contra el registro.
data/tablas/03/table-11-3-4-7-comparacion-del-montaje-inicial.csv,5,geometría y orden,f8286f9092d825548e1c64421fe2880bb165e4a607a84fb4d25692e329a8295f,fagocitosis de la bacteria [C-300–C-301],C-300; C-301,cita_en_celda,REVISADA,Las C están escritas en la propia celda y se verificaron contra el registro.
data/tablas/03/table-11-3-4-7-comparacion-del-montaje-inicial.csv,5,apoyo,fae0c7b4b0a3af7c8de9a58bef194752e6825496461773c3556ef6fb0bc637ae,cronología de complejidad pre-mFECA [C-303],C-303,cita_en_celda,REVISADA,Las C están escritas en la propia celda y se verificaron contra el registro.
data/tablas/03/table-11-3-4-7-comparacion-del-montaje-inicial.csv,5,compromiso principal,aca0a106572f737ee8b15ee1890b24eb53df1d492aceab31ff25361a5c079066,reconstrucción no fagocítica de LECA [C-304],C-304,cita_en_celda,REVISADA,Cita C explícita revalidada semánticamente por la revisión independiente de celdas.
data/tablas/03/table-11-3-4-7-comparacion-del-montaje-inicial.csv,6,modelo,bdabc4a156140884e9eaddb00d3748c6f293cdc7726dff15296929c5faa40edb,modelo de flujo inverso [C-306],C-306,cita_en_celda,REVISADA,Las C están escritas en la propia celda y se verificaron contra el registro.
data/tablas/03/table-11-3-4-7-comparacion-del-montaje-inicial.csv,6,participantes,78489dda2f360d4a05c0b3848a8f5d6aff13e7b96e075fed1b0421bf760e87a6,Asgard organoheterótrofo; socio bacteriano [C-307],C-307,cita_en_celda,REVISADA,Las C están escritas en la propia celda y se verificaron contra el registro.
data/tablas/03/table-11-3-4-7-comparacion-del-montaje-inicial.csv,6,intercambio y dirección,744779054d2e70ec4309693c7b04a4b1b47bf617c1b4002e4df9a236979af856,equivalentes reductores: arquea→bacteria [C-307–C-308],C-307; C-308,cita_en_celda,REVISADA,Las C están escritas en la propia celda y se verificaron contra el registro.
data/tablas/03/table-11-3-4-7-comparacion-del-montaje-inicial.csv,6,ambiente,1eeb3428ef38fede9cbf22cdc9dfd889a200f211e415c108a7723b7d73c70a44,anoxia [C-309],C-309,cita_en_celda,REVISADA,Las C están escritas en la propia celda y se verificaron contra el registro.
data/tablas/03/table-11-3-4-7-comparacion-del-montaje-inicial.csv,6,geometría y orden,86d20d0a2264009ba6fa0d9946426327cad837e5d1bdc9312971e0c4d26ef38a,sintrofía antes de integración [C-309],C-309,cita_en_celda,REVISADA,Las C están escritas en la propia celda y se verificaron contra el registro.
data/tablas/03/table-11-3-4-7-comparacion-del-montaje-inicial.csv,6,apoyo,0771bdddbea9b4feaee8391e66ba17cfb33b8eeb370dc17c2050ca087ec269e8,metabolismo asgard reconstruido [C-310],C-310,cita_en_celda,REVISADA,Las C están escritas en la propia celda y se verificaron contra el registro.
data/tablas/03/table-11-3-4-7-comparacion-del-montaje-inicial.csv,6,compromiso principal,7c517690c3a167ca757f00c1a8706e7f4e3bcd7927cbbbf7cf6f8b9c993788f6,socio bacteriano no identificado [C-311],C-311,cita_en_celda,REVISADA,Las C están escritas en la propia celda y se verificaron contra el registro.
data/tablas/03/table-11-3-4-7-comparacion-del-montaje-inicial.csv,7,modelo,7329eabe591cb67cae6fda7e0a26f654ce700fe3345f544c187a0049ece4d236,modelo E3 [C-312],C-312,cita_en_celda,REVISADA,Las C están escritas en la propia celda y se verificaron contra el registro.
data/tablas/03/table-11-3-4-7-comparacion-del-montaje-inicial.csv,7,participantes,efe8dcf1fa7bfd2b9c470f11e627b5df0c21ce4b051cd64c069f0ae08278c886,Asgard sintrófico; socio bacteriano [C-313],C-313,cita_en_celda,REVISADA,Las C están escritas en la propia celda y se verificaron contra el registro.
data/tablas/03/table-11-3-4-7-comparacion-del-montaje-inicial.csv,7,ambiente,d72127544d7b238a97d313858c083038d3e815e44846e9044701098ae6c8561b,anaerobiosis y dependencia sintrófica [C-313],C-313,cita_en_celda,REVISADA,La celda fue reformulada con las C semánticamente exactas escritas en su propio contenido.
data/tablas/03/table-11-3-4-7-comparacion-del-montaje-inicial.csv,7,geometría y orden,72fcfba99f4880b6e8dacf6c80bfd6845617e0c52337e06c1094df9899934030,"entrelazar, engullir, endogenizar [C-316–C-317]",C-316; C-317,cita_en_celda,REVISADA,Las C están escritas en la propia celda y se verificaron contra el registro.
data/tablas/03/table-11-3-4-7-comparacion-del-montaje-inicial.csv,7,apoyo,2dfc336eb06a19b17a2462800a503676a8b70fa88f0eba7f535b0f729f79925e,protrusiones y estructuras observadas [C-314–C-315; C-318],C-314; C-315; C-318,cita_en_celda,REVISADA,La celda fue reformulada con las C semánticamente exactas escritas en su propio contenido.
data/tablas/03/table-11-3-4-7-comparacion-del-montaje-inicial.csv,7,compromiso principal,7df85ccca5da5e571d74f4250f56ccf962705c554af53381b81a704e5b05a4fc,engullimiento y endogenización no observados; núcleo y endomembranas fuera de alcance [C-319–C-321],C-319; C-320; C-321,cita_en_celda,REVISADA,La celda fue reformulada con las C semánticamente exactas escritas en su propio contenido.
data/tablas/03/table-12-3-5-5-comparacion-de-los-modelos-nucleares.csv,2,modelo,23a886c25a421f13fd5cf8a3f5adf70bc74f291c987810780f300a8ad5cc569f,invasión de intrones,C-323,Afirmación+Sujeto,REVISADA,Adjudicación explícita conservadora tras cotejo del valor con Afirmación+Sujeto; no se heredaron todas las C de la fila.
data/tablas/03/table-12-3-5-5-comparacion-de-los-modelos-nucleares.csv,2,supuesto central,e4a96eacdf7f5ea8ea7d86f68d6310da7a41cce211a3728f8b98c94ed8f5a51b,intrones de grupo II del endosimbionte; empalme lento,C-324; C-326,Afirmación,REVISADA,Adjudicación explícita conservadora tras cotejo del valor con Afirmación; no se heredaron todas las C de la fila.
data/tablas/03/table-12-3-5-5-comparacion-de-los-modelos-nucleares.csv,2,mecanismo,ce5a2249530540663086e99cd35b7a474a7e918e8cba84b7fdd7d5d76ca0c4b3,separación de empalme y traducción,C-327,Objeto,REVISADA,Adjudicación explícita conservadora tras cotejo del valor con Objeto; no se heredaron todas las C de la fila.
data/tablas/03/table-12-3-5-5-comparacion-de-los-modelos-nucleares.csv,2,apoyo principal,eac1c86b9d5ed38b81e149ab429c313874aeca8914fdd5e0ddf3454e6fcc310d,intrones pre-LECA,C-328,Afirmación+Objeto,REVISADA,Adjudicación explícita conservadora tras cotejo del valor con Afirmación+Objeto; no se heredaron todas las C de la fila.
data/tablas/03/table-12-3-5-5-comparacion-de-los-modelos-nucleares.csv,2,compromiso,5542b0e184e3e843f393ab825cfb82c22bc9dd368de7a5ec3a024687931b47b7,causalidad envoltura–intrones no demostrada,C-328,Afirmación+SPO+Motivo,REVISADA,Revisión semántica explícita: la celda conserva solo contenido equivalente a las C indicadas; no se usó semejanza léxica como prueba.
data/tablas/03/table-12-3-5-5-comparacion-de-los-modelos-nucleares.csv,3,modelo,c21516db73fd9ea243e71caee5aab581996b97e28cfb783a7b69071f2bedb7ed,origen viral,C-330,Afirmación,REVISADA,Adjudicación explícita conservadora tras cotejo del valor con Afirmación; no se heredaron todas las C de la fila.
data/tablas/03/table-12-3-5-5-comparacion-de-los-modelos-nucleares.csv,3,supuesto central,831379ba180a3d7df2bb948499ba227d4fdb2b7e151fc8f686745303529dab55,virus de ADN persistente,C-331,Afirmación,REVISADA,Adjudicación explícita conservadora tras cotejo del valor con Afirmación; no se heredaron todas las C de la fila.
data/tablas/03/table-12-3-5-5-comparacion-de-los-modelos-nucleares.csv,3,mecanismo,5637a501b5b3198a632733954b9ae25385672dc01a1e7ffd26be280d507caf84,compartimento o genes nucleares,C-332,Afirmación+SPO+Motivo,REVISADA,Revisión semántica explícita: la celda conserva solo contenido equivalente a las C indicadas; no se usó semejanza léxica como prueba.
data/tablas/03/table-12-3-5-5-comparacion-de-los-modelos-nucleares.csv,3,apoyo principal,1dfc400234a98ff5f4246aec946bf0cee5c4f792846fa7bf753a1da16f50186e,homologías con virus gigantes,C-337,Afirmación+Sujeto,REVISADA,Adjudicación explícita conservadora tras cotejo del valor con Afirmación+Sujeto; no se heredaron todas las C de la fila.
data/tablas/03/table-12-3-5-5-comparacion-de-los-modelos-nucleares.csv,3,compromiso,dd81144900db87ffc9064ba6f641319cf844bdf00c65a15223c7b1a5953aef8c,dirección de HGT y transición no observada,C-337; C-338,Afirmación+SPO+Motivo,REVISADA,Revisión semántica explícita: la celda conserva solo contenido equivalente a las C indicadas; no se usó semejanza léxica como prueba.
data/tablas/03/table-12-3-5-5-comparacion-de-los-modelos-nucleares.csv,4,modelo,2ef807eccabd615a2beeffd5d13c3dc8e3c799c4ca07cc527760f65eb5e8a076,invaginación autógena,C-339,Sujeto,REVISADA,Adjudicación explícita conservadora tras cotejo del valor con Sujeto; no se heredaron todas las C de la fila.
data/tablas/03/table-12-3-5-5-comparacion-de-los-modelos-nucleares.csv,4,supuesto central,973fd79bfbbb7c7a43ccea0f2cef44d0e64278152bf4024d2298380f467998b3,membranas internas rodean el material genético por invaginación,C-340,Afirmación+SPO+Motivo,REVISADA,Revisión semántica explícita: la celda conserva solo contenido equivalente a las C indicadas; no se usó semejanza léxica como prueba.
data/tablas/03/table-12-3-5-5-comparacion-de-los-modelos-nucleares.csv,4,mecanismo,c071bc388276f4dd3a57c7d4f1495f16438b5024c992112a0bb8a64e5f52dd75,invaginación hacia el ADN,C-340,Objeto,REVISADA,Adjudicación explícita conservadora tras cotejo del valor con Objeto; no se heredaron todas las C de la fila.
data/tablas/03/table-12-3-5-5-comparacion-de-los-modelos-nucleares.csv,4,apoyo principal,e459805e9e4ec4b9988e09c5a2d0dfd70cb8290bafc598ffae0fff0e5de4eac7,continuidad núcleo–retículo,C-341; C-339,Afirmación+Objeto,REVISADA,Adjudicación explícita conservadora tras cotejo del valor con Afirmación+Objeto; no se heredaron todas las C de la fila.
data/tablas/03/table-12-3-5-5-comparacion-de-los-modelos-nucleares.csv,4,compromiso,c7787ed3f50e726564a50191225fb674481ac135c5162a66ed8ac6f1134e6863,no explica por sí sola poro ni espliceosoma,C-342,Afirmación,REVISADA,Adjudicación explícita conservadora tras cotejo del valor con Afirmación; no se heredaron todas las C de la fila.
data/tablas/03/table-12-3-5-5-comparacion-de-los-modelos-nucleares.csv,5,modelo,2d71c218267933877d1009843be7161d0e2c608a15be477045d8206ef3670108,núcleo inside-out,C-344,Afirmación+Sujeto+Motivo,REVISADA,Adjudicación explícita conservadora tras cotejo del valor con Afirmación+Sujeto+Motivo; no se heredaron todas las C de la fila.
data/tablas/03/table-12-3-5-5-comparacion-de-los-modelos-nucleares.csv,5,supuesto central,84f0f67279aca09d81af5287eeaf92d58cbc7fcdf09d8e293c0b88d073331a8e,cuerpo asgard y protrusiones,C-344,Afirmación+SPO+Motivo,REVISADA,Revisión semántica explícita: la celda conserva solo contenido equivalente a las C indicadas; no se usó semejanza léxica como prueba.
data/tablas/03/table-12-3-5-5-comparacion-de-los-modelos-nucleares.csv,5,mecanismo,1db1b272aa6fb51af74c71ce2f593e8a83fbe718b9ba8f3954d5f099d9f6a684,cuerpo ancestral = núcleo; espacios = retículo,C-344,Afirmación+Objeto,REVISADA,Adjudicación explícita conservadora tras cotejo del valor con Afirmación+Objeto; no se heredaron todas las C de la fila.
data/tablas/03/table-12-3-5-5-comparacion-de-los-modelos-nucleares.csv,5,apoyo principal,2dbd0a1df1b83f72fe1e3e03e38d01716011ad4d9001c4d031fb99139d6cdd09,predicciones topológicas,C-345,Afirmación+SPO+Motivo,REVISADA,Revisión semántica explícita: la celda conserva solo contenido equivalente a las C indicadas; no se usó semejanza léxica como prueba.
data/tablas/03/table-12-3-5-5-comparacion-de-los-modelos-nucleares.csv,5,compromiso,3cfe9b9936a04cb201da6834033ed3bd9fbeb057424e9aa07d897822b5eca340,geometría no observada y oposición a invaginación,C-340; C-343,Afirmación+SPO+Motivo,REVISADA,Revisión semántica explícita: la celda conserva solo contenido equivalente a las C indicadas; no se usó semejanza léxica como prueba.
data/tablas/03/table-13-3-7-matriz-de-compatibilidad.csv,2,relación,66ca1e985a92cf72374aff978113eb673a03913300c1ed2c48ff77e7e3fb4541,parcialmente compatibles,C-358,Afirmación+SPO,REVISADA,Coincidencia literal verificada con C-358 en Afirmación+SPO; la celda no hereda ninguna otra C de la fila.
data/tablas/03/table-13-3-7-matriz-de-compatibilidad.csv,2,punto exacto,06d555cfc08ac92e234c22345f430aad6e2ba655105bc6d421f12b468cd7020a,"Comparten sintrofía anaerobia, pero H12 usa hospedador arqueano y flujo alfa→arquea; H13 revisada usa hospedador bacteriano y montaje tripartito.",C-358,Motivo,REVISADA,Coincidencia literal verificada con C-358 en Motivo; la celda no hereda ninguna otra C de la fila.
data/tablas/03/table-13-3-7-matriz-de-compatibilidad.csv,2,observación que los distinguiría,79eff1f60506e0783c9690930af438af867be9e965068dca3595b120a9bbdf45,Una filogenia celular que identificara inequívocamente qué membrana ancestral envolvió a las demás y una reconstrucción metabólica del hospedador distinguirían los montajes.,C-358,Motivo,REVISADA,Coincidencia literal verificada con C-358 en Motivo; la celda no hereda ninguna otra C de la fila.
data/tablas/03/table-13-3-7-matriz-de-compatibilidad.csv,3,relación,66ca1e985a92cf72374aff978113eb673a03913300c1ed2c48ff77e7e3fb4541,parcialmente compatibles,C-359,Afirmación+SPO,REVISADA,Coincidencia literal verificada con C-359 en Afirmación+SPO; la celda no hereda ninguna otra C de la fila.
data/tablas/03/table-13-3-7-matriz-de-compatibilidad.csv,3,punto exacto,d53dbebe240280da2cabe5d2e311866958e2ce649b2c7ecf6b051c44fda5487f,H12 especifica metabolismo; H14 especifica geometría. Chocan solo si H12 exige internalización directa incompatible con ectosimbiosis prolongada.,C-359,Motivo,REVISADA,Coincidencia literal verificada con C-359 en Motivo; la celda no hereda ninguna otra C de la fila.
data/tablas/03/table-13-3-7-matriz-de-compatibilidad.csv,3,observación que los distinguiría,c979b38feb669253c00a79eef654701567c9c39e6da0b867fa59476f6fdb1877,Homologías de orientación de membranas y evidencia de asociación alfa extracelular anterior a la internalización discriminarían la geometría sin alterar el flujo de H₂.,C-359,Motivo,REVISADA,Coincidencia literal verificada con C-359 en Motivo; la celda no hereda ninguna otra C de la fila.
data/tablas/03/table-13-3-7-matriz-de-compatibilidad.csv,4,relación,1a9e80c23cf91f8b814c463dc97650363760963c4df7bdaea537c82b20ad9a07,mutuamente excluyentes,C-360,Afirmación+SPO,REVISADA,Coincidencia literal verificada con C-360 en Afirmación+SPO; la celda no hereda ninguna otra C de la fila.
data/tablas/03/table-13-3-7-matriz-de-compatibilidad.csv,4,punto exacto,8761d507c678e9b5b1532fe3b38fca3a84adbea65401e52479e6f8d95faca39c,H12 requiere mitocondria antes de fagocitosis compleja; H15 requiere fagocitosis y núcleo antes de mitocondria.,C-360,Motivo,REVISADA,Coincidencia literal verificada con C-360 en Motivo; la celda no hereda ninguna otra C de la fila.
data/tablas/03/table-13-3-7-matriz-de-compatibilidad.csv,4,observación que los distinguiría,ef9de62bb143fe002db32adf0ec42d2175501afe401ae39770ff07f8ffa66d95,Una cronología robusta que coloque fagocitosis funcional antes o después de mFECA distinguiría el orden.,C-360,Motivo,REVISADA,Coincidencia literal verificada con C-360 en Motivo; la celda no hereda ninguna otra C de la fila.
data/tablas/03/table-13-3-7-matriz-de-compatibilidad.csv,5,relación,66ca1e985a92cf72374aff978113eb673a03913300c1ed2c48ff77e7e3fb4541,parcialmente compatibles,C-361,Afirmación+SPO,REVISADA,Coincidencia literal verificada con C-361 en Afirmación+SPO; la celda no hereda ninguna otra C de la fila.
data/tablas/03/table-13-3-7-matriz-de-compatibilidad.csv,5,punto exacto,e0403a02cbd1afae36e0cb4805817379a26c10a04480d5f2378ee40d27729be6,"Ambas usan sintrofía anaerobia y hospedador arqueano, pero postulan direcciones opuestas del flujo reductor.",C-361,Motivo,REVISADA,Coincidencia literal verificada con C-361 en Motivo; la celda no hereda ninguna otra C de la fila.
data/tablas/03/table-13-3-7-matriz-de-compatibilidad.csv,5,observación que los distinguiría,3799e9eeb149a9701f895d904defd49bd372979956e7f438682fe0c24f70bfb8,La reconstrucción segura del metabolismo del hospedador y del simbionte ancestral distinguiría quién producía y quién consumía H₂ o equivalentes reductores.,C-361,Motivo,REVISADA,Coincidencia literal verificada con C-361 en Motivo; la celda no hereda ninguna otra C de la fila.
data/tablas/03/table-13-3-7-matriz-de-compatibilidad.csv,6,relación,66ca1e985a92cf72374aff978113eb673a03913300c1ed2c48ff77e7e3fb4541,parcialmente compatibles,C-362,Afirmación+SPO,REVISADA,Coincidencia literal verificada con C-362 en Afirmación+SPO; la celda no hereda ninguna otra C de la fila.
data/tablas/03/table-13-3-7-matriz-de-compatibilidad.csv,6,punto exacto,189752e40df46d05e2f3a1679ce040bdae3341d19eb6037d21d823dee9cbc900,H12 aporta el intercambio metabólico; E3 aporta la geometría de internalización. Son compatibles si el socio productor de H₂ es el bacteriano entrelazado.,C-362,Motivo,REVISADA,Coincidencia literal verificada con C-362 en Motivo; la celda no hereda ninguna otra C de la fila.
data/tablas/03/table-13-3-7-matriz-de-compatibilidad.csv,6,observación que los distinguiría,aa40e6294cc99259046afaf97259a21994c18bdc8059ebe8b5013daeae8193ab,La identificación del metabolismo del socio entrelazado y del hospedador establecería si E3 puede implementar el flujo de H12.,C-362,Motivo,REVISADA,Coincidencia literal verificada con C-362 en Motivo; la celda no hereda ninguna otra C de la fila.
data/tablas/03/table-13-3-7-matriz-de-compatibilidad.csv,7,relación,4ed8123b2b7ec3e3743d029cd93fd2b67394f67ab7aab1e844b54c1f69ea18cf,compatibles,C-363,Afirmación+SPO,REVISADA,Coincidencia literal verificada con C-363 en Afirmación+SPO; la celda no hereda ninguna otra C de la fila.
data/tablas/03/table-13-3-7-matriz-de-compatibilidad.csv,7,punto exacto,dddecd1f422c7c99e80337e0ded3b4e96f67d8181aa011a1fd7c3f0bc915fd99,H12 explica la asociación mitocondrial y H18 una consecuencia nuclear posterior de intrones transferidos por el endosimbionte.,C-363,Motivo,REVISADA,Coincidencia literal verificada con C-363 en Motivo; la celda no hereda ninguna otra C de la fila.
data/tablas/03/table-13-3-7-matriz-de-compatibilidad.csv,7,observación que los distinguiría,a28371b8f6b4f88a5c47dae8849fd71a65f2bfd0a32ca91ae88fc36c6fe04063,El orden intrones→envoltura puede evaluarse sin cambiar el montaje metabólico de H12.,C-363,Motivo,REVISADA,Coincidencia literal verificada con C-363 en Motivo; la celda no hereda ninguna otra C de la fila.
data/tablas/03/table-13-3-7-matriz-de-compatibilidad.csv,8,relación,4ed8123b2b7ec3e3743d029cd93fd2b67394f67ab7aab1e844b54c1f69ea18cf,compatibles,C-364,Afirmación+SPO,REVISADA,Coincidencia literal verificada con C-364 en Afirmación+SPO; la celda no hereda ninguna otra C de la fila.
data/tablas/03/table-13-3-7-matriz-de-compatibilidad.csv,8,punto exacto,2160c2347284cb0f85e5f677165655db5d4568713880410190f22e02938c8aed,"H12 no excluye una contribución viral adicional al núcleo, siempre que el virus no sustituya al hospedador arqueano ni al endosimbionte.",C-364,Motivo,REVISADA,Coincidencia literal verificada con C-364 en Motivo; la celda no hereda ninguna otra C de la fila.
data/tablas/03/table-13-3-7-matriz-de-compatibilidad.csv,8,observación que los distinguiría,5768c1c2835555a4843e23cdfbbbef862e329cfb656ff0090c6a16f5669852c4,Filogenias de genes nucleares podrían distinguir contribución viral parcial de origen completo del compartimento.,C-364,Motivo,REVISADA,Coincidencia literal verificada con C-364 en Motivo; la celda no hereda ninguna otra C de la fila.
data/tablas/03/table-13-3-7-matriz-de-compatibilidad.csv,9,relación,4ed8123b2b7ec3e3743d029cd93fd2b67394f67ab7aab1e844b54c1f69ea18cf,compatibles,C-365,Afirmación+SPO,REVISADA,Coincidencia literal verificada con C-365 en Afirmación+SPO; la celda no hereda ninguna otra C de la fila.
data/tablas/03/table-13-3-7-matriz-de-compatibilidad.csv,9,punto exacto,795b4aff45fe9e2db10c97022de4a46e3360493782ae405ea75246fc944c7384,H12 especifica metabolismo y H20 geometría nuclear autógena; pueden ocurrir en etapas distintas.,C-365,Motivo,REVISADA,Coincidencia literal verificada con C-365 en Motivo; la celda no hereda ninguna otra C de la fila.
data/tablas/03/table-13-3-7-matriz-de-compatibilidad.csv,9,observación que los distinguiría,be0e6f9cd133a48ad6f0a309c9bbab24d5d9929d13712049a1bc060e871f8925,"El orden relativo de invaginación nuclear e integración mitocondrial distinguiría variantes, no la compatibilidad básica.",C-365,Motivo,REVISADA,Coincidencia literal verificada con C-365 en Motivo; la celda no hereda ninguna otra C de la fila.
data/tablas/03/table-13-3-7-matriz-de-compatibilidad.csv,10,relación,66ca1e985a92cf72374aff978113eb673a03913300c1ed2c48ff77e7e3fb4541,parcialmente compatibles,C-366,Afirmación+SPO,REVISADA,Coincidencia literal verificada con C-366 en Afirmación+SPO; la celda no hereda ninguna otra C de la fila.
data/tablas/03/table-13-3-7-matriz-de-compatibilidad.csv,10,punto exacto,b27262ba4167db75ddbf9c261b0099d81328f74d25610768cff115c5946eebb1,"H12 y H21 comparten hospedador arqueano, pero H21 exige una topología exteriorizada que H12 no especifica.",C-366,Motivo,REVISADA,Coincidencia literal verificada con C-366 en Motivo; la celda no hereda ninguna otra C de la fila.
data/tablas/03/table-13-3-7-matriz-de-compatibilidad.csv,10,observación que los distinguiría,bef230a7228c302b5d92536857fa84ea524d735f99b13c816fb5bdfe2ddefb3c,"La orientación homóloga de membranas del núcleo, retículo y plasma decidiría si el montaje H12 puede insertarse en H21.",C-366,Motivo,REVISADA,Coincidencia literal verificada con C-366 en Motivo; la celda no hereda ninguna otra C de la fila.
data/tablas/03/table-13-3-7-matriz-de-compatibilidad.csv,11,relación,4ed8123b2b7ec3e3743d029cd93fd2b67394f67ab7aab1e844b54c1f69ea18cf,compatibles,C-367,Afirmación+SPO,REVISADA,Coincidencia literal verificada con C-367 en Afirmación+SPO; la celda no hereda ninguna otra C de la fila.
data/tablas/03/table-13-3-7-matriz-de-compatibilidad.csv,11,punto exacto,8a2b4ccae8d8e4b83b78dd6c0281f99e12ea7ed1736acd1a373a6233b6ba72e8,H22 explica la ascendencia de maquinaria de membrana y no fija metabolismo ni orden mitocondrial.,C-367,Motivo,REVISADA,Coincidencia literal verificada con C-367 en Motivo; la celda no hereda ninguna otra C de la fila.
data/tablas/03/table-13-3-7-matriz-de-compatibilidad.csv,11,observación que los distinguiría,3d2745f0a47a6c45592598f1ece8010d7912b133c97140e39350d8befba24dc5,La homología del protocoatómero puede probarse independientemente del flujo de H₂.,C-367,Motivo,REVISADA,Coincidencia literal verificada con C-367 en Motivo; la celda no hereda ninguna otra C de la fila.
data/tablas/03/table-13-3-7-matriz-de-compatibilidad.csv,12,relación,66ca1e985a92cf72374aff978113eb673a03913300c1ed2c48ff77e7e3fb4541,parcialmente compatibles,C-368,Afirmación+SPO,REVISADA,Coincidencia literal verificada con C-368 en Afirmación+SPO; la celda no hereda ninguna otra C de la fila.
data/tablas/03/table-13-3-7-matriz-de-compatibilidad.csv,12,punto exacto,cf1ab6d24b15e1960b75cc3f2b8df705aeb5bb30d490985322374d2b7df2b7ce,H13 revisada asigna el hospedador envolvente a una bacteria sulfatorreductora; H14 asigna el cuerpo ancestral al asgard.,C-368,Motivo,REVISADA,Coincidencia literal verificada con C-368 en Motivo; la celda no hereda ninguna otra C de la fila.
data/tablas/03/table-13-3-7-matriz-de-compatibilidad.csv,12,observación que los distinguiría,952ec5ebd609013a99c77d5570b8c609db6195c0d5fae138cea65503945a048e,"La procedencia de membranas nucleares, citoplasmáticas y plasmáticas distinguiría qué participante fue el compartimento envolvente.",C-368,Motivo,REVISADA,Coincidencia literal verificada con C-368 en Motivo; la celda no hereda ninguna otra C de la fila.
data/tablas/03/table-13-3-7-matriz-de-compatibilidad.csv,13,relación,1a9e80c23cf91f8b814c463dc97650363760963c4df7bdaea537c82b20ad9a07,mutuamente excluyentes,C-369,Afirmación+SPO,REVISADA,Coincidencia literal verificada con C-369 en Afirmación+SPO; la celda no hereda ninguna otra C de la fila.
data/tablas/03/table-13-3-7-matriz-de-compatibilidad.csv,13,punto exacto,71227ef034ff4bac066b4b293c2eccf0511425ce09086f8eef627cc18c6376f0,H13 inicia con un consorcio procariótico y no con un protoeucariota fagocítico; H15 requiere fagocitosis premitocondrial.,C-369,Motivo,REVISADA,Coincidencia literal verificada con C-369 en Motivo; la celda no hereda ninguna otra C de la fila.
data/tablas/03/table-13-3-7-matriz-de-compatibilidad.csv,13,observación que los distinguiría,30c7b2becc2646e02810b669699242e4883871982dcba63ee07e8420ee8c974d,Una fagocitosis funcional inequívocamente anterior a la asociación tripartita excluiría H13 en su forma estricta.,C-369,Motivo,REVISADA,Coincidencia literal verificada con C-369 en Motivo; la celda no hereda ninguna otra C de la fila.
data/tablas/03/table-13-3-7-matriz-de-compatibilidad.csv,14,relación,66ca1e985a92cf72374aff978113eb673a03913300c1ed2c48ff77e7e3fb4541,parcialmente compatibles,C-370,Afirmación+SPO,REVISADA,Coincidencia literal verificada con C-370 en Afirmación+SPO; la celda no hereda ninguna otra C de la fila.
data/tablas/03/table-13-3-7-matriz-de-compatibilidad.csv,14,punto exacto,ae393c7b08949ade3124228fa4b57de6a4ceefe0448419cdba598143f381ea1b,"Ambas usan sintrofía y un asgard que puede producir equivalentes reductores, pero difieren en hospedador y número de socios.",C-370,Motivo,REVISADA,Coincidencia literal verificada con C-370 en Motivo; la celda no hereda ninguna otra C de la fila.
data/tablas/03/table-13-3-7-matriz-de-compatibilidad.csv,14,observación que los distinguiría,fed243e2460aa5b538e0e740e1a3004a50d35a773acb939b0ede1d025dcdf1c0,La identidad del compartimento hospedador y la necesidad de una bacteria sulfatorreductora distinguirían los modelos.,C-370,Motivo,REVISADA,Coincidencia literal verificada con C-370 en Motivo; la celda no hereda ninguna otra C de la fila.
data/tablas/03/table-13-3-7-matriz-de-compatibilidad.csv,15,relación,66ca1e985a92cf72374aff978113eb673a03913300c1ed2c48ff77e7e3fb4541,parcialmente compatibles,C-371,Afirmación+SPO,REVISADA,Coincidencia literal verificada con C-371 en Afirmación+SPO; la celda no hereda ninguna otra C de la fila.
data/tablas/03/table-13-3-7-matriz-de-compatibilidad.csv,15,punto exacto,703f8e4bed7dfdbf2326a45c6b347b5b250d81550cd62932da7aedba4f65e48e,"E3 puede proporcionar un mecanismo de internalización dentro de un consorcio, pero H13 asigna el hospedador principal a una bacteria y E3 a Asgard.",C-371,Motivo,REVISADA,Coincidencia literal verificada con C-371 en Motivo; la celda no hereda ninguna otra C de la fila.
data/tablas/03/table-13-3-7-matriz-de-compatibilidad.csv,15,observación que los distinguiría,80051a8af273a62da97f1a87f7a61b2a2f1c80ab214a158670a59a30a4aa455b,La topología de membranas y el papel celular de la bacteria sulfatorreductora discriminarían la combinación.,C-371,Motivo,REVISADA,Coincidencia literal verificada con C-371 en Motivo; la celda no hereda ninguna otra C de la fila.
data/tablas/03/table-13-3-7-matriz-de-compatibilidad.csv,16,relación,4ed8123b2b7ec3e3743d029cd93fd2b67394f67ab7aab1e844b54c1f69ea18cf,compatibles,C-372,Afirmación+SPO,REVISADA,Coincidencia literal verificada con C-372 en Afirmación+SPO; la celda no hereda ninguna otra C de la fila.
data/tablas/03/table-13-3-7-matriz-de-compatibilidad.csv,16,punto exacto,8ecea1a008d70f2a84542399983ee42ae438192e72c36f727543b1a79c9548f8,La sintrofía revisada puede preceder a una invasión de intrones desde el progenitor mitocondrial.,C-372,Motivo,REVISADA,Coincidencia literal verificada con C-372 en Motivo; la celda no hereda ninguna otra C de la fila.
data/tablas/03/table-13-3-7-matriz-de-compatibilidad.csv,16,observación que los distinguiría,456f1a0bdf76c3d8fd4396cc7c0892dda46067a17c0c169e08343e9d2348d7ec,El donante de intrones y su fecha relativa pueden evaluarse dentro del montaje H13.,C-372,Motivo,REVISADA,Coincidencia literal verificada con C-372 en Motivo; la celda no hereda ninguna otra C de la fila.
data/tablas/03/table-13-3-7-matriz-de-compatibilidad.csv,17,relación,4ed8123b2b7ec3e3743d029cd93fd2b67394f67ab7aab1e844b54c1f69ea18cf,compatibles,C-373,Afirmación+SPO,REVISADA,Coincidencia literal verificada con C-373 en Afirmación+SPO; la celda no hereda ninguna otra C de la fila.
data/tablas/03/table-13-3-7-matriz-de-compatibilidad.csv,17,punto exacto,bb3efb4f3859e03183c17757f940bf6e65955df49dc226f650e933370ad91637,H13 no excluye aportes virales parciales durante o después de la integración.,C-373,Motivo,REVISADA,Coincidencia literal verificada con C-373 en Motivo; la celda no hereda ninguna otra C de la fila.
data/tablas/03/table-13-3-7-matriz-de-compatibilidad.csv,17,observación que los distinguiría,63fd6e7ccb9ee51aa1d1fee328a6fe5ad5175ae611bb1460d83fda53e2db72ce,La dirección de homologías virales no afecta por sí sola el montaje metabólico tripartito.,C-373,Motivo,REVISADA,Coincidencia literal verificada con C-373 en Motivo; la celda no hereda ninguna otra C de la fila.
data/tablas/03/table-13-3-7-matriz-de-compatibilidad.csv,18,relación,4ed8123b2b7ec3e3743d029cd93fd2b67394f67ab7aab1e844b54c1f69ea18cf,compatibles,C-374,Afirmación+SPO,REVISADA,Coincidencia literal verificada con C-374 en Afirmación+SPO; la celda no hereda ninguna otra C de la fila.
data/tablas/03/table-13-3-7-matriz-de-compatibilidad.csv,18,punto exacto,d19d1cf4ca56cb89fbe39a8d3b074c7b848855d39abc1e9bc2f11c9eaebb2afb,H13 especifica participantes y ecología; H20 puede explicar una invaginación nuclear posterior.,C-374,Motivo,REVISADA,Coincidencia literal verificada con C-374 en Motivo; la celda no hereda ninguna otra C de la fila.
data/tablas/03/table-13-3-7-matriz-de-compatibilidad.csv,18,observación que los distinguiría,71491abce93a8a6c712d5efd7c2aab8fc221df5f1592ef9d1e1e7b5f187ba9e8,La procedencia bacteriana o arqueana de la membrana que se invagina distinguiría variantes internas.,C-374,Motivo,REVISADA,Coincidencia literal verificada con C-374 en Motivo; la celda no hereda ninguna otra C de la fila.
data/tablas/03/table-13-3-7-matriz-de-compatibilidad.csv,19,relación,1a9e80c23cf91f8b814c463dc97650363760963c4df7bdaea537c82b20ad9a07,mutuamente excluyentes,C-375,Afirmación+SPO,REVISADA,Coincidencia literal verificada con C-375 en Afirmación+SPO; la celda no hereda ninguna otra C de la fila.
data/tablas/03/table-13-3-7-matriz-de-compatibilidad.csv,19,punto exacto,1e7069b5e6792842ab7c6896c68f6700ab553c3ccb0f545b42e2989ef43ae047,H13 revisada coloca al asgard dentro de un hospedador bacteriano; H21 requiere que el cuerpo asgard ancestral sea el núcleo y origen topológico central.,C-375,Motivo,REVISADA,Coincidencia literal verificada con C-375 en Motivo; la celda no hereda ninguna otra C de la fila.
data/tablas/03/table-13-3-7-matriz-de-compatibilidad.csv,19,observación que los distinguiría,4498cfa6ef06e557da1e1085d647430733d54b3a4f3912ed9886f53992357bd7,Una asignación inequívoca de la membrana nuclear ancestral a Asgard o a la bacteria resolvería el choque.,C-375,Motivo,REVISADA,Coincidencia literal verificada con C-375 en Motivo; la celda no hereda ninguna otra C de la fila.
data/tablas/03/table-13-3-7-matriz-de-compatibilidad.csv,20,relación,4ed8123b2b7ec3e3743d029cd93fd2b67394f67ab7aab1e844b54c1f69ea18cf,compatibles,C-376,Afirmación+SPO,REVISADA,Coincidencia literal verificada con C-376 en Afirmación+SPO; la celda no hereda ninguna otra C de la fila.
data/tablas/03/table-13-3-7-matriz-de-compatibilidad.csv,20,punto exacto,7899efa708450ce00f299e18570d3d0d33bc17a0da1dc96fba2342adb57a41a7,La homología de coatómeros y poros puede evolucionar dentro de un montaje tripartito.,C-376,Motivo,REVISADA,Coincidencia literal verificada con C-376 en Motivo; la celda no hereda ninguna otra C de la fila.
data/tablas/03/table-13-3-7-matriz-de-compatibilidad.csv,20,observación que los distinguiría,eb9ce6ec364b8ddc601ffdd8810336818d50f930451c413d69f39970e0c4a1ca,Las relaciones estructurales de H22 no fijan la identidad del hospedador de H13.,C-376,Motivo,REVISADA,Coincidencia literal verificada con C-376 en Motivo; la celda no hereda ninguna otra C de la fila.
data/tablas/03/table-13-3-7-matriz-de-compatibilidad.csv,21,relación,66ca1e985a92cf72374aff978113eb673a03913300c1ed2c48ff77e7e3fb4541,parcialmente compatibles,C-377,Afirmación+SPO,REVISADA,Coincidencia literal verificada con C-377 en Afirmación+SPO; la celda no hereda ninguna otra C de la fila.
data/tablas/03/table-13-3-7-matriz-de-compatibilidad.csv,21,punto exacto,63ab8dc5be7825b459c03bf7f8e8bec4febc04a3f7ce3fb9310f36152d22cd10,"Ambas permiten complejidad premitocondrial, pero H14 internaliza por protrusiones alrededor de ectosimbiontes y H15 por fagocitosis.",C-377,Motivo,REVISADA,Coincidencia literal verificada con C-377 en Motivo; la celda no hereda ninguna otra C de la fila.
data/tablas/03/table-13-3-7-matriz-de-compatibilidad.csv,21,observación que los distinguiría,6e58ce054d9d4759325193d2934f5ad95cbb1bdf56ea803db9757723dadbd8bd,Evidencia del mecanismo de internalización y del estado de fagocitosis premitocondrial distinguiría las variantes.,C-377,Motivo,REVISADA,Coincidencia literal verificada con C-377 en Motivo; la celda no hereda ninguna otra C de la fila.
data/tablas/03/table-13-3-7-matriz-de-compatibilidad.csv,22,relación,4ed8123b2b7ec3e3743d029cd93fd2b67394f67ab7aab1e844b54c1f69ea18cf,compatibles,C-378,Afirmación+SPO,REVISADA,Coincidencia literal verificada con C-378 en Afirmación+SPO; la celda no hereda ninguna otra C de la fila.
data/tablas/03/table-13-3-7-matriz-de-compatibilidad.csv,22,punto exacto,dc3100bee2c5146b37b292fdfe9a2952b3c49d94a04490cd083600f211d33377,H16 especifica flujo metabólico arquea→bacteria y H14 puede alojar esa asociación como ectosimbiosis entre protrusiones.,C-378,Motivo,REVISADA,Coincidencia literal verificada con C-378 en Motivo; la celda no hereda ninguna otra C de la fila.
data/tablas/03/table-13-3-7-matriz-de-compatibilidad.csv,22,observación que los distinguiría,f69463baad0767c49e38373e61576e99efe11ab9ea8cbd0603d5234479c38f4d,La geometría y el metabolismo son predicciones independientes salvo que el flujo requiera una posición imposible.,C-378,Motivo,REVISADA,Coincidencia literal verificada con C-378 en Motivo; la celda no hereda ninguna otra C de la fila.
data/tablas/03/table-13-3-7-matriz-de-compatibilidad.csv,23,relación,66ca1e985a92cf72374aff978113eb673a03913300c1ed2c48ff77e7e3fb4541,parcialmente compatibles,C-379,Afirmación+SPO,REVISADA,Coincidencia literal verificada con C-379 en Afirmación+SPO; la celda no hereda ninguna otra C de la fila.
data/tablas/03/table-13-3-7-matriz-de-compatibilidad.csv,23,punto exacto,da8152a189e1ea84f2dcb1debf84bd3a9bb0d910928349750d0fc8b7741b6440,"Ambas usan protrusiones asgard y evitan fagocitosis moderna; H14 deriva citoplasma y retículo de blebs, E3 enfatiza entrelazamiento y engullimiento.",C-379,Motivo,REVISADA,Coincidencia literal verificada con C-379 en Motivo; la celda no hereda ninguna otra C de la fila.
data/tablas/03/table-13-3-7-matriz-de-compatibilidad.csv,23,observación que los distinguiría,4278d8a1213cbee3378627ea30761b6cdf5231b2de954663024c775cf5248af2,La homología de los espacios interprotrusión y el mecanismo de cierre de membranas distinguirían los modelos.,C-379,Motivo,REVISADA,Coincidencia literal verificada con C-379 en Motivo; la celda no hereda ninguna otra C de la fila.
data/tablas/03/table-13-3-7-matriz-de-compatibilidad.csv,24,relación,4ed8123b2b7ec3e3743d029cd93fd2b67394f67ab7aab1e844b54c1f69ea18cf,compatibles,C-380,Afirmación+SPO,REVISADA,Coincidencia literal verificada con C-380 en Afirmación+SPO; la celda no hereda ninguna otra C de la fila.
data/tablas/03/table-13-3-7-matriz-de-compatibilidad.csv,24,punto exacto,428ebae9604e57e147860e5ab9a25ccc4a43a5fed17466fd752600d91c625501,La geometría inside-out puede preceder o acompañar una presión posterior de intrones sobre compartimentación.,C-380,Motivo,REVISADA,Coincidencia literal verificada con C-380 en Motivo; la celda no hereda ninguna otra C de la fila.
data/tablas/03/table-13-3-7-matriz-de-compatibilidad.csv,24,observación que los distinguiría,cb50b13112eacc8e2ca3c0aa36ab9d9c34f541f6e81815db8c8eb524df5de613,El orden de intrones y cierre de la envoltura distinguiría la variante causal.,C-380,Motivo,REVISADA,Coincidencia literal verificada con C-380 en Motivo; la celda no hereda ninguna otra C de la fila.
data/tablas/03/table-13-3-7-matriz-de-compatibilidad.csv,25,relación,66ca1e985a92cf72374aff978113eb673a03913300c1ed2c48ff77e7e3fb4541,parcialmente compatibles,C-381,Afirmación+SPO,REVISADA,Coincidencia literal verificada con C-381 en Afirmación+SPO; la celda no hereda ninguna otra C de la fila.
data/tablas/03/table-13-3-7-matriz-de-compatibilidad.csv,25,punto exacto,75ae4f22cfd947f6b55df1903fe4901a2a9589612f2c36a8e00e1d072dca2ee5,"Inside-out explica el compartimento celular; una contribución viral genética es compatible, pero un núcleo íntegramente viral sustituiría la homología del cuerpo arqueano.",C-381,Motivo,REVISADA,Coincidencia literal verificada con C-381 en Motivo; la celda no hereda ninguna otra C de la fila.
data/tablas/03/table-13-3-7-matriz-de-compatibilidad.csv,25,observación que los distinguiría,d51224eedc7e201e9780fac4d64a5dc8b945c583c619dda8ec65c54daebcf39d,La procedencia del compartimento frente a genes individuales separaría contribución parcial de origen viral completo.,C-381,Motivo,REVISADA,Coincidencia literal verificada con C-381 en Motivo; la celda no hereda ninguna otra C de la fila.
data/tablas/03/table-13-3-7-matriz-de-compatibilidad.csv,26,relación,1a9e80c23cf91f8b814c463dc97650363760963c4df7bdaea537c82b20ad9a07,mutuamente excluyentes,C-382,Afirmación+SPO,REVISADA,Coincidencia literal verificada con C-382 en Afirmación+SPO; la celda no hereda ninguna otra C de la fila.
data/tablas/03/table-13-3-7-matriz-de-compatibilidad.csv,26,punto exacto,9ba6fd9e73bc269da163b2264b3a0b6246fba6ffd6a627aceaa58fcf1d30a073,H14 deriva núcleo y retículo por exteriorización; H20 por invaginación interior de la membrana ancestral.,C-382,Motivo,REVISADA,Coincidencia literal verificada con C-382 en Motivo; la celda no hereda ninguna otra C de la fila.
data/tablas/03/table-13-3-7-matriz-de-compatibilidad.csv,26,observación que los distinguiría,f4fed39584d5c9e0e3cd2357836cb777d083c9612d9174723b876f306b438a25,La orientación topológica ancestral de membranas y la inserción de poros distinguirían las geometrías opuestas.,C-382,Motivo,REVISADA,Coincidencia literal verificada con C-382 en Motivo; la celda no hereda ninguna otra C de la fila.
data/tablas/03/table-13-3-7-matriz-de-compatibilidad.csv,27,relación,4ed8123b2b7ec3e3743d029cd93fd2b67394f67ab7aab1e844b54c1f69ea18cf,compatibles,C-383,Afirmación+SPO,REVISADA,Coincidencia literal verificada con C-383 en Afirmación+SPO; la celda no hereda ninguna otra C de la fila.
data/tablas/03/table-13-3-7-matriz-de-compatibilidad.csv,27,punto exacto,4214fad4ff6a5ae1c4704c4483f0bdde0b9dd4220b572e7be5cee4a8f14e731b,H21 es el componente nuclear explícito de H14.,C-383,Motivo,REVISADA,Coincidencia literal verificada con C-383 en Motivo; la celda no hereda ninguna otra C de la fila.
data/tablas/03/table-13-3-7-matriz-de-compatibilidad.csv,27,observación que los distinguiría,8f6e346d562202d6e6f99179d5e1c889916c7cf5a511f85f499573a82ff5e90e,No requieren una observación distinta para compatibilidad; la evidencia que afecta H14 afecta H21.,C-383,Motivo,REVISADA,Coincidencia literal verificada con C-383 en Motivo; la celda no hereda ninguna otra C de la fila.
data/tablas/03/table-13-3-7-matriz-de-compatibilidad.csv,28,relación,4ed8123b2b7ec3e3743d029cd93fd2b67394f67ab7aab1e844b54c1f69ea18cf,compatibles,C-384,Afirmación+SPO,REVISADA,Coincidencia literal verificada con C-384 en Afirmación+SPO; la celda no hereda ninguna otra C de la fila.
data/tablas/03/table-13-3-7-matriz-de-compatibilidad.csv,28,punto exacto,388758f30ce8ff17e1f68b30213a26aabf5e0d0b1491abb916a9c591ef43abdd,"H22 aporta una maquinaria ancestral de curvatura que puede operar durante protrusión, fusión y formación de poros.",C-384,Motivo,REVISADA,Coincidencia literal verificada con C-384 en Motivo; la celda no hereda ninguna otra C de la fila.
data/tablas/03/table-13-3-7-matriz-de-compatibilidad.csv,28,observación que los distinguiría,442db7dd50b0183198aae2e95da9e0822783c8d3ace9a0274004b7bc50b78093,La homología molecular puede probarse independientemente de la orientación inside-out.,C-384,Motivo,REVISADA,Coincidencia literal verificada con C-384 en Motivo; la celda no hereda ninguna otra C de la fila.
data/tablas/03/table-13-3-7-matriz-de-compatibilidad.csv,29,relación,1a9e80c23cf91f8b814c463dc97650363760963c4df7bdaea537c82b20ad9a07,mutuamente excluyentes,C-385,Afirmación+SPO,REVISADA,Coincidencia literal verificada con C-385 en Afirmación+SPO; la celda no hereda ninguna otra C de la fila.
data/tablas/03/table-13-3-7-matriz-de-compatibilidad.csv,29,punto exacto,0f548250ef0f676ac335e3b0a492128488031cb10897363e1da0214f43ca19d5,H15 requiere protoeucariota fagocítico y mitocondria tardía; H16 inicia con sintrofía procariótica antes de fagocitosis.,C-385,Motivo,REVISADA,Coincidencia literal verificada con C-385 en Motivo; la celda no hereda ninguna otra C de la fila.
data/tablas/03/table-13-3-7-matriz-de-compatibilidad.csv,29,observación que los distinguiría,acd0eef31d24dac629863559f1254066d7b481159b45121216cb2e4c3d87ae8a,La cronología de fagocitosis respecto de la asociación mitocondrial distinguiría los montajes estrictos.,C-385,Motivo,REVISADA,Coincidencia literal verificada con C-385 en Motivo; la celda no hereda ninguna otra C de la fila.
data/tablas/03/table-13-3-7-matriz-de-compatibilidad.csv,30,relación,1a9e80c23cf91f8b814c463dc97650363760963c4df7bdaea537c82b20ad9a07,mutuamente excluyentes,C-386,Afirmación+SPO,REVISADA,Coincidencia literal verificada con C-386 en Afirmación+SPO; la celda no hereda ninguna otra C de la fila.
data/tablas/03/table-13-3-7-matriz-de-compatibilidad.csv,30,punto exacto,600408b97d74ddd6312d3c3097b7404971f7d5bb0a212cc339a7fbcadec08aac,H15 internaliza por fagocitosis preexistente; E3 propone engullimiento por protrusiones sin maquinaria fagocítica moderna.,C-386,Motivo,REVISADA,Coincidencia literal verificada con C-386 en Motivo; la celda no hereda ninguna otra C de la fila.
data/tablas/03/table-13-3-7-matriz-de-compatibilidad.csv,30,observación que los distinguiría,f7fea4206dce54d4aa066c6484d72c24a846e1e67e32f536a9c038a53104d37b,Una reconstrucción funcional de la maquinaria de fagocitosis anterior a la internalización distinguiría los mecanismos.,C-386,Motivo,REVISADA,Coincidencia literal verificada con C-386 en Motivo; la celda no hereda ninguna otra C de la fila.
data/tablas/03/table-13-3-7-matriz-de-compatibilidad.csv,31,relación,66ca1e985a92cf72374aff978113eb673a03913300c1ed2c48ff77e7e3fb4541,parcialmente compatibles,C-387,Afirmación+SPO,REVISADA,Coincidencia literal verificada con C-387 en Afirmación+SPO; la celda no hereda ninguna otra C de la fila.
data/tablas/03/table-13-3-7-matriz-de-compatibilidad.csv,31,punto exacto,c6f0726ead94974ed08cb3c854600e03448266752990485122a60aec9f81183f,Pueden combinarse solo si la invasión de intrones y su presión selectiva ocurren después de una mitocondria adquirida tardíamente; chocan si H18 origina el núcleo antes exigido por H15.,C-387,Motivo,REVISADA,Coincidencia literal verificada con C-387 en Motivo; la celda no hereda ninguna otra C de la fila.
data/tablas/03/table-13-3-7-matriz-de-compatibilidad.csv,31,observación que los distinguiría,03c9ddf2650b8176d0039322b924dd1aab8a9ab408d54510293ba9bbbbfded95,Fechar expansión de intrones frente al origen nuclear y a mFECA distinguiría el orden.,C-387,Motivo,REVISADA,Coincidencia literal verificada con C-387 en Motivo; la celda no hereda ninguna otra C de la fila.
data/tablas/03/table-13-3-7-matriz-de-compatibilidad.csv,32,relación,4ed8123b2b7ec3e3743d029cd93fd2b67394f67ab7aab1e844b54c1f69ea18cf,compatibles,C-388,Afirmación+SPO,REVISADA,Coincidencia literal verificada con C-388 en Afirmación+SPO; la celda no hereda ninguna otra C de la fila.
data/tablas/03/table-13-3-7-matriz-de-compatibilidad.csv,32,punto exacto,afd3e5eed1a82bc538d286a3808802b62d9d655184251fab0bf1ee7e80fb985c,Un protoeucariota fagocítico puede recibir aportes virales al núcleo antes o después de la mitocondria.,C-388,Motivo,REVISADA,Coincidencia literal verificada con C-388 en Motivo; la celda no hereda ninguna otra C de la fila.
data/tablas/03/table-13-3-7-matriz-de-compatibilidad.csv,32,observación que los distinguiría,2d75e38b07a42effcaadacd92c4961a7748147ec729c3d2804bca2d6914672e8,La contribución viral puede probarse sin decidir el mecanismo de captura mitocondrial.,C-388,Motivo,REVISADA,Coincidencia literal verificada con C-388 en Motivo; la celda no hereda ninguna otra C de la fila.
data/tablas/03/table-13-3-7-matriz-de-compatibilidad.csv,33,relación,4ed8123b2b7ec3e3743d029cd93fd2b67394f67ab7aab1e844b54c1f69ea18cf,compatibles,C-389,Afirmación+SPO,REVISADA,Coincidencia literal verificada con C-389 en Afirmación+SPO; la celda no hereda ninguna otra C de la fila.
data/tablas/03/table-13-3-7-matriz-de-compatibilidad.csv,33,punto exacto,ea9e0840ff71282f690730741cd8615aa133c9c83bba5b260620975bfc04466c,H20 puede originar el núcleo autógeno requerido antes de la fagocitosis mitocondrial de H15.,C-389,Motivo,REVISADA,Coincidencia literal verificada con C-389 en Motivo; la celda no hereda ninguna otra C de la fila.
data/tablas/03/table-13-3-7-matriz-de-compatibilidad.csv,33,observación que los distinguiría,836994c271b58bb671f458dfd61291fa1d0b2766a903a1fc81ff98f5e111c458,El orden núcleo→fagocitosis→mitocondria sería la versión combinada.,C-389,Motivo,REVISADA,Coincidencia literal verificada con C-389 en Motivo; la celda no hereda ninguna otra C de la fila.
data/tablas/03/table-13-3-7-matriz-de-compatibilidad.csv,34,relación,1a9e80c23cf91f8b814c463dc97650363760963c4df7bdaea537c82b20ad9a07,mutuamente excluyentes,C-390,Afirmación+SPO,REVISADA,Coincidencia literal verificada con C-390 en Afirmación+SPO; la celda no hereda ninguna otra C de la fila.
data/tablas/03/table-13-3-7-matriz-de-compatibilidad.csv,34,punto exacto,f40e342b9459e16c48f166a760e2200105f6a6cf90bcaf49ff25ff3b7735e445,H15 suele asumir invaginación y fagocitosis de una célula ya interiorizada; H21 requiere topología inside-out y no necesita fagocitosis para la asociación inicial.,C-390,Motivo,REVISADA,Coincidencia literal verificada con C-390 en Motivo; la celda no hereda ninguna otra C de la fila.
data/tablas/03/table-13-3-7-matriz-de-compatibilidad.csv,34,observación que los distinguiría,7dee890f98a346668b9b841ffa0e5520c01df0960af23dccd3725ab7ce4e81dc,La orientación de membranas y el mecanismo de internalización resolverían el conflicto.,C-390,Motivo,REVISADA,Coincidencia literal verificada con C-390 en Motivo; la celda no hereda ninguna otra C de la fila.
data/tablas/03/table-13-3-7-matriz-de-compatibilidad.csv,35,relación,4ed8123b2b7ec3e3743d029cd93fd2b67394f67ab7aab1e844b54c1f69ea18cf,compatibles,C-391,Afirmación+SPO,REVISADA,Coincidencia literal verificada con C-391 en Afirmación+SPO; la celda no hereda ninguna otra C de la fila.
data/tablas/03/table-13-3-7-matriz-de-compatibilidad.csv,35,punto exacto,2a0ed30d4c85969b528ed997e97cf123c2ca11cc8f3a06e5dfd62bd31260ff4a,La expansión del protocoatómero puede formar la maquinaria endomembranosa y fagocítica previa postulada por H15.,C-391,Motivo,REVISADA,Coincidencia literal verificada con C-391 en Motivo; la celda no hereda ninguna otra C de la fila.
data/tablas/03/table-13-3-7-matriz-de-compatibilidad.csv,35,observación que los distinguiría,11a9002a192056251ec5e496136697e5541d57887080c63bd894597cc72e6247,La homología de cubiertas no determina por sí sola cuándo se adquirió la mitocondria.,C-391,Motivo,REVISADA,Coincidencia literal verificada con C-391 en Motivo; la celda no hereda ninguna otra C de la fila.
data/tablas/03/table-13-3-7-matriz-de-compatibilidad.csv,36,relación,4ed8123b2b7ec3e3743d029cd93fd2b67394f67ab7aab1e844b54c1f69ea18cf,compatibles,C-392,Afirmación+SPO,REVISADA,Coincidencia literal verificada con C-392 en Afirmación+SPO; la celda no hereda ninguna otra C de la fila.
data/tablas/03/table-13-3-7-matriz-de-compatibilidad.csv,36,punto exacto,6a5897104d2f45eea1a2e469c11e861e01aa30c88102866f0e7f18dd39ea7b28,H16 puede proporcionar el intercambio metabólico inicial y E3 la geometría de entrelazamiento e internalización.,C-392,Motivo,REVISADA,Coincidencia literal verificada con C-392 en Motivo; la celda no hereda ninguna otra C de la fila.
data/tablas/03/table-13-3-7-matriz-de-compatibilidad.csv,36,observación que los distinguiría,f80486245593755f389a8050d41f176eec7cd9d5ba901029924b32d46efa73bd,El socio bacteriano de E3 tendría que ser el receptor de equivalentes reductores predicho por H16.,C-392,Motivo,REVISADA,Coincidencia literal verificada con C-392 en Motivo; la celda no hereda ninguna otra C de la fila.
data/tablas/03/table-13-3-7-matriz-de-compatibilidad.csv,37,relación,4ed8123b2b7ec3e3743d029cd93fd2b67394f67ab7aab1e844b54c1f69ea18cf,compatibles,C-393,Afirmación+SPO,REVISADA,Coincidencia literal verificada con C-393 en Afirmación+SPO; la celda no hereda ninguna otra C de la fila.
data/tablas/03/table-13-3-7-matriz-de-compatibilidad.csv,37,punto exacto,ae1b5ddc12aab1b9e11b728dff11a6e792a77d190eb2746ff43c91c78bc4e873,Una asociación de flujo inverso puede culminar en un endosimbionte que transfiera intrones de grupo II.,C-393,Motivo,REVISADA,Coincidencia literal verificada con C-393 en Motivo; la celda no hereda ninguna otra C de la fila.
data/tablas/03/table-13-3-7-matriz-de-compatibilidad.csv,37,observación que los distinguiría,991225b7ee33534ac51598c9ab11fcc18c268af0c3b9413f8046bd4e27e888f6,La dirección metabólica no altera la predicción intrón→compartimentación.,C-393,Motivo,REVISADA,Coincidencia literal verificada con C-393 en Motivo; la celda no hereda ninguna otra C de la fila.
data/tablas/03/table-13-3-7-matriz-de-compatibilidad.csv,38,relación,4ed8123b2b7ec3e3743d029cd93fd2b67394f67ab7aab1e844b54c1f69ea18cf,compatibles,C-394,Afirmación+SPO,REVISADA,Coincidencia literal verificada con C-394 en Afirmación+SPO; la celda no hereda ninguna otra C de la fila.
data/tablas/03/table-13-3-7-matriz-de-compatibilidad.csv,38,punto exacto,d7b762d6b5f6ac183969a322b76b3d4cd407e901e289b3f73b00e76cdd9f25e8,H16 no excluye una contribución viral adicional al núcleo.,C-394,Motivo,REVISADA,Coincidencia literal verificada con C-394 en Motivo; la celda no hereda ninguna otra C de la fila.
data/tablas/03/table-13-3-7-matriz-de-compatibilidad.csv,38,observación que los distinguiría,904a113cff81d2c2be38861ad8fb6996f4eb51198982fd2d9c43b6c2058f1d19,La evidencia viral puede evaluarse de forma separada de la sintrofía.,C-394,Motivo,REVISADA,Coincidencia literal verificada con C-394 en Motivo; la celda no hereda ninguna otra C de la fila.
data/tablas/03/table-13-3-7-matriz-de-compatibilidad.csv,39,relación,4ed8123b2b7ec3e3743d029cd93fd2b67394f67ab7aab1e844b54c1f69ea18cf,compatibles,C-395,Afirmación+SPO,REVISADA,Coincidencia literal verificada con C-395 en Afirmación+SPO; la celda no hereda ninguna otra C de la fila.
data/tablas/03/table-13-3-7-matriz-de-compatibilidad.csv,39,punto exacto,4c13fb943d5a4ef4a3817ba1a21902373f076fae0d9688a3fea36539b6777b91,La sintrofía de flujo inverso puede coexistir con una invaginación nuclear autógena en otra etapa.,C-395,Motivo,REVISADA,Coincidencia literal verificada con C-395 en Motivo; la celda no hereda ninguna otra C de la fila.
data/tablas/03/table-13-3-7-matriz-de-compatibilidad.csv,39,observación que los distinguiría,d841a73f79cfe7a15484f40c2cc2f21dba6dc2f41ff470b51ded07f902f12fcf,"El orden de ambos procesos distinguiría variantes, no su compatibilidad.",C-395,Motivo,REVISADA,Coincidencia literal verificada con C-395 en Motivo; la celda no hereda ninguna otra C de la fila.
data/tablas/03/table-13-3-7-matriz-de-compatibilidad.csv,40,relación,4ed8123b2b7ec3e3743d029cd93fd2b67394f67ab7aab1e844b54c1f69ea18cf,compatibles,C-396,Afirmación+SPO,REVISADA,Coincidencia literal verificada con C-396 en Afirmación+SPO; la celda no hereda ninguna otra C de la fila.
data/tablas/03/table-13-3-7-matriz-de-compatibilidad.csv,40,punto exacto,024ae2b728bcccaf774247e7100cb178a9303398e4dda85a81b7e80a6c30d23a,El flujo arquea→bacteria puede ocurrir entre el cuerpo asgard y ectosimbiontes rodeados por protrusiones inside-out.,C-396,Motivo,REVISADA,Coincidencia literal verificada con C-396 en Motivo; la celda no hereda ninguna otra C de la fila.
data/tablas/03/table-13-3-7-matriz-de-compatibilidad.csv,40,observación que los distinguiría,0fe67e31be192926931e44abb1afa46f1ea855c1d5a8afe09f428cca190ae70c,Reconstrucciones de orientación y metabolismo deberían ser simultáneamente consistentes.,C-396,Motivo,REVISADA,Coincidencia literal verificada con C-396 en Motivo; la celda no hereda ninguna otra C de la fila.
data/tablas/03/table-13-3-7-matriz-de-compatibilidad.csv,41,relación,4ed8123b2b7ec3e3743d029cd93fd2b67394f67ab7aab1e844b54c1f69ea18cf,compatibles,C-397,Afirmación+SPO,REVISADA,Coincidencia literal verificada con C-397 en Afirmación+SPO; la celda no hereda ninguna otra C de la fila.
data/tablas/03/table-13-3-7-matriz-de-compatibilidad.csv,41,punto exacto,f3be33fed7a1063e577b40afce6e69ec9499ca8ef678bf2686cd44d771176791,H22 no fija metabolismo ni identidad del socio bacteriano.,C-397,Motivo,REVISADA,Coincidencia literal verificada con C-397 en Motivo; la celda no hereda ninguna otra C de la fila.
data/tablas/03/table-13-3-7-matriz-de-compatibilidad.csv,41,observación que los distinguiría,46ef6cce4eaf5d06452812429a685545d014e1cce9cf6567c33d6b32e4a855c7,La homología de coatómeros puede evaluarse independientemente.,C-397,Motivo,REVISADA,Coincidencia literal verificada con C-397 en Motivo; la celda no hereda ninguna otra C de la fila.
data/tablas/03/table-13-3-7-matriz-de-compatibilidad.csv,42,relación,4ed8123b2b7ec3e3743d029cd93fd2b67394f67ab7aab1e844b54c1f69ea18cf,compatibles,C-398,Afirmación+SPO,REVISADA,Coincidencia literal verificada con C-398 en Afirmación+SPO; la celda no hereda ninguna otra C de la fila.
data/tablas/03/table-13-3-7-matriz-de-compatibilidad.csv,42,punto exacto,f430ff0e89435cbbb2ed4b957ffc012ec089235db7736f8fa0c2dddce06a43e9,E3 puede producir el endosimbionte que después dona intrones de grupo II.,C-398,Motivo,REVISADA,Coincidencia literal verificada con C-398 en Motivo; la celda no hereda ninguna otra C de la fila.
data/tablas/03/table-13-3-7-matriz-de-compatibilidad.csv,42,observación que los distinguiría,f3e176e3de56b921a3ca0580f495e896e5f721eb58e17ec5297eb60b14737cbe,El orden E3→transferencia de intrones→compartimentación es una combinación explícita comprobable.,C-398,Motivo,REVISADA,Coincidencia literal verificada con C-398 en Motivo; la celda no hereda ninguna otra C de la fila.
data/tablas/03/table-13-3-7-matriz-de-compatibilidad.csv,43,relación,4ed8123b2b7ec3e3743d029cd93fd2b67394f67ab7aab1e844b54c1f69ea18cf,compatibles,C-399,Afirmación+SPO,REVISADA,Coincidencia literal verificada con C-399 en Afirmación+SPO; la celda no hereda ninguna otra C de la fila.
data/tablas/03/table-13-3-7-matriz-de-compatibilidad.csv,43,punto exacto,e983b00ba0b57c415676a53c7d6d421a88eaa826855db5b6b19a7f7f6b765524,E3 no excluye aportes virales genéticos o una infección persistente posterior.,C-399,Motivo,REVISADA,Coincidencia literal verificada con C-399 en Motivo; la celda no hereda ninguna otra C de la fila.
data/tablas/03/table-13-3-7-matriz-de-compatibilidad.csv,43,observación que los distinguiría,66ed81b4b7f46724d07d46b5420a9ec3a94fc8e5a4c6743dc81e3f468bb35df9,La procedencia viral de genes no altera necesariamente el mecanismo de engullimiento.,C-399,Motivo,REVISADA,Coincidencia literal verificada con C-399 en Motivo; la celda no hereda ninguna otra C de la fila.
data/tablas/03/table-13-3-7-matriz-de-compatibilidad.csv,44,relación,4ed8123b2b7ec3e3743d029cd93fd2b67394f67ab7aab1e844b54c1f69ea18cf,compatibles,C-400,Afirmación+SPO,REVISADA,Coincidencia literal verificada con C-400 en Afirmación+SPO; la celda no hereda ninguna otra C de la fila.
data/tablas/03/table-13-3-7-matriz-de-compatibilidad.csv,44,punto exacto,ec81957b0c8d1d6f3bf9917a2ed77183792dd4cfc7c9a4120a272c995d1b46c9,E3 trata la internalización mitocondrial y H20 puede tratar por separado la envoltura nuclear.,C-400,Motivo,REVISADA,Coincidencia literal verificada con C-400 en Motivo; la celda no hereda ninguna otra C de la fila.
data/tablas/03/table-13-3-7-matriz-de-compatibilidad.csv,44,observación que los distinguiría,3161516bf4efe5a7afe5ef76a07c0f44b2ee60d980e9d1aa558976b81d50e4d0,La cronología de invaginación respecto del engullimiento distingue variantes.,C-400,Motivo,REVISADA,Coincidencia literal verificada con C-400 en Motivo; la celda no hereda ninguna otra C de la fila.
data/tablas/03/table-13-3-7-matriz-de-compatibilidad.csv,45,relación,66ca1e985a92cf72374aff978113eb673a03913300c1ed2c48ff77e7e3fb4541,parcialmente compatibles,C-401,Afirmación+SPO,REVISADA,Coincidencia literal verificada con C-401 en Afirmación+SPO; la celda no hereda ninguna otra C de la fila.
data/tablas/03/table-13-3-7-matriz-de-compatibilidad.csv,45,punto exacto,c672e5d0a8ff23d0579e3649b0e441529964e763b57785d40ac89dc9fd77057d,Comparten protrusiones asgard; E3 propone engullimiento focal de un socio y H21 una exteriorización global que define núcleo y retículo.,C-401,Motivo,REVISADA,Coincidencia literal verificada con C-401 en Motivo; la celda no hereda ninguna otra C de la fila.
data/tablas/03/table-13-3-7-matriz-de-compatibilidad.csv,45,observación que los distinguiría,0befcf3c05f4ee83a3b08ea17fd36fa64ae491e7f45b89a758030c86b64182eb,"La continuidad topológica de protrusiones, retículo y membrana plasmática distinguiría si son etapas del mismo proceso.",C-401,Motivo,REVISADA,Coincidencia literal verificada con C-401 en Motivo; la celda no hereda ninguna otra C de la fila.
data/tablas/03/table-13-3-7-matriz-de-compatibilidad.csv,46,relación,4ed8123b2b7ec3e3743d029cd93fd2b67394f67ab7aab1e844b54c1f69ea18cf,compatibles,C-402,Afirmación+SPO,REVISADA,Coincidencia literal verificada con C-402 en Afirmación+SPO; la celda no hereda ninguna otra C de la fila.
data/tablas/03/table-13-3-7-matriz-de-compatibilidad.csv,46,punto exacto,710c0ff9a800b8863a3f73bf4a332558cd122a35a6d8adb9ca58ce480a906ba8,Un protocoatómero podría mediar curvatura y fusión de membranas durante E3 sin estar especificado por el modelo.,C-402,Motivo,REVISADA,Coincidencia literal verificada con C-402 en Motivo; la celda no hereda ninguna otra C de la fila.
data/tablas/03/table-13-3-7-matriz-de-compatibilidad.csv,46,observación que los distinguiría,5f1368e246c5265ee25f887a0487f5c07db01401ba1a5178eb470f22ce1a251a,La presencia de esa maquinaria en el tallo debe probarse mediante duplicaciones y homología.,C-402,Motivo,REVISADA,Coincidencia literal verificada con C-402 en Motivo; la celda no hereda ninguna otra C de la fila.
data/tablas/03/table-13-3-7-matriz-de-compatibilidad.csv,47,relación,66ca1e985a92cf72374aff978113eb673a03913300c1ed2c48ff77e7e3fb4541,parcialmente compatibles,C-403,Afirmación+SPO,REVISADA,Coincidencia literal verificada con C-403 en Afirmación+SPO; la celda no hereda ninguna otra C de la fila.
data/tablas/03/table-13-3-7-matriz-de-compatibilidad.csv,47,punto exacto,ea524fc187ec964c87d88f0ff30e4fd8e15d21b84b3b8e286070846abf7263bd,Una contribución viral parcial puede coexistir con presión por intrones; son rivales solo cuando cada una se presenta como causa principal y suficiente del compartimento nuclear.,C-403,Motivo,REVISADA,Coincidencia literal verificada con C-403 en Motivo; la celda no hereda ninguna otra C de la fila.
data/tablas/03/table-13-3-7-matriz-de-compatibilidad.csv,47,observación que los distinguiría,62345150a2a5189ef0ce4e3bb52ce65b25f13ecd1fadb02c1c516963644c4fe1,"La cronología y procedencia de nucleoporinas, espliceosoma y membranas distinguirían causalidad principal de aporte accesorio.",C-403,Motivo,REVISADA,Coincidencia literal verificada con C-403 en Motivo; la celda no hereda ninguna otra C de la fila.
data/tablas/03/table-13-3-7-matriz-de-compatibilidad.csv,48,relación,4ed8123b2b7ec3e3743d029cd93fd2b67394f67ab7aab1e844b54c1f69ea18cf,compatibles,C-404,Afirmación+SPO,REVISADA,Coincidencia literal verificada con C-404 en Afirmación+SPO; la celda no hereda ninguna otra C de la fila.
data/tablas/03/table-13-3-7-matriz-de-compatibilidad.csv,48,punto exacto,b3d336278b1723398c6662bc6a65e66c18fe9e6b4808ae6ad31868987724db25,La invaginación puede producir una envoltura cuya fijación sea favorecida por la necesidad de separar empalme y traducción.,C-404,Motivo,REVISADA,Coincidencia literal verificada con C-404 en Motivo; la celda no hereda ninguna otra C de la fila.
data/tablas/03/table-13-3-7-matriz-de-compatibilidad.csv,48,observación que los distinguiría,98840a4fa177a3f6e93a9147f4a7eb6931cb1ab9ee7cb06ec925bd6efa0594f8,El orden y la asociación temporal entre carga de intrones e invaginación distinguirían la combinación.,C-404,Motivo,REVISADA,Coincidencia literal verificada con C-404 en Motivo; la celda no hereda ninguna otra C de la fila.
data/tablas/03/table-13-3-7-matriz-de-compatibilidad.csv,49,relación,4ed8123b2b7ec3e3743d029cd93fd2b67394f67ab7aab1e844b54c1f69ea18cf,compatibles,C-405,Afirmación+SPO,REVISADA,Coincidencia literal verificada con C-405 en Afirmación+SPO; la celda no hereda ninguna otra C de la fila.
data/tablas/03/table-13-3-7-matriz-de-compatibilidad.csv,49,punto exacto,737b8b9b60ced34dca5e9d85de6e369cad011fc481ff58c41e58f9453e42e21b,Inside-out puede originar la geometría y la invasión de intrones aportar una presión selectiva posterior para cerrar o regular la envoltura.,C-405,Motivo,REVISADA,Coincidencia literal verificada con C-405 en Motivo; la celda no hereda ninguna otra C de la fila.
data/tablas/03/table-13-3-7-matriz-de-compatibilidad.csv,49,observación que los distinguiría,393490b58e6d2ac9f681eb93147ef6acb4a8b2925e8a5e138b2fc0e3f237b025,Fechar intrones respecto de la formación topológica de la envoltura discriminaría la secuencia.,C-405,Motivo,REVISADA,Coincidencia literal verificada con C-405 en Motivo; la celda no hereda ninguna otra C de la fila.
data/tablas/03/table-13-3-7-matriz-de-compatibilidad.csv,50,relación,4ed8123b2b7ec3e3743d029cd93fd2b67394f67ab7aab1e844b54c1f69ea18cf,compatibles,C-406,Afirmación+SPO,REVISADA,Coincidencia literal verificada con C-406 en Afirmación+SPO; la celda no hereda ninguna otra C de la fila.
data/tablas/03/table-13-3-7-matriz-de-compatibilidad.csv,50,punto exacto,5f92a167329eb72b0f038c98dd44fc4e0ed7a0da03db5d81ce46b10deb051432,La maquinaria protocoatómero puede originar poros y cubiertas mientras los intrones explican una presión funcional.,C-406,Motivo,REVISADA,Coincidencia literal verificada con C-406 en Motivo; la celda no hereda ninguna otra C de la fila.
data/tablas/03/table-13-3-7-matriz-de-compatibilidad.csv,50,observación que los distinguiría,6a2552bcfd4f61d530a43e5c10170e5a75fafe308a2485e15ea632f6b867cd1f,Homología de complejos y cronología de intrones son líneas independientes.,C-406,Motivo,REVISADA,Coincidencia literal verificada con C-406 en Motivo; la celda no hereda ninguna otra C de la fila.
data/tablas/03/table-13-3-7-matriz-de-compatibilidad.csv,51,relación,66ca1e985a92cf72374aff978113eb673a03913300c1ed2c48ff77e7e3fb4541,parcialmente compatibles,C-407,Afirmación+SPO,REVISADA,Coincidencia literal verificada con C-407 en Afirmación+SPO; la celda no hereda ninguna otra C de la fila.
data/tablas/03/table-13-3-7-matriz-de-compatibilidad.csv,51,punto exacto,ff245e70f06a5c1326e2c02021b919fd50ae883b89a9660fec173bbba68906cf,La invaginación autógena puede recibir genes virales; son incompatibles solo si H19 exige que el compartimento completo descienda del virus.,C-407,Motivo,REVISADA,Coincidencia literal verificada con C-407 en Motivo; la celda no hereda ninguna otra C de la fila.
data/tablas/03/table-13-3-7-matriz-de-compatibilidad.csv,51,observación que los distinguiría,6cc917b441de9bafbdcb780a274c72acddb59b94fe1934c8b1e1b4f29c635edd,Distinguir origen de membrana frente a origen de genes resolvería la rivalidad aparente.,C-407,Motivo,REVISADA,Coincidencia literal verificada con C-407 en Motivo; la celda no hereda ninguna otra C de la fila.
data/tablas/03/table-13-3-7-matriz-de-compatibilidad.csv,52,relación,66ca1e985a92cf72374aff978113eb673a03913300c1ed2c48ff77e7e3fb4541,parcialmente compatibles,C-408,Afirmación+SPO,REVISADA,Coincidencia literal verificada con C-408 en Afirmación+SPO; la celda no hereda ninguna otra C de la fila.
data/tablas/03/table-13-3-7-matriz-de-compatibilidad.csv,52,punto exacto,30b573ee3796ebd5be6e089f8afb6054ab7538ab5bc494251b108f064eba334f,"Inside-out puede aceptar aportes virales parciales, pero no un reemplazo del cuerpo arqueano por un compartimento viral ancestral.",C-408,Motivo,REVISADA,Coincidencia literal verificada con C-408 en Motivo; la celda no hereda ninguna otra C de la fila.
data/tablas/03/table-13-3-7-matriz-de-compatibilidad.csv,52,observación que los distinguiría,b39594cf05c2c71d03b2ad31d52c1a0cc5b51a5f44d693de674ea7415475303d,La homología topológica del núcleo y la dirección de HGT distinguirían las versiones.,C-408,Motivo,REVISADA,Coincidencia literal verificada con C-408 en Motivo; la celda no hereda ninguna otra C de la fila.
data/tablas/03/table-13-3-7-matriz-de-compatibilidad.csv,53,relación,4ed8123b2b7ec3e3743d029cd93fd2b67394f67ab7aab1e844b54c1f69ea18cf,compatibles,C-409,Afirmación+SPO,REVISADA,Coincidencia literal verificada con C-409 en Afirmación+SPO; la celda no hereda ninguna otra C de la fila.
data/tablas/03/table-13-3-7-matriz-de-compatibilidad.csv,53,punto exacto,5c0b8a5f99e0537d28a2235266535a4c832b4c614ea62a836028a570317efddf,"Un origen o aporte viral no excluye que poro y coatómeros compartan una arquitectura celular ancestral, salvo que se atribuya también esa maquinaria al virus.",C-409,Motivo,REVISADA,Coincidencia literal verificada con C-409 en Motivo; la celda no hereda ninguna otra C de la fila.
data/tablas/03/table-13-3-7-matriz-de-compatibilidad.csv,53,observación que los distinguiría,f8c084ce764eab95e30f8b6068a7871c81f7dcc5b7cb8941516cffcac56e1256,Filogenias y estructuras de nucleoporinas podrían separar aportes virales de paralogía celular.,C-409,Motivo,REVISADA,Coincidencia literal verificada con C-409 en Motivo; la celda no hereda ninguna otra C de la fila.
data/tablas/03/table-13-3-7-matriz-de-compatibilidad.csv,54,relación,1a9e80c23cf91f8b814c463dc97650363760963c4df7bdaea537c82b20ad9a07,mutuamente excluyentes,C-410,Afirmación+SPO,REVISADA,Coincidencia literal verificada con C-410 en Afirmación+SPO; la celda no hereda ninguna otra C de la fila.
data/tablas/03/table-13-3-7-matriz-de-compatibilidad.csv,54,punto exacto,7a581d129d1f9678214b0fbdb20d1744f1d1a53f9421e998e3bd01eb99b80df9,H20 invagina hacia dentro; H21 exterioriza protrusiones y conserva el cuerpo arqueano como núcleo.,C-410,Motivo,REVISADA,Coincidencia literal verificada con C-410 en Motivo; la celda no hereda ninguna otra C de la fila.
data/tablas/03/table-13-3-7-matriz-de-compatibilidad.csv,54,observación que los distinguiría,3d04b0c506df1f45d620784f8267978af0c8e3be1abc4e9868ffd4b91cbb7720,La orientación topológica ancestral y el mecanismo de inserción de poros distinguen las geometrías.,C-410,Motivo,REVISADA,Coincidencia literal verificada con C-410 en Motivo; la celda no hereda ninguna otra C de la fila.
data/tablas/03/table-13-3-7-matriz-de-compatibilidad.csv,55,relación,4ed8123b2b7ec3e3743d029cd93fd2b67394f67ab7aab1e844b54c1f69ea18cf,compatibles,C-411,Afirmación+SPO,REVISADA,Coincidencia literal verificada con C-411 en Afirmación+SPO; la celda no hereda ninguna otra C de la fila.
data/tablas/03/table-13-3-7-matriz-de-compatibilidad.csv,55,punto exacto,817e340f1ccb9bcf4bf4230853c3e5305a840833d647678709ec1e851b9493b3,El protocoatómero puede proporcionar maquinaria de curvatura a una invaginación autógena.,C-411,Motivo,REVISADA,Coincidencia literal verificada con C-411 en Motivo; la celda no hereda ninguna otra C de la fila.
data/tablas/03/table-13-3-7-matriz-de-compatibilidad.csv,55,observación que los distinguiría,d0f3d14938aa35c456087a8b10d3397b0451ab43223ef9906fec17edd5002e94,La homología molecular no fija dirección de curvatura.,C-411,Motivo,REVISADA,Coincidencia literal verificada con C-411 en Motivo; la celda no hereda ninguna otra C de la fila.
data/tablas/03/table-13-3-7-matriz-de-compatibilidad.csv,56,relación,4ed8123b2b7ec3e3743d029cd93fd2b67394f67ab7aab1e844b54c1f69ea18cf,compatibles,C-412,Afirmación+SPO,REVISADA,Coincidencia literal verificada con C-412 en Afirmación+SPO; la celda no hereda ninguna otra C de la fila.
data/tablas/03/table-13-3-7-matriz-de-compatibilidad.csv,56,punto exacto,eec27982b408c5d4924298da7faac10bcaaaacddd6be3865cdcce4d1685d2c5f,El protocoatómero puede mediar poros y curvatura dentro de la geometría inside-out.,C-412,Motivo,REVISADA,Coincidencia literal verificada con C-412 en Motivo; la celda no hereda ninguna otra C de la fila.
data/tablas/03/table-13-3-7-matriz-de-compatibilidad.csv,56,observación que los distinguiría,6f26f3f4fcf97c49f14693712569c064b7276b5624012d65095676fbc25d1b42,La combinación exige que la cronología de duplicaciones sea anterior o concomitante a la exteriorización.,C-412,Motivo,REVISADA,Coincidencia literal verificada con C-412 en Motivo; la celda no hereda ninguna otra C de la fila.
data/tablas/04/table-15-4-2-8-comparacion-de-las-raices.csv,2,marcadores,117c4c6daa0f756d5cd2b93da7dd063bcb01bf0a16e6769173aed7f8703ebbdf,"DHFR–TS, miosinas, caracteres flagelares",C-467; C-438; C-439,Afirmación+Motivo,REVISADA,Adjudicación explícita conservadora tras cotejo del valor con Afirmación+Motivo; no se heredaron todas las C de la fila.
data/tablas/04/table-15-4-2-8-comparacion-de-las-raices.csv,2,método principal,85064100d4f2a963c0c40d1bf7c5701db04e8a312b5fb8f14f678870734de305,caracteres raros y reconstrucción morfológica,C-439; C-467,Motivo+Afirmación,REVISADA,Adjudicación explícita conservadora tras cotejo del valor con Motivo+Afirmación; no se heredaron todas las C de la fila.
data/tablas/04/table-15-4-2-8-comparacion-de-las-raices.csv,2,primera divergencia,cb8b8322388f6b2d7f37bc4121daa18c8a8468f8b6c37ca2e562d6bbdce182ec,Unikonta / Bikonta,C-438,Afirmación+Sujeto,REVISADA,Adjudicación explícita conservadora tras cotejo del valor con Afirmación+Sujeto; no se heredaron todas las C de la fila.
data/tablas/04/table-15-4-2-8-comparacion-de-las-raices.csv,2,relación con las otras,7705dce892a0d211cb42ca41dc292fc6588668cc8c04733a0ba3b05d175c505d,histórica; circunscripciones no coinciden con nombres actuales,C-441,Afirmación+SPO+Motivo,REVISADA,Revisión semántica explícita: la celda conserva solo contenido equivalente a las C indicadas; no se usó semejanza léxica como prueba.
data/tablas/04/table-15-4-2-8-comparacion-de-las-raices.csv,3,marcadores,5348b14c5f4e5fec7993eb7ea20d32e325dd6957cacac25fbef9c40e7c3e90b4,"Amorphea, Diaphoretickes y Excavata",C-690,Afirmación+SPO+Motivo,REVISADA,Revisión semántica explícita: la celda conserva solo contenido equivalente a las C indicadas; no se usó semejanza léxica como prueba.
data/tablas/04/table-15-4-2-8-comparacion-de-las-raices.csv,3,primera divergencia,e07078d3307844088143f77f52e167ac879dfa1a5c137fe0f8bcff771bee88fa,entre Amorphea y los otros dos ensamblajes listados,C-691,Afirmación+SPO+Motivo,REVISADA,Revisión semántica explícita: la celda conserva solo contenido equivalente a las C indicadas; no se usó semejanza léxica como prueba.
data/tablas/04/table-15-4-2-8-comparacion-de-las-raices.csv,3,relación con las otras,a63e9d240d8760a83a0fe4e75eb3d71c893488352d8cec89b556d0fabbf4d486,no especifica una bipartición completa; no es sinónimo de Opimoda–Diphoda,C-692; C-693,Afirmación+SPO+Motivo,REVISADA,Revisión semántica explícita: la celda conserva solo contenido equivalente a las C indicadas; no se usó semejanza léxica como prueba.
data/tablas/04/table-15-4-2-8-comparacion-de-las-raices.csv,4,marcadores,4698d1571c08de12882483b859aded94d7f41d818345f42b9d37f8a7bd8a1816,proteínas de origen bacteriano,C-442,Afirmación,REVISADA,Adjudicación explícita conservadora tras cotejo del valor con Afirmación; no se heredaron todas las C de la fila.
data/tablas/04/table-15-4-2-8-comparacion-de-las-raices.csv,4,método principal,4ea7fa82b887dd5284d0c60f7179dc85fd6eafbee2004ef5a61185a3c732e625,CAT-GTR y CAT,C-445,Afirmación+SPO+Motivo,REVISADA,Revisión semántica explícita: la celda conserva solo contenido equivalente a las C indicadas; no se usó semejanza léxica como prueba.
data/tablas/04/table-15-4-2-8-comparacion-de-las-raices.csv,4,primera divergencia,66fc1b4f0b102f044894d7af61e0ae0e8721b8a1ccb03653721b77c5ff5206a4,Opimoda / Diphoda,C-442,Afirmación+Sujeto,REVISADA,Adjudicación explícita conservadora tras cotejo del valor con Afirmación+Sujeto; no se heredaron todas las C de la fila.
data/tablas/04/table-15-4-2-8-comparacion-de-las-raices.csv,4,relación con las otras,801f2611f5ebf24ba8fc324899d236f3de32fac0f157fff0be23287e0aff1405,posición exacta incompatible con las raíces Opisthokonta y excavada sucesiva,C-454,Afirmación+SPO+Motivo,REVISADA,Revisión semántica explícita: la celda conserva solo contenido equivalente a las C indicadas; no se usó semejanza léxica como prueba.
data/tablas/04/table-15-4-2-8-comparacion-de-las-raices.csv,5,marcadores,a94e728ff81228cdbe6f0d5619dead73410d066687dd023fa7d988017484828a,proteínas de ascendencia mitocondrial,C-446,Motivo,REVISADA,Adjudicación explícita conservadora tras cotejo del valor con Motivo; no se heredaron todas las C de la fila.
data/tablas/04/table-15-4-2-8-comparacion-de-las-raices.csv,5,método principal,c109c9e6a10d1c62f781bc6addfbd30304cb637f3dcaa3917ccf3ccdfb859d8a,propuesta de raíz filogenómica,C-446,Afirmación+SPO+Motivo,REVISADA,Revisión semántica explícita: la celda conserva solo contenido equivalente a las C indicadas; no se usó semejanza léxica como prueba.
data/tablas/04/table-15-4-2-8-comparacion-de-las-raices.csv,5,primera divergencia,100980d0abb2a27b9f7240f6b8fcee09da40d5afa77c2632f6c17c46642d7c24,Discoba / resto del muestreo,C-446,Afirmación+SPO+Motivo,REVISADA,Revisión semántica explícita: la celda conserva solo contenido equivalente a las C indicadas; no se usó semejanza léxica como prueba.
data/tablas/04/table-15-4-2-8-comparacion-de-las-raices.csv,5,relación con las otras,430761c3e45e531c392b759cdf7580e7b3409ca638a4aab6af0478017c3d7e22,no equivale a Excavata monofilética,C-447,Afirmación+SPO+Motivo,REVISADA,Revisión semántica explícita: la celda conserva solo contenido equivalente a las C indicadas; no se usó semejanza léxica como prueba.
data/tablas/04/table-15-4-2-8-comparacion-de-las-raices.csv,6,marcadores,cd7c38d61d3056c6066a11c413a7a200b6de8827ea3527985edf781bf965fc3c,183 proteínas de ascendencia arqueana,C-448,Afirmación,REVISADA,Adjudicación explícita conservadora tras cotejo del valor con Afirmación; no se heredaron todas las C de la fila.
data/tablas/04/table-15-4-2-8-comparacion-de-las-raices.csv,6,método principal,b03caf8821bc8760934167752bf1fcecb53d8e92044539affafa1523f4fd3ffa,"183 proteínas; sensibilidad a secuencias atípicas, mosaicos y datos ausentes",C-448; C-451,Afirmación+SPO+Motivo,REVISADA,Revisión semántica explícita: la celda conserva solo contenido equivalente a las C indicadas; no se usó semejanza léxica como prueba.
data/tablas/04/table-15-4-2-8-comparacion-de-las-raices.csv,6,primera divergencia,30d8684bc188a67e561ed288ee4d5b84f9f19f7c0a14f9c954ae31cf4f487014,cuatro linajes sucesivos / resto,C-449; C-450,Afirmación+Motivo,REVISADA,Adjudicación explícita conservadora tras cotejo del valor con Afirmación+Motivo; no se heredaron todas las C de la fila.
data/tablas/04/table-15-4-2-8-comparacion-de-las-raices.csv,6,relación con las otras,62aa2a0b411149fd93b3ad0032a3d38967b8675a084019c51d13d4f13fb4fa52,no es una bifurcación Excavata / resto,C-450,Afirmación+SPO+Motivo,REVISADA,Revisión semántica explícita: la celda conserva solo contenido equivalente a las C indicadas; no se usó semejanza léxica como prueba.
data/tablas/04/table-15-4-2-8-comparacion-de-las-raices.csv,7,marcadores,2a8bd7f390d39daeb44e024b075058c50c077e082fe361c9028310b8c9db426c,2.786 árboles génicos,C-452,Afirmación,REVISADA,Adjudicación explícita conservadora tras cotejo del valor con Afirmación; no se heredaron todas las C de la fila.
data/tablas/04/table-15-4-2-8-comparacion-de-las-raices.csv,7,método principal,5282f29d042db8b1b70ac2a36aebe69e95a8da07ba3b519d5bb65eed251f50ca,reconciliación de genes y especies,C-452,Afirmación,REVISADA,Adjudicación explícita conservadora tras cotejo del valor con Afirmación; no se heredaron todas las C de la fila.
data/tablas/04/table-15-4-2-8-comparacion-de-las-raices.csv,7,primera divergencia,6e61a48c8758118b83b7c6015c3c31eeadb1baa6462a244b8c15d6e5ccad1fc9,Opisthokonta / resto,C-453,Afirmación+SPO+Motivo,REVISADA,Revisión semántica explícita: la celda conserva solo contenido equivalente a las C indicadas; no se usó semejanza léxica como prueba.
data/tablas/04/table-15-4-2-8-comparacion-de-las-raices.csv,7,relación con las otras,a68e8f69f896c289e6b68e3ad37b48b0e1305149ef6589d1b5f542725c44c263,usa una clase de evidencia distinta de concatenación,C-453,Afirmación+SPO+Motivo,REVISADA,Revisión semántica explícita: la celda conserva solo contenido equivalente a las C indicadas; no se usó semejanza léxica como prueba.
data/tablas/04/table-15-4-2-8-comparacion-de-las-raices.csv,8,marcadores,48fc085cb248e59baec970af7afeaa1a28ed6559439368e35390f9afaae63721,"93 proteínas relacionadas con mitocondria, 100 taxones",C-455,Afirmación,REVISADA,Adjudicación explícita conservadora tras cotejo del valor con Afirmación; no se heredaron todas las C de la fila.
data/tablas/04/table-15-4-2-8-comparacion-de-las-raices.csv,8,método principal,ce714dfbeda69b9f2214f32fe90e1489bb267a97c213ac0fd7486bf899c9f3fd,modelos complejos y retirada de sitios/taxones/genes rápidos,C-458; C-457,Afirmación,REVISADA,Adjudicación explícita conservadora tras cotejo del valor con Afirmación; no se heredaron todas las C de la fila.
data/tablas/04/table-15-4-2-8-comparacion-de-las-raices.csv,8,primera divergencia,fca8067a5ab61069b61e1b646106c32f227877a1c059576c1ca34dff4c16d8f6,Opimoda+ / Diphoda+,C-459,Afirmación+Sujeto,REVISADA,Adjudicación explícita conservadora tras cotejo del valor con Afirmación+Sujeto; no se heredaron todas las C de la fila.
data/tablas/04/table-15-4-2-8-comparacion-de-las-raices.csv,8,relación con las otras,df251e8daf3ee6268f092e6ef5e11fc59953568938030e886a72b48c8158d4f4,revisión de circunscripciones Opimoda/Diphoda,C-460,Afirmación+SPO+Motivo,REVISADA,Revisión semántica explícita: la celda conserva solo contenido equivalente a las C indicadas; no se usó semejanza léxica como prueba.
data/tablas/04/table-16-4-6-1-eukaryota.csv,2,qué linajes quedan dentro,eaf3f66e5108e6759e22d07dc7d1ae75d772502899443d9db8f2ac901abe24ae,todos los eucariotas vivientes y la población LECA reconstruida,C-511,Afirmación+SPO+Motivo,REVISADA,"Adjudicación nodal explícita por columna; C cotejada con el valor, sin heredar la lista de fila."
data/tablas/04/table-16-4-6-1-eukaryota.csv,2,qué linaje queda fuera (grupo hermano),c2b23af696d4a67d83037613b621dac8643c76eae7fe199207d8f6742742c163,linaje asgard más próximo a Eukaryota no resuelto,C-512,Afirmación+SPO+Motivo,REVISADA,"Adjudicación nodal explícita por columna; C cotejada con el valor, sin heredar la lista de fila."
data/tablas/04/table-16-4-6-1-eukaryota.csv,2,"caracteres morfológicos o ultraestructurales propuestos como sinapomorfía, con fuente",a56e59907995ac7965410fb74ce0ebe4b26774bf3bc38bff7ed0e2947a99fa18,"envoltura nuclear, poro nuclear, endomembranas, citoesqueleto y mitocondria atribuidos a LECA [S56 fig. 2]",C-513,Afirmación+SPO+Motivo,REVISADA,"Adjudicación nodal explícita por columna; C cotejada con el valor, sin heredar la lista de fila."
data/tablas/04/table-16-4-6-1-eukaryota.csv,2,"caracteres moleculares o genómicos propuestos (fusiones génicas, inserciones y deleciones raras, sintenia, dominios proteicos), con fuente",b3c59054fbe2971e08a23fceb91141bcb96f8e9ef06b585fb4cd44f3885c37f6,paralogías profundas y repertorios celulares reconstruidos; S56 [S56 §§Reconstrucción],C-514,Afirmación+SPO+Motivo,REVISADA,"Adjudicación nodal explícita por columna; C cotejada con el valor, sin heredar la lista de fila."
data/tablas/04/table-16-4-6-1-eukaryota.csv,2,tipo de evidencia que sostiene el nodo,aa2e9a9f70fb57b6c6de1adf9cbe7a15da95a2638ef38e8d24ea2c1967f67df2,filogenómica comparada y reconstrucción ancestral,C-515,Afirmación+SPO+Motivo,REVISADA,"Adjudicación nodal explícita por columna; C cotejada con el valor, sin heredar la lista de fila."
data/tablas/04/table-16-4-6-1-eukaryota.csv,2,soporte cuantitativo transcrito literalmente,41b151968530396e6d6930e7d195ed7654985de292ecd20aff02a9097c9b0485,la posición de la raíz interna está discutida [S102 resumen],C-516,Afirmación+SPO+Motivo,REVISADA,"Adjudicación nodal explícita por columna; C cotejada con el valor, sin heredar la lista de fila."
data/tablas/04/table-16-4-6-1-eukaryota.csv,2,edad estimada con intervalo,f2192f91c6abbf4a063e40ea387cfc53817674ec67f11f30ac9f334e0fb54b20,1.679–1.866 Ga en S139; 1.958–2.386 Ga en S140; no existe estimación de consenso,C-517,Afirmación+SPO+Motivo,REVISADA,"Adjudicación nodal explícita por columna; C cotejada con el valor, sin heredar la lista de fila."
data/tablas/04/table-16-4-6-1-eukaryota.csv,2,método de la estimación,fff49e2e569e585f8c5536c3eee71d29177069a3cf3fd3bf7093fe5f7bbe0413,relojes relajados con calibraciones y raíces diferentes,C-518,Afirmación+SPO+Motivo,REVISADA,"Adjudicación nodal explícita por columna; C cotejada con el valor, sin heredar la lista de fila."
data/tablas/04/table-17-4-6-2-amorphea.csv,2,qué linajes quedan dentro,41a6b430703eea81c971603aa859bf851448aaf83c993797184ed6a7f51ef562,Amoebozoa y Obazoa,C-519,Afirmación+SPO+Motivo,REVISADA,"Adjudicación nodal explícita por columna; C cotejada con el valor, sin heredar la lista de fila."
data/tablas/04/table-17-4-6-2-amorphea.csv,2,qué linaje queda fuera (grupo hermano),387a96077653e8a13d987a492834fb03c326cb8d790b6e6352f591a5fff2bdec,CRuMs en S108 y S109,C-520,Afirmación+SPO+Motivo,REVISADA,"Adjudicación nodal explícita por columna; C cotejada con el valor, sin heredar la lista de fila."
data/tablas/04/table-17-4-6-2-amorphea.csv,2,"caracteres morfológicos o ultraestructurales propuestos como sinapomorfía, con fuente",7c18a785bd8391c47db64d57bad49817b5ce68ce1c0eef3e7aa80abb552aa9fd,"definición de nodo especificada por Homo sapiens, Neurospora crassa y Dictyostelium discoideum; no depende de un estado ameboide o pseudopodial universal [C-521; S124 definición]",C-521,cita_en_celda,REVISADA,Citas C explícitas añadidas tras comprobar equivalencia semántica y cobertura bidireccional de la magnitud o convención.
data/tablas/04/table-17-4-6-2-amorphea.csv,2,"caracteres moleculares o genómicos propuestos (fusiones génicas, inserciones y deleciones raras, sintenia, dominios proteicos), con fuente",c49b1da0fb9750c9eb572108f847bf1fc9df191dac63da52031f313c96318e1d,recuperación mediante análisis filogenómico multigénico [S108 Results; fig. 1],C-522,Afirmación+SPO+Motivo,REVISADA,"Adjudicación nodal explícita por columna; C cotejada con el valor, sin heredar la lista de fila."
data/tablas/04/table-17-4-6-2-amorphea.csv,2,tipo de evidencia que sostiene el nodo,3b5939db26450fa50874303c8707269c4ba26ad143b0e86ca63e7ae8545231ff,filogenómica multigénica,C-523,Afirmación+SPO+Motivo,REVISADA,"Adjudicación nodal explícita por columna; C cotejada con el valor, sin heredar la lista de fila."
data/tablas/04/table-17-4-6-2-amorphea.csv,2,soporte cuantitativo transcrito literalmente,8a946f6f48251bb783a8478aeee4d36f3084fb695b869e79eba730453caa41d7,soporte máximo para CRuMs+Amorphea en S108; Amorphea cerca de 100 % durante retirada de sitios rápidos,C-524,Afirmación+SPO+Motivo,REVISADA,"Adjudicación nodal explícita por columna; C cotejada con el valor, sin heredar la lista de fila."
data/tablas/04/table-17-4-6-2-amorphea.csv,2,edad estimada con intervalo,8ec053b4f6f3523e701ae15823b23fa9e10bfe488d8a6ea481ed185307bc3993,"S126: intervalo 1.089,7–1.361,5 Ma bajo raíz 1,5 Ga; S548: mediana 1.773 Ma, máximo/mínimo de medianas 1.934/1.703 Ma",C-525; C-791,Afirmación+SPO+Motivo,REVISADA,"Adjudicación nodal explícita por columna; C cotejada con el valor, sin heredar la lista de fila."
data/tablas/04/table-17-4-6-2-amorphea.csv,2,método de la estimación,f596555fc85036113f74164432095568d34e3716e7430aaf6350d65c5776fa2b,"S126: MCMCTree, 10 calibraciones, sensibilidad a raíz 1,9 Ga; S548: TreePL, 77 calibraciones, 32 árboles, 100 réplicas",C-682; C-787; C-788; C-789,Afirmación+SPO+Motivo,REVISADA,"Adjudicación nodal explícita por columna; C cotejada con el valor, sin heredar la lista de fila."
data/tablas/04/table-18-4-6-3-amoebozoa.csv,2,qué linajes quedan dentro,ecbc9ba7ce46dac549c6c35f90fe961737d1e685310e5726dfa74f8795e4dd69,"Discosea y Tevosa, con sus linajes componentes según S112",C-527,Afirmación+SPO+Motivo,REVISADA,"Adjudicación nodal explícita por columna; C cotejada con el valor, sin heredar la lista de fila."
data/tablas/04/table-18-4-6-3-amoebozoa.csv,2,qué linaje queda fuera (grupo hermano),dcf945a0c3c8a4106f3d2a5f52191eab626a7c3b25e2eedb802b4599c0b80cd7,Obazoa,C-528,Afirmación+SPO+Motivo,REVISADA,"Adjudicación nodal explícita por columna; C cotejada con el valor, sin heredar la lista de fila."
data/tablas/04/table-18-4-6-3-amoebozoa.csv,2,"caracteres morfológicos o ultraestructurales propuestos como sinapomorfía, con fuente",03ebc6c677457474345437a02f44a81f18c25100525f39fb878d685393cf6239,heterogeneidad de formas celulares y modos de locomoción entre los linajes muestreados [S112 Results; fig. 3],C-529,Afirmación+SPO+Motivo,REVISADA,"Adjudicación nodal explícita por columna; C cotejada con el valor, sin heredar la lista de fila."
data/tablas/04/table-18-4-6-3-amoebozoa.csv,2,"caracteres moleculares o genómicos propuestos (fusiones génicas, inserciones y deleciones raras, sintenia, dominios proteicos), con fuente",84000bc5f8d3c5dd8f45e691dcc445a3464726b8957eb74575023160cf1395fe,325 genes y 63.157 posiciones en S112 [S112 Methods; fig. 3],C-530,Afirmación+SPO+Motivo,REVISADA,"Adjudicación nodal explícita por columna; C cotejada con el valor, sin heredar la lista de fila."
data/tablas/04/table-18-4-6-3-amoebozoa.csv,2,tipo de evidencia que sostiene el nodo,458abf6cc26ef05471d9a696e34d5ec0bcfbb9f68d732fd86d03521ef1a6580c,descripción morfológica acotada y filogenómica concatenada,C-531,Afirmación+SPO+Motivo,REVISADA,"Adjudicación nodal explícita por columna; C cotejada con el valor, sin heredar la lista de fila."
data/tablas/04/table-18-4-6-3-amoebozoa.csv,2,soporte cuantitativo transcrito literalmente,070b7f49f94e86e1e04026a58a25b482de46cbb79aa8e1bce4dc1283f4fad0c6,BPP = 1.0 y MLBS = 99 para el respaldo principal citado en S112,C-532,Afirmación+SPO+Motivo,REVISADA,"Adjudicación nodal explícita por columna; C cotejada con el valor, sin heredar la lista de fila."
data/tablas/04/table-18-4-6-3-amoebozoa.csv,2,edad estimada con intervalo,c9d15de8037a9950a38b3bba2ba157c491f57ecb72f484c2ac248b81b7beddb5,"intervalo 872,9–1.297,8 Ma bajo raíz 1,5 Ga",C-533,Afirmación+SPO+Motivo,REVISADA,"Adjudicación nodal explícita por columna; C cotejada con el valor, sin heredar la lista de fila."
data/tablas/04/table-18-4-6-3-amoebozoa.csv,2,método de la estimación,9a65a77641083b5f4fdaf32c07d8c7e4a3c62f924dfdf442e79006fc825b2647,"MCMCTree; 10 calibraciones; raíz 1,5 Ga; S126 Table S7 nodo 5; sensibilidad a raíz 1,9 Ga",C-533; C-682,Afirmación+SPO+Motivo,REVISADA,"Adjudicación nodal explícita por columna; C cotejada con el valor, sin heredar la lista de fila."
data/tablas/04/table-19-4-6-4-obazoa.csv,2,qué linajes quedan dentro,0dbb5a51992afe01f3097d3782ebd91f95e6b870b5c7b86cbbfa151149bcc5ce,"Breviatea, Apusomonadida y Opisthokonta",C-535,Afirmación+SPO+Motivo,REVISADA,"Adjudicación nodal explícita por columna; C cotejada con el valor, sin heredar la lista de fila."
data/tablas/04/table-19-4-6-4-obazoa.csv,2,qué linaje queda fuera (grupo hermano),990a38d47f4a789074c0d389eb09d2bf3ff32d83e42d6b356ebbde734b18a448,Amoebozoa,C-536,Afirmación+SPO+Motivo,REVISADA,"Adjudicación nodal explícita por columna; C cotejada con el valor, sin heredar la lista de fila."
data/tablas/04/table-19-4-6-4-obazoa.csv,2,"caracteres morfológicos o ultraestructurales propuestos como sinapomorfía, con fuente",615e4c531b43d1db73c95aae45884d98eb72d2d4dffb0054e59ba02d8ca52843,n/a documental: C-537 registra la recuperación filogenómica; los caracteres celulares se resumen por linaje en las tablas siguientes,C-537,cita_en_celda,REVISADA,"Adjudicación nodal explícita por columna; C cotejada con el valor, sin heredar la lista de fila."
data/tablas/04/table-19-4-6-4-obazoa.csv,2,"caracteres moleculares o genómicos propuestos (fusiones génicas, inserciones y deleciones raras, sintenia, dominios proteicos), con fuente",58bc5acb2252a79c91b2a1a272386d818e29a48f54324334c9c090efd61d48a8,matriz de 159 proteínas y 43.615 aminoácidos [S111 Methods],C-538,Afirmación+SPO+Motivo,REVISADA,"Adjudicación nodal explícita por columna; C cotejada con el valor, sin heredar la lista de fila."
data/tablas/04/table-19-4-6-4-obazoa.csv,2,tipo de evidencia que sostiene el nodo,0d05d469dc51177b7e9ab766d2fdad8ca856bb9e4e9b81a4fa8f5c3494b9cfa2,filogenómica basada en una matriz concatenada,C-539,Afirmación+SPO+Motivo,REVISADA,"Adjudicación nodal explícita por columna; C cotejada con el valor, sin heredar la lista de fila."
data/tablas/04/table-19-4-6-4-obazoa.csv,2,soporte cuantitativo transcrito literalmente,71520171985e704985a2fbd561de7d750b54e7f220785d2d8d5cca5d99e3931e,clado fuertemente respaldado en S111; cerca de 100 % durante retirada de sitios rápidos en S108,C-540,Afirmación+SPO+Motivo,REVISADA,"Adjudicación nodal explícita por columna; C cotejada con el valor, sin heredar la lista de fila."
data/tablas/04/table-19-4-6-4-obazoa.csv,2,edad estimada con intervalo,f4e41288e79d1cf0a4fd37c9c702b84e775c670e0b8f61661c4f957c77f7e55d,"intervalo 1.077,1–1.334,8 Ma bajo raíz 1,5 Ga",C-541,Afirmación+SPO+Motivo,REVISADA,"Adjudicación nodal explícita por columna; C cotejada con el valor, sin heredar la lista de fila."
data/tablas/04/table-19-4-6-4-obazoa.csv,2,método de la estimación,7a0c4acfe3cec61466919ed366cfe9b24e2b982181564c6b45ea3d5dd5818b57,"MCMCTree; 10 calibraciones; raíz 1,5 Ga; S126 Table S7 nodo 346; sensibilidad a raíz 1,9 Ga",C-541; C-682,Afirmación+SPO+Motivo,REVISADA,"Adjudicación nodal explícita por columna; C cotejada con el valor, sin heredar la lista de fila."
data/tablas/04/table-20-4-6-5-apusomonadida.csv,2,qué linajes quedan dentro,52df5c11f003d1f049104cfd6198618043c0b66f8d9e404272b9b92f90b2609a,Thecamonas y otros apusomonádidos muestreados,C-543,Afirmación+SPO+Motivo,REVISADA,"Adjudicación nodal explícita por columna; C cotejada con el valor, sin heredar la lista de fila."
data/tablas/04/table-20-4-6-5-apusomonadida.csv,2,qué linaje queda fuera (grupo hermano),64cb87c94d86c42f815069a7d57e52c1cf5946762e73f9622b7d03d0392dd479,Opisthokonta en la topología de trabajo de S109,C-544,Afirmación+SPO+Motivo,REVISADA,"Adjudicación nodal explícita por columna; C cotejada con el valor, sin heredar la lista de fila."
data/tablas/04/table-20-4-6-5-apusomonadida.csv,2,"caracteres morfológicos o ultraestructurales propuestos como sinapomorfía, con fuente",6e80f896eb985363326e6d57c273997d94fb45aa033bbe2903ee5a93fc1ffc0a,"dorsal theca, dos cinetosomas y raíces microtubulares caracterizan taxones estudiados; exclusividad nodal no demostrada [S113 Results; figs. 2–8]",C-545,Afirmación+SPO+Motivo,REVISADA,"Adjudicación nodal explícita por columna; C cotejada con el valor, sin heredar la lista de fila."
data/tablas/04/table-20-4-6-5-apusomonadida.csv,2,"caracteres moleculares o genómicos propuestos (fusiones génicas, inserciones y deleciones raras, sintenia, dominios proteicos), con fuente",f50edc03f4c7a8a4cf18443ca5cd25b6a4938900c55ceb9bcb41260daf9b0167,filogenómica de Obazoa y muestreo ampliado de flagelados [S111; S109],C-546,Afirmación+SPO+Motivo,REVISADA,"Adjudicación nodal explícita por columna; C cotejada con el valor, sin heredar la lista de fila."
data/tablas/04/table-20-4-6-5-apusomonadida.csv,2,tipo de evidencia que sostiene el nodo,f1cc9110337834f3162190387a668c819eb204c361f241c12888091ab7786097,ultraestructura taxonómica y filogenómica,C-547,Afirmación+SPO+Motivo,REVISADA,"Adjudicación nodal explícita por columna; C cotejada con el valor, sin heredar la lista de fila."
data/tablas/04/table-20-4-6-5-apusomonadida.csv,2,soporte cuantitativo transcrito literalmente,e41a3cd1d21e19005731cde92efd0c34efff6c497949c7dd32e537a72b3745d6,soporte alto en S109; valor numérico exacto no transcrito,C-548,Afirmación+SPO+Motivo,REVISADA,"Adjudicación nodal explícita por columna; C cotejada con el valor, sin heredar la lista de fila."
data/tablas/04/table-20-4-6-5-apusomonadida.csv,2,edad estimada con intervalo,ef1b036e6e3c1a6559136a0b326c95c6ac24e0eea4b79f3ccecccf04bea275d6,"corona no estimable; tallo Apusomonadida–Opisthokonta 1.036,8–1.277,6 Ma",C-549; C-550,Afirmación+SPO+Motivo,REVISADA,"Adjudicación nodal explícita por columna; C cotejada con el valor, sin heredar la lista de fila."
data/tablas/04/table-20-4-6-5-apusomonadida.csv,2,método de la estimación,518f496856ba4600558204dbfe3e390b959f4aaaee0aca7168e180f38af72594,"MCMCTree; nodo 345 con un solo terminal apusomonádido; tallo, no corona; sensibilidad de raíz en C-551; BN-025",C-549; C-551; C-682,cita_en_celda+manifiesto_explicito,REVISADA,"Adjudicación nodal explícita por columna; C cotejada con el valor, sin heredar la lista de fila."
data/tablas/04/table-21-4-6-6-breviatea.csv,2,qué linajes quedan dentro,75e86c84c7249f6010db25685e64424d568a0ea159dd9c2174c63cf6aec4f612,"Breviata, Pygsuia y linajes breviados reconocidos",C-552,Afirmación+SPO+Motivo,REVISADA,"Adjudicación nodal explícita por columna; C cotejada con el valor, sin heredar la lista de fila."
data/tablas/04/table-21-4-6-6-breviatea.csv,2,qué linaje queda fuera (grupo hermano),f5ccf6433d4cbad04d4ec72335bcda2644ca9490e9d924840c5137556e93d93d,Apusomonadida+Opisthokonta en la topología de trabajo de S109,C-553,Afirmación+SPO+Motivo,REVISADA,"Adjudicación nodal explícita por columna; C cotejada con el valor, sin heredar la lista de fila."
data/tablas/04/table-21-4-6-6-breviatea.csv,2,"caracteres morfológicos o ultraestructurales propuestos como sinapomorfía, con fuente",b7ee8e8cfc47be98528f1c4f9a791e06001bd9bbdf69bcd27d2f79c6e79108f8,"dos cuerpos basales, raíces microtubulares y orgánulo relacionado con la mitocondria descritos en Breviata [S114 Results]",C-554,Afirmación+SPO+Motivo,REVISADA,"Adjudicación nodal explícita por columna; C cotejada con el valor, sin heredar la lista de fila."
data/tablas/04/table-21-4-6-6-breviatea.csv,2,"caracteres moleculares o genómicos propuestos (fusiones génicas, inserciones y deleciones raras, sintenia, dominios proteicos), con fuente",3f8156b0c08a84756ca84897906b21d6efd6fdcbefbe8818c87e6b85ed11ef5f,filogenómica de Obazoa y marcadores posteriores [S111; S109],C-555,Afirmación+SPO+Motivo,REVISADA,"Adjudicación nodal explícita por columna; C cotejada con el valor, sin heredar la lista de fila."
data/tablas/04/table-21-4-6-6-breviatea.csv,2,tipo de evidencia que sostiene el nodo,9a76edb4741ec2cd208851e1181ef49cd4d91612362d430837759d08dc95bf38,"filogenómica, genómica y ultraestructura de taxones",C-556,Afirmación+SPO+Motivo,REVISADA,"Adjudicación nodal explícita por columna; C cotejada con el valor, sin heredar la lista de fila."
data/tablas/04/table-21-4-6-6-breviatea.csv,2,soporte cuantitativo transcrito literalmente,2f1b8fa0f2e9ff20a7d657346ad3bf3128323129128a4e646dd2699ee7c8b630,soporte de Obazoa alto; orden interno varía entre estudios y valor exacto no localizado,C-557,Afirmación+SPO+Motivo,REVISADA,"Adjudicación nodal explícita por columna; C cotejada con el valor, sin heredar la lista de fila."
data/tablas/04/table-21-4-6-6-breviatea.csv,2,edad estimada con intervalo,09e89d5c43c3258bfffbc5781f2a27e9191fc9537d4583c63db3848add726df9,"intervalo 803,0–1.237,6 Ma bajo raíz 1,5 Ga",C-558,Afirmación+SPO+Motivo,REVISADA,"Adjudicación nodal explícita por columna; C cotejada con el valor, sin heredar la lista de fila."
data/tablas/04/table-21-4-6-6-breviatea.csv,2,método de la estimación,a747536edc0acbfac20914c9d5f5c2c6c6558bf504f8ea2356ae2bb0e7563f71,"MCMCTree; 10 calibraciones; raíz 1,5 Ga; S126 Table S7 nodo 6; sensibilidad a raíz 1,9 Ga",C-558; C-682,Afirmación+SPO+Motivo,REVISADA,"Adjudicación nodal explícita por columna; C cotejada con el valor, sin heredar la lista de fila."
data/tablas/04/table-22-4-6-7-opisthokonta.csv,2,qué linajes quedan dentro,883881b48a80864d03eea0f486dca658f55c1ca2ff2d159e014438031bf1c8ad,Holomycota y Holozoa,C-560,Afirmación+SPO+Motivo,REVISADA,"Adjudicación nodal explícita por columna; C cotejada con el valor, sin heredar la lista de fila."
data/tablas/04/table-22-4-6-7-opisthokonta.csv,2,qué linaje queda fuera (grupo hermano),2407d9296209cc16d21ab81b18f73cf596712c40edbe388c3cbd7c3d53ed873e,Apusomonadida en la topología de trabajo de S109,C-561,Afirmación+SPO+Motivo,REVISADA,"Adjudicación nodal explícita por columna; C cotejada con el valor, sin heredar la lista de fila."
data/tablas/04/table-22-4-6-7-opisthokonta.csv,2,"caracteres morfológicos o ultraestructurales propuestos como sinapomorfía, con fuente",a19156213100373fec0cd84023b407026624bf787d90e005fbb547f95afaf41a,cilio posterior en las células flageladas y crestas mitocondriales planas se propusieron como caracteres; existen pérdidas y estados no flagelados [S137 revisión; S144 discusión],C-562,Afirmación+SPO+Motivo,REVISADA,"Adjudicación nodal explícita por columna; C cotejada con el valor, sin heredar la lista de fila."
data/tablas/04/table-22-4-6-7-opisthokonta.csv,2,"caracteres moleculares o genómicos propuestos (fusiones génicas, inserciones y deleciones raras, sintenia, dominios proteicos), con fuente",1481ad86a1da948bb8788a202afa146f7d7f616a3095449452b4be2c93c36085,"indels históricos, múltiples matrices filogenómicas y contenido génico [S122; S126]",C-563,Afirmación+SPO+Motivo,REVISADA,"Adjudicación nodal explícita por columna; C cotejada con el valor, sin heredar la lista de fila."
data/tablas/04/table-22-4-6-7-opisthokonta.csv,2,tipo de evidencia que sostiene el nodo,4c856d177f5b20954ac9b760bd0a3e89dc03d830a752b22bb33a4e3b20bc7e05,"filogenómica, cambios genómicos raros y ultraestructura comparada",C-564,Afirmación+SPO+Motivo,REVISADA,"Adjudicación nodal explícita por columna; C cotejada con el valor, sin heredar la lista de fila."
data/tablas/04/table-22-4-6-7-opisthokonta.csv,2,soporte cuantitativo transcrito literalmente,2e8ba7ab3570eed81d7e861d359d70039a66779422ab923a2cf6f0c7c079ee9d,C-653 registra 85 % de congruencia global entre 18 árboles; no se trata como soporte cuantitativo específico de Opisthokonta [C-565],C-653; C-565,cita_en_celda,REVISADA,"Adjudicación nodal explícita por columna; C cotejada con el valor, sin heredar la lista de fila."
data/tablas/04/table-22-4-6-7-opisthokonta.csv,2,edad estimada con intervalo,119db4995e2c817c02b2288c2f0ea0f50f21cd6423c83ccdf352efb5f2e61029,"1.083,2 Ma; IC 95 % 978,7–1.187,6 Ma",C-566,Afirmación+SPO+Motivo,REVISADA,"Adjudicación nodal explícita por columna; C cotejada con el valor, sin heredar la lista de fila."
data/tablas/04/table-22-4-6-7-opisthokonta.csv,2,método de la estimación,a6d56ea7708128a7d9b6681c4cb376a14db7a73c16926aa8a81bfd913ed87c4f,"MCMCTree, reloj relajado no correlacionado, 10 calibraciones fósiles, raíz fijada en 1,5 Ga",C-567,Afirmación+SPO+Motivo,REVISADA,"Adjudicación nodal explícita por columna; C cotejada con el valor, sin heredar la lista de fila."
data/tablas/04/table-23-4-6-8-holomycota.csv,2,qué linajes quedan dentro,546a9f9d282e3d0fc0aacb97230d315c517d747afe6049b3ebac3e79e8bba05f,"Nucleariida, Fungi y parientes unicelulares próximos",C-568,Afirmación+SPO+Motivo,REVISADA,"Adjudicación nodal explícita por columna; C cotejada con el valor, sin heredar la lista de fila."
data/tablas/04/table-23-4-6-8-holomycota.csv,2,qué linaje queda fuera (grupo hermano),014218d02226f33022b78f916a9e4440bfc4846d539d761cb4e1fb257248d6dd,Holozoa,C-569,Afirmación+SPO+Motivo,REVISADA,"Adjudicación nodal explícita por columna; C cotejada con el valor, sin heredar la lista de fila."
data/tablas/04/table-23-4-6-8-holomycota.csv,2,"caracteres morfológicos o ultraestructurales propuestos como sinapomorfía, con fuente",3d867841f3b372c95431da953ec8f3fb13e7cc6ef4b6195b2bb8fe31adbfaf6f,"morfologías y trofismos heterogéneos; diagnóstico completo molecular/filogenómico, no una morfología universal exclusiva [S542; S543; BN-027]",C-570,Afirmación+SPO+Motivo,REVISADA,"Adjudicación nodal explícita por columna; C cotejada con el valor, sin heredar la lista de fila."
data/tablas/04/table-23-4-6-8-holomycota.csv,2,"caracteres moleculares o genómicos propuestos (fusiones génicas, inserciones y deleciones raras, sintenia, dominios proteicos), con fuente",c9e53f070bcf3ce5346b1d2a8e11f557a3fb4592f1ec63c90c78b095acf8b83c,filogenómica y trayectorias de contenido génico; Nucleariida hermana del resto en S126 [S126 Results; S143],C-571,Afirmación+SPO+Motivo,REVISADA,"Adjudicación nodal explícita por columna; C cotejada con el valor, sin heredar la lista de fila."
data/tablas/04/table-23-4-6-8-holomycota.csv,2,tipo de evidencia que sostiene el nodo,a3178eed08d7e93628ebcb583bd4922306e14e232be5eb8d146df7ddcea1f283,"comparación celular, filogenómica de proteínas y genómica comparada",C-572,Afirmación+SPO+Motivo,REVISADA,"Adjudicación nodal explícita por columna; C cotejada con el valor, sin heredar la lista de fila."
data/tablas/04/table-23-4-6-8-holomycota.csv,2,soporte cuantitativo transcrito literalmente,4e7b2ae6e14b90af3b67f0dee6e5b06d50ff9fb373605920454e9798f77ba697,Nucleariida hermana del resto recuperada consistentemente en S126; clado Holomycota estable en matrices principales,C-573,Afirmación+SPO+Motivo,REVISADA,"Adjudicación nodal explícita por columna; C cotejada con el valor, sin heredar la lista de fila."
data/tablas/04/table-23-4-6-8-holomycota.csv,2,edad estimada con intervalo,74eaf8d29a8f61b5420bea5eda992e242028aec15cf6d83f28c989b5a7f4df9b,"996 Ma; IC 95 % 890,1–1.101,9 Ma",C-574,Afirmación+SPO+Motivo,REVISADA,"Adjudicación nodal explícita por columna; C cotejada con el valor, sin heredar la lista de fila."
data/tablas/04/table-23-4-6-8-holomycota.csv,2,método de la estimación,a6d56ea7708128a7d9b6681c4cb376a14db7a73c16926aa8a81bfd913ed87c4f,"MCMCTree, reloj relajado no correlacionado, 10 calibraciones fósiles, raíz fijada en 1,5 Ga",C-575,Afirmación+SPO+Motivo,REVISADA,"Adjudicación nodal explícita por columna; C cotejada con el valor, sin heredar la lista de fila."
data/tablas/04/table-24-4-6-9-holozoa.csv,2,qué linajes quedan dentro,aaa9a6e714c1cd9923ef85fc5f7d757be788a77f9418c7376459143f7a68d0dc,"Pluriformea, Ichthyosporea y Filozoa",C-576,Afirmación+SPO+Motivo,REVISADA,"Adjudicación nodal explícita por columna; C cotejada con el valor, sin heredar la lista de fila."
data/tablas/04/table-24-4-6-9-holozoa.csv,2,qué linaje queda fuera (grupo hermano),dd634163a09d4b6e3dbade1fb07a84e1292b825dfac0d9e728657986411a0bef,Holomycota,C-577,Afirmación+SPO+Motivo,REVISADA,"Adjudicación nodal explícita por columna; C cotejada con el valor, sin heredar la lista de fila."
data/tablas/04/table-24-4-6-9-holozoa.csv,2,"caracteres morfológicos o ultraestructurales propuestos como sinapomorfía, con fuente",f0c71ab699445e58f49e0e96e99af8582b3b52b5f8ca1671e6f50c612c1fc940,diversidad de estados celulares flagelados y filopodiales en los taxones muestreados [S130 Results; fig. 1],C-578,Afirmación+SPO+Motivo,REVISADA,"Adjudicación nodal explícita por columna; C cotejada con el valor, sin heredar la lista de fila."
data/tablas/04/table-24-4-6-9-holozoa.csv,2,"caracteres moleculares o genómicos propuestos (fusiones génicas, inserciones y deleciones raras, sintenia, dominios proteicos), con fuente",7a7bb8f6ea73f340d275b765e118c3fc4e56ea919b0ff838aea2cc83272d39ab,fusión ubiquitina–proteína ribosomal S30 propuesta en S130; filogenómica de múltiples matrices [S130 Results; S126],C-579,Afirmación+SPO+Motivo,REVISADA,"Adjudicación nodal explícita por columna; C cotejada con el valor, sin heredar la lista de fila."
data/tablas/04/table-24-4-6-9-holozoa.csv,2,tipo de evidencia que sostiene el nodo,100a602b6de6d38767153b2b60aefea59f3a30894d85cf57eb24b143fe4b2fd3,"observaciones celulares acotadas, filogenómica y caracteres moleculares",C-580,Afirmación+SPO+Motivo,REVISADA,"Adjudicación nodal explícita por columna; C cotejada con el valor, sin heredar la lista de fila."
data/tablas/04/table-24-4-6-9-holozoa.csv,2,soporte cuantitativo transcrito literalmente,9a823f72e5f33848b779b44a7adefb2d612d734ea7763f73d9c3140b92fc59ea,"monofilia amplia estable; raíz interna produce topologías Pluriformea-sister, Teretosporea-sister e Ichthyosporea-sister",C-581,Afirmación+SPO+Motivo,REVISADA,"Adjudicación nodal explícita por columna; C cotejada con el valor, sin heredar la lista de fila."
data/tablas/04/table-24-4-6-9-holozoa.csv,2,edad estimada con intervalo,dcd2a94adc11a5c8f3437c583751623e4cc95ec4536b7dddf922fa8841f91cda,"1.003,8 Ma; IC 95 % 913,8–1.093,9 Ma",C-582,Afirmación+SPO+Motivo,REVISADA,"Adjudicación nodal explícita por columna; C cotejada con el valor, sin heredar la lista de fila."
data/tablas/04/table-24-4-6-9-holozoa.csv,2,método de la estimación,a6d56ea7708128a7d9b6681c4cb376a14db7a73c16926aa8a81bfd913ed87c4f,"MCMCTree, reloj relajado no correlacionado, 10 calibraciones fósiles, raíz fijada en 1,5 Ga",C-583,Afirmación+SPO+Motivo,REVISADA,"Adjudicación nodal explícita por columna; C cotejada con el valor, sin heredar la lista de fila."
data/tablas/04/table-25-4-6-10-ichthyosporea.csv,2,qué linajes quedan dentro,df63b0dcc940234e16e8e6475013e2ba61059145b28befa3b31faf1be8dce477,"Ichthyophonida, Dermocystida y otros linajes según circunscripción de S133",C-584,Afirmación+SPO+Motivo,REVISADA,"Adjudicación nodal explícita por columna; C cotejada con el valor, sin heredar la lista de fila."
data/tablas/04/table-25-4-6-10-ichthyosporea.csv,2,qué linaje queda fuera (grupo hermano),f3d94fcc56d67a2cf6594982e11d9759367f2e9df8c26fef8d26e7b6ced2875e,"variable entre Filozoa, Pluriformea o el resto de Holozoa según matriz",C-585,Afirmación+SPO+Motivo,REVISADA,"Adjudicación nodal explícita por columna; C cotejada con el valor, sin heredar la lista de fila."
data/tablas/04/table-25-4-6-10-ichthyosporea.csv,2,"caracteres morfológicos o ultraestructurales propuestos como sinapomorfía, con fuente",cd822996fa348af6ae7fb00433beafbbd3c7a1ce638de4e89de278292f95b2ed,paredes celulares o estadios multinucleados en varios linajes revisados [S133 §§Diversity y Life cycles],C-586,Afirmación+SPO+Motivo,REVISADA,"Adjudicación nodal explícita por columna; C cotejada con el valor, sin heredar la lista de fila."
data/tablas/04/table-25-4-6-10-ichthyosporea.csv,2,"caracteres moleculares o genómicos propuestos (fusiones génicas, inserciones y deleciones raras, sintenia, dominios proteicos), con fuente",789c870adaa0abb2dd99098725cc8cf14c68787efcaa577722a9ac83719e8ee0,"filogenómica de S128, S129, S130 y síntesis genómica de S133 [S128, S129, S130; S133]",C-587,Afirmación+SPO+Motivo,REVISADA,"Adjudicación nodal explícita por columna; C cotejada con el valor, sin heredar la lista de fila."
data/tablas/04/table-25-4-6-10-ichthyosporea.csv,2,tipo de evidencia que sostiene el nodo,22ec6a6fc145ec9872ffe22393abbed41af1e331a755db6700a4e40b7ce0901c,"caracteres celulares acotados, filogenómica y genómica comparada",C-588,Afirmación+SPO+Motivo,REVISADA,"Adjudicación nodal explícita por columna; C cotejada con el valor, sin heredar la lista de fila."
data/tablas/04/table-25-4-6-10-ichthyosporea.csv,2,soporte cuantitativo transcrito literalmente,e5241988619a4b283809b486daf8e3c428ba4834d37eb39f0244cacd4aa9e552,ninguna de las tres posiciones profundas tiene concordancia génica suficiente para resolver el nodo en S126,C-589,Afirmación+SPO+Motivo,REVISADA,"Adjudicación nodal explícita por columna; C cotejada con el valor, sin heredar la lista de fila."
data/tablas/04/table-25-4-6-10-ichthyosporea.csv,2,edad estimada con intervalo,0b40e2a889812337d2fb76f15218945e07d2a28fb5934fe609fcb75d599fa0db,"intervalo 671,3–920,0 Ma bajo raíz 1,5 Ga",C-590,Afirmación+SPO+Motivo,REVISADA,"Adjudicación nodal explícita por columna; C cotejada con el valor, sin heredar la lista de fila."
data/tablas/04/table-25-4-6-10-ichthyosporea.csv,2,método de la estimación,7ec502cdc1198e716a0fb804496ab73cc8d424b293b5079c41465a18cc2d8c28,"MCMCTree; 10 calibraciones; raíz 1,5 Ga; S126 Table S7 nodo 124; sensibilidad a raíz 1,9 Ga",C-590; C-682,Afirmación+SPO+Motivo,REVISADA,"Adjudicación nodal explícita por columna; C cotejada con el valor, sin heredar la lista de fila."
data/tablas/04/table-26-4-6-11-pluriformea-sensu-hehenberger-et-al-2017.csv,2,qué linajes quedan dentro,b5e3d27b48f665610da139711cad6803c84627f3c0317996b2b3460b6e17106f,Syssomonas y Corallochytrium/Corallochytrea en la circunscripción original,C-592,Afirmación+SPO+Motivo,REVISADA,"Adjudicación nodal explícita por columna; C cotejada con el valor, sin heredar la lista de fila."
data/tablas/04/table-26-4-6-11-pluriformea-sensu-hehenberger-et-al-2017.csv,2,qué linaje queda fuera (grupo hermano),275f3b08c0a1b9a676366ef0b6cd0ad5cf655a8e4443cf8e7943169a624921fc,variable: resto de Holozoa o Ichthyosporea según matriz,C-593,Afirmación+SPO+Motivo,REVISADA,"Adjudicación nodal explícita por columna; C cotejada con el valor, sin heredar la lista de fila."
data/tablas/04/table-26-4-6-11-pluriformea-sensu-hehenberger-et-al-2017.csv,2,"caracteres morfológicos o ultraestructurales propuestos como sinapomorfía, con fuente",155ad6d0c0fa5c7229172d5b53aeca0c7ecec5baf1c8af2484625235083b0fe2,múltiples estados celulares en el ciclo vital descrito de Syssomonas multiformis [S129 Results; S132 Results y figs. 2–6],C-594,Afirmación+SPO+Motivo,REVISADA,"Adjudicación nodal explícita por columna; C cotejada con el valor, sin heredar la lista de fila."
data/tablas/04/table-26-4-6-11-pluriformea-sensu-hehenberger-et-al-2017.csv,2,"caracteres moleculares o genómicos propuestos (fusiones génicas, inserciones y deleciones raras, sintenia, dominios proteicos), con fuente",2f2b4424480a1b8a88628d8adb7b3746ec2318bed4e848374c7feb4232c1d146,"255 genes, 81.495 aminoácidos, 38 taxones en S129 [S129 Methods]",C-595,Afirmación+SPO+Motivo,REVISADA,"Adjudicación nodal explícita por columna; C cotejada con el valor, sin heredar la lista de fila."
data/tablas/04/table-26-4-6-11-pluriformea-sensu-hehenberger-et-al-2017.csv,2,tipo de evidencia que sostiene el nodo,14c4037edf778597dbc91b520a4b628b97e5e381d76f544362b136df2242f41f,"observación del ciclo vital, transcriptómica y filogenómica concatenada",C-596,Afirmación+SPO+Motivo,REVISADA,"Adjudicación nodal explícita por columna; C cotejada con el valor, sin heredar la lista de fila."
data/tablas/04/table-26-4-6-11-pluriformea-sensu-hehenberger-et-al-2017.csv,2,soporte cuantitativo transcrito literalmente,bada0f5d1d81257e24f0f6f68489b22dac6ed10caea84c598354e0f2a1c4aa1c,Ichthyosporea como rama profunda obtuvo MLBS = 74 % en S129; otras matrices recuperan topologías distintas,C-597,Afirmación+SPO+Motivo,REVISADA,"Adjudicación nodal explícita por columna; C cotejada con el valor, sin heredar la lista de fila."
data/tablas/04/table-26-4-6-11-pluriformea-sensu-hehenberger-et-al-2017.csv,2,edad estimada con intervalo,a2c3ef4f1256db32b8c56e06486a7a5a798ae13fd73d9560d834f41e90d92fca,"intervalo 456,8–836,8 Ma bajo raíz 1,5 Ga",C-598,Afirmación+SPO+Motivo,REVISADA,"Adjudicación nodal explícita por columna; C cotejada con el valor, sin heredar la lista de fila."
data/tablas/04/table-26-4-6-11-pluriformea-sensu-hehenberger-et-al-2017.csv,2,método de la estimación,60cd244ba12511856527aef14a492f3bae7687f450c3b97ad3a414e2739ed9fc,"MCMCTree; 10 calibraciones; raíz 1,5 Ga; S126 Table S7 nodo 115; sensibilidad a raíz 1,9 Ga",C-598; C-682,Afirmación+SPO+Motivo,REVISADA,"Adjudicación nodal explícita por columna; C cotejada con el valor, sin heredar la lista de fila."
data/tablas/04/table-27-4-6-12-corallochytrea.csv,2,qué linajes quedan dentro,e0588cd08fe6543942bea250c55470d770ea8b463530def90fef02ba10443f42,Corallochytrium y linajes asignados por secuencia según autor,C-600,Afirmación+SPO+Motivo,REVISADA,"Adjudicación nodal explícita por columna; C cotejada con el valor, sin heredar la lista de fila."
data/tablas/04/table-27-4-6-12-corallochytrea.csv,2,qué linaje queda fuera (grupo hermano),de886dd6fabf4001ce03e1420096ab9b6e6c49cfd394431a16d1f9118d97f829,Syssomonas dentro de Pluriformea sensu S129,C-601,Afirmación+SPO+Motivo,REVISADA,"Adjudicación nodal explícita por columna; C cotejada con el valor, sin heredar la lista de fila."
data/tablas/04/table-27-4-6-12-corallochytrea.csv,2,"caracteres morfológicos o ultraestructurales propuestos como sinapomorfía, con fuente",5b08282cc7f486a5338f65bc04e5873909cd7d0949e072898201f6c12091848c,morfología de Corallochytrium descrita dentro de la comparación de Pluriformea [S129 Results; fig. 1],C-602,Afirmación+SPO+Motivo,REVISADA,"Adjudicación nodal explícita por columna; C cotejada con el valor, sin heredar la lista de fila."
data/tablas/04/table-27-4-6-12-corallochytrea.csv,2,"caracteres moleculares o genómicos propuestos (fusiones génicas, inserciones y deleciones raras, sintenia, dominios proteicos), con fuente",1578f733855a187384a26f522d3aa89a675e0a4ddd0f7c45b6906cef71ae5780,transcriptoma de Corallochytrium y filogenómica de Pluriformea [S129 Methods],C-603,Afirmación+SPO+Motivo,REVISADA,"Adjudicación nodal explícita por columna; C cotejada con el valor, sin heredar la lista de fila."
data/tablas/04/table-27-4-6-12-corallochytrea.csv,2,tipo de evidencia que sostiene el nodo,2fa03f94dea390f95524110f39cb84a51bc8e7b65e197bf18879c3c083981dc4,filogenómica y descripción morfológica de taxones,C-604,Afirmación+SPO+Motivo,REVISADA,"Adjudicación nodal explícita por columna; C cotejada con el valor, sin heredar la lista de fila."
data/tablas/04/table-27-4-6-12-corallochytrea.csv,2,soporte cuantitativo transcrito literalmente,a7530a167ebe3fc8865e77735ec4f36efc6775b2312f9a129540568b248bd198,relación Syssomonas+Corallochytrium fuertemente apoyada en S129; valor exacto no localizado,C-605,Afirmación+SPO+Motivo,REVISADA,"Adjudicación nodal explícita por columna; C cotejada con el valor, sin heredar la lista de fila."
data/tablas/04/table-27-4-6-12-corallochytrea.csv,2,edad estimada con intervalo,e7135424086d3e598c57192d2ad8a092021162035f49e21300b6cf21df467b97,S126 muestrea un solo Corallochytrium; el nodo 115 sólo se reutiliza si se declara la circunscripción operacional,C-606; C-607,Afirmación+SPO+Motivo,REVISADA,"Adjudicación nodal explícita por columna; C cotejada con el valor, sin heredar la lista de fila."
data/tablas/04/table-27-4-6-12-corallochytrea.csv,2,método de la estimación,6e004708daaace5190b1a208fdc8d64f0dd4735a8df5dde06e2657ac3019ed3f,la atribución del nodo 115 a Corallochytrea depende de la circunscripción declarada [S126 fig. 1 y Table S7; S129 fig. 1],C-607,Afirmación+SPO+Motivo,REVISADA,"Adjudicación nodal explícita por columna; C cotejada con el valor, sin heredar la lista de fila."
data/tablas/04/table-28-4-6-13-filasterea.csv,2,qué linajes quedan dentro,5ba7effa86eec173593a3984df40325f5bec46c30b11b0dd825bb118f5b18034,"Capsaspora, Ministeria, Pigoraptor y linajes incorporados por clasificaciones posteriores",C-608,Afirmación+SPO+Motivo,REVISADA,"Adjudicación nodal explícita por columna; C cotejada con el valor, sin heredar la lista de fila."
data/tablas/04/table-28-4-6-13-filasterea.csv,2,qué linaje queda fuera (grupo hermano),eb8920ec5576a6c78b9488f8ecabc1d3ce38f12eeb8c27532dedcd4d88adc85c,Choanozoa sensu stricto dentro de Filozoa,C-609,Afirmación+SPO+Motivo,REVISADA,"Adjudicación nodal explícita por columna; C cotejada con el valor, sin heredar la lista de fila."
data/tablas/04/table-28-4-6-13-filasterea.csv,2,"caracteres morfológicos o ultraestructurales propuestos como sinapomorfía, con fuente",89516c8724a353d1c2ab704a7c315252360ab01d9076fb721f5b6beb75da42bd,extensiones filopodiales o tentaculares descritas en Capsaspora y Ministeria [S130 Results; fig. 1],C-610,Afirmación+SPO+Motivo,REVISADA,"Adjudicación nodal explícita por columna; C cotejada con el valor, sin heredar la lista de fila."
data/tablas/04/table-28-4-6-13-filasterea.csv,2,"caracteres moleculares o genómicos propuestos (fusiones génicas, inserciones y deleciones raras, sintenia, dominios proteicos), con fuente",3e226a8c64f1081acb8aae5baceb6ec92768c3cd94e70c4f9a1d167978c1737f,78 proteínas en S130 y 255 genes en S129; repertorios de adhesión y señalización [S130 Methods; S129],C-611,Afirmación+SPO+Motivo,REVISADA,"Adjudicación nodal explícita por columna; C cotejada con el valor, sin heredar la lista de fila."
data/tablas/04/table-28-4-6-13-filasterea.csv,2,tipo de evidencia que sostiene el nodo,c9a9319e5eb7eb5259bc26ffa30665054706e134b16acb6ba732e73a1b4dcb71,"caracteres celulares acotados, filogenómica concatenada y genómica comparada",C-612,Afirmación+SPO+Motivo,REVISADA,"Adjudicación nodal explícita por columna; C cotejada con el valor, sin heredar la lista de fila."
data/tablas/04/table-28-4-6-13-filasterea.csv,2,soporte cuantitativo transcrito literalmente,cc56beb90512f2d5aa58500027f888687e27839f94de62e2bfc16eae6e716a1c,Filasterea y su relación con Choanozoa recibieron soporte máximo en S130 para el muestreo de 2008,C-613,Afirmación+SPO+Motivo,REVISADA,"Adjudicación nodal explícita por columna; C cotejada con el valor, sin heredar la lista de fila."
data/tablas/04/table-28-4-6-13-filasterea.csv,2,edad estimada con intervalo,d8133b3e7c7a54e2c7edb069bbc48dd2a7fa91e170749309889df79b4e61fdff,"intervalo 544,8–882,8 Ma bajo raíz 1,5 Ga",C-614,Afirmación+SPO+Motivo,REVISADA,"Adjudicación nodal explícita por columna; C cotejada con el valor, sin heredar la lista de fila."
data/tablas/04/table-28-4-6-13-filasterea.csv,2,método de la estimación,70daf0ac1a9db2e4b8860388022554995524a49e5ea6ca0ae173e6064fd1201b,"MCMCTree; 10 calibraciones; raíz 1,5 Ga; S126 Table S7 nodo 128; sensibilidad a raíz 1,9 Ga",C-614; C-682,Afirmación+SPO+Motivo,REVISADA,"Adjudicación nodal explícita por columna; C cotejada con el valor, sin heredar la lista de fila."
data/tablas/04/table-29-4-6-14-filozoa.csv,2,qué linajes quedan dentro,02dae9d55e90ee63c17f99ae44f44b98daaf5dc544f5d941051941779870cb39,Filasterea y Choanozoa sensu stricto,C-616,Afirmación+SPO+Motivo,REVISADA,"Adjudicación nodal explícita por columna; C cotejada con el valor, sin heredar la lista de fila."
data/tablas/04/table-29-4-6-14-filozoa.csv,2,qué linaje queda fuera (grupo hermano),9a8953ca2526888728b0b67e4376dc17d50937de2053db1bf2d2062e00dd5217,Ichthyosporea o Pluriformea según la raíz interna de Holozoa adoptada,C-617,Afirmación+SPO+Motivo,REVISADA,"Adjudicación nodal explícita por columna; C cotejada con el valor, sin heredar la lista de fila."
data/tablas/04/table-29-4-6-14-filozoa.csv,2,"caracteres morfológicos o ultraestructurales propuestos como sinapomorfía, con fuente",4abc1867fae2d24d73aa7b520daf11c80a1b96266d3ad83eed992f0d4508dda2,extensiones filopodiales propuestas como carácter relevante para Filozoa [S130 Results y Discussion; fig. 1],C-618,Afirmación+SPO+Motivo,REVISADA,"Adjudicación nodal explícita por columna; C cotejada con el valor, sin heredar la lista de fila."
data/tablas/04/table-29-4-6-14-filozoa.csv,2,"caracteres moleculares o genómicos propuestos (fusiones génicas, inserciones y deleciones raras, sintenia, dominios proteicos), con fuente",de2121fb50405b424f5bb54f4224708d41776579c68fd5a157f5214efc125b3b,"matriz de 78 proteínas, 30 taxones y 17.482 aminoácidos en S130 [S130 Methods]",C-619,Afirmación+SPO+Motivo,REVISADA,"Adjudicación nodal explícita por columna; C cotejada con el valor, sin heredar la lista de fila."
data/tablas/04/table-29-4-6-14-filozoa.csv,2,tipo de evidencia que sostiene el nodo,5491725d2d8d0ec026e061ff6e20f8e5ffcbff31030a704f76b16b5184e50539,propuesta de carácter celular y filogenómica concatenada,C-620,Afirmación+SPO+Motivo,REVISADA,"Adjudicación nodal explícita por columna; C cotejada con el valor, sin heredar la lista de fila."
data/tablas/04/table-29-4-6-14-filozoa.csv,2,soporte cuantitativo transcrito literalmente,470d29d06933d41dd6d769616557eae9f4d933e2e72e52976403a9ae5fe765b7,soporte máximo en ML y Bayes para la relación Filasterea+(Choanoflagellata+Metazoa) en S130,C-621,Afirmación+SPO+Motivo,REVISADA,"Adjudicación nodal explícita por columna; C cotejada con el valor, sin heredar la lista de fila."
data/tablas/04/table-29-4-6-14-filozoa.csv,2,edad estimada con intervalo,9bab1dba58e1f571230496b183d893500ef6e83f2ccef39950a3f6b9ec31c50d,"intervalo 844,8–1.000,2 Ma bajo raíz 1,5 Ga",C-622,Afirmación+SPO+Motivo,REVISADA,"Adjudicación nodal explícita por columna; C cotejada con el valor, sin heredar la lista de fila."
data/tablas/04/table-29-4-6-14-filozoa.csv,2,método de la estimación,d704fc84de38ef450ccbb2ee6318a7748078636a69541d793045a210316040fb,"MCMCTree; 10 calibraciones; raíz 1,5 Ga; S126 Table S7 nodo 341; sensibilidad a raíz 1,9 Ga",C-622; C-682,Afirmación+SPO+Motivo,REVISADA,"Adjudicación nodal explícita por columna; C cotejada con el valor, sin heredar la lista de fila."
data/tablas/04/table-30-4-6-15-choanozoa-sensu-stricto-apoikozoa.csv,2,qué linajes quedan dentro,2ffd406b989ae6f0a98885eb7f98a7c594b258759d0ba5e40c0e0fc19b5eb7a3,Choanoflagellata y Metazoa,C-624,Afirmación+SPO+Motivo,REVISADA,"Adjudicación nodal explícita por columna; C cotejada con el valor, sin heredar la lista de fila."
data/tablas/04/table-30-4-6-15-choanozoa-sensu-stricto-apoikozoa.csv,2,qué linaje queda fuera (grupo hermano),10f2bbf4efcec31f2dd4be4a7f052604f61a175942cee2183ce53fd0584f94a1,Filasterea,C-625,Afirmación+SPO+Motivo,REVISADA,"Adjudicación nodal explícita por columna; C cotejada con el valor, sin heredar la lista de fila."
data/tablas/04/table-30-4-6-15-choanozoa-sensu-stricto-apoikozoa.csv,2,"caracteres morfológicos o ultraestructurales propuestos como sinapomorfía, con fuente",146de376c247ab9602e7dd14153c37657b78f5c74875c58bf957d9dcab01ed76,complejo de collar con cilio apical rodeado de microvellosidades actínicas propuesto para el ancestro [S134 glosario y discusión],C-626,Afirmación+SPO+Motivo,REVISADA,"Adjudicación nodal explícita por columna; C cotejada con el valor, sin heredar la lista de fila."
data/tablas/04/table-30-4-6-15-choanozoa-sensu-stricto-apoikozoa.csv,2,"caracteres moleculares o genómicos propuestos (fusiones génicas, inserciones y deleciones raras, sintenia, dominios proteicos), con fuente",81b4243b82fcce223d7f2663c206b45c55d4db96a3a3b9de2677c9c18298cf8e,filogenias multigénicas y genómicas recuperan Choanoflagellata+Metazoa [S130; S136; S147],C-627,Afirmación+SPO+Motivo,REVISADA,"Adjudicación nodal explícita por columna; C cotejada con el valor, sin heredar la lista de fila."
data/tablas/04/table-30-4-6-15-choanozoa-sensu-stricto-apoikozoa.csv,2,tipo de evidencia que sostiene el nodo,dbd1701c3cf797be9c576358c2c2d122440f04076e80d7b38f12d600dfa73c14,"filogenómica, genómica y morfología comparada",C-628,Afirmación+SPO+Motivo,REVISADA,"Adjudicación nodal explícita por columna; C cotejada con el valor, sin heredar la lista de fila."
data/tablas/04/table-30-4-6-15-choanozoa-sensu-stricto-apoikozoa.csv,2,soporte cuantitativo transcrito literalmente,297e66ef8f3aba73fc047c5f5d7f037165a002e3c742852dc762d06565740105,relación Choanoflagellata+Metazoa con soporte máximo en S130; S136 confirma el nodo con muestreo de coanoflagelados,C-629,Afirmación+SPO+Motivo,REVISADA,"Adjudicación nodal explícita por columna; C cotejada con el valor, sin heredar la lista de fila."
data/tablas/04/table-30-4-6-15-choanozoa-sensu-stricto-apoikozoa.csv,2,edad estimada con intervalo,b3dc5ec1eb6da70b9f07cce91866a06ab87c7f61f7673e6a187c59e9229c0252,761–957 Ma en S142,C-630,Afirmación+SPO+Motivo,REVISADA,"Adjudicación nodal explícita por columna; C cotejada con el valor, sin heredar la lista de fila."
data/tablas/04/table-30-4-6-15-choanozoa-sensu-stricto-apoikozoa.csv,2,método de la estimación,d8ccda21e2efc34e76469af746123cee22113b2d69edb2f11f8685462f3f776e,reloj molecular relajado bayesiano con seis calibraciones fósiles,C-631,Afirmación+SPO+Motivo,REVISADA,"Adjudicación nodal explícita por columna; C cotejada con el valor, sin heredar la lista de fila."
data/tablas/04/table-31-4-6-16-choanoflagellata.csv,2,qué linajes quedan dentro,91aea528790fe3cecb05333197198acea4b47c9fb4b7f7f6b6c41cbf7b6bc05c,Craspedida y Acanthoecida en la clasificación de trabajo,C-632,Afirmación+SPO+Motivo,REVISADA,"Adjudicación nodal explícita por columna; C cotejada con el valor, sin heredar la lista de fila."
data/tablas/04/table-31-4-6-16-choanoflagellata.csv,2,qué linaje queda fuera (grupo hermano),c58c9a7cb9a35bf7050816490600aebc134bba25178ecdecc25a49bd7d2f11a7,Metazoa,C-633,Afirmación+SPO+Motivo,REVISADA,"Adjudicación nodal explícita por columna; C cotejada con el valor, sin heredar la lista de fila."
data/tablas/04/table-31-4-6-16-choanoflagellata.csv,2,"caracteres morfológicos o ultraestructurales propuestos como sinapomorfía, con fuente",3280d2d42ce527ed658730a6b8a4720cedaf2f7eb36f4c40b0c2c3ac1fe050be,célula con un cilio apical rodeado por collar de microvellosidades actínicas en el estado característico [S134 glosario; S136 introducción],C-634,Afirmación+SPO+Motivo,REVISADA,"Adjudicación nodal explícita por columna; C cotejada con el valor, sin heredar la lista de fila."
data/tablas/04/table-31-4-6-16-choanoflagellata.csv,2,"caracteres moleculares o genómicos propuestos (fusiones génicas, inserciones y deleciones raras, sintenia, dominios proteicos), con fuente",a5f24ae68a70a01426aeda4391236058a8c6c58b6815d10aaf3e344686d5479c,filogenias multigénicas y genomas de coanoflagelados [S136; S147],C-635,Afirmación+SPO+Motivo,REVISADA,"Adjudicación nodal explícita por columna; C cotejada con el valor, sin heredar la lista de fila."
data/tablas/04/table-31-4-6-16-choanoflagellata.csv,2,tipo de evidencia que sostiene el nodo,654e7200bdc483ba1f05fb176f5931ee9555149b9c6c4f7e0db3a4a927e78d12,"morfología, filogenia molecular y genómica",C-636,Afirmación+SPO+Motivo,REVISADA,"Adjudicación nodal explícita por columna; C cotejada con el valor, sin heredar la lista de fila."
data/tablas/04/table-31-4-6-16-choanoflagellata.csv,2,soporte cuantitativo transcrito literalmente,41816988a82b6faa76c0e1c6cbe2516f2e11a60a8d3bcee9715198e175168016,grupo hermano de Metazoa con soporte máximo en S130; S136 recupera la relación en su muestreo,C-637,Afirmación+SPO+Motivo,REVISADA,"Adjudicación nodal explícita por columna; C cotejada con el valor, sin heredar la lista de fila."
data/tablas/04/table-31-4-6-16-choanoflagellata.csv,2,edad estimada con intervalo,f7c1418ae722135a98f81f389fd4502dd5be929af029b4273ace4bdbc161e7de,la divergencia Choanoflagellata–Metazoa fue estimada en 761–957 Ma por S142,C-638,Afirmación+SPO+Motivo,REVISADA,"Adjudicación nodal explícita por columna; C cotejada con el valor, sin heredar la lista de fila."
data/tablas/04/table-31-4-6-16-choanoflagellata.csv,2,método de la estimación,d8ccda21e2efc34e76469af746123cee22113b2d69edb2f11f8685462f3f776e,reloj molecular relajado bayesiano con seis calibraciones fósiles,C-639,Afirmación+SPO+Motivo,REVISADA,"Adjudicación nodal explícita por columna; C cotejada con el valor, sin heredar la lista de fila."
data/tablas/04/table-32-4-6-17-metazoa.csv,2,qué linajes quedan dentro,dd61cbdfca154be194541c118dbe8a13cb7299daf10bc4e4efcec67f8e1ed2aa,Metazoa se mantiene como terminal y no se desarrolla su topología interna en esta parte,C-640,Afirmación+SPO+Motivo,REVISADA,"Adjudicación nodal explícita por columna; C cotejada con el valor, sin heredar la lista de fila."
data/tablas/04/table-32-4-6-17-metazoa.csv,2,qué linaje queda fuera (grupo hermano),2b7348109e8b3a06ea6adb87545f33d95db5c312e2d949ecea82cc907c2fa69e,Choanoflagellata,C-641,Afirmación+SPO+Motivo,REVISADA,"Adjudicación nodal explícita por columna; C cotejada con el valor, sin heredar la lista de fila."
data/tablas/04/table-32-4-6-17-metazoa.csv,2,"caracteres morfológicos o ultraestructurales propuestos como sinapomorfía, con fuente",77e871cc67a87ff15860a298ad82ac62db5c19e10258c17dee99bddb0e13d64e,n/a documental: esta sección limita Metazoa a un terminal y excluye el desarrollo de sus caracteres internos [C-642],C-642,cita_en_celda,REVISADA,"Adjudicación nodal explícita por columna; C cotejada con el valor, sin heredar la lista de fila."
data/tablas/04/table-32-4-6-17-metazoa.csv,2,"caracteres moleculares o genómicos propuestos (fusiones génicas, inserciones y deleciones raras, sintenia, dominios proteicos), con fuente",d7ee96f77ecb7e07ccb509962d6da86f1e360d272e5fd06a313ebc95e998995d,filogenómica recupera Metazoa como clado hermano de Choanoflagellata [S130; S136],C-643,Afirmación+SPO+Motivo,REVISADA,"Adjudicación nodal explícita por columna; C cotejada con el valor, sin heredar la lista de fila."
data/tablas/04/table-32-4-6-17-metazoa.csv,2,tipo de evidencia que sostiene el nodo,7b2914a49df7322b3b3b59a505cbc7ff9ec5e1911346b812efbd3ff67eb5339e,filogenómica para la relación Metazoa–Choanoflagellata dentro del alcance declarado,C-644,Afirmación+SPO+Motivo,REVISADA,"Adjudicación nodal explícita por columna; C cotejada con el valor, sin heredar la lista de fila."
data/tablas/04/table-32-4-6-17-metazoa.csv,2,soporte cuantitativo transcrito literalmente,11eb6558126599745978a9c1b058f616c23b0d2a5bb829897bfd9b728fd956e1,soporte máximo para Choanoflagellata+Metazoa en S130,C-645,Afirmación+SPO+Motivo,REVISADA,"Adjudicación nodal explícita por columna; C cotejada con el valor, sin heredar la lista de fila."
data/tablas/04/table-32-4-6-17-metazoa.csv,2,edad estimada con intervalo,10ca3f80c9cd69d22a7940e0813033c3f49f13128a3aab78f028b7302ec588df,"n/a: exclusión documental, no búsqueda negativa",C-646,Afirmación+SPO+Motivo,REVISADA,"Adjudicación nodal explícita por columna; C cotejada con el valor, sin heredar la lista de fila."
data/tablas/04/table-32-4-6-17-metazoa.csv,2,método de la estimación,837e48293e8edac0beffe39a655582e1f67e70ca04c7021f5703b750da174378,sin método interno por restricción expresa del encargo,C-647,Afirmación+SPO+Motivo,REVISADA,"Adjudicación nodal explícita por columna; C cotejada con el valor, sin heredar la lista de fila."
data/tablas/05/table-33-5-4-evidencia-de-interaccion-en-perforaciones-del-grupo-chuar.csv,2,magnitud publicada,df361a78a9d9d479c88c39fddfc946c8bd8f1c58c541e15bf3ff46ffcfc0ee6d,0.1–3.4 µm en siete especies; comparación adicional de 15–35 µm en algunos VSM,C-715; C-718,Afirmación+SPO+Motivo,REVISADA,Adjudicación explícita coordinada tras reformular la celda para repetir únicamente la proposición de C-715 + C-718; no se heredó el rango de la fila.
data/tablas/05/table-33-5-4-evidencia-de-interaccion-en-perforaciones-del-grupo-chuar.csv,2,interpretación biológica,835fc4db2ec34450091de63c8d11f0f6be1bde0766b89d3f9d02c5782f9b210f,"depredación por perforación apoyada por regularidad, distribución y comparación con vampirélidos",C-716,Afirmación+SPO+Motivo,REVISADA,Adjudicación explícita coordinada tras reformular la celda para repetir únicamente la proposición de C-716; no se heredó el rango de la fila.
data/tablas/05/table-33-5-4-evidencia-de-interaccion-en-perforaciones-del-grupo-chuar.csv,2,alternativas evaluadas,e44a6b548d6b5fabc5850a67322b25f3b27c95bc96596ae9d31f206daeb723c4,"diagénesis, daño post mortem y preparación",C-717,Afirmación,REVISADA,Adjudicación explícita conservadora tras cotejo del valor con Afirmación; no se heredaron todas las C de la fila.
data/tablas/05/table-33-5-4-evidencia-de-interaccion-en-perforaciones-del-grupo-chuar.csv,2,identidad del productor,e35627ea61ea2f904f588a78a993adf9674e0aac794654172bd92465453f209e,no determinada,C-719,Objeto,REVISADA,Adjudicación explícita conservadora tras cotejo del valor con Objeto; no se heredaron todas las C de la fila.
data/tablas/05/table-34-5-8-asignacion-fosil-mas-antigua-localizada-por-nodo.csv,2,fósil más antiguo localizado,1e18ff49161dce70b87563d5fce211116fee3be1e1b889d1d194bb89c7edbd1b,fósiles eucariotas más antiguos del conjunto de Lechte et al. 2026; *Bangiomorpha pubescens* como mínimo corona condicionado,C-751; C-723,Afirmación+SPO+Motivo,REVISADA,Adjudicación explícita por celda contra C canónicas; las ausencias se limitan al censo documental y no se heredó el rango de la fila.
data/tablas/05/table-34-5-8-asignacion-fosil-mas-antigua-localizada-por-nodo.csv,2,edad,da12ae458dbb9e139ce64c32032202fab85478b88088d96b303af2f05441d585,"aprox. 1,75–1,4 Ga; aprox. 1.047 Ga para *Bangiomorpha*",C-751; C-722,Afirmación+SPO+Motivo,REVISADA,Adjudicación explícita por celda contra C canónicas; las ausencias se limitan al censo documental y no se heredó el rango de la fila.
data/tablas/05/table-34-5-8-asignacion-fosil-mas-antigua-localizada-por-nodo.csv,2,método y clase de evidencia,e5bcab379231b7a03ec4b47044eaffd1fecaff12509eca3d9ea8aee8331df00c,distribución fósil y paleoambiental para el conjunto más antiguo; geocronología de la sucesión y homología de rasgos preservados para *Bangiomorpha*,C-751; C-752; C-720; C-722,Afirmación+SPO+Motivo,REVISADA,Adjudicación explícita por celda contra C canónicas; las ausencias se limitan al censo documental y no se heredó el rango de la fila.
data/tablas/05/table-34-5-8-asignacion-fosil-mas-antigua-localizada-por-nodo.csv,2,estado de asignación,6b65a14bd96e0f6a3ce6cb3f96a30a8c3c540894301f7b8a7e6d6928dd11a213,El conjunto más antiguo no demuestra pertenencia a Eukaryota corona; *Bangiomorpha* es un mínimo condicionado por su asignación a Rhodophyta corona.,C-751; C-723; C-1734,Afirmación+SPO+Motivo,REVISADA,Adjudicación explícita por celda contra C canónicas; las ausencias se limitan al censo documental y no se heredó el rango de la fila.
data/tablas/05/table-34-5-8-asignacion-fosil-mas-antigua-localizada-por-nodo.csv,3,fósil más antiguo localizado,c8bf1b34bca7260f2b29e9c409f9853abd7e756735c6edb64613a24d453cf0f5,NO LOCALIZADO EN ESTA SESIÓN,C-755,Afirmación+SPO+Motivo,REVISADA,Adjudicación explícita por celda contra C canónicas; las ausencias se limitan al censo documental y no se heredó el rango de la fila.
data/tablas/05/table-34-5-8-asignacion-fosil-mas-antigua-localizada-por-nodo.csv,3,método y clase de evidencia,28a06613a12ca913c6f21af75369c4c435f76ffc8795ff57f4e244f0087ff3bc,Q-0171 no localizó un fósil con sinapomorfía diagnóstica directa de Amorphea,C-755,Afirmación+SPO+Motivo,REVISADA,Adjudicación explícita por celda contra C canónicas; las ausencias se limitan al censo documental y no se heredó el rango de la fila.
data/tablas/05/table-34-5-8-asignacion-fosil-mas-antigua-localizada-por-nodo.csv,3,estado de asignación,eae512c251ee1ec97373bafc10a9fbcb6bb9e83f1bc1c4d61409d1a3f13f07ae,Los fósiles de subclados no se promovieron a diagnóstico de Amorphea; hueco acotado a la búsqueda.,C-755,Afirmación+SPO+Motivo,REVISADA,Adjudicación explícita por celda contra C canónicas; las ausencias se limitan al censo documental y no se heredó el rango de la fila.
data/tablas/05/table-34-5-8-asignacion-fosil-mas-antigua-localizada-por-nodo.csv,4,fósil más antiguo localizado,de772bab7962a18e8f5d8bec9191b43980c4b2f0eb1c0c39272dd0eea74f0aa3,microfósiles con forma de vasija del Grupo Chuar comparados con amebas testadas,C-713,Afirmación+SPO+Motivo,REVISADA,Adjudicación explícita por celda contra C canónicas; las ausencias se limitan al censo documental y no se heredó el rango de la fila.
data/tablas/05/table-34-5-8-asignacion-fosil-mas-antigua-localizada-por-nodo.csv,4,método y clase de evidencia,dc0bbab25425b7e7773d9596480c3ca824c43a2685967fc62e68d49135dd3854,forma de la testa y abertura; carece de datos moleculares y partes blandas,C-713,Afirmación+SPO+Motivo,REVISADA,Adjudicación explícita por celda contra C canónicas; las ausencias se limitan al censo documental y no se heredó el rango de la fila.
data/tablas/05/table-34-5-8-asignacion-fosil-mas-antigua-localizada-por-nodo.csv,4,estado de asignación,bb3ade0b0b8f7e6db4506e560d453ee276fc643143cda5595a349305194b71cf,Se interpretan dentro de Amoebozoa o su grupo total; la posición corona–tallo no está resuelta.,C-713; C-1729,Afirmación+SPO+Motivo,REVISADA,Adjudicación explícita por celda contra C canónicas; las ausencias se limitan al censo documental y no se heredó el rango de la fila.
data/tablas/05/table-34-5-8-asignacion-fosil-mas-antigua-localizada-por-nodo.csv,5,fósil más antiguo localizado,c8bf1b34bca7260f2b29e9c409f9853abd7e756735c6edb64613a24d453cf0f5,NO LOCALIZADO EN ESTA SESIÓN,C-756,Afirmación+SPO+Motivo,REVISADA,Adjudicación explícita por celda contra C canónicas; las ausencias se limitan al censo documental y no se heredó el rango de la fila.
data/tablas/05/table-34-5-8-asignacion-fosil-mas-antigua-localizada-por-nodo.csv,5,método y clase de evidencia,cf9557c8e3e0cd91786d086854bab8fbf7b7b1ae45a89098a5dc2214a896125b,Q-0172 no localizó un fósil con sinapomorfía diagnóstica directa de Obazoa,C-756,Afirmación+SPO+Motivo,REVISADA,Adjudicación explícita por celda contra C canónicas; las ausencias se limitan al censo documental y no se heredó el rango de la fila.
data/tablas/05/table-34-5-8-asignacion-fosil-mas-antigua-localizada-por-nodo.csv,5,estado de asignación,38393025fca51e60411396ebc8cd046707c0873172cde3b53e5aa78db8fbbefc,Los fósiles de subclados no se promovieron a asignación fósil de Obazoa; hueco acotado a la búsqueda.,C-756,Afirmación+SPO+Motivo,REVISADA,Adjudicación explícita por celda contra C canónicas; las ausencias se limitan al censo documental y no se heredó el rango de la fila.
data/tablas/05/table-34-5-8-asignacion-fosil-mas-antigua-localizada-por-nodo.csv,6,fósil más antiguo localizado,61d86ecbc8a034bff4cbe82912ef52f99b698ca282d386b8357346a7ba0d0eef,SIN ASIGNACIÓN FÓSIL ESPECÍFICA EN EL CORPUS,C-1947,Afirmación+SPO+Motivo,REVISADA,Adjudicación explícita por celda contra C canónicas; las ausencias se limitan al censo documental y no se heredó el rango de la fila.
data/tablas/05/table-34-5-8-asignacion-fosil-mas-antigua-localizada-por-nodo.csv,6,método y clase de evidencia,7611b1105279336c3546cc1795b8ba6090287d1766e23e3195ccb270ab12053e,censo documental de afirmaciones canónicas vivas al corte; no búsqueda bibliográfica específica,C-1947,Afirmación+SPO+Motivo,REVISADA,Adjudicación explícita por celda contra C canónicas; las ausencias se limitan al censo documental y no se heredó el rango de la fila.
data/tablas/05/table-34-5-8-asignacion-fosil-mas-antigua-localizada-por-nodo.csv,6,estado de asignación,5b19bff2fd09f88643be6bc5d1fde5ec17dcb7dec084f0ae59226d85a0e3e299,Hueco documental del corpus; no demuestra inexistencia paleontológica.,C-1947,Afirmación+SPO+Motivo,REVISADA,Adjudicación explícita por celda contra C canónicas; las ausencias se limitan al censo documental y no se heredó el rango de la fila.
data/tablas/05/table-34-5-8-asignacion-fosil-mas-antigua-localizada-por-nodo.csv,7,fósil más antiguo localizado,61d86ecbc8a034bff4cbe82912ef52f99b698ca282d386b8357346a7ba0d0eef,SIN ASIGNACIÓN FÓSIL ESPECÍFICA EN EL CORPUS,C-1948,Afirmación+SPO+Motivo,REVISADA,Adjudicación explícita por celda contra C canónicas; las ausencias se limitan al censo documental y no se heredó el rango de la fila.
data/tablas/05/table-34-5-8-asignacion-fosil-mas-antigua-localizada-por-nodo.csv,7,método y clase de evidencia,7611b1105279336c3546cc1795b8ba6090287d1766e23e3195ccb270ab12053e,censo documental de afirmaciones canónicas vivas al corte; no búsqueda bibliográfica específica,C-1948,Afirmación+SPO+Motivo,REVISADA,Adjudicación explícita por celda contra C canónicas; las ausencias se limitan al censo documental y no se heredó el rango de la fila.
data/tablas/05/table-34-5-8-asignacion-fosil-mas-antigua-localizada-por-nodo.csv,7,estado de asignación,5b19bff2fd09f88643be6bc5d1fde5ec17dcb7dec084f0ae59226d85a0e3e299,Hueco documental del corpus; no demuestra inexistencia paleontológica.,C-1948,Afirmación+SPO+Motivo,REVISADA,Adjudicación explícita por celda contra C canónicas; las ausencias se limitan al censo documental y no se heredó el rango de la fila.
data/tablas/05/table-34-5-8-asignacion-fosil-mas-antigua-localizada-por-nodo.csv,8,fósil más antiguo localizado,e0576fc1996dbf9aeefddca58957371fde3028e83150fef76558e3dd7e349fcc,*Ourasphaira giraldae* como candidato de afinidad fúngica,C-725,Afirmación+SPO+Motivo,REVISADA,Adjudicación explícita por celda contra C canónicas; las ausencias se limitan al censo documental y no se heredó el rango de la fila.
data/tablas/05/table-34-5-8-asignacion-fosil-mas-antigua-localizada-por-nodo.csv,8,edad,f0dd087668b9c3b5fa09b660c8d14221d07ba54241163e75d9d050f7142ff97b,1010–890 Ma,C-724,Afirmación+SPO+Motivo,REVISADA,Adjudicación explícita por celda contra C canónicas; las ausencias se limitan al censo documental y no se heredó el rango de la fila.
data/tablas/05/table-34-5-8-asignacion-fosil-mas-antigua-localizada-por-nodo.csv,8,método y clase de evidencia,e1cf6b47565fb1cc34dcb5d4dabd3123e74058aed11d68a2631fedca10d72482,"morfología, ultraestructura y espectroscopía; límites publicados de la Formación Grassy Bay",C-724; C-725,Afirmación+SPO+Motivo,REVISADA,Adjudicación explícita por celda contra C canónicas; las ausencias se limitan al censo documental y no se heredó el rango de la fila.
data/tablas/05/table-34-5-8-asignacion-fosil-mas-antigua-localizada-por-nodo.csv,8,estado de asignación,1d91271425c02e9131d94965c8772481a0c50be83e611f1bc8cb28644a2d61e5,La afinidad fúngica no permite asignar con seguridad *Ourasphaira* a Fungi corona ni fechar por sí sola Opisthokonta corona.,C-726,Afirmación+SPO+Motivo,REVISADA,Adjudicación explícita por celda contra C canónicas; las ausencias se limitan al censo documental y no se heredó el rango de la fila.
data/tablas/05/table-34-5-8-asignacion-fosil-mas-antigua-localizada-por-nodo.csv,9,fósil más antiguo localizado,0f784825aae58cdcf82d53557bf6aed1b74cd93176fd06f6032ab683a0420288,*Ourasphaira giraldae* como candidato fúngico,C-725,Afirmación+SPO+Motivo,REVISADA,Adjudicación explícita por celda contra C canónicas; las ausencias se limitan al censo documental y no se heredó el rango de la fila.
data/tablas/05/table-34-5-8-asignacion-fosil-mas-antigua-localizada-por-nodo.csv,9,edad,f0dd087668b9c3b5fa09b660c8d14221d07ba54241163e75d9d050f7142ff97b,1010–890 Ma,C-724,Afirmación+SPO+Motivo,REVISADA,Adjudicación explícita por celda contra C canónicas; las ausencias se limitan al censo documental y no se heredó el rango de la fila.
data/tablas/05/table-34-5-8-asignacion-fosil-mas-antigua-localizada-por-nodo.csv,9,método y clase de evidencia,865ae9bdf8ecc1c8ac896113e8b4941f1f687969a7f5f269c19c00b2c4a4b210,"morfología, ultraestructura y espectroscopía",C-725,Afirmación+SPO+Motivo,REVISADA,Adjudicación explícita por celda contra C canónicas; las ausencias se limitan al censo documental y no se heredó el rango de la fila.
data/tablas/05/table-34-5-8-asignacion-fosil-mas-antigua-localizada-por-nodo.csv,9,estado de asignación,de70364944b5e076e5dab22409a5120563b6ae315372fe8c792fc740398c48b3,La afinidad fúngica no permite resolver su posición corona–tallo dentro de Holomycota.,C-726,Afirmación+SPO+Motivo,REVISADA,Adjudicación explícita por celda contra C canónicas; las ausencias se limitan al censo documental y no se heredó el rango de la fila.
data/tablas/05/table-34-5-8-asignacion-fosil-mas-antigua-localizada-por-nodo.csv,10,fósil más antiguo localizado,83fe01bef4f02ecac9a4a4f44596829ae188230679ab6c1c168f08ff8ef08aeb,*Bicellum brasieri* como posible holozoo,C-729,Afirmación+SPO+Motivo,REVISADA,Adjudicación explícita por celda contra C canónicas; las ausencias se limitan al censo documental y no se heredó el rango de la fila.
data/tablas/05/table-34-5-8-asignacion-fosil-mas-antigua-localizada-por-nodo.csv,10,edad,0b1f021f4b7e6408b7cb524d4809f5535cba3c69799f89473e6c7c12c8b3b9f5,aprox. 1.0 Ga,C-727,Afirmación+SPO+Motivo,REVISADA,Adjudicación explícita por celda contra C canónicas; las ausencias se limitan al censo documental y no se heredó el rango de la fila.
data/tablas/05/table-34-5-8-asignacion-fosil-mas-antigua-localizada-por-nodo.csv,10,método y clase de evidencia,db9e12533027ffde6af4cfd4b32c76b32b4d8943b7e3b703b18b62675c647c78,depósitos lacustres de Diabaig; arquitectura con dos morfotipos celulares y comparación de afinidad,C-727; C-728; C-729,Afirmación+SPO+Motivo,REVISADA,Adjudicación explícita por celda contra C canónicas; las ausencias se limitan al censo documental y no se heredó el rango de la fila.
data/tablas/05/table-34-5-8-asignacion-fosil-mas-antigua-localizada-por-nodo.csv,10,estado de asignación,0d1c2bb35ccd4f245319fd747e5d59699f47352fde7cb8b74e23a6e89bb5854d,"*Bicellum* se considera posible Holozoa; su posición interna y, por tanto, corona–tallo, no está resuelta.",C-729; C-1736,Afirmación+SPO+Motivo,REVISADA,Adjudicación explícita por celda contra C canónicas; las ausencias se limitan al censo documental y no se heredó el rango de la fila.
data/tablas/05/table-34-5-8-asignacion-fosil-mas-antigua-localizada-por-nodo.csv,11,fósil más antiguo localizado,61d86ecbc8a034bff4cbe82912ef52f99b698ca282d386b8357346a7ba0d0eef,SIN ASIGNACIÓN FÓSIL ESPECÍFICA EN EL CORPUS,C-1949,Afirmación+SPO+Motivo,REVISADA,Adjudicación explícita por celda contra C canónicas; las ausencias se limitan al censo documental y no se heredó el rango de la fila.
data/tablas/05/table-34-5-8-asignacion-fosil-mas-antigua-localizada-por-nodo.csv,11,método y clase de evidencia,7611b1105279336c3546cc1795b8ba6090287d1766e23e3195ccb270ab12053e,censo documental de afirmaciones canónicas vivas al corte; no búsqueda bibliográfica específica,C-1949,Afirmación+SPO+Motivo,REVISADA,Adjudicación explícita por celda contra C canónicas; las ausencias se limitan al censo documental y no se heredó el rango de la fila.
data/tablas/05/table-34-5-8-asignacion-fosil-mas-antigua-localizada-por-nodo.csv,11,estado de asignación,5b19bff2fd09f88643be6bc5d1fde5ec17dcb7dec084f0ae59226d85a0e3e299,Hueco documental del corpus; no demuestra inexistencia paleontológica.,C-1949,Afirmación+SPO+Motivo,REVISADA,Adjudicación explícita por celda contra C canónicas; las ausencias se limitan al censo documental y no se heredó el rango de la fila.
data/tablas/05/table-34-5-8-asignacion-fosil-mas-antigua-localizada-por-nodo.csv,12,fósil más antiguo localizado,61d86ecbc8a034bff4cbe82912ef52f99b698ca282d386b8357346a7ba0d0eef,SIN ASIGNACIÓN FÓSIL ESPECÍFICA EN EL CORPUS,C-1950,Afirmación+SPO+Motivo,REVISADA,Adjudicación explícita por celda contra C canónicas; las ausencias se limitan al censo documental y no se heredó el rango de la fila.
data/tablas/05/table-34-5-8-asignacion-fosil-mas-antigua-localizada-por-nodo.csv,12,método y clase de evidencia,7611b1105279336c3546cc1795b8ba6090287d1766e23e3195ccb270ab12053e,censo documental de afirmaciones canónicas vivas al corte; no búsqueda bibliográfica específica,C-1950,Afirmación+SPO+Motivo,REVISADA,Adjudicación explícita por celda contra C canónicas; las ausencias se limitan al censo documental y no se heredó el rango de la fila.
data/tablas/05/table-34-5-8-asignacion-fosil-mas-antigua-localizada-por-nodo.csv,12,estado de asignación,5b19bff2fd09f88643be6bc5d1fde5ec17dcb7dec084f0ae59226d85a0e3e299,Hueco documental del corpus; no demuestra inexistencia paleontológica.,C-1950,Afirmación+SPO+Motivo,REVISADA,Adjudicación explícita por celda contra C canónicas; las ausencias se limitan al censo documental y no se heredó el rango de la fila.
data/tablas/05/table-34-5-8-asignacion-fosil-mas-antigua-localizada-por-nodo.csv,13,fósil más antiguo localizado,61d86ecbc8a034bff4cbe82912ef52f99b698ca282d386b8357346a7ba0d0eef,SIN ASIGNACIÓN FÓSIL ESPECÍFICA EN EL CORPUS,C-1951,Afirmación+SPO+Motivo,REVISADA,Adjudicación explícita por celda contra C canónicas; las ausencias se limitan al censo documental y no se heredó el rango de la fila.
data/tablas/05/table-34-5-8-asignacion-fosil-mas-antigua-localizada-por-nodo.csv,13,método y clase de evidencia,7611b1105279336c3546cc1795b8ba6090287d1766e23e3195ccb270ab12053e,censo documental de afirmaciones canónicas vivas al corte; no búsqueda bibliográfica específica,C-1951,Afirmación+SPO+Motivo,REVISADA,Adjudicación explícita por celda contra C canónicas; las ausencias se limitan al censo documental y no se heredó el rango de la fila.
data/tablas/05/table-34-5-8-asignacion-fosil-mas-antigua-localizada-por-nodo.csv,13,estado de asignación,5b19bff2fd09f88643be6bc5d1fde5ec17dcb7dec084f0ae59226d85a0e3e299,Hueco documental del corpus; no demuestra inexistencia paleontológica.,C-1951,Afirmación+SPO+Motivo,REVISADA,Adjudicación explícita por celda contra C canónicas; las ausencias se limitan al censo documental y no se heredó el rango de la fila.
data/tablas/05/table-34-5-8-asignacion-fosil-mas-antigua-localizada-por-nodo.csv,14,fósil más antiguo localizado,61d86ecbc8a034bff4cbe82912ef52f99b698ca282d386b8357346a7ba0d0eef,SIN ASIGNACIÓN FÓSIL ESPECÍFICA EN EL CORPUS,C-1952,Afirmación+SPO+Motivo,REVISADA,Adjudicación explícita por celda contra C canónicas; las ausencias se limitan al censo documental y no se heredó el rango de la fila.
data/tablas/05/table-34-5-8-asignacion-fosil-mas-antigua-localizada-por-nodo.csv,14,método y clase de evidencia,7611b1105279336c3546cc1795b8ba6090287d1766e23e3195ccb270ab12053e,censo documental de afirmaciones canónicas vivas al corte; no búsqueda bibliográfica específica,C-1952,Afirmación+SPO+Motivo,REVISADA,Adjudicación explícita por celda contra C canónicas; las ausencias se limitan al censo documental y no se heredó el rango de la fila.
data/tablas/05/table-34-5-8-asignacion-fosil-mas-antigua-localizada-por-nodo.csv,14,estado de asignación,5b19bff2fd09f88643be6bc5d1fde5ec17dcb7dec084f0ae59226d85a0e3e299,Hueco documental del corpus; no demuestra inexistencia paleontológica.,C-1952,Afirmación+SPO+Motivo,REVISADA,Adjudicación explícita por celda contra C canónicas; las ausencias se limitan al censo documental y no se heredó el rango de la fila.
data/tablas/05/table-34-5-8-asignacion-fosil-mas-antigua-localizada-por-nodo.csv,15,fósil más antiguo localizado,e2879b3763f8ce07e5f2f4c4381df008d859b734c3589068d8a28ebeb77c76a2,material putativo de coanoflagelado de la Formación Capas Blancas,C-785,Afirmación+SPO+Motivo,REVISADA,Adjudicación explícita por celda contra C canónicas; las ausencias se limitan al censo documental y no se heredó el rango de la fila.
data/tablas/05/table-34-5-8-asignacion-fosil-mas-antigua-localizada-por-nodo.csv,15,edad,9100e83dc5f062c487ee92faf6cd52960c274e8c4af6593ddeb06ef973b57e9f,Cenomaniano–Turoniano,C-785,Afirmación+SPO+Motivo,REVISADA,Adjudicación explícita por celda contra C canónicas; las ausencias se limitan al censo documental y no se heredó el rango de la fila.
data/tablas/05/table-34-5-8-asignacion-fosil-mas-antigua-localizada-por-nodo.csv,15,método y clase de evidencia,cde343f2d02d62fa6ddcfbcce3b57673c6efaa49c1d1199b0c38b6c1ebfe02af,afinidad putativa con limitaciones morfológicas,C-785,Afirmación+SPO+Motivo,REVISADA,Adjudicación explícita por celda contra C canónicas; las ausencias se limitan al censo documental y no se heredó el rango de la fila.
data/tablas/05/table-34-5-8-asignacion-fosil-mas-antigua-localizada-por-nodo.csv,15,estado de asignación,f8c6a41642455134b844fbb7ce297f9b08ce9acc912971226263bbc39e83d68f,"Si la afinidad propuesta se sostiene, el material queda anidado en Filozoa; no diagnostica ni calibra con seguridad su nodo corona.",C-785; C-616,Afirmación+SPO+Motivo,REVISADA,Adjudicación explícita por celda contra C canónicas; las ausencias se limitan al censo documental y no se heredó el rango de la fila.
data/tablas/05/table-34-5-8-asignacion-fosil-mas-antigua-localizada-por-nodo.csv,16,fósil más antiguo localizado,e2879b3763f8ce07e5f2f4c4381df008d859b734c3589068d8a28ebeb77c76a2,material putativo de coanoflagelado de la Formación Capas Blancas,C-785,Afirmación+SPO+Motivo,REVISADA,Adjudicación explícita por celda contra C canónicas; las ausencias se limitan al censo documental y no se heredó el rango de la fila.
data/tablas/05/table-34-5-8-asignacion-fosil-mas-antigua-localizada-por-nodo.csv,16,edad,9100e83dc5f062c487ee92faf6cd52960c274e8c4af6593ddeb06ef973b57e9f,Cenomaniano–Turoniano,C-785,Afirmación+SPO+Motivo,REVISADA,Adjudicación explícita por celda contra C canónicas; las ausencias se limitan al censo documental y no se heredó el rango de la fila.
data/tablas/05/table-34-5-8-asignacion-fosil-mas-antigua-localizada-por-nodo.csv,16,método y clase de evidencia,cde343f2d02d62fa6ddcfbcce3b57673c6efaa49c1d1199b0c38b6c1ebfe02af,afinidad putativa con limitaciones morfológicas,C-785,Afirmación+SPO+Motivo,REVISADA,Adjudicación explícita por celda contra C canónicas; las ausencias se limitan al censo documental y no se heredó el rango de la fila.
data/tablas/05/table-34-5-8-asignacion-fosil-mas-antigua-localizada-por-nodo.csv,16,estado de asignación,b2d03448bd13416d38ba600659d4950f7ba066d8daa375904c0f23047f2b0791,"Si la afinidad propuesta se sostiene, el material queda anidado en Choanozoa; no diagnostica ni calibra con seguridad su nodo corona.",C-785; C-624,Afirmación+SPO+Motivo,REVISADA,Adjudicación explícita por celda contra C canónicas; las ausencias se limitan al censo documental y no se heredó el rango de la fila.
data/tablas/05/table-34-5-8-asignacion-fosil-mas-antigua-localizada-por-nodo.csv,17,fósil más antiguo localizado,e2879b3763f8ce07e5f2f4c4381df008d859b734c3589068d8a28ebeb77c76a2,material putativo de coanoflagelado de la Formación Capas Blancas,C-785,Afirmación+SPO+Motivo,REVISADA,Adjudicación explícita por celda contra C canónicas; las ausencias se limitan al censo documental y no se heredó el rango de la fila.
data/tablas/05/table-34-5-8-asignacion-fosil-mas-antigua-localizada-por-nodo.csv,17,edad,9100e83dc5f062c487ee92faf6cd52960c274e8c4af6593ddeb06ef973b57e9f,Cenomaniano–Turoniano,C-785,Afirmación+SPO+Motivo,REVISADA,Adjudicación explícita por celda contra C canónicas; las ausencias se limitan al censo documental y no se heredó el rango de la fila.
data/tablas/05/table-34-5-8-asignacion-fosil-mas-antigua-localizada-por-nodo.csv,17,método y clase de evidencia,9264a67d941d0b3caed3c07b39c68331435aa7d02076c456df0fe633f4ad3fe6,afinidad putativa; el collar no está preservado,C-785,Afirmación+SPO+Motivo,REVISADA,Adjudicación explícita por celda contra C canónicas; las ausencias se limitan al censo documental y no se heredó el rango de la fila.
data/tablas/05/table-34-5-8-asignacion-fosil-mas-antigua-localizada-por-nodo.csv,17,estado de asignación,130ad7691d5e621058266a9849d1b3ee7e1716f675b64de6d38e2d64601ab0e4,La afinidad propuesta no permite decidir con seguridad entre corona y tallo ni usar el material como calibración nodal.,C-785; C-1729,Afirmación+SPO+Motivo,REVISADA,Adjudicación explícita por celda contra C canónicas; las ausencias se limitan al censo documental y no se heredó el rango de la fila.
data/tablas/05/table-34-5-8-asignacion-fosil-mas-antigua-localizada-por-nodo.csv,18,fósil más antiguo localizado,421f9f561c2956d50ebce453db064d0247142e004d21d361a63d96e4a821f83a,"SIN ASIGNACIÓN RESUELTA; candidatos de Weng’an interpretados como animales, protistas holozoos o algas",C-733; C-734; C-737; C-738; C-739,Afirmación+SPO+Motivo,REVISADA,Adjudicación explícita por celda contra C canónicas; las ausencias se limitan al censo documental y no se heredó el rango de la fila.
data/tablas/05/table-34-5-8-asignacion-fosil-mas-antigua-localizada-por-nodo.csv,18,edad,8c604d9a0cc9dd23dd03b532d747174675962fc255a81c8dc5d5e3a34156b516,anterior o próxima a 609 ± 5 Ma para Weng’an,C-732,Afirmación+SPO+Motivo,REVISADA,Adjudicación explícita por celda contra C canónicas; las ausencias se limitan al censo documental y no se heredó el rango de la fila.
data/tablas/05/table-34-5-8-asignacion-fosil-mas-antigua-localizada-por-nodo.csv,18,método y clase de evidencia,5575db90fe50bbfca5f0f0cca08a7a1c518e483fc7ae32aa21e9fa0e4d39915c,"posición estratigráfica; divisiones palintómicas, tomografía y series de desarrollo con interpretaciones rivales",C-732; C-733; C-734; C-735; C-736; C-737; C-738; C-739,Afirmación+SPO+Motivo,REVISADA,Adjudicación explícita por celda contra C canónicas; las ausencias se limitan al censo documental y no se heredó el rango de la fila.
data/tablas/05/table-34-5-8-asignacion-fosil-mas-antigua-localizada-por-nodo.csv,18,estado de asignación,acfd29632a9b454269d3b6ff56582c6ea14349ec830585e91f0329107f76698a,Las interpretaciones compiten y la posición dentro o fuera de Metazoa no está resuelta; los candidatos no se promueven a Metazoa corona o tallo.,C-733; C-734; C-735; C-736; C-737; C-738; C-739; C-1730,Afirmación+SPO+Motivo,REVISADA,Adjudicación explícita por celda contra C canónicas; las ausencias se limitan al censo documental y no se heredó el rango de la fila.
data/tablas/06/table-36-6-1-estimaciones-publicadas.csv,2,magnitud,86af5a73f257c4964cc275f60353d6a226c4b1168710210376bc78f3aa3ba50c,principales divergencias eucariotas,C-757,Afirmación,REVISADA,Adjudicación explícita conservadora tras cotejo del valor con Afirmación; no se heredaron todas las C de la fila.
data/tablas/06/table-36-6-1-estimaciones-publicadas.csv,2,intervalo publicado,59e85f4c7c262161bf538ef6ca1021aa4907d2ad630f7a4376763a5c5cc76def,950–1259 Ma,C-757,Afirmación+Objeto,REVISADA,Adjudicación explícita conservadora tras cotejo del valor con Afirmación+Objeto; no se heredaron todas las C de la fila.
data/tablas/06/table-36-6-1-estimaciones-publicadas.csv,2,modelo o enfoque,b14d295314e2748897f25117723a1f823ed359b04f9fb50fb655430531df77be,reloj molecular relajado bayesiano,C-759,Afirmación+SPO+Motivo,REVISADA,"Equivalencia proposicional explícita verificada contra Afirmación, SPO y Motivo; no se heredó el rango de la fila."
data/tablas/06/table-36-6-1-estimaciones-publicadas.csv,2,calibración,3347ffe7dce096c0d89096220f70192ce8aecc98e5f422b06f48e3bae9e32b0f,seis calibraciones fósiles,C-759,Afirmación+Objeto,REVISADA,Adjudicación explícita conservadora tras cotejo del valor con Afirmación+Objeto; no se heredaron todas las C de la fila.
data/tablas/06/table-36-6-1-estimaciones-publicadas.csv,3,magnitud,624f438c8d1f42e2420e01994512ad3bd1fa976f03e4ed5ca98dcfd7258f7097,Choanoflagellata–Metazoa,C-758,Sujeto,REVISADA,Adjudicación explícita conservadora tras cotejo del valor con Sujeto; no se heredaron todas las C de la fila.
data/tablas/06/table-36-6-1-estimaciones-publicadas.csv,3,intervalo publicado,7551970f965367b6435bc8439419662f161c1495ca561e7ce151a431c5c21bd9,761–957 Ma,C-758,Afirmación+Objeto,REVISADA,Adjudicación explícita conservadora tras cotejo del valor con Afirmación+Objeto; no se heredaron todas las C de la fila.
data/tablas/06/table-36-6-1-estimaciones-publicadas.csv,3,modelo o enfoque,b14d295314e2748897f25117723a1f823ed359b04f9fb50fb655430531df77be,reloj molecular relajado bayesiano,C-759,Afirmación,REVISADA,Adjudicación explícita conservadora tras cotejo del valor con Afirmación; no se heredaron todas las C de la fila.
data/tablas/06/table-36-6-1-estimaciones-publicadas.csv,3,calibración,3347ffe7dce096c0d89096220f70192ce8aecc98e5f422b06f48e3bae9e32b0f,seis calibraciones fósiles,C-759,Afirmación+SPO+Motivo,REVISADA,"Equivalencia proposicional explícita verificada contra Afirmación, SPO y Motivo; no se heredó el rango de la fila."
data/tablas/06/table-36-6-1-estimaciones-publicadas.csv,4,magnitud,4a6b840c499f0bf23fd228c1622f403c3d7114a34cb185a4050889b4ca963233,LECA,C-760,Afirmación+Sujeto,REVISADA,Adjudicación explícita conservadora tras cotejo del valor con Afirmación+Sujeto; no se heredaron todas las C de la fila.
data/tablas/06/table-36-6-1-estimaciones-publicadas.csv,4,intervalo publicado,b957d5c49cd0fc1ec5bb73ec3bf5a923d9ec76dce5178774eddd91d42b8ebb1b,1679–1866 Ma,C-760,Afirmación+Objeto,REVISADA,Adjudicación explícita conservadora tras cotejo del valor con Afirmación+Objeto; no se heredaron todas las C de la fila.
data/tablas/06/table-36-6-1-estimaciones-publicadas.csv,4,modelo o enfoque,9eac0c97c0bd6bc393cde827d8cc6b2a28562fc52e8d860102218c2d51e00eae,genes y calibraciones fósiles; muestreo ampliado de eucariotas microbianos,C-760; C-761,Afirmación+SPO+Motivo,REVISADA,"Equivalencia proposicional explícita verificada contra Afirmación, SPO y Motivo; no se heredó el rango de la fila."
data/tablas/06/table-36-6-1-estimaciones-publicadas.csv,4,calibración,55c42f7fb150a4e4ab0d9e99547717f5a6cfe1cd7f604b666e7ffb292c538f79,calibraciones fósiles dependientes de asignaciones taxonómicas y priors,C-760,Afirmación+SPO+Motivo,REVISADA,"Equivalencia proposicional explícita verificada contra Afirmación, SPO y Motivo; no se heredó el rango de la fila."
data/tablas/06/table-36-6-1-estimaciones-publicadas.csv,5,magnitud,4a6b840c499f0bf23fd228c1622f403c3d7114a34cb185a4050889b4ca963233,LECA,C-762,Afirmación+Sujeto,REVISADA,Adjudicación explícita conservadora tras cotejo del valor con Afirmación+Sujeto; no se heredaron todas las C de la fila.
data/tablas/06/table-36-6-1-estimaciones-publicadas.csv,5,intervalo publicado,6de161e9939921de863bf7dd93ccb39a7222e727420f456bfe1726a84a6cc061,1007–1898 Ma,C-762,Afirmación+Objeto,REVISADA,Adjudicación explícita conservadora tras cotejo del valor con Afirmación+Objeto; no se heredaron todas las C de la fila.
data/tablas/06/table-36-6-1-estimaciones-publicadas.csv,5,modelo o enfoque,447fc29eb5f9d975d7bbae698292f15dd0fbb0a6a1d38579f9b49206e08acbab,variación entre configuraciones de reloj,C-762,Afirmación+SPO+Motivo,REVISADA,"Equivalencia proposicional explícita verificada contra Afirmación, SPO y Motivo; no se heredó el rango de la fila."
data/tablas/06/table-36-6-1-estimaciones-publicadas.csv,5,calibración,7e2c7db3bd7a49ac37b54653d29a9ab3c53442e2923a9d876f832b72a146e5fa,variación entre configuraciones de calibración,C-762,Afirmación+SPO+Motivo,REVISADA,"Equivalencia proposicional explícita verificada contra Afirmación, SPO y Motivo; no se heredó el rango de la fila."
data/tablas/06/table-36-6-1-estimaciones-publicadas.csv,6,magnitud,bf825c18b7caf2cc6973a6d02caf603bc2fd0279fd65cd08dcf414b15e73fdf9,Opisthokonta,C-763,Afirmación+Sujeto,REVISADA,Adjudicación explícita conservadora tras cotejo del valor con Afirmación+Sujeto; no se heredaron todas las C de la fila.
data/tablas/06/table-36-6-1-estimaciones-publicadas.csv,6,intervalo publicado,66e956d4d0af2459bcadaf17ca058962779b5056df0502a589c091160a9461dd,904–1579 Ma,C-763,Afirmación+Objeto,REVISADA,Adjudicación explícita conservadora tras cotejo del valor con Afirmación+Objeto; no se heredaron todas las C de la fila.
data/tablas/06/table-36-6-1-estimaciones-publicadas.csv,6,modelo o enfoque,a12167de8a17e874cef99d1fee3b5d2490639f581c92fd783dfc3b303b7a70a8,edad dependiente de la topología seleccionada,C-763,Afirmación+SPO+Motivo,REVISADA,"Equivalencia proposicional explícita verificada contra Afirmación, SPO y Motivo; no se heredó el rango de la fila."
data/tablas/06/table-36-6-1-estimaciones-publicadas.csv,6,calibración,ba7d4bf8f3b0faecd4595fd32000e5154060c1915601f5a5441d12671d68c6aa,edad dependiente de las calibraciones seleccionadas,C-763,Afirmación+SPO+Motivo,REVISADA,"Equivalencia proposicional explícita verificada contra Afirmación, SPO y Motivo; no se heredó el rango de la fila."
data/tablas/06/table-36-6-1-estimaciones-publicadas.csv,7,magnitud,14037b2469fa1bb3c441712f922ad6f2ab9257e0935bf203d2366f9ed58a8acc,duración del tallo LECA–Opisthokonta,C-764,Sujeto,REVISADA,Adjudicación explícita conservadora tras cotejo del valor con Sujeto; no se heredaron todas las C de la fila.
data/tablas/06/table-36-6-1-estimaciones-publicadas.csv,7,intervalo publicado,e83d3bcc14096e349548060b0e8c124607c077bbe7efbfaf5fc22985e2c5894a,23–334 Ma,C-764,Afirmación+Objeto,REVISADA,Adjudicación explícita conservadora tras cotejo del valor con Afirmación+Objeto; no se heredaron todas las C de la fila.
data/tablas/06/table-36-6-1-estimaciones-publicadas.csv,7,modelo o enfoque,9a680aa481ce7cd8a1746619507ce818f1fef87769f0837098a836e6091119d2,"diferencia entre edades inferidas, no una duración observada en roca",C-764,Afirmación+SPO+Motivo,REVISADA,"Equivalencia proposicional explícita verificada contra Afirmación, SPO y Motivo; no se heredó el rango de la fila."
data/tablas/06/table-36-6-1-estimaciones-publicadas.csv,8,magnitud,4a6b840c499f0bf23fd228c1622f403c3d7114a34cb185a4050889b4ca963233,LECA,C-765,Afirmación+Sujeto,REVISADA,Adjudicación explícita conservadora tras cotejo del valor con Afirmación+Sujeto; no se heredaron todas las C de la fila.
data/tablas/06/table-36-6-1-estimaciones-publicadas.csv,8,intervalo publicado,1af4130228f85b2f310809bca7ba0a2196a1393b1df50dd719612b22b77ef002,1958–2386 Ma,C-765,Afirmación+Objeto,REVISADA,Adjudicación explícita conservadora tras cotejo del valor con Afirmación+Objeto; no se heredaron todas las C de la fila.
data/tablas/06/table-36-6-1-estimaciones-publicadas.csv,8,modelo o enfoque,581344b048e9fab6251cb7277bcc1fc93476572448d6d76f1b23e27301c15cbe,reloj relajado con modelos y calibraciones alternativos,C-766,Afirmación,REVISADA,Adjudicación explícita conservadora tras cotejo del valor con Afirmación; no se heredaron todas las C de la fila.
data/tablas/06/table-36-6-1-estimaciones-publicadas.csv,8,calibración,470823ba2909db1b810a11c11c4fc1473bb2f194dbd64cc4d39e346f32d82c82,múltiples modelos y calibraciones,C-765; C-766,Afirmación+SPO+Motivo,REVISADA,"Equivalencia proposicional explícita verificada contra Afirmación, SPO y Motivo; no se heredó el rango de la fila."
data/tablas/06/table-36-6-1-estimaciones-publicadas.csv,9,modelo o enfoque,2052870578ced7cfb57972b6d5eec71293e60dc7452fe0d88f483164b2b3bb85,integración de datos genómicos y fósiles,C-768,Objeto,REVISADA,Adjudicación explícita conservadora tras cotejo del valor con Objeto; no se heredaron todas las C de la fila.
data/tablas/06/table-36-6-1-estimaciones-publicadas.csv,10,magnitud,3537d2d02ad97a22d7f069366ce901ab93475f7ad9a9f1bd9bfa1c6ea6482f1f,límite propuesto para fósiles inequívocos de grupos corona,C-769,Afirmación,REVISADA,Adjudicación explícita conservadora tras cotejo del valor con Afirmación; no se heredaron todas las C de la fila.
data/tablas/06/table-36-6-1-estimaciones-publicadas.csv,10,intervalo publicado,505ff5d1af199dafdd6528c23e48b4f2fe55cde126c390b6ccfd6f49449d5a5f,aprox. 1.05 Ga,C-769,Afirmación+SPO+Motivo,REVISADA,"Equivalencia proposicional explícita verificada contra Afirmación, SPO y Motivo; no se heredó el rango de la fila."
data/tablas/06/table-36-6-1-estimaciones-publicadas.csv,10,modelo o enfoque,d81bd0d3f8e12a264f6c665fa86b0790895bb89736a3b37052f284caeb73bc78,criterios taxonómicos conservadores,C-769,Afirmación+SPO+Motivo,REVISADA,"Equivalencia proposicional explícita verificada contra Afirmación, SPO y Motivo; no se heredó el rango de la fila."
data/tablas/06/table-36-6-1-estimaciones-publicadas.csv,10,calibración,e61d337e323368949092700fff8e39d9ee8f61dd9573d56932bd7e278c0a6328,criterio taxonómico conservador,C-769,Motivo,REVISADA,Adjudicación explícita conservadora tras cotejo del valor con Motivo; no se heredaron todas las C de la fila.
data/tablas/06/table-36-6-1-estimaciones-publicadas.csv,11,magnitud,337dc90724f87ad6e8afc09d8f40ebf125bdfe933d5ff065f1b08e299efc3a07,origen tardío de la diversidad eucariota viviente,C-770,Afirmación+SPO+Motivo,REVISADA,"Equivalencia proposicional explícita verificada contra Afirmación, SPO y Motivo; no se heredó el rango de la fila."
data/tablas/06/table-36-6-1-estimaciones-publicadas.csv,11,modelo o enfoque,161905ffc22f7cc9b2debfada7a763faa601c10b3971936c70f432d49f75446c,lectura troncal del registro paleoproterozoico y mesoproterozoico,C-770,Afirmación+SPO+Motivo,REVISADA,"Equivalencia proposicional explícita verificada contra Afirmación, SPO y Motivo; no se heredó el rango de la fila."
data/tablas/06/table-36-6-1-estimaciones-publicadas.csv,12,magnitud,4a6b840c499f0bf23fd228c1622f403c3d7114a34cb185a4050889b4ca963233,LECA,C-771,Afirmación+Sujeto,REVISADA,Adjudicación explícita conservadora tras cotejo del valor con Afirmación+Sujeto; no se heredaron todas las C de la fila.
data/tablas/06/table-36-6-1-estimaciones-publicadas.csv,12,intervalo publicado,33851327e3c59707e0f256d3ecda15af18f065d5af43a726b5cef80fabb24c53,mínimo próximo a 1696 Ma,C-771,Afirmación+Objeto,REVISADA,Adjudicación explícita conservadora tras cotejo del valor con Afirmación+Objeto; no se heredaron todas las C de la fila.
data/tablas/06/table-36-6-1-estimaciones-publicadas.csv,12,modelo o enfoque,ad5538eb82938566bf6ca9f51d09eb1693567c760575621a57565847fe115f7a,dinámica de clados; preprint,C-771,Afirmación,REVISADA,Adjudicación explícita conservadora tras cotejo del valor con Afirmación; no se heredaron todas las C de la fila.
data/tablas/06/table-36-6-1-estimaciones-publicadas.csv,12,calibración,44b00f1534e0fa838d05131ecab22aff9eedd44283ee0f9a210a3872c1d1154d,marco distinto de los relojes convencionales,C-771,Motivo,REVISADA,Adjudicación explícita conservadora tras cotejo del valor con Motivo; no se heredaron todas las C de la fila.
data/tablas/06/table-36-6-1-estimaciones-publicadas.csv,13,magnitud,4a6b840c499f0bf23fd228c1622f403c3d7114a34cb185a4050889b4ca963233,LECA,C-772,Afirmación+Sujeto,REVISADA,Adjudicación explícita conservadora tras cotejo del valor con Afirmación+Sujeto; no se heredaron todas las C de la fila.
data/tablas/06/table-36-6-1-estimaciones-publicadas.csv,13,intervalo publicado,73b8d1d839b3710fef51d81466356ab512da0d89b7ccc38f64e057720d01fef4,sin consenso; envolvente descriptivo 1007–2386 Ma,C-773; C-772,Afirmación+Objeto+Predicado,REVISADA,Adjudicación explícita conservadora tras cotejo del valor con Afirmación+Objeto+Predicado; no se heredaron todas las C de la fila.
data/tablas/06/table-36-6-1-estimaciones-publicadas.csv,13,modelo o enfoque,160e108f5f6750b8760efebb4ad89d50772c46a48dda4a0f5391ccc217f36bf0,envolvente de estimaciones publicadas,C-773,Afirmación+SPO+Motivo,REVISADA,"Equivalencia proposicional explícita verificada contra Afirmación, SPO y Motivo; no se heredó el rango de la fila."
data/tablas/06/table-36-6-1-estimaciones-publicadas.csv,13,calibración,d7b63f995ad50135b791b80c29c4863248283a94cb949d0d856c9581d417e0f3,no es IC combinado ni promedio,C-773,Afirmación+SPO+Motivo,REVISADA,"Equivalencia proposicional explícita verificada contra Afirmación, SPO y Motivo; no se heredó el rango de la fila."
data/tablas/06/table-36-6-1-estimaciones-publicadas.csv,14,magnitud,424c1495c2e59cd0ba0fcf24f61cab067f56deaeb890154cfa6e463ae8e1aca4,raíz Discoba,C-790,Afirmación+Sujeto,REVISADA,Adjudicación explícita conservadora tras cotejo del valor con Afirmación+Sujeto; no se heredaron todas las C de la fila.
data/tablas/06/table-36-6-1-estimaciones-publicadas.csv,14,intervalo publicado,d2bad7bdcda3f1e35e52566f63e00e8122bfac601c92580b0abc229a22403e5a,mediana 1776 Ma; máximo/mínimo de medianas 1897/1670 Ma,C-790,Afirmación+SPO+Motivo,REVISADA,"Equivalencia proposicional explícita verificada contra Afirmación, SPO y Motivo; no se heredó el rango de la fila."
data/tablas/06/table-36-6-1-estimaciones-publicadas.csv,14,modelo o enfoque,1d43c9109239bd10523de6d4fd25c9058cce9368f7e7772310055c04e4001a53,TreePL; 32 árboles; 100 réplicas,C-789; C-788,Afirmación+Objeto,REVISADA,Adjudicación explícita conservadora tras cotejo del valor con Afirmación+Objeto; no se heredaron todas las C de la fila.
data/tablas/06/table-36-6-1-estimaciones-publicadas.csv,14,calibración,a2b5b3e905d997f055b505bf4eb22915f63e9201be2e4b6f1a40827255c8da5b,77 calibraciones,C-787,Afirmación+Objeto,REVISADA,Adjudicación explícita conservadora tras cotejo del valor con Afirmación+Objeto; no se heredaron todas las C de la fila.
data/tablas/06/table-36-6-1-estimaciones-publicadas.csv,15,magnitud,64db8b8b3944a6729f93390e7a0076e8cc3bea4eb95f8566d22075d29ad7f08c,Amorphea,C-791,Afirmación+Sujeto+Fuente,REVISADA,Adjudicación explícita conservadora tras cotejo del valor con Afirmación+Sujeto+Fuente; no se heredaron todas las C de la fila.
data/tablas/06/table-36-6-1-estimaciones-publicadas.csv,15,intervalo publicado,bf7a14cf0675965b302abd78bc3daaca95cf91faf4a123319d39c84a69873fac,mediana 1773 Ma; máximo/mínimo de medianas 1934/1703 Ma,C-791,Afirmación+SPO+Motivo,REVISADA,"Equivalencia proposicional explícita verificada contra Afirmación, SPO y Motivo; no se heredó el rango de la fila."
data/tablas/06/table-36-6-1-estimaciones-publicadas.csv,15,modelo o enfoque,1d43c9109239bd10523de6d4fd25c9058cce9368f7e7772310055c04e4001a53,TreePL; 32 árboles; 100 réplicas,C-789; C-788,Afirmación+Objeto,REVISADA,Adjudicación explícita conservadora tras cotejo del valor con Afirmación+Objeto; no se heredaron todas las C de la fila.
data/tablas/06/table-36-6-1-estimaciones-publicadas.csv,15,calibración,a2b5b3e905d997f055b505bf4eb22915f63e9201be2e4b6f1a40827255c8da5b,77 calibraciones,C-787,Afirmación+Objeto,REVISADA,Adjudicación explícita conservadora tras cotejo del valor con Afirmación+Objeto; no se heredaron todas las C de la fila.
data/tablas/06/table-36-6-1-estimaciones-publicadas.csv,16,magnitud,1c5aeb09d2507e77d7ee87cda0f4bd1ae9a17bd5dc7ad983a63d416b392c3c44,"LECA, escenario Rafatazmia dudosa",C-792,Afirmación+Sujeto,REVISADA,Adjudicación explícita conservadora tras cotejo del valor con Afirmación+Sujeto; no se heredaron todas las C de la fila.
data/tablas/06/table-36-6-1-estimaciones-publicadas.csv,16,intervalo publicado,73ca1e7c8bd22959d817578988c16bb9228ebdd70eb75b42ac278ef5b3da39c0,2054 Ma; límites 2104–1967 Ma,C-792,Afirmación+SPO+Motivo,REVISADA,"Equivalencia proposicional explícita verificada contra Afirmación, SPO y Motivo; no se heredó el rango de la fila."
data/tablas/06/table-36-6-1-estimaciones-publicadas.csv,16,modelo o enfoque,61e4ba8f8ecbc0cdc6198dc5b3d22ca3f106d766b1402f58024beb6a90419892,sensibilidad explícita sobre la calibración,C-792,Afirmación+SPO+Motivo,REVISADA,"Equivalencia proposicional explícita verificada contra Afirmación, SPO y Motivo; no se heredó el rango de la fila."
data/tablas/06/table-36-6-1-estimaciones-publicadas.csv,16,calibración,12ff0c5ba9079026d1cc4d1e7ee89ea83518ac2127ab313776cc605cc9fb458b,Rafatazmia tratada como dudosa,C-792,Afirmación+SPO+Motivo,REVISADA,"Equivalencia proposicional explícita verificada contra Afirmación, SPO y Motivo; no se heredó el rango de la fila."
data/tablas/07/table-38-7-1-oxigeno-cronologia-proxies-y-discrepancias-cuantitativas.csv,2,valor,27a53b6d755b7ff80f2daccb62bd5e85907b167fccc152b0a11315786823aaf8,<0.1% PAL O₂,C-798,Objeto,REVISADA,Adjudicación explícita conservadora tras cotejo del valor con Objeto; no se heredaron todas las C de la fila.
data/tablas/07/table-38-7-1-oxigeno-cronologia-proxies-y-discrepancias-cuantitativas.csv,2,proxy o método,c9e464c73b522ac838db9b64426f3dd0cb3f3f13308a2be9ef104134f96965fb,isótopos de Cr,C-798,Afirmación+Motivo,REVISADA,Adjudicación explícita conservadora tras cotejo del valor con Afirmación+Motivo; no se heredaron todas las C de la fila.
data/tablas/07/table-38-7-1-oxigeno-cronologia-proxies-y-discrepancias-cuantitativas.csv,2,observado/inferido,82fe96345942513df48164e0f003bcf125f1939316e78d924dfa8600ddf6b049,inferido,C-798,Objeto,REVISADA,Adjudicación explícita conservadora tras cotejo del valor con Objeto; no se heredaron todas las C de la fila.
data/tablas/07/table-38-7-1-oxigeno-cronologia-proxies-y-discrepancias-cuantitativas.csv,3,valor,7210b0c3ee44ddd98bd4af8389eb70b4d5a5469087508ae903883213793321f1,4–8% PAL O₂,C-799,Afirmación+Objeto,REVISADA,Adjudicación explícita conservadora tras cotejo del valor con Afirmación+Objeto; no se heredaron todas las C de la fila.
data/tablas/07/table-38-7-1-oxigeno-cronologia-proxies-y-discrepancias-cuantitativas.csv,3,proxy o método,45faa3d881b1ad1cee4d01589e3b12c8e850b68c6eb10aa058abd2479912b84d,modelo biogeoquímico sedimentario,C-799,Afirmación+SPO+Motivo,REVISADA,Revisión semántica explícita: la celda conserva solo contenido equivalente a las C indicadas; no se usó semejanza léxica como prueba.
data/tablas/07/table-38-7-1-oxigeno-cronologia-proxies-y-discrepancias-cuantitativas.csv,3,observado/inferido,82fe96345942513df48164e0f003bcf125f1939316e78d924dfa8600ddf6b049,inferido,C-799,Objeto,REVISADA,Adjudicación explícita conservadora tras cotejo del valor con Objeto; no se heredaron todas las C de la fila.
data/tablas/07/table-38-7-1-oxigeno-cronologia-proxies-y-discrepancias-cuantitativas.csv,4,valor,12f7ef32b74757ce743ce40dfe1e0a100fc624b08e46d78e1d97de2958a1d20d,aprox. 1–2% PAL O₂,C-800,Afirmación+SPO+Motivo,REVISADA,Revisión semántica explícita: la celda conserva solo contenido equivalente a las C indicadas; no se usó semejanza léxica como prueba.
data/tablas/07/table-38-7-1-oxigeno-cronologia-proxies-y-discrepancias-cuantitativas.csv,4,proxy o método,c0deb3e69d2eb92b75dda0543cb1f7ae6b1417fafabe821bded7def655309cbf,termodinámica de anomalías de Ce,C-800,Afirmación+SPO+Motivo,REVISADA,Revisión semántica explícita: la celda conserva solo contenido equivalente a las C indicadas; no se usó semejanza léxica como prueba.
data/tablas/07/table-38-7-1-oxigeno-cronologia-proxies-y-discrepancias-cuantitativas.csv,4,observado/inferido,82fe96345942513df48164e0f003bcf125f1939316e78d924dfa8600ddf6b049,inferido,C-800,Objeto,REVISADA,Adjudicación explícita conservadora tras cotejo del valor con Objeto; no se heredaron todas las C de la fila.
data/tablas/07/table-38-7-1-oxigeno-cronologia-proxies-y-discrepancias-cuantitativas.csv,5,valor,7a4c3c07d868c62daec35fa43a63d687eac9ce8b69c651b2dc90c7da8087e5cd,>4% PAL O₂,C-801,Afirmación+Objeto,REVISADA,Adjudicación explícita conservadora tras cotejo del valor con Afirmación+Objeto; no se heredaron todas las C de la fila.
data/tablas/07/table-38-7-1-oxigeno-cronologia-proxies-y-discrepancias-cuantitativas.csv,5,proxy o método,8ed14a784074004a2002b5cf24bd923cd2a511737d9f25c38b4379f8ae5d522e,fraccionamiento de isótopos de Cr,C-801,Afirmación+SPO+Motivo,REVISADA,Revisión semántica explícita: la celda conserva solo contenido equivalente a las C indicadas; no se usó semejanza léxica como prueba.
data/tablas/07/table-38-7-1-oxigeno-cronologia-proxies-y-discrepancias-cuantitativas.csv,5,observado/inferido,82fe96345942513df48164e0f003bcf125f1939316e78d924dfa8600ddf6b049,inferido,C-801,Objeto,REVISADA,Adjudicación explícita conservadora tras cotejo del valor con Objeto; no se heredaron todas las C de la fila.
data/tablas/07/table-38-7-1-oxigeno-cronologia-proxies-y-discrepancias-cuantitativas.csv,6,valor,7dc49079fa2ace377b1af6f818e22cf54718b19354dfa830a29e29a9f6a8b033,7 nM O₂,C-804,Afirmación+Objeto,REVISADA,Adjudicación explícita conservadora tras cotejo del valor con Afirmación+Objeto; no se heredaron todas las C de la fila.
data/tablas/07/table-38-7-1-oxigeno-cronologia-proxies-y-discrepancias-cuantitativas.csv,6,proxy o método,6840cb25ff22761ee02c92639560ed5d9b7959ac1f893e46046e0d2153c2d615,biosíntesis experimental de esteroles,C-804,Afirmación,REVISADA,Adjudicación explícita conservadora tras cotejo del valor con Afirmación; no se heredaron todas las C de la fila.
data/tablas/07/table-38-7-1-oxigeno-cronologia-proxies-y-discrepancias-cuantitativas.csv,6,observado/inferido,b3703d8566fde3ef03e70d79224af1e5f536a51ccfa3793454b113c3dc1b7025,observado,C-804,Afirmación+SPO+Motivo,REVISADA,Revisión semántica explícita: la celda conserva solo contenido equivalente a las C indicadas; no se usó semejanza léxica como prueba.
data/tablas/07/table-38-7-1-oxigeno-cronologia-proxies-y-discrepancias-cuantitativas.csv,7,valor,14ae2867f9399e8b672b502981b305eb18afea145d23ed0da8866cc411f9f91b,≤3 nM O₂,C-838,Afirmación+Objeto,REVISADA,Adjudicación explícita conservadora tras cotejo del valor con Afirmación+Objeto; no se heredaron todas las C de la fila.
data/tablas/07/table-38-7-1-oxigeno-cronologia-proxies-y-discrepancias-cuantitativas.csv,7,proxy o método,0e73e866025fcf931495c0f684c507c1d37b4cb561aa3bdc986616f3e07a512e,crecimiento aerobio con entrada controlada y microsensores,C-838,Afirmación+SPO+Motivo,REVISADA,Revisión semántica explícita: la celda conserva solo contenido equivalente a las C indicadas; no se usó semejanza léxica como prueba.
data/tablas/07/table-38-7-1-oxigeno-cronologia-proxies-y-discrepancias-cuantitativas.csv,7,observado/inferido,b3703d8566fde3ef03e70d79224af1e5f536a51ccfa3793454b113c3dc1b7025,observado,C-838,Afirmación+SPO+Motivo,REVISADA,Revisión semántica explícita: la celda conserva solo contenido equivalente a las C indicadas; no se usó semejanza léxica como prueba.
data/tablas/07/table-38-7-1-oxigeno-cronologia-proxies-y-discrepancias-cuantitativas.csv,8,valor,3505bf41aae06ca94b7a847e64f4f75e5c824f0c9e45595ee389ec41795e4fa3,"0,5–4% PAL O₂",C-839,Afirmación+Objeto,REVISADA,Adjudicación explícita conservadora tras cotejo del valor con Afirmación+Objeto; no se heredaron todas las C de la fila.
data/tablas/07/table-38-7-1-oxigeno-cronologia-proxies-y-discrepancias-cuantitativas.csv,8,proxy o método,d6d63a1b97fb7ccca17722bc1bfe9c0a0f20b65cc7d143c3017ec256b062d717,"supervivencia, alimentación y crecimiento de esponja",C-839,Afirmación+SPO+Motivo,REVISADA,Revisión semántica explícita: la celda conserva solo contenido equivalente a las C indicadas; no se usó semejanza léxica como prueba.
data/tablas/07/table-38-7-1-oxigeno-cronologia-proxies-y-discrepancias-cuantitativas.csv,8,observado/inferido,b3703d8566fde3ef03e70d79224af1e5f536a51ccfa3793454b113c3dc1b7025,observado,C-839,Afirmación+SPO+Motivo,REVISADA,Revisión semántica explícita: la celda conserva solo contenido equivalente a las C indicadas; no se usó semejanza léxica como prueba.
data/tablas/07/table-38-7-1-oxigeno-cronologia-proxies-y-discrepancias-cuantitativas.csv,9,valor,c30876dd82ff5a042056bfba2026269d4c52910b2dbad69d32e4f6dcfcb658fa,<1% PAL pO₂,C-841,Afirmación+SPO+Motivo,REVISADA,Revisión semántica explícita: la celda conserva solo contenido equivalente a las C indicadas; no se usó semejanza léxica como prueba.
data/tablas/07/table-38-7-1-oxigeno-cronologia-proxies-y-discrepancias-cuantitativas.csv,9,proxy o método,d968f939ae320bc85f25e4f0cb4d0e97a44e1100a0299ba0c55faf3e281c02f1,isótopos de Cr en paleosuelos,C-841,Afirmación+SPO+Motivo,REVISADA,Revisión semántica explícita: la celda conserva solo contenido equivalente a las C indicadas; no se usó semejanza léxica como prueba.
data/tablas/07/table-38-7-1-oxigeno-cronologia-proxies-y-discrepancias-cuantitativas.csv,9,observado/inferido,82fe96345942513df48164e0f003bcf125f1939316e78d924dfa8600ddf6b049,inferido,C-841,Objeto,REVISADA,Adjudicación explícita conservadora tras cotejo del valor con Objeto; no se heredaron todas las C de la fila.
data/tablas/07/table-38-7-1-oxigeno-cronologia-proxies-y-discrepancias-cuantitativas.csv,10,valor,fa0ff1b5984a8f9f73bd02ff10380e29a1a38bf6ec10ff26c0d26bd89ae96fbd,"cerca de 0,1% PAL pO₂",C-1939,Afirmación+SPO+Motivo,REVISADA,"Fila nueva coordinada: cada componente del vector se cotejó con Afirmación, SPO y Motivo de C-1939; no se heredó un rango de C."
data/tablas/07/table-38-7-1-oxigeno-cronologia-proxies-y-discrepancias-cuantitativas.csv,10,proxy o método,77cf5b2ceb4aee6edd1ee9458d3e652bd52cba8d94ba8f9eaeeab99f7aa476dd,"anomalías de Ce en carbonatos, circulación oceánica y oxidación de Ce",C-1939,Afirmación+SPO+Motivo,REVISADA,"Fila nueva coordinada: cada componente del vector se cotejó con Afirmación, SPO y Motivo de C-1939; no se heredó un rango de C."
data/tablas/07/table-38-7-1-oxigeno-cronologia-proxies-y-discrepancias-cuantitativas.csv,10,observado/inferido,5bcc1fc16ab9b0571b4ec81e50f29ef1520273f6d2029f39aaf39203430c89d1,inferido; específico del modelo,C-1939,Afirmación+SPO+Motivo,REVISADA,"Fila nueva coordinada: cada componente del vector se cotejó con Afirmación, SPO y Motivo de C-1939; no se heredó un rango de C."
data/tablas/07/table-38-7-1-oxigeno-cronologia-proxies-y-discrepancias-cuantitativas.csv,11,valor,259a464727811d6ad04e2ee012491515f0373336038c48d464cfeabddb117303,aprox. 1–50% PAL pO₂,C-1941,Afirmación+SPO+Motivo,REVISADA,"Fila nueva coordinada: cada componente del vector se cotejó con Afirmación, SPO y Motivo de C-1941; no se heredó un rango de C."
data/tablas/07/table-38-7-1-oxigeno-cronologia-proxies-y-discrepancias-cuantitativas.csv,11,proxy o método,4bc2b109634589a3a0bffcba85445b13aadc54706bdeacfd4c7f4de56c390197,balance isotópico y tasas de reciclaje tectónico,C-1941,Afirmación+SPO+Motivo,REVISADA,"Fila nueva coordinada: cada componente del vector se cotejó con Afirmación, SPO y Motivo de C-1941; no se heredó un rango de C."
data/tablas/07/table-38-7-1-oxigeno-cronologia-proxies-y-discrepancias-cuantitativas.csv,11,observado/inferido,1b6c2a6fe1590a13de751cff2e4ed63b3c7e381aed4b696403baaa10acaf3e78,"inferido; intervalo oscilante, no subida monótona",C-1941,Afirmación+SPO+Motivo,REVISADA,"Fila nueva coordinada: cada componente del vector se cotejó con Afirmación, SPO y Motivo de C-1941; no se heredó un rango de C."
data/tablas/07/table-38b-7-2-redox-y-aceptores.csv,2,proxy o condición,9aae2c7020a6d3383ef8fbbb42966e32e544a798cf246668ee781967e07d341a,modelo de Reinhard et al.,C-842,Afirmación+SPO+Motivo,REVISADA,Revisión semántica explícita: la celda conserva solo contenido equivalente a las C indicadas; no se usó semejanza léxica como prueba.
data/tablas/07/table-38b-7-2-redox-y-aceptores.csv,2,magnitud o secuencia,ed14331b1e6252ec4f401e9520fd3ab518be900eb9bc77ece621da83bb80795d,anoxia: al menos ~30–40%; euxinia: menos de ~1–10% del área moderna de fondo marino,C-842,Afirmación,REVISADA,Adjudicación explícita conservadora tras cotejo del valor con Afirmación; no se heredaron todas las C de la fila.
data/tablas/07/table-38b-7-2-redox-y-aceptores.csv,2,qué representa,e199892f5327ebb00105509b8fae2ad8127b45e817eb05dea47440f9cc564ed7,"área normalizada, inferida",C-842,Afirmación+SPO+Motivo,REVISADA,Revisión semántica explícita: la celda conserva solo contenido equivalente a las C indicadas; no se usó semejanza léxica como prueba.
data/tablas/07/table-38b-7-2-redox-y-aceptores.csv,2,límite,556e42d6d977d42ba081c6d756ca0d0648935b5274c2cda87e0a639121e42633,mismo modelo y denominador; no volumen oceánico ni partición global cerrada,C-842,Afirmación+SPO+Motivo,REVISADA,Revisión semántica explícita: la celda conserva solo contenido equivalente a las C indicadas; no se usó semejanza léxica como prueba.
data/tablas/07/table-38b-7-2-redox-y-aceptores.csv,3,proxy o condición,c4828545bfc237bebf19a33e33ce2623b54350a51af5fa3bb7893eaf1f85d189,modelo de balance de masas,C-813,Afirmación+SPO+Motivo,REVISADA,Revisión semántica explícita: la celda conserva solo contenido equivalente a las C indicadas; no se usó semejanza léxica como prueba.
data/tablas/07/table-38b-7-2-redox-y-aceptores.csv,3,magnitud o secuencia,f31115f8e1382e5e8f0a7636bf77a95ac8cb658a92283226e2e1ebf90cf113c4,más de 54% del área del fondo marino,C-813,Afirmación,REVISADA,Adjudicación explícita conservadora tras cotejo del valor con Afirmación; no se heredaron todas las C de la fila.
data/tablas/07/table-38b-7-2-redox-y-aceptores.csv,3,qué representa,880e9ed274a3dc3048f69c1c4c9d6e7f1b351e1b732382b0152a2b5571f0bd01,área modelada para una ventana concreta,C-813,Motivo,REVISADA,Adjudicación explícita conservadora tras cotejo del valor con Motivo; no se heredaron todas las C de la fila.
data/tablas/07/table-38b-7-2-redox-y-aceptores.csv,3,límite,efeaefa4f8b3adffb87dc09aa878bd459ee3882156b224773c6b17749373ef1c,"no volumen oceánico, profundidad ni partición cerrada de tres estados",C-813,Afirmación+SPO+Motivo,REVISADA,Revisión semántica explícita: la celda conserva solo contenido equivalente a las C indicadas; no se usó semejanza léxica como prueba.
data/tablas/07/table-38b-7-2-redox-y-aceptores.csv,4,proxy o condición,61c70f6439831d3347720955e234fdf29ffcb9d44f61652909c8f3c345272fd0,distribución fósil y reconstrucción paleoambiental,C-752,Afirmación+SPO+Motivo,REVISADA,Revisión semántica explícita: la celda conserva solo contenido equivalente a las C indicadas; no se usó semejanza léxica como prueba.
data/tablas/07/table-38b-7-2-redox-y-aceptores.csv,4,magnitud o secuencia,0f0892a211206206c7605c4f12917333f6890717e9cc496ba8b7e320762a9583,casi restringidos a fondos oxigenados,C-752,Afirmación,REVISADA,Adjudicación explícita conservadora tras cotejo del valor con Afirmación; no se heredaron todas las C de la fila.
data/tablas/07/table-38b-7-2-redox-y-aceptores.csv,4,qué representa,4ee09b074e6a020cbc7ddd48dae457cfe9be1d4b3a65bcc598d4922b1caaf193,asociación observada en el conjunto de S547,C-752,Motivo,REVISADA,Adjudicación explícita conservadora tras cotejo del valor con Motivo; no se heredaron todas las C de la fila.
data/tablas/07/table-38b-7-2-redox-y-aceptores.csv,4,límite,d230993fe5da38d0b47167473854a74c741e2922e70b42f3a98dd0b0d415ee4c,"no exclusividad universal; aerobiosis, mitocondrias y hábito bentónico son inferencias de autores",C-753; C-752; C-754,Motivo,REVISADA,Adjudicación explícita conservadora tras cotejo del valor con Motivo; no se heredaron todas las C de la fila.
data/tablas/07/table-38b-7-2-redox-y-aceptores.csv,5,proxy o condición,5f8201a44be7fa73d82218d8387c1ac4446115801ca65050b72fd4083c042714,potenciales redox y energías libres estándar,C-843; C-844,Afirmación+SPO+Motivo,REVISADA,Revisión semántica explícita: la celda conserva solo contenido equivalente a las C indicadas; no se usó semejanza léxica como prueba.
data/tablas/07/table-38b-7-2-redox-y-aceptores.csv,5,magnitud o secuencia,01ab7b33f6dcefecfee7ec2ee68ead29f44eb6f86e724f8de3ea4881fb28476e,O₂ > NO₃− > Mn(IV) > Fe(III) > SO₄²− > CO₂/metanogénesis,C-843,Objeto,REVISADA,Adjudicación explícita conservadora tras cotejo del valor con Objeto; no se heredaron todas las C de la fila.
data/tablas/07/table-38b-7-2-redox-y-aceptores.csv,5,qué representa,83f45b576e7096064d59dc880b8890441202e9af171ee07b00e578417e343739,orden energético general,C-843; C-844,Afirmación+Predicado+Motivo,REVISADA,Adjudicación explícita conservadora tras cotejo del valor con Afirmación+Predicado+Motivo; no se heredaron todas las C de la fila.
data/tablas/07/table-38b-7-2-redox-y-aceptores.csv,5,límite,cf6eb1e2e63287c04c267d758e4e40357bc09fbfb52911710b13bc049c9147c6,"cambia con donante, actividades, pH, temperatura y organismo",C-844,Objeto,REVISADA,Adjudicación explícita conservadora tras cotejo del valor con Objeto; no se heredaron todas las C de la fila.
data/tablas/07/table-38b-7-2-redox-y-aceptores.csv,6,proxy o condición,646d2fa2dd4b17211eb6b9733d5c0d0260b351315bdbf26dd60c0dc64122d964,"REE+Y, anomalías de Ce y elementos sensibles a redox",C-1940,Afirmación+SPO+Motivo,REVISADA,"Fila nueva coordinada: cada componente del vector se cotejó con Afirmación, SPO y Motivo de C-1940; no se heredó un rango de C."
data/tablas/07/table-38b-7-2-redox-y-aceptores.csv,6,magnitud o secuencia,0698e6f62e921fa16a4c40f43c83470566bdc9b2fcc8ded89f8cc2ae5ffed156,"antes de ~1,54 Ga: <0,2 µM O₂; después: alrededor de 0,2 µM",C-1940,Afirmación+SPO+Motivo,REVISADA,"Fila nueva coordinada: cada componente del vector se cotejó con Afirmación, SPO y Motivo de C-1940; no se heredó un rango de C."
data/tablas/07/table-38b-7-2-redox-y-aceptores.csv,6,qué representa,86f021128ac5d02482f6e81d5c49cfdb529e8d2c0c2562940c0b78059f633f4a,concentración regional inferida,C-1940,Afirmación+SPO+Motivo,REVISADA,"Fila nueva coordinada: cada componente del vector se cotejó con Afirmación, SPO y Motivo de C-1940; no se heredó un rango de C."
data/tablas/07/table-38b-7-2-redox-y-aceptores.csv,6,límite,6864eb5ab2ecc6a7b9e5fa68e375c9027a34a845a1d357cd48bab36b73445d59,plataforma del norte de China y compilación; no media oceánica global ni pO₂ atmosférica,C-1940,Afirmación+SPO+Motivo,REVISADA,"Fila nueva coordinada: cada componente del vector se cotejó con Afirmación, SPO y Motivo de C-1940; no se heredó un rango de C."
data/tablas/07/table-38b-7-2-redox-y-aceptores.csv,7,proxy o condición,461ed13ce0e4d78f191d1d3a39c60c2f22f6aa91b78b6be9616c035352095d9b,"registros geoquímicos, remuestreo, bosque aleatorio y cGENIE",C-1942,Afirmación+SPO+Motivo,REVISADA,Revisión semántica explícita: la celda conserva solo contenido equivalente a las C indicadas; no se usó semejanza léxica como prueba.
data/tablas/07/table-38b-7-2-redox-y-aceptores.csv,7,magnitud o secuencia,493385698b27d12997e9f5dc5b619df4e8d66895c2bb4a510605d42f5121e93c,media reconstruida 0–22 µmol kg⁻¹ O₂ durante la mayor parte del intervalo,C-1942,Afirmación+SPO+Motivo,REVISADA,"Fila nueva coordinada: cada componente del vector se cotejó con Afirmación, SPO y Motivo de C-1942; no se heredó un rango de C."
data/tablas/07/table-38b-7-2-redox-y-aceptores.csv,7,qué representa,ea6a266ca199ac23f012f13f958c405daa4bd1af66a5db3d3ee1920bb4ac712d,concentración somera inferida,C-1942,Afirmación+SPO+Motivo,REVISADA,"Fila nueva coordinada: cada componente del vector se cotejó con Afirmación, SPO y Motivo de C-1942; no se heredó un rango de C."
data/tablas/07/table-38b-7-2-redox-y-aceptores.csv,7,límite,fdcd98e2013a3013c0bb1b6fa8cce687c7f39d310ad9a1f9f020bdec0826d4b7,no cada cuenca ni oxigenación persistente del océano profundo,C-1942,Afirmación+SPO+Motivo,REVISADA,"Fila nueva coordinada: cada componente del vector se cotejó con Afirmación, SPO y Motivo de C-1942; no se heredó un rango de C."
data/tablas/07/table-38b-7-2-redox-y-aceptores.csv,8,proxy o condición,ba57b67ac27e75588a278593e0904a9371ed4485498e03dc00c4ca7c82c97af5,I/(Ca+Mg) en carbonatos y estabilidad de IO₃⁻,C-1944,Afirmación+SPO+Motivo,REVISADA,"La fila nueva repite el proxy, magnitud, alcance y límites atomizados en C-1944."
data/tablas/07/table-38b-7-2-redox-y-aceptores.csv,8,magnitud o secuencia,83a5227a1435ebafe4c8485589705e9b0dc3499a77c6d9e8560ab47a2f96e727,>1 µM O₂,C-1944,Afirmación+SPO+Motivo,REVISADA,"La fila nueva repite el proxy, magnitud, alcance y límites atomizados en C-1944."
data/tablas/07/table-38b-7-2-redox-y-aceptores.csv,8,qué representa,0390c9e5b061b4fb4119ec26e058366968c5050dacf3f2f164cc34ace5e78abf,límite inferior inferido para aguas superficiales,C-1944,Afirmación+SPO+Motivo,REVISADA,"La fila nueva repite el proxy, magnitud, alcance y límites atomizados en C-1944."
data/tablas/07/table-38b-7-2-redox-y-aceptores.csv,8,límite,88f36d46635b20bf182eb0be421f77d9b37253a8a8967a8a6769e5b5260643de,"no media global, océano profundo ni todo el Paleoproterozoico",C-1944,Afirmación+SPO+Motivo,REVISADA,"La fila nueva repite el proxy, magnitud, alcance y límites atomizados en C-1944."
data/tablas/07/table-38c-7-4-episodios-globales.csv,2,edad o magnitud conservada,93b6f547548785416c4e6b94a6112c3215b48a6952e3ba16fa16d656cc8ccf19,"depósitos entre ~2,45 y 2,22 Ga; tres episodios anteriores a ~2,31 Ga; último sudafricano 2,26–2,22 Ga",C-848,Afirmación,REVISADA,Adjudicación explícita conservadora tras cotejo del valor con Afirmación; no se heredaron todas las C de la fila.
data/tablas/07/table-38c-7-4-episodios-globales.csv,3,edad o magnitud conservada,c765dcb6a37a9c9873d00e4bd952f0c4673f3be20915956648e550248fceea7e,~717–659 Ma,C-823,Afirmación+Objeto,REVISADA,Adjudicación explícita conservadora tras cotejo del valor con Afirmación+Objeto; no se heredaron todas las C de la fila.
data/tablas/07/table-38c-7-4-episodios-globales.csv,4,edad o magnitud conservada,a0af81c8108d314daf26177d97d2591fc283f686282ec9c71fbd8447ba62fbb1,El inicio de la glaciación Marinoana está menos constreñido que su final y fue situado en las fuentes recuperadas después de aproximadamente 659 Ma y antes de aproximadamente 639 Ma.,C-825,Afirmación,REVISADA,Reescritura conservadora: la celda reproduce exactamente la Afirmación canónica de C-825; no se usó semejanza léxica ni herencia de fila.
data/tablas/07/table-38c-7-4-episodios-globales.csv,4,incertidumbre y límite,8114d23d7e40fdbbdb207222928a9b2b56fa9f4de6a3b1a63b95a51d5a0b5e04,inicio menos constreñido que final,C-825,Afirmación,REVISADA,Adjudicación explícita conservadora tras cotejo del valor con Afirmación; no se heredaron todas las C de la fila.
data/tablas/07/table-38c-7-4-episodios-globales.csv,5,edad o magnitud conservada,60d3987cef3f3092b7070f32112871630cf7241260dce5b28a690953458656ba,La excursión de Lomagundi–Jatuli se sitúa aproximadamente entre 2.22 y 2.06 Ga en la reconstrucción de Bekker y Holland.,C-794,Afirmación,REVISADA,Reescritura conservadora: la celda reproduce exactamente la Afirmación canónica de C-794; no se usó semejanza léxica ni herencia de fila.
data/tablas/07/table-38c-7-4-episodios-globales.csv,6,edad o magnitud conservada,e6d05389e892f4a9987b791e9745375674ce7881c8caba9a3c37e47832eb169a,δ13Ccarb desde ~+4‰ hasta −12‰,C-849,Objeto,REVISADA,Adjudicación explícita conservadora tras cotejo del valor con Objeto; no se heredaron todas las C de la fila.
data/tablas/08/table-40-8-3-depredadores-holozoos-obazoa-holomycota-y-amoebozoa.csv,2,alimentación,2a2effebe3c77b348c1cc8deddacb2284dec2c70f0c8a1e264e3b005dbc0e0d7,bacterivoría por filtración,C-851; C-852,Afirmación+SPO+Motivo,REVISADA,Cotejo semántico explícito: C-851; C-852 cubre esta celda concreta mediante Afirmación+SPO+Motivo; sin herencia de fila ni correspondencia léxica.
data/tablas/08/table-40-8-3-depredadores-holozoos-obazoa-holomycota-y-amoebozoa.csv,2,ciclo/forma,3b6206b6cf42bb2364cd27809cd99d252665245f86358cbf6140755dd4d47912,unicelular,C-852,Afirmación+SPO+Motivo,REVISADA,Cotejo semántico explícito: C-852 cubre esta celda concreta mediante Afirmación+SPO+Motivo; sin herencia de fila ni correspondencia léxica.
data/tablas/08/table-40-8-3-depredadores-holozoos-obazoa-holomycota-y-amoebozoa.csv,2,aporte al corredor,f4c072579c331505488a98eca102cb365e8e6649ba9f6176acbbf26ae5a61607,genoma y aparato alimentario coanoflagelado,C-851; C-852,Afirmación+SPO+Motivo,REVISADA,Cotejo semántico explícito: C-851; C-852 cubre esta celda concreta mediante Afirmación+SPO+Motivo; sin herencia de fila ni correspondencia léxica.
data/tablas/08/table-40-8-3-depredadores-holozoos-obazoa-holomycota-y-amoebozoa.csv,3,ecología documentada,733feca7ad5536d9665b1a816e864c30127039dc193fa21cbe8b34ad1159cada,asociación con diatomea bajo las condiciones del ensayo,C-912,Afirmación+SPO+Motivo,REVISADA,Cotejo semántico explícito: C-912 cubre esta celda concreta mediante Afirmación+SPO+Motivo; sin herencia de fila ni correspondencia léxica.
data/tablas/08/table-40-8-3-depredadores-holozoos-obazoa-holomycota-y-amoebozoa.csv,3,alimentación,356b36f81b5044e16ce20cee2c458bedd9977c6d417f50326e7bd92e7bfc72fb,bacterivoría por filtración; 35–65 bacterias célula⁻¹ h⁻¹ en el ensayo con diatomeas,C-851; C-912,Afirmación+SPO+Motivo,REVISADA,Cotejo semántico explícito: C-851; C-912 cubre esta celda concreta mediante Afirmación+SPO+Motivo; sin herencia de fila ni correspondencia léxica.
data/tablas/08/table-40-8-3-depredadores-holozoos-obazoa-holomycota-y-amoebozoa.csv,3,hospedador o socio,82505ab35aa48c29ec701de8dcde83f546f8816b46b06515f7ef246eaed25de0,diatomea asociada en el ensayo de S506,C-912,Afirmación+SPO+Motivo,REVISADA,Cotejo semántico explícito: C-912 cubre esta celda concreta mediante Afirmación+SPO+Motivo; sin herencia de fila ni correspondencia léxica.
data/tablas/08/table-40-8-3-depredadores-holozoos-obazoa-holomycota-y-amoebozoa.csv,3,ciclo/forma,0b74894c6c1aa0d268a88612d7e2b3456028347bbb174d607f8d078e9ae5d8a1,"formas tecada, nadadoras, roseta y cadena; apareamiento inducible",C-853; C-860,Afirmación+SPO+Motivo,REVISADA,Cotejo semántico explícito: C-853; C-860 cubre esta celda concreta mediante Afirmación+SPO+Motivo; sin herencia de fila ni correspondencia léxica.
data/tablas/08/table-40-8-3-depredadores-holozoos-obazoa-holomycota-y-amoebozoa.csv,3,aporte al corredor,57e103292bbae9a27223c2dc0bd307132b2481bb1d75007ed76a7cece210d8d2,"rosetas clonales, señales bacterianas y tasa trófica específica del ensayo",C-854; C-855; C-858; C-859; C-912,Afirmación+SPO+Motivo,REVISADA,Cotejo semántico explícito: C-854; C-855; C-858; C-859; C-912 cubre esta celda concreta mediante Afirmación+SPO+Motivo; sin herencia de fila ni correspondencia léxica.
data/tablas/08/table-40-8-3-depredadores-holozoos-obazoa-holomycota-y-amoebozoa.csv,4,ciclo/forma,73275be89fba443ed8a5671db6f4c60b5a7894681188dce82dd18f9d8b540ab0,lámina celular reversible,C-866,Afirmación+SPO+Motivo,REVISADA,Cotejo semántico explícito: C-866 cubre esta celda concreta mediante Afirmación+SPO+Motivo; sin herencia de fila ni correspondencia léxica.
data/tablas/08/table-40-8-3-depredadores-holozoos-obazoa-holomycota-y-amoebozoa.csv,4,aporte al corredor,3dca4f3ff39c63c5d52d3bc3c6a5456c3e46ce20c4767935da760d9e73e17846,inversión colectiva regulada por luz,C-866; C-867; C-868; C-869,Afirmación+SPO+Motivo,REVISADA,Cotejo semántico explícito: C-866; C-867; C-868; C-869 cubre esta celda concreta mediante Afirmación+SPO+Motivo; sin herencia de fila ni correspondencia léxica.
data/tablas/08/table-40-8-3-depredadores-holozoos-obazoa-holomycota-y-amoebozoa.csv,5,ecología documentada,5e9a3728d7a3e58121d19798d2533e4b66d614561725ed4967586e1a167191a2,asociado históricamente con caracol dulceacuícola; cultivo axénico,C-832; C-833,Afirmación+SPO+Motivo,REVISADA,Cotejo semántico explícito: C-832; C-833 cubre esta celda concreta mediante Afirmación+SPO+Motivo; sin herencia de fila ni correspondencia léxica.
data/tablas/08/table-40-8-3-depredadores-holozoos-obazoa-holomycota-y-amoebozoa.csv,5,hospedador o socio,5ecfb3f90bb2f0ef5c0c95381e06bd183562967e2b8be4501805c3113fdcfb34,*Biomphalaria glabrata* en aislamiento original,C-832,Afirmación+SPO+Motivo,REVISADA,Cotejo semántico explícito: C-832 cubre esta celda concreta mediante Afirmación+SPO+Motivo; sin herencia de fila ni correspondencia léxica.
data/tablas/08/table-40-8-3-depredadores-holozoos-obazoa-holomycota-y-amoebozoa.csv,5,ciclo/forma,d7f77defebf80565d5ed8ae55d3bddf83e3dac469da5a8427bfb19c360866c96,"filopodial, agregado y quiste; agregación ~20 min, desagregación ~26 h y reagregación ~10 min en el protocolo de S427",C-870; C-930; C-931; C-932,Afirmación+SPO+Motivo,REVISADA,Cotejo semántico explícito: C-870; C-930; C-931; C-932 cubre esta celda concreta mediante Afirmación+SPO+Motivo; sin herencia de fila ni correspondencia léxica.
data/tablas/08/table-40-8-3-depredadores-holozoos-obazoa-holomycota-y-amoebozoa.csv,5,aporte al corredor,23bf2126ae654d15a0e4c38a170ca9d3827dce658825013f16921ac9462bcbc1,"multicelularidad agregativa, cinética dependiente del ensayo y expresión diferencial",C-871; C-874; C-930; C-931; C-932,Afirmación+SPO+Motivo,REVISADA,Cotejo semántico explícito: C-871; C-874; C-930; C-931; C-932 cubre esta celda concreta mediante Afirmación+SPO+Motivo; sin herencia de fila ni correspondencia léxica.
data/tablas/08/table-40-8-3-depredadores-holozoos-obazoa-holomycota-y-amoebozoa.csv,6,ecología documentada,bd922509d7992bd4d013fe5eaba737425b457c3f8005c6f4670db4b767773e2d,marino; cultivo monoxénico,C-1530,Afirmación+SPO+Motivo,REVISADA,Cotejo semántico explícito: C-1530 cubre esta celda concreta mediante Afirmación+SPO+Motivo; sin herencia de fila ni correspondencia léxica.
data/tablas/08/table-40-8-3-depredadores-holozoos-obazoa-holomycota-y-amoebozoa.csv,6,alimentación,159ed475e0d2800e9bdca08732cc1a86d6db7b2338c5dd92a3e109f0f69914ed,bacterivoría observada en cultivo monoxénico,C-1530,Afirmación+SPO+Motivo,REVISADA,Cotejo semántico explícito: C-1530 cubre esta celda concreta mediante Afirmación+SPO+Motivo; sin herencia de fila ni correspondencia léxica.
data/tablas/08/table-40-8-3-depredadores-holozoos-obazoa-holomycota-y-amoebozoa.csv,6,ciclo/forma,638b8ae5b49bd9f066348d84ed060056e853acc9908430ae1794fdd4a29310c7,célula con microvellosidades y flagelo fino,C-876,Afirmación+SPO+Motivo,REVISADA,Cotejo semántico explícito: C-876 cubre esta celda concreta mediante Afirmación+SPO+Motivo; sin herencia de fila ni correspondencia léxica.
data/tablas/08/table-40-8-3-depredadores-holozoos-obazoa-holomycota-y-amoebozoa.csv,6,aporte al corredor,ffa1cc2eb5babf68c6d3f9abffe208fc3db0a5527d47d61096e95eee4741d5a3,revisión del supuesto pedúnculo,C-877,Afirmación+SPO+Motivo,REVISADA,Cotejo semántico explícito: C-877 cubre esta celda concreta mediante Afirmación+SPO+Motivo; sin herencia de fila ni correspondencia léxica.
data/tablas/08/table-40-8-3-depredadores-holozoos-obazoa-holomycota-y-amoebozoa.csv,7,ciclo/forma,632bd0203cd93b743fc175998dec213ad7c50ddc6905bf01485b6053d340de98,crecimiento cenocítico y celularización,C-878; C-880,Afirmación+SPO+Motivo,REVISADA,Cotejo semántico explícito: C-878; C-880 cubre esta celda concreta mediante Afirmación+SPO+Motivo; sin herencia de fila ni correspondencia léxica.
data/tablas/08/table-40-8-3-depredadores-holozoos-obazoa-holomycota-y-amoebozoa.csv,7,aporte al corredor,4f1256924edc123964626410fe8af52f7d438b94d9a4862e95f8ad36fbdc2afc,ruta cenocítica multicelular,C-881,Afirmación+SPO+Motivo,REVISADA,Cotejo semántico explícito: C-881 cubre esta celda concreta mediante Afirmación+SPO+Motivo; sin herencia de fila ni correspondencia léxica.
data/tablas/08/table-40-8-3-depredadores-holozoos-obazoa-holomycota-y-amoebozoa.csv,8,ciclo/forma,909bf8b309572bbcc27ebcd01560de392a502be21f640691e4cf0cf511ee8097,coenocito y células ameboides,C-882,Afirmación+SPO+Motivo,REVISADA,Cotejo semántico explícito: C-882 cubre esta celda concreta mediante Afirmación+SPO+Motivo; sin herencia de fila ni correspondencia léxica.
data/tablas/08/table-40-8-3-depredadores-holozoos-obazoa-holomycota-y-amoebozoa.csv,8,aporte al corredor,25bf6153101bff0fcfdf19b3b58662e880928f2c2e5a54fd088353023e1a7708,regulación por estadio,C-883,Afirmación+SPO+Motivo,REVISADA,Cotejo semántico explícito: C-883 cubre esta celda concreta mediante Afirmación+SPO+Motivo; sin herencia de fila ni correspondencia léxica.
data/tablas/08/table-40-8-3-depredadores-holozoos-obazoa-holomycota-y-amoebozoa.csv,9,ecología documentada,c2c89e0ff24331cdc163425a5602de334cf03016dfee22b51ff04e8bf562ad55,aislados de tractos digestivos de invertebrados marinos; cultivo,C-934,Afirmación+SPO+Motivo,REVISADA,Cotejo semántico explícito: C-934 cubre esta celda concreta mediante Afirmación+SPO+Motivo; sin herencia de fila ni correspondencia léxica.
data/tablas/08/table-40-8-3-depredadores-holozoos-obazoa-holomycota-y-amoebozoa.csv,9,hospedador o socio,679d19d436b468c24ef3aac2ef7414102a6c909f245e71ad48b154ea2f196459,relación con hospedadores de origen no resuelta,C-934,Afirmación+SPO+Motivo,REVISADA,Cotejo semántico explícito: C-934 cubre esta celda concreta mediante Afirmación+SPO+Motivo; sin herencia de fila ni correspondencia léxica.
data/tablas/08/table-40-8-3-depredadores-holozoos-obazoa-holomycota-y-amoebozoa.csv,9,ciclo/forma,0c950ff9d775a4ef4e33c45579071aec34b0cb345527794fb6070355a73d13bc,"Abeoforma: esferas con pared, plasmodios, amebas y propágulos; Pirum: sin estadios ameboides ni plasmodiales observados",C-935,Afirmación+SPO+Motivo,REVISADA,Cotejo semántico explícito: C-935 cubre esta celda concreta mediante Afirmación+SPO+Motivo; sin herencia de fila ni correspondencia léxica.
data/tablas/08/table-40-8-3-depredadores-holozoos-obazoa-holomycota-y-amoebozoa.csv,9,aporte al corredor,a6ecf6b3d38a4978f548e012a2eb627bf9674abcbec97bea6c4c163d48c2bbe0,vector comparativo de ciclos sin asignar parasitismo,C-934; C-935,Afirmación+SPO+Motivo,REVISADA,Cotejo semántico explícito: C-934; C-935 cubre esta celda concreta mediante Afirmación+SPO+Motivo; sin herencia de fila ni correspondencia léxica.
data/tablas/08/table-40-8-3-depredadores-holozoos-obazoa-holomycota-y-amoebozoa.csv,10,ecología documentada,5f889223ab11a283fb1965ca955859a56e532ac85fd8d504d2a01550e350b238,infección de peces tras exposición oral experimental,C-936,Afirmación+SPO+Motivo,REVISADA,Cotejo semántico explícito: C-936 cubre esta celda concreta mediante Afirmación+SPO+Motivo; sin herencia de fila ni correspondencia léxica.
data/tablas/08/table-40-8-3-depredadores-holozoos-obazoa-holomycota-y-amoebozoa.csv,10,hospedador o socio,ec0b4e99a4cf2e422cd3ac8aa07549db066300a2d561968c79df54cbe7ce244f,peces; transmisión oral experimental,C-936,Afirmación+SPO+Motivo,REVISADA,Cotejo semántico explícito: C-936 cubre esta celda concreta mediante Afirmación+SPO+Motivo; sin herencia de fila ni correspondencia léxica.
data/tablas/08/table-40-8-3-depredadores-holozoos-obazoa-holomycota-y-amoebozoa.csv,10,ciclo/forma,aaa892f3c7522dc0eec2d7b9924b77b37d4c9ec7431ac099c003a442adc3d668,formas ameboides y esféricas tempranas; esquizontes tardíos,C-937; C-939,Afirmación+SPO+Motivo,REVISADA,Cotejo semántico explícito: C-937; C-939 cubre esta celda concreta mediante Afirmación+SPO+Motivo; sin herencia de fila ni correspondencia léxica.
data/tablas/08/table-40-8-3-depredadores-holozoos-obazoa-holomycota-y-amoebozoa.csv,10,aporte al corredor,0d78029657549d110175f49a19f7694681569089eb95b87b184ecf4f3b0b0d15,patogenicidad y secuencia temporal medidas,C-936; C-937; C-938; C-939,Afirmación+SPO+Motivo,REVISADA,Cotejo semántico explícito: C-936; C-937; C-938; C-939 cubre esta celda concreta mediante Afirmación+SPO+Motivo; sin herencia de fila ni correspondencia léxica.
data/tablas/08/table-40-8-3-depredadores-holozoos-obazoa-holomycota-y-amoebozoa.csv,11,ecología documentada,4a5ed3cb11bf7ab343dded48894122c76bae54ad93c8a2fb4f0ec2c1bcd419f0,marino; cultivo axénico,C-945,Afirmación+SPO+Motivo,REVISADA,Cotejo semántico explícito: C-945 cubre esta celda concreta mediante Afirmación+SPO+Motivo; sin herencia de fila ni correspondencia léxica.
data/tablas/08/table-40-8-3-depredadores-holozoos-obazoa-holomycota-y-amoebozoa.csv,11,alimentación,942978139d6daf4978776336972af7a3d7b5ff4f7bc4ad132e37b80017932514,caldo marino; modo natural no cuantificado,C-945,Afirmación+SPO+Motivo,REVISADA,Cotejo semántico explícito: C-945 cubre esta celda concreta mediante Afirmación+SPO+Motivo; sin herencia de fila ni correspondencia léxica.
data/tablas/08/table-40-8-3-depredadores-holozoos-obazoa-holomycota-y-amoebozoa.csv,11,ciclo/forma,237d52e4a7cba3260cca9e7f245ba0e1867d30713adef3895343e9e9235a07e8,fisión binaria y crecimiento cenocítico,C-941; C-942,Afirmación+SPO+Motivo,REVISADA,Cotejo semántico explícito: C-941; C-942 cubre esta celda concreta mediante Afirmación+SPO+Motivo; sin herencia de fila ni correspondencia léxica.
data/tablas/08/table-40-8-3-depredadores-holozoos-obazoa-holomycota-y-amoebozoa.csv,11,aporte al corredor,0d2d725d94745bdd2816d2b81245555d614a86f0c1cb411e34375d227e6c0f61,rutas celulares alternativas cuantificadas,C-941; C-942; C-943; C-944,Afirmación+SPO+Motivo,REVISADA,Cotejo semántico explícito: C-941; C-942; C-943; C-944 cubre esta celda concreta mediante Afirmación+SPO+Motivo; sin herencia de fila ni correspondencia léxica.
data/tablas/08/table-40-8-3-depredadores-holozoos-obazoa-holomycota-y-amoebozoa.csv,12,alimentación,b4eaf26f7c7abdc1496fefab678fa9366a8facae6a4a374754963ef2d0bd5fbd,"depredación de eucariotas menores, semejantes o mayores",C-884; C-956,Afirmación+SPO+Motivo,REVISADA,Cotejo semántico explícito: C-884; C-956 cubre esta celda concreta mediante Afirmación+SPO+Motivo; sin herencia de fila ni correspondencia léxica.
data/tablas/08/table-40-8-3-depredadores-holozoos-obazoa-holomycota-y-amoebozoa.csv,12,ciclo/forma,1e62250554979248e1eed88dd371d8044855bbd94578b798aae4a635ca68e8d8,"agregados, alimentación conjunta y fusiones parciales",C-885; C-886,Afirmación+SPO+Motivo,REVISADA,Cotejo semántico explícito: C-885; C-886 cubre esta celda concreta mediante Afirmación+SPO+Motivo; sin herencia de fila ni correspondencia léxica.
data/tablas/08/table-40-8-3-depredadores-holozoos-obazoa-holomycota-y-amoebozoa.csv,12,aporte al corredor,c35ce3f099179809beab4c702be50ead675d9058aa95665782509a4f5f86c181,depredación cooperativa transitoria,C-885; C-956,Afirmación+SPO+Motivo,REVISADA,Cotejo semántico explícito: C-885; C-956 cubre esta celda concreta mediante Afirmación+SPO+Motivo; sin herencia de fila ni correspondencia léxica.
data/tablas/08/table-40-8-3-depredadores-holozoos-obazoa-holomycota-y-amoebozoa.csv,13,alimentación,5f4619a28ec7361139971b2a1ffe5bf9447669a30294c16a794b0cda8887aef8,depredación de eucariotas,C-884,Afirmación+SPO+Motivo,REVISADA,Cotejo semántico explícito: C-884 cubre esta celda concreta mediante Afirmación+SPO+Motivo; sin herencia de fila ni correspondencia léxica.
data/tablas/08/table-40-8-3-depredadores-holozoos-obazoa-holomycota-y-amoebozoa.csv,13,aporte al corredor,6c30db673e475e591f1dd1f11eae52ac3b373c4d8b3a944261927496542bd042,Pigoraptor y Syssomonas consumen eucariotas grandes,C-884,Afirmación+SPO+Motivo,REVISADA,Cotejo semántico explícito: C-884 cubre esta celda concreta mediante Afirmación+SPO+Motivo; sin herencia de fila ni correspondencia léxica.
data/tablas/08/table-40-8-3-depredadores-holozoos-obazoa-holomycota-y-amoebozoa.csv,14,alimentación,5f4619a28ec7361139971b2a1ffe5bf9447669a30294c16a794b0cda8887aef8,depredación de eucariotas,C-887,Afirmación+SPO+Motivo,REVISADA,Cotejo semántico explícito: C-887 cubre esta celda concreta mediante Afirmación+SPO+Motivo; sin herencia de fila ni correspondencia léxica.
data/tablas/08/table-40-8-3-depredadores-holozoos-obazoa-holomycota-y-amoebozoa.csv,14,ciclo/forma,0b705ae3d647316914bcedc726a6dab60c47ceb04a34b5e1bc5af59666eb8b5a,estructura alimentaria transitoria,C-888,Afirmación+SPO+Motivo,REVISADA,Cotejo semántico explícito: C-888 cubre esta celda concreta mediante Afirmación+SPO+Motivo; sin herencia de fila ni correspondencia léxica.
data/tablas/08/table-40-8-3-depredadores-holozoos-obazoa-holomycota-y-amoebozoa.csv,14,aporte al corredor,6c2514dcf82f174fb9a63c95a0145ae6af6e5df82b1ffaea037cbaa2749947fd,depredador holozoo de posición discutida,C-887; C-889,Afirmación+SPO+Motivo,REVISADA,Cotejo semántico explícito: C-887; C-889 cubre esta celda concreta mediante Afirmación+SPO+Motivo; sin herencia de fila ni correspondencia léxica.
data/tablas/08/table-40-8-3-depredadores-holozoos-obazoa-holomycota-y-amoebozoa.csv,15,ecología documentada,8ac1eff3ac0adecd6886bedcf0ebbbf95207ffeec1287d6b2e17cdd05c3ddb23,marino anóxico,C-830,Afirmación+SPO+Motivo,REVISADA,Cotejo semántico explícito: C-830 cubre esta celda concreta mediante Afirmación+SPO+Motivo; sin herencia de fila ni correspondencia léxica.
data/tablas/08/table-40-8-3-depredadores-holozoos-obazoa-holomycota-y-amoebozoa.csv,15,alimentación,5f30c9bc54e2ac8da1df29d9b920c8665b463181742ca5843c1f4d676f363a59,metabolismo productor de H₂; asociación sintrófica,C-891; C-892,Afirmación+SPO+Motivo,REVISADA,Cotejo semántico explícito: C-891; C-892 cubre esta celda concreta mediante Afirmación+SPO+Motivo; sin herencia de fila ni correspondencia léxica.
data/tablas/08/table-40-8-3-depredadores-holozoos-obazoa-holomycota-y-amoebozoa.csv,15,hospedador o socio,35804523c988e643a76d638bd62a04f4d4868cba6f9dfbc45dad6f9fa5045c34,epibiontes *Arcobacter*,C-890,Afirmación+SPO+Motivo,REVISADA,Cotejo semántico explícito: C-890 cubre esta celda concreta mediante Afirmación+SPO+Motivo; sin herencia de fila ni correspondencia léxica.
data/tablas/08/table-40-8-3-depredadores-holozoos-obazoa-holomycota-y-amoebozoa.csv,15,aporte al corredor,cb295637a2d8f80987de7171770c6bbdb475f0d76741dae21502ef1b66f4b97f,análogo actual de sintrofía externa,C-893,Afirmación+SPO+Motivo,REVISADA,Cotejo semántico explícito: C-893 cubre esta celda concreta mediante Afirmación+SPO+Motivo; sin herencia de fila ni correspondencia léxica.
data/tablas/08/table-40-8-3-depredadores-holozoos-obazoa-holomycota-y-amoebozoa.csv,16,ecología documentada,d5b16f4e9f7e435eddbb2e8a48d4886ae8b8547dd353496802faf95c386bb942,hipoxia,C-894,Afirmación+SPO+Motivo,REVISADA,Cotejo semántico explícito: C-894 cubre esta celda concreta mediante Afirmación+SPO+Motivo; sin herencia de fila ni correspondencia léxica.
data/tablas/08/table-40-8-3-depredadores-holozoos-obazoa-holomycota-y-amoebozoa.csv,16,alimentación,0e2ceabe50711afc5e35b9e836d60a38e0293ff3f7c96ac4f138a8e042f69045,metabolismo de rodoquinona,C-894,Afirmación+SPO+Motivo,REVISADA,Cotejo semántico explícito: C-894 cubre esta celda concreta mediante Afirmación+SPO+Motivo; sin herencia de fila ni correspondencia léxica.
data/tablas/08/table-40-8-3-depredadores-holozoos-obazoa-holomycota-y-amoebozoa.csv,16,ciclo/forma,a60ad0246b70f36f2300505434a105f8d7082d99d31815f32583a5d89134ab13,orgánulo relacionado con mitocondria,C-894,Afirmación+SPO+Motivo,REVISADA,Cotejo semántico explícito: C-894 cubre esta celda concreta mediante Afirmación+SPO+Motivo; sin herencia de fila ni correspondencia léxica.
data/tablas/08/table-40-8-3-depredadores-holozoos-obazoa-holomycota-y-amoebozoa.csv,16,aporte al corredor,b87828a4ba82ffd296c412970b0e576afbe7506dc3606fe0455d1343b55826ef,adaptación anaerobia mediante HGT,C-895,Afirmación+SPO+Motivo,REVISADA,Cotejo semántico explícito: C-895 cubre esta celda concreta mediante Afirmación+SPO+Motivo; sin herencia de fila ni correspondencia léxica.
data/tablas/08/table-40-8-3-depredadores-holozoos-obazoa-holomycota-y-amoebozoa.csv,17,ecología documentada,82e7915208e278b0dd5c302733abfc8ee5733b60cbf7704d9c8e40ae5a7b003c,ecología cuantitativa no localizada en la fuente ultraestructural,C-946,Afirmación+SPO+Motivo,REVISADA,Cotejo semántico explícito: C-946 cubre esta celda concreta mediante Afirmación+SPO+Motivo; sin herencia de fila ni correspondencia léxica.
data/tablas/08/table-40-8-3-depredadores-holozoos-obazoa-holomycota-y-amoebozoa.csv,17,alimentación,4fceae7a7e591dc9423386e2bf509af82e35ac13225e7cbecbaa712b65e68a2e,presa y tasa no localizadas en la fuente ultraestructural,C-946,Afirmación+SPO+Motivo,REVISADA,Cotejo semántico explícito: C-946 cubre esta celda concreta mediante Afirmación+SPO+Motivo; sin herencia de fila ni correspondencia léxica.
data/tablas/08/table-40-8-3-depredadores-holozoos-obazoa-holomycota-y-amoebozoa.csv,17,ciclo/forma,28b6bea39446e4ae0780204d7e93031354c93e519d326c8e857a1f770c110a7e,arquitectura celular caracterizada por microscopía electrónica,C-946,Afirmación+SPO+Motivo,REVISADA,Cotejo semántico explícito: C-946 cubre esta celda concreta mediante Afirmación+SPO+Motivo; sin herencia de fila ni correspondencia léxica.
data/tablas/08/table-40-8-3-depredadores-holozoos-obazoa-holomycota-y-amoebozoa.csv,17,aporte al corredor,3414f2e9333b3f358812046efe443841a28f4d937e4509d635a5ed99b0850d53,arquitectura documentada sin extrapolar trofismo,C-946,Afirmación+SPO+Motivo,REVISADA,Cotejo semántico explícito: C-946 cubre esta celda concreta mediante Afirmación+SPO+Motivo; sin herencia de fila ni correspondencia léxica.
data/tablas/08/table-40-8-3-depredadores-holozoos-obazoa-holomycota-y-amoebozoa.csv,18,ecología documentada,9de5aeda14f2e24e9b0868257c7a4bf44d9635fba66f4764deb074ca4328496f,vida libre; anaerobio o posiblemente microaerófilo,C-947,Afirmación+SPO+Motivo,REVISADA,Cotejo semántico explícito: C-947 cubre esta celda concreta mediante Afirmación+SPO+Motivo; sin herencia de fila ni correspondencia léxica.
data/tablas/08/table-40-8-3-depredadores-holozoos-obazoa-holomycota-y-amoebozoa.csv,18,alimentación,3e2da25fda2bf4e7394b1d47498b679a5a6293902e0e400d5b2c61b71d42defa,alimentación no cuantificada en la fuente,C-947,Afirmación+SPO+Motivo,REVISADA,Cotejo semántico explícito: C-947 cubre esta celda concreta mediante Afirmación+SPO+Motivo; sin herencia de fila ni correspondencia léxica.
data/tablas/08/table-40-8-3-depredadores-holozoos-obazoa-holomycota-y-amoebozoa.csv,18,ciclo/forma,6e224c67beecc767848b1adf3fa4ea1fee2b7e82216c5e83198a7a52c115b855,célula ameboide flagelada con filopodios,C-947,Afirmación+SPO+Motivo,REVISADA,Cotejo semántico explícito: C-947 cubre esta celda concreta mediante Afirmación+SPO+Motivo; sin herencia de fila ni correspondencia léxica.
data/tablas/08/table-40-8-3-depredadores-holozoos-obazoa-holomycota-y-amoebozoa.csv,18,aporte al corredor,63c4186050bde4ad1edec3f75059a982caeafe88946f8bd77d0772f093414c98,ecología anaerobia de Breviatea,C-947,Afirmación+SPO+Motivo,REVISADA,Cotejo semántico explícito: C-947 cubre esta celda concreta mediante Afirmación+SPO+Motivo; sin herencia de fila ni correspondencia léxica.
data/tablas/08/table-40-8-3-depredadores-holozoos-obazoa-holomycota-y-amoebozoa.csv,19,ciclo/forma,5884f7e5439ba2f1a0f623715144e38f413a8baa5bd757294e115d3fede7524a,agregación y cuerpo fructífero,C-896,Afirmación+SPO+Motivo,REVISADA,Cotejo semántico explícito: C-896 cubre esta celda concreta mediante Afirmación+SPO+Motivo; sin herencia de fila ni correspondencia léxica.
data/tablas/08/table-40-8-3-depredadores-holozoos-obazoa-holomycota-y-amoebozoa.csv,19,aporte al corredor,9fb97e41d8adbc519ad700f61eae953f37c867007d861f34c9691bbc03ce8eb2,multicelularidad agregativa independiente,C-899,Afirmación+SPO+Motivo,REVISADA,Cotejo semántico explícito: C-899 cubre esta celda concreta mediante Afirmación+SPO+Motivo; sin herencia de fila ni correspondencia léxica.
data/tablas/08/table-40-8-3-depredadores-holozoos-obazoa-holomycota-y-amoebozoa.csv,20,alimentación,6721e6fcea1f664f32dfe6ba7e3c8ad69c920fd36f7b0029a5a2767b5504e16d,penetración de *Spirogyra* dañada e ingestión de *Phormidium*,C-948,Afirmación+SPO+Motivo,REVISADA,Cotejo semántico explícito: C-948 cubre esta celda concreta mediante Afirmación+SPO+Motivo; sin herencia de fila ni correspondencia léxica.
data/tablas/08/table-40-8-3-depredadores-holozoos-obazoa-holomycota-y-amoebozoa.csv,20,hospedador o socio,fe59e87a724fb18656a1e485e56108535a6a4d5f3d5cde52ed3c56ba9a55c2cd,presas algales y cianobacterianas,C-948,Afirmación+SPO+Motivo,REVISADA,Cotejo semántico explícito: C-948 cubre esta celda concreta mediante Afirmación+SPO+Motivo; sin herencia de fila ni correspondencia léxica.
data/tablas/08/table-40-8-3-depredadores-holozoos-obazoa-holomycota-y-amoebozoa.csv,20,aporte al corredor,71137831c0fc17df63e86b6d6589f36ad4734495a06e803369f6e81f8c3ff3cf,alimentación holomicota observada,C-948,Afirmación+SPO+Motivo,REVISADA,Cotejo semántico explícito: C-948 cubre esta celda concreta mediante Afirmación+SPO+Motivo; sin herencia de fila ni correspondencia léxica.
data/tablas/08/table-40-8-3-depredadores-holozoos-obazoa-holomycota-y-amoebozoa.csv,21,ecología documentada,e79e0b3aec780526c320246633b41b0d361c80ae18b01b2d8e3b8a6f40434d97,intracelular en *Allomyces*,C-900,Afirmación+SPO+Motivo,REVISADA,Cotejo semántico explícito: C-900 cubre esta celda concreta mediante Afirmación+SPO+Motivo; sin herencia de fila ni correspondencia léxica.
data/tablas/08/table-40-8-3-depredadores-holozoos-obazoa-holomycota-y-amoebozoa.csv,21,alimentación,b498a9bf1c883f1e6fb2a4d7f788401215bef3da14025a3bcead399018f8ae4f,parasitismo intracelular,C-900,Afirmación+SPO+Motivo,REVISADA,Cotejo semántico explícito: C-900 cubre esta celda concreta mediante Afirmación+SPO+Motivo; sin herencia de fila ni correspondencia léxica.
data/tablas/08/table-40-8-3-depredadores-holozoos-obazoa-holomycota-y-amoebozoa.csv,21,hospedador o socio,5366a47c4115b66360e2387a2ea0b5952e4058a7447756d1c392e62751e852ea,*Allomyces*,C-900,Afirmación+SPO+Motivo,REVISADA,Cotejo semántico explícito: C-900 cubre esta celda concreta mediante Afirmación+SPO+Motivo; sin herencia de fila ni correspondencia léxica.
data/tablas/08/table-40-8-3-depredadores-holozoos-obazoa-holomycota-y-amoebozoa.csv,21,ciclo/forma,d1f937e46c53e78697f7dd6c74f6372b096bb2711559a7da669e82a3d41ca790,relación huésped–parásito observada en el ciclo de infección,C-900,Afirmación+SPO+Motivo,REVISADA,Cotejo semántico explícito: C-900 cubre esta celda concreta mediante Afirmación+SPO+Motivo; sin herencia de fila ni correspondencia léxica.
data/tablas/08/table-40-8-3-depredadores-holozoos-obazoa-holomycota-y-amoebozoa.csv,21,aporte al corredor,2858d6c8a5ddc77f1717bf9818b88d3c7c86f3489dfc3adbaca5efff48bc1009,parasitismo intracelular de *Allomyces*,C-900,Afirmación+SPO+Motivo,REVISADA,Cotejo semántico explícito: C-900 cubre esta celda concreta mediante Afirmación+SPO+Motivo; sin herencia de fila ni correspondencia léxica.
data/tablas/08/table-40-8-3-depredadores-holozoos-obazoa-holomycota-y-amoebozoa.csv,22,ecología documentada,fd27629e0a6e4bf12b73e7c004c1ac7a697c677ba4e87ce50cd7752fef29b769,parásito de la diatomea *Asterionella formosa*,C-949,Afirmación+SPO+Motivo,REVISADA,Cotejo semántico explícito: C-949 cubre esta celda concreta mediante Afirmación+SPO+Motivo; sin herencia de fila ni correspondencia léxica.
data/tablas/08/table-40-8-3-depredadores-holozoos-obazoa-holomycota-y-amoebozoa.csv,22,alimentación,22b397a3a492850ee4696fe9aef2e378f1a52afacd29e06f31251fbd57cc3445,aprox. 15 % del carbono de *Asterionella* transformado en zoosporas,C-951,Afirmación+SPO+Motivo,REVISADA,Cotejo semántico explícito: C-951 cubre esta celda concreta mediante Afirmación+SPO+Motivo; sin herencia de fila ni correspondencia léxica.
data/tablas/08/table-40-8-3-depredadores-holozoos-obazoa-holomycota-y-amoebozoa.csv,22,hospedador o socio,422e66d407fc3c690d110e3ef0b2393d9e71851466f620633562f8ca67f1b338,diatomea *Asterionella formosa*,C-949,Afirmación+SPO+Motivo,REVISADA,Cotejo semántico explícito: C-949 cubre esta celda concreta mediante Afirmación+SPO+Motivo; sin herencia de fila ni correspondencia léxica.
data/tablas/08/table-40-8-3-depredadores-holozoos-obazoa-holomycota-y-amoebozoa.csv,22,ciclo/forma,97ececddb778b1a162e9dc5fd709323b444dc4911e30aa74b78675afb04000d7,zoosporas de 2–5 µm,C-950,Afirmación+SPO+Motivo,REVISADA,Cotejo semántico explícito: C-950 cubre esta celda concreta mediante Afirmación+SPO+Motivo; sin herencia de fila ni correspondencia léxica.
data/tablas/08/table-40-8-3-depredadores-holozoos-obazoa-holomycota-y-amoebozoa.csv,22,aporte al corredor,6489e565fd2abf441fc15a63ed9b646e529d3e63a2589a2fe01b30dd9e309233,desvío de aprox. 15 % del carbono de *Asterionella* hacia zoosporas,C-951,Afirmación+SPO+Motivo,REVISADA,Cotejo semántico explícito: C-951 cubre esta celda concreta mediante Afirmación+SPO+Motivo; sin herencia de fila ni correspondencia léxica.
data/tablas/08/table-40-8-3-depredadores-holozoos-obazoa-holomycota-y-amoebozoa.csv,23,ecología documentada,6c8aca90b57bd7fa66169b0ef1b5b571e5273c91a6457cc6bcd8232fbd220cf8,parásitos intracelulares obligados,C-984,Afirmación+SPO+Motivo,REVISADA,Cotejo semántico explícito: C-984 cubre esta celda concreta mediante Afirmación+SPO+Motivo; sin herencia de fila ni correspondencia léxica.
data/tablas/08/table-40-8-3-depredadores-holozoos-obazoa-holomycota-y-amoebozoa.csv,23,alimentación,58a456df85f85768a00033166180b3078b700ccd23dc0d47aeeca2672a297f55,parasitismo obligado,C-902; C-984,Afirmación+SPO+Motivo,REVISADA,Cotejo semántico explícito: C-902; C-984 cubre esta celda concreta mediante Afirmación+SPO+Motivo; sin herencia de fila ni correspondencia léxica.
data/tablas/08/table-40-8-3-depredadores-holozoos-obazoa-holomycota-y-amoebozoa.csv,23,hospedador o socio,411fbfe29667ffe380cf6adac7bc2488a434e54f1c6acfbe6da6a6a250f27d72,otros eucariotas,C-984,Afirmación+SPO+Motivo,REVISADA,Cotejo semántico explícito: C-984 cubre esta celda concreta mediante Afirmación+SPO+Motivo; sin herencia de fila ni correspondencia léxica.
data/tablas/08/table-40-8-3-depredadores-holozoos-obazoa-holomycota-y-amoebozoa.csv,23,aporte al corredor,dcabe7b1ce8131a2e13d37595420efdbb373408953c0fecdb37b38227eee6d86,especialización secundaria,C-902,Afirmación+SPO+Motivo,REVISADA,Cotejo semántico explícito: C-902 cubre esta celda concreta mediante Afirmación+SPO+Motivo; sin herencia de fila ni correspondencia léxica.
data/tablas/08/table-40-8-3-depredadores-holozoos-obazoa-holomycota-y-amoebozoa.csv,24,ciclo/forma,68849e6fe27240c520e855c9bc71c55cead533747e23aaf70518ab7f854b7c06,agregación de células previamente separadas,C-904,Afirmación+SPO+Motivo,REVISADA,Cotejo semántico explícito: C-904 cubre esta celda concreta mediante Afirmación+SPO+Motivo; sin herencia de fila ni correspondencia léxica.
data/tablas/08/table-40-8-3-depredadores-holozoos-obazoa-holomycota-y-amoebozoa.csv,24,aporte al corredor,a54fd0b601ba06e4167bf2819871976153a26820c7d43d413cfdf99bb40ca141,conflicto potencial y contribución desproporcionada a esporas en quimeras,C-903; C-904,Afirmación+SPO+Motivo,REVISADA,Cotejo semántico explícito: C-903; C-904 cubre esta celda concreta mediante Afirmación+SPO+Motivo; sin herencia de fila ni correspondencia léxica.
data/tablas/08/table-40-8-3-depredadores-holozoos-obazoa-holomycota-y-amoebozoa.csv,25,alimentación,773c6ac82b591b0bed6c1ba3740e165dbe80dcf83884c2f9d551d71cd7790313,ingestión preferente de células apoptóticas en el ensayo,C-952; C-953,Afirmación+SPO+Motivo,REVISADA,Cotejo semántico explícito: C-952; C-953 cubre esta celda concreta mediante Afirmación+SPO+Motivo; sin herencia de fila ni correspondencia léxica.
data/tablas/08/table-40-8-3-depredadores-holozoos-obazoa-holomycota-y-amoebozoa.csv,25,hospedador o socio,1056294da4adfa53a25e8e1d9fb3a821055a1f14feedbc75c0b04da81693b58e,células apoptóticas y sanas del ensayo,C-952; C-953,Afirmación+SPO+Motivo,REVISADA,Cotejo semántico explícito: C-952; C-953 cubre esta celda concreta mediante Afirmación+SPO+Motivo; sin herencia de fila ni correspondencia léxica.
data/tablas/08/table-40-8-3-depredadores-holozoos-obazoa-holomycota-y-amoebozoa.csv,25,aporte al corredor,1f9995fe02e3f627fde7650454fe19d33c5669eff4adcee38d2297f1bec0cbd2,fagocitosis celular cuantificada en ensayo,C-952; C-953,Afirmación+SPO+Motivo,REVISADA,Cotejo semántico explícito: C-952; C-953 cubre esta celda concreta mediante Afirmación+SPO+Motivo; sin herencia de fila ni correspondencia léxica.
data/tablas/08/table-40-8-3-depredadores-holozoos-obazoa-holomycota-y-amoebozoa.csv,26,ecología documentada,63dccc757a1bc22024584a7f18f8596f028d9dd8b15b9eede8ecc900d9df134a,ameba anaerobia o microaerobia,C-1014,Afirmación+SPO+Motivo,REVISADA,Cotejo semántico explícito: C-1014 cubre esta celda concreta mediante Afirmación+SPO+Motivo; sin herencia de fila ni correspondencia léxica.
data/tablas/08/table-40-8-3-depredadores-holozoos-obazoa-holomycota-y-amoebozoa.csv,26,alimentación,46fe587704f74c81b2e1ddb9c93ec26885a9e0786626f3b39edf77474ed63b55,metanogénesis hidrogenotrófica como consumo de H₂,C-1020,Afirmación+SPO+Motivo,REVISADA,Cotejo semántico explícito: C-1020 cubre esta celda concreta mediante Afirmación+SPO+Motivo; sin herencia de fila ni correspondencia léxica.
data/tablas/08/table-40-8-3-depredadores-holozoos-obazoa-holomycota-y-amoebozoa.csv,26,hospedador o socio,3d3c47c8660be6531dc6183412c5e48e0f11f46e27b8621a35f805dfbf5fc093,"procariotas intracelulares, incluidos metanógenos según muestra",C-1014; C-1020; C-954,Afirmación+SPO+Motivo,REVISADA,Cotejo semántico explícito: C-1014; C-1020; C-954 cubre esta celda concreta mediante Afirmación+SPO+Motivo; sin herencia de fila ni correspondencia léxica.
data/tablas/08/table-40-8-3-depredadores-holozoos-obazoa-holomycota-y-amoebozoa.csv,26,ciclo/forma,3f39bd945b5fe8b9addd64c03a11e58c809995db2b15548467c707fe3218dab6,ameba con consorcio endosimbiótico,C-1014,Afirmación+SPO+Motivo,REVISADA,Cotejo semántico explícito: C-1014 cubre esta celda concreta mediante Afirmación+SPO+Motivo; sin herencia de fila ni correspondencia léxica.
data/tablas/08/table-40-8-3-depredadores-holozoos-obazoa-holomycota-y-amoebozoa.csv,26,aporte al corredor,29ef2af3fdda44bc5c7cc035f53c7406d7511c33dc3be3edaec9c1c517d02436,endosimbiosis metabólica con identidad discutida,C-1020; C-1021; C-954,Afirmación+SPO+Motivo,REVISADA,Cotejo semántico explícito: C-1020; C-1021; C-954 cubre esta celda concreta mediante Afirmación+SPO+Motivo; sin herencia de fila ni correspondencia léxica.
data/tablas/08/table-40-8-3-depredadores-holozoos-obazoa-holomycota-y-amoebozoa.csv,27,ecología documentada,bf48aa67952e54fb68e255aeb0cacd9b6d04eceec74a67654fc901a7ecadfadb,sedimentos dulceacuícolas anaerobios ricos en materia orgánica,C-955,Afirmación+SPO+Motivo,REVISADA,Cotejo semántico explícito: C-955 cubre esta celda concreta mediante Afirmación+SPO+Motivo; sin herencia de fila ni correspondencia léxica.
data/tablas/08/table-40-8-3-depredadores-holozoos-obazoa-holomycota-y-amoebozoa.csv,27,ciclo/forma,ed9da546f70434f9d8e1d673968d1d4adc5bc707e1b3485c0961580fa14a01d1,ameba de vida libre,C-955,Afirmación+SPO+Motivo,REVISADA,Cotejo semántico explícito: C-955 cubre esta celda concreta mediante Afirmación+SPO+Motivo; sin herencia de fila ni correspondencia léxica.
data/tablas/08/table-40-8-3-depredadores-holozoos-obazoa-holomycota-y-amoebozoa.csv,27,aporte al corredor,657a2c7d9c5786988000c48e00f462a4dc3b64aa75610b978ee0f112232ea84e,separa anaerobiosis de parasitismo,C-955,Afirmación+SPO+Motivo,REVISADA,Cotejo semántico explícito: C-955 cubre esta celda concreta mediante Afirmación+SPO+Motivo; sin herencia de fila ni correspondencia léxica.
data/tablas/08/table-40b-8-5-virus-gigantes.csv,2,hospedador o sistema,08c7c5cf9b85e530f1ac52ea76bd0f2fd60a2943d68871de6dc06a5fa4e9fe06,*Acanthamoeba*,C-959,Afirmación+Sujeto,REVISADA,Adjudicación explícita conservadora tras cotejo del valor con Afirmación+Sujeto; no se heredaron todas las C de la fila.
data/tablas/08/table-40b-8-5-virus-gigantes.csv,2,tamaño de partícula publicado,faaff69e1f72fc531b9e65d618a57ec34db1c2e481efecd4039533445c18534b,aprox. 400 nm,C-961,Afirmación+SPO+Motivo,REVISADA,Revisión semántica explícita: la celda conserva solo contenido equivalente a las C indicadas; no se usó semejanza léxica como prueba.
data/tablas/08/table-40b-8-5-virus-gigantes.csv,2,tamaño de genoma publicado,72931e23013f75a49c07e0fbdbff170e8994ade4eb8f50079926718b8928c72c,1.181.404 bp,C-959,Afirmación+Objeto,REVISADA,Adjudicación explícita conservadora tras cotejo del valor con Afirmación+Objeto; no se heredaron todas las C de la fila.
data/tablas/08/table-40b-8-5-virus-gigantes.csv,2,anotación publicada,e2ad1d2f1a1681a9a06365dd23c6d63c12c6b75b5961f12087b38c5f98993db5,1.262 ORF putativos,C-960,Afirmación+Objeto,REVISADA,Adjudicación explícita conservadora tras cotejo del valor con Afirmación+Objeto; no se heredaron todas las C de la fila.
data/tablas/08/table-40b-8-5-virus-gigantes.csv,2,límite,d23468a638f945d79287d878e702cf4a0f2b03b8c44964091d93af73db881178,aislamiento y versión de anotación publicados,C-959; C-960,Motivo,REVISADA,Adjudicación explícita conservadora tras cotejo del valor con Motivo; no se heredaron todas las C de la fila.
data/tablas/08/table-40b-8-5-virus-gigantes.csv,3,tamaño de partícula publicado,b7677ae1e969effb4b1c5119f475c95ac0598903f7ffe5d0a8401eacbbcc80f1,partícula ovoide; valor lineal no consolidado aquí,C-962,Afirmación+SPO+Motivo,REVISADA,Revisión semántica explícita: la celda conserva solo contenido equivalente a las C indicadas; no se usó semejanza léxica como prueba.
data/tablas/08/table-40b-8-5-virus-gigantes.csv,3,tamaño de genoma publicado,23ba473ed384af7f026d558dfd760d9af9b19c3c4373f87bd44410a4d4858ced,"hasta 2,5 Mb",C-962,Afirmación+Objeto,REVISADA,Adjudicación explícita conservadora tras cotejo del valor con Afirmación+Objeto; no se heredaron todas las C de la fila.
data/tablas/08/table-40b-8-5-virus-gigantes.csv,3,límite,2704ab3392f3ba294ac32a2da70d7478864589da6b4b55d34b89ea8e58c0b98e,"máximo de las especies publicadas, no del clado completo",C-962,Afirmación+SPO+Motivo,REVISADA,Revisión semántica explícita: la celda conserva solo contenido equivalente a las C indicadas; no se usó semejanza léxica como prueba.
data/tablas/08/table-40b-8-5-virus-gigantes.csv,4,tamaño de partícula publicado,167950f98cf42bef5f82ca4b6bc4fe02d79abd1d83133e311d7e49e19355944d,cápside icosaédrica aprox. 260 nm,C-965,Afirmación,REVISADA,Adjudicación explícita conservadora tras cotejo del valor con Afirmación; no se heredaron todas las C de la fila.
data/tablas/08/table-40b-8-5-virus-gigantes.csv,4,tamaño de genoma publicado,f598917c6099e5ab5946e6fb5be5ca8260099d009b00f1a329feb99ec6e205f5,381 kb,C-963,Afirmación+Objeto,REVISADA,Adjudicación explícita conservadora tras cotejo del valor con Afirmación+Objeto; no se heredaron todas las C de la fila.
data/tablas/08/table-40b-8-5-virus-gigantes.csv,4,anotación publicada,cb0c80aeafe31d2652bf124bca78f4bd307e98811ad5fb2e8dc9ee7e78452a97,461 proteínas putativas,C-964,Afirmación+Objeto,REVISADA,Adjudicación explícita conservadora tras cotejo del valor con Afirmación+Objeto; no se heredaron todas las C de la fila.
data/tablas/08/table-40b-8-5-virus-gigantes.csv,4,límite,db716dd4bcf3659098f22b89e16f72ffd4d2f16a8c7e70fecd06999d6abb36a7,aislamiento y anotación publicados,C-963; C-964,Motivo+Afirmación+Sujeto,REVISADA,Adjudicación explícita conservadora tras cotejo del valor con Motivo+Afirmación+Sujeto; no se heredaron todas las C de la fila.
data/tablas/08/table-40b-8-5-virus-gigantes.csv,5,tamaño de partícula publicado,0c8a7554c0c0955a9220d74109305cdfff3ff39c0e561a89d27f3cbca1dbca83,"partícula ovoide aprox. 1,5 µm",C-966,Afirmación+SPO+Motivo,REVISADA,Revisión semántica explícita: la celda conserva solo contenido equivalente a las C indicadas; no se usó semejanza léxica como prueba.
data/tablas/08/table-40b-8-5-virus-gigantes.csv,5,tamaño de genoma publicado,bf4f41e3e2d34c61bed1a1bfd9827d0477961cabd54b2e355eb3426ddfbfb77f,aprox. 610 kbp,C-967,Afirmación+SPO+Motivo,REVISADA,Revisión semántica explícita: la celda conserva solo contenido equivalente a las C indicadas; no se usó semejanza léxica como prueba.
data/tablas/08/table-40b-8-5-virus-gigantes.csv,5,límite,d0dc1b9530d6dd90e054ef5f8c7f1b6f30d0db8430064b663f229685728bf6e2,"30.000 años data el sedimento, no el linaje",C-919,Afirmación,REVISADA,Adjudicación explícita conservadora tras cotejo del valor con Afirmación; no se heredaron todas las C de la fila.
data/tablas/09/table-42-9-1-1-tipologia-cerrada.csv,2,desenlace,d36e6583342adb7b410d2ff8562ac493947d0eca967f40b625364058efc511b8,contacto sin consecuencia para un extremo medido,C-981; C-982,Afirmación+SPO+Motivo,REVISADA,Cotejo semántico explícito: C-981; C-982 cubre esta celda concreta mediante Afirmación+SPO+Motivo; sin herencia de fila ni correspondencia léxica.
data/tablas/09/table-42-9-1-1-tipologia-cerrada.csv,2,caso documentado,0f5405bd720517b13f96477601c6c5516b05253a59291aa6d168025864f7b56b,cepas no pertenecientes a Bacteroidetes no indujeron rosetas en el panel de Alegado et al.,C-982,Afirmación+SPO+Motivo,REVISADA,Cotejo semántico explícito: C-982 cubre esta celda concreta mediante Afirmación+SPO+Motivo; sin herencia de fila ni correspondencia léxica.
data/tablas/09/table-42-9-1-1-tipologia-cerrada.csv,2,qué mantiene o limita el estado,3112e39ce2dceb37af2f58439d935fb293552046de567be8fe790a59817bfab0,"El nulo se limita a inducción de rosetas; no demuestra ausencia de consumo, señalización u otros efectos.",C-981; C-982,Afirmación+SPO+Motivo,REVISADA,Cotejo semántico explícito: C-981; C-982 cubre esta celda concreta mediante Afirmación+SPO+Motivo; sin herencia de fila ni correspondencia léxica.
data/tablas/09/table-42-9-1-1-tipologia-cerrada.csv,3,desenlace,b081363639f8273a9947dc707e48b83a3518ea7274963b78bb18607216064bbb,depredación o consumo,C-983,Afirmación+SPO+Motivo,REVISADA,Cotejo semántico explícito: C-983 cubre esta celda concreta mediante Afirmación+SPO+Motivo; sin herencia de fila ni correspondencia léxica.
data/tablas/09/table-42-9-1-1-tipologia-cerrada.csv,3,caso documentado,c55130d14266920412e1d812e07c97613773ea609bccadab682d3e63f6d408bc,*Lenisia limosa* consume *Alteromonas*,C-983,Afirmación+SPO+Motivo,REVISADA,Cotejo semántico explícito: C-983 cubre esta celda concreta mediante Afirmación+SPO+Motivo; sin herencia de fila ni correspondencia léxica.
data/tablas/09/table-42-9-1-1-tipologia-cerrada.csv,3,qué mantiene o limita el estado,dc4b149e794ff61397e5a999f7713c6d59c363bb18e1cbcd978ea17de4f90b61,Captura y fagocitosis observadas.,C-983,Afirmación+SPO+Motivo,REVISADA,Cotejo semántico explícito: C-983 cubre esta celda concreta mediante Afirmación+SPO+Motivo; sin herencia de fila ni correspondencia léxica.
data/tablas/09/table-42-9-1-1-tipologia-cerrada.csv,4,desenlace,9860805b3308be08447d5df803a91549490c0507c96cf98c8d3c2c1c2611eeac,parasitismo,C-984,Afirmación+SPO+Motivo,REVISADA,Cotejo semántico explícito: C-984 cubre esta celda concreta mediante Afirmación+SPO+Motivo; sin herencia de fila ni correspondencia léxica.
data/tablas/09/table-42-9-1-1-tipologia-cerrada.csv,4,caso documentado,701814c5e7a8d7805108aff2d499117bc92fbd44da74fda917affc01897d4e1d,Microsporidia en hospedadores eucariotas,C-984,Afirmación+SPO+Motivo,REVISADA,Cotejo semántico explícito: C-984 cubre esta celda concreta mediante Afirmación+SPO+Motivo; sin herencia de fila ni correspondencia léxica.
data/tablas/09/table-42-9-1-1-tipologia-cerrada.csv,4,qué mantiene o limita el estado,83bdb6c84e61a554e9c29d8ef4b32d0723903f7c307d7970dc7ba2c03e6bbf49,Dependencia intracelular del parásito y explotación del hospedador.,C-984,Afirmación+SPO+Motivo,REVISADA,Cotejo semántico explícito: C-984 cubre esta celda concreta mediante Afirmación+SPO+Motivo; sin herencia de fila ni correspondencia léxica.
data/tablas/09/table-42-9-1-1-tipologia-cerrada.csv,5,desenlace,39fb6d3d1cc7649c4142e2c9f4c71e36c9f19a37a2fc08c6fb92b07f729b4f5a,asociación temporal con readquisición ambiental,C-985,Afirmación+SPO+Motivo,REVISADA,Cotejo semántico explícito: C-985 cubre esta celda concreta mediante Afirmación+SPO+Motivo; sin herencia de fila ni correspondencia léxica.
data/tablas/09/table-42-9-1-1-tipologia-cerrada.csv,5,caso documentado,f2e22e925f9fff8b88e4f95c87e12dffb9c2a693d0101c989ef3bdbfbe14ab14,*Hatena arenicola*–*Nephroselmis*,C-985,Afirmación+SPO+Motivo,REVISADA,Cotejo semántico explícito: C-985 cubre esta celda concreta mediante Afirmación+SPO+Motivo; sin herencia de fila ni correspondencia léxica.
data/tablas/09/table-42-9-1-1-tipologia-cerrada.csv,5,qué mantiene o limita el estado,fbc48f7a2c80ffadaece8e974c2f7fe8ebd43d267fed1ac5d564c52e3352f0c6,Readquisición ambiental después de reparto asimétrico.,C-1064; C-1065; C-1066,Afirmación+SPO+Motivo,REVISADA,Cotejo semántico explícito: C-1064; C-1065; C-1066 cubre esta celda concreta mediante Afirmación+SPO+Motivo; sin herencia de fila ni correspondencia léxica.
data/tablas/09/table-42-9-1-1-tipologia-cerrada.csv,5,transmisión o heredabilidad,9b56155541350ae6b3eae29c86d1879b6a041aa36dcbdadc8d36c440cd0edd36,vertical incompleta y horizontal,C-1066,Afirmación+SPO+Motivo,REVISADA,Cotejo semántico explícito: C-1066 cubre esta celda concreta mediante Afirmación+SPO+Motivo; sin herencia de fila ni correspondencia léxica.
data/tablas/09/table-42-9-1-1-tipologia-cerrada.csv,6,desenlace,07c7d174b5cd7951dd2497b546a1cb19acaf12bcff4854322039420530c0dc58,asociación estable sin herencia vertical demostrada,C-986,Afirmación+SPO+Motivo,REVISADA,Cotejo semántico explícito: C-986 cubre esta celda concreta mediante Afirmación+SPO+Motivo; sin herencia de fila ni correspondencia léxica.
data/tablas/09/table-42-9-1-1-tipologia-cerrada.csv,6,caso documentado,d2e04d42036f7a1816ae8a78779c33c2e032c9242b159e98a88778a83928b25d,*Lenisia limosa*–*Arcobacter*,C-986; C-993,Afirmación+SPO+Motivo,REVISADA,Cotejo semántico explícito: C-986; C-993 cubre esta celda concreta mediante Afirmación+SPO+Motivo; sin herencia de fila ni correspondencia léxica.
data/tablas/09/table-42-9-1-1-tipologia-cerrada.csv,6,qué mantiene o limita el estado,04b265dcb268d848bf87ef83c05bfee1046f0710669ae0c293495da8ffc7416e,Eliminación de equivalentes reductores y mejora metabólica; herencia no demostrada.,C-986; C-995; C-997; C-1005,Afirmación+SPO+Motivo,REVISADA,Cotejo semántico explícito: C-986; C-995; C-997; C-1005 cubre esta celda concreta mediante Afirmación+SPO+Motivo; sin herencia de fila ni correspondencia léxica.
data/tablas/09/table-42-9-1-1-tipologia-cerrada.csv,6,transmisión o heredabilidad,29b6eee0ffa0fa04b3386b0a207bc751a04196b3f4e2d2da4dfc865e3dea206e,no demostrada,C-986,Afirmación+SPO+Motivo,REVISADA,Cotejo semántico explícito: C-986 cubre esta celda concreta mediante Afirmación+SPO+Motivo; sin herencia de fila ni correspondencia léxica.
data/tablas/09/table-42-9-1-1-tipologia-cerrada.csv,7,desenlace,7d76365b3ddef8899f5b6106b408a86daf211621e3ee7474a0442b3808a0c0f5,endosimbiosis con transmisión vertical,C-987,Afirmación+SPO+Motivo,REVISADA,Cotejo semántico explícito: C-987 cubre esta celda concreta mediante Afirmación+SPO+Motivo; sin herencia de fila ni correspondencia léxica.
data/tablas/09/table-42-9-1-1-tipologia-cerrada.csv,7,caso documentado,4a11c59169192e76af5859c3d38c8184b1d838ea8e82b0aead70b2d7a05aa2a0,metanógenos de ciliados anaerobios,C-987,Afirmación+SPO+Motivo,REVISADA,Cotejo semántico explícito: C-987 cubre esta celda concreta mediante Afirmación+SPO+Motivo; sin herencia de fila ni correspondencia léxica.
data/tablas/09/table-42-9-1-1-tipologia-cerrada.csv,7,qué mantiene o limita el estado,a4839112a20498461c967b514e6894d1a89cac2c44b8527c72d8999a8556094a,Persistencia durante división y quistes en los taxones estudiados.,C-987; C-1025,Afirmación+SPO+Motivo,REVISADA,Cotejo semántico explícito: C-987; C-1025 cubre esta celda concreta mediante Afirmación+SPO+Motivo; sin herencia de fila ni correspondencia léxica.
data/tablas/09/table-42-9-1-1-tipologia-cerrada.csv,7,transmisión o heredabilidad,112934b119d3857d526465a8c5a898883d8c537729dd32dacbc3627d1f89017d,"vertical y, a escala amplia, mixta",C-1025; C-1026; C-1027,Afirmación+SPO+Motivo,REVISADA,Cotejo semántico explícito: C-1025; C-1026; C-1027 cubre esta celda concreta mediante Afirmación+SPO+Motivo; sin herencia de fila ni correspondencia léxica.
data/tablas/09/table-42-9-1-1-tipologia-cerrada.csv,8,desenlace,34afa720387b233c2832cbac6136109f3af9d2c2bbde43f75d4d4b484860d04b,dependencia mutua obligada,C-988,Afirmación+SPO+Motivo,REVISADA,Cotejo semántico explícito: C-988 cubre esta celda concreta mediante Afirmación+SPO+Motivo; sin herencia de fila ni correspondencia léxica.
data/tablas/09/table-42-9-1-1-tipologia-cerrada.csv,8,caso documentado,e501c9802d5066929fcde790549ed4c15422780aa63a8e0d5a46e1c823e5ffde,áfidos–*Buchnera aphidicola*,C-988,Afirmación+SPO+Motivo,REVISADA,Cotejo semántico explícito: C-988 cubre esta celda concreta mediante Afirmación+SPO+Motivo; sin herencia de fila ni correspondencia léxica.
data/tablas/09/table-42-9-1-1-tipologia-cerrada.csv,8,qué mantiene o limita el estado,cec6eac5348101da01e4946e6a4c62301547a7734c7881b28edb99d3cc2e8d40,"Nutrición complementaria, transmisión materna y pérdida de autonomía.",C-988; C-1097; C-1098,Afirmación+SPO+Motivo,REVISADA,Cotejo semántico explícito: C-988; C-1097; C-1098 cubre esta celda concreta mediante Afirmación+SPO+Motivo; sin herencia de fila ni correspondencia léxica.
data/tablas/09/table-42-9-1-1-tipologia-cerrada.csv,8,transmisión o heredabilidad,24f49f5351f765fbfa1c9ab80fbc3b2e8598f139e5d1628886b4ed5e22b3f5af,vertical materna,C-1098,Afirmación+SPO+Motivo,REVISADA,Cotejo semántico explícito: C-1098 cubre esta celda concreta mediante Afirmación+SPO+Motivo; sin herencia de fila ni correspondencia léxica.
data/tablas/09/table-42-9-1-1-tipologia-cerrada.csv,9,desenlace,6989b275892f42e90a87179dfe6fe09a86230ce741494b101a738d22f830acf0,integración con transferencia al hospedador,C-989,Afirmación+SPO+Motivo,REVISADA,Cotejo semántico explícito: C-989 cubre esta celda concreta mediante Afirmación+SPO+Motivo; sin herencia de fila ni correspondencia léxica.
data/tablas/09/table-42-9-1-1-tipologia-cerrada.csv,9,caso documentado,7cf02b6875a715a2fb1254a968031a3cdc54e9bb79b6f57b13d87f26b1b99c17,*Paulinella chromatophora*–cromatóforo,C-989,Afirmación+SPO+Motivo,REVISADA,Cotejo semántico explícito: C-989 cubre esta celda concreta mediante Afirmación+SPO+Motivo; sin herencia de fila ni correspondencia léxica.
data/tablas/09/table-42-9-1-1-tipologia-cerrada.csv,9,qué mantiene o limita el estado,31ea9a306d2e6cba5c0c53750390d13fac64cf9613f436d36e5eb5b9abb7e7b8,"EGT, compensación por HGT e importación de proteínas.",C-989; C-1051; C-1052,Afirmación+SPO+Motivo,REVISADA,Cotejo semántico explícito: C-989; C-1051; C-1052 cubre esta celda concreta mediante Afirmación+SPO+Motivo; sin herencia de fila ni correspondencia léxica.
data/tablas/09/table-42-9-1-1-tipologia-cerrada.csv,9,transmisión o heredabilidad,f984c34a6d8cfe3b1a3e53be78632c87cb20b9ea12739d12835ace9a01de28bf,vertical en el linaje fotosintético,C-1053,Afirmación+SPO+Motivo,REVISADA,Cotejo semántico explícito: C-1053 cubre esta celda concreta mediante Afirmación+SPO+Motivo; sin herencia de fila ni correspondencia léxica.
data/tablas/09/table-42-9-1-1-tipologia-cerrada.csv,10,desenlace,bd69f7cd25d47c66857bb81d3a68ff1b75e3bc2973c4d5c8ffbe8c43b1ef91aa,reducción extrema u orgánulo derivado,C-990; C-1059,Afirmación+SPO+Motivo,REVISADA,Cotejo semántico explícito: C-990; C-1059 cubre esta celda concreta mediante Afirmación+SPO+Motivo; sin herencia de fila ni correspondencia léxica.
data/tablas/09/table-42-9-1-1-tipologia-cerrada.csv,10,caso documentado,1cd7dd1271ff98e46f4d71e829fb393cfec27e6a1d8174897c85dc5f1b941f9d,nucleomorfos; nitroplasto UCYN-A,C-990; C-1059,Afirmación+SPO+Motivo,REVISADA,Cotejo semántico explícito: C-990; C-1059 cubre esta celda concreta mediante Afirmación+SPO+Motivo; sin herencia de fila ni correspondencia léxica.
data/tablas/09/table-42-9-1-1-tipologia-cerrada.csv,10,qué mantiene o limita el estado,a2d74c22e42960c20381e982cba65b70bf9221568b21b2bb2799ea6ed0350e6e,"Control del hospedador, genomas reducidos o importación proteica.",C-990; C-1058; C-1059,Afirmación+SPO+Motivo,REVISADA,Cotejo semántico explícito: C-990; C-1058; C-1059 cubre esta celda concreta mediante Afirmación+SPO+Motivo; sin herencia de fila ni correspondencia léxica.
data/tablas/09/table-42-9-1-1-tipologia-cerrada.csv,10,transmisión o heredabilidad,430e21ca43ccfd845d580f08669baa9c6188970929def2564b5f4de852aac409,división coordinada de UCYN-A con el ciclo celular del hospedador,C-1057,Afirmación+SPO+Motivo,REVISADA,Cotejo semántico explícito: C-1057 cubre esta celda concreta mediante Afirmación+SPO+Motivo; sin herencia de fila ni correspondencia léxica.
data/tablas/09/table-42-9-1-1-tipologia-cerrada.csv,11,desenlace,544e41d0b01c698fd4d54df11850369ee2309de1e7d17dc8acb5eba2e31b941b,degradación o pérdida,C-991,Afirmación+SPO+Motivo,REVISADA,Cotejo semántico explícito: C-991 cubre esta celda concreta mediante Afirmación+SPO+Motivo; sin herencia de fila ni correspondencia léxica.
data/tablas/09/table-42-9-1-1-tipologia-cerrada.csv,11,caso documentado,e66323c6525ed2c2f06a193f01ef4c08c2b16e317aad4491ae5b53a403724a4d,*Monocercomonoides exilis*,C-991,Afirmación+SPO+Motivo,REVISADA,Cotejo semántico explícito: C-991 cubre esta celda concreta mediante Afirmación+SPO+Motivo; sin herencia de fila ni correspondencia léxica.
data/tablas/09/table-42-9-1-1-tipologia-cerrada.csv,11,qué mantiene o limita el estado,e256a48f10ab1ab85e31bf8350415fbe480de2ddbb8c6aceaa4fff9cc98467b0,Sustitución de ISC por SUF y pérdida total del MRO detectable.,C-1146; C-1147; C-1149,Afirmación+SPO+Motivo,REVISADA,Cotejo semántico explícito: C-1146; C-1147; C-1149 cubre esta celda concreta mediante Afirmación+SPO+Motivo; sin herencia de fila ni correspondencia léxica.
data/tablas/09/table-42-9-1-1-tipologia-cerrada.csv,11,transmisión o heredabilidad,54032cdbf940c1893feb36d4e3e528a9685a19ddb2416dc240189df7c2c60b43,pérdida documentada en *Monocercomonoides exilis*,C-991,Afirmación+SPO+Motivo,REVISADA,Cotejo semántico explícito: C-991 cubre esta celda concreta mediante Afirmación+SPO+Motivo; sin herencia de fila ni correspondencia léxica.
data/tablas/09/table-42-9-1-1-tipologia-cerrada.csv,12,desenlace,5acfff1829bf48251feb673bcfbb4d17fdea945ce1485022a1278b1ac65d0859,ruptura con recuperación de vida libre,C-992,Afirmación+SPO+Motivo,REVISADA,Cotejo semántico explícito: C-992 cubre esta celda concreta mediante Afirmación+SPO+Motivo; sin herencia de fila ni correspondencia léxica.
data/tablas/09/table-42-9-1-1-tipologia-cerrada.csv,12,caso documentado,c8bf1b34bca7260f2b29e9c409f9853abd7e756735c6edb64613a24d453cf0f5,NO LOCALIZADO EN ESTA SESIÓN,C-992,Afirmación+SPO+Motivo,REVISADA,Cotejo semántico explícito: C-992 cubre esta celda concreta mediante Afirmación+SPO+Motivo; sin herencia de fila ni correspondencia léxica.
data/tablas/09/table-42-9-1-1-tipologia-cerrada.csv,12,qué mantiene o limita el estado,6b8ac9cc84d7a0bf2fc9bbb547d1716b50137e7093b7e67f9cd63186f2be91de,"Se documentaron reemplazo o pérdida, no recuperación autónoma del mismo simbionte reducido.",C-992; C-1203,Afirmación+SPO+Motivo,REVISADA,Cotejo semántico explícito: C-992; C-1203 cubre esta celda concreta mediante Afirmación+SPO+Motivo; sin herencia de fila ni correspondencia léxica.
data/tablas/09/table-43-9-4-1-fichas-comparativas-por-grado-de-integracion.csv,2,hospedador,e6e79f3521396a5b9d534481086d42d8e867656aef3e5a1b63cdef04bc1c3d62,*Lenisia limosa*,C-993,Afirmación+SPO+Motivo,REVISADA,Cotejo semántico explícito: C-993 cubre esta celda concreta mediante Afirmación+SPO+Motivo; sin herencia de fila ni correspondencia léxica.
data/tablas/09/table-43-9-4-1-fichas-comparativas-por-grado-de-integracion.csv,2,socio,262e3c9363389cf42f161e312a422e014fececd489f734a5e06ca18634539423,*Arcobacter* epibionte,C-993,Afirmación+SPO+Motivo,REVISADA,Cotejo semántico explícito: C-993 cubre esta celda concreta mediante Afirmación+SPO+Motivo; sin herencia de fila ni correspondencia léxica.
data/tablas/09/table-43-9-4-1-fichas-comparativas-por-grado-de-integracion.csv,2,qué aporta,62044161f55c295fec5cf2d5cff827d70fa2fbf93d97a9b80ac329dd737502bb,Consumo de H₂/equivalentes reductores; N₂O como aceptor.,C-995; C-998; C-1005,Afirmación+SPO+Motivo,REVISADA,Cotejo semántico explícito: C-995; C-998; C-1005 cubre esta celda concreta mediante Afirmación+SPO+Motivo; sin herencia de fila ni correspondencia léxica.
data/tablas/09/table-43-9-4-1-fichas-comparativas-por-grado-de-integracion.csv,2,transmisión,8cb11e026918b96745a6e2f958f2f57cf5fe62dc7703142df1966fe3f0ad85b2,No hay transmisión vertical demostrada,C-986,Afirmación+SPO+Motivo,REVISADA,Cotejo semántico explícito: C-986 cubre esta celda concreta mediante Afirmación+SPO+Motivo; sin herencia de fila ni correspondencia léxica.
data/tablas/09/table-43-9-4-1-fichas-comparativas-por-grado-de-integracion.csv,2,estado,b11037798361b142b4a6c9c5f44225f8542343acd3492561bea16dd9da4589dc,sintrofía externa funcional,C-1005,Afirmación+SPO+Motivo,REVISADA,Cotejo semántico explícito: C-1005 cubre esta celda concreta mediante Afirmación+SPO+Motivo; sin herencia de fila ni correspondencia léxica.
data/tablas/09/table-43-9-4-1-fichas-comparativas-por-grado-de-integracion.csv,3,hospedador,c4dcc4c8d964e3ea6e380302b71a65cd6abb6bd5f1f7b02262497ead8fe29c30,arquea ANME,C-1007,Afirmación+SPO+Motivo,REVISADA,Cotejo semántico explícito: C-1007 cubre esta celda concreta mediante Afirmación+SPO+Motivo; sin herencia de fila ni correspondencia léxica.
data/tablas/09/table-43-9-4-1-fichas-comparativas-por-grado-de-integracion.csv,3,socio,de385701ffe0e31a251c716b3b7cc9891d6e71b5572fd0b139515e2741883284,bacteria reductora de sulfato,C-1007,Afirmación+SPO+Motivo,REVISADA,Cotejo semántico explícito: C-1007 cubre esta celda concreta mediante Afirmación+SPO+Motivo; sin herencia de fila ni correspondencia léxica.
data/tablas/09/table-43-9-4-1-fichas-comparativas-por-grado-de-integracion.csv,3,qué aporta,80c2c99a9091c6176cf86d5b42c36edfb5bcc1045b73208be52b665d3c7817d8,Transferencia de electrones; acoplamiento de oxidación de metano y reducción de sulfato.,C-1010; C-1011; C-1013,Afirmación+SPO+Motivo,REVISADA,Cotejo semántico explícito: C-1010; C-1011; C-1013 cubre esta celda concreta mediante Afirmación+SPO+Motivo; sin herencia de fila ni correspondencia léxica.
data/tablas/09/table-43-9-4-1-fichas-comparativas-por-grado-de-integracion.csv,3,transmisión,0f1dd82483e5540ec9ff3b30d9972077cd4ed6c2eb026946751438313ab54934,No hereditaria conjunta,C-1013,Afirmación+SPO+Motivo,REVISADA,Cotejo semántico explícito: C-1013 cubre esta celda concreta mediante Afirmación+SPO+Motivo; sin herencia de fila ni correspondencia léxica.
data/tablas/09/table-43-9-4-1-fichas-comparativas-por-grado-de-integracion.csv,3,estado,f301fe47391b6f7a5d987c38bde7e5783fdc0f8bebd2388345a5dfc393ce4f94,consorcio extracelular,C-1013,Afirmación+SPO+Motivo,REVISADA,Cotejo semántico explícito: C-1013 cubre esta celda concreta mediante Afirmación+SPO+Motivo; sin herencia de fila ni correspondencia léxica.
data/tablas/09/table-43-9-4-1-fichas-comparativas-por-grado-de-integracion.csv,4,hospedador,b882149297419ca4f76b734b097f7e2ca07c46193051c372159fe7db21ce8e04,*Pelomyxa*,C-1014,Afirmación+SPO+Motivo,REVISADA,Cotejo semántico explícito: C-1014 cubre esta celda concreta mediante Afirmación+SPO+Motivo; sin herencia de fila ni correspondencia léxica.
data/tablas/09/table-43-9-4-1-fichas-comparativas-por-grado-de-integracion.csv,4,socio,8a2eeedb1f420e8867f7bfdeab9a6f2674ed5fd919fa1c4e6d0d417ae2eb1e65,arqueas metanógenas y otros procariotas,C-1014; C-1020,Afirmación+SPO+Motivo,REVISADA,Cotejo semántico explícito: C-1014; C-1020 cubre esta celda concreta mediante Afirmación+SPO+Motivo; sin herencia de fila ni correspondencia léxica.
data/tablas/09/table-43-9-4-1-fichas-comparativas-por-grado-de-integracion.csv,4,qué aporta,a2cb235592b1e27bc4566d0d815cc3ea87b62775c98b428bc637bd73a817fceb,Consumo de H₂ mediante metanogénesis hidrogenotrófica.,C-1020,Afirmación+SPO+Motivo,REVISADA,Cotejo semántico explícito: C-1020 cubre esta celda concreta mediante Afirmación+SPO+Motivo; sin herencia de fila ni correspondencia léxica.
data/tablas/09/table-43-9-4-1-fichas-comparativas-por-grado-de-integracion.csv,4,estado,a44f9f90cedf8f66c2dca3206c78328011f579399e4f6775dab9ec59153c292b,endosimbiosis metabólica,C-1014; C-1020,Afirmación+SPO+Motivo,REVISADA,Cotejo semántico explícito: C-1014; C-1020 cubre esta celda concreta mediante Afirmación+SPO+Motivo; sin herencia de fila ni correspondencia léxica.
data/tablas/09/table-43-9-4-1-fichas-comparativas-por-grado-de-integracion.csv,5,hospedador,e4c41c97459b99b78d83a5805c4be13f459632cd3d0df77a206b202db980a789,ciliados anaerobios,C-1022,Afirmación+SPO+Motivo,REVISADA,Cotejo semántico explícito: C-1022 cubre esta celda concreta mediante Afirmación+SPO+Motivo; sin herencia de fila ni correspondencia léxica.
data/tablas/09/table-43-9-4-1-fichas-comparativas-por-grado-de-integracion.csv,5,socio,a6a87796ca7164fbfdd227b9639af9f978e1b34758bc426066afd922bd8a65f0,arqueas metanógenas,C-1024,Afirmación+SPO+Motivo,REVISADA,Cotejo semántico explícito: C-1024 cubre esta celda concreta mediante Afirmación+SPO+Motivo; sin herencia de fila ni correspondencia léxica.
data/tablas/09/table-43-9-4-1-fichas-comparativas-por-grado-de-integracion.csv,5,antigüedad estimada,29c271910cd6883b36f77ff5117594d1c34ad03432392f8d45f5975b59eb5d15,orígenes múltiples,C-1026,Afirmación+SPO+Motivo,REVISADA,Cotejo semántico explícito: C-1026 cubre esta celda concreta mediante Afirmación+SPO+Motivo; sin herencia de fila ni correspondencia léxica.
data/tablas/09/table-43-9-4-1-fichas-comparativas-por-grado-de-integracion.csv,5,transmisión,1f29a5dbf39e7a8b4925d518dba6dab707fbbdb231574f69f92a658fa9e18a50,Vertical o mixta según el linaje estudiado,C-1025; C-1026; C-1027,Afirmación+SPO+Motivo,REVISADA,Cotejo semántico explícito: C-1025; C-1026; C-1027 cubre esta celda concreta mediante Afirmación+SPO+Motivo; sin herencia de fila ni correspondencia léxica.
data/tablas/09/table-43-9-4-1-fichas-comparativas-por-grado-de-integracion.csv,5,estado,358727046af0e526e5fb26d473f25e83138a23fe32128ff6bc7ffa536961ddea,adquisición múltiple y transmisión mixta,C-1026,Afirmación+SPO+Motivo,REVISADA,Cotejo semántico explícito: C-1026 cubre esta celda concreta mediante Afirmación+SPO+Motivo; sin herencia de fila ni correspondencia léxica.
data/tablas/09/table-43-9-4-1-fichas-comparativas-por-grado-de-integracion.csv,6,hospedador,63a96b3bed77766a9eac861e77c19b9600537401745a213aff6ab24315c5a11d,*Angomonas deanei*,C-1028,Afirmación+SPO+Motivo,REVISADA,Cotejo semántico explícito: C-1028 cubre esta celda concreta mediante Afirmación+SPO+Motivo; sin herencia de fila ni correspondencia léxica.
data/tablas/09/table-43-9-4-1-fichas-comparativas-por-grado-de-integracion.csv,6,socio,18a640bde870035a0a06cb195972aadc03cdad5cb160e6a62c7ca7a13c0df984,*Candidatus Kinetoplastibacterium*,C-1028,Afirmación+SPO+Motivo,REVISADA,Cotejo semántico explícito: C-1028 cubre esta celda concreta mediante Afirmación+SPO+Motivo; sin herencia de fila ni correspondencia léxica.
data/tablas/09/table-43-9-4-1-fichas-comparativas-por-grado-de-integracion.csv,6,qué aporta,97510d88b127bd81cbf139da209df8daee79cd5ae0d81eff7cdfe02ca0402f88,División controlada por proteínas del hospedador.,C-1031; C-1032,Afirmación+SPO+Motivo,REVISADA,Cotejo semántico explícito: C-1031; C-1032 cubre esta celda concreta mediante Afirmación+SPO+Motivo; sin herencia de fila ni correspondencia léxica.
data/tablas/09/table-43-9-4-1-fichas-comparativas-por-grado-de-integracion.csv,6,transmisión,c105da7c65de47d13424aa9668f9d61dcb759c2e3c0b63214ad5d8d71d86f559,División sincronizada con el ciclo celular del hospedador,C-1029,Afirmación+SPO+Motivo,REVISADA,Cotejo semántico explícito: C-1029 cubre esta celda concreta mediante Afirmación+SPO+Motivo; sin herencia de fila ni correspondencia léxica.
data/tablas/09/table-43-9-4-1-fichas-comparativas-por-grado-de-integracion.csv,6,genoma o reducción,a878e93cca9eb52cdca9c157a1809b0294c0c9abd1e0aa153acd8a322753360f,"aprox. 0,8 Mb",C-1030,Afirmación+SPO+Motivo,REVISADA,Cotejo semántico explícito: C-1030 cubre esta celda concreta mediante Afirmación+SPO+Motivo; sin herencia de fila ni correspondencia léxica.
data/tablas/09/table-43-9-4-1-fichas-comparativas-por-grado-de-integracion.csv,6,EGT o importación,7a9d461cb6e22bb6aa98771d341a88c5f449afbfe1cc4b4162864a772d18c668,EGT de OCD al núcleo; ETP9 nuclear controla la división,C-1032; C-1033,Afirmación+SPO+Motivo,REVISADA,Cotejo semántico explícito: C-1032; C-1033 cubre esta celda concreta mediante Afirmación+SPO+Motivo; sin herencia de fila ni correspondencia léxica.
data/tablas/09/table-43-9-4-1-fichas-comparativas-por-grado-de-integracion.csv,6,estado,02fe9bcd530ca2ae4aee64c23924171902d344b3d261f4151bc46b27541d2c70,dependencia integrada con división controlada por el hospedador,C-1029; C-1032,Afirmación+SPO+Motivo,REVISADA,Cotejo semántico explícito: C-1029; C-1032 cubre esta celda concreta mediante Afirmación+SPO+Motivo; sin herencia de fila ni correspondencia léxica.
data/tablas/09/table-43-9-4-1-fichas-comparativas-por-grado-de-integracion.csv,7,hospedador,201c200774c66293875cbd86453b2ed8a8f29ff722ba4f886001f932f6ba26c8,*Paramoeba*,C-1036,Afirmación+SPO+Motivo,REVISADA,Cotejo semántico explícito: C-1036 cubre esta celda concreta mediante Afirmación+SPO+Motivo; sin herencia de fila ni correspondencia léxica.
data/tablas/09/table-43-9-4-1-fichas-comparativas-por-grado-de-integracion.csv,7,socio,e44c9f4baa4c61d20e08f1226307931d58095bf8cced93b0c6b82c004ef900d2,*Perkinsela*,C-1036,Afirmación+SPO+Motivo,REVISADA,Cotejo semántico explícito: C-1036 cubre esta celda concreta mediante Afirmación+SPO+Motivo; sin herencia de fila ni correspondencia léxica.
data/tablas/09/table-43-9-4-1-fichas-comparativas-por-grado-de-integracion.csv,7,qué aporta,fef0aa21cfbc368e172cce11164a557d711c6d418e3c1383c97b83ebbcd0f0b5,Complementación metabólica; ingestión de citoplasma del hospedador.,C-1039; C-1040,Afirmación+SPO+Motivo,REVISADA,Cotejo semántico explícito: C-1039; C-1040 cubre esta celda concreta mediante Afirmación+SPO+Motivo; sin herencia de fila ni correspondencia léxica.
data/tablas/09/table-43-9-4-1-fichas-comparativas-por-grado-de-integracion.csv,7,genoma o reducción,161d4801d1cf1e4ffb54474a271a9986de0420a4910bf8e0a81cfc7ab5a36080,"núcleo aprox. 9,5 Mb; mitocondria conserva 6 genes proteicos",C-1037; C-1041,Afirmación+SPO+Motivo,REVISADA,Cotejo semántico explícito: C-1037; C-1041 cubre esta celda concreta mediante Afirmación+SPO+Motivo; sin herencia de fila ni correspondencia léxica.
data/tablas/09/table-43-9-4-1-fichas-comparativas-por-grado-de-integracion.csv,7,EGT o importación,58e8da01c8c8ab17acc58bc5ad5a94b462e20319e3b2f2a5f716f66f970d628e,Interdependencia metabólica sin fusión genómica completa,C-1039; C-1042,Afirmación+SPO+Motivo,REVISADA,Cotejo semántico explícito: C-1039; C-1042 cubre esta celda concreta mediante Afirmación+SPO+Motivo; sin herencia de fila ni correspondencia léxica.
data/tablas/09/table-43-9-4-1-fichas-comparativas-por-grado-de-integracion.csv,7,estado,5ce5431ddbd68ef1ddded19a653aa5cb89508c611c6cd4c32f27b37c50ef528d,endosimbiosis eucariota obligada,C-1036; C-1042,Afirmación+SPO+Motivo,REVISADA,Cotejo semántico explícito: C-1036; C-1042 cubre esta celda concreta mediante Afirmación+SPO+Motivo; sin herencia de fila ni correspondencia léxica.
data/tablas/09/table-43-9-4-1-fichas-comparativas-por-grado-de-integracion.csv,8,hospedador,9d4c093127016e5e4ce4880f015d0f521a29a90c93284e9db6ddf6e062b0532e,*Paulinella chromatophora*,C-1044,Afirmación+SPO+Motivo,REVISADA,Cotejo semántico explícito: C-1044 cubre esta celda concreta mediante Afirmación+SPO+Motivo; sin herencia de fila ni correspondencia léxica.
data/tablas/09/table-43-9-4-1-fichas-comparativas-por-grado-de-integracion.csv,8,socio,cc1a06416d51d35cb0bfaeab0f58e2a7866763c8bd6a596931d5f4c3b93ef5c0,cianobacteria del linaje del cromatóforo,C-1046; C-1051,Afirmación+SPO+Motivo,REVISADA,Cotejo semántico explícito: C-1046; C-1051 cubre esta celda concreta mediante Afirmación+SPO+Motivo; sin herencia de fila ni correspondencia léxica.
data/tablas/09/table-43-9-4-1-fichas-comparativas-por-grado-de-integracion.csv,8,qué aporta,01ca02da3b9d7822d4070bf33638b6f0f3e9b79889e2b517646d4e35bcff569d,"Endosimbiosis fotosintética; EGT, HGT compensatoria e importación de proteínas.",C-1043; C-1051; C-1052,Afirmación+SPO+Motivo,REVISADA,Cotejo semántico explícito: C-1043; C-1051; C-1052 cubre esta celda concreta mediante Afirmación+SPO+Motivo; sin herencia de fila ni correspondencia léxica.
data/tablas/09/table-43-9-4-1-fichas-comparativas-por-grado-de-integracion.csv,8,antigüedad estimada,a821ee903fb86d383a5ed7aa61e01d8ac2ee8fdbb530848b39b0622694346b10,90–140 Ma,C-1043,Afirmación+SPO+Motivo,REVISADA,Cotejo semántico explícito: C-1043 cubre esta celda concreta mediante Afirmación+SPO+Motivo; sin herencia de fila ni correspondencia léxica.
data/tablas/09/table-43-9-4-1-fichas-comparativas-por-grado-de-integracion.csv,8,transmisión,f67328d5c81f45b99f21205c8112736fabd1f1f159f4773db9a2e2ac4e268397,Vertical,C-1053,Afirmación+SPO+Motivo,REVISADA,Cotejo semántico explícito: C-1053 cubre esta celda concreta mediante Afirmación+SPO+Motivo; sin herencia de fila ni correspondencia léxica.
data/tablas/09/table-43-9-4-1-fichas-comparativas-por-grado-de-integracion.csv,8,genoma o reducción,4dcbf463d9121d4d8ceabc2a5642b598313296d7e4e8fec6afd8a5ca22380276,"1,02 Mb; 867 proteínas",C-1044; C-1045,Afirmación+SPO+Motivo,REVISADA,Cotejo semántico explícito: C-1044; C-1045 cubre esta celda concreta mediante Afirmación+SPO+Motivo; sin herencia de fila ni correspondencia léxica.
data/tablas/09/table-43-9-4-1-fichas-comparativas-por-grado-de-integracion.csv,8,EGT o importación,d95c8b79e6fe39baeefb2758221246469aef064cd47d45c8021d97511d5b2e88,"EGT 0,3–0,8 % inicial; importación masiva",C-1047; C-1050; C-1051; C-1052,Afirmación+SPO+Motivo,REVISADA,Cotejo semántico explícito: C-1047; C-1050; C-1051; C-1052 cubre esta celda concreta mediante Afirmación+SPO+Motivo; sin herencia de fila ni correspondencia léxica.
data/tablas/09/table-43-9-4-1-fichas-comparativas-por-grado-de-integracion.csv,8,estado,4dbf52ab71f15e5fb7966497be334c5e909778c04491c0baf736bf4cb000ccb9,integración funcional con transmisión vertical,C-1052; C-1053,Afirmación+SPO+Motivo,REVISADA,Cotejo semántico explícito: C-1052; C-1053 cubre esta celda concreta mediante Afirmación+SPO+Motivo; sin herencia de fila ni correspondencia léxica.
data/tablas/09/table-43-9-4-1-fichas-comparativas-por-grado-de-integracion.csv,9,hospedador,69cc60912069364f7e0302d19d82921b4897c673520681ac7067704c94f39fec,*Braarudosphaera bigelowii*,C-1054,Afirmación+SPO+Motivo,REVISADA,Cotejo semántico explícito: C-1054 cubre esta celda concreta mediante Afirmación+SPO+Motivo; sin herencia de fila ni correspondencia léxica.
data/tablas/09/table-43-9-4-1-fichas-comparativas-por-grado-de-integracion.csv,9,socio,d489bd78fa1a2d8239151779df20d1e1e4c4f51d85ca6e0f5ddee184ccbfd22f,UCYN-A / nitroplasto,C-1054; C-1059,Afirmación+SPO+Motivo,REVISADA,Cotejo semántico explícito: C-1054; C-1059 cubre esta celda concreta mediante Afirmación+SPO+Motivo; sin herencia de fila ni correspondencia léxica.
data/tablas/09/table-43-9-4-1-fichas-comparativas-por-grado-de-integracion.csv,9,qué aporta,a00fb63531e874288e73845547b6f8c43abc9db44046e344bddc067c717b09c1,Fijación de N₂ por nitrógeno reducido; carbono desde el hospedador.,C-1055; C-1056,Afirmación+SPO+Motivo,REVISADA,Cotejo semántico explícito: C-1055; C-1056 cubre esta celda concreta mediante Afirmación+SPO+Motivo; sin herencia de fila ni correspondencia léxica.
data/tablas/09/table-43-9-4-1-fichas-comparativas-por-grado-de-integracion.csv,9,antigüedad estimada,1cc2603826757eff86ee76933b37c14256bd96ee283b46c39946d4996251ff34,asociación ancestral inferida hacia el Cretácico tardío a partir de divergencia UCYN-A1/A2 de aprox. 91 Ma; no es fecha directa de captura,C-1061; C-1638; C-1639,Afirmación+SPO+Motivo,REVISADA,Cotejo semántico explícito: C-1061; C-1638; C-1639 cubre esta celda concreta mediante Afirmación+SPO+Motivo; sin herencia de fila ni correspondencia léxica.
data/tablas/09/table-43-9-4-1-fichas-comparativas-por-grado-de-integracion.csv,9,transmisión,b1a02b572c1a860383bb3d545ad41cf987ae2af74096b6a672c6c0c4ed940eb0,División coordinada con el ciclo celular del hospedador,C-1057,Afirmación+SPO+Motivo,REVISADA,Cotejo semántico explícito: C-1057 cubre esta celda concreta mediante Afirmación+SPO+Motivo; sin herencia de fila ni correspondencia léxica.
data/tablas/09/table-43-9-4-1-fichas-comparativas-por-grado-de-integracion.csv,9,EGT o importación,857bbafaf64714f902943f31945152a4ec896960bf6e248a3ca7e23db390b2eb,Importación de proteínas nucleares,C-1058,Afirmación+SPO+Motivo,REVISADA,Cotejo semántico explícito: C-1058 cubre esta celda concreta mediante Afirmación+SPO+Motivo; sin herencia de fila ni correspondencia léxica.
data/tablas/09/table-43-9-4-1-fichas-comparativas-por-grado-de-integracion.csv,9,estado,08398fccd87ed5676e99ef696bf9b9df775ebbc1ea1a209cd73e65345bbbf377,orgánulo fijador de nitrógeno propuesto,C-1059; C-1060,Afirmación+SPO+Motivo,REVISADA,Cotejo semántico explícito: C-1059; C-1060 cubre esta celda concreta mediante Afirmación+SPO+Motivo; sin herencia de fila ni correspondencia léxica.
data/tablas/09/table-43-9-4-1-fichas-comparativas-por-grado-de-integracion.csv,10,hospedador,86185c813909b1209c0e3bdbb987cd0cc3cd917394f77a5cc5d9405378277760,*Hatena arenicola*,C-1062,Afirmación+SPO+Motivo,REVISADA,Cotejo semántico explícito: C-1062 cubre esta celda concreta mediante Afirmación+SPO+Motivo; sin herencia de fila ni correspondencia léxica.
data/tablas/09/table-43-9-4-1-fichas-comparativas-por-grado-de-integracion.csv,10,socio,e00adff377d8e47463a4bb2f206518028d1799c2349991d76cdce6e6b9d8c7ba,*Nephroselmis*,C-1062,Afirmación+SPO+Motivo,REVISADA,Cotejo semántico explícito: C-1062 cubre esta celda concreta mediante Afirmación+SPO+Motivo; sin herencia de fila ni correspondencia léxica.
data/tablas/09/table-43-9-4-1-fichas-comparativas-por-grado-de-integracion.csv,10,qué aporta,a8f997c6bda86692baed7ec2cdd5fcfb1722b8417cbf6acf0dcebc268eb812bf,Remodelación intracelular del simbionte capturado.,C-1063,Afirmación+SPO+Motivo,REVISADA,Cotejo semántico explícito: C-1063 cubre esta celda concreta mediante Afirmación+SPO+Motivo; sin herencia de fila ni correspondencia léxica.
data/tablas/09/table-43-9-4-1-fichas-comparativas-por-grado-de-integracion.csv,10,transmisión,0b60b78807640520955ad386136d1c504ca9b495c2c6ca19712694809b136112,Vertical incompleta; readquisición horizontal,C-1066,Afirmación+SPO+Motivo,REVISADA,Cotejo semántico explícito: C-1066 cubre esta celda concreta mediante Afirmación+SPO+Motivo; sin herencia de fila ni correspondencia léxica.
data/tablas/09/table-43-9-4-1-fichas-comparativas-por-grado-de-integracion.csv,10,EGT o importación,3f4ef94b2b153e2a22ba5e38de10570b70663d8897b4fe7732e339119584aaf2,30 posibles candidatos de EGT en informe de proyecto; sin localización y validación funcional publicadas (BN-040),C-1067; C-1071,Afirmación+SPO+Motivo,REVISADA,Cotejo semántico explícito: C-1067; C-1071 cubre esta celda concreta mediante Afirmación+SPO+Motivo; sin herencia de fila ni correspondencia léxica.
data/tablas/09/table-43-9-4-1-fichas-comparativas-por-grado-de-integracion.csv,10,estado,9d9b1d8b707cd925b5983aa776e400eebc34da67ea8b996ea7fd61da650a1fc3,asociación reversible por linaje celular,C-1064; C-1065; C-1066,Afirmación+SPO+Motivo,REVISADA,Cotejo semántico explícito: C-1064; C-1065; C-1066 cubre esta celda concreta mediante Afirmación+SPO+Motivo; sin herencia de fila ni correspondencia léxica.
data/tablas/09/table-43-9-4-1-fichas-comparativas-por-grado-de-integracion.csv,11,hospedador,4cea94b87d193526a1b9d9f27548679d669198e237d7451d668bdbe596002ae3,*Rhopalodia gibba* y *Epithemia turgida*,C-1068; C-1069,Afirmación+SPO+Motivo,REVISADA,Cotejo semántico explícito: C-1068; C-1069 cubre esta celda concreta mediante Afirmación+SPO+Motivo; sin herencia de fila ni correspondencia léxica.
data/tablas/09/table-43-9-4-1-fichas-comparativas-por-grado-de-integracion.csv,11,socio,aabcfb6205f9c38030d81331ec721b48405079e68821fa362dccf51ca8cc71d8,cuerpo esferoidal cianobacteriano no fotosintético,C-1068; C-1069,Afirmación+SPO+Motivo,REVISADA,Cotejo semántico explícito: C-1068; C-1069 cubre esta celda concreta mediante Afirmación+SPO+Motivo; sin herencia de fila ni correspondencia léxica.
data/tablas/09/table-43-9-4-1-fichas-comparativas-por-grado-de-integracion.csv,11,qué aporta,233be637925067325513f53273c7a621b2f39cac401d35360739b874dc3019ee,Fijación de nitrógeno con pérdida de fotosíntesis.,C-1068; C-1069; C-1070,Afirmación+SPO+Motivo,REVISADA,Cotejo semántico explícito: C-1068; C-1069; C-1070 cubre esta celda concreta mediante Afirmación+SPO+Motivo; sin herencia de fila ni correspondencia léxica.
data/tablas/09/table-43-9-4-1-fichas-comparativas-por-grado-de-integracion.csv,11,antigüedad estimada,282aae223fd7d124cd8e6084f0ddd7db3253dcb3a9bd4670cf34afc5a2a49684,aprox. 12 Ma para el origen único inferido de Rhopalodiaceae muestreadas,C-1637,Afirmación+SPO+Motivo,REVISADA,Cotejo semántico explícito: C-1637 cubre esta celda concreta mediante Afirmación+SPO+Motivo; sin herencia de fila ni correspondencia léxica.
data/tablas/09/table-43-9-4-1-fichas-comparativas-por-grado-de-integracion.csv,11,genoma o reducción,cf2db3a3024dc69b7fd8ae868a54031d43169359040432df2ba698c41339ff08,Genoma cianobacteriano reducido y no fotosintético,C-1069,Afirmación+SPO+Motivo,REVISADA,Cotejo semántico explícito: C-1069 cubre esta celda concreta mediante Afirmación+SPO+Motivo; sin herencia de fila ni correspondencia léxica.
data/tablas/09/table-43-9-4-1-fichas-comparativas-por-grado-de-integracion.csv,11,estado,c6b0507bb05f2353ff9e73e64be498e8c1d32b4b95d510f8633c0e1990acb682,cuerpo esferoidal con genoma reducido especializado en fijación de nitrógeno,C-1069; C-1070,Afirmación+SPO+Motivo,REVISADA,Cotejo semántico explícito: C-1069; C-1070 cubre esta celda concreta mediante Afirmación+SPO+Motivo; sin herencia de fila ni correspondencia léxica.
data/tablas/09/table-43-9-4-1-fichas-comparativas-por-grado-de-integracion.csv,12,hospedador,4f1af34bc0c9d8b6cd309149d2cae402776ac0755fdc877f0549149da4cb3259,*Mesodinium rubrum*,C-1072,Afirmación+SPO+Motivo,REVISADA,Cotejo semántico explícito: C-1072 cubre esta celda concreta mediante Afirmación+SPO+Motivo; sin herencia de fila ni correspondencia léxica.
data/tablas/09/table-43-9-4-1-fichas-comparativas-por-grado-de-integracion.csv,12,socio,1c00a8dc15662b640f4b1d70474ad12eb60f5ee294c7425fd4f94e11f21b635b,criptófita ingerida,C-1072,Afirmación+SPO+Motivo,REVISADA,Cotejo semántico explícito: C-1072 cubre esta celda concreta mediante Afirmación+SPO+Motivo; sin herencia de fila ni correspondencia léxica.
data/tablas/09/table-43-9-4-1-fichas-comparativas-por-grado-de-integracion.csv,12,qué aporta,e770073ffe5b0ce75d5bd7baad9491cb842c0de4a7021b47a4604c0301bae592,"Plastos, mitocondrias, nucleomorfos y núcleos secuestrados.",C-1072,Afirmación+SPO+Motivo,REVISADA,Cotejo semántico explícito: C-1072 cubre esta celda concreta mediante Afirmación+SPO+Motivo; sin herencia de fila ni correspondencia léxica.
data/tablas/09/table-43-9-4-1-fichas-comparativas-por-grado-de-integracion.csv,12,transmisión,c28e65feaef26021b7b25b142b953c58201922829519523708c211c7a5fe11b7,Reposición por alimentación periódica,C-1074,Afirmación+SPO+Motivo,REVISADA,Cotejo semántico explícito: C-1074 cubre esta celda concreta mediante Afirmación+SPO+Motivo; sin herencia de fila ni correspondencia léxica.
data/tablas/09/table-43-9-4-1-fichas-comparativas-por-grado-de-integracion.csv,12,genoma o reducción,79346a8060b970deef71eb89ec60b4bc3fb52eb9b2b47b6d4eac9c6f3bea9b7c,Orgánulos y núcleo retenidos con dinámica dependiente de alimentación,C-1072; C-1073; C-1074,Afirmación+SPO+Motivo,REVISADA,Cotejo semántico explícito: C-1072; C-1073; C-1074 cubre esta celda concreta mediante Afirmación+SPO+Motivo; sin herencia de fila ni correspondencia léxica.
data/tablas/09/table-43-9-4-1-fichas-comparativas-por-grado-de-integracion.csv,12,estado,7b5aa45eda22203829f7d1dd3a880a7196a5a4984f8d1042ce6fedfcbe809047,adquisición trófica de orgánulos y núcleo criptófitos,C-1072; C-1074,Afirmación+SPO+Motivo,REVISADA,Cotejo semántico explícito: C-1072; C-1074 cubre esta celda concreta mediante Afirmación+SPO+Motivo; sin herencia de fila ni correspondencia léxica.
data/tablas/09/table-43-9-4-1-fichas-comparativas-por-grado-de-integracion.csv,13,hospedador,89052fd0a5e005627fb73a7a45abf82309493ae3fbc65b26e1d9b7aae86d2454,*Dinophysis*,C-1075,Afirmación+SPO+Motivo,REVISADA,Cotejo semántico explícito: C-1075 cubre esta celda concreta mediante Afirmación+SPO+Motivo; sin herencia de fila ni correspondencia léxica.
data/tablas/09/table-43-9-4-1-fichas-comparativas-por-grado-de-integracion.csv,13,socio,004e5cb58efa12b8154d0455ebfb062955a305b56e27d825f5d5a5247ee14778,plastos obtenidos vía *Mesodinium*,C-1075,Afirmación+SPO+Motivo,REVISADA,Cotejo semántico explícito: C-1075 cubre esta celda concreta mediante Afirmación+SPO+Motivo; sin herencia de fila ni correspondencia léxica.
data/tablas/09/table-43-9-4-1-fichas-comparativas-por-grado-de-integracion.csv,13,qué aporta,ad934b33530948916a0e99bebbacc231d5d6dcc8865cb3e8779e1e55b1026e33,Función fotosintética con fotoaclimatación limitada.,C-1077,Afirmación+SPO+Motivo,REVISADA,Cotejo semántico explícito: C-1077 cubre esta celda concreta mediante Afirmación+SPO+Motivo; sin herencia de fila ni correspondencia léxica.
data/tablas/09/table-43-9-4-1-fichas-comparativas-por-grado-de-integracion.csv,13,transmisión,751d68f88396d9056114ee774c897e4cd5925f52afd2f747104689275db9f46d,Adquisición trófica vía *Mesodinium*,C-1075,Afirmación+SPO+Motivo,REVISADA,Cotejo semántico explícito: C-1075 cubre esta celda concreta mediante Afirmación+SPO+Motivo; sin herencia de fila ni correspondencia léxica.
data/tablas/09/table-43-9-4-1-fichas-comparativas-por-grado-de-integracion.csv,13,estado,62547278983fccd066ebe5c113a16cb706803ae19cc496b7cc7289293baf9d50,retención selectiva principalmente de plastos,C-1076,Afirmación+SPO+Motivo,REVISADA,Cotejo semántico explícito: C-1076 cubre esta celda concreta mediante Afirmación+SPO+Motivo; sin herencia de fila ni correspondencia léxica.
data/tablas/09/table-43-9-4-1-fichas-comparativas-por-grado-de-integracion.csv,14,hospedador,c46f9a592759f7a877034432121d06dc3622fce053df6c68a40668a6936f7231,*Elysia chlorotica* y *Plakobranchus ocellatus*,C-1078; C-1080,Afirmación+SPO+Motivo,REVISADA,Cotejo semántico explícito: C-1078; C-1080 cubre esta celda concreta mediante Afirmación+SPO+Motivo; sin herencia de fila ni correspondencia léxica.
data/tablas/09/table-43-9-4-1-fichas-comparativas-por-grado-de-integracion.csv,14,socio,20c22df9cf33b64f208303e4d3cc3bb27452acc9de3bcb20b21f211d37ce6883,plastos de algas,C-1078,Afirmación+SPO+Motivo,REVISADA,Cotejo semántico explícito: C-1078 cubre esta celda concreta mediante Afirmación+SPO+Motivo; sin herencia de fila ni correspondencia léxica.
data/tablas/09/table-43-9-4-1-fichas-comparativas-por-grado-de-integracion.csv,14,qué aporta,d7a80c31c92f065660efb22b3a6b851c14100ce649ec47200bb1773e07248a62,función fotosintética temporal,C-1081,Afirmación+SPO+Motivo,REVISADA,Cotejo semántico explícito: C-1081 cubre esta celda concreta mediante Afirmación+SPO+Motivo; sin herencia de fila ni correspondencia léxica.
data/tablas/09/table-43-9-4-1-fichas-comparativas-por-grado-de-integracion.csv,14,transmisión,e64d2e2c07d3aa92838257dc7ae34b4d2aea8e1b65b7d7dd8cc1b6e9a3175137,Adquisición alimentaria sin transferencia hereditaria de genes nucleares,C-1078; C-1081,Afirmación+SPO+Motivo,REVISADA,Cotejo semántico explícito: C-1078; C-1081 cubre esta celda concreta mediante Afirmación+SPO+Motivo; sin herencia de fila ni correspondencia léxica.
data/tablas/09/table-43-9-4-1-fichas-comparativas-por-grado-de-integracion.csv,14,EGT o importación,cca55adf68bddb7698cdb4fbbc84672118c87c832a34ad4d96bf78d29e8ea8e5,Sin HGT nuclear extensa demostrada en los genomas examinados,C-1079; C-1080,Afirmación+SPO+Motivo,REVISADA,Cotejo semántico explícito: C-1079; C-1080 cubre esta celda concreta mediante Afirmación+SPO+Motivo; sin herencia de fila ni correspondencia léxica.
data/tablas/09/table-43-9-4-1-fichas-comparativas-por-grado-de-integracion.csv,14,estado,256dfc183ee50c711a52e09415a7ba5932d40b44eddab7a9eb3fd188725ef79b,adquisición fenotípica no genética,C-1081,Afirmación+SPO+Motivo,REVISADA,Cotejo semántico explícito: C-1081 cubre esta celda concreta mediante Afirmación+SPO+Motivo; sin herencia de fila ni correspondencia léxica.
data/tablas/09/table-43-9-4-1-fichas-comparativas-por-grado-de-integracion.csv,15,hospedador,6860479e1713f8c5a3929d9c8ba7108c688e95f81860a23db2f68e3a8de9b86c,criptófitos y cloraracniófitos,C-1086,Afirmación+SPO+Motivo,REVISADA,Cotejo semántico explícito: C-1086 cubre esta celda concreta mediante Afirmación+SPO+Motivo; sin herencia de fila ni correspondencia léxica.
data/tablas/09/table-43-9-4-1-fichas-comparativas-por-grado-de-integracion.csv,15,socio,a92f5be3ca9d584327e8f37a430af2e532671e6794e46fcf19f256e9d19d769a,núcleo de alga roja o verde incorporada,C-1086,Afirmación+SPO+Motivo,REVISADA,Cotejo semántico explícito: C-1086 cubre esta celda concreta mediante Afirmación+SPO+Motivo; sin herencia de fila ni correspondencia léxica.
data/tablas/09/table-43-9-4-1-fichas-comparativas-por-grado-de-integracion.csv,15,qué aporta,9824169f080b880fa08e4a43d4f065d2edecaf21e68660a53c3297af87d52fb5,Genomas nucleomórficos reducidos retenidos.,C-990; C-1082; C-1084,Afirmación+SPO+Motivo,REVISADA,Cotejo semántico explícito: C-990; C-1082; C-1084 cubre esta celda concreta mediante Afirmación+SPO+Motivo; sin herencia de fila ni correspondencia léxica.
data/tablas/09/table-43-9-4-1-fichas-comparativas-por-grado-de-integracion.csv,15,genoma o reducción,053f2ae72da99de8f395a7f7e25526736f07c4f6dd339c6f845802f30f33f8d3,373 kb/331 genes en *Bigelowiella*; 551 kb en *Guillardia*,C-1082; C-1084,Afirmación+SPO+Motivo,REVISADA,Cotejo semántico explícito: C-1082; C-1084 cubre esta celda concreta mediante Afirmación+SPO+Motivo; sin herencia de fila ni correspondencia léxica.
data/tablas/09/table-43-9-4-1-fichas-comparativas-por-grado-de-integracion.csv,15,estado,b3d6af5799c7649ae12acc11bc9876d84ef1c4dfa1719233e50cd4be4da7c319,dos orígenes endosimbióticos eucariotas independientes,C-1086,Afirmación+SPO+Motivo,REVISADA,Cotejo semántico explícito: C-1086 cubre esta celda concreta mediante Afirmación+SPO+Motivo; sin herencia de fila ni correspondencia léxica.
data/tablas/09/table-43-9-4-1-fichas-comparativas-por-grado-de-integracion.csv,16,hospedador,5a5a571b00714d91bf0c463cb33a5163a7a859198f5b6589edf715036454b279,*Durinskia baltica* o *Kryptoperidinium foliaceum*,C-1206,Afirmación+SPO+Motivo,REVISADA,Cotejo semántico explícito: C-1206 cubre esta celda concreta mediante Afirmación+SPO+Motivo; sin herencia de fila ni correspondencia léxica.
data/tablas/09/table-43-9-4-1-fichas-comparativas-por-grado-de-integracion.csv,16,socio,88cba3165c91d0b32a4cafaafabd8e871c1db611b25c128d606123afd11b51bc,diatomea terciaria intracelular,C-1206,Afirmación+SPO+Motivo,REVISADA,Cotejo semántico explícito: C-1206 cubre esta celda concreta mediante Afirmación+SPO+Motivo; sin herencia de fila ni correspondencia léxica.
data/tablas/09/table-43-9-4-1-fichas-comparativas-por-grado-de-integracion.csv,16,qué aporta,62cba3eaad263205561c72fd3a8f145cee3756cc2a773952763d57e9cc83854e,"Compartimentos eucariotas retenidos, incluidas mitocondrias.",C-1206; C-1210,Afirmación+SPO+Motivo,REVISADA,Cotejo semántico explícito: C-1206; C-1210 cubre esta celda concreta mediante Afirmación+SPO+Motivo; sin herencia de fila ni correspondencia léxica.
data/tablas/09/table-43-9-4-1-fichas-comparativas-por-grado-de-integracion.csv,16,genoma o reducción,2e8814815820ee0fe7a90a1456f41ad6db6b1a0ea46f8fc5c2abf5a30ab80e08,mitocondrias endosimbiontes: 34.242/34.742 bp y 58/59 genes,C-1207; C-1208,Afirmación+SPO+Motivo,REVISADA,Cotejo semántico explícito: C-1207; C-1208 cubre esta celda concreta mediante Afirmación+SPO+Motivo; sin herencia de fila ni correspondencia léxica.
data/tablas/09/table-43-9-4-1-fichas-comparativas-por-grado-de-integracion.csv,16,EGT o importación,daeff4d93abe8045689f406642bb9ad7afeca156e37a5bac3afc3376332a365d,9 candidatos EGT en dinotomos,C-1211,Afirmación+SPO+Motivo,REVISADA,Cotejo semántico explícito: C-1211 cubre esta celda concreta mediante Afirmación+SPO+Motivo; sin herencia de fila ni correspondencia léxica.
data/tablas/09/table-43-9-4-1-fichas-comparativas-por-grado-de-integracion.csv,16,estado,40535f184f17c58f85452ee1ec6dafdcf8cae13f0e5d5ac505eda2ed6d3f1bee,endosimbiosis terciaria obligada con núcleo retenido,C-1210; C-1212,Afirmación+SPO+Motivo,REVISADA,Cotejo semántico explícito: C-1210; C-1212 cubre esta celda concreta mediante Afirmación+SPO+Motivo; sin herencia de fila ni correspondencia léxica.
data/tablas/09/table-43-9-4-1-fichas-comparativas-por-grado-de-integracion.csv,17,hospedador,ae2b98465a8dac71d90429e9621454b9be5f9de83a5f6f5849a615b0d0012a42,*Karlodinium veneficum* y Kareniaceae,C-1213; C-1214,Afirmación+SPO+Motivo,REVISADA,Cotejo semántico explícito: C-1213; C-1214 cubre esta celda concreta mediante Afirmación+SPO+Motivo; sin herencia de fila ni correspondencia léxica.
data/tablas/09/table-43-9-4-1-fichas-comparativas-por-grado-de-integracion.csv,17,socio,0d09dd57bca495605a0b9bf6184706418f4f96b1ac4410e14b0990083f59bd67,plasto terciario derivado de haptófita,C-1214,Afirmación+SPO+Motivo,REVISADA,Cotejo semántico explícito: C-1214 cubre esta celda concreta mediante Afirmación+SPO+Motivo; sin herencia de fila ni correspondencia léxica.
data/tablas/09/table-43-9-4-1-fichas-comparativas-por-grado-de-integracion.csv,17,qué aporta,740a3ca9583df54798484fdd79a2c64fd04c4001a441afccb90e4c542124033e,Plasto terciario de origen haptófito; EGT candidata.,C-1211; C-1214,Afirmación+SPO+Motivo,REVISADA,Cotejo semántico explícito: C-1211; C-1214 cubre esta celda concreta mediante Afirmación+SPO+Motivo; sin herencia de fila ni correspondencia léxica.
data/tablas/09/table-43-9-4-1-fichas-comparativas-por-grado-de-integracion.csv,17,genoma o reducción,9c74d6c6df14f5523d0b5bcb563809d3441832bf87f7f9a24f11713766774446,"142.981 bp en *K. veneficum*; 70 proteínas, 30 ARNt, 3 ARNr",C-1213,Afirmación+SPO+Motivo,REVISADA,Cotejo semántico explícito: C-1213 cubre esta celda concreta mediante Afirmación+SPO+Motivo; sin herencia de fila ni correspondencia léxica.
data/tablas/09/table-43-9-4-1-fichas-comparativas-por-grado-de-integracion.csv,17,EGT o importación,6d1e3876ca9909de52eda99e5d0e2c7cb7abce95f2df65117cfed54966cfc67b,90 candidatos EGT en kareniáceos,C-1211,Afirmación+SPO+Motivo,REVISADA,Cotejo semántico explícito: C-1211 cubre esta celda concreta mediante Afirmación+SPO+Motivo; sin herencia de fila ni correspondencia léxica.
data/tablas/09/table-43-9-4-1-fichas-comparativas-por-grado-de-integracion.csv,17,estado,685fd00a4a54e4930a0b8e8c3681655e8b4f6518630e1d509ba979b50d665c8c,origen haptófito; una o varias adquisiciones no resueltas,C-1214,Afirmación+SPO+Motivo,REVISADA,Cotejo semántico explícito: C-1214 cubre esta celda concreta mediante Afirmación+SPO+Motivo; sin herencia de fila ni correspondencia léxica.
data/tablas/09/table-43-9-4-1-fichas-comparativas-por-grado-de-integracion.csv,18,hospedador,2ff3711d699dcfa03901d3ad05301db16e27c67c8671f98a54e8aee046817824,piojo harinoso; *Tremblaya* como hospedador interno,C-1089,Afirmación+SPO+Motivo,REVISADA,Cotejo semántico explícito: C-1089 cubre esta celda concreta mediante Afirmación+SPO+Motivo; sin herencia de fila ni correspondencia léxica.
data/tablas/09/table-43-9-4-1-fichas-comparativas-por-grado-de-integracion.csv,18,socio,0e365c70b422bd308c0983abf788776b54268e70927fc1e1843bfcc2c1d5d65b,*Tremblaya* y *Moranella*,C-1089,Afirmación+SPO+Motivo,REVISADA,Cotejo semántico explícito: C-1089 cubre esta celda concreta mediante Afirmación+SPO+Motivo; sin herencia de fila ni correspondencia léxica.
data/tablas/09/table-43-9-4-1-fichas-comparativas-por-grado-de-integracion.csv,18,qué aporta,1bb5d859d12cb5d63acede4d9f0d1eb592cd308288ab412aea5c666aeb549237,Rutas metabólicas tripartitas y genes bacterianos en insecto.,C-1092; C-1093,Afirmación+SPO+Motivo,REVISADA,Cotejo semántico explícito: C-1092; C-1093 cubre esta celda concreta mediante Afirmación+SPO+Motivo; sin herencia de fila ni correspondencia léxica.
data/tablas/09/table-43-9-4-1-fichas-comparativas-por-grado-de-integracion.csv,18,transmisión,29c3f8ba7b2bb7f2844450330ca49ca90776c1499860b8892925a88caa20d89c,Reemplazos históricos del endosimbionte interno en distintos linajes,C-1094,Afirmación+SPO+Motivo,REVISADA,Cotejo semántico explícito: C-1094 cubre esta celda concreta mediante Afirmación+SPO+Motivo; sin herencia de fila ni correspondencia léxica.
data/tablas/09/table-43-9-4-1-fichas-comparativas-por-grado-de-integracion.csv,18,genoma o reducción,d001786d38deba5b3902f05e5947839b3617bf6bb70a41663f01700272b0f5d3,138.927 bp y 538.294 bp,C-1090; C-1091,Afirmación+SPO+Motivo,REVISADA,Cotejo semántico explícito: C-1090; C-1091 cubre esta celda concreta mediante Afirmación+SPO+Motivo; sin herencia de fila ni correspondencia léxica.
data/tablas/09/table-43-9-4-1-fichas-comparativas-por-grado-de-integracion.csv,18,EGT o importación,7a31ca0f82cfbfb90cf61154106bfac35e5300c2eb54fccd108e968968f325c0,HGT bacteriana al insecto,C-1093,Afirmación+SPO+Motivo,REVISADA,Cotejo semántico explícito: C-1093 cubre esta celda concreta mediante Afirmación+SPO+Motivo; sin herencia de fila ni correspondencia léxica.
data/tablas/09/table-43-9-4-1-fichas-comparativas-por-grado-de-integracion.csv,18,estado,44eb2bed28575b0dd6c9bb70c29e6cda14f5c4103e6d58182886a2375fec1980,dependencia anidada con reemplazo,C-1094; C-1095,Afirmación+SPO+Motivo,REVISADA,Cotejo semántico explícito: C-1094; C-1095 cubre esta celda concreta mediante Afirmación+SPO+Motivo; sin herencia de fila ni correspondencia léxica.
data/tablas/09/table-43-9-4-1-fichas-comparativas-por-grado-de-integracion.csv,19,hospedador,c54b367eb2091f501bb1491aab62b7910b7d5202451c4583f1e33c2f7391d3a7,áfido,C-1097,Afirmación+SPO+Motivo,REVISADA,Cotejo semántico explícito: C-1097 cubre esta celda concreta mediante Afirmación+SPO+Motivo; sin herencia de fila ni correspondencia léxica.
data/tablas/09/table-43-9-4-1-fichas-comparativas-por-grado-de-integracion.csv,19,socio,15f5ae2a69b1957c82642f3a303b561c939730aa9f6b07cc1851e74b01cfdc73,*Buchnera aphidicola*,C-1097,Afirmación+SPO+Motivo,REVISADA,Cotejo semántico explícito: C-1097 cubre esta celda concreta mediante Afirmación+SPO+Motivo; sin herencia de fila ni correspondencia léxica.
data/tablas/09/table-43-9-4-1-fichas-comparativas-por-grado-de-integracion.csv,19,qué aporta,3caf80b591f49e3ecb6ee70da5c2f0d73abe3190f0040521a2e690bf1ca26fd8,Aminoácidos esenciales.,C-1097,Afirmación+SPO+Motivo,REVISADA,Cotejo semántico explícito: C-1097 cubre esta celda concreta mediante Afirmación+SPO+Motivo; sin herencia de fila ni correspondencia léxica.
data/tablas/09/table-43-9-4-1-fichas-comparativas-por-grado-de-integracion.csv,19,antigüedad estimada,41779903e248c6cee651cb03530be115d346d8c7a83e8ebdb0056e26fbbea5ef,80–150 Ma para divergencia de cepas comparadas,C-1099,Afirmación+SPO+Motivo,REVISADA,Cotejo semántico explícito: C-1099 cubre esta celda concreta mediante Afirmación+SPO+Motivo; sin herencia de fila ni correspondencia léxica.
data/tablas/09/table-43-9-4-1-fichas-comparativas-por-grado-de-integracion.csv,19,transmisión,6296e574751f1e2cb3725c806c8dde036723d03c414911e7dd95619fcb608b97,Vertical materna,C-1098,Afirmación+SPO+Motivo,REVISADA,Cotejo semántico explícito: C-1098 cubre esta celda concreta mediante Afirmación+SPO+Motivo; sin herencia de fila ni correspondencia léxica.
data/tablas/09/table-43-9-4-1-fichas-comparativas-por-grado-de-integracion.csv,19,genoma o reducción,10b1d110a9f7ef48cc734dfd4235d226e08a96a8455623582e7be9bfa321ac9b,640.681 bp en APS; rango moderno 412–646 kb,C-1096; C-1101,Afirmación+SPO+Motivo,REVISADA,Cotejo semántico explícito: C-1096; C-1101 cubre esta celda concreta mediante Afirmación+SPO+Motivo; sin herencia de fila ni correspondencia léxica.
data/tablas/09/table-43-9-4-1-fichas-comparativas-por-grado-de-integracion.csv,19,estado,bcda748379d5ff35f721ea12d4a4a00c66194428044a89df177138f793a56859,dependencia obligada,C-1097; C-1098,Afirmación+SPO+Motivo,REVISADA,Cotejo semántico explícito: C-1097; C-1098 cubre esta celda concreta mediante Afirmación+SPO+Motivo; sin herencia de fila ni correspondencia léxica.
data/tablas/09/table-43-9-4-1-fichas-comparativas-por-grado-de-integracion.csv,20,hospedador,1d752506122cafd7340e16a3fafcf529aa5b8748579f4a631af5811d624c1977,artrópodos y nematodos según caso,C-1103,Afirmación+SPO+Motivo,REVISADA,Cotejo semántico explícito: C-1103 cubre esta celda concreta mediante Afirmación+SPO+Motivo; sin herencia de fila ni correspondencia léxica.
data/tablas/09/table-43-9-4-1-fichas-comparativas-por-grado-de-integracion.csv,20,socio,2668a9c5bc464e2dda68349ac0a03857301431d47ebae32eb9f696f0a37a838a,*Wolbachia*,C-1103,Afirmación+SPO+Motivo,REVISADA,Cotejo semántico explícito: C-1103 cubre esta celda concreta mediante Afirmación+SPO+Motivo; sin herencia de fila ni correspondencia léxica.
data/tablas/09/table-43-9-4-1-fichas-comparativas-por-grado-de-integracion.csv,20,qué aporta,fbc47ac5c9c099d2dad7b53ab41cc1c1511e637506fcac2991674db0ff424636,Manipulación reproductiva o aporte mutualista.,C-1103,Afirmación+SPO+Motivo,REVISADA,Cotejo semántico explícito: C-1103 cubre esta celda concreta mediante Afirmación+SPO+Motivo; sin herencia de fila ni correspondencia léxica.
data/tablas/09/table-43-9-4-1-fichas-comparativas-por-grado-de-integracion.csv,20,transmisión,14039a823aa4ea098437e9fb73a565a5eeb5e70f7a286508089092aeb83f65dd,Materna y horizontal entre hospedadores,C-1104; C-1105,Afirmación+SPO+Motivo,REVISADA,Cotejo semántico explícito: C-1104; C-1105 cubre esta celda concreta mediante Afirmación+SPO+Motivo; sin herencia de fila ni correspondencia léxica.
data/tablas/09/table-43-9-4-1-fichas-comparativas-por-grado-de-integracion.csv,20,genoma o reducción,8e640e1ba58d9fba6369e9deaab4040deaf943a2ddd59323b418af287157dd35,Variable; hasta 10 % de elementos de inserción en algunos genomas,C-1106,Afirmación+SPO+Motivo,REVISADA,Cotejo semántico explícito: C-1106 cubre esta celda concreta mediante Afirmación+SPO+Motivo; sin herencia de fila ni correspondencia léxica.
data/tablas/09/table-43-9-4-1-fichas-comparativas-por-grado-de-integracion.csv,20,estado,54c3336829e8d911c0396f016d238c009df2dd626e63316b15bdfb3ed70929f0,"parasitismo, mutualismo facultativo u obligado",C-1103; C-1107,Afirmación+SPO+Motivo,REVISADA,Cotejo semántico explícito: C-1103; C-1107 cubre esta celda concreta mediante Afirmación+SPO+Motivo; sin herencia de fila ni correspondencia léxica.
data/tablas/09/table-44-9-7-1-correlatos-publicados.csv,2,desenlace asociado,903d50a07e1ad93c4d7e42e93dfe75a6c61677e0ab1bf75f521920e66219ff11,correlación negativa entre dependencia y tamaño del genoma simbionte,C-1108,Afirmación,REVISADA,Adjudicación explícita conservadora tras cotejo del valor con Afirmación; no se heredaron todas las C de la fila.
data/tablas/09/table-44-9-7-1-correlatos-publicados.csv,2,tipo de apoyo,fb4edfcad8713434216986f2afe2431192d931cc2312b6e63cedc4606fdc285a,Correlación comparada; no prueba causalidad en cada caso.,C-1108,Afirmación+SPO+Motivo,REVISADA,Adjudicación explícita coordinada tras reformular la celda para repetir únicamente la proposición de C-1108; no se heredó el rango de la fila.
data/tablas/09/table-44-9-7-1-correlatos-publicados.csv,3,desenlace asociado,8b07be5659341c056264bdf968f8dd5b7e4894fb89985812f61b7ab6ef27b60f,reduce Ne y aumenta deriva,C-1110; C-1111,Afirmación+SPO+Motivo,REVISADA,Adjudicación explícita coordinada tras reformular la celda para repetir únicamente la proposición de C-1110 + C-1111; no se heredó el rango de la fila.
data/tablas/09/table-44-9-7-1-correlatos-publicados.csv,3,tipo de apoyo,5022d1aebd330a207081931e55f2a416b0404d9c35ffbd44ddf3a0494edd61f4,Dos relaciones separadas: el cuello reduce Ne y Ne pequeño aumenta la deriva.,C-1110; C-1111,Afirmación+SPO+Motivo,REVISADA,Adjudicación explícita coordinada tras reformular la celda para repetir únicamente la proposición de C-1110 + C-1111; no se heredó el rango de la fila.
data/tablas/09/table-44-9-7-1-correlatos-publicados.csv,4,desenlace asociado,0cae94628a445418fee96f4985c9b8c7192d2c6ef1d9a6e070d6292e0cb8cf8a,puede intensificar el trinquete de Muller,C-1112,Afirmación,REVISADA,Adjudicación explícita conservadora tras cotejo del valor con Afirmación; no se heredaron todas las C de la fila.
data/tablas/09/table-44-9-7-1-correlatos-publicados.csv,4,tipo de apoyo,7dd08836a041bb4595ac3bdf19d53e9d5db08d2abd285d64908105a4b829369b,La velocidad puede disminuir por selección y algunas endobacterias conservan recombinación.,C-1113; C-1114; C-1115,Afirmación+SPO+Motivo,REVISADA,Adjudicación explícita coordinada tras reformular la celda para repetir únicamente la proposición de C-1113 + C-1114 + C-1115; no se heredó el rango de la fila.
data/tablas/09/table-44-9-7-1-correlatos-publicados.csv,5,desenlace asociado,618b3fd8cc032b55a2a69328e1987afafea4b492bfb0517c9175f725a73967fa,permite reemplazo y acceso a socios ambientales,C-1116,Afirmación,REVISADA,Adjudicación explícita conservadora tras cotejo del valor con Afirmación; no se heredaron todas las C de la fila.
data/tablas/09/table-44-9-7-1-correlatos-publicados.csv,5,tipo de apoyo,2cd6b3ca256a52ca28ba4a30c64684dce39128f001611c2a67fb5cb358844be3,La dependencia funcional no implica fidelidad taxonómica absoluta.,C-1118,Afirmación+SPO+Motivo,REVISADA,Adjudicación explícita coordinada tras reformular la celda para repetir únicamente la proposición de C-1118; no se heredó el rango de la fila.
data/tablas/09/table-44-9-7-1-correlatos-publicados.csv,6,desenlace asociado,da8897513dbebe0a090349e5332449ca438af10c036c7b0cebcfa4310378fd61,puede reducir beneficio de mantener el socio,C-1117,Afirmación,REVISADA,Adjudicación explícita conservadora tras cotejo del valor con Afirmación; no se heredaron todas las C de la fila.
data/tablas/09/table-44-9-7-1-correlatos-publicados.csv,6,tipo de apoyo,e1da5551cd07a8e47dffbeaf812a447a6ea62799be3621851ee7ca008b83aea1,Hipótesis apoyada por comparaciones y balances; no es una ley universal.,C-1117,Afirmación+SPO+Motivo,REVISADA,Adjudicación explícita coordinada tras reformular la celda para repetir únicamente la proposición de C-1117; no se heredó el rango de la fila.
data/tablas/09/table-44-9-7-1-correlatos-publicados.csv,7,desenlace asociado,cf2024d10c8985546a1622d675e4e507299a3dbf93edca5066b7f3c7815e8460,pico de pérdida al pasar a endosimbiosis y erosión posterior más lenta en Enterobacterales,C-1088; C-1120,Afirmación+Motivo,REVISADA,Adjudicación explícita conservadora tras cotejo del valor con Afirmación+Motivo; no se heredaron todas las C de la fila.
data/tablas/09/table-44-9-7-1-correlatos-publicados.csv,7,tipo de apoyo,0bd6ce614d7cae378cc485ef68f5ae25eec4e00f875899cd374ad5893abf7251,Patrón reconstruido en más de 200 genomas; no es tasa universal en genes por millón de años.,C-1088,Motivo,REVISADA,Adjudicación explícita conservadora tras cotejo del valor con Motivo; no se heredaron todas las C de la fila.
data/tablas/09/table-44-9-7-1-correlatos-publicados.csv,8,desenlace asociado,35087a44cb6101c2507ba688685e499ae2d38e82c4fc0d9fb8474c289430c383,asociada con simbiosis obligada entre nichos de insectos,C-1121,Afirmación,REVISADA,Adjudicación explícita conservadora tras cotejo del valor con Afirmación; no se heredaron todas las C de la fila.
data/tablas/09/table-44-9-7-1-correlatos-publicados.csv,8,tipo de apoyo,47647344c4fbb3b0d58952b3663c4c0949d252591f44bf5eca2c9c1b37e03f92,"Único componente nutricional consistentemente asociado en 1.850 simbiosis de 402 familias; correlato, no predictor universal.",C-1121; C-1201,Afirmación+Motivo,REVISADA,Adjudicación explícita conservadora tras cotejo del valor con Afirmación+Motivo; no se heredaron todas las C de la fila.
data/tablas/09/table-45-9-8-1-gradiente-funcional-comparado.csv,2,funciones conservadas o perdidas,b96861eecfd67c440535de30123b52af33ec6ae9b04473be359732313d06ffa4,fosforilación oxidativa y cadena respiratoria,C-1122,Afirmación,REVISADA,Adjudicación explícita conservadora tras cotejo del valor con Afirmación; no se heredaron todas las C de la fila.
data/tablas/09/table-45-9-8-1-gradiente-funcional-comparado.csv,2,rendimiento energético localizado,c1bfcc7a598272dd1beaa4d0f4557a9d4c529fbadd5ca613297c3c521c4a566c,ATP por fosforilación oxidativa,C-1122,Afirmación+SPO+Motivo,REVISADA,Revisión semántica explícita: la celda conserva solo contenido equivalente a las C indicadas; no se usó semejanza léxica como prueba.
data/tablas/09/table-45-9-8-1-gradiente-funcional-comparado.csv,3,funciones conservadas o perdidas,3d1fa132f0f4a14253eaf2ec13c5cdf82638dae1b7f63f7075fbf66f67a0d172,"*Nyctotherus ovalis*: genoma propio, complejos I/II, fumarato, H₂",C-1125; C-1126; C-1124; C-1128,Afirmación+Sujeto,REVISADA,Adjudicación explícita conservadora tras cotejo del valor con Afirmación+Sujeto; no se heredaron todas las C de la fila.
data/tablas/09/table-45-9-8-1-gradiente-funcional-comparado.csv,3,ambiente o asociación,75dd386dedc2a081a0b3a3b857342a117de4d83e5dfa8796f727a6f3ef392800,intestino anóxico; metanógenos asociados,C-1124; C-1129,Afirmación+SPO+Motivo,REVISADA,Revisión semántica explícita: la celda conserva solo contenido equivalente a las C indicadas; no se usó semejanza léxica como prueba.
data/tablas/09/table-45-9-8-1-gradiente-funcional-comparado.csv,4,funciones conservadas o perdidas,645d5fc50920f8bb7aa8606efd54890e4ea57bc564b542b626c334fc7008cbb9,"*Trichomonas vaginalis*: piruvato → H₂, CO₂ y acetato",C-1132,Afirmación,REVISADA,Adjudicación explícita conservadora tras cotejo del valor con Afirmación; no se heredaron todas las C de la fila.
data/tablas/09/table-45-9-8-1-gradiente-funcional-comparado.csv,4,rendimiento energético localizado,dead8591d00a59fa3cbced8add159095699cfd23ef3447591486e1433c198b20,ATP por fosforilación a nivel de sustrato,C-1133,Afirmación+Objeto,REVISADA,Adjudicación explícita conservadora tras cotejo del valor con Afirmación+Objeto; no se heredaron todas las C de la fila.
data/tablas/09/table-45-9-8-1-gradiente-funcional-comparado.csv,5,funciones conservadas o perdidas,ba437420ae279614621b64240f84453568da9ef2152a678a43c17675c2c67458,"*Giardia intestinalis*: 50–200 nm, aprox. 40 por célula",C-1136; C-1137,Afirmación,REVISADA,Adjudicación explícita conservadora tras cotejo del valor con Afirmación; no se heredaron todas las C de la fila.
data/tablas/09/table-45-9-8-1-gradiente-funcional-comparado.csv,5,rendimiento energético localizado,2c6eebab75453f8968efe0227cadb33634259ec4d6cd039609c109fae30a19c8,no produce ATP,C-1138,Afirmación+SPO+Motivo,REVISADA,Revisión semántica explícita: la celda conserva solo contenido equivalente a las C indicadas; no se usó semejanza léxica como prueba.
data/tablas/09/table-45-9-8-1-gradiente-funcional-comparado.csv,6,funciones conservadas o perdidas,0484e88a7439230f7f20bbfa253b801e04f84c486183224406cc0ebfaea07436,*Entamoeba histolytica*,C-1140,Afirmación+Sujeto,REVISADA,Adjudicación explícita conservadora tras cotejo del valor con Afirmación+Sujeto; no se heredaron todas las C de la fila.
data/tablas/09/table-45-9-8-1-gradiente-funcional-comparado.csv,7,funciones conservadas o perdidas,c993139cb1052fbdcd4a9adf6441bd30a062e301e2b237513993ed2a80c88e5c,ISC conservado con distribución interna variable,C-1142; C-1144; C-1145,Afirmación+SPO+Motivo,REVISADA,Revisión semántica explícita: la celda conserva solo contenido equivalente a las C indicadas; no se usó semejanza léxica como prueba.
data/tablas/09/table-45-9-8-1-gradiente-funcional-comparado.csv,8,funciones conservadas o perdidas,d416adec4873ebbce6574c770060843e5c987e58939229494f3cceef23e50879,*Monocercomonoides exilis*: SUF citosólico lateral,C-1147,Afirmación,REVISADA,Adjudicación explícita conservadora tras cotejo del valor con Afirmación; no se heredaron todas las C de la fila.
data/tablas/09/table-45-9-8-1-gradiente-funcional-comparado.csv,9,funciones conservadas o perdidas,a5357bc3f3217e4457c624b71a8c45a28b07f869e397861dea6223d50501d96a,*Henneguya salminicola*,C-1150,Afirmación+Sujeto,REVISADA,Adjudicación explícita conservadora tras cotejo del valor con Afirmación+Sujeto; no se heredaron todas las C de la fila.
data/tablas/10/table-47-10-1-tabla-consolidada-de-rasgos-con-coste.csv,2,cifra de coste publicada,5bf1f4587cbcee53563df7f0aa6af8da06aa78cbf5e36f2e8423ece39e710e7c,SIN CIFRA PUBLICADA LOCALIZADA,C-1234; C-1242,Afirmación+SPO+Motivo,REVISADA,"Texto retirado o reformulado para equivalencia proposicional explícita con C-1234 + C-1242; se verificaron Afirmación, SPO y Motivo sin heredar el rango de la fila."
data/tablas/10/table-47-10-1-tabla-consolidada-de-rasgos-con-coste.csv,2,unidad exacta,5bf1f4587cbcee53563df7f0aa6af8da06aa78cbf5e36f2e8423ece39e710e7c,SIN CIFRA PUBLICADA LOCALIZADA,C-1234; C-1242,Afirmación+SPO+Motivo,REVISADA,"Texto retirado o reformulado para equivalencia proposicional explícita con C-1234 + C-1242; se verificaron Afirmación, SPO y Motivo sin heredar el rango de la fila."
data/tablas/10/table-47-10-1-tabla-consolidada-de-rasgos-con-coste.csv,2,si es medida o estimada por los autores,4dc6463ed9e8daca7c7a91b0cdb939a980feb133098ff3d7b7c68035097aefaf,no localizada,C-1242,Afirmación+SPO+Motivo,REVISADA,"Texto retirado o reformulado para equivalencia proposicional explícita con C-1242; se verificaron Afirmación, SPO y Motivo sin heredar el rango de la fila."
data/tablas/10/table-47-10-1-tabla-consolidada-de-rasgos-con-coste.csv,3,cifra de coste publicada,f66267241ed056cd2d7aa82616e68d1148bbdfc239624a0b7c94f1faac2088c0,6.8 × 10^9 Vcell^0.54,C-1235,Afirmación+SPO+Motivo,REVISADA,"Texto retirado o reformulado para equivalencia proposicional explícita con C-1235; se verificaron Afirmación, SPO y Motivo sin heredar el rango de la fila."
data/tablas/10/table-47-10-1-tabla-consolidada-de-rasgos-con-coste.csv,3,unidad exacta,40b8a6d452c64e2e7a8ff4d847fc45f8b6a43e99d7bc2439acaa72609a7be3fe,ATP,C-1235,Afirmación+SPO+Motivo,REVISADA,"Texto retirado o reformulado para equivalencia proposicional explícita con C-1235; se verificaron Afirmación, SPO y Motivo sin heredar el rango de la fila."
data/tablas/10/table-47-10-1-tabla-consolidada-de-rasgos-con-coste.csv,3,"organismo, condición experimental o modelo del que procede",361a393f46dc420f6e710298bb8fdbdd7f3a1212bffcda1699b7742eb740e9b4,ciliados; modelo morfométrico,C-1235,Afirmación+SPO+Motivo,REVISADA,"Texto retirado o reformulado para equivalencia proposicional explícita con C-1235; se verificaron Afirmación, SPO y Motivo sin heredar el rango de la fila."
data/tablas/10/table-47-10-1-tabla-consolidada-de-rasgos-con-coste.csv,3,si es medida o estimada por los autores,d81980b14f0164fce73cd368fe580b5cc472eb0dc41298946419d14a42e99fc8,estimada por los autores,C-1235,Afirmación+SPO+Motivo,REVISADA,"Texto retirado o reformulado para equivalencia proposicional explícita con C-1235; se verificaron Afirmación, SPO y Motivo sin heredar el rango de la fila."
data/tablas/10/table-47-10-1-tabla-consolidada-de-rasgos-con-coste.csv,4,cifra de coste publicada,0fd50823c7b182c1695153e89de958941bfbba6d2fed376d0a72daea48c1b3c9,1.5 × 10^9 Vcell^0.41,C-1236,Afirmación+SPO+Motivo,REVISADA,"Texto retirado o reformulado para equivalencia proposicional explícita con C-1236; se verificaron Afirmación, SPO y Motivo sin heredar el rango de la fila."
data/tablas/10/table-47-10-1-tabla-consolidada-de-rasgos-con-coste.csv,4,unidad exacta,40b8a6d452c64e2e7a8ff4d847fc45f8b6a43e99d7bc2439acaa72609a7be3fe,ATP,C-1236,Afirmación+SPO+Motivo,REVISADA,"Texto retirado o reformulado para equivalencia proposicional explícita con C-1236; se verificaron Afirmación, SPO y Motivo sin heredar el rango de la fila."
data/tablas/10/table-47-10-1-tabla-consolidada-de-rasgos-con-coste.csv,4,"organismo, condición experimental o modelo del que procede",361a393f46dc420f6e710298bb8fdbdd7f3a1212bffcda1699b7742eb740e9b4,ciliados; modelo morfométrico,C-1236,Afirmación+SPO+Motivo,REVISADA,"Texto retirado o reformulado para equivalencia proposicional explícita con C-1236; se verificaron Afirmación, SPO y Motivo sin heredar el rango de la fila."
data/tablas/10/table-47-10-1-tabla-consolidada-de-rasgos-con-coste.csv,4,si es medida o estimada por los autores,d81980b14f0164fce73cd368fe580b5cc472eb0dc41298946419d14a42e99fc8,estimada por los autores,C-1236,Afirmación+SPO+Motivo,REVISADA,"Texto retirado o reformulado para equivalencia proposicional explícita con C-1236; se verificaron Afirmación, SPO y Motivo sin heredar el rango de la fila."
data/tablas/10/table-47-10-1-tabla-consolidada-de-rasgos-con-coste.csv,5,cifra de coste publicada,8f643a10d91f46b6225439c53a56bd59308239886daf99f7c6a8ccff5cef4822,1.3 × 10^7,C-1239,Afirmación+SPO+Motivo,REVISADA,"Texto retirado o reformulado para equivalencia proposicional explícita con C-1239; se verificaron Afirmación, SPO y Motivo sin heredar el rango de la fila."
data/tablas/10/table-47-10-1-tabla-consolidada-de-rasgos-con-coste.csv,5,unidad exacta,ac212aaa28acd9b58def06be459a769ef1c6c9b88c4a40c613b88ffbd6877c34,ATP por poro,C-1239,Afirmación+SPO+Motivo,REVISADA,"Texto retirado o reformulado para equivalencia proposicional explícita con C-1239; se verificaron Afirmación, SPO y Motivo sin heredar el rango de la fila."
data/tablas/10/table-47-10-1-tabla-consolidada-de-rasgos-con-coste.csv,5,"organismo, condición experimental o modelo del que procede",43aab2000297a69a79f0f85799d8b31ad8181e0b8eb69e066dff718f2f0b1d2c,levadura; masa molecular y composición,C-1239,Afirmación+SPO+Motivo,REVISADA,"Texto retirado o reformulado para equivalencia proposicional explícita con C-1239; se verificaron Afirmación, SPO y Motivo sin heredar el rango de la fila."
data/tablas/10/table-47-10-1-tabla-consolidada-de-rasgos-con-coste.csv,5,si es medida o estimada por los autores,d81980b14f0164fce73cd368fe580b5cc472eb0dc41298946419d14a42e99fc8,estimada por los autores,C-1239,Afirmación+SPO+Motivo,REVISADA,"Texto retirado o reformulado para equivalencia proposicional explícita con C-1239; se verificaron Afirmación, SPO y Motivo sin heredar el rango de la fila."
data/tablas/10/table-47-10-1-tabla-consolidada-de-rasgos-con-coste.csv,6,cifra de coste publicada,5bf1f4587cbcee53563df7f0aa6af8da06aa78cbf5e36f2e8423ece39e710e7c,SIN CIFRA PUBLICADA LOCALIZADA,C-1234; C-1252,Afirmación+SPO+Motivo,REVISADA,"Texto retirado o reformulado para equivalencia proposicional explícita con C-1234 + C-1252; se verificaron Afirmación, SPO y Motivo sin heredar el rango de la fila."
data/tablas/10/table-47-10-1-tabla-consolidada-de-rasgos-con-coste.csv,6,unidad exacta,5bf1f4587cbcee53563df7f0aa6af8da06aa78cbf5e36f2e8423ece39e710e7c,SIN CIFRA PUBLICADA LOCALIZADA,C-1234; C-1252,Afirmación+SPO+Motivo,REVISADA,"Texto retirado o reformulado para equivalencia proposicional explícita con C-1234 + C-1252; se verificaron Afirmación, SPO y Motivo sin heredar el rango de la fila."
data/tablas/10/table-47-10-1-tabla-consolidada-de-rasgos-con-coste.csv,6,si es medida o estimada por los autores,4dc6463ed9e8daca7c7a91b0cdb939a980feb133098ff3d7b7c68035097aefaf,no localizada,C-1252,Afirmación+SPO+Motivo,REVISADA,"Texto retirado o reformulado para equivalencia proposicional explícita con C-1252; se verificaron Afirmación, SPO y Motivo sin heredar el rango de la fila."
data/tablas/10/table-47-10-1-tabla-consolidada-de-rasgos-con-coste.csv,7,cifra de coste publicada,f500725c16d330d12f3625a8131160465b6ad6484e6e5f39bcf4a657893e20ab,1.67 × 10^7,C-1243,Afirmación+SPO+Motivo,REVISADA,"Texto retirado o reformulado para equivalencia proposicional explícita con C-1243; se verificaron Afirmación, SPO y Motivo sin heredar el rango de la fila."
data/tablas/10/table-47-10-1-tabla-consolidada-de-rasgos-con-coste.csv,7,unidad exacta,0f6ba3f2ab9affdaaa4d75b6f3f2f4c11e58cebc9faddc89e9e3483bfaabbd09,ATP por vesícula,C-1243,Afirmación+SPO+Motivo,REVISADA,"Texto retirado o reformulado para equivalencia proposicional explícita con C-1243; se verificaron Afirmación, SPO y Motivo sin heredar el rango de la fila."
data/tablas/10/table-47-10-1-tabla-consolidada-de-rasgos-con-coste.csv,7,"organismo, condición experimental o modelo del que procede",92057b2465d0541d1b510f78092a28c5d97f5ce635342fe2476b3617d84aefc4,vesícula de 50 nm; 140 s,C-1243,Afirmación+SPO+Motivo,REVISADA,"Texto retirado o reformulado para equivalencia proposicional explícita con C-1243; se verificaron Afirmación, SPO y Motivo sin heredar el rango de la fila."
data/tablas/10/table-47-10-1-tabla-consolidada-de-rasgos-con-coste.csv,7,si es medida o estimada por los autores,d81980b14f0164fce73cd368fe580b5cc472eb0dc41298946419d14a42e99fc8,estimada por los autores,C-1243,Afirmación+SPO+Motivo,REVISADA,"Texto retirado o reformulado para equivalencia proposicional explícita con C-1243; se verificaron Afirmación, SPO y Motivo sin heredar el rango de la fila."
data/tablas/10/table-47-10-1-tabla-consolidada-de-rasgos-con-coste.csv,8,cifra de coste publicada,1523e9e982ff804c6d979e1bb2c6f3d7bae35307e8ce458bffc0d12a442b98da,1.1,C-1247,Afirmación+SPO+Motivo,REVISADA,"Texto retirado o reformulado para equivalencia proposicional explícita con C-1247; se verificaron Afirmación, SPO y Motivo sin heredar el rango de la fila."
data/tablas/10/table-47-10-1-tabla-consolidada-de-rasgos-con-coste.csv,8,unidad exacta,c7507566b21458e177d7cf6f29392d1f8cc7eb881914eb10361c324ef64be812,% del presupuesto celular,C-1247,Afirmación+SPO+Motivo,REVISADA,"Texto retirado o reformulado para equivalencia proposicional explícita con C-1247; se verificaron Afirmación, SPO y Motivo sin heredar el rango de la fila."
data/tablas/10/table-47-10-1-tabla-consolidada-de-rasgos-con-coste.csv,8,"organismo, condición experimental o modelo del que procede",5786b402019014abbd56904247507464a3aa44a30bdbb5c34651606e0dd95617,Ostreococcus tauri,C-1247,Afirmación+SPO+Motivo,REVISADA,"Texto retirado o reformulado para equivalencia proposicional explícita con C-1247; se verificaron Afirmación, SPO y Motivo sin heredar el rango de la fila."
data/tablas/10/table-47-10-1-tabla-consolidada-de-rasgos-con-coste.csv,8,si es medida o estimada por los autores,d81980b14f0164fce73cd368fe580b5cc472eb0dc41298946419d14a42e99fc8,estimada por los autores,C-1247,Afirmación+SPO+Motivo,REVISADA,"Texto retirado o reformulado para equivalencia proposicional explícita con C-1247; se verificaron Afirmación, SPO y Motivo sin heredar el rango de la fila."
data/tablas/10/table-47-10-1-tabla-consolidada-de-rasgos-con-coste.csv,9,cifra de coste publicada,6e2ae11dad0616f66bbb2b6e6556f580bb987fd911d7132aa6bee2bfc7cc7b52,21,C-1250,Afirmación+SPO+Motivo,REVISADA,"Texto retirado o reformulado para equivalencia proposicional explícita con C-1250; se verificaron Afirmación, SPO y Motivo sin heredar el rango de la fila."
data/tablas/10/table-47-10-1-tabla-consolidada-de-rasgos-con-coste.csv,9,unidad exacta,c7507566b21458e177d7cf6f29392d1f8cc7eb881914eb10361c324ef64be812,% del presupuesto celular,C-1250,Afirmación+SPO+Motivo,REVISADA,"Texto retirado o reformulado para equivalencia proposicional explícita con C-1250; se verificaron Afirmación, SPO y Motivo sin heredar el rango de la fila."
data/tablas/10/table-47-10-1-tabla-consolidada-de-rasgos-con-coste.csv,9,"organismo, condición experimental o modelo del que procede",e703ff38b6934b0713f99049f87316e924b23e6cad77c81ca7be566323561b99,célula pancreática de Sus scrofa,C-1250,Afirmación+SPO+Motivo,REVISADA,"Texto retirado o reformulado para equivalencia proposicional explícita con C-1250; se verificaron Afirmación, SPO y Motivo sin heredar el rango de la fila."
data/tablas/10/table-47-10-1-tabla-consolidada-de-rasgos-con-coste.csv,9,si es medida o estimada por los autores,d81980b14f0164fce73cd368fe580b5cc472eb0dc41298946419d14a42e99fc8,estimada por los autores,C-1250,Afirmación+SPO+Motivo,REVISADA,"Texto retirado o reformulado para equivalencia proposicional explícita con C-1250; se verificaron Afirmación, SPO y Motivo sin heredar el rango de la fila."
data/tablas/10/table-47-10-1-tabla-consolidada-de-rasgos-con-coste.csv,10,cifra de coste publicada,cd17004cfbb56b1436fbc43d0e5ed1cdd61aaf8d0f66ac6e5f10440283465d9a,0.4%; 1.1 × 10^10,C-1257,Afirmación+SPO+Motivo,REVISADA,"Texto retirado o reformulado para equivalencia proposicional explícita con C-1257; se verificaron Afirmación, SPO y Motivo sin heredar el rango de la fila."
data/tablas/10/table-47-10-1-tabla-consolidada-de-rasgos-con-coste.csv,10,unidad exacta,718c1f95c92096bbe5260817ce0884ee24ce163f778f4f7dca3dad5a1f6c8965,% del presupuesto; ATP,C-1257,Afirmación+SPO+Motivo,REVISADA,"Texto retirado o reformulado para equivalencia proposicional explícita con C-1257; se verificaron Afirmación, SPO y Motivo sin heredar el rango de la fila."
data/tablas/10/table-47-10-1-tabla-consolidada-de-rasgos-con-coste.csv,10,"organismo, condición experimental o modelo del que procede",736090431eb40c76ec81e60fcef6821d1bf0f359cc5f00be3d1aaf372215be79,Schizosaccharomyces pombe,C-1257,Afirmación+SPO+Motivo,REVISADA,"Texto retirado o reformulado para equivalencia proposicional explícita con C-1257; se verificaron Afirmación, SPO y Motivo sin heredar el rango de la fila."
data/tablas/10/table-47-10-1-tabla-consolidada-de-rasgos-con-coste.csv,11,cifra de coste publicada,17254e8cd9f8fe1884132394cdcbb4339fbb529fa5017fb848883303a297f004,5.0 × 10^10,C-1255,Afirmación+SPO+Motivo,REVISADA,"Texto retirado o reformulado para equivalencia proposicional explícita con C-1255; se verificaron Afirmación, SPO y Motivo sin heredar el rango de la fila."
data/tablas/10/table-47-10-1-tabla-consolidada-de-rasgos-con-coste.csv,11,unidad exacta,40b8a6d452c64e2e7a8ff4d847fc45f8b6a43e99d7bc2439acaa72609a7be3fe,ATP,C-1255,Afirmación+SPO+Motivo,REVISADA,"Texto retirado o reformulado para equivalencia proposicional explícita con C-1255; se verificaron Afirmación, SPO y Motivo sin heredar el rango de la fila."
data/tablas/10/table-47-10-1-tabla-consolidada-de-rasgos-con-coste.csv,11,"organismo, condición experimental o modelo del que procede",1e982544d171445ca336141206c7ab4ee1e3d6159649f82b7684ea0aca7bfd07,célula idealizada de Ochromonas,C-1255,Afirmación+SPO+Motivo,REVISADA,"Texto retirado o reformulado para equivalencia proposicional explícita con C-1255; se verificaron Afirmación, SPO y Motivo sin heredar el rango de la fila."
data/tablas/10/table-47-10-1-tabla-consolidada-de-rasgos-con-coste.csv,11,si es medida o estimada por los autores,d81980b14f0164fce73cd368fe580b5cc472eb0dc41298946419d14a42e99fc8,estimada por los autores,C-1255,Afirmación+SPO+Motivo,REVISADA,"Texto retirado o reformulado para equivalencia proposicional explícita con C-1255; se verificaron Afirmación, SPO y Motivo sin heredar el rango de la fila."
data/tablas/10/table-47-10-1-tabla-consolidada-de-rasgos-con-coste.csv,12,cifra de coste publicada,3cd9c17be607a6b6db37125ab2426210b1858dae20288ac4d2186f2322d9fc65,0.1%; 1.4 × 10^9,C-1256,Afirmación+SPO+Motivo,REVISADA,"Texto retirado o reformulado para equivalencia proposicional explícita con C-1256; se verificaron Afirmación, SPO y Motivo sin heredar el rango de la fila."
data/tablas/10/table-47-10-1-tabla-consolidada-de-rasgos-con-coste.csv,12,unidad exacta,718c1f95c92096bbe5260817ce0884ee24ce163f778f4f7dca3dad5a1f6c8965,% del presupuesto; ATP,C-1256,Afirmación+SPO+Motivo,REVISADA,"Texto retirado o reformulado para equivalencia proposicional explícita con C-1256; se verificaron Afirmación, SPO y Motivo sin heredar el rango de la fila."
data/tablas/10/table-47-10-1-tabla-consolidada-de-rasgos-con-coste.csv,12,"organismo, condición experimental o modelo del que procede",d8acea295c157609865e7ca54cf9c1bb7a806c6252a7c002f1a466338529ba1b,Saccharomyces cerevisiae,C-1256,Afirmación+SPO+Motivo,REVISADA,"Texto retirado o reformulado para equivalencia proposicional explícita con C-1256; se verificaron Afirmación, SPO y Motivo sin heredar el rango de la fila."
data/tablas/10/table-47-10-1-tabla-consolidada-de-rasgos-con-coste.csv,13,qué habilita,4652b10907156260c12fceea394b012a9e358afcc924e5b1d77b4a14daccdc01,adquisición de partículas,C-1343,Afirmación+SPO+Motivo,REVISADA,"Texto retirado o reformulado para equivalencia proposicional explícita con C-1343; se verificaron Afirmación, SPO y Motivo sin heredar el rango de la fila."
data/tablas/10/table-47-10-1-tabla-consolidada-de-rasgos-con-coste.csv,13,cifra de coste publicada,5bf1f4587cbcee53563df7f0aa6af8da06aa78cbf5e36f2e8423ece39e710e7c,SIN CIFRA PUBLICADA LOCALIZADA,C-1234; C-1267,Afirmación+SPO+Motivo,REVISADA,"Texto retirado o reformulado para equivalencia proposicional explícita con C-1234 + C-1267; se verificaron Afirmación, SPO y Motivo sin heredar el rango de la fila."
data/tablas/10/table-47-10-1-tabla-consolidada-de-rasgos-con-coste.csv,13,unidad exacta,5bf1f4587cbcee53563df7f0aa6af8da06aa78cbf5e36f2e8423ece39e710e7c,SIN CIFRA PUBLICADA LOCALIZADA,C-1234; C-1267,Afirmación+SPO+Motivo,REVISADA,"Texto retirado o reformulado para equivalencia proposicional explícita con C-1234 + C-1267; se verificaron Afirmación, SPO y Motivo sin heredar el rango de la fila."
data/tablas/10/table-47-10-1-tabla-consolidada-de-rasgos-con-coste.csv,13,"organismo, condición experimental o modelo del que procede",4663b4ae5a4b071b6ebea1fb42cca197cd8ce719116e8761cb92886919e1aa8e,holozoos unicelulares o comparandos inmediatos,C-1267,Afirmación+SPO+Motivo,REVISADA,"Texto retirado o reformulado para equivalencia proposicional explícita con C-1267; se verificaron Afirmación, SPO y Motivo sin heredar el rango de la fila."
data/tablas/10/table-47-10-1-tabla-consolidada-de-rasgos-con-coste.csv,13,si es medida o estimada por los autores,4dc6463ed9e8daca7c7a91b0cdb939a980feb133098ff3d7b7c68035097aefaf,no localizada,C-1267,Afirmación+SPO+Motivo,REVISADA,"Texto retirado o reformulado para equivalencia proposicional explícita con C-1267; se verificaron Afirmación, SPO y Motivo sin heredar el rango de la fila."
data/tablas/10/table-47-10-1-tabla-consolidada-de-rasgos-con-coste.csv,13,compensación documentada,75068ba3535c73bd95f20497f2345d12bceaace07e4a0ec1aebe6840b3562854,adquisición de partículas; balance energético neto comparable no localizado,C-1343,Afirmación+SPO+Motivo,REVISADA,"Texto retirado o reformulado para equivalencia proposicional explícita con C-1343; se verificaron Afirmación, SPO y Motivo sin heredar el rango de la fila."
data/tablas/10/table-47-10-1-tabla-consolidada-de-rasgos-con-coste.csv,14,cifra de coste publicada,5bf1f4587cbcee53563df7f0aa6af8da06aa78cbf5e36f2e8423ece39e710e7c,SIN CIFRA PUBLICADA LOCALIZADA,C-1234; C-1270,Afirmación+SPO+Motivo,REVISADA,"Texto retirado o reformulado para equivalencia proposicional explícita con C-1234 + C-1270; se verificaron Afirmación, SPO y Motivo sin heredar el rango de la fila."
data/tablas/10/table-47-10-1-tabla-consolidada-de-rasgos-con-coste.csv,14,unidad exacta,5bf1f4587cbcee53563df7f0aa6af8da06aa78cbf5e36f2e8423ece39e710e7c,SIN CIFRA PUBLICADA LOCALIZADA,C-1234; C-1270,Afirmación+SPO+Motivo,REVISADA,"Texto retirado o reformulado para equivalencia proposicional explícita con C-1234 + C-1270; se verificaron Afirmación, SPO y Motivo sin heredar el rango de la fila."
data/tablas/10/table-47-10-1-tabla-consolidada-de-rasgos-con-coste.csv,14,si es medida o estimada por los autores,4dc6463ed9e8daca7c7a91b0cdb939a980feb133098ff3d7b7c68035097aefaf,no localizada,C-1270,Afirmación+SPO+Motivo,REVISADA,"Texto retirado o reformulado para equivalencia proposicional explícita con C-1270; se verificaron Afirmación, SPO y Motivo sin heredar el rango de la fila."
data/tablas/10/table-47-10-1-tabla-consolidada-de-rasgos-con-coste.csv,15,cifra de coste publicada,5bf1f4587cbcee53563df7f0aa6af8da06aa78cbf5e36f2e8423ece39e710e7c,SIN CIFRA PUBLICADA LOCALIZADA,C-1234; C-1277,Afirmación+SPO+Motivo,REVISADA,"Texto retirado o reformulado para equivalencia proposicional explícita con C-1234 + C-1277; se verificaron Afirmación, SPO y Motivo sin heredar el rango de la fila."
data/tablas/10/table-47-10-1-tabla-consolidada-de-rasgos-con-coste.csv,15,unidad exacta,5bf1f4587cbcee53563df7f0aa6af8da06aa78cbf5e36f2e8423ece39e710e7c,SIN CIFRA PUBLICADA LOCALIZADA,C-1234; C-1277,Afirmación+SPO+Motivo,REVISADA,"Texto retirado o reformulado para equivalencia proposicional explícita con C-1234 + C-1277; se verificaron Afirmación, SPO y Motivo sin heredar el rango de la fila."
data/tablas/10/table-47-10-1-tabla-consolidada-de-rasgos-con-coste.csv,15,"organismo, condición experimental o modelo del que procede",36903e9b50dd2c562881f14337069607ee480ea750910265e605e152d6229ef9,"protistas; comparación de mitosis abierta, cerrada y semiabierta",C-1277,Afirmación+SPO+Motivo,REVISADA,"Texto retirado o reformulado para equivalencia proposicional explícita con C-1277; se verificaron Afirmación, SPO y Motivo sin heredar el rango de la fila."
data/tablas/10/table-47-10-1-tabla-consolidada-de-rasgos-con-coste.csv,15,si es medida o estimada por los autores,282c45c2165b3eb071d016021842aab16604d37e0db6bd657518a741e8e06e29,no localizada para la comparación total,C-1277,Afirmación+SPO+Motivo,REVISADA,"Texto retirado o reformulado para equivalencia proposicional explícita con C-1277; se verificaron Afirmación, SPO y Motivo sin heredar el rango de la fila."
data/tablas/10/table-47-10-1-tabla-consolidada-de-rasgos-con-coste.csv,16,cifra de coste publicada,5bf1f4587cbcee53563df7f0aa6af8da06aa78cbf5e36f2e8423ece39e710e7c,SIN CIFRA PUBLICADA LOCALIZADA,C-1234; C-1277,Afirmación+SPO+Motivo,REVISADA,"Texto retirado o reformulado para equivalencia proposicional explícita con C-1234 + C-1277; se verificaron Afirmación, SPO y Motivo sin heredar el rango de la fila."
data/tablas/10/table-47-10-1-tabla-consolidada-de-rasgos-con-coste.csv,16,unidad exacta,5bf1f4587cbcee53563df7f0aa6af8da06aa78cbf5e36f2e8423ece39e710e7c,SIN CIFRA PUBLICADA LOCALIZADA,C-1234; C-1277,Afirmación+SPO+Motivo,REVISADA,"Texto retirado o reformulado para equivalencia proposicional explícita con C-1234 + C-1277; se verificaron Afirmación, SPO y Motivo sin heredar el rango de la fila."
data/tablas/10/table-47-10-1-tabla-consolidada-de-rasgos-con-coste.csv,16,"organismo, condición experimental o modelo del que procede",36903e9b50dd2c562881f14337069607ee480ea750910265e605e152d6229ef9,"protistas; comparación de mitosis abierta, cerrada y semiabierta",C-1277,Afirmación+SPO+Motivo,REVISADA,"Texto retirado o reformulado para equivalencia proposicional explícita con C-1277; se verificaron Afirmación, SPO y Motivo sin heredar el rango de la fila."
data/tablas/10/table-47-10-1-tabla-consolidada-de-rasgos-con-coste.csv,16,si es medida o estimada por los autores,282c45c2165b3eb071d016021842aab16604d37e0db6bd657518a741e8e06e29,no localizada para la comparación total,C-1277,Afirmación+SPO+Motivo,REVISADA,"Texto retirado o reformulado para equivalencia proposicional explícita con C-1277; se verificaron Afirmación, SPO y Motivo sin heredar el rango de la fila."
data/tablas/10/table-47-10-1-tabla-consolidada-de-rasgos-con-coste.csv,17,qué habilita,ba360d54b94ab33c0a02f166725c386b63677b5bef3008a22d171cfe5ab5f51f,síntesis de ATP acoplada a gradientes electroquímicos,C-1344,Afirmación+SPO+Motivo,REVISADA,"Texto retirado o reformulado para equivalencia proposicional explícita con C-1344; se verificaron Afirmación, SPO y Motivo sin heredar el rango de la fila."
data/tablas/10/table-47-10-1-tabla-consolidada-de-rasgos-con-coste.csv,17,cifra de coste publicada,5bf1f4587cbcee53563df7f0aa6af8da06aa78cbf5e36f2e8423ece39e710e7c,SIN CIFRA PUBLICADA LOCALIZADA,C-1234; C-1284,Afirmación+SPO+Motivo,REVISADA,"Texto retirado o reformulado para equivalencia proposicional explícita con C-1234 + C-1284; se verificaron Afirmación, SPO y Motivo sin heredar el rango de la fila."
data/tablas/10/table-47-10-1-tabla-consolidada-de-rasgos-con-coste.csv,17,unidad exacta,5bf1f4587cbcee53563df7f0aa6af8da06aa78cbf5e36f2e8423ece39e710e7c,SIN CIFRA PUBLICADA LOCALIZADA,C-1234; C-1284,Afirmación+SPO+Motivo,REVISADA,"Texto retirado o reformulado para equivalencia proposicional explícita con C-1234 + C-1284; se verificaron Afirmación, SPO y Motivo sin heredar el rango de la fila."
data/tablas/10/table-47-10-1-tabla-consolidada-de-rasgos-con-coste.csv,17,"organismo, condición experimental o modelo del que procede",ad3a4377e71f9ec5b3661f0e2e3aaba720979ddd22738741136f5cace59b5496,mitocondria ancestral,C-1284,Afirmación+SPO+Motivo,REVISADA,"Texto retirado o reformulado para equivalencia proposicional explícita con C-1284; se verificaron Afirmación, SPO y Motivo sin heredar el rango de la fila."
data/tablas/10/table-47-10-1-tabla-consolidada-de-rasgos-con-coste.csv,17,si es medida o estimada por los autores,d1fa240f89997746dfc6ceceb5f407a5fb45cafd696ebea1e08477a294ecaea9,no localizado,C-1284,Afirmación+SPO+Motivo,REVISADA,"Texto retirado o reformulado para equivalencia proposicional explícita con C-1284; se verificaron Afirmación, SPO y Motivo sin heredar el rango de la fila."
data/tablas/10/table-47-10-1-tabla-consolidada-de-rasgos-con-coste.csv,17,compensación documentada,fb30ebafa41ad2c03aac99c0c0361b60c09037c7f9e27f00301611ffe6771fc0,La fosforilación oxidativa proporciona síntesis de ATP acoplada a gradientes electroquímicos; coste bruto y beneficio neto no son intercambiables,C-1284; C-1344,Afirmación+SPO+Motivo,REVISADA,"Texto retirado o reformulado para equivalencia proposicional explícita con C-1284 + C-1344; se verificaron Afirmación, SPO y Motivo sin heredar el rango de la fila."
data/tablas/10/table-47-10-1-tabla-consolidada-de-rasgos-con-coste.csv,18,cifra de coste publicada,8447f43c0720c54425927f5b8ee2686bf22a2147079e82844de230f9c92005d1,4–17,C-1279,Afirmación+SPO+Motivo,REVISADA,"Texto retirado o reformulado para equivalencia proposicional explícita con C-1279; se verificaron Afirmación, SPO y Motivo sin heredar el rango de la fila."
data/tablas/10/table-47-10-1-tabla-consolidada-de-rasgos-con-coste.csv,18,unidad exacta,c7507566b21458e177d7cf6f29392d1f8cc7eb881914eb10361c324ef64be812,% del presupuesto celular,C-1279,Afirmación+SPO+Motivo,REVISADA,"Texto retirado o reformulado para equivalencia proposicional explícita con C-1279; se verificaron Afirmación, SPO y Motivo sin heredar el rango de la fila."
data/tablas/10/table-47-10-1-tabla-consolidada-de-rasgos-con-coste.csv,18,"organismo, condición experimental o modelo del que procede",a38eb025ee92124a28588e14be373c36bd6ee2d3bc2d4431fb1e406eee8176e7,ciliados,C-1279,Afirmación+SPO+Motivo,REVISADA,"Texto retirado o reformulado para equivalencia proposicional explícita con C-1279; se verificaron Afirmación, SPO y Motivo sin heredar el rango de la fila."
data/tablas/10/table-47-10-1-tabla-consolidada-de-rasgos-con-coste.csv,18,si es medida o estimada por los autores,d81980b14f0164fce73cd368fe580b5cc472eb0dc41298946419d14a42e99fc8,estimada por los autores,C-1279,Afirmación+SPO+Motivo,REVISADA,"Texto retirado o reformulado para equivalencia proposicional explícita con C-1279; se verificaron Afirmación, SPO y Motivo sin heredar el rango de la fila."
data/tablas/10/table-47-10-1-tabla-consolidada-de-rasgos-con-coste.csv,19,qué habilita,4da17c24e14eff6119a19f03faa79c8eea7ab26accd884aa8d23bddb3ec6e72e,natación con adquisición de recursos dependiente del ambiente,C-1342,Afirmación+SPO+Motivo,REVISADA,"Texto retirado o reformulado para equivalencia proposicional explícita con C-1342; se verificaron Afirmación, SPO y Motivo sin heredar el rango de la fila."
data/tablas/10/table-47-10-1-tabla-consolidada-de-rasgos-con-coste.csv,19,dependencias previas que exige,7cc68ee1062b6a778e3f9f09add33e76d7b0279d533fcd1d2deb95497fb94e77,"microtúbulos, dineínas y membrana celular",C-1847,Afirmación+SPO+Motivo,REVISADA,"Texto retirado o reformulado para equivalencia proposicional explícita con C-1847; se verificaron Afirmación, SPO y Motivo sin heredar el rango de la fila."
data/tablas/10/table-47-10-1-tabla-consolidada-de-rasgos-con-coste.csv,19,cifra de coste publicada,c8ecb815a8b217a8019a9d78fb315b099d93000b880978a237551ed3ee588377,6.15 × 10^10,C-1285,Afirmación+SPO+Motivo,REVISADA,"Texto retirado o reformulado para equivalencia proposicional explícita con C-1285; se verificaron Afirmación, SPO y Motivo sin heredar el rango de la fila."
data/tablas/10/table-47-10-1-tabla-consolidada-de-rasgos-con-coste.csv,19,unidad exacta,5a0c3c3a172b3b724904e0597fa8affb41e940ccba7a3f233da00f81d96bfd2c,ATP por célula,C-1285,Afirmación+SPO+Motivo,REVISADA,"Texto retirado o reformulado para equivalencia proposicional explícita con C-1285; se verificaron Afirmación, SPO y Motivo sin heredar el rango de la fila."
data/tablas/10/table-47-10-1-tabla-consolidada-de-rasgos-con-coste.csv,19,"organismo, condición experimental o modelo del que procede",751191774118fe5af476ef27a46668bee5a804e239dfa13ee491bb5b70cda7c6,dos flagelos de Chlamydomonas,C-1285,Afirmación+SPO+Motivo,REVISADA,"Texto retirado o reformulado para equivalencia proposicional explícita con C-1285; se verificaron Afirmación, SPO y Motivo sin heredar el rango de la fila."
data/tablas/10/table-47-10-1-tabla-consolidada-de-rasgos-con-coste.csv,19,si es medida o estimada por los autores,d81980b14f0164fce73cd368fe580b5cc472eb0dc41298946419d14a42e99fc8,estimada por los autores,C-1285,Afirmación+SPO+Motivo,REVISADA,"Texto retirado o reformulado para equivalencia proposicional explícita con C-1285; se verificaron Afirmación, SPO y Motivo sin heredar el rango de la fila."
data/tablas/10/table-47-10-1-tabla-consolidada-de-rasgos-con-coste.csv,19,compensación documentada,886fc7de1111ce406ccdb10ee62fcd00d831d977ecdb9674d8841d37fdc6abe2,La natación puede compensar el coste flagelar cuando aumenta suficientemente la adquisición de recursos en un ambiente concreto,C-1342,Afirmación+SPO+Motivo,REVISADA,"Texto retirado o reformulado para equivalencia proposicional explícita con C-1342; se verificaron Afirmación, SPO y Motivo sin heredar el rango de la fila."
data/tablas/10/table-47-10-1-tabla-consolidada-de-rasgos-con-coste.csv,20,qué habilita,4da17c24e14eff6119a19f03faa79c8eea7ab26accd884aa8d23bddb3ec6e72e,natación con adquisición de recursos dependiente del ambiente,C-1342,Afirmación+SPO+Motivo,REVISADA,"Texto retirado o reformulado para equivalencia proposicional explícita con C-1342; se verificaron Afirmación, SPO y Motivo sin heredar el rango de la fila."
data/tablas/10/table-47-10-1-tabla-consolidada-de-rasgos-con-coste.csv,20,dependencias previas que exige,32d82c16aaf5964d262bb0f81cedc517054ea5c1987de9fffb03c5f9be55a398,dineínas y ATP,C-1287; C-1847,Afirmación+SPO+Motivo,REVISADA,"Texto retirado o reformulado para equivalencia proposicional explícita con C-1287 + C-1847; se verificaron Afirmación, SPO y Motivo sin heredar el rango de la fila."
data/tablas/10/table-47-10-1-tabla-consolidada-de-rasgos-con-coste.csv,20,cifra de coste publicada,ef2300f1560cfaa759df9b5c398af616be57dd1cf9f77ffc7233300013c003ad,9.7 × 10^5,C-1287,Afirmación+SPO+Motivo,REVISADA,"Texto retirado o reformulado para equivalencia proposicional explícita con C-1287; se verificaron Afirmación, SPO y Motivo sin heredar el rango de la fila."
data/tablas/10/table-47-10-1-tabla-consolidada-de-rasgos-con-coste.csv,20,unidad exacta,98799d94b0f53932665cadf65cfe251a5209d42633b28b89f02e49b7b06cb1a4,ATP s^-1 flagelo^-1,C-1287,Afirmación+SPO+Motivo,REVISADA,"Texto retirado o reformulado para equivalencia proposicional explícita con C-1287; se verificaron Afirmación, SPO y Motivo sin heredar el rango de la fila."
data/tablas/10/table-47-10-1-tabla-consolidada-de-rasgos-con-coste.csv,20,"organismo, condición experimental o modelo del que procede",76a311389582a629b1112262be023b65e70808b7d08226b6d087882981b99968,Chlamydomonas,C-1287,Afirmación+SPO+Motivo,REVISADA,"Texto retirado o reformulado para equivalencia proposicional explícita con C-1287; se verificaron Afirmación, SPO y Motivo sin heredar el rango de la fila."
data/tablas/10/table-47-10-1-tabla-consolidada-de-rasgos-con-coste.csv,20,si es medida o estimada por los autores,d81980b14f0164fce73cd368fe580b5cc472eb0dc41298946419d14a42e99fc8,estimada por los autores,C-1287,Afirmación+SPO+Motivo,REVISADA,"Texto retirado o reformulado para equivalencia proposicional explícita con C-1287; se verificaron Afirmación, SPO y Motivo sin heredar el rango de la fila."
data/tablas/10/table-47-10-1-tabla-consolidada-de-rasgos-con-coste.csv,20,compensación documentada,886fc7de1111ce406ccdb10ee62fcd00d831d977ecdb9674d8841d37fdc6abe2,La natación puede compensar el coste flagelar cuando aumenta suficientemente la adquisición de recursos en un ambiente concreto,C-1342,Afirmación+SPO+Motivo,REVISADA,"Texto retirado o reformulado para equivalencia proposicional explícita con C-1342; se verificaron Afirmación, SPO y Motivo sin heredar el rango de la fila."
data/tablas/10/table-47-10-1-tabla-consolidada-de-rasgos-con-coste.csv,21,qué habilita,2539c95a27225468adf6dbd6c9d85cfa7643c4edde79a773e735a3e1a604c3bf,persistencia del contacto y salidas funcionales cuantificables,C-1345,Afirmación+SPO+Motivo,REVISADA,"Texto retirado o reformulado para equivalencia proposicional explícita con C-1345; se verificaron Afirmación, SPO y Motivo sin heredar el rango de la fila."
data/tablas/10/table-47-10-1-tabla-consolidada-de-rasgos-con-coste.csv,21,dependencias previas que exige,3e0ccccaa8f30bf69fea1e65969ebcacf19d9935667d6846f751bb33a2dfb42f,integrinas unidas y elementos del citoesqueleto en el parche de S336,C-1293,Afirmación+SPO+Motivo,REVISADA,"Texto retirado o reformulado para equivalencia proposicional explícita con C-1293; se verificaron Afirmación, SPO y Motivo sin heredar el rango de la fila."
data/tablas/10/table-47-10-1-tabla-consolidada-de-rasgos-con-coste.csv,21,cifra de coste publicada,5bf1f4587cbcee53563df7f0aa6af8da06aa78cbf5e36f2e8423ece39e710e7c,SIN CIFRA PUBLICADA LOCALIZADA,C-1234; C-1294,Afirmación+SPO+Motivo,REVISADA,"Texto retirado o reformulado para equivalencia proposicional explícita con C-1234 + C-1294; se verificaron Afirmación, SPO y Motivo sin heredar el rango de la fila."
data/tablas/10/table-47-10-1-tabla-consolidada-de-rasgos-con-coste.csv,21,unidad exacta,5bf1f4587cbcee53563df7f0aa6af8da06aa78cbf5e36f2e8423ece39e710e7c,SIN CIFRA PUBLICADA LOCALIZADA,C-1234; C-1294,Afirmación+SPO+Motivo,REVISADA,"Texto retirado o reformulado para equivalencia proposicional explícita con C-1234 + C-1294; se verificaron Afirmación, SPO y Motivo sin heredar el rango de la fila."
data/tablas/10/table-47-10-1-tabla-consolidada-de-rasgos-con-coste.csv,21,"organismo, condición experimental o modelo del que procede",a4f4b09b92a04a40fa0f1e39512fa550ac74857466bc040de6d88d33a01128bc,coanoflagelados y filastereos,C-1294,Afirmación+SPO+Motivo,REVISADA,"Texto retirado o reformulado para equivalencia proposicional explícita con C-1294; se verificaron Afirmación, SPO y Motivo sin heredar el rango de la fila."
data/tablas/10/table-47-10-1-tabla-consolidada-de-rasgos-con-coste.csv,21,si es medida o estimada por los autores,4dc6463ed9e8daca7c7a91b0cdb939a980feb133098ff3d7b7c68035097aefaf,no localizada,C-1294,Afirmación+SPO+Motivo,REVISADA,"Texto retirado o reformulado para equivalencia proposicional explícita con C-1294; se verificaron Afirmación, SPO y Motivo sin heredar el rango de la fila."
data/tablas/10/table-47-10-1-tabla-consolidada-de-rasgos-con-coste.csv,21,compensación documentada,a85c2c6b978b8342ac61504a3d06ef461e9644a0c6d6d7cf2ba2853c441bc249,"agregación, reversibilidad, proliferación e interfaz gamética son salidas funcionales medibles, no ATP",C-1294; C-1345,Afirmación+SPO+Motivo,REVISADA,"Texto retirado o reformulado para equivalencia proposicional explícita con C-1294 + C-1345; se verificaron Afirmación, SPO y Motivo sin heredar el rango de la fila."
data/tablas/10/table-47-10-1-tabla-consolidada-de-rasgos-con-coste.csv,22,qué habilita,9289b7e1cba0bd547c423d80ff4028816c07d373763df765f13f3b3d2d5c5811,"salidas funcionales medibles en rutas p38, Ca²⁺ y Cupidon",C-1299,Afirmación+SPO+Motivo,REVISADA,"Texto retirado o reformulado para equivalencia proposicional explícita con C-1299; se verificaron Afirmación, SPO y Motivo sin heredar el rango de la fila."
data/tablas/10/table-47-10-1-tabla-consolidada-de-rasgos-con-coste.csv,22,dependencias previas que exige,67ac2c6d7176f677ce3a15f171f8e761edbfb403acc3e93cd1a64828ff7385c5,GTP en el ciclo de activación y desactivación de Gα,C-1295,Afirmación+SPO+Motivo,REVISADA,"Texto retirado o reformulado para equivalencia proposicional explícita con C-1295; se verificaron Afirmación, SPO y Motivo sin heredar el rango de la fila."
data/tablas/10/table-47-10-1-tabla-consolidada-de-rasgos-con-coste.csv,22,cifra de coste publicada,5bf1f4587cbcee53563df7f0aa6af8da06aa78cbf5e36f2e8423ece39e710e7c,SIN CIFRA PUBLICADA LOCALIZADA,C-1234; C-1299,Afirmación+SPO+Motivo,REVISADA,"Texto retirado o reformulado para equivalencia proposicional explícita con C-1234 + C-1299; se verificaron Afirmación, SPO y Motivo sin heredar el rango de la fila."
data/tablas/10/table-47-10-1-tabla-consolidada-de-rasgos-con-coste.csv,22,unidad exacta,5bf1f4587cbcee53563df7f0aa6af8da06aa78cbf5e36f2e8423ece39e710e7c,SIN CIFRA PUBLICADA LOCALIZADA,C-1234; C-1299,Afirmación+SPO+Motivo,REVISADA,"Texto retirado o reformulado para equivalencia proposicional explícita con C-1234 + C-1299; se verificaron Afirmación, SPO y Motivo sin heredar el rango de la fila."
data/tablas/10/table-47-10-1-tabla-consolidada-de-rasgos-con-coste.csv,22,"organismo, condición experimental o modelo del que procede",6980ebde888371455df2ca3a872bc64bec53539155259ff5522127d6c58f58aa,célula del corredor,C-1299,Afirmación+SPO+Motivo,REVISADA,"Texto retirado o reformulado para equivalencia proposicional explícita con C-1299; se verificaron Afirmación, SPO y Motivo sin heredar el rango de la fila."
data/tablas/10/table-47-10-1-tabla-consolidada-de-rasgos-con-coste.csv,22,si es medida o estimada por los autores,4dc6463ed9e8daca7c7a91b0cdb939a980feb133098ff3d7b7c68035097aefaf,no localizada,C-1299,Afirmación+SPO+Motivo,REVISADA,"Texto retirado o reformulado para equivalencia proposicional explícita con C-1299; se verificaron Afirmación, SPO y Motivo sin heredar el rango de la fila."
data/tablas/10/table-47-10-1-tabla-consolidada-de-rasgos-con-coste.csv,22,compensación documentada,314745feadfcd123ba8fb01fe8389ad3d8127abd9f979c8bfad83a0e1c2ccffe,"rutas p38, Ca²⁺ y Cupidon con salidas funcionales medibles; presupuesto total de ATP/GTP no localizado",C-1299,Afirmación+SPO+Motivo,REVISADA,"Texto retirado o reformulado para equivalencia proposicional explícita con C-1299; se verificaron Afirmación, SPO y Motivo sin heredar el rango de la fila."
data/tablas/10/table-47-10-1-tabla-consolidada-de-rasgos-con-coste.csv,23,cifra de coste publicada,5f2a63c9033ec3ca81680f71823a4099594f75f32765a055e37e31d58351d055,"6.0 × 10^11; 5,5 % residual",C-1354,Afirmación+SPO+Motivo,REVISADA,"Texto retirado o reformulado para equivalencia proposicional explícita con C-1354; se verificaron Afirmación, SPO y Motivo sin heredar el rango de la fila."
data/tablas/10/table-47-10-1-tabla-consolidada-de-rasgos-con-coste.csv,23,unidad exacta,4c6b1edd4b0d673018e44c02f4ad8cb47583dc8467e30c064b218535a4aeedee,ATP por célula y ciclo; % del presupuesto,C-1354,Afirmación+SPO+Motivo,REVISADA,"Texto retirado o reformulado para equivalencia proposicional explícita con C-1354; se verificaron Afirmación, SPO y Motivo sin heredar el rango de la fila."
data/tablas/10/table-47-10-1-tabla-consolidada-de-rasgos-con-coste.csv,23,"organismo, condición experimental o modelo del que procede",33c9f047a943c477f59e253c438e933e90e3b1aa1ec012faa8db954c74941912,"forma sanguínea de Trypanosoma brucei; ciclo de 5,3 h",C-1354,Afirmación+SPO+Motivo,REVISADA,"Texto retirado o reformulado para equivalencia proposicional explícita con C-1354; se verificaron Afirmación, SPO y Motivo sin heredar el rango de la fila."
data/tablas/10/table-47-10-1-tabla-consolidada-de-rasgos-con-coste.csv,23,si es medida o estimada por los autores,d81980b14f0164fce73cd368fe580b5cc472eb0dc41298946419d14a42e99fc8,estimada por los autores,C-1354,Afirmación+SPO+Motivo,REVISADA,"Texto retirado o reformulado para equivalencia proposicional explícita con C-1354; se verificaron Afirmación, SPO y Motivo sin heredar el rango de la fila."
data/tablas/11/table-49-11-11-vista-comparativa-de-clases-de-evidencia.csv,2,evidencia,9247122768ec85fb7dbd14039cab5c8f63d871bcabc8f2cd8cf93c4420e69ad8,"La conservación distribuida de la maquinaria de recombinación, cohesión y reducción de ploidía favorece una meiosis presente en LECA.",C-1387,Afirmación,REVISADA,Reescritura conservadora: la celda reproduce exactamente la Afirmación canónica de C-1387; no se usó semejanza léxica ni herencia de fila.
data/tablas/11/table-49-11-11-vista-comparativa-de-clases-de-evidencia.csv,3,evidencia,0d172d5363dec059161b2beef7c68f77008bfd677f261c729f67f1cdbb902575,"Los cambios de ploidía alteran relación entre volumen, dosis génica, enmascaramiento de mutaciones y eficacia de selección.",C-1414,Afirmación,REVISADA,Reescritura conservadora: la celda reproduce exactamente la Afirmación canónica de C-1414; no se usó semejanza léxica ni herencia de fila.
data/tablas/11/table-49-11-11-vista-comparativa-de-clases-de-evidencia.csv,4,evidencia,0d05fa305ba7ef1577e6bde3a2e0b437ccd9225ed02cbb5ff15e39cbab9692bf,El genoma de Capsaspora owczarzaki contiene un repertorio amplio de homólogos relacionados con sexo y meiosis.,C-1382,Afirmación,REVISADA,Reescritura conservadora: la celda reproduce exactamente la Afirmación canónica de C-1382; no se usó semejanza léxica ni herencia de fila.
data/tablas/11/table-49-11-11-vista-comparativa-de-clases-de-evidencia.csv,5,evidencia,dab807d05315b0ea4d6438088233fee111824e25d0733d8e155fa5da7f739597,Los inventarios de Amoebozoa recuperan genes meióticos en linajes sin sexo observado.,C-1384,Afirmación,REVISADA,Reescritura conservadora: la celda reproduce exactamente la Afirmación canónica de C-1384; no se usó semejanza léxica ni herencia de fila.
data/tablas/11/table-49-11-11-vista-comparativa-de-clases-de-evidencia.csv,6,evidencia,0793179109d6a684630c404d6b09912dafe4c49a4c55e174769f1c7add870a71,Dictyostelium discoideum posee tres tipos de apareamiento determinados por variantes de un locus.,C-1424,Afirmación,REVISADA,Reescritura conservadora: la celda reproduce exactamente la Afirmación canónica de C-1424; no se usó semejanza léxica ni herencia de fila.
data/tablas/11/table-49-11-11-vista-comparativa-de-clases-de-evidencia.csv,7,evidencia,e509c838af74c549619bfd65552650fd75db77dca5bb4cd5c5e62d9cf70df0ed,"La diplomixis de Giardia utiliza homólogos de SPO11, HOP1 y DMC1 en recombinación homóloga sin la secuencia completa de meiosis canónica.",C-1436,Afirmación,REVISADA,Reescritura conservadora: la celda reproduce exactamente la Afirmación canónica de C-1436; no se usó semejanza léxica ni herencia de fila.
data/tablas/11/table-49-11-11-vista-comparativa-de-clases-de-evidencia.csv,7,conclusión limitada,4eececfb078ee63bceca026f550e472e96b1092e7d30651ac923a9abff451654,parasexualidad sin meiosis canónica,C-1436; C-1437,Afirmación+Objeto,REVISADA,Adjudicación explícita conservadora tras cotejo del valor con Afirmación+Objeto; no se heredaron todas las C de la fila.
data/tablas/11/table-49-11-11-vista-comparativa-de-clases-de-evidencia.csv,8,evidencia,924369584e7a9304fe32ddc087ae0997a48040b1be850b1728768c346506d7ff,genética de poblaciones,C-1433,Afirmación,REVISADA,Adjudicación explícita conservadora tras cotejo del valor con Afirmación; no se heredaron todas las C de la fila.
data/tablas/11/table-49-11-11-vista-comparativa-de-clases-de-evidencia.csv,8,clase,c79a1208a7e01a2b4b6cf0c90c6f4eff0c90a0cb862d5d1895ee95ba88d1e9e7,inferencia indirecta,C-1433; C-1434,Motivo,REVISADA,Adjudicación explícita conservadora tras cotejo del valor con Motivo; no se heredaron todas las C de la fila.
data/tablas/11/table-49-11-11-vista-comparativa-de-clases-de-evidencia.csv,8,conclusión limitada,96177ae6b383c20654eca6d16d34b2ed3a5ca2bc4aad8ad9ba92ae8cc5c040ae,sexo críptico,C-1433,Afirmación+Objeto,REVISADA,Adjudicación explícita conservadora tras cotejo del valor con Afirmación+Objeto; no se heredaron todas las C de la fila.
data/tablas/11/table-49-11-11-vista-comparativa-de-clases-de-evidencia.csv,9,evidencia,9a4d372ee9077cdbd4b0b6cd99944323f9703e69b0042e796b6d47d3cd932fd3,La meiosis no está observada directamente en Bangiomorpha pubescens.,C-1445,Afirmación,REVISADA,Reescritura conservadora: la celda reproduce exactamente la Afirmación canónica de C-1445; no se usó semejanza léxica ni herencia de fila.
data/tablas/11/table-49-11-11-vista-comparativa-de-clases-de-evidencia.csv,9,conclusión limitada,1ff3e5dfd59d9e7d37aaa6af9e5c73b666f1e3c1ceaaaba78a33b13ca4994dd5,sexo compatible; meiosis no observada,C-1445; C-1447,Afirmación,REVISADA,Adjudicación explícita conservadora tras cotejo del valor con Afirmación; no se heredaron todas las C de la fila.
data/tablas/12/table-51-12-1-1-vista-comparativa-de-rutas.csv,2,unidad inicial,e1e4ece7fd667c48ca480319c5d4ee843f8e932de1c85ea1068c0618201d7c4e,una célula fundadora,C-1491,Afirmación+Motivo,REVISADA,Adjudicación explícita conservadora tras cotejo del valor con Afirmación+Motivo; no se heredaron todas las C de la fila.
data/tablas/12/table-51-12-1-1-vista-comparativa-de-rutas.csv,2,mecanismo de ensamblaje,7618ad51b0459ccf21f27fcba9ddbb7cddb93cdb11e1312fbabddba90aa02790,división sin separación completa,C-1482,Afirmación,REVISADA,Adjudicación explícita conservadora tras cotejo del valor con Afirmación; no se heredaron todas las C de la fila.
data/tablas/12/table-51-12-1-1-vista-comparativa-de-rutas.csv,2,relación genética esperada,17c74a2d4a81677d6bd61f4080482b3403cbcbd20cb9cfb886f56207b2a2d0b6,"alta al inicio, con mutación posterior posible",C-1489,Afirmación+SPO+Motivo,REVISADA,Revisión semántica explícita: la celda conserva solo contenido equivalente a las C indicadas; no se usó semejanza léxica como prueba.
data/tablas/12/table-51-12-1-1-vista-comparativa-de-rutas.csv,2,ejemplos documentados en esta entrega,7ec539ff2b09ecb82121a598b798aea5bb8c2b89781bdc83200f614da1e406da,rosetas de *S. rosetta*; levadura snowflake; 23 instancias por no separación en el inventario operacional de Lamża,C-1606; C-1491; C-1547,Afirmación,REVISADA,Adjudicación explícita conservadora tras cotejo del valor con Afirmación; no se heredaron todas las C de la fila.
data/tablas/12/table-51-12-1-1-vista-comparativa-de-rutas.csv,2,señal o condición localizada,3da61e9812aa8b7098949e9b43131708898330af70d614fbb01390654684c236,RIF modula entrada al programa en *S. rosetta*; sedimentación selecciona snowflake,C-1494; C-1547,Afirmación+SPO+Motivo,REVISADA,Revisión semántica explícita: la celda conserva solo contenido equivalente a las C indicadas; no se usó semejanza léxica como prueba.
data/tablas/12/table-51-12-1-1-vista-comparativa-de-rutas.csv,3,unidad inicial,4c8c725f6bcdaada231d27d2c4b30c5312788b9abfcaf87ed713106eb4a76807,células que crecieron por separado,C-1545,Afirmación,REVISADA,Adjudicación explícita conservadora tras cotejo del valor con Afirmación; no se heredaron todas las C de la fila.
data/tablas/12/table-51-12-1-1-vista-comparativa-de-rutas.csv,3,mecanismo de ensamblaje,f909a8bc0f5a7d403608d45f6ca6917b89b9a8aa6cb6e1e4c13125afd531f342,"adhesión y organización colectiva; en *Capsaspora*, material extracelular cohesivo",C-1483; C-1525,Afirmación+SPO+Motivo,REVISADA,Revisión semántica explícita: la celda conserva solo contenido equivalente a las C indicadas; no se usó semejanza léxica como prueba.
data/tablas/12/table-51-12-1-1-vista-comparativa-de-rutas.csv,3,relación genética esperada,47c214e06c5432cb01374a924e9025f03bdf3297896275e1008155248a474e89,variable; admite quimerismo,C-1490,Afirmación+SPO+Motivo,REVISADA,Revisión semántica explícita: la celda conserva solo contenido equivalente a las C indicadas; no se usó semejanza léxica como prueba.
data/tablas/12/table-51-12-1-1-vista-comparativa-de-rutas.csv,3,ejemplos documentados en esta entrega,d6fe26e509612b5cfb064c7c3a4b73a326e0479d1eb7e93635ca17c3766bdf69,"*Capsaspora*, *Ministeria*, *Fonticula*, *Dictyostelium*; 12 instancias agregativas en el inventario operacional de Lamża",C-1606; C-1538; C-1530,Afirmación+Sujeto,REVISADA,Adjudicación explícita conservadora tras cotejo del valor con Afirmación+Sujeto; no se heredaron todas las C de la fila.
data/tablas/12/table-51-12-1-1-vista-comparativa-de-rutas.csv,3,señal o condición localizada,a52fb795da5d758eaaaf936d4a97d9aba22dc1b450933d76225c9019bfd86480,"lípidos, calcio, bacterias, alimento o inanición según linaje",C-1526; C-1528; C-1530; C-1536; C-1537,Afirmación+SPO+Motivo,REVISADA,Revisión semántica explícita: la celda conserva solo contenido equivalente a las C indicadas; no se usó semejanza léxica como prueba.
data/tablas/12/table-51-12-1-1-vista-comparativa-de-rutas.csv,4,unidad inicial,33c26823c9dab28de0016b2fda7f55d51e7bcf0bba7ac8888e8d76510bcc61c3,una célula multinucleada,C-1484,Afirmación+SPO+Motivo,REVISADA,Revisión semántica explícita: la celda conserva solo contenido equivalente a las C indicadas; no se usó semejanza léxica como prueba.
data/tablas/12/table-51-12-1-1-vista-comparativa-de-rutas.csv,4,mecanismo de ensamblaje,49ad90f73688e824b37205f9409b117eea5d34738c27bbcfe00f2abaa4c204e8,crecimiento cenocítico seguido de membranación o liberación de células hijas,C-1507; C-1511; C-1515,Afirmación+SPO+Motivo,REVISADA,Revisión semántica explícita: la celda conserva solo contenido equivalente a las C indicadas; no se usó semejanza léxica como prueba.
data/tablas/12/table-51-12-1-1-vista-comparativa-de-rutas.csv,4,ejemplos documentados en esta entrega,70f96bb0bf16c614667256410f93d3a8b073a44b6f8a7a36673a3f302632f6c4,"*Sphaeroforma*, *Creolimax*; correspondencia editorial con 9 instancias por compartimentación plasmodial en Lamża",C-1606; C-1509; C-1515,Afirmación+Motivo+Sujeto,REVISADA,Adjudicación explícita conservadora tras cotejo del valor con Afirmación+Motivo+Sujeto; no se heredaron todas las C de la fila.
data/tablas/12/table-51-12-1-1-vista-comparativa-de-rutas.csv,4,señal o condición localizada,5254a37a3eb05620c32e984800a92a0e9198681791a6d91da274c57a9fb4425a,relación núcleo-citoplasma en *Sphaeroforma*,C-1513,Afirmación+Sujeto,REVISADA,Adjudicación explícita conservadora tras cotejo del valor con Afirmación+Sujeto; no se heredaron todas las C de la fila.
data/tablas/12/table-51-12-1-1-vista-comparativa-de-rutas.csv,5,unidad inicial,868bd91b64965964c01954774fd0e75cb900b03c334a7e31773bcff3d208d8a1,una célula o células independientes,C-1487,Motivo,REVISADA,Adjudicación explícita conservadora tras cotejo del valor con Motivo; no se heredaron todas las C de la fila.
data/tablas/12/table-51-12-1-1-vista-comparativa-de-rutas.csv,5,mecanismo de ensamblaje,4782ea06d2adba5078be143b68719be6ad713c65a1210cf393f07d50395c2dc6,combinación de división y agregación,C-1487,Afirmación+SPO+Motivo,REVISADA,Revisión semántica explícita: la celda conserva solo contenido equivalente a las C indicadas; no se usó semejanza léxica como prueba.
data/tablas/12/table-51-12-1-1-vista-comparativa-de-rutas.csv,5,relación genética esperada,99794e2087bc5ab12d5e8adf01e6cb1669bc1cbb1e8ccaf2753ea2383b6b0f27,depende de contribución clonal y reconocimiento,C-1487; C-1506,Afirmación+SPO+Motivo,REVISADA,Revisión semántica explícita: la celda conserva solo contenido equivalente a las C indicadas; no se usó semejanza léxica como prueba.
data/tablas/12/table-51-12-1-1-vista-comparativa-de-rutas.csv,5,ejemplos documentados en esta entrega,1c8b6248c787218fee6b282163a9b5c010a62b77cb60433121fafd44e276b6eb,*Choanoeca flexa*,C-1487,Afirmación+Sujeto,REVISADA,Adjudicación explícita conservadora tras cotejo del valor con Afirmación+Sujeto; no se heredaron todas las C de la fila.
data/tablas/12/table-51-12-1-1-vista-comparativa-de-rutas.csv,5,señal o condición localizada,7ea15b7347bad863d20ecd0220a8a9b090a3a1d8f5e977d3ecf2145f6e26108e,"salinidad, desecación y rehidratación",C-1503; C-1505,Afirmación+SPO+Motivo,REVISADA,Revisión semántica explícita: la celda conserva solo contenido equivalente a las C indicadas; no se usó semejanza léxica como prueba.
data/tablas/12/table-52-12-6-1-costes-y-compensaciones-cuantificados-o-no-localizado.csv,2,beneficio o compensación observada,8962f9cd0ddd2a645c41c0c520474f09594e1140e31d48ddf4a3e3d95b5d88c2,organización clonal inducible por señal bacteriana; el beneficio neto no se cuantifica aquí,C-1491; C-1493; C-1494; C-1495,Afirmación+SPO+Motivo,REVISADA,Cotejo semántico explícito: C-1491; C-1493; C-1494; C-1495 cubre esta celda concreta mediante Afirmación+SPO+Motivo; sin herencia de fila ni correspondencia léxica.
data/tablas/12/table-52-12-6-1-costes-y-compensaciones-cuantificados-o-no-localizado.csv,2,cifra de coste publicada localizada,5bf1f4587cbcee53563df7f0aa6af8da06aa78cbf5e36f2e8423ece39e710e7c,SIN CIFRA PUBLICADA LOCALIZADA,C-1495; C-1613,Afirmación+SPO+Motivo,REVISADA,Cotejo semántico explícito: C-1495; C-1613 cubre esta celda concreta mediante Afirmación+SPO+Motivo; sin herencia de fila ni correspondencia léxica.
data/tablas/12/table-52-12-6-1-costes-y-compensaciones-cuantificados-o-no-localizado.csv,2,unidad,5bf1f4587cbcee53563df7f0aa6af8da06aa78cbf5e36f2e8423ece39e710e7c,SIN CIFRA PUBLICADA LOCALIZADA,C-1495; C-1613,Afirmación+SPO+Motivo,REVISADA,Cotejo semántico explícito: C-1495; C-1613 cubre esta celda concreta mediante Afirmación+SPO+Motivo; sin herencia de fila ni correspondencia léxica.
data/tablas/12/table-52-12-6-1-costes-y-compensaciones-cuantificados-o-no-localizado.csv,2,condición,58dbecc60a5cc25cd8ae5765df6b904fca1f44c6f9815f7ab14e0d28d661a8d8,cultivo con señal bacteriana,C-1493; C-1494,Afirmación+SPO+Motivo,REVISADA,Cotejo semántico explícito: C-1493; C-1494 cubre esta celda concreta mediante Afirmación+SPO+Motivo; sin herencia de fila ni correspondencia léxica.
data/tablas/12/table-52-12-6-1-costes-y-compensaciones-cuantificados-o-no-localizado.csv,3,beneficio o compensación observada,af3ecd78811142ca5584a002a699fee180c11c915d1b29dc16e348fdc5014ced,inversión bajo transición luz–oscuridad y reconstitución tras rehidratación,C-1497; C-1505,Afirmación+SPO+Motivo,REVISADA,Cotejo semántico explícito: C-1497; C-1505 cubre esta celda concreta mediante Afirmación+SPO+Motivo; sin herencia de fila ni correspondencia léxica.
data/tablas/12/table-52-12-6-1-costes-y-compensaciones-cuantificados-o-no-localizado.csv,3,cifra de coste publicada localizada,5bf1f4587cbcee53563df7f0aa6af8da06aa78cbf5e36f2e8423ece39e710e7c,SIN CIFRA PUBLICADA LOCALIZADA,C-1603,Afirmación+SPO+Motivo,REVISADA,Cotejo semántico explícito: C-1603 cubre esta celda concreta mediante Afirmación+SPO+Motivo; sin herencia de fila ni correspondencia léxica.
data/tablas/12/table-52-12-6-1-costes-y-compensaciones-cuantificados-o-no-localizado.csv,3,unidad,5bf1f4587cbcee53563df7f0aa6af8da06aa78cbf5e36f2e8423ece39e710e7c,SIN CIFRA PUBLICADA LOCALIZADA,C-1603,Afirmación+SPO+Motivo,REVISADA,Cotejo semántico explícito: C-1603 cubre esta celda concreta mediante Afirmación+SPO+Motivo; sin herencia de fila ni correspondencia léxica.
data/tablas/12/table-52-12-6-1-costes-y-compensaciones-cuantificados-o-no-localizado.csv,3,condición,a49f2e84a72e959bed0cdcc0092785e35d8d491b24fa436d865aa1354eee88ad,gradiente de salinidad y luz,C-1497; C-1503; C-1504,Afirmación+SPO+Motivo,REVISADA,Cotejo semántico explícito: C-1497; C-1503; C-1504 cubre esta celda concreta mediante Afirmación+SPO+Motivo; sin herencia de fila ni correspondencia léxica.
data/tablas/12/table-52-12-6-1-costes-y-compensaciones-cuantificados-o-no-localizado.csv,4,beneficio o compensación observada,fdfa06506891b4e0b28ccd98583ced2ac5c18571be5fddfa5fce1e3fcc7d2454,producción coordinada de células hijas,C-1507; C-1511; C-1512,Afirmación+SPO+Motivo,REVISADA,Cotejo semántico explícito: C-1507; C-1511; C-1512 cubre esta celda concreta mediante Afirmación+SPO+Motivo; sin herencia de fila ni correspondencia léxica.
data/tablas/12/table-52-12-6-1-costes-y-compensaciones-cuantificados-o-no-localizado.csv,4,cifra de coste publicada localizada,5bf1f4587cbcee53563df7f0aa6af8da06aa78cbf5e36f2e8423ece39e710e7c,SIN CIFRA PUBLICADA LOCALIZADA,C-1603,Afirmación+SPO+Motivo,REVISADA,Cotejo semántico explícito: C-1603 cubre esta celda concreta mediante Afirmación+SPO+Motivo; sin herencia de fila ni correspondencia léxica.
data/tablas/12/table-52-12-6-1-costes-y-compensaciones-cuantificados-o-no-localizado.csv,4,unidad,5bf1f4587cbcee53563df7f0aa6af8da06aa78cbf5e36f2e8423ece39e710e7c,SIN CIFRA PUBLICADA LOCALIZADA,C-1603,Afirmación+SPO+Motivo,REVISADA,Cotejo semántico explícito: C-1603 cubre esta celda concreta mediante Afirmación+SPO+Motivo; sin herencia de fila ni correspondencia léxica.
data/tablas/12/table-52-12-6-1-costes-y-compensaciones-cuantificados-o-no-localizado.csv,4,condición,9aa986e3aa519af004e4fbcba4b21f30779e9b9e16049b10297b5261cc49e5d8,cultivo sincronizado,C-1507,Afirmación+SPO+Motivo,REVISADA,Cotejo semántico explícito: C-1507 cubre esta celda concreta mediante Afirmación+SPO+Motivo; sin herencia de fila ni correspondencia léxica.
data/tablas/12/table-52-12-6-1-costes-y-compensaciones-cuantificados-o-no-localizado.csv,5,beneficio o compensación observada,cda9701909d9c2585539dd27b8aec8747337aed137c45aea8575715723fd51e0,respuesta rápida y colectiva a lípidos y calcio,C-1526; C-1528; C-1529,Afirmación+SPO+Motivo,REVISADA,Cotejo semántico explícito: C-1526; C-1528; C-1529 cubre esta celda concreta mediante Afirmación+SPO+Motivo; sin herencia de fila ni correspondencia léxica.
data/tablas/12/table-52-12-6-1-costes-y-compensaciones-cuantificados-o-no-localizado.csv,5,condición,8ed7e82150735e7b8d491d86bd19c7f796e21e75ee7fb9a8f2687a923510ae51,"lípidos, fracción sérica y calcio",C-1526; C-1528,Afirmación+SPO+Motivo,REVISADA,Cotejo semántico explícito: C-1526; C-1528 cubre esta celda concreta mediante Afirmación+SPO+Motivo; sin herencia de fila ni correspondencia léxica.
data/tablas/12/table-52-12-6-1-costes-y-compensaciones-cuantificados-o-no-localizado.csv,6,beneficio o compensación observada,e0c864fe923c719155c3a38b95bc148f7bc13159fbb0f43d72bcbc93becad028,impedir el mantenimiento del agregado redujo la replicación; el efecto no se expresó como aptitud relativa ni coeficiente de selección,C-1534; C-1614,Afirmación+SPO+Motivo,REVISADA,Cotejo semántico explícito: C-1534; C-1614 cubre esta celda concreta mediante Afirmación+SPO+Motivo; sin herencia de fila ni correspondencia léxica.
data/tablas/12/table-52-12-6-1-costes-y-compensaciones-cuantificados-o-no-localizado.csv,6,condición,71fe0139162a6ec624ce06cb9741f059956ad82acaa7668ddf5ffda8224641dd,"disrupción física y superficie de menor agregación, ambas con confusores declarados",C-1534,Afirmación+SPO+Motivo,REVISADA,Cotejo semántico explícito: C-1534 cubre esta celda concreta mediante Afirmación+SPO+Motivo; sin herencia de fila ni correspondencia léxica.
data/tablas/12/table-52-12-6-1-costes-y-compensaciones-cuantificados-o-no-localizado.csv,7,beneficio o compensación observada,0a80ed15dda95b426f484140675e7e02c16acef9d0a800e00ba98c7576b3359b,genes con dominios de colágeno localizados; no demuestran función tisular completa,C-1571; C-1575,Afirmación+SPO+Motivo,REVISADA,Cotejo semántico explícito: C-1571; C-1575 cubre esta celda concreta mediante Afirmación+SPO+Motivo; sin herencia de fila ni correspondencia léxica.
data/tablas/12/table-52-12-6-1-costes-y-compensaciones-cuantificados-o-no-localizado.csv,7,cifra de coste publicada localizada,5bf1f4587cbcee53563df7f0aa6af8da06aa78cbf5e36f2e8423ece39e710e7c,SIN CIFRA PUBLICADA LOCALIZADA,C-1576,Afirmación+SPO+Motivo,REVISADA,Cotejo semántico explícito: C-1576 cubre esta celda concreta mediante Afirmación+SPO+Motivo; sin herencia de fila ni correspondencia léxica.
data/tablas/12/table-52-12-6-1-costes-y-compensaciones-cuantificados-o-no-localizado.csv,7,unidad,5bf1f4587cbcee53563df7f0aa6af8da06aa78cbf5e36f2e8423ece39e710e7c,SIN CIFRA PUBLICADA LOCALIZADA,C-1576,Afirmación+SPO+Motivo,REVISADA,Cotejo semántico explícito: C-1576 cubre esta celda concreta mediante Afirmación+SPO+Motivo; sin herencia de fila ni correspondencia léxica.
data/tablas/12/table-52-12-6-1-costes-y-compensaciones-cuantificados-o-no-localizado.csv,7,condición,51ca334695cef62a6751b9246adc5137455b4bae6efdfb2e939e8a7b906ac737,ocho holozoos unicelulares genómicos comparados,C-1576,Afirmación+SPO+Motivo,REVISADA,Cotejo semántico explícito: C-1576 cubre esta celda concreta mediante Afirmación+SPO+Motivo; sin herencia de fila ni correspondencia léxica.
data/tablas/12/table-52-12-6-1-costes-y-compensaciones-cuantificados-o-no-localizado.csv,8,beneficio o compensación observada,7ba5c280561b0d8b41f447e1323f8f1e2ddbd9ecf07be61bfaba1f74039a6ee1,"rutas clonal, agregativa y cenocítica como mecanismos, no como escala progresiva",C-1486,Afirmación+SPO+Motivo,REVISADA,Cotejo semántico explícito: C-1486 cubre esta celda concreta mediante Afirmación+SPO+Motivo; sin herencia de fila ni correspondencia léxica.
data/tablas/12/table-52-12-6-1-costes-y-compensaciones-cuantificados-o-no-localizado.csv,8,cifra de coste publicada localizada,5bf1f4587cbcee53563df7f0aa6af8da06aa78cbf5e36f2e8423ece39e710e7c,SIN CIFRA PUBLICADA LOCALIZADA,C-1603,Afirmación+SPO+Motivo,REVISADA,Cotejo semántico explícito: C-1603 cubre esta celda concreta mediante Afirmación+SPO+Motivo; sin herencia de fila ni correspondencia léxica.
data/tablas/12/table-52-12-6-1-costes-y-compensaciones-cuantificados-o-no-localizado.csv,8,unidad,5bf1f4587cbcee53563df7f0aa6af8da06aa78cbf5e36f2e8423ece39e710e7c,SIN CIFRA PUBLICADA LOCALIZADA,C-1603,Afirmación+SPO+Motivo,REVISADA,Cotejo semántico explícito: C-1603 cubre esta celda concreta mediante Afirmación+SPO+Motivo; sin herencia de fila ni correspondencia léxica.
data/tablas/12/table-52-12-6-1-costes-y-compensaciones-cuantificados-o-no-localizado.csv,8,condición,74e2673f3ecb021fa597b53b174cac75839b2a790ce3274c97d87b120a7d0ae6,rutas y organismos del corredor,C-1603,Afirmación+SPO+Motivo,REVISADA,Cotejo semántico explícito: C-1603 cubre esta celda concreta mediante Afirmación+SPO+Motivo; sin herencia de fila ni correspondencia léxica.
data/tablas/12/table-52-12-6-1-costes-y-compensaciones-cuantificados-o-no-localizado.csv,9,beneficio o compensación observada,496840ecfd480cc886e83dd3f11e28dc3da7560cf2ac31d0f9576a3726222871,ventaja de aptitud de 34 % bajo selección por sedimentación,C-1549,Afirmación+SPO+Motivo,REVISADA,Cotejo semántico explícito: C-1549 cubre esta celda concreta mediante Afirmación+SPO+Motivo; sin herencia de fila ni correspondencia léxica.
data/tablas/12/table-52-12-6-1-costes-y-compensaciones-cuantificados-o-no-localizado.csv,9,condición,160a3ab3b1c058f03998885a8da003244f5750586e5d819c044fdde54cea48dc,ensayo de sedimentación,C-1549,Afirmación+SPO+Motivo,REVISADA,Cotejo semántico explícito: C-1549 cubre esta celda concreta mediante Afirmación+SPO+Motivo; sin herencia de fila ni correspondencia léxica.
data/tablas/12/table-52-12-6-1-costes-y-compensaciones-cuantificados-o-no-localizado.csv,10,beneficio o compensación observada,1a7e7e6cf29dff6ab142b4c30a7f8b82b0336bb15a91884ca188d2b82a4b5ffd,aumento aproximado de 2 × 10^4 en tamaño y 10^4 en tenacidad mediante elongación celular y entrelazamiento,C-1552; C-1553; C-1554,Afirmación+SPO+Motivo,REVISADA,Cotejo semántico explícito: C-1552; C-1553; C-1554 cubre esta celda concreta mediante Afirmación+SPO+Motivo; sin herencia de fila ni correspondencia léxica.
data/tablas/12/table-52-12-6-1-costes-y-compensaciones-cuantificados-o-no-localizado.csv,10,condición,11bd8a5dccc485946c528e593203eba6c656e997b418311755b773e41a146052,"tratamiento anaerobio, 600 rondas",C-1551,Afirmación+SPO+Motivo,REVISADA,Cotejo semántico explícito: C-1551 cubre esta celda concreta mediante Afirmación+SPO+Motivo; sin herencia de fila ni correspondencia léxica.
data/tablas/12/table-53-12-7-1-tabla-comparativa-de-genomas.csv,2,tamaño del genoma publicado,5336ebba7550b99393e3cb9d7b3383619f067417783b181ec7dbf07bd219e852,aproximadamente 41.6 Mb,C-1557,Afirmación+Objeto,REVISADA,Adjudicación explícita conservadora tras cotejo del valor con Afirmación+Objeto; no se heredaron todas las C de la fila.
data/tablas/12/table-53-12-7-1-tabla-comparativa-de-genomas.csv,2,genes publicados,60a23ec2638a901899d1165d2ddcb98cacdc3f82ac6c7fbcbaa60fc301bcd227,"aproximadamente 9,200",C-1557,Afirmación+Objeto,REVISADA,Adjudicación explícita conservadora tras cotejo del valor con Afirmación+Objeto; no se heredaron todas las C de la fila.
data/tablas/12/table-53-12-7-1-tabla-comparativa-de-genomas.csv,2,densidad o promedio de intrones,14bae4521e77647a9a5bbf09d4f41043c83767f265c39d707b87e5cb43523da1,6.6 intrones por gen; 174 bp de longitud media,C-1558,Afirmación+SPO+Motivo,REVISADA,Revisión semántica explícita: la celda conserva solo contenido equivalente a las C indicadas; no se usó semejanza léxica como prueba.
data/tablas/12/table-53-12-7-1-tabla-comparativa-de-genomas.csv,2,versión o método,3b97d207712bbb6cf075c110c72523cc08cea03d493580a7d06624b9377d53a6,ensamblaje de referencia publicado,C-1557,Afirmación+SPO+Motivo,REVISADA,Revisión semántica explícita: la celda conserva solo contenido equivalente a las C indicadas; no se usó semejanza léxica como prueba.
data/tablas/12/table-53-12-7-1-tabla-comparativa-de-genomas.csv,3,tamaño del genoma publicado,8c9b7acca3e6c1998586f5542092cc08cf925ee90b099e2a06f2a47761a200fe,aproximadamente 55 Mb; 154 scaffolds; N50 1.52 Mb,C-1559,Afirmación+Objeto,REVISADA,Adjudicación explícita conservadora tras cotejo del valor con Afirmación+Objeto; no se heredaron todas las C de la fila.
data/tablas/12/table-53-12-7-1-tabla-comparativa-de-genomas.csv,3,genes publicados,eb8e4745ac39ea340a4adeb41b685eb8d91b956a46fbf3d6d5f06f4ff5c1823d,"11,629; 98% con apoyo transcriptómico",C-1559,Afirmación+Objeto,REVISADA,Adjudicación explícita conservadora tras cotejo del valor con Afirmación+Objeto; no se heredaron todas las C de la fila.
data/tablas/12/table-53-12-7-1-tabla-comparativa-de-genomas.csv,3,densidad o promedio de intrones,c145525a75b22ced90c3f99c35b63010a4e8577a22ce690511417cac1a21bad9,7.44 intrones por gen,C-1560,Afirmación+Objeto,REVISADA,Adjudicación explícita conservadora tras cotejo del valor con Afirmación+Objeto; no se heredaron todas las C de la fila.
data/tablas/12/table-53-12-7-1-tabla-comparativa-de-genomas.csv,3,versión o método,39b39691ea6e55eab980fe62ccf1631d161fc141dfa68b676a58d2ae71ad8cd8,ensamblaje publicado; IntronDB usa el transcrito codificante más largo e intrones ≥10 bp,C-1559; C-1560,Afirmación+SPO+Motivo,REVISADA,Revisión semántica explícita: la celda conserva solo contenido equivalente a las C indicadas; no se usó semejanza léxica como prueba.
data/tablas/12/table-53-12-7-1-tabla-comparativa-de-genomas.csv,4,tamaño del genoma publicado,3d7c14d9be404f190ee9179cfc567624ed66a6ff02f20cf51ab2ca8335b2e019,28 Mb; 84 scaffolds,C-1561,Afirmación+Objeto,REVISADA,Adjudicación explícita conservadora tras cotejo del valor con Afirmación+Objeto; no se heredaron todas las C de la fila.
data/tablas/12/table-53-12-7-1-tabla-comparativa-de-genomas.csv,4,genes publicados,5d2c803c458fbb19d4f29106ca1905bb361d6af1007f4b9b257864e2aca1bf67,"8,657",C-1561,Afirmación+Objeto,REVISADA,Adjudicación explícita conservadora tras cotejo del valor con Afirmación+Objeto; no se heredaron todas las C de la fila.
data/tablas/12/table-53-12-7-1-tabla-comparativa-de-genomas.csv,4,densidad o promedio de intrones,40d02800fd73511905087cac0d5368188b4abc167ff52b85de1b64142def73be,3.8 intrones por gen; 166 bp de longitud media,C-1562,Afirmación,REVISADA,Adjudicación explícita conservadora tras cotejo del valor con Afirmación; no se heredaron todas las C de la fila.
data/tablas/12/table-53-12-7-1-tabla-comparativa-de-genomas.csv,4,versión o método,e3ef54aa3c28967e02dbf1c0f66b12f4606d58852d0203839c63b56baaf0b699,ensamblaje y anotación publicados,C-1561; C-1562,Afirmación+SPO+Motivo,REVISADA,Revisión semántica explícita: la celda conserva solo contenido equivalente a las C indicadas; no se usó semejanza léxica como prueba.
data/tablas/12/table-53-12-7-1-tabla-comparativa-de-genomas.csv,5,tamaño del genoma publicado,b9805e78360d4e623303aaba3c5ba7468e908ac7011952a3ecf173ac3181a338,29.72 Mb,C-1564,Afirmación+Objeto,REVISADA,Adjudicación explícita conservadora tras cotejo del valor con Afirmación+Objeto; no se heredaron todas las C de la fila.
data/tablas/12/table-53-12-7-1-tabla-comparativa-de-genomas.csv,5,genes publicados,0fbb8449d31031458d327be33510bde6d5422542fa11da51f1d6b229b3165e88,"12,151 en la anotación de 2022; 12,127 antes de filtros del estudio de 2026",C-1564,Motivo,REVISADA,Adjudicación explícita conservadora tras cotejo del valor con Motivo; no se heredaron todas las C de la fila.
data/tablas/12/table-53-12-7-1-tabla-comparativa-de-genomas.csv,5,densidad o promedio de intrones,fbf69158d097febc34c38d08d22cfd664fd6a52c777de11f9bee7e3b75e65722,3.67 intrones por gen; 133.34 bp de longitud media,C-1564,Afirmación,REVISADA,Adjudicación explícita conservadora tras cotejo del valor con Afirmación; no se heredaron todas las C de la fila.
data/tablas/12/table-53-12-7-1-tabla-comparativa-de-genomas.csv,5,versión o método,406494c305eddbc1b5d5f4497008c72af8c21d909450b2d4339b49b224247730,ensamblaje y anotación publicados en 2022; análisis de agregación con filtrado propio en 2026,C-1564,Afirmación+SPO+Motivo,REVISADA,Revisión semántica explícita: la celda conserva solo contenido equivalente a las C indicadas; no se usó semejanza léxica como prueba.
data/tablas/12/table-53-12-7-1-tabla-comparativa-de-genomas.csv,6,tamaño del genoma publicado,141ff2940b25b80f62e064cb71ae8c9015281e6093d649eaf59b56d204411dd4,121.6 Mb,C-1565,Afirmación+Objeto,REVISADA,Adjudicación explícita conservadora tras cotejo del valor con Afirmación+Objeto; no se heredaron todas las C de la fila.
data/tablas/12/table-53-12-7-1-tabla-comparativa-de-genomas.csv,6,densidad o promedio de intrones,9aeef11715470084e3eca7c0ca85cfd46668cb7af74653874c46b4c50356c9e8,densidad de intrones elevada en la reconstrucción comparativa,C-1566,Afirmación+SPO+Motivo,REVISADA,Revisión semántica explícita: la celda conserva solo contenido equivalente a las C indicadas; no se usó semejanza léxica como prueba.
data/tablas/12/table-53-12-7-1-tabla-comparativa-de-genomas.csv,6,versión o método,4aa79d76a9303dae55ec9a8c6e44e1dd316f853c3d2dde7816149c6446500430,ensamblaje de referencia y reconstrucción comparativa,C-1565; C-1566,Afirmación+SPO+Motivo,REVISADA,Revisión semántica explícita: la celda conserva solo contenido equivalente a las C indicadas; no se usó semejanza léxica como prueba.
data/tablas/12/table-53-12-7-1-tabla-comparativa-de-genomas.csv,7,tamaño del genoma publicado,003369985303224f2973c893127fe17f8d67d7d2262b9e6e74121fea8c15c230,aproximadamente 45 Mb; 82 scaffolds,C-1516,Afirmación+Objeto,REVISADA,Adjudicación explícita conservadora tras cotejo del valor con Afirmación+Objeto; no se heredaron todas las C de la fila.
data/tablas/12/table-53-12-7-1-tabla-comparativa-de-genomas.csv,7,genes publicados,f357fcbe93db5febec536e710cd77b3f1bd10bd5060f0ea3631e4c09d8831d7a,"8,695",C-1517,Afirmación+Objeto,REVISADA,Adjudicación explícita conservadora tras cotejo del valor con Afirmación+Objeto; no se heredaron todas las C de la fila.
data/tablas/12/table-53-12-7-1-tabla-comparativa-de-genomas.csv,7,densidad o promedio de intrones,085795c548e25f6021fce83026badb4976e9936c7adb5495479d95c64b0367e3,6.5 intrones por gen,C-1517,Afirmación+Objeto,REVISADA,Adjudicación explícita conservadora tras cotejo del valor con Afirmación+Objeto; no se heredaron todas las C de la fila.
data/tablas/12/table-53-12-7-1-tabla-comparativa-de-genomas.csv,7,versión o método,e3ef54aa3c28967e02dbf1c0f66b12f4606d58852d0203839c63b56baaf0b699,ensamblaje y anotación publicados,C-1516; C-1517,Afirmación+SPO+Motivo,REVISADA,Revisión semántica explícita: la celda conserva solo contenido equivalente a las C indicadas; no se usó semejanza léxica como prueba.
data/tablas/12/table-53-12-7-1-tabla-comparativa-de-genomas.csv,8,tamaño del genoma publicado,f95c0c433122734b032776ee6336b1e36dd548bad7788b1c772e0afbe839d1f6,24.1 Mb,C-1521,Afirmación+Objeto,REVISADA,Adjudicación explícita conservadora tras cotejo del valor con Afirmación+Objeto; no se heredaron todas las C de la fila.
data/tablas/12/table-53-12-7-1-tabla-comparativa-de-genomas.csv,8,genes publicados,3f8280328812f1bbf3a423fe6a0799411cfcefa97a542e3cb4f3e1ce6d9ce56c,"7,535",C-1521,Afirmación+Objeto,REVISADA,Adjudicación explícita conservadora tras cotejo del valor con Afirmación+Objeto; no se heredaron todas las C de la fila.
data/tablas/12/table-53-12-7-1-tabla-comparativa-de-genomas.csv,8,densidad o promedio de intrones,9c890aa9c3ed4972a6c20c557e4b7ca33798b3f326fac309555c54a069d94e8f,0.0 intrones por kbp de CDS en el conjunto publicado,C-1522; C-1521,Afirmación+Objeto,REVISADA,Adjudicación explícita conservadora tras cotejo del valor con Afirmación+Objeto; no se heredaron todas las C de la fila.
data/tablas/12/table-53-12-7-1-tabla-comparativa-de-genomas.csv,8,versión o método,cb1120523b26f44ef5253cea9ed0a17753b9b9d7e472080e07e140843a437a33,ensamblaje y comparación genómica publicados,C-1521; C-1522,Afirmación+SPO+Motivo,REVISADA,Revisión semántica explícita: la celda conserva solo contenido equivalente a las C indicadas; no se usó semejanza léxica como prueba.
data/tablas/12/table-53-12-7-1-tabla-comparativa-de-genomas.csv,9,tamaño del genoma publicado,3d07455f4fb68fb8a798b5e2fcfb175db2b194fb465a89c95796aa56869dca7d,26.68 Mb,C-1568,Afirmación+Objeto,REVISADA,Adjudicación explícita conservadora tras cotejo del valor con Afirmación+Objeto; no se heredaron todas las C de la fila.
data/tablas/12/table-53-12-7-1-tabla-comparativa-de-genomas.csv,9,genes publicados,0260309dbb758a38d1258454b8582688c75dd5abc89b2f131a7e9082e5aade9d,"10,544 péptidos predichos",C-1568,Afirmación+Objeto,REVISADA,Adjudicación explícita conservadora tras cotejo del valor con Afirmación+Objeto; no se heredaron todas las C de la fila.
data/tablas/12/table-53-12-7-1-tabla-comparativa-de-genomas.csv,9,densidad o promedio de intrones,bb2296c8416f6e2df8b0289f5671b9784ca9e0f05df5bf33b58356fb4467c4c3,1.04 intrones por gen; 442.67 bp de longitud media,C-1568,Afirmación,REVISADA,Adjudicación explícita conservadora tras cotejo del valor con Afirmación; no se heredaron todas las C de la fila.
data/tablas/12/table-53-12-7-1-tabla-comparativa-de-genomas.csv,9,versión o método,fe06f58eb82aaf0ef19450c574668fba836b851de06ae060f00b5f33c7537df1,tabla comparativa publicada en 2015; ensamblaje GCA_000142905.1 disponible,C-1568; C-1567,Afirmación,REVISADA,Adjudicación explícita conservadora tras cotejo del valor con Afirmación; no se heredaron todas las C de la fila.
data/tablas/12/table-54-12-10-1-repertorio-funcional-localizado.csv,2,presencia preanimal localizada,93e97fb97b0251543a8864910a4e88ae87fd837ec689db7c0c4f4597b82bb7db,integrinas alfa y beta con adaptadores en *Capsaspora*; dominios alfa en *Monosiga*,C-1572; C-1570,Afirmación+SPO+Motivo,REVISADA,"Equivalencia proposicional explícita verificada contra Afirmación, SPO y Motivo; no se heredó el rango de la fila."
data/tablas/12/table-54-12-10-1-repertorio-funcional-localizado.csv,2,"ausencia, discontinuidad o límite",05ccab9413f752a4c5e88b013307896d72c16701ce9e47d01170c5cfad3e4df0,*Monosiga* carece de beta canónica en el estudio; distribución mosaico en otros holozoos,C-1570; C-1574,Afirmación+SPO+Motivo,REVISADA,"Equivalencia proposicional explícita verificada contra Afirmación, SPO y Motivo; no se heredó el rango de la fila."
data/tablas/12/table-54-12-10-1-repertorio-funcional-localizado.csv,2,interpretación permitida,37600d101b41a4734a056fcd5048ed793a637dd8dda4342456eeb1318901a181,"*Capsaspora* conserva integrina alfa, integrina beta y componentes citoplasmáticos; la distribución entre holozoos unicelulares es parcheada",C-1572; C-1574,Afirmación+SPO+Motivo,REVISADA,"Equivalencia proposicional explícita verificada contra Afirmación, SPO y Motivo; no se heredó el rango de la fila."
data/tablas/12/table-54-12-10-1-repertorio-funcional-localizado.csv,3,presencia preanimal localizada,746e0579dc71649fcb90e6c5a442b9626633a8b913eb6677e10e5e8177a94e1e,23 genes con dominios de cadherina en *Monosiga*,C-1569,Afirmación,REVISADA,Adjudicación explícita conservadora tras cotejo del valor con Afirmación; no se heredaron todas las C de la fila.
data/tablas/12/table-54-12-10-1-repertorio-funcional-localizado.csv,3,"ausencia, discontinuidad o límite",6dfd18395c33a4132d4e4c1071d800533305a916b10e50cd37eb9ef33ae5cf12,la presencia de dominios de cadherina no demuestra la misma función tisular animal,C-1575,Afirmación+SPO+Motivo,REVISADA,"Equivalencia proposicional explícita verificada contra Afirmación, SPO y Motivo; no se heredó el rango de la fila."
data/tablas/12/table-54-12-10-1-repertorio-funcional-localizado.csv,3,interpretación permitida,a4a0bde4210684cfa564046b28751116e5178616aa05d274372e097ad1f30a91,23 genes con dominios de cadherina en *Monosiga*; esa homología de dominio no demuestra una función tisular animal completa,C-1569; C-1575,Afirmación+SPO+Motivo,REVISADA,"Equivalencia proposicional explícita verificada contra Afirmación, SPO y Motivo; no se heredó el rango de la fila."
data/tablas/12/table-54-12-10-1-repertorio-funcional-localizado.csv,4,presencia preanimal localizada,27cb484946d71c368c7f993966cc0961ff6770c83190ef3b1fee287bfaa33030,dominios de colágeno y repeticiones Gly-X-Y en *Monosiga*,C-1571,Afirmación,REVISADA,Adjudicación explícita conservadora tras cotejo del valor con Afirmación; no se heredaron todas las C de la fila.
data/tablas/12/table-54-12-10-1-repertorio-funcional-localizado.csv,4,"ausencia, discontinuidad o límite",2ce68e1273c8be5c463a1c7c41ac6b2f7d93927550e9531c3a786abecf8dd62b,fibrillas y matriz animal completa no demostradas,C-1575; C-1571,Objeto+Motivo,REVISADA,Adjudicación explícita conservadora tras cotejo del valor con Objeto+Motivo; no se heredaron todas las C de la fila.
data/tablas/12/table-54-12-10-1-repertorio-funcional-localizado.csv,4,interpretación permitida,f5d87f2aa17b6ee8bd2e6c27e606c7cce6a341a0b4b20804d97383dd3936cfbc,los dominios y motivos no demuestran fibrillas ni una función tisular animal completa,C-1571; C-1575,Afirmación+SPO+Motivo,REVISADA,"Equivalencia proposicional explícita verificada contra Afirmación, SPO y Motivo; no se heredó el rango de la fila."
data/tablas/12/table-54-12-10-1-repertorio-funcional-localizado.csv,5,presencia preanimal localizada,43dfa8051c5025366ddd6ca82b9e7bb332d706d4cf1c06d05963df0995a5eb36,"aproximadamente 120 TK, 30 PTP y 80 proteínas SH2 en *Monosiga*; CoSrc1/2 activas y autofosforiladas en *Capsaspora*",C-1577; C-1579,Afirmación+SPO+Motivo,REVISADA,"Equivalencia proposicional explícita verificada contra Afirmación, SPO y Motivo; no se heredó el rango de la fila."
data/tablas/12/table-54-12-10-1-repertorio-funcional-localizado.csv,5,"ausencia, discontinuidad o límite",0ab5bd9dd8ec6a7409aebdc5872a02be06f8cd47ab912c15485dae380d2d8f5a,CoCsk sin actividad mensurable y sin fosforilar o regular CoSrc1/2,C-1608; C-1609,Afirmación+SPO+Motivo,REVISADA,"Equivalencia proposicional explícita verificada contra Afirmación, SPO y Motivo; no se heredó el rango de la fila."
data/tablas/12/table-54-12-10-1-repertorio-funcional-localizado.csv,5,interpretación permitida,53704c22e18e8891cba3408968e10fe052d02460dc48a1c93cfe3c7db3c1333b,la fosfotirosina estaba diversificada antes de Metazoa; los autores infirieron que la regulación negativa de Src por Csk parece haber surgido con Metazoa,C-1578; C-1610,Afirmación+SPO+Motivo,REVISADA,"Equivalencia proposicional explícita verificada contra Afirmación, SPO y Motivo; no se heredó el rango de la fila."
data/tablas/12/table-54-12-10-1-repertorio-funcional-localizado.csv,6,presencia preanimal localizada,565a8b8a26f4af5cbc8c99e08e0d179809fbc6baca9df5b82e6b99cecc547e79,componentes en distribuciones mosaico entre choanoflagelados,C-1580,Afirmación,REVISADA,Adjudicación explícita conservadora tras cotejo del valor con Afirmación; no se heredaron todas las C de la fila.
data/tablas/12/table-54-12-10-1-repertorio-funcional-localizado.csv,6,"ausencia, discontinuidad o límite",a1dc56cab738a0af9ac7fab577ae8ae5491234d80e19436a8a8d625c30398281,la ausencia en transcriptomas puede reflejar pérdida o falta de expresión,C-1580,Afirmación+SPO+Motivo,REVISADA,"Equivalencia proposicional explícita verificada contra Afirmación, SPO y Motivo; no se heredó el rango de la fila."
data/tablas/12/table-54-12-10-1-repertorio-funcional-localizado.csv,7,"ausencia, discontinuidad o límite",5111de643c1c37d264b8a8c2f5091ddcbe7f573a861cc670b70b629e3875bff6,S352 no localizó receptores ni ligandos en *Capsaspora* ni *Monosiga*,C-1581,Afirmación+Sujeto,REVISADA,Adjudicación explícita conservadora tras cotejo del valor con Afirmación+Sujeto; no se heredaron todas las C de la fila.
data/tablas/12/table-54-12-10-1-repertorio-funcional-localizado.csv,7,interpretación permitida,7e3cb8668dc3d30b9698fa249f59850c367a1af0774e7e96acfebc08a7a0a763,alcance limitado a los dos genomas comparados,C-1581,Afirmación+SPO+Motivo,REVISADA,"Equivalencia proposicional explícita verificada contra Afirmación, SPO y Motivo; no se heredó el rango de la fila."
data/tablas/12/table-54-12-10-1-repertorio-funcional-localizado.csv,8,presencia preanimal localizada,f3716b0683d7cd948b24e8d12983f4e67e1b465e5558acb46a998538f8071ced,familias antiguas con expansiones y pérdidas,C-1582,Afirmación+SPO+Motivo,REVISADA,"Equivalencia proposicional explícita verificada contra Afirmación, SPO y Motivo; no se heredó el rango de la fila."
data/tablas/12/table-54-12-10-1-repertorio-funcional-localizado.csv,8,"ausencia, discontinuidad o límite",e4a08c0eb713868e19650950dbc170dbf19efcc0f5738bef8fa6325da677b046,235 dominios clasificados como innovaciones del tallo metazoano incluyen ligandos y componentes extracelulares ausentes en los unicelulares comparados,C-1583,Afirmación+SPO+Motivo,REVISADA,"Equivalencia proposicional explícita verificada contra Afirmación, SPO y Motivo; no se heredó el rango de la fila."
data/tablas/12/table-54-12-10-1-repertorio-funcional-localizado.csv,8,interpretación permitida,f63347bb4565122c8e40588aff6b82a77f07e4a8fb9cf57b849006ce6ef0ae8f,historia mosaico,C-1582,Afirmación+Objeto,REVISADA,Adjudicación explícita conservadora tras cotejo del valor con Afirmación+Objeto; no se heredaron todas las C de la fila.
data/tablas/12/table-54-12-10-1-repertorio-funcional-localizado.csv,9,presencia preanimal localizada,aebf45489d6f15ff91bf15dc0676b8377b34adb121f44f0c0de65592cce84a43,tres T-box en *Capsaspora*; uno asociado inicialmente con Brachyury,C-1585; C-1586,Afirmación+SPO+Motivo,REVISADA,"Equivalencia proposicional explícita verificada contra Afirmación, SPO y Motivo; no se heredó el rango de la fila."
data/tablas/12/table-54-12-10-1-repertorio-funcional-localizado.csv,9,"ausencia, discontinuidad o límite",21fb741e92c7f3bb517732f160957d03cc2c3f8481207d56959e6408ccf2fd9d,bootstrap inicial 50%; el uso celular ancestral no se observa directamente,C-1586; C-1587,Afirmación+SPO+Motivo,REVISADA,"Equivalencia proposicional explícita verificada contra Afirmación, SPO y Motivo; no se heredó el rango de la fila."
data/tablas/12/table-54-12-10-1-repertorio-funcional-localizado.csv,9,interpretación permitida,e210dc4efe52223b1f7cb3dcd697edd77d6a071df56ed843f0c5a184297cff55,origen premetazoano y unión a ADN conservada; uso celular ancestral no observado,C-1587,Afirmación+SPO+Motivo,REVISADA,"Equivalencia proposicional explícita verificada contra Afirmación, SPO y Motivo; no se heredó el rango de la fila."
data/tablas/12/table-54-12-10-1-repertorio-funcional-localizado.csv,10,presencia preanimal localizada,e6e43315a6338988278688e410f258cf7d7b59051f67e0ad23f57565e8538a91,dos Runx en *Capsaspora*,C-1584,Afirmación,REVISADA,Adjudicación explícita conservadora tras cotejo del valor con Afirmación; no se heredaron todas las C de la fila.
data/tablas/12/table-54-12-10-1-repertorio-funcional-localizado.csv,10,"ausencia, discontinuidad o límite",a73b55987e05a4e5e068337da910d63da2fcb47b8f5d089dc19693d53f438760,sin CBFβ y sin motivo WRPY,C-1584,Afirmación+Objeto,REVISADA,Adjudicación explícita conservadora tras cotejo del valor con Afirmación+Objeto; no se heredaron todas las C de la fila.
data/tablas/12/table-54-12-10-1-repertorio-funcional-localizado.csv,10,interpretación permitida,18668bfe8089bac13ae3b7c2d5b6fa2159cb1611656fdb276214502bc58f8158,dos Runx sin CBFβ ni motivo WRPY,C-1584,Afirmación+SPO+Motivo,REVISADA,"Equivalencia proposicional explícita verificada contra Afirmación, SPO y Motivo; no se heredó el rango de la fila."
data/tablas/12/table-54-12-10-1-repertorio-funcional-localizado.csv,11,presencia preanimal localizada,9f183cbb4da0ac33d07173d5a740030e72db07e0b63179c1faf30f440f94420d,un único gen inferido en el último ancestro común de Holozoa,C-1591,Afirmación,REVISADA,Adjudicación explícita conservadora tras cotejo del valor con Afirmación; no se heredaron todas las C de la fila.
data/tablas/12/table-54-12-10-1-repertorio-funcional-localizado.csv,11,"ausencia, discontinuidad o límite",3794587954c77567770055a6de426ccd4f0cdada1d9b0ec725e2833693d5a5eb,función animal ancestral no demostrada por la topología génica,C-1591,Afirmación+SPO+Motivo,REVISADA,"Equivalencia proposicional explícita verificada contra Afirmación, SPO y Motivo; no se heredó el rango de la fila."
data/tablas/12/table-54-12-10-1-repertorio-funcional-localizado.csv,11,interpretación permitida,7b47459560c15cfb2e366f984748064126bafc4a46a64527d6d11976a5fced1f,"ascendencia premetazoana inferida del gen, no demostración de función animal",C-1591,Afirmación+SPO+Motivo,REVISADA,"Equivalencia proposicional explícita verificada contra Afirmación, SPO y Motivo; no se heredó el rango de la fila."
data/tablas/12/table-54-12-10-1-repertorio-funcional-localizado.csv,12,presencia preanimal localizada,baa6bc66c9560d77a72ff4e3d21f6fab0e65ed524ad64bade8b53c14804eb67a,presentes en *Monosiga* y *Capsaspora*; función bioquímica demostrada en *Monosiga*,C-1588; C-1589,Afirmación+SPO+Motivo,REVISADA,"Equivalencia proposicional explícita verificada contra Afirmación, SPO y Motivo; no se heredó el rango de la fila."
data/tablas/12/table-54-12-10-1-repertorio-funcional-localizado.csv,12,interpretación permitida,9f93bb1151598bdc6a89c05cbe8c254f7152e1abd2286a2d04e588f16535e9d6,"homólogos preanimales; en *Monosiga*, Myc y Max heterodimerizan y se unen a secuencias E-box",C-1588; C-1589,Afirmación+SPO+Motivo,REVISADA,"Equivalencia proposicional explícita verificada contra Afirmación, SPO y Motivo; no se heredó el rango de la fila."
data/tablas/12/table-54-12-10-1-repertorio-funcional-localizado.csv,13,presencia preanimal localizada,c4f89affaf580f6a077ce6ec7971014354e9e074815a79e87154d73736b49552,familias localizadas en *Capsaspora* y otros holozoos,C-1590,Afirmación+SPO+Motivo,REVISADA,"Equivalencia proposicional explícita verificada contra Afirmación, SPO y Motivo; no se heredó el rango de la fila."
data/tablas/12/table-54-12-10-1-repertorio-funcional-localizado.csv,13,"ausencia, discontinuidad o límite",ee232bbb37f86bea90c624b65d9ac76572643312e48e95f91cb94c1fb84f7f10,distribución y arquitecturas parcheadas,C-1590,Afirmación+SPO+Motivo,REVISADA,"Equivalencia proposicional explícita verificada contra Afirmación, SPO y Motivo; no se heredó el rango de la fila."
data/tablas/12/table-54-12-10-1-repertorio-funcional-localizado.csv,13,interpretación permitida,a70590f20c0cd434717cac01032f2c87d220e336583c864c3ea23f3a3ffcdb78,repertorio preanimal con pérdidas; no función espacial demostrada,C-1590; C-1592,Afirmación+SPO+Motivo,REVISADA,"Equivalencia proposicional explícita verificada contra Afirmación, SPO y Motivo; no se heredó el rango de la fila."
data/tablas/13/table-55a-13-3-escalas-de-division-y-ambiente.csv,2,valor publicado,f05b579032881c1fd2ca17e3866cd463da5fe1fd805000ac4704b7ed9d4d120e,poco menos de 4,C-1617,Afirmación,REVISADA,Adjudicación explícita conservadora tras cotejo del valor con Afirmación; no se heredaron todas las C de la fila.
data/tablas/13/table-55a-13-3-escalas-de-division-y-ambiente.csv,2,"condiciones, método o límites",bedb8669d6e21c27c484059beabaf3c3c43fed4e6e34cd70f1a0dd52298a66d6,22 °C; SorMC; Klebsiella como alimento,C-1617,Afirmación,REVISADA,Adjudicación explícita conservadora tras cotejo del valor con Afirmación; no se heredaron todas las C de la fila.
data/tablas/13/table-55a-13-3-escalas-de-division-y-ambiente.csv,3,valor publicado,3bbec1eb1f8b8ff2131ef627f9973471cb09f79242a2654cc1c7717096d34446,aproximadamente dos veces más rápido,C-1618,Afirmación,REVISADA,Adjudicación explícita conservadora tras cotejo del valor con Afirmación; no se heredaron todas las C de la fila.
data/tablas/13/table-55a-13-3-escalas-de-division-y-ambiente.csv,3,"condiciones, método o límites",ad0a9b6e78d80184e6f8fd0e63622a931791fccec659478e0898719619508559,NC4 con bacterias frente a AX2 en HL5 axénico,C-1618,Afirmación,REVISADA,Adjudicación explícita conservadora tras cotejo del valor con Afirmación; no se heredaron todas las C de la fila.
data/tablas/13/table-55a-13-3-escalas-de-division-y-ambiente.csv,4,valor publicado,727ffad8056415cee2158249145be91b4f0afdbe1d837e6b17f1df74da2fda7d,aproximadamente 8–10,C-1498,Afirmación+Objeto,REVISADA,Adjudicación explícita conservadora tras cotejo del valor con Afirmación+Objeto; no se heredaron todas las C de la fila.
data/tablas/13/table-55a-13-3-escalas-de-division-y-ambiente.csv,5,valor publicado,e57d022b8388be6881ac8b1a8c4d1406b907a9bca6d70653f28297b7ece47991,aproximadamente 11–12,C-1508,Afirmación+Objeto,REVISADA,Adjudicación explícita conservadora tras cotejo del valor con Afirmación+Objeto; no se heredaron todas las C de la fila.
data/tablas/13/table-55a-13-3-escalas-de-division-y-ambiente.csv,5,"condiciones, método o límites",4b77c28c64620570f46f0c72222cceedd9bf405734348833864d6e86ad888320,12 °C; marine broth Difco 37.4 g/L,C-1668,Afirmación+Objeto,REVISADA,Adjudicación explícita conservadora tras cotejo del valor con Afirmación+Objeto; no se heredaron todas las C de la fila.
data/tablas/13/table-55a-13-3-escalas-de-division-y-ambiente.csv,6,valor publicado,c8bf1b34bca7260f2b29e9c409f9853abd7e756735c6edb64613a24d453cf0f5,NO LOCALIZADO EN ESTA SESIÓN,C-1619,Objeto,REVISADA,Adjudicación explícita conservadora tras cotejo del valor con Objeto; no se heredaron todas las C de la fila.
data/tablas/13/table-55a-13-3-escalas-de-division-y-ambiente.csv,6,"condiciones, método o límites",36355e77d8becba11956c72b34b893ea8ba38cc42732fb011bf2e67a966365bd,ATCC: 18–25 °C y repique quincenal para Thecamonas; Hexatilemonas en cultivo estable sin curva de crecimiento,C-1669; C-1670,Afirmación,REVISADA,Adjudicación explícita conservadora tras cotejo del valor con Afirmación; no se heredaron todas las C de la fila.
data/tablas/13/table-55a-13-3-escalas-de-division-y-ambiente.csv,6,interpretación permitida,d456fb0628de2b5459c36011e37e04aa3209fc9a0a0fa9c12c97b424ca268a3a,mantenimiento o repique no equivalen a tiempo de generación,C-1619; C-1669,Afirmación+Motivo,REVISADA,Adjudicación explícita conservadora tras cotejo del valor con Afirmación+Motivo; no se heredaron todas las C de la fila.
data/tablas/13/table-55a-13-3-escalas-de-division-y-ambiente.csv,7,valor publicado,e4075b3ca4f3230718c83826051e092462bee0a1eea31fab62a232f5e5e4b062,aproximadamente 1.1,C-196,Objeto,REVISADA,Adjudicación explícita conservadora tras cotejo del valor con Objeto; no se heredaron todas las C de la fila.
data/tablas/13/table-55a-13-3-escalas-de-division-y-ambiente.csv,7,unidad,2c2388e5f10290242df1c70d77d35e0201965d38e88f2e4064a65fa278f1e098,Gyr; mediana,C-196,Afirmación+Objeto,REVISADA,Adjudicación explícita conservadora tras cotejo del valor con Afirmación+Objeto; no se heredaron todas las C de la fila.
data/tablas/13/table-55a-13-3-escalas-de-division-y-ambiente.csv,7,interpretación permitida,2826d751b6e5411a76ac283dc923c4363287e48020fe7050771d01c152bc6c04,duración inferida del tallo nuclear,C-196,Afirmación,REVISADA,Adjudicación explícita conservadora tras cotejo del valor con Afirmación; no se heredaron todas las C de la fila.
data/tablas/13/table-55a-13-3-escalas-de-division-y-ambiente.csv,8,valor publicado,e2c1a666a48c24e6e178d47532b30b8b782065fa8dfea728f931ad1af3489145,aproximadamente 0.6,C-197,Objeto,REVISADA,Adjudicación explícita conservadora tras cotejo del valor con Objeto; no se heredaron todas las C de la fila.
data/tablas/13/table-55a-13-3-escalas-de-division-y-ambiente.csv,8,unidad,2c2388e5f10290242df1c70d77d35e0201965d38e88f2e4064a65fa278f1e098,Gyr; mediana,C-197,Afirmación+Objeto,REVISADA,Adjudicación explícita conservadora tras cotejo del valor con Afirmación+Objeto; no se heredaron todas las C de la fila.
data/tablas/13/table-55a-13-3-escalas-de-division-y-ambiente.csv,8,interpretación permitida,600944c2ecc5e80a5ed67eb283c1145090c75c09396f10b4932bc185de5ba23e,duración inferida del tallo mitocondrial,C-197,Afirmación,REVISADA,Adjudicación explícita conservadora tras cotejo del valor con Afirmación; no se heredaron todas las C de la fila.
data/tablas/13/table-55a-13-3-escalas-de-division-y-ambiente.csv,9,valor publicado,2478eb3ce299bd059a54c21bc6d5649bef1f7c3a5cc94bc7eba85661ac773327,aproximadamente 1.8–0.8,C-821,Afirmación+Objeto,REVISADA,Adjudicación explícita conservadora tras cotejo del valor con Afirmación+Objeto; no se heredaron todas las C de la fila.
data/tablas/13/table-55a-13-3-escalas-de-division-y-ambiente.csv,9,unidad,5a256f50652ec6646f8845faf6cbf31d40bfce1a722597409b76721315ec8c70,Ga,C-821,Afirmación+Objeto,REVISADA,Adjudicación explícita conservadora tras cotejo del valor con Afirmación+Objeto; no se heredaron todas las C de la fila.
data/tablas/13/table-55a-13-3-escalas-de-division-y-ambiente.csv,10,valor publicado,6009792399cd4534fed4d0d5467ddc690d1caac134fb0927d87002ade1343e66,aproximadamente 717–659,C-823,Objeto,REVISADA,Adjudicación explícita conservadora tras cotejo del valor con Objeto; no se heredaron todas las C de la fila.
data/tablas/13/table-55a-13-3-escalas-de-division-y-ambiente.csv,10,unidad,4ed335b3cea27cc277b075c5e68d830c5612009e83be4722d63fad30183a9003,Ma,C-823,Afirmación+Objeto,REVISADA,Adjudicación explícita conservadora tras cotejo del valor con Afirmación+Objeto; no se heredaron todas las C de la fila.
data/tablas/13/table-55a-13-3-escalas-de-division-y-ambiente.csv,11,valor publicado,a31b277ccddb4ee419490670849cae05160879e2a8c3ee5ffa249b1088f97d83,inicio después de ~659 y antes de ~639; final 635.2 ± 0.6,C-825; C-824,Afirmación+Objeto,REVISADA,Adjudicación explícita conservadora tras cotejo del valor con Afirmación+Objeto; no se heredaron todas las C de la fila.
data/tablas/13/table-55a-13-3-escalas-de-division-y-ambiente.csv,11,unidad,4ed335b3cea27cc277b075c5e68d830c5612009e83be4722d63fad30183a9003,Ma,C-824,Afirmación+Objeto,REVISADA,Adjudicación explícita conservadora tras cotejo del valor con Afirmación+Objeto; no se heredaron todas las C de la fila.
data/tablas/13/table-55a-13-3-escalas-de-division-y-ambiente.csv,11,"condiciones, método o límites",5e9c9e8907b4829b925f05ea26cffc72acec34311d18d2c1d8a1c17638fc357c,sucesiones distintas; U–Pb para el final,C-825; C-824,Motivo+Afirmación,REVISADA,Adjudicación explícita conservadora tras cotejo del valor con Motivo+Afirmación; no se heredaron todas las C de la fila.
data/tablas/13/table-55a-13-3-escalas-de-division-y-ambiente.csv,11,interpretación permitida,8114d23d7e40fdbbdb207222928a9b2b56fa9f4de6a3b1a63b95a51d5a0b5e04,inicio menos constreñido que final,C-825,Afirmación,REVISADA,Adjudicación explícita conservadora tras cotejo del valor con Afirmación; no se heredaron todas las C de la fila.
data/tablas/13/table-55a-13-3-escalas-de-division-y-ambiente.csv,12,valor publicado,1b53d091dbd2e9c3773cfe122e30c9c85532ddc2504f9143ca7bab90ee1f03bd,~70 inicio; ~90 pico; ~200 meseta; ~440 recuperación,C-1631,Afirmación,REVISADA,Adjudicación explícita conservadora tras cotejo del valor con Afirmación; no se heredaron todas las C de la fila.
data/tablas/13/table-55a-13-3-escalas-de-division-y-ambiente.csv,12,unidad,a77c26e82dde4774c582b1dd1feed4a19ced7b7c832a0137c7d2d290e0148138,kyr,C-1631,Afirmación+Objeto,REVISADA,Adjudicación explícita conservadora tras cotejo del valor con Afirmación+Objeto; no se heredaron todas las C de la fila.
data/tablas/13/table-55a-13-3-escalas-de-division-y-ambiente.csv,13,valor publicado,f8714b95ce3ecfc2f4fa75fa3664055d17f124c6a2ca65ffeed7b9a6e9d1c98a,~390 inicio; ~600 pico; ~1.340 meseta; ~380 recuperación,C-1633,Afirmación,REVISADA,Adjudicación explícita conservadora tras cotejo del valor con Afirmación; no se heredaron todas las C de la fila.
data/tablas/13/table-55a-13-3-escalas-de-division-y-ambiente.csv,13,unidad,a77c26e82dde4774c582b1dd1feed4a19ced7b7c832a0137c7d2d290e0148138,kyr,C-1633,Afirmación+Objeto,REVISADA,Adjudicación explícita conservadora tras cotejo del valor con Afirmación+Objeto; no se heredaron todas las C de la fila.
data/tablas/13/table-55b-13-4-tasas-de-mutacion-directas.csv,2,clase mutacional,f3fbdcd22b70955f0525ce2a80d5be16859e4ea1e87aa25fc6b006632e2dd02e,mutación nuclear,C-1621; C-1671,Afirmación+SPO+Motivo,REVISADA,Revisión semántica explícita: la celda conserva solo contenido equivalente a las C indicadas; no se usó semejanza léxica como prueba.
data/tablas/13/table-55b-13-4-tasas-de-mutacion-directas.csv,2,tasa por sitio o nucleótido y generación,bfcaa750b1738e2f03579dda0caa14c5ed6dcd3084bd712c8c0e49be380ff4db,2.9 × 10^-11,C-1621,Afirmación+Objeto,REVISADA,Adjudicación explícita conservadora tras cotejo del valor con Afirmación+Objeto; no se heredaron todas las C de la fila.
data/tablas/13/table-55b-13-4-tasas-de-mutacion-directas.csv,2,incertidumbre publicada,3b468f3f85d8ff39c6b7b27fddfa5ae27d92ae6d8d5cc05033f4633ebcf340ed,Poisson 7.4 × 10^-13–1.6 × 10^-10,C-1622,Afirmación,REVISADA,Adjudicación explícita conservadora tras cotejo del valor con Afirmación; no se heredaron todas las C de la fila.
data/tablas/13/table-55b-13-4-tasas-de-mutacion-directas.csv,2,diseño mínimo,520035711639350f035eaccfdc30011040e2d192ae817270e707587c75b7257b,3 líneas; ~1.000 generaciones; 1 mutación nuclear,C-1671,Afirmación+Objeto,REVISADA,Adjudicación explícita conservadora tras cotejo del valor con Afirmación+Objeto; no se heredaron todas las C de la fila.
data/tablas/13/table-55b-13-4-tasas-de-mutacion-directas.csv,2,límite de comparación,971d4c386e3059c084734576f7d3842d5e84e7980d8ff2a776d7cc2499714af3,estimador basado en un evento detectado,C-1621; C-1671,Afirmación+SPO+Motivo,REVISADA,Revisión semántica explícita: la celda conserva solo contenido equivalente a las C indicadas; no se usó semejanza léxica como prueba.
data/tablas/13/table-55b-13-4-tasas-de-mutacion-directas.csv,3,clase mutacional,4d011c366a0e7c3690cc2409e6e885dc2a990ff54b54a43fb9aea61dd4556689,mutaciones mitocondriales,C-1623,Afirmación,REVISADA,Adjudicación explícita conservadora tras cotejo del valor con Afirmación; no se heredaron todas las C de la fila.
data/tablas/13/table-55b-13-4-tasas-de-mutacion-directas.csv,3,tasa por sitio o nucleótido y generación,d93c45f12a74df3344c462b247822f8cd3194f818d0fd6fcac9e2bd330069378,6.76 × 10^-9,C-1623,Afirmación+Objeto,REVISADA,Adjudicación explícita conservadora tras cotejo del valor con Afirmación+Objeto; no se heredaron todas las C de la fila.
data/tablas/13/table-55b-13-4-tasas-de-mutacion-directas.csv,3,incertidumbre publicada,12f4a379559ea207afd8fa782df800c1af8c11e892b895b1005520c85c32846a,Poisson 4.1 × 10^-9–9.5 × 10^-9,C-1623,Motivo,REVISADA,Adjudicación explícita conservadora tras cotejo del valor con Motivo; no se heredaron todas las C de la fila.
data/tablas/13/table-55b-13-4-tasas-de-mutacion-directas.csv,3,diseño mínimo,3d58d06b6f3827f534d03609a483511afc9814ee65f86d2462eea19c7a5ccc0a,19 mutaciones,C-1623,Afirmación+SPO+Motivo,REVISADA,Revisión semántica explícita: la celda conserva solo contenido equivalente a las C indicadas; no se usó semejanza léxica como prueba.
data/tablas/13/table-55b-13-4-tasas-de-mutacion-directas.csv,4,clase mutacional,a8d9289669b9c5e32fda811931fad4d63bb66b997a50d8989799b3002d2f2011,sustituciones de base,C-1624,Afirmación,REVISADA,Adjudicación explícita conservadora tras cotejo del valor con Afirmación; no se heredaron todas las C de la fila.
data/tablas/13/table-55b-13-4-tasas-de-mutacion-directas.csv,4,tasa por sitio o nucleótido y generación,250dfcea10b7a73ee075ec66d2c7224e41d5a0bac35721366335f10d6d749e94,1.94 × 10^-11,C-1624,Afirmación+Objeto,REVISADA,Adjudicación explícita conservadora tras cotejo del valor con Afirmación+Objeto; no se heredaron todas las C de la fila.
data/tablas/13/table-55b-13-4-tasas-de-mutacion-directas.csv,4,incertidumbre publicada,4ae19c6488bd63163addae2f76586b5a48a79eeb32118bd61733310f56eb7e01,SE 0.36 × 10^-11,C-1624,Afirmación+Objeto,REVISADA,Adjudicación explícita conservadora tras cotejo del valor con Afirmación+Objeto; no se heredaron todas las C de la fila.
data/tablas/13/table-55b-13-4-tasas-de-mutacion-directas.csv,4,diseño mínimo,20678600c95dd34016326098740d2b7326be31d2ad6fd5288e400e53679f53a2,7 líneas; ~3.300 divisiones; 29 sustituciones; promedio de 63.2 Mb analizables por línea,C-1672,Afirmación+Objeto,REVISADA,Adjudicación explícita conservadora tras cotejo del valor con Afirmación+Objeto; no se heredaron todas las C de la fila.
data/tablas/13/table-55b-13-4-tasas-de-mutacion-directas.csv,5,clase mutacional,a8d9289669b9c5e32fda811931fad4d63bb66b997a50d8989799b3002d2f2011,sustituciones de base,C-1625,Afirmación,REVISADA,Adjudicación explícita conservadora tras cotejo del valor con Afirmación; no se heredaron todas las C de la fila.
data/tablas/13/table-55b-13-4-tasas-de-mutacion-directas.csv,5,tasa por sitio o nucleótido y generación,d9c66b2380a26c10b8eb89911e99457dd6629058bc73d3d38590aa56d585e1b4,7.61 × 10^-12,C-1625,Afirmación+Objeto,REVISADA,Adjudicación explícita conservadora tras cotejo del valor con Afirmación+Objeto; no se heredaron todas las C de la fila.
data/tablas/13/table-55b-13-4-tasas-de-mutacion-directas.csv,5,incertidumbre publicada,a9712b4090b6b784cf3fdabb58f3fafc3cd11635a70c7a0917f13e561847250c,IC 95% 0.691–14.53 × 10^-12 por método estándar; 4.68–12.38 × 10^-12 con transformación logarítmica,C-1674,Objeto,REVISADA,Adjudicación explícita conservadora tras cotejo del valor con Objeto; no se heredaron todas las C de la fila.
data/tablas/13/table-55b-13-4-tasas-de-mutacion-directas.csv,5,diseño mínimo,d4447383227649efb2ae8509a5b7d6cf128da2382a21cb0c3bb98e71909868d2,8 líneas; ~1.000 divisiones; 5 sustituciones validadas,C-1673,Afirmación+Objeto,REVISADA,Adjudicación explícita conservadora tras cotejo del valor con Afirmación+Objeto; no se heredaron todas las C de la fila.
data/tablas/13/table-55b-13-4-tasas-de-mutacion-directas.csv,5,límite de comparación,4b0093e2413da5f183e3f5c00c9054d0e02396adccef9fcc3a1016767cdb71bd,genoma germinal; intervalo amplio,C-1625,Afirmación+Sujeto+Motivo,REVISADA,Adjudicación explícita conservadora tras cotejo del valor con Afirmación+Sujeto+Motivo; no se heredaron todas las C de la fila.
data/tablas/13/table-55b-13-4-tasas-de-mutacion-directas.csv,6,clase mutacional,a8d9289669b9c5e32fda811931fad4d63bb66b997a50d8989799b3002d2f2011,sustituciones de base,C-1626,Afirmación,REVISADA,Adjudicación explícita conservadora tras cotejo del valor con Afirmación; no se heredaron todas las C de la fila.
data/tablas/13/table-55b-13-4-tasas-de-mutacion-directas.csv,6,tasa por sitio o nucleótido y generación,10dced14fac2dfe2e3d75e1708f2d65c1a18edb48f5c173d56a52144f5d45fd2,aproximadamente 2.2 × 10^-10,C-1626,Afirmación+Objeto,REVISADA,Adjudicación explícita conservadora tras cotejo del valor con Afirmación+Objeto; no se heredaron todas las C de la fila.
data/tablas/13/table-55b-13-4-tasas-de-mutacion-directas.csv,6,límite de comparación,21813b4952b78ae821d089fec04d2847ee3b56326880081eb3de39f587f0895d,solo sustituciones de base,C-1626,Afirmación+SPO+Motivo,REVISADA,Revisión semántica explícita: la celda conserva solo contenido equivalente a las C indicadas; no se usó semejanza léxica como prueba.
data/tablas/13/table-55b-13-4-tasas-de-mutacion-directas.csv,7,clase mutacional,ed058a946761c60f7d02b624bcd67a15906a58db5afdd3d1df540360bf657e83,mutaciones totales por genoma,C-1627,Afirmación+SPO+Motivo,REVISADA,Revisión semántica explícita: la celda conserva solo contenido equivalente a las C indicadas; no se usó semejanza léxica como prueba.
data/tablas/13/table-55b-13-4-tasas-de-mutacion-directas.csv,7,tasa por sitio o nucleótido y generación,21b05c830e0f0e31a49316bee389cfd1617d4a66ad1e02cff5fb9b4c4662ea31,aproximadamente 1 × 10^-3 por genoma y generación,C-1627,Afirmación+Objeto,REVISADA,Adjudicación explícita conservadora tras cotejo del valor con Afirmación+Objeto; no se heredaron todas las C de la fila.
data/tablas/13/table-55b-13-4-tasas-de-mutacion-directas.csv,7,límite de comparación,7a538d6f910d6ac5e6570c73c9055e86675efad97ceee1847105757bb0b6e866,denominador por genoma; no equivale a una tasa por sitio,C-1627,Afirmación+SPO+Motivo,REVISADA,Revisión semántica explícita: la celda conserva solo contenido equivalente a las C indicadas; no se usó semejanza léxica como prueba.
data/tablas/13/table-55b-13-4-tasas-de-mutacion-directas.csv,8,clase mutacional,a8d9289669b9c5e32fda811931fad4d63bb66b997a50d8989799b3002d2f2011,sustituciones de base,C-1628,Afirmación,REVISADA,Adjudicación explícita conservadora tras cotejo del valor con Afirmación; no se heredaron todas las C de la fila.
data/tablas/13/table-55b-13-4-tasas-de-mutacion-directas.csv,8,tasa por sitio o nucleótido y generación,a6db5db298215216515726e7def551234eacf698b359c9d057e0ae26680cdf45,1.22 × 10^-10,C-1628,Afirmación+Objeto,REVISADA,Adjudicación explícita conservadora tras cotejo del valor con Afirmación+Objeto; no se heredaron todas las C de la fila.
data/tablas/13/table-55b-13-4-tasas-de-mutacion-directas.csv,8,incertidumbre publicada,baccc8779acf8b6d6730a63367908c2d5c42bc6e3a3fcb89665cad5a705be803,IC 95% 0.98–1.51 × 10^-10,C-1628,Afirmación+SPO+Motivo,REVISADA,Revisión semántica explícita: la celda conserva solo contenido equivalente a las C indicadas; no se usó semejanza léxica como prueba.
data/tablas/13/table-55b-13-4-tasas-de-mutacion-directas.csv,8,diseño mínimo,5aa5d2530307a5381902c64d925e53e849a8488be6cce61054c2c7da569550a1,69 líneas; ~2.900 divisiones; 30 °C; aerobio; ATCC 1168,C-1675,Afirmación+Objeto,REVISADA,Adjudicación explícita conservadora tras cotejo del valor con Afirmación+Objeto; no se heredaron todas las C de la fila.
data/tablas/13/table-55b-13-4-tasas-de-mutacion-directas.csv,8,límite de comparación,29b19b4f85564ccdea49c59736fb28b7d2c2d6c7d80d155ebdfaa50f1baaf022,"condiciones: 30 °C, aerobiosis y ATCC 1168",C-1675,Afirmación+SPO+Motivo,REVISADA,Revisión semántica explícita: la celda conserva solo contenido equivalente a las C indicadas; no se usó semejanza léxica como prueba.
data/tablas/13/table-55b-13-4-tasas-de-mutacion-directas.csv,9,clase mutacional,491b68ccf887f934942e8be609f58bd0480e14cbefcef7fc44708e67eef90726,inserciones y deleciones,C-1629,Afirmación,REVISADA,Adjudicación explícita conservadora tras cotejo del valor con Afirmación; no se heredaron todas las C de la fila.
data/tablas/13/table-55b-13-4-tasas-de-mutacion-directas.csv,9,tasa por sitio o nucleótido y generación,cca8c0607d3dfc3a444b51b48d682409ccc25cadf1df38b3b6deb96c3aba2d6c,0.43 × 10^-10,C-1629,Afirmación+Objeto,REVISADA,Adjudicación explícita conservadora tras cotejo del valor con Afirmación+Objeto; no se heredaron todas las C de la fila.
data/tablas/13/table-55b-13-4-tasas-de-mutacion-directas.csv,9,diseño mínimo,5aa5d2530307a5381902c64d925e53e849a8488be6cce61054c2c7da569550a1,69 líneas; ~2.900 divisiones; 30 °C; aerobio; ATCC 1168,C-1675,Afirmación+Objeto,REVISADA,Adjudicación explícita conservadora tras cotejo del valor con Afirmación+Objeto; no se heredaron todas las C de la fila.
data/tablas/13/table-55b-13-4-tasas-de-mutacion-directas.csv,9,límite de comparación,48d32ac141d4950815c76390be707a4649b402e1c7797bb8f9cd3ec1fcd38fef,clase mutacional separada,C-1629; C-1675,Motivo,REVISADA,Adjudicación explícita conservadora tras cotejo del valor con Motivo; no se heredaron todas las C de la fila.
data/tablas/13/table-55c-13-6-cronologia-de-endosimbiosis-e-integracion.csv,2,edad o límite recuperado,1a1523e4fcaffb49cb57152d979c51c8710a36f227061887df872cebe929dd0b,mFECA–LECA: mediana ~0.6 Gyr,C-197,Afirmación,REVISADA,Adjudicación explícita conservadora tras cotejo del valor con Afirmación; no se heredaron todas las C de la fila.
data/tablas/13/table-55c-13-6-cronologia-de-endosimbiosis-e-integracion.csv,2,qué fecha realmente,4f8439612940d49d3b15891183ca3a86d01828e35a65e053c739e53937e8947b,duración mediana inferida del tallo mFECA–LECA,C-197,Afirmación+SPO+Motivo,REVISADA,Revisión semántica explícita: la celda conserva solo contenido equivalente a las C indicadas; no se usó semejanza léxica como prueba.
data/tablas/13/table-55c-13-6-cronologia-de-endosimbiosis-e-integracion.csv,2,estado de integración observado,435dac168e2dfdbdfb3b311ea22c8da741916373f16eebb0572cd5f9f671df18,mitocondria integrada con genoma e importación en LECA; EGT mitocondrial ancestral documentada,C-233; C-1162; C-1164,Afirmación+SPO+Motivo,REVISADA,Revisión semántica explícita: la celda conserva únicamente integración con genoma e importación en LECA y EGT ancestral documentada; se retiraron C-197 y C-1163 por no predicar ese estado.
data/tablas/13/table-55c-13-6-cronologia-de-endosimbiosis-e-integracion.csv,2,qué no puede calcularse,d1ecebd00d530548ece90f045bd97608af963c7431bfa6604f97c14eddec018f,secuencia celular exacta de integración,C-1200,Afirmación+SPO+Motivo,REVISADA,Revisión semántica explícita: la celda conserva solo contenido equivalente a las C indicadas; no se usó semejanza léxica como prueba.
data/tablas/13/table-55c-13-6-cronologia-de-endosimbiosis-e-integracion.csv,3,edad o límite recuperado,1262bee949659294fd22dda27d76072e7025cecb099e4a91b3207da48c84a5ef,sin inicio único consolidado en esta sección,C-1676,Afirmación+SPO+Motivo,REVISADA,Revisión semántica explícita: la celda conserva solo contenido equivalente a las C indicadas; no se usó semejanza léxica como prueba.
data/tablas/13/table-55c-13-6-cronologia-de-endosimbiosis-e-integracion.csv,3,qué fecha realmente,2d1f8c0138565553df2a92b07cf0bc02a164870393bd107f985dd50367149319,"por convención, edades fósiles o nodales no se usan como fecha directa de captura",C-1677,Afirmación,REVISADA,Adjudicación explícita conservadora tras cotejo del valor con Afirmación; no se heredaron todas las C de la fila.
data/tablas/13/table-55c-13-6-cronologia-de-endosimbiosis-e-integracion.csv,3,estado de integración observado,03b2f08282b9440ebbe5b47cd9fea026b545b26415649b9fce64b5ff1b0dbe43,transferencia al núcleo y redireccionamiento de proteínas descritos por S411,C-1678,Afirmación,REVISADA,Adjudicación explícita conservadora tras cotejo del valor con Afirmación; no se heredaron todas las C de la fila.
data/tablas/13/table-55c-13-6-cronologia-de-endosimbiosis-e-integracion.csv,3,qué no puede calcularse,9db1cbf976c538b317b711bdb3cf536ab42277959de3cc1fe39089b3197881c1,duración desde captura hasta integración,C-1679,Afirmación+Objeto,REVISADA,Adjudicación explícita conservadora tras cotejo del valor con Afirmación+Objeto; no se heredaron todas las C de la fila.
data/tablas/13/table-55c-13-6-cronologia-de-endosimbiosis-e-integracion.csv,4,edad o límite recuperado,a821ee903fb86d383a5ed7aa61e01d8ac2ee8fdbb530848b39b0622694346b10,90–140 Ma,C-1636,Afirmación+Objeto,REVISADA,Adjudicación explícita conservadora tras cotejo del valor con Afirmación+Objeto; no se heredaron todas las C de la fila.
data/tablas/13/table-55c-13-6-cronologia-de-endosimbiosis-e-integracion.csv,4,qué fecha realmente,c60dd722c0ad3d863a25a5bf4e0e745833033bd0477fe2906cff112cdb875853,edad filogenética de la endosimbiosis,C-1636,Motivo,REVISADA,Adjudicación explícita conservadora tras cotejo del valor con Motivo; no se heredaron todas las C de la fila.
data/tablas/13/table-55c-13-6-cronologia-de-endosimbiosis-e-integracion.csv,4,estado de integración observado,e591880356ab88ae024d53bfe25e2c545a659f6b89f1798d787fdcda188e8a75,genoma reducido; genes cromatofóricos nucleares y proteínas importadas,C-989; C-1046; C-1050,Afirmación+SPO+Motivo,REVISADA,Revisión semántica explícita: la celda conserva solo contenido equivalente a las C indicadas; no se usó semejanza léxica como prueba.
data/tablas/13/table-55c-13-6-cronologia-de-endosimbiosis-e-integracion.csv,4,qué no puede calcularse,950de48df22c8c3b4a5daf7c8b6d03a26067c84c841a01d5da0e6c56fc1d5a54,la edad no mide la duración de cada etapa de integración,C-1636,Afirmación+SPO+Motivo,REVISADA,Revisión semántica explícita: la celda conserva solo contenido equivalente a las C indicadas; no se usó semejanza léxica como prueba.
data/tablas/13/table-55c-13-6-cronologia-de-endosimbiosis-e-integracion.csv,5,edad o límite recuperado,3752f12964326bc4cb0f6d64d13d202d1c8c596c204bfdb0538a3d19d6c6d293,~12 Ma; otro muestreo sitúa ancestro común <35 Ma,C-1640,Afirmación+Motivo,REVISADA,Adjudicación explícita conservadora tras cotejo del valor con Afirmación+Motivo; no se heredaron todas las C de la fila.
data/tablas/13/table-55c-13-6-cronologia-de-endosimbiosis-e-integracion.csv,5,qué fecha realmente,31ea088b45efe65d0c6004704a156b8eca09ee976431ee81ba228bc0136afb01,origen de clado simbiótico según muestreo y calibración,C-1637; C-1640,Afirmación+SPO+Motivo,REVISADA,Revisión semántica explícita: la celda conserva solo contenido equivalente a las C indicadas; no se usó semejanza léxica como prueba.
data/tablas/13/table-55c-13-6-cronologia-de-endosimbiosis-e-integracion.csv,5,estado de integración observado,0cfe25c7b2f83c4d82c2937d21faf024c963035cdecdea35f6de73779e1118e1,fijación de nitrógeno tras pérdida de fotosíntesis; fragmentos nucleares no funcionales en E. clementina,C-1070; C-1641,Afirmación+SPO+Motivo,REVISADA,Revisión semántica explícita: la celda conserva solo contenido equivalente a las C indicadas; no se usó semejanza léxica como prueba.
data/tablas/13/table-55c-13-6-cronologia-de-endosimbiosis-e-integracion.csv,5,qué no puede calcularse,e8704657b84978a470571477362d2fb732c8f3e6ca73676706860cdc8bd6c2b7,no se observó EGT funcional en las transferencias detectadas,C-1641; C-1651,Afirmación+SPO+Motivo,REVISADA,Revisión semántica explícita: la celda conserva solo contenido equivalente a las C indicadas; no se usó semejanza léxica como prueba.
data/tablas/13/table-55c-13-6-cronologia-de-endosimbiosis-e-integracion.csv,6,edad o límite recuperado,726e875f57f16afd7f4fbed350d5f5af73767a6180fe001a5c0a86d2b2dcc412,divergencia UCYN-A1/A2 ~91 Ma; asociación ancestral inferida hacia el Cretácico tardío,C-1061,Afirmación,REVISADA,Adjudicación explícita conservadora tras cotejo del valor con Afirmación; no se heredaron todas las C de la fila.
data/tablas/13/table-55c-13-6-cronologia-de-endosimbiosis-e-integracion.csv,6,qué fecha realmente,5d290dd6e3540b42587958037cd7db9b723c4ef9cd2ea1dd6be65d8dbf072873,"divergencia de linajes simbióticos; la asociación ya establecida es inferencia explícita, no fecha de captura",C-1639,Motivo,REVISADA,Adjudicación explícita conservadora tras cotejo del valor con Motivo; no se heredaron todas las C de la fila.
data/tablas/13/table-55c-13-6-cronologia-de-endosimbiosis-e-integracion.csv,6,estado de integración observado,40a22289c44e0cfa5b77380a1aa443b3885bad45806ea00033f3c56d73932191,división coordinada e importación de proteínas nucleares,C-1057; C-1058,Afirmación+SPO+Motivo,REVISADA,Revisión semántica explícita: la celda conserva solo contenido equivalente a las C indicadas; no se usó semejanza léxica como prueba.
data/tablas/13/table-55c-13-6-cronologia-de-endosimbiosis-e-integracion.csv,6,qué no puede calcularse,d38fbadeafdb361c6fd425f3fd4c4fd9083f739e637b89eb3adbdff24aaab114,la divergencia no fecha la captura inicial ni una serie temporal completa hasta el estado actual,C-1639; C-1642,Afirmación+SPO+Motivo,REVISADA,Revisión semántica explícita: la celda conserva solo contenido equivalente a las C indicadas; no se usó semejanza léxica como prueba.
data/tablas/13/table-55c-13-6-cronologia-de-endosimbiosis-e-integracion.csv,7,edad o límite recuperado,c595c247f343f1bf50c8f521a1dac78e43dfcac0aa014034890c027944148a66,sin cronología comparable de inicio y etapas intermedias,C-1642,Afirmación+SPO+Motivo,REVISADA,Revisión semántica explícita: la celda conserva solo contenido equivalente a las C indicadas; no se usó semejanza léxica como prueba.
data/tablas/13/table-55c-13-6-cronologia-de-endosimbiosis-e-integracion.csv,7,qué fecha realmente,1a17669f2340e46321a483cf5a50683b890b141a5683e775af2c4357914ed8b7,edades y límites heterogéneos entre sistemas,C-1642,Afirmación+SPO+Motivo,REVISADA,Revisión semántica explícita: la celda conserva solo contenido equivalente a las C indicadas; no se usó semejanza léxica como prueba.
data/tablas/13/table-55c-13-6-cronologia-de-endosimbiosis-e-integracion.csv,7,estado de integración observado,45b4028406d07e4cbdbff14f375387b08a246bf3d038c981481fa329103776ab,estados presentes sin una serie temporal completa común,C-1642,Afirmación+SPO+Motivo,REVISADA,Revisión semántica explícita: la celda conserva solo contenido equivalente a las C indicadas; no se usó semejanza léxica como prueba.
data/tablas/13/table-55c-13-6-cronologia-de-endosimbiosis-e-integracion.csv,7,qué no puede calcularse,6350ac62e9350c0e0b1b0879c404979648a3b1a8870fa7dc6b3194987917ff45,serie temporal completa entre sistemas,C-1642,Afirmación+SPO+Motivo,REVISADA,Revisión semántica explícita: la celda conserva solo contenido equivalente a las C indicadas; no se usó semejanza léxica como prueba.
data/tablas/13/table-55d-13-9-recuentos-de-origenes-y-perdidas.csv,2,recuento o rango recuperado,1121cfccd5913f0a63fec40a6ffd44ea64f9dc135c66634ba001d10bcf4302a2,3,C-1649,Afirmación+SPO+Motivo,REVISADA,"Equivalencia proposicional explícita verificada contra Afirmación, SPO y Motivo; no se heredó el rango de la fila."
data/tablas/13/table-55d-13-9-recuentos-de-origenes-y-perdidas.csv,2,criterio y autor,127ac10f422c8ab1aee1b285204aca4acf9f2daad48af0f30892d35a16dceb0b,"mitocondria, plasto de Archaeplastida y cromatóforo de Paulinella; criterio estricto de este corpus",C-1649,Afirmación,REVISADA,Adjudicación explícita conservadora tras cotejo del valor con Afirmación; no se heredaron todas las C de la fila.
data/tablas/13/table-55d-13-9-recuentos-de-origenes-y-perdidas.csv,2,estado,02e0ea1f6ecb954d071605c69c7d83cfdd64dd819b35081b8f6d533c296f3c49,síntesis condicionada,C-1649,Afirmación+SPO+Motivo,REVISADA,"Equivalencia proposicional explícita verificada contra Afirmación, SPO y Motivo; no se heredó el rango de la fila."
data/tablas/13/table-55d-13-9-recuentos-de-origenes-y-perdidas.csv,2,límite principal,1b48409dbbb39ceb1ad764e4d8d7a43740c9faa7ffa19b4bba4ef0fb84591a54,nitroplasto y diazoplasto no satisfacen aquí EGT funcional demostrada,C-1650; C-1651,Afirmación+SPO+Motivo,REVISADA,"Equivalencia proposicional explícita verificada contra Afirmación, SPO y Motivo; no se heredó el rango de la fila."
data/tablas/13/table-55d-13-9-recuentos-de-origenes-y-perdidas.csv,3,recuento o rango recuperado,4897069c12d27764bda68e0445cd1b08c7dba0298264f035de0c0e54a15c5cdf,media 1; mediana 1 por árbol,C-1652,Afirmación+Objeto,REVISADA,Adjudicación explícita conservadora tras cotejo del valor con Afirmación+Objeto; no se heredaron todas las C de la fila.
data/tablas/13/table-55d-13-9-recuentos-de-origenes-y-perdidas.csv,3,criterio y autor,b7a1a3846a2c1179a3ac54387508ede7f2c3f9b76b7ab047ce96ac7cbf37a35e,árboles de copia única y múltiple; Bremer et al.,C-1652,Afirmación+SPO+Motivo,REVISADA,"Equivalencia proposicional explícita verificada contra Afirmación, SPO y Motivo; no se heredó el rango de la fila."
data/tablas/13/table-55d-13-9-recuentos-de-origenes-y-perdidas.csv,3,límite principal,38b95141d3544385ae3b39028515836c614690e0a023dc3aa01c7fe09b806870,el resultado fue estable a la clase de árbol,C-1652,Afirmación+SPO+Motivo,REVISADA,"Equivalencia proposicional explícita verificada contra Afirmación, SPO y Motivo; no se heredó el rango de la fila."
data/tablas/13/table-55d-13-9-recuentos-de-origenes-y-perdidas.csv,4,recuento o rango recuperado,73bc3f2ffb690688b148f3f79aedb44ad4cff200aa15a8bdeb4d563b74487f32,al menos 3,C-1654,Afirmación+SPO+Motivo,REVISADA,"Equivalencia proposicional explícita verificada contra Afirmación, SPO y Motivo; no se heredó el rango de la fila."
data/tablas/13/table-55d-13-9-recuentos-de-origenes-y-perdidas.csv,4,criterio y autor,ef57ecdca2333680a9bcbda39892bbefb92bb056245295fafdefc0c7959b4f1a,recuento histórico de Lithgow y Schneider,C-1654,Afirmación+SPO+Motivo,REVISADA,"Equivalencia proposicional explícita verificada contra Afirmación, SPO y Motivo; no se heredó el rango de la fila."
data/tablas/13/table-55d-13-9-recuentos-de-origenes-y-perdidas.csv,4,estado,b7e1230d03fcd8b10bde40d88bca75ef95dbaad0a5d6115e1a5ca4bd647b2d03,mínimo histórico,C-1654,Afirmación+SPO+Motivo,REVISADA,"Equivalencia proposicional explícita verificada contra Afirmación, SPO y Motivo; no se heredó el rango de la fila."
data/tablas/13/table-55d-13-9-recuentos-de-origenes-y-perdidas.csv,4,límite principal,0efda6d4578bf6ce19bfa2a7ca4b41212397a3537831264e88e6e18b9dec140d,mínimo de 2010 dependiente de la filogenia y de categorías organelares,C-1654,Afirmación+SPO+Motivo,REVISADA,"Equivalencia proposicional explícita verificada contra Afirmación, SPO y Motivo; no se heredó el rango de la fila."
data/tablas/13/table-55d-13-9-recuentos-de-origenes-y-perdidas.csv,5,recuento o rango recuperado,8f3d00f9f8ba4e92cd5919a893f664afe362e7a9376b1f0e34c9e1494e76c6c8,al menos 4,C-1654,Afirmación+SPO+Motivo,REVISADA,"Equivalencia proposicional explícita verificada contra Afirmación, SPO y Motivo; no se heredó el rango de la fila."
data/tablas/13/table-55d-13-9-recuentos-de-origenes-y-perdidas.csv,5,criterio y autor,ef57ecdca2333680a9bcbda39892bbefb92bb056245295fafdefc0c7959b4f1a,recuento histórico de Lithgow y Schneider,C-1654,Afirmación+SPO+Motivo,REVISADA,"Equivalencia proposicional explícita verificada contra Afirmación, SPO y Motivo; no se heredó el rango de la fila."
data/tablas/13/table-55d-13-9-recuentos-de-origenes-y-perdidas.csv,5,estado,b7e1230d03fcd8b10bde40d88bca75ef95dbaad0a5d6115e1a5ca4bd647b2d03,mínimo histórico,C-1654,Afirmación+SPO+Motivo,REVISADA,"Equivalencia proposicional explícita verificada contra Afirmación, SPO y Motivo; no se heredó el rango de la fila."
data/tablas/13/table-55d-13-9-recuentos-de-origenes-y-perdidas.csv,5,límite principal,4e221427d547dd1689d4cfc4f8ae2e2d325812399a63c91778b3798226689a7a,no se localizó un recuento global actualizado y metodológicamente uniforme,C-1656,Afirmación+SPO+Motivo,REVISADA,"Equivalencia proposicional explícita verificada contra Afirmación, SPO y Motivo; no se heredó el rango de la fila."
data/tablas/13/table-55d-13-9-recuentos-de-origenes-y-perdidas.csv,6,recuento o rango recuperado,a83107567dc680f1ce0de6b38270395411053be6c25de3841bc89ca888d64fd6,sin recuento global uniforme,C-1656,Afirmación,REVISADA,Adjudicación explícita conservadora tras cotejo del valor con Afirmación; no se heredaron todas las C de la fila.
data/tablas/13/table-55d-13-9-recuentos-de-origenes-y-perdidas.csv,6,criterio y autor,00cec5808e2e61784ea7237c55473cbce96b786a8fc47e0706f4b4ba0d7358c5,*Monocercomonoides* y *Henneguya* ilustran pérdida de orgánulo frente a pérdida de mtDNA,C-1655,Afirmación+SPO+Motivo,REVISADA,"Equivalencia proposicional explícita verificada contra Afirmación, SPO y Motivo; no se heredó el rango de la fila."
data/tablas/13/table-55d-13-9-recuentos-de-origenes-y-perdidas.csv,6,estado,4e221427d547dd1689d4cfc4f8ae2e2d325812399a63c91778b3798226689a7a,no se localizó un recuento global actualizado y metodológicamente uniforme,C-1656,Afirmación+SPO+Motivo,REVISADA,"Equivalencia proposicional explícita verificada contra Afirmación, SPO y Motivo; no se heredó el rango de la fila."
data/tablas/13/table-55d-13-9-recuentos-de-origenes-y-perdidas.csv,6,límite principal,a6a62868572db4582032aa0fefb2751991dbcd4035d66aa7c784ca4036a2e716,la pérdida completa del orgánulo no debe confundirse con la pérdida exclusiva de mtDNA,C-1655,Afirmación+SPO+Motivo,REVISADA,"Equivalencia proposicional explícita verificada contra Afirmación, SPO y Motivo; no se heredó el rango de la fila."
data/tablas/13/table-55d-13-9-recuentos-de-origenes-y-perdidas.csv,7,recuento o rango recuperado,c36d8cadf85ea35d049a98e558810f7259959909911ebbbf1dcd6923f0528b95,media/mediana 5.1/5 o 7.1/7,C-1657,Afirmación,REVISADA,Adjudicación explícita conservadora tras cotejo del valor con Afirmación; no se heredaron todas las C de la fila.
data/tablas/13/table-55d-13-9-recuentos-de-origenes-y-perdidas.csv,7,criterio y autor,e41d486196fc69d220b850614e331f06da69bee8403b1835a4bfca3838e296f2,árboles de copia única o múltiple; Bremer et al.,C-1657,Afirmación,REVISADA,Adjudicación explícita conservadora tras cotejo del valor con Afirmación; no se heredaron todas las C de la fila.
data/tablas/13/table-55d-13-9-recuentos-de-origenes-y-perdidas.csv,7,estado,9379bae8c7dc76a7d46f70e5aa8322e1985c664480ec36b9f58e256c2a827622,no es consenso,C-1658,Afirmación+SPO+Motivo,REVISADA,"Equivalencia proposicional explícita verificada contra Afirmación, SPO y Motivo; no se heredó el rango de la fila."
data/tablas/13/table-55d-13-9-recuentos-de-origenes-y-perdidas.csv,7,límite principal,8f7b23335c2f854a0990231fbe72e15cfdbbfde66af18d3f3e2ae30cee97fe47,otras reconstrucciones asignan repertorios endocíticos o fagosomales a LECA,C-1658,Afirmación,REVISADA,Adjudicación explícita conservadora tras cotejo del valor con Afirmación; no se heredaron todas las C de la fila.
data/tablas/13/table-55d-13-9-recuentos-de-origenes-y-perdidas.csv,8,recuento o rango recuperado,1734c568ddb84955f4478d8d4e8ecce993d7dc1c4ed52791f4e2f6cf2fde2719,"4 transiciones en Fungi, Teretosporea, Pseudofungi y Labyrinthulea; total pan-eucariota no localizado",C-1659; C-1667,Afirmación+SPO+Motivo,REVISADA,"Equivalencia proposicional explícita verificada contra Afirmación, SPO y Motivo; no se heredó el rango de la fila."
data/tablas/13/table-55d-13-9-recuentos-de-origenes-y-perdidas.csv,8,criterio y autor,354efc02036637a760d34361d9b1f24aea3ed61e6ed2ba99a37cc965836612ab,filogenómica y reloj molecular de Ocaña-Pallarès et al.,C-1659,Afirmación+Sujeto+Fuente,REVISADA,Adjudicación explícita conservadora tras cotejo del valor con Afirmación+Sujeto+Fuente; no se heredaron todas las C de la fila.
data/tablas/13/table-55d-13-9-recuentos-de-origenes-y-perdidas.csv,8,estado,7b1cb35a64d61b0e5b73548e9f4ca3055296deff508ef24de4ce8d1d3dc6d8ab,resultado restringido y hueco residual,C-1659; C-1667,Afirmación+SPO+Motivo,REVISADA,"Equivalencia proposicional explícita verificada contra Afirmación, SPO y Motivo; no se heredó el rango de la fila."
data/tablas/13/table-55d-13-9-recuentos-de-origenes-y-perdidas.csv,8,límite principal,1db9de246f557b4471f745d5211b30f7a7cff31a9dcf0e7aae1b169fbe6f471e,cuatro grupos no constituyen inventario uniforme de todas las pérdidas,C-1667,Afirmación+SPO+Motivo,REVISADA,"Equivalencia proposicional explícita verificada contra Afirmación, SPO y Motivo; no se heredó el rango de la fila."
data/tablas/13/table-55d-13-9-recuentos-de-origenes-y-perdidas.csv,9,recuento o rango recuperado,f0a016292c815419b8aade849353785e0c16ddbe7afea1496fce04091933895e,al menos 20 en síntesis previas; 45 linajes y 6 tipos en revisión crítica,C-1661; C-1660,Afirmación+SPO+Motivo,REVISADA,"Equivalencia proposicional explícita verificada contra Afirmación, SPO y Motivo; no se heredó el rango de la fila."
data/tablas/13/table-55d-13-9-recuentos-de-origenes-y-perdidas.csv,9,criterio y autor,c66cda5b912cb3bc9cac28396bf5cf5c775a3ba658292e36bd1c3123a269765c,criterios funcionales explícitos; depende de circunscripción y conocimiento filogenético,C-1660,Afirmación+SPO+Motivo,REVISADA,"Equivalencia proposicional explícita verificada contra Afirmación, SPO y Motivo; no se heredó el rango de la fila."
data/tablas/13/table-55d-13-9-recuentos-de-origenes-y-perdidas.csv,9,estado,aee658a2fe227ab585c0fd8aaec94b14657936f37f18b736545c33b1f58a72d8,dependiente de circunscripción y de la tipología aplicada,C-1660; C-1662,Afirmación+SPO+Motivo,REVISADA,"Equivalencia proposicional explícita verificada contra Afirmación, SPO y Motivo; no se heredó el rango de la fila."
data/tablas/13/table-55d-13-9-recuentos-de-origenes-y-perdidas.csv,9,límite principal,db9c362ca97b245225266d739397486f0c2cbeaab4fcca41dd8d004582385f68,no equivale a partición clonal/cenocítica/agregativa,C-1662,Afirmación,REVISADA,Adjudicación explícita conservadora tras cotejo del valor con Afirmación; no se heredaron todas las C de la fila.
data/tablas/13/table-55d-13-9-recuentos-de-origenes-y-perdidas.csv,10,recuento o rango recuperado,8367444593929cb38d6fd846c35be8fcefee444fd18d5953bbba1765f1562670,al menos 7,C-1663,Afirmación+SPO+Motivo,REVISADA,"Equivalencia proposicional explícita verificada contra Afirmación, SPO y Motivo; no se heredó el rango de la fila."
data/tablas/13/table-55d-13-9-recuentos-de-origenes-y-perdidas.csv,10,criterio y autor,8ccd64daf62e15dc2b5e17cc333b38359e02eb1f8873ada3f139ddb5b322ca17,delimitación de Parfrey y Lahr,C-1663,Afirmación,REVISADA,Adjudicación explícita conservadora tras cotejo del valor con Afirmación; no se heredaron todas las C de la fila.
data/tablas/13/table-55d-13-9-recuentos-de-origenes-y-perdidas.csv,10,estado,f5ff812791d02bfc4b166cbfee12ab09c37eadfabc113d3c6835f9dba3e8f6a2,mínimo de revisión,C-1663,Afirmación+Motivo,REVISADA,Adjudicación explícita conservadora tras cotejo del valor con Afirmación+Motivo; no se heredaron todas las C de la fila.
data/tablas/13/table-55d-13-9-recuentos-de-origenes-y-perdidas.csv,10,límite principal,7534921466fa5711c114f87b9aee848c3803b6cea59f33a2d246263bccda7e4a,depende de qué colectivos se incluyen,C-1663,Afirmación+SPO+Motivo,REVISADA,"Equivalencia proposicional explícita verificada contra Afirmación, SPO y Motivo; no se heredó el rango de la fila."
data/tablas/13/table-55d-13-9-recuentos-de-origenes-y-perdidas.csv,11,recuento o rango recuperado,2eca0aa3a5151561cf2a60d114716cdb0b86c642a9ff7103d231a99de7bb286e,≥223 orígenes de parasitismo en 15 filos animales; ≥16 orígenes de simbiosis obligada en 89 familias de insectos,C-1664,Afirmación,REVISADA,Adjudicación explícita conservadora tras cotejo del valor con Afirmación; no se heredaron todas las C de la fila.
data/tablas/13/table-55d-13-9-recuentos-de-origenes-y-perdidas.csv,11,criterio y autor,4c3df0a5d26c5c68caff2e0a2f6f928a7fcd2bd5081fc11af0200c79020095fd,muestreos restringidos de parasitismo animal y simbiosis obligada en insectos,C-1664,Afirmación+SPO+Motivo,REVISADA,"Equivalencia proposicional explícita verificada contra Afirmación, SPO y Motivo; no se heredó el rango de la fila."
data/tablas/13/table-55d-13-9-recuentos-de-origenes-y-perdidas.csv,11,estado,bc5e73bf4a241078702062176b21026970ca3716286c5741cffad1b649803909,sin frecuencia pan-eucariota localizada,C-1664,Afirmación+SPO+Motivo,REVISADA,"Equivalencia proposicional explícita verificada contra Afirmación, SPO y Motivo; no se heredó el rango de la fila."
data/tablas/13/table-55d-13-9-recuentos-de-origenes-y-perdidas.csv,11,límite principal,b933df90bfcfb26bab950c9f25a1ffb58e4c489ac7c0ead2a60f9293d7178a6a,parasitismo animal no equivale a intracelular; ningún recuento tiene denominador pan-eucariota,C-1664; C-1665,Afirmación+Motivo,REVISADA,Adjudicación explícita conservadora tras cotejo del valor con Afirmación+Motivo; no se heredaron todas las C de la fila.
data/tablas/14/table-56-14-8-1-codigos.csv,2,ámbito,66d7fb365dc7a7b0128cddb4f15d97bafe392409edbca8d95b6c2528fe251b89,nomenclatura zoológica,C-1688,Objeto+Motivo,REVISADA,Adjudicación explícita conservadora tras cotejo del valor con Objeto+Motivo; no se heredaron todas las C de la fila.
data/tablas/14/table-56-14-8-1-codigos.csv,2,qué puede establecer,2abfcb0c1806418b6a5de1eebdda567e779b148804152dd7304627550dbeb1dc,disponibilidad y validez de nombres zoológicos,C-1690; C-1692; C-1693,Sujeto+Objeto+Afirmación+Motivo,REVISADA,Adjudicación explícita conservadora tras cotejo del valor con Sujeto+Objeto+Afirmación+Motivo; no se heredaron todas las C de la fila.
data/tablas/14/table-56-14-8-1-codigos.csv,2,qué no establece,b80db5c60c1aa9bbb2310d904ed3c8af5e0a79b65facd7e55e4e388870401414,No decide monofilia ni topología,C-1689; C-1692,Afirmación+SPO+Motivo,REVISADA,Adjudicación explícita coordinada tras reformular la celda para repetir únicamente la proposición de C-1689 + C-1692; no se heredó el rango de la fila.
data/tablas/14/table-56-14-8-1-codigos.csv,3,ámbito,34e331b12c3a951ec4f7d78c1ab83d997e4595a2f28474014b8d81b776be15be,"nomenclatura de algas, hongos y plantas",C-1696,Afirmación+SPO+Motivo,REVISADA,Adjudicación explícita coordinada tras reformular la celda para repetir únicamente la proposición de C-1696; no se heredó el rango de la fila.
data/tablas/14/table-56-14-8-1-codigos.csv,3,qué puede establecer,3609ab33e136db2915f7047ca4fefbf343d60f3cba4a5a5784e8ee951edc31e3,regula nombres bajo su ámbito declarado,C-1696,Afirmación+SPO+Motivo,REVISADA,Adjudicación explícita coordinada tras reformular la celda para repetir únicamente la proposición de C-1696; no se heredó el rango de la fila.
data/tablas/14/table-56-14-8-1-codigos.csv,3,qué no establece,6b70959ea51c10b65dcb6ba2080bfddc12ea81d90465f3f15f42e32ae3e86773,El ámbito histórico no equivale a Archaeplastida o Fungi,C-1697,Afirmación+Objeto+Motivo,REVISADA,Adjudicación explícita conservadora tras cotejo del valor con Afirmación+Objeto+Motivo; no se heredaron todas las C de la fila.
data/tablas/14/table-56-14-8-1-codigos.csv,4,ámbito,b34519e3526bea4cf79b17fa996a0905052145ed7fc15fba391a0d164014de74,nomenclatura procariótica,C-1700,Objeto,REVISADA,Adjudicación explícita conservadora tras cotejo del valor con Objeto; no se heredaron todas las C de la fila.
data/tablas/14/table-56-14-8-1-codigos.csv,4,qué puede establecer,3b757872e6861f0f91d88038ec3db0476b5a8b65e7339ce9e3bef48703a2e568,nombres de bacterias y arqueas bajo el código,C-1702,Afirmación+Motivo,REVISADA,Adjudicación explícita conservadora tras cotejo del valor con Afirmación+Motivo; no se heredaron todas las C de la fila.
data/tablas/14/table-56-14-8-1-codigos.csv,4,qué no establece,bc78d52c00cf3b3e6ec6cb89a9ee63dcf21b19cb6a234bf8e3bd86491786ac44,“Procariota” en el título no crea un clado,C-1701,Afirmación+SPO+Motivo,REVISADA,Adjudicación explícita coordinada tras reformular la celda para repetir únicamente la proposición de C-1701; no se heredó el rango de la fila.
data/tablas/14/table-56-14-8-1-codigos.csv,5,ámbito,55845461dccfb369b5aae40f680c6379675e5d5ca104206359e1d6862801e18b,nombres de clados,C-1704,Afirmación+Objeto,REVISADA,Adjudicación explícita conservadora tras cotejo del valor con Afirmación+Objeto; no se heredaron todas las C de la fila.
data/tablas/14/table-56-14-8-1-codigos.csv,5,qué puede establecer,7ccbef46659a4b13c4f7d53c48c8b661299354945e4921c2426d70955272d9a3,"definiciones filogenéticas, establecimiento y registro",C-1707,Afirmación,REVISADA,Adjudicación explícita conservadora tras cotejo del valor con Afirmación; no se heredaron todas las C de la fila.
data/tablas/14/table-56-14-8-1-codigos.csv,5,qué no establece,72a060db7f360a334e4f0fb26f3f02d67f71ed0052fcec97b384c200a4a8f412,No reemplaza necesariamente los códigos de rangos,C-1706,Afirmación+SPO+Motivo,REVISADA,Adjudicación explícita coordinada tras reformular la celda para repetir únicamente la proposición de C-1706; no se heredó el rango de la fila.
data/tablas/14/table-56-14-8-1-codigos.csv,6,ámbito,a4ac43eafbbdd9cdf95ef9f131ab2d8b0a068aec5120ab7d25b1e6d7c098d7e2,definiciones y registro bajo PhyloCode,C-1710; C-1712,Afirmación,REVISADA,Adjudicación explícita conservadora tras cotejo del valor con Afirmación; no se heredaron todas las C de la fila.
data/tablas/14/table-56-14-8-1-codigos.csv,6,qué puede establecer,c0780e22b43255a03ae0af94bf34965f9dbbba4dc9e4daabb0ead01011c30827,entradas establecidas y números de registro,C-1710; C-1712; C-1713; C-1714,Afirmación+SPO+Motivo,REVISADA,Adjudicación explícita coordinada tras reformular la celda para repetir únicamente la proposición de C-1710 + C-1712 + C-1713 + C-1714; no se heredó el rango de la fila.
data/tablas/14/table-56-14-8-1-codigos.csv,6,qué no establece,eabce0236069ee69a2b6e12add8713208d7aee04af43e418a00906c8a6094fd3,La cobertura no es exhaustiva,C-1711,Afirmación+SPO+Motivo,REVISADA,Adjudicación explícita coordinada tras reformular la celda para repetir únicamente la proposición de C-1711; no se heredó el rango de la fila.
data/tablas/14/table-57-14-8-2-nombres-rivales-o-solapados.csv,2,relación,10409839c056299505b6e10fafe65ec222fa75264e544c4bf03860759fb66289,Adl et al. 2019 usa Eukaryota como nombre del conjunto eucariota.,C-1738,Afirmación,REVISADA,Reescritura conservadora: la celda reproduce exactamente la Afirmación canónica de C-1738; no se usó semejanza léxica ni herencia de fila.
data/tablas/14/table-57-14-8-2-nombres-rivales-o-solapados.csv,2,etiqueta preferida,4b3151689b0eab9906a117eb36a38f1f90e3ab24ddf8c1d3cfb38eba0eb83ce3,Eukaryota,C-1741,Afirmación+Objeto,REVISADA,Revisión semántica explícita: C-1741 establece Eukaryota como etiqueta preferida del corpus; C-1738 solo registra uso bibliográfico.
data/tablas/14/table-57-14-8-2-nombres-rivales-o-solapados.csv,3,relación,92b984134d3e467f476da13a7924a02722e8e27123901857e34ef362bc02bcf0,La oposición Unikonta–Bikonta no coincide exactamente con Amorphea frente a los demás eucariotas.,C-1743,Afirmación,REVISADA,Reescritura conservadora: la celda reproduce exactamente la Afirmación canónica de C-1743; no se usó semejanza léxica ni herencia de fila.
data/tablas/14/table-57-14-8-2-nombres-rivales-o-solapados.csv,3,etiqueta preferida,64db8b8b3944a6729f93390e7a0076e8cc3bea4eb95f8566d22075d29ad7f08c,Amorphea,C-1744,Afirmación+Objeto,REVISADA,Revisión semántica explícita: C-1744 registra que Adl 2012 introdujo Amorphea para reemplazar Unikonta; C-1743 solo niega una equivalencia y fue retirado de esta celda.
data/tablas/14/table-57-14-8-2-nombres-rivales-o-solapados.csv,4,relación,ba8a323eab5fbd09bfcb4b3705576347cf87be2a6c9a395c178a82128aaf3697,Podiata sensu Cavalier-Smith y Podiata usado para Amorphea+CRuMs no tienen necesariamente la misma circunscripción.,C-1747,Afirmación,REVISADA,Reescritura conservadora: la celda reproduce exactamente la Afirmación canónica de C-1747; no se usó semejanza léxica ni herencia de fila.
data/tablas/14/table-57-14-8-2-nombres-rivales-o-solapados.csv,5,relación,2017c417c98eb8a1831dc47a8d8fca1cd8fd105d9b6afaa02214fa1b8cecab6e,Sulcozoa no es un sinónimo moderno de Obazoa.,C-1749,Afirmación,REVISADA,Reescritura conservadora: la celda reproduce exactamente la Afirmación canónica de C-1749; no se usó semejanza léxica ni herencia de fila.
data/tablas/14/table-57-14-8-2-nombres-rivales-o-solapados.csv,5,etiqueta preferida,73f34e874e4e59c7a1f50f3e3aa8ae85b458cb03d6dbf1b2f61f52c8c3a048f5,Obazoa para el clado,C-1761,Afirmación+Objeto,REVISADA,Revisión semántica explícita: C-1761 registra Obazoa como clado propuesto con su composición; C-1749 solo niega sinonimia con Sulcozoa.
data/tablas/14/table-57-14-8-2-nombres-rivales-o-solapados.csv,6,relación,7648fdf93ac53815bf70015838b34597193e0d6d6c48deb341dd5e0d67e1a142,Varisulca reunió linajes que hoy no constituyen CRuMs bajo la misma circunscripción.,C-1750,Afirmación,REVISADA,Reescritura conservadora: la celda reproduce exactamente la Afirmación canónica de C-1750; no se usó semejanza léxica ni herencia de fila.
data/tablas/14/table-57-14-8-2-nombres-rivales-o-solapados.csv,7,relación,ccbdba0ec527cda0cdcdc18e09164d9543744db35ee0342aecd4c043a2188bba,Holomycota y Nucletmycea compiten como nombres para conjuntos ampliamente solapados del lado fúngico de Opisthokonta.,C-1756,Afirmación,REVISADA,Reescritura conservadora: la celda reproduce exactamente la Afirmación canónica de C-1756; no se usó semejanza léxica ni herencia de fila.
data/tablas/14/table-57-14-8-2-nombres-rivales-o-solapados.csv,7,motivo,2c67cb74d59b7e277c22e3c85970b7e5298d4cda755097a0bffb03502a0429cf,Clados solapados con preferencias de autor,C-1756,Motivo,REVISADA,Adjudicación explícita conservadora tras cotejo del valor con Motivo; no se heredaron todas las C de la fila.
data/tablas/14/table-57-14-8-2-nombres-rivales-o-solapados.csv,8,relación,debfdcdda17025243dda2348af020b54155204e470b6ff19eedb3cc514cc37dc,Holozoa designa el clado opisthokonto que contiene Metazoa y sus parientes unicelulares más próximos frente a Holomycota.,C-1757,Afirmación,REVISADA,Reescritura conservadora: la celda reproduce exactamente la Afirmación canónica de C-1757; no se usó semejanza léxica ni herencia de fila.
data/tablas/14/table-57-14-8-2-nombres-rivales-o-solapados.csv,9,relación,01c2f174d12a7f853933ae75b1e122ad25608f92b68a5cb520bcbaaf2470776f,Choanozoa sensu stricto y Choanozoa sensu histórico no tienen la misma circunscripción.,C-1768,Afirmación,REVISADA,Reescritura conservadora: la celda reproduce exactamente la Afirmación canónica de C-1768; no se usó semejanza léxica ni herencia de fila.
data/tablas/14/table-57-14-8-2-nombres-rivales-o-solapados.csv,9,motivo,160b540e0c57ebea294ed747cc3e7f4b081d84a8128cf9d38ddfb24099b7b1de,El histórico excluye Metazoa,C-1768,Motivo,REVISADA,Adjudicación explícita conservadora tras cotejo del valor con Motivo; no se heredaron todas las C de la fila.
data/tablas/14/table-57-14-8-2-nombres-rivales-o-solapados.csv,9,etiqueta preferida,2ea4c82ca4fbdb10644d8a815bd647feb311198b627f7b9880bc087fcd2ef2e0,Choanozoa sensu stricto,C-1766,Afirmación+Objeto,REVISADA,Revisión semántica explícita: C-1766 registra la preferencia de Adl 2019; C-1764 solo documenta otro uso nomenclatural.
data/tablas/14/table-57-14-8-2-nombres-rivales-o-solapados.csv,10,relación,7402fc7ccdbf45110ff4a285caf9e8d7cd3c2f5a4b3be0e0a6df7b9f40008cb3,Adl et al. 2019 prefirió Choanozoa sensu stricto para el clado Metazoa+Choanoflagellata.,C-1766,Afirmación,REVISADA,Reescritura conservadora: la celda reproduce exactamente la Afirmación canónica de C-1766; no se usó semejanza léxica ni herencia de fila.
data/tablas/14/table-57-14-8-2-nombres-rivales-o-solapados.csv,10,etiqueta preferida,d110c894738bfc2d3eb57d1671d43e811aaa754fc4f48a93e7d85af84e4f5703,Choanozoa s.s. ≈ Apoikozoa,C-1770,Afirmación+Objeto,REVISADA,Revisión semántica explícita: C-1770 formula exactamente la equivalencia condicionada que adopta el corpus.
data/tablas/14/table-57-14-8-2-nombres-rivales-o-solapados.csv,11,relación,a4e8b250c2689b59ab4fdb6bc1869eb580463a06475ca8ce83e5b1879c699053,"Pluriformea, Corallochytrea y Corallochytrium se conservan como entidades separadas en el corpus.",C-1776,Afirmación,REVISADA,Reescritura conservadora: la celda reproduce exactamente la Afirmación canónica de C-1776; no se usó semejanza léxica ni herencia de fila.
data/tablas/14/table-57-14-8-2-nombres-rivales-o-solapados.csv,11,motivo,202d73d30bf73fd1aca83d09336281a4ce123ba1a50f71eff880e2ecd5fe3b57,"Clado amplio, clado contenido y género",C-1776,Objeto,REVISADA,Adjudicación explícita conservadora tras cotejo del valor con Objeto; no se heredaron todas las C de la fila.
data/tablas/14/table-58-14-8-3-terminos-problematicos-y-reemplazos.csv,2,estado,ff318ee74b39ba5759a596c81512327f733a229fbf668a8137637ac39dde120b,parafilético o informal,C-1779; C-1782,Afirmación+Sujeto,REVISADA,Adjudicación explícita conservadora tras cotejo del valor con Afirmación+Sujeto; no se heredaron todas las C de la fila.
data/tablas/14/table-58-14-8-3-terminos-problematicos-y-reemplazos.csv,2,reemplazo o uso acotado,20c31df23b49d6a8740baadb2e4f4b1b2ab87193cc1696c94703e7ff9df8419c,clados específicos; “protista” solo como rótulo histórico/ecológico no cladístico,C-1780; C-1781; C-1782,Afirmación+Objeto,REVISADA,Revisión semántica explícita: la celda ofrece el reemplazo o uso acotado y no repite el diagnóstico de parafilia.
data/tablas/14/table-58-14-8-3-terminos-problematicos-y-reemplazos.csv,4,estado,e6fffce1016eb5190db5a9b5a5425c4a79a0c0e5019854cb3f9f296aac2fc494,Alga no designa un único clado.,C-1788,Afirmación,REVISADA,Reescritura conservadora: la celda reproduce exactamente la Afirmación canónica de C-1788; no se usó semejanza léxica ni herencia de fila.
data/tablas/14/table-58-14-8-3-terminos-problematicos-y-reemplazos.csv,5,estado,b407a9fa28a7942f382f8e8670831089f8a5629f2a7faca24c8ec338360d26da,categoría negativa parafilética,C-1795; C-1796,Objeto,REVISADA,Adjudicación explícita conservadora tras cotejo del valor con Objeto; no se heredaron todas las C de la fila.
data/tablas/14/table-58-14-8-3-terminos-problematicos-y-reemplazos.csv,5,reemplazo o uso acotado,e694e11ae36e98271c759afeb383d9da2831b476bfda0dbc92871044810eb054,clados zoológicos específicos; uso práctico solo sin presentarlo como grupo monofilético,C-1797; C-1798,Afirmación+Objeto,REVISADA,Revisión semántica explícita: la celda conserva el reemplazo o límite de uso y no repite la definición negativa.
data/tablas/14/table-58-14-8-3-terminos-problematicos-y-reemplazos.csv,7,estado,b89d3cd1ff3f8e496512d6367bf3245a61a1418524ec0883ae3da10f3626a07c,taxón de forma artificial,C-1806,Afirmación,REVISADA,Adjudicación explícita conservadora tras cotejo del valor con Afirmación; no se heredaron todas las C de la fila.
data/tablas/14/table-58-14-8-3-terminos-problematicos-y-reemplazos.csv,7,reemplazo o uso acotado,a23ead95ba5d825ef0917a0f2c503bcc3e7121712fa729343b4a513afe69ec5f,"afinidad biológica si se resuelve; si no, acritarch operacional",C-1807; C-1805,Afirmación,REVISADA,Adjudicación explícita conservadora tras cotejo del valor con Afirmación; no se heredaron todas las C de la fila.
data/tablas/14/table-58-14-8-3-terminos-problematicos-y-reemplazos.csv,9,estado,c8f5c6595f838882ef25848ca1852558b5e7fe5c1d42d956fb94341ad16422e2,hipótesis refutada,C-1819,Afirmación,REVISADA,Adjudicación explícita conservadora tras cotejo del valor con Afirmación; no se heredaron todas las C de la fila.
data/tablas/14/table-58-14-8-3-terminos-problematicos-y-reemplazos.csv,9,reemplazo o uso acotado,1f21531ec5c5c9bd180b026e988345fcfa50af111794e3d88e908385df094b7d,clados específicos y orgánulo relacionado con mitocondria,C-1820,Afirmación+Objeto,REVISADA,Revisión semántica explícita: C-1820 formula el reemplazo completo; C-1816 solo describe la hipótesis histórica.
data/tablas/14/table-58-14-8-3-terminos-problematicos-y-reemplazos.csv,10,estado,4310df7852788bd0d602352bd5fd4066cb54fc102c5fce67700c9ff3746c7341,Excavata se sustituye en afirmaciones filogenéticas por nombres de sus clados componentes y por la topología concreta.,C-1826,Afirmación,REVISADA,Reescritura conservadora: la celda reproduce exactamente la Afirmación canónica de C-1826; no se usó semejanza léxica ni herencia de fila.
data/tablas/14/table-58-14-8-3-terminos-problematicos-y-reemplazos.csv,10,reemplazo o uso acotado,6c38b23264e77c20552d87f49c8bbe2929586004e0ad00f56f27dc35e97a1bf4,clados componentes y topología,C-1826,Afirmación,REVISADA,Adjudicación explícita conservadora tras cotejo del valor con Afirmación; no se heredaron todas las C de la fila.
data/tablas/14/table-58-14-8-3-terminos-problematicos-y-reemplazos.csv,12,estado,caf44934c54f700612fa77b9268c6adaf4a3ebd55423c422b170a46fc19f2a80,nombres históricos con diagnóstico ancestral discutido,C-1835; C-1837; C-1839,Afirmación+Objeto+Motivo,REVISADA,Adjudicación explícita conservadora tras cotejo del valor con Afirmación+Objeto+Motivo; no se heredaron todas las C de la fila.
data/tablas/14/table-58-14-8-3-terminos-problematicos-y-reemplazos.csv,12,reemplazo o uso acotado,091744d246a7902732f0003c2b3f1b0a679bb44539efd0d82e97c8a361912fad,Amorphea en la clasificación adoptada; Unikonta/Bikonta solo para hipótesis históricas circunscritas,C-1837; C-1839,Afirmación+Objeto,REVISADA,Revisión semántica explícita: la celda expresa el uso adoptado y el ámbito histórico acotado.
data/tablas/14/table-58-14-8-3-terminos-problematicos-y-reemplazos.csv,13,estado,2cf099fdacfc55a235a7ecc12fc68ad78f3957499ada51588fbc60e011dc4edd,“Fungus-like” o “semejante a hongo” conserva uso ecológico si se acompaña del clado real.,C-1845,Afirmación,REVISADA,Reescritura conservadora: la celda reproduce exactamente la Afirmación canónica de C-1845; no se usó semejanza léxica ni herencia de fila.
data/tablas/14/table-58-14-8-3-terminos-problematicos-y-reemplazos.csv,13,reemplazo o uso acotado,068c463e95205412ef4022b04b4debd844f1decc7d29c87084db20f9818c2924,Stramenopiles o Amoebozoa; “fungus-like” acotado,C-1845; C-1841; C-1842,Afirmación+Objeto+Motivo,REVISADA,Adjudicación explícita conservadora tras cotejo del valor con Afirmación+Objeto+Motivo; no se heredaron todas las C de la fila.
data/tablas/14/table-58-14-8-3-terminos-problematicos-y-reemplazos.csv,14,estado,ca3d4c10eff7a4934a6357f247ddd8dedd2373b57b2753a6ad4ff1f58f0d0c93,ambigüedad entre sistemas no homólogos,C-1848; C-1850,Afirmación+Predicado+Motivo,REVISADA,Adjudicación explícita conservadora tras cotejo del valor con Afirmación+Predicado+Motivo; no se heredaron todas las C de la fila.
data/tablas/14/table-58-14-8-3-terminos-problematicos-y-reemplazos.csv,14,reemplazo o uso acotado,08b187c476e5e0309947e023d68f43fe3b874aa114bac6ea317650d69f4c2336,flagelo bacteriano o cilio eucariota; “flagelo eucariota” solo al reproducir una fuente,C-1846; C-1847; C-1850,Afirmación+Objeto,REVISADA,Revisión semántica explícita: la celda conserva únicamente sistemas y usos registrados; no introduce archaellum sin C equivalente.
data/tablas/14/table-58-14-8-3-terminos-problematicos-y-reemplazos.csv,15,estado,bca5fd64c71df1b7447b555876df5019700ce4d88a4166c52f5c5b692bba6bf4,"Toda aparición de simbiosis en este corpus debe especificar efecto, localización, duración y transmisión cuando se conozcan.",C-1855,Afirmación,REVISADA,Reescritura conservadora: la celda reproduce exactamente la Afirmación canónica de C-1855; no se usó semejanza léxica ni herencia de fila.
data/tablas/14/table-58-14-8-3-terminos-problematicos-y-reemplazos.csv,15,reemplazo o uso acotado,ad2175dd210cfbd059c836220af1517f846360a62b193d531eaf8b951c2b8960,"tipo de interacción, efecto y transmisión",C-1855,Afirmación+Objeto,REVISADA,Adjudicación explícita conservadora tras cotejo del valor con Afirmación+Objeto; no se heredaron todas las C de la fila.
data/tablas/14/table-58-14-8-3-terminos-problematicos-y-reemplazos.csv,16,estado,f625b7194b24ef9607553d3941fade1d831e97f060efdb4f30c938350413b25f,Endosimbiosis seriada conserva uso legítimo si se enumeran los episodios concretos y su estado probatorio.,C-1861,Afirmación,REVISADA,Reescritura conservadora: la celda reproduce exactamente la Afirmación canónica de C-1861; no se usó semejanza léxica ni herencia de fila.
data/tablas/14/table-58-14-8-3-terminos-problematicos-y-reemplazos.csv,16,reemplazo o uso acotado,e2e158c8279bac2828b195c3a4b6b93829add51a839154309dcf7ecb9e758d55,episodios e hipótesis componentes,C-1861,Afirmación+Objeto+Motivo,REVISADA,Adjudicación explícita conservadora tras cotejo del valor con Afirmación+Objeto+Motivo; no se heredaron todas las C de la fila.
data/tablas/14/table-58-14-8-3-terminos-problematicos-y-reemplazos.csv,17,estado,5673a571d04c2f0a3ee1d28c9ecd9dbc54da6d6d56a1d0114a2a79f265fb3709,“Plesiomórfico para el carácter X respecto del nodo Y” sustituye a “primitivo” cuando la reconstrucción lo sostiene.,C-1864,Afirmación,REVISADA,Reescritura conservadora: la celda reproduce exactamente la Afirmación canónica de C-1864; no se usó semejanza léxica ni herencia de fila.
data/tablas/14/table-58-14-8-3-terminos-problematicos-y-reemplazos.csv,17,reemplazo o uso acotado,69e5dea7fcfe555ac45b4d7d0a200452fbdf5092d71cb33d9f3b7196e5846e15,estado plesiomórfico X respecto del nodo Y,C-1864,Afirmación,REVISADA,Adjudicación explícita conservadora tras cotejo del valor con Afirmación; no se heredaron todas las C de la fila.
data/tablas/14/table-58-14-8-3-terminos-problematicos-y-reemplazos.csv,18,estado,5a79b65596e4100721e65f59538be0512bfbb648f4cf43d1bf02622c82ea5eff,"“Simple” conserva uso legítimo solo con una variable, método y comparación declarados.",C-1869,Afirmación,REVISADA,Reescritura conservadora: la celda reproduce exactamente la Afirmación canónica de C-1869; no se usó semejanza léxica ni herencia de fila.
data/tablas/14/table-58-14-8-3-terminos-problematicos-y-reemplazos.csv,18,reemplazo o uso acotado,81af4e64f073d21d3658f3337d3be5765107008d592ecf41b9dcb399aa22df6a,variable de complejidad explícita,C-1869; C-1866,Afirmación+Motivo+Sujeto,REVISADA,Adjudicación explícita conservadora tras cotejo del valor con Afirmación+Motivo+Sujeto; no se heredaron todas las C de la fila.
data/tablas/14/table-58-14-8-3-terminos-problematicos-y-reemplazos.csv,19,estado,4d2e081a6126996ac0adcc66c8fe71e3160151ac95cabdc0945aa19f301480ec,criterios múltiples; la estasis de caracteres no implica ausencia total de evolución,C-1872; C-1870,Afirmación+Objeto,REVISADA,Adjudicación explícita conservadora tras cotejo del valor con Afirmación+Objeto; no se heredaron todas las C de la fila.
data/tablas/14/table-58-14-8-3-terminos-problematicos-y-reemplazos.csv,19,reemplazo o uso acotado,3aeb249a990a596ea1bdfc4b06c5e9b3d5556278b9b338798f7e15a78dbc8777,estasis documentada del carácter X durante el intervalo Y; uso investigable solo con estándares explícitos,C-1873; C-1874,Afirmación+Motivo,REVISADA,Adjudicación explícita conservadora tras cotejo del valor con Afirmación+Motivo; no se heredaron todas las C de la fila.
data/tablas/14/table-58-14-8-3-terminos-problematicos-y-reemplazos.csv,20,estado,50810a73b8cf1452042f8fcdff5593ac0705d4e2cf022431a5516c9ea35d72fb,metáfora lineal,C-1875,Objeto,REVISADA,Adjudicación explícita conservadora tras cotejo del valor con Objeto; no se heredaron todas las C de la fila.
data/tablas/14/table-58-14-8-3-terminos-problematicos-y-reemplazos.csv,20,reemplazo o uso acotado,28dcebb820921ca16cab879f4a698c0ce3499fcb890b2ba77216734a95582771,"fósil transicional o miembro del grupo tronco, cuando la topología lo permite",C-1877,Afirmación+Objeto,REVISADA,Revisión semántica explícita: la celda ofrece el reemplazo permitido y no repite la crítica de la metáfora lineal.
data/tablas/14/table-58-14-8-3-terminos-problematicos-y-reemplazos.csv,21,estado,bb0c942469d6a07a02457fe9d0ac74764fdcdac3fd9b7bf680d4b250f9121cb4,“Rama que diverge primero en el árbol enraizado bajo la hipótesis H” sustituye a “linaje basal”.,C-1884,Afirmación,REVISADA,Reescritura conservadora: la celda reproduce exactamente la Afirmación canónica de C-1884; no se usó semejanza léxica ni herencia de fila.
data/tablas/14/table-58-14-8-3-terminos-problematicos-y-reemplazos.csv,21,reemplazo o uso acotado,6d408f2a3152d3364ebf88e552076045bcb1f710fb22c158cf68f8854b4d9b31,rama que diverge primero bajo árbol y raíz especificados,C-1884,Afirmación,REVISADA,Adjudicación explícita conservadora tras cotejo del valor con Afirmación; no se heredaron todas las C de la fila.
data/tablas/15/table-59-15-1-mapa-del-terreno-probatorio.csv,2,qué puede responder,fb5b9690c5b3a74b002fc98360969cb3bcbbcfdc2aa7a0628c103d99bf7cea57,"intervalos de divergencia bajo un árbol, calibraciones y modelo de tasas",C-1898,Afirmación,REVISADA,Adjudicación explícita conservadora tras cotejo del valor con Afirmación; no se heredaron todas las C de la fila.
data/tablas/15/table-59-15-1-mapa-del-terreno-probatorio.csv,3,qué puede responder,6e33eeca9d6393509c112c9819c65b4211b9a971137dda42da98742709c96342,"topologías, soporte, historias de familias génicas y distribuciones de caracteres",C-1901; C-1902,Afirmación+Sujeto+Motivo,REVISADA,Adjudicación explícita conservadora tras cotejo del valor con Afirmación+Sujeto+Motivo; no se heredaron todas las C de la fila.
data/tablas/15/table-59-15-1-mapa-del-terreno-probatorio.csv,3,modos de fallo o límites,7ebd110d9d998751fe624657035e51c3aabe9aafc9ccf6b2d61bf5c297ff4a39,"ortología, datos ausentes, composición, ramas largas, sitios rápidos, muestreo y modelo",C-1902,Afirmación,REVISADA,Adjudicación explícita conservadora tras cotejo del valor con Afirmación; no se heredaron todas las C de la fila.
data/tablas/15/table-59-15-1-mapa-del-terreno-probatorio.csv,4,qué puede responder,9d928ad210507c0f55e1e003679a886b9399ce60c92557d2a9c52e2a11a69d96,"presencia mínima, morfología, tamaño, pared y contexto sedimentario",C-1904,Afirmación,REVISADA,Adjudicación explícita conservadora tras cotejo del valor con Afirmación; no se heredaron todas las C de la fila.
data/tablas/15/table-59-15-1-mapa-del-terreno-probatorio.csv,4,modos de fallo o límites,289af40990de9fa91add44eba49a0fe5b4ad4fceb475dd3cd67e7bd6df3fb759,"convergencia morfológica, pérdida de partes blandas, diagénesis y datación indirecta",C-1905,Motivo,REVISADA,Adjudicación explícita conservadora tras cotejo del valor con Motivo; no se heredaron todas las C de la fila.
data/tablas/15/table-59-15-1-mapa-del-terreno-probatorio.csv,5,modos de fallo o límites,66815442d7c3473e33c10303820bba7a6f9c52c84ca3be46e481778c10a68776,contaminación postdeposicional y producción convergente,C-1908,Afirmación,REVISADA,Adjudicación explícita conservadora tras cotejo del valor con Afirmación; no se heredaron todas las C de la fila.
data/tablas/15/table-59-15-1-mapa-del-terreno-probatorio.csv,6,qué puede responder,23f8a12c986510be399de5fc275650c36db3d8b3a319bfc7ed2f042bb74780bb,"estado redox, reservorios y procesos del archivo muestreado",C-1909,Afirmación,REVISADA,Adjudicación explícita conservadora tras cotejo del valor con Afirmación; no se heredaron todas las C de la fila.
data/tablas/15/table-59-15-1-mapa-del-terreno-probatorio.csv,6,modos de fallo o límites,3cf19f68c3daf7ca27bde17cdfd25ab0fca6715c25fc44c685b1eb102b4a2a9f,"localidad, preservación, calibración, diagénesis y modelo de conversión",C-1911,Afirmación,REVISADA,Adjudicación explícita conservadora tras cotejo del valor con Afirmación; no se heredaron todas las C de la fila.
data/tablas/15/table-59-15-1-mapa-del-terreno-probatorio.csv,7,qué puede responder,acf16e1c238a1c686aac90483a51cefa887659b9fa3214f4b73f9f93a6a8e2b4,"presencia, localización, estructura y función en organismos muestreados",C-1912,Afirmación,REVISADA,Adjudicación explícita conservadora tras cotejo del valor con Afirmación; no se heredaron todas las C de la fila.
data/tablas/15/table-59-15-1-mapa-del-terreno-probatorio.csv,8,qué puede responder,dfdf544195afa10304d32164f1045a9d1c32889b635ada5c03cf8561c4a5ac04,"compatibilidad, causalidad, intercambio y respuesta bajo condiciones definidas",C-1914,Afirmación,REVISADA,Adjudicación explícita conservadora tras cotejo del valor con Afirmación; no se heredaron todas las C de la fila.
data/tablas/15/table-59-15-1-mapa-del-terreno-probatorio.csv,8,qué no puede responder por sí sola,6efd13af46e8573c3606f7255388717744f2adfdb54abccac88d9007dc2e7c71,"ruta histórica única, frecuencia natural ni persistencia geológica",C-1915,Afirmación,REVISADA,Adjudicación explícita conservadora tras cotejo del valor con Afirmación; no se heredaron todas las C de la fila.
data/tablas/15/table-60-15-2-evidencia-retirada-refutada-o-reinterpretada.csv,2,afirmación o uso anterior,5dafc05212653d2878c8c88ead32b7468bac17fd043fa54da15979eedb3ff6cc,evidencia de eucariotas y cianobacterias en rocas arcaicas,C-1916,Afirmación,REVISADA,Adjudicación explícita conservadora tras cotejo del valor con Afirmación; no se heredaron todas las C de la fila.
data/tablas/15/table-60-15-2-evidencia-retirada-refutada-o-reinterpretada.csv,2,revisión posterior,53fb717b9d98ddc78e9cedcc1bdf29a4768d480c86026f43b5f713f53c2f0353,distribución y petrografía compatibles con contaminación posterior a la litificación,C-742,Afirmación+SPO+Motivo,REVISADA,Revisión semántica explícita: la celda conserva solo contenido equivalente a las C indicadas; no se usó semejanza léxica como prueba.
data/tablas/15/table-60-15-2-evidencia-retirada-refutada-o-reinterpretada.csv,2,estado probatorio actual,0a461c3e4287ad95a37752ee11c8598ba90e3308bcbdf5fe2936e681697d075e,retirados como evidencia segura de presencia arcaica,C-1916,Afirmación,REVISADA,Adjudicación explícita conservadora tras cotejo del valor con Afirmación; no se heredaron todas las C de la fila.
data/tablas/15/table-60-15-2-evidencia-retirada-refutada-o-reinterpretada.csv,2,qué se aprendió,05dacbce5810c04dde2bc07fd84b3443f09623975399fa22264955f169213c8e,una molécula extraída no fecha un organismo si no es sincrónica con la roca,C-1916; C-743,Afirmación+SPO+Motivo,REVISADA,Revisión semántica explícita: la celda conserva solo contenido equivalente a las C indicadas; no se usó semejanza léxica como prueba.
data/tablas/15/table-60-15-2-evidencia-retirada-refutada-o-reinterpretada.csv,3,afirmación o uso anterior,e9d80f5e1dd7eb1742c0c6e76847459968802d7353f79dba3f8f00a2a7390a06,indicador de demosponjas del Criogénico,C-746; C-1917,Afirmación,REVISADA,Adjudicación explícita conservadora tras cotejo del valor con Afirmación; no se heredaron todas las C de la fila.
data/tablas/15/table-60-15-2-evidencia-retirada-refutada-o-reinterpretada.csv,3,revisión posterior,72bfbe2f81731e16a5eb5bbc9ac682dab60ec2d7cd4803767010d2d743e3473d,Rhizaria unicelulares producen precursores y productos equivalentes,C-747,Afirmación,REVISADA,Adjudicación explícita conservadora tras cotejo del valor con Afirmación; no se heredaron todas las C de la fila.
data/tablas/15/table-60-15-2-evidencia-retirada-refutada-o-reinterpretada.csv,3,estado probatorio actual,2a936eb0abf2a577707feb6f65a1bf925f5149615f21979653a853bbacbc6d5c,molécula válida; exclusividad taxonómica no demostrada,C-1917; C-748,Afirmación+SPO+Motivo,REVISADA,Revisión semántica explícita: la celda conserva solo contenido equivalente a las C indicadas; no se usó semejanza léxica como prueba.
data/tablas/15/table-60-15-2-evidencia-retirada-refutada-o-reinterpretada.csv,3,qué se aprendió,269f67ae3fe822c87013fcb09aa3f18202fc55fab131de6693cae416c7f95fc8,la especificidad biosintética debe probarse contra comparandos amplios,C-748,Afirmación+SPO+Motivo,REVISADA,Revisión semántica explícita: la celda conserva solo contenido equivalente a las C indicadas; no se usó semejanza léxica como prueba.
data/tablas/15/table-60-15-2-evidencia-retirada-refutada-o-reinterpretada.csv,4,afirmación o uso anterior,4be83c06e874a3b1d2e10ab6c68aa1f5828af2da97ef324fc00ade16f6dddeba,linajes primitivamente carentes de mitocondria,C-1816; C-1817,Afirmación+Sujeto,REVISADA,Adjudicación explícita conservadora tras cotejo del valor con Afirmación+Sujeto; no se heredaron todas las C de la fila.
data/tablas/15/table-60-15-2-evidencia-retirada-refutada-o-reinterpretada.csv,4,revisión posterior,5a69e25625c1110bf0b780fcae68b44776fa877731fbce54b8d006394e1681c3,"genes, hidrogenosomas y mitosomas muestran reducción secundaria",C-1918,Objeto,REVISADA,Adjudicación explícita conservadora tras cotejo del valor con Objeto; no se heredaron todas las C de la fila.
data/tablas/15/table-60-15-2-evidencia-retirada-refutada-o-reinterpretada.csv,4,estado probatorio actual,61c2fcc61718d8321c2b4e5b100593bf461568f902d8ca149b95e495a29d08ba,hipótesis amitochondrial refutada; nombre de uso histórico,C-1821; C-1918,Afirmación,REVISADA,Adjudicación explícita conservadora tras cotejo del valor con Afirmación; no se heredaron todas las C de la fila.
data/tablas/15/table-60-15-2-evidencia-retirada-refutada-o-reinterpretada.csv,4,qué se aprendió,f8a330ed5ce9abb5d9f6a2cf0884891e605876a447c129b1946989d3f79d63e6,la ausencia morfológica de un orgánulo no demuestra ausencia ancestral,C-1918,Afirmación+SPO+Motivo,REVISADA,Revisión semántica explícita: la celda conserva solo contenido equivalente a las C indicadas; no se usó semejanza léxica como prueba.
data/tablas/15/table-60-15-2-evidencia-retirada-refutada-o-reinterpretada.csv,5,afirmación o uso anterior,73ef5cbcbcd20f050f0f0a5842f01bf07923a3ef08b61616e7bbf359eab0bbac,aproximadamente una sexta parte del borrador genómico atribuida a HGT,C-1195; C-1198,Afirmación+Objeto,REVISADA,Adjudicación explícita conservadora tras cotejo del valor con Afirmación+Objeto; no se heredaron todas las C de la fila.
data/tablas/15/table-60-15-2-evidencia-retirada-refutada-o-reinterpretada.csv,5,revisión posterior,8c6c00bf37bc8fb6e333eadce4c03748be467c7877ce4a1c99465167bf22b8d5,"reensamblaje, cobertura y descontaminación no recuperaron HGT extensa",C-1196; C-1919,Afirmación,REVISADA,Adjudicación explícita conservadora tras cotejo del valor con Afirmación; no se heredaron todas las C de la fila.
data/tablas/15/table-60-15-2-evidencia-retirada-refutada-o-reinterpretada.csv,5,estado probatorio actual,9b0718b9b002fcc90b1d02b62dae0d01e885844951b245bd6efd7d7c277f5355,cifra original rechazada; HGT eucariota real se evalúa caso por caso,C-1198; C-1195; C-1197; C-1919,Objeto+Afirmación+Motivo+Sujeto,REVISADA,Adjudicación explícita conservadora tras cotejo del valor con Objeto+Afirmación+Motivo+Sujeto; no se heredaron todas las C de la fila.
data/tablas/15/table-60-15-2-evidencia-retirada-refutada-o-reinterpretada.csv,5,qué se aprendió,19de0ca1145192f89143589aa06178d2be3d59e16909844069818e149add6c58,contaminación y ensamblaje quimérico pueden simular transferencias,C-1197,Afirmación,REVISADA,Adjudicación explícita conservadora tras cotejo del valor con Afirmación; no se heredaron todas las C de la fila.
data/tablas/15/table-60-15-2-evidencia-retirada-refutada-o-reinterpretada.csv,6,afirmación o uso anterior,b78d13621824bc1b307c7fa1d5f69475ec31281d29124f84795d8e19c3f8195b,aislamiento de 1988 atribuido a un endosimbionte,C-1015,Afirmación+SPO+Motivo,REVISADA,Revisión semántica explícita: la celda conserva solo contenido equivalente a las C indicadas; no se usó semejanza léxica como prueba.
data/tablas/15/table-60-15-2-evidencia-retirada-refutada-o-reinterpretada.csv,6,revisión posterior,a680e972f3e3d710672f1e79138e2a24065e354f70208d9543f44e3b26331900,no detección en ejemplares reexaminados y propuesta de contaminación de vida libre,C-1920; C-1018,Afirmación+SPO+Motivo,REVISADA,Revisión semántica explícita: la celda conserva solo contenido equivalente a las C indicadas; no se usó semejanza léxica como prueba.
data/tablas/15/table-60-15-2-evidencia-retirada-refutada-o-reinterpretada.csv,6,estado probatorio actual,c6875ee9f400982660968eb35a62cd4c7e71c3023e8c0576b004575b3a53e1c7,origen del aislado sin resolver; otros consorcios de Pelomyxa siguen demostrados,C-1920; C-1021,Afirmación+SPO+Motivo,REVISADA,Revisión semántica explícita: la celda conserva solo contenido equivalente a las C indicadas; no se usó semejanza léxica como prueba.
data/tablas/15/table-60-15-2-evidencia-retirada-refutada-o-reinterpretada.csv,6,qué se aprendió,48018f281ff427489f23370af0012cb476b523899e3679ba034eef46374bd729,"cepa, muestra, especie hospedadora e identidad del socio no son intercambiables",C-1021,Afirmación+SPO+Motivo,REVISADA,Revisión semántica explícita: la celda conserva solo contenido equivalente a las C indicadas; no se usó semejanza léxica como prueba.
data/tablas/15/table-60-15-2-evidencia-retirada-refutada-o-reinterpretada.csv,7,afirmación o uso anterior,8db42c134541becb383a2c029110bc73dc68da40a0e06367446f4dc277534c6d,estructura independiente que explicaría la vibración celular,C-1921,Afirmación+SPO+Motivo,REVISADA,Revisión semántica explícita: la celda conserva solo contenido equivalente a las C indicadas; no se usó semejanza léxica como prueba.
data/tablas/15/table-60-15-2-evidencia-retirada-refutada-o-reinterpretada.csv,7,revisión posterior,8dcfca2b06b0e8213b709d3a6446dd9b3fa5c1f981e8b63d139ff46460252827,ultraestructura recuperó flagelo fino y microvellosidades sin pedúnculo separado,C-876; C-877,Afirmación+Objeto,REVISADA,Adjudicación explícita conservadora tras cotejo del valor con Afirmación+Objeto; no se heredaron todas las C de la fila.
data/tablas/15/table-60-15-2-evidencia-retirada-refutada-o-reinterpretada.csv,7,estado probatorio actual,20e4395275e7bf551a52fa61abd70128c1b9466c761f0e0baaf86dd158551c5a,morfología reinterpretada,C-1921,Afirmación+SPO+Motivo,REVISADA,Revisión semántica explícita: la celda conserva solo contenido equivalente a las C indicadas; no se usó semejanza léxica como prueba.
data/tablas/15/table-60-15-2-evidencia-retirada-refutada-o-reinterpretada.csv,7,qué se aprendió,5dc7e64054d7b7232710955792fe0f9bb81ae4f56df6c3795615e782ae6b2a26,la ultraestructura reinterpretó el supuesto pedúnculo como flagelo y microvellosidades,C-1921,Afirmación+SPO+Motivo,REVISADA,Revisión semántica explícita: la celda conserva solo contenido equivalente a las C indicadas; no se usó semejanza léxica como prueba.
data/tablas/15/table-61-15-3-nodos-fechas-y-relaciones-debiles.csv,2,qué permanece débil,3317d16d2ac8a749a4294ed2b0cb6d064dda8575eced69d594e6042fbe8089e5,"posición entre propuestas Opimoda(+)-Diphoda(+), excavadas y Opisthokonta",C-677,Afirmación,REVISADA,Adjudicación explícita conservadora tras cotejo del valor con Afirmación; no se heredaron todas las C de la fila.
data/tablas/15/table-61-15-3-nodos-fechas-y-relaciones-debiles.csv,3,qué permanece débil,8732d5dfec33b4e0afdb04664535d39ebd07ec76e409e34f0f1e4b8ab4b10787,"La discrepancia entre Eme et al. 2023 y Zhang et al. 2025 afecta el punto exacto de inserción de Eukaryota dentro de Asgard, no el apoyo general al árbol de dos dominios.",C-131,Afirmación,REVISADA,Reescritura conservadora: la celda reproduce exactamente la Afirmación canónica de C-131; no se usó semejanza léxica ni herencia de fila.
data/tablas/15/table-61-15-3-nodos-fechas-y-relaciones-debiles.csv,3,qué no depende de resolverlo,c92a413f7a61afa24d404619f465a55f5b6379ed8255202aa24a8060eacf11d1,el apoyo mayoritario a la inserción de Eukaryota dentro de Asgard,C-131,Afirmación,REVISADA,Adjudicación explícita conservadora tras cotejo del valor con Afirmación; no se heredaron todas las C de la fila.
data/tablas/15/table-61-15-3-nodos-fechas-y-relaciones-debiles.csv,4,qué permanece débil,57bae8357e8194b4fb8ac8c71dabb2b794948365793b3edd3b033e393e15a63f,La posición de Tunicaraptor unikontum dentro de Holozoa cambia entre análisis y no está resuelta.,C-889,Afirmación,REVISADA,Reescritura conservadora: la celda reproduce exactamente la Afirmación canónica de C-889; no se usó semejanza léxica ni herencia de fila.
data/tablas/15/table-61-15-3-nodos-fechas-y-relaciones-debiles.csv,4,causa documentada,a8d1b3beeab761cadc63aaf3109056426c857d4811f1671c5b990aef99cc45c4,"muestreo taxonómico, matrices y ramas internas cortas",C-889,Motivo,REVISADA,Adjudicación explícita conservadora tras cotejo del valor con Motivo; no se heredaron todas las C de la fila.
data/tablas/15/table-61-15-3-nodos-fechas-y-relaciones-debiles.csv,5,qué permanece débil,fa14c97ee05adf7d8eef14df4cdad2aadc9d3ef8f2db45d73d4a2d9f3d0a3dcd,"afinidad de corona, tallo o posición indeterminada de Grypania, Rafatazmia, Bicellum y Doushantuo",C-1926; C-740; C-711,Afirmación+Objeto,REVISADA,Adjudicación explícita conservadora tras cotejo del valor con Afirmación+Objeto; no se heredaron todas las C de la fila.
data/tablas/15/table-61-15-3-nodos-fechas-y-relaciones-debiles.csv,5,causa documentada,7c6e1c93074525724a2703812e56fbbf4db2a2157ef5ffe16ad1fec65feea4fc,"Las asignaciones de Grypania, Rafatazmia, Bicellum y varios fósiles de Doushantuo conservan incertidumbre taxonómica porque la morfología preservada admite afinidades alternativas.",C-1926,Afirmación,REVISADA,Reescritura conservadora: la celda reproduce exactamente la Afirmación canónica de C-1926; no se usó semejanza léxica ni herencia de fila.
data/tablas/15/table-61-15-3-nodos-fechas-y-relaciones-debiles.csv,6,qué permanece débil,a1e481ddf606b6dc33da28bd7b601107d5b1e02ebdbb19464f1c3115c98c4332,intervalo de consenso inexistente entre 1007 y 2386 Ma en los análisis recuperados,C-762; C-765; C-772,Afirmación+Objeto+Motivo,REVISADA,Revisión semántica explícita: C-762 y C-765 delimitan los extremos recuperados y C-772 niega un intervalo de consenso; C-767 solo trata una corrección bibliográfica y fue retirado.
data/tablas/15/table-61-15-3-nodos-fechas-y-relaciones-debiles.csv,6,causa documentada,2bf3f178196570e6741ff7aa0513b87e7fdd12073a32f626994a538c193c9a84,"calibraciones, raíz, tasas y priors distintos",C-760; C-766; C-770; C-771,Motivo+Afirmación,REVISADA,Adjudicación explícita conservadora tras cotejo del valor con Motivo+Afirmación; no se heredaron todas las C de la fila.
data/tablas/15/table-61-15-3-nodos-fechas-y-relaciones-debiles.csv,7,qué permanece débil,8c136de1d27c7fef46f20ad50cb4667274cd4f3e59e110c06c7a28be2e1b8a7c,edad no localizada bajo una circunscripción taxonómica explícita y con más de un linaje interno,C-1928,Motivo,REVISADA,Adjudicación explícita conservadora tras cotejo del valor con Motivo; no se heredaron todas las C de la fila.
data/tablas/15/table-61-15-3-nodos-fechas-y-relaciones-debiles.csv,7,causa documentada,8aba634941b53919e3f6dea5b37bda2df44d25a724c60df870b63b5ed8637f8f,No se localizó una edad de corona multiespecífica de Corallochytrea bajo una circunscripción taxonómica explícita.,C-1928,Afirmación,REVISADA,Reescritura conservadora: la celda reproduce exactamente la Afirmación canónica de C-1928; no se usó semejanza léxica ni herencia de fila.
data/tablas/19/table-77-19-respuestas-a-las-seis-preguntas-de-cierre.csv,2,respuesta breve con citas,b73b763e80af315fbea3eb220bcb9f49dc59439af05f94fa8f409f86fe1f3b59,"El acoplamiento metabólico puede sostener un consorcio extracelular sin transmisión hereditaria conjunta; en asociaciones de transmisión vertical se publicó una correlación entre dependencia y tamaño genómico, los cuellos de botella reducen el tamaño efectivo y la reducción genómica puede eliminar alternativas del simbionte. Ninguno de esos rasgos constituye por sí solo un criterio universal de punto de no retorno. [C-1013; C-1108; C-1110; C-1119; C-1201; S226; S227; S228; S229; S230; S246; S260; S265; S286; S513]",C-1013; C-1108; C-1110; C-1119; C-1201,cita_en_celda,REVISADA,Cita C explícita y cierre de fuentes revalidados en el censo independiente del 100 % de las seis respuestas finales.
data/tablas/19/table-77-19-respuestas-a-las-seis-preguntas-de-cierre.csv,3,respuesta breve con citas,daa3feb67c71f6220c9a84cf746c3c45896c449d6c50ee49a7ac4e350e595414,"El balance cambia con donante y aceptor de electrones, oxígeno, nutrientes, temperatura, organismo y denominador energético; por eso las medidas se conservan con sus condiciones y no forman un presupuesto ancestral único. [C-837; C-843; C-844; C-846; C-847; C-1227; C-1228; C-1229; C-1230; C-1355; C-1356; C-1357; S307; S308; S309; S310; S311; S312; S313; S314; S315; S316; S317; S318; S344; S461; S464; S465; S466]",C-837; C-843; C-844; C-846; C-847; C-1227; C-1228; C-1229; C-1230; C-1355; C-1356; C-1357,cita_en_celda,REVISADA,Cita C explícita y cierre de fuentes revalidados en el censo independiente del 100 % de las seis respuestas finales.
data/tablas/19/table-77-19-respuestas-a-las-seis-preguntas-de-cierre.csv,4,respuesta breve con citas,5de49cb55cf1a16e9a2c15c33afd3e47bd4e19316d14fc62277ef4393d5d4363,La dependencia es heredable cuando el socio o su función pasa con el linaje del hospedador; en integraciones organelares pueden añadirse EGT e importación de proteínas. La literatura no ofrece un punto de no retorno universal. [C-974; C-976; C-1053; C-1058; C-1165; C-1201; S228; S229; S230; S242; S245; S246; S282; S283; S513],C-974; C-976; C-1053; C-1058; C-1165; C-1201,cita_en_celda,REVISADA,Cita C explícita y cierre de fuentes revalidados en el censo independiente del 100 % de las seis respuestas finales.
data/tablas/19/table-77-19-respuestas-a-las-seis-preguntas-de-cierre.csv,5,respuesta breve con citas,67d01f6f82c1799e47f2ac99f2fdf419fea8504b20a0338bd2a730b258e85a57,"El registro trata la divergencia como separación de linajes parentales y resultantes; la transferencia como movimiento de material genético; y la integración como combinación separable de dependencia, transmisión, reducción, EGT e importación. Una transferencia horizontal no exige endosimbiosis estable. [C-976; C-977; C-978; C-1119; C-1165; C-1946; S229; S230; S260; S265; S268; S282; S283; S291; S293]",C-976; C-977; C-978; C-1119; C-1165; C-1946,cita_en_celda,REVISADA,Cita C explícita y cierre de fuentes revalidados en el censo independiente del 100 % de las seis respuestas finales.
data/tablas/19/table-77-19-respuestas-a-las-seis-preguntas-de-cierre.csv,6,respuesta breve con citas,b508c0d33a346a61cd98e0a08f3ec61fe2c0e338e8c671b587d207634d41edb6,Una matriz puede cambiar de topología con otro modelo o filtro; una cifra cambia de interpretación con otro denominador; y una señal química o genómica cambia de alcance al controlar contaminación o especificidad. [C-027; C-074; C-121; C-272; C-1188; C-1197; C-1199; C-1228; C-1316; C-1902; C-1908; C-1916; C-1917; C-1919; S08; S19; S20; S25; S58; S80; S81; S82; S83; S102; S104; S126; S170; S172; S174; S290; S291; S295; S296; S307; S308; S309; S310; S311],C-027; C-074; C-121; C-272; C-1188; C-1197; C-1199; C-1228; C-1316; C-1902; C-1908; C-1916; C-1917; C-1919,cita_en_celda,REVISADA,Cita C explícita y cierre de fuentes revalidados en el censo independiente del 100 % de las seis respuestas finales.
data/tablas/19/table-77-19-respuestas-a-las-seis-preguntas-de-cierre.csv,7,respuesta breve con citas,5f64abdb5b29da8657e612540c2c830d1641d2d652d689b10bf227ed2bf2ebe5,"Son observados los caracteres medidos en células, cultivos, rocas o moléculas bajo condiciones declaradas; son inferidos los estados ancestrales, edades de reloj, afinidades taxonómicas no diagnósticas y funciones proyectadas. Un MAG, un gen o una homología no sustituyen la observación del fenotipo ancestral. [C-006; C-208; C-777; C-1575; C-1592; C-1898; C-1899; C-1903; C-1904; C-1905; C-1906; C-1907; C-1909; C-1912; C-1913; C-1914; C-1915; S16; S17; S27; S43; S44; S56; S60; S126; S134; S139; S140; S141; S142; S147; S150; S151; S152; S161; S171; S173; S174; S178; S183; S189; S191; S210; S352; S441]",C-006; C-208; C-777; C-1575; C-1592; C-1898; C-1899; C-1903; C-1904; C-1905; C-1906; C-1907; C-1909; C-1912; C-1913; C-1914; C-1915,cita_en_celda,REVISADA,Cita C explícita y cierre de fuentes revalidados en el censo independiente del 100 % de las seis respuestas finales.
