"id_requisito","tipo","estado_disposicion","afirmaciones_exactas","tablas_exactas","fuentes_exactas","busquedas_negativas_exactas","busquedas_ejecutadas_exactas","control_o_rollup","artefacto_control","alcance_o_censo","comando_o_consulta","resultado_control","huella_control_sha256","accion"
"R-0001","CONTROL_ESTRUCTURAL","CONTROL_VERIFICADO","n/a","n/a","n/a","n/a","n/a","CONTROL::R-0001::LITERAL_PROMPT_COMPLETO","docs/auditorias/controles_requisitos/R-0001.csv","corpus_live; control=LITERAL_PROMPT_COMPLETO; clasificacion=AUTOMATIZADO; familias=TELEOLOGIA_CONTEXTO; ficheros=121; BN_objetivo=0,C_objetivo=0,candidatos_teleologia=56,fallos=0,pruebas=1,pruebas_nominales=1,tablas_objetivo=0; sha256_censo=df1b34ac1a370321ac281e9249467ee1038df5bfffa90b2686f18a4ed0f35c4e","python3 scripts/audit_requirement_controls.py --root . --requirement R-0001","CERO_FALLOS","704dfe7e744912a82ad0ff6f77ac27ed491f6eec807daf85033337d28e36e8f5","Control nominal R-0001 ejecutado sobre corpus live; 1 pruebas deterministas, cero fallos."
"R-0002","CONTROL_ESTRUCTURAL","CONTROL_VERIFICADO","n/a","n/a","n/a","n/a","n/a","CONTROL::R-0002::LITERAL_PROMPT_COMPLETO","docs/auditorias/controles_requisitos/R-0002.csv","corpus_live; control=LITERAL_PROMPT_COMPLETO; clasificacion=AUTOMATIZADO; familias=TELEOLOGIA_CONTEXTO; ficheros=121; BN_objetivo=0,C_objetivo=0,candidatos_teleologia=56,fallos=0,pruebas=1,pruebas_nominales=1,tablas_objetivo=0; sha256_censo=df1b34ac1a370321ac281e9249467ee1038df5bfffa90b2686f18a4ed0f35c4e","python3 scripts/audit_requirement_controls.py --root . --requirement R-0002","CERO_FALLOS","642c1c8e79fd8060c7f95bb77d5d09e2afaa9322efa8a8ad4bc67e08cbaf7ecf","Control nominal R-0002 ejecutado sobre corpus live; 1 pruebas deterministas, cero fallos."
"R-0003","CONTROL_ESTRUCTURAL","CONTROL_VERIFICADO","n/a","n/a","n/a","n/a","n/a","CONTROL::R-0003::LITERAL_PROMPT_COMPLETO","docs/auditorias/controles_requisitos/R-0003.csv","corpus_live; control=LITERAL_PROMPT_COMPLETO; clasificacion=AUTOMATIZADO; familias=TELEOLOGIA_CONTEXTO; ficheros=121; BN_objetivo=0,C_objetivo=0,candidatos_teleologia=56,fallos=0,pruebas=1,pruebas_nominales=1,tablas_objetivo=0; sha256_censo=df1b34ac1a370321ac281e9249467ee1038df5bfffa90b2686f18a4ed0f35c4e","python3 scripts/audit_requirement_controls.py --root . --requirement R-0003","CERO_FALLOS","35adef90b0ac85e6d679483208bede4071ff12000b3f8b24479b1db92ce46849","Control nominal R-0003 ejecutado sobre corpus live; 1 pruebas deterministas, cero fallos."
"R-0004","CONTROL_ESTRUCTURAL","CONTROL_VERIFICADO","n/a","n/a","n/a","n/a","n/a","CONTROL::R-0004::LITERAL_PROMPT_COMPLETO","docs/auditorias/controles_requisitos/R-0004.csv","corpus_live; control=LITERAL_PROMPT_COMPLETO; clasificacion=AUTOMATIZADO; familias=TELEOLOGIA_CONTEXTO; ficheros=121; BN_objetivo=0,C_objetivo=0,anclas_linajes_vivientes=1,candidatos_teleologia=56,fallos=0,pruebas=2,pruebas_nominales=2,tablas_objetivo=0; sha256_censo=df1b34ac1a370321ac281e9249467ee1038df5bfffa90b2686f18a4ed0f35c4e","python3 scripts/audit_requirement_controls.py --root . --requirement R-0004","CERO_FALLOS","30f521616c60a77c5f600c7c361842091e9bb410966ca4fd8ab0dca70f2b6e58","Control nominal R-0004 ejecutado sobre corpus live; 2 pruebas deterministas, cero fallos."
"R-0005","CONTROL_ESTRUCTURAL","CONTROL_VERIFICADO","n/a","n/a","n/a","n/a","n/a","CONTROL::R-0005::LITERAL_PROMPT_COMPLETO","docs/auditorias/controles_requisitos/R-0005.csv","corpus_live; control=LITERAL_PROMPT_COMPLETO; clasificacion=AUTOMATIZADO; familias=TELEOLOGIA_CONTEXTO; ficheros=121; BN_objetivo=0,C_objetivo=0,candidatos_teleologia=56,fallos=0,pruebas=1,pruebas_nominales=1,tablas_objetivo=0; sha256_censo=df1b34ac1a370321ac281e9249467ee1038df5bfffa90b2686f18a4ed0f35c4e","python3 scripts/audit_requirement_controls.py --root . --requirement R-0005","CERO_FALLOS","88d827d7544f12a630490928be038f3fdebeb757df4757e5a0f26f06af6a74ea","Control nominal R-0005 ejecutado sobre corpus live; 1 pruebas deterministas, cero fallos."
"R-0006","CONTROL_ESTRUCTURAL","CONTROL_VERIFICADO","n/a","n/a","n/a","n/a","n/a","CONTROL::R-0006::LITERAL_PROMPT_COMPLETO","docs/auditorias/controles_requisitos/R-0006.csv","corpus_live; control=LITERAL_PROMPT_COMPLETO; clasificacion=AUTOMATIZADO; familias=TELEOLOGIA_CONTEXTO; ficheros=121; BN_objetivo=0,C_objetivo=0,candidatos_teleologia=56,fallos=0,pruebas=3,pruebas_nominales=3,tablas_nodales_con_hermana=17,tablas_objetivo=0; sha256_censo=df1b34ac1a370321ac281e9249467ee1038df5bfffa90b2686f18a4ed0f35c4e","python3 scripts/audit_requirement_controls.py --root . --requirement R-0006","CERO_FALLOS","0f67f70ba878822db043c6ac0b0b5f049ae249f23cecf1637f2d1f541acea8c8","Control nominal R-0006 ejecutado sobre corpus live; 3 pruebas deterministas, cero fallos."
"R-0007","CONTROL_ESTRUCTURAL","CONTROL_VERIFICADO","n/a","n/a","n/a","n/a","n/a","CONTROL::R-0007::LITERAL_PROMPT_COMPLETO","docs/auditorias/controles_requisitos/R-0007.csv","corpus_live; control=LITERAL_PROMPT_COMPLETO; clasificacion=AUTOMATIZADO; familias=TELEOLOGIA_CONTEXTO; ficheros=121; BN_objetivo=0,C_objetivo=0,candidatos_teleologia=56,fallos=0,pruebas=1,pruebas_nominales=1,tablas_objetivo=0; sha256_censo=df1b34ac1a370321ac281e9249467ee1038df5bfffa90b2686f18a4ed0f35c4e","python3 scripts/audit_requirement_controls.py --root . --requirement R-0007","CERO_FALLOS","f056d677b8a98863b4c0ab9437bdccbe4f6930aa6a9a00fb24cf88630b01b4e2","Control nominal R-0007 ejecutado sobre corpus live; 1 pruebas deterministas, cero fallos."
"R-0008","CONTROL_ESTRUCTURAL","CONTROL_DEFINIDO","n/a","n/a","n/a","n/a","n/a","CONTROL::R-0008::LITERAL_PROMPT_COMPLETO","docs/auditorias/controles_requisitos/R-0008.csv","PENDIENTE","PENDIENTE","PENDIENTE","PENDIENTE","Pendiente de prueba nominal automatizada o revisión manual independiente; conservar CONTROL_DEFINIDO."
"R-0009","CONTROL_ESTRUCTURAL","CONTROL_DEFINIDO","n/a","n/a","n/a","n/a","n/a","CONTROL::R-0009::LITERAL_PROMPT_COMPLETO","docs/auditorias/controles_requisitos/R-0009.csv","PENDIENTE","PENDIENTE","PENDIENTE","PENDIENTE","Pendiente de prueba nominal automatizada o revisión manual independiente; conservar CONTROL_DEFINIDO."
"R-0010","CONTROL_ESTRUCTURAL","CONTROL_DEFINIDO","n/a","n/a","n/a","n/a","n/a","CONTROL::R-0010::LITERAL_PROMPT_COMPLETO","docs/auditorias/controles_requisitos/R-0010.csv","PENDIENTE","PENDIENTE","PENDIENTE","PENDIENTE","Pendiente de prueba nominal automatizada o revisión manual independiente; conservar CONTROL_DEFINIDO."
"R-0011","CONTROL_ESTRUCTURAL","CONTROL_DEFINIDO","n/a","n/a","n/a","n/a","n/a","CONTROL::R-0011::LITERAL_PROMPT_COMPLETO","docs/auditorias/controles_requisitos/R-0011.csv","PENDIENTE","PENDIENTE","PENDIENTE","PENDIENTE","Pendiente de prueba nominal automatizada o revisión manual independiente; conservar CONTROL_DEFINIDO."
"R-0012","CONTROL_ESTRUCTURAL","CONTROL_DEFINIDO","n/a","n/a","n/a","n/a","n/a","CONTROL::R-0012::LITERAL_PROMPT_COMPLETO","docs/auditorias/controles_requisitos/R-0012.csv","PENDIENTE","PENDIENTE","PENDIENTE","PENDIENTE","Pendiente de prueba nominal automatizada o revisión manual independiente; conservar CONTROL_DEFINIDO."
"R-0013","CONTROL_ESTRUCTURAL","CONTROL_DEFINIDO","n/a","n/a","n/a","n/a","n/a","CONTROL::R-0013::LITERAL_PROMPT_COMPLETO","docs/auditorias/controles_requisitos/R-0013.csv","PENDIENTE","PENDIENTE","PENDIENTE","PENDIENTE","Pendiente de prueba nominal automatizada o revisión manual independiente; conservar CONTROL_DEFINIDO."
"R-0014","CONTROL_ESTRUCTURAL","CONTROL_DEFINIDO","n/a","n/a","n/a","n/a","n/a","CONTROL::R-0014::LITERAL_PROMPT_COMPLETO","docs/auditorias/controles_requisitos/R-0014.csv","PENDIENTE","PENDIENTE","PENDIENTE","PENDIENTE","Pendiente de prueba nominal automatizada o revisión manual independiente; conservar CONTROL_DEFINIDO."
"R-0015","CONTROL_ESTRUCTURAL","CONTROL_DEFINIDO","n/a","n/a","n/a","n/a","n/a","CONTROL::R-0015::LITERAL_PROMPT_COMPLETO","docs/auditorias/controles_requisitos/R-0015.csv","PENDIENTE","PENDIENTE","PENDIENTE","PENDIENTE","Pendiente de prueba nominal automatizada o revisión manual independiente; conservar CONTROL_DEFINIDO."
"R-0016","CONTROL_ESTRUCTURAL","CONTROL_DEFINIDO","n/a","n/a","n/a","n/a","n/a","CONTROL::R-0016::LITERAL_PROMPT_COMPLETO","docs/auditorias/controles_requisitos/R-0016.csv","PENDIENTE","PENDIENTE","PENDIENTE","PENDIENTE","Pendiente de prueba nominal automatizada o revisión manual independiente; conservar CONTROL_DEFINIDO."
"R-0017","CONTROL_ESTRUCTURAL","CONTROL_DEFINIDO","n/a","n/a","n/a","n/a","n/a","CONTROL::R-0017::LITERAL_PROMPT_COMPLETO","docs/auditorias/controles_requisitos/R-0017.csv","PENDIENTE","PENDIENTE","PENDIENTE","PENDIENTE","Pendiente de prueba nominal automatizada o revisión manual independiente; conservar CONTROL_DEFINIDO."
"R-0018","CONTROL_ESTRUCTURAL","CONTROL_VERIFICADO","n/a","n/a","n/a","n/a","n/a","CONTROL::R-0018::LITERAL_PROMPT_COMPLETO","docs/auditorias/controles_requisitos/R-0018.csv","corpus_live; control=LITERAL_PROMPT_COMPLETO; clasificacion=AUTOMATIZADO; familias=SIN_DISENO_DE_JUEGO; ficheros=29; BN_objetivo=0,C_objetivo=0,candidatos_diseno_juego=0,fallos=0,propuestas_jugables=0,pruebas=2,pruebas_nominales=2,tablas_objetivo=0; sha256_censo=6d92f5d75549bdd3e0d5d7ab17ec3986008560b0f0a2390a3ca1a85909828aef","python3 scripts/audit_requirement_controls.py --root . --requirement R-0018","CERO_FALLOS","7cb40a7d1511215e242012fef8630b81dd73d80bb0e56828fdd81eb884e13106","Control nominal R-0018 ejecutado sobre corpus live; 2 pruebas deterministas, cero fallos."
"R-0019","CONTROL_ESTRUCTURAL","CONTROL_VERIFICADO","n/a","n/a","n/a","n/a","n/a","CONTROL::R-0019::LITERAL_PROMPT_COMPLETO","docs/auditorias/controles_requisitos/R-0019.csv","corpus_live; control=LITERAL_PROMPT_COMPLETO; clasificacion=AUTOMATIZADO; familias=SIN_DISENO_DE_JUEGO; ficheros=29; BN_objetivo=0,C_objetivo=0,candidatos_diseno_juego=0,fallos=0,propuestas_jugables=0,pruebas=2,pruebas_nominales=2,tablas_objetivo=0; sha256_censo=6d92f5d75549bdd3e0d5d7ab17ec3986008560b0f0a2390a3ca1a85909828aef","python3 scripts/audit_requirement_controls.py --root . --requirement R-0019","CERO_FALLOS","bee30581263aacae23cb31d0bbd08cd816e74243cb4306422515d0c7f65fa8ed","Control nominal R-0019 ejecutado sobre corpus live; 2 pruebas deterministas, cero fallos."
"R-0020","PADRE","ROLLUP","n/a","n/a","n/a","n/a","n/a","R-0018; R-0021","n/a","n/a","n/a","n/a","n/a","Calcular R-0020 exclusivamente como roll-up de R-0018; R-0021; citar cada hijo y no heredar un rango de sección."
"R-0021","CONTROL_ESTRUCTURAL","CONTROL_VERIFICADO","n/a","n/a","n/a","n/a","n/a","CONTROL::R-0021::LITERAL_PROMPT_COMPLETO","docs/auditorias/controles_requisitos/R-0021.csv","corpus_live; control=LITERAL_PROMPT_COMPLETO; clasificacion=AUTOMATIZADO; familias=SIN_DISENO_DE_JUEGO; ficheros=29; BN_objetivo=0,C_objetivo=0,candidatos_diseno_juego=0,fallos=0,propuestas_jugables=0,pruebas=2,pruebas_nominales=2,tablas_objetivo=0; sha256_censo=6d92f5d75549bdd3e0d5d7ab17ec3986008560b0f0a2390a3ca1a85909828aef","python3 scripts/audit_requirement_controls.py --root . --requirement R-0021","CERO_FALLOS","00bcedd2025f17a4e48b64453f37cd356c426385b301520ec51d2738072e2f6f","Control nominal R-0021 ejecutado sobre corpus live; 2 pruebas deterministas, cero fallos."
"R-0022","CONTROL_ESTRUCTURAL","CONTROL_DEFINIDO","n/a","n/a","n/a","n/a","n/a","CONTROL::R-0022::LITERAL_PROMPT_COMPLETO","docs/auditorias/controles_requisitos/R-0022.csv","PENDIENTE","PENDIENTE","PENDIENTE","PENDIENTE","Pendiente de prueba nominal automatizada o revisión manual independiente; conservar CONTROL_DEFINIDO."
"R-0023","CONTROL_ESTRUCTURAL","CONTROL_DEFINIDO","n/a","n/a","n/a","n/a","n/a","CONTROL::R-0023::LITERAL_PROMPT_COMPLETO","docs/auditorias/controles_requisitos/R-0023.csv","PENDIENTE","PENDIENTE","PENDIENTE","PENDIENTE","Pendiente de prueba nominal automatizada o revisión manual independiente; conservar CONTROL_DEFINIDO."
"R-0024","CONTROL_ESTRUCTURAL","CONTROL_DEFINIDO","n/a","n/a","n/a","n/a","n/a","CONTROL::R-0024::LITERAL_PROMPT_COMPLETO","docs/auditorias/controles_requisitos/R-0024.csv","PENDIENTE","PENDIENTE","PENDIENTE","PENDIENTE","Pendiente de prueba nominal automatizada o revisión manual independiente; conservar CONTROL_DEFINIDO."
"R-0025","CONTROL_ESTRUCTURAL","CONTROL_DEFINIDO","n/a","n/a","n/a","n/a","n/a","CONTROL::R-0025::LITERAL_PROMPT_COMPLETO","docs/auditorias/controles_requisitos/R-0025.csv","PENDIENTE","PENDIENTE","PENDIENTE","PENDIENTE","Pendiente de prueba nominal automatizada o revisión manual independiente; conservar CONTROL_DEFINIDO."
"R-0026","CONTROL_ESTRUCTURAL","CONTROL_DEFINIDO","n/a","n/a","n/a","n/a","n/a","CONTROL::R-0026::LITERAL_PROMPT_COMPLETO","docs/auditorias/controles_requisitos/R-0026.csv","PENDIENTE","PENDIENTE","PENDIENTE","PENDIENTE","Pendiente de prueba nominal automatizada o revisión manual independiente; conservar CONTROL_DEFINIDO."
"R-0027","PADRE","ROLLUP","n/a","n/a","n/a","n/a","n/a","R-0026; R-0029","n/a","n/a","n/a","n/a","n/a","Calcular R-0027 exclusivamente como roll-up de R-0026; R-0029; citar cada hijo y no heredar un rango de sección."
"R-0028","CONTROL_ESTRUCTURAL","CONTROL_DEFINIDO","n/a","n/a","n/a","n/a","n/a","CONTROL::R-0028::LITERAL_PROMPT_COMPLETO","docs/auditorias/controles_requisitos/R-0028.csv","PENDIENTE","PENDIENTE","PENDIENTE","PENDIENTE","Pendiente de prueba nominal automatizada o revisión manual independiente; conservar CONTROL_DEFINIDO."
"R-0029","CONTROL_ESTRUCTURAL","CONTROL_DEFINIDO","n/a","n/a","n/a","n/a","n/a","CONTROL::R-0029::LITERAL_PROMPT_COMPLETO","docs/auditorias/controles_requisitos/R-0029.csv","PENDIENTE","PENDIENTE","PENDIENTE","PENDIENTE","Pendiente de prueba nominal automatizada o revisión manual independiente; conservar CONTROL_DEFINIDO."
"R-0030","PADRE","ROLLUP","n/a","n/a","n/a","n/a","n/a","R-0031; R-0032; R-0033; R-0034; R-0035; R-0036; R-0037; R-0038; R-0039","n/a","n/a","n/a","n/a","n/a","Calcular R-0030 exclusivamente como roll-up de R-0031; R-0032; R-0033; R-0034; R-0035; R-0036; R-0037; R-0038; R-0039; citar cada hijo y no heredar un rango de sección."
"R-0031","CONTROL_ESTRUCTURAL","CONTROL_DEFINIDO","n/a","n/a","n/a","n/a","n/a","CONTROL::R-0031::LITERAL_PROMPT_COMPLETO","docs/auditorias/controles_requisitos/R-0031.csv","PENDIENTE","PENDIENTE","PENDIENTE","PENDIENTE","Pendiente de prueba nominal automatizada o revisión manual independiente; conservar CONTROL_DEFINIDO."
"R-0032","CONTROL_ESTRUCTURAL","CONTROL_DEFINIDO","n/a","n/a","n/a","n/a","n/a","CONTROL::R-0032::LITERAL_PROMPT_COMPLETO","docs/auditorias/controles_requisitos/R-0032.csv","PENDIENTE","PENDIENTE","PENDIENTE","PENDIENTE","Pendiente de prueba nominal automatizada o revisión manual independiente; conservar CONTROL_DEFINIDO."
"R-0033","CONTROL_ESTRUCTURAL","CONTROL_DEFINIDO","n/a","n/a","n/a","n/a","n/a","CONTROL::R-0033::LITERAL_PROMPT_COMPLETO","docs/auditorias/controles_requisitos/R-0033.csv","PENDIENTE","PENDIENTE","PENDIENTE","PENDIENTE","Pendiente de prueba nominal automatizada o revisión manual independiente; conservar CONTROL_DEFINIDO."
"R-0034","CONTROL_ESTRUCTURAL","CONTROL_DEFINIDO","n/a","n/a","n/a","n/a","n/a","CONTROL::R-0034::LITERAL_PROMPT_COMPLETO","docs/auditorias/controles_requisitos/R-0034.csv","PENDIENTE","PENDIENTE","PENDIENTE","PENDIENTE","Pendiente de prueba nominal automatizada o revisión manual independiente; conservar CONTROL_DEFINIDO."
"R-0035","PADRE","ROLLUP","n/a","n/a","n/a","n/a","n/a","R-0034","n/a","n/a","n/a","n/a","n/a","Calcular R-0035 exclusivamente como roll-up de R-0034; citar cada hijo y no heredar un rango de sección."
"R-0036","CONTROL_ESTRUCTURAL","CONTROL_DEFINIDO","n/a","n/a","n/a","n/a","n/a","CONTROL::R-0036::LITERAL_PROMPT_COMPLETO","docs/auditorias/controles_requisitos/R-0036.csv","PENDIENTE","PENDIENTE","PENDIENTE","PENDIENTE","Pendiente de prueba nominal automatizada o revisión manual independiente; conservar CONTROL_DEFINIDO."
"R-0037","CONTROL_ESTRUCTURAL","CONTROL_DEFINIDO","n/a","n/a","n/a","n/a","n/a","CONTROL::R-0037::LITERAL_PROMPT_COMPLETO","docs/auditorias/controles_requisitos/R-0037.csv","PENDIENTE","PENDIENTE","PENDIENTE","PENDIENTE","Pendiente de prueba nominal automatizada o revisión manual independiente; conservar CONTROL_DEFINIDO."
"R-0038","PADRE","ROLLUP","n/a","n/a","n/a","n/a","n/a","R-0037; R-0039","n/a","n/a","n/a","n/a","n/a","Calcular R-0038 exclusivamente como roll-up de R-0037; R-0039; citar cada hijo y no heredar un rango de sección."
"R-0039","CONTROL_ESTRUCTURAL","CONTROL_DEFINIDO","n/a","n/a","n/a","n/a","n/a","CONTROL::R-0039::LITERAL_PROMPT_COMPLETO","docs/auditorias/controles_requisitos/R-0039.csv","PENDIENTE","PENDIENTE","PENDIENTE","PENDIENTE","Pendiente de prueba nominal automatizada o revisión manual independiente; conservar CONTROL_DEFINIDO."
"R-0040","CONTROL_ESTRUCTURAL","CONTROL_DEFINIDO","n/a","n/a","n/a","n/a","n/a","CONTROL::R-0040::LITERAL_PROMPT_COMPLETO","docs/auditorias/controles_requisitos/R-0040.csv","PENDIENTE","PENDIENTE","PENDIENTE","PENDIENTE","Pendiente de prueba nominal automatizada o revisión manual independiente; conservar CONTROL_DEFINIDO."
"R-0041","CONTROL_ESTRUCTURAL","CONTROL_DEFINIDO","n/a","n/a","n/a","n/a","n/a","CONTROL::R-0041::LITERAL_PROMPT_COMPLETO","docs/auditorias/controles_requisitos/R-0041.csv","PENDIENTE","PENDIENTE","PENDIENTE","PENDIENTE","Pendiente de prueba nominal automatizada o revisión manual independiente; conservar CONTROL_DEFINIDO."
"R-0042","CONTROL_ESTRUCTURAL","CONTROL_DEFINIDO","n/a","n/a","n/a","n/a","n/a","CONTROL::R-0042::LITERAL_PROMPT_COMPLETO","docs/auditorias/controles_requisitos/R-0042.csv","PENDIENTE","PENDIENTE","PENDIENTE","PENDIENTE","Pendiente de prueba nominal automatizada o revisión manual independiente; conservar CONTROL_DEFINIDO."
"R-0043","CONTROL_ESTRUCTURAL","CONTROL_DEFINIDO","n/a","n/a","n/a","n/a","n/a","CONTROL::R-0043::LITERAL_PROMPT_COMPLETO","docs/auditorias/controles_requisitos/R-0043.csv","PENDIENTE","PENDIENTE","PENDIENTE","PENDIENTE","Pendiente de prueba nominal automatizada o revisión manual independiente; conservar CONTROL_DEFINIDO."
"R-0044","CONTROL_ESTRUCTURAL","CONTROL_DEFINIDO","n/a","n/a","n/a","n/a","n/a","CONTROL::R-0044::LITERAL_PROMPT_COMPLETO","docs/auditorias/controles_requisitos/R-0044.csv","PENDIENTE","PENDIENTE","PENDIENTE","PENDIENTE","Pendiente de prueba nominal automatizada o revisión manual independiente; conservar CONTROL_DEFINIDO."
"R-0045","CONTROL_ESTRUCTURAL","CONTROL_DEFINIDO","n/a","n/a","n/a","n/a","n/a","CONTROL::R-0045::LITERAL_PROMPT_COMPLETO","docs/auditorias/controles_requisitos/R-0045.csv","PENDIENTE","PENDIENTE","PENDIENTE","PENDIENTE","Pendiente de prueba nominal automatizada o revisión manual independiente; conservar CONTROL_DEFINIDO."
"R-0046","CONTROL_ESTRUCTURAL","CONTROL_DEFINIDO","n/a","n/a","n/a","n/a","n/a","CONTROL::R-0046::LITERAL_PROMPT_COMPLETO","docs/auditorias/controles_requisitos/R-0046.csv","PENDIENTE","PENDIENTE","PENDIENTE","PENDIENTE","Pendiente de prueba nominal automatizada o revisión manual independiente; conservar CONTROL_DEFINIDO."
"R-0047","CONTROL_ESTRUCTURAL","CONTROL_DEFINIDO","n/a","n/a","n/a","n/a","n/a","CONTROL::R-0047::LITERAL_PROMPT_COMPLETO","docs/auditorias/controles_requisitos/R-0047.csv","PENDIENTE","PENDIENTE","PENDIENTE","PENDIENTE","Pendiente de prueba nominal automatizada o revisión manual independiente; conservar CONTROL_DEFINIDO."
"R-0048","PADRE","ROLLUP","n/a","n/a","n/a","n/a","n/a","R-0049; R-0050; R-0051; R-0052; R-0053; R-0054; R-0055; R-0056; R-0057; R-0058; R-0059; R-0060; R-0061; R-0062; R-0063","n/a","n/a","n/a","n/a","n/a","Encuadre sin contenido científico autónomo. Calcular solo desde los hijos exactos R-0049; R-0050; R-0051; R-0052; R-0053; R-0054; R-0055; R-0056; R-0057; R-0058; R-0059; R-0060; R-0061; R-0062; R-0063; no heredar un rango de sección."
"R-0049","CIENTIFICO","CUBIERTO","C-043; C-044; C-131","table-04-2-4-2-divisiones-nombradas-y-clase-de-evidencia-localizada; table-06-2-8-2-el-grupo-vivo-mas-proximo-no-esta-resuelto","S09; S10; S11; S12; S13; S25; S26","n/a","n/a","n/a","n/a","n/a","n/a","n/a","n/a","La apertura de la entidad se sostiene por topología general y desacuerdo intrAsgard."
"R-0050","CIENTIFICO","CUBIERTO","C-017; C-018; C-019; C-020; C-021; C-022; C-023; C-024; C-025; C-026; C-027; C-043; C-046","table-01-2-1-2-por-que-el-modelo-cambia-el-arbol","S06; S07; S08; S09; S10; S11; S12; S13; S14; S25; S26","n/a","n/a","n/a","n/a","n/a","n/a","n/a","n/a","Tres dominios, eocito y dos dominios se mantienen separados."
"R-0051","CIENTIFICO","CUBIERTO","C-018; C-021; C-043; C-131","table-01-2-1-2-por-que-el-modelo-cambia-el-arbol; table-06-2-8-2-el-grupo-vivo-mas-proximo-no-esta-resuelto","S06; S08; S09; S10; S11; S12; S13; S14; S25; S26","n/a","n/a","n/a","n/a","n/a","n/a","n/a","n/a","Relación hermana frente a inserción dentro de Archaea."
"R-0052","CONTROL_ESTRUCTURAL","CONTROL_DEFINIDO","C-022; C-023; C-024; C-025; C-026; C-027; C-028; C-029; C-030; C-031; C-032; C-033; C-034; C-035; C-036; C-037; C-038; C-039; C-040; C-041; C-120; C-121; C-122; C-123; C-124; C-125; C-126; C-127; C-128; C-129; C-130","table-01-2-1-2-por-que-el-modelo-cambia-el-arbol; table-06-2-8-2-el-grupo-vivo-mas-proximo-no-esta-resuelto","S08; S10; S11; S25; S26","n/a","n/a","CONTROL::R-0052::MODELO_MUESTREO_SOPORTE_POR_RESULTADO","docs/auditorias/controles_requisitos/R-0052.csv","PENDIENTE","PENDIENTE","PENDIENTE","PENDIENTE","Pendiente de prueba nominal automatizada o revisión manual independiente; conservar CONTROL_DEFINIDO."
"R-0053","CIENTIFICO","CUBIERTO","C-021; C-045; C-046; C-047","n/a","S08; S10; S14; S25; S26","n/a","n/a","n/a","n/a","n/a","n/a","n/a","n/a","Consecuencia parafilética y uso nomenclatural real."
"R-0054","CIENTIFICO","HUECO_ACTIVO","C-048; C-049; C-050; C-051","n/a","S09; S10; S13; S25; S26; S59; S530","BN-001","n/a","n/a","n/a","n/a","n/a","n/a","n/a","Defensas modernas y límite probatorio de neomurana."
"R-0055","CIENTIFICO","CUBIERTO","C-017; C-018; C-021; C-045; C-046; C-047; C-052; C-053; C-054; C-055; C-056; C-057","n/a","S06; S08; S09; S10; S14; S15; S25; S26","n/a","n/a","n/a","n/a","n/a","n/a","n/a","n/a","El corpus caracteriza sobre todo topología y membranas; no ofrece caracterización general equilibrada de ambos dominios."
"R-0056","CIENTIFICO","CUBIERTO","C-052; C-053; C-054; C-055","table-02-2-2-1-quimica-de-membrana","S15","n/a","n/a","n/a","n/a","n/a","n/a","n/a","n/a","Química y divisoria lipídica."
"R-0057","CIENTIFICO","HUECO_ACTIVO","C-056; C-057; C-058; C-059; C-060; C-061; C-062; C-063; C-064; C-065; C-066; C-067","table-03-2-2-3-soluciones-propuestas-y-estado-del-problema","S15; S16; S17; S539","BN-007","n/a","n/a","n/a","n/a","n/a","n/a","n/a","Experimentos, soluciones e incertidumbre."
"R-0058","CIENTIFICO","CUBIERTO","C-068; C-069; C-070; C-071; C-072; C-073; C-074; C-075; C-076; C-077; C-078","n/a","S18; S19; S20; S21","n/a","n/a","n/a","n/a","n/a","n/a","n/a","n/a","Quimerismo, denominadores y proporciones."
"R-0059","CIENTIFICO","CUBIERTO","C-042; C-043; C-044; C-120; C-121; C-122; C-123; C-124; C-125; C-126; C-127; C-128; C-129; C-130; C-131","table-06-2-8-2-el-grupo-vivo-mas-proximo-no-esta-resuelto","S09; S10; S11; S12; S13; S25; S26","n/a","n/a","n/a","n/a","n/a","n/a","n/a","n/a","Candidatos intrAsgard, matrices y desacuerdo."
"R-0060","CIENTIFICO","CUBIERTO","C-092; C-093; C-094; C-095; C-096; C-097; C-098; C-099; C-100; C-101; C-102; C-103; C-104; C-312; C-313; C-314; C-315; C-316; C-317; C-318; C-319; C-320; C-321","table-04-2-4-2-divisiones-nombradas-y-clase-de-evidencia-localizada; table-11-3-4-7-comparacion-del-montaje-inicial","S34; S35; S36; S38; S57","n/a","n/a","n/a","n/a","n/a","n/a","n/a","n/a","Cultivo/enriquecimiento, criotomografía y alcance de E3."
"R-0061","CIENTIFICO","CUBIERTO","C-132; C-133; C-134; C-135; C-136; C-137; C-138; C-139; C-140; C-141; C-142; C-143; C-144; C-145; C-146; C-147","table-05-2-7-proteinas-de-firma-eucariota-deteccion-y-funcion","S22; S23; S24; S36; S39; S40; S41; S42; S43; S44; S531; S532; S533; S534; S535","n/a","n/a","n/a","n/a","n/a","n/a","n/a","n/a","Detección frente a caracterización funcional de ESP."
"R-0062","CONTROL_ESTRUCTURAL","CONTROL_DEFINIDO","C-079; C-089; C-091; C-092; C-102; C-107; C-108","table-04-2-4-2-divisiones-nombradas-y-clase-de-evidencia-localizada","S22; S26; S35; S36; S37; S38; S50","n/a","n/a","CONTROL::R-0062::CLASE_EVIDENCIA_CULTIVO_MAG_POR_AFIRMACION","docs/auditorias/controles_requisitos/R-0062.csv","PENDIENTE","PENDIENTE","PENDIENTE","PENDIENTE","Pendiente de prueba nominal automatizada o revisión manual independiente; conservar CONTROL_DEFINIDO."
"R-0063","CIENTIFICO","CUBIERTO","C-148; C-149; C-150; C-151; C-152; C-153; C-154; C-155; C-156; C-157; C-158; C-159; C-160","n/a","S45; S46; S47; S48; S49","n/a","n/a","n/a","n/a","n/a","n/a","n/a","n/a","Origen mitocondrial y candidato alfa-proteobacteriano."
"R-0064","PADRE","ROLLUP","n/a","n/a","n/a","n/a","n/a","R-0065; R-0066; R-0067; R-0068; R-0069; R-0070; R-0071; R-0072; R-0073; R-0074; R-0075; R-0076; R-0077; R-0078; R-0079; R-0080; R-0081; R-0082; R-0083; R-0084; R-0085; R-0086; R-0087; R-0088; R-0089; R-0090; R-0091; R-0092","n/a","n/a","n/a","n/a","n/a","Mandato de detalle/no cierre que se evalúa en sus hijos. Calcular solo desde los hijos exactos R-0065; R-0066; R-0067; R-0068; R-0069; R-0070; R-0071; R-0072; R-0073; R-0074; R-0075; R-0076; R-0077; R-0078; R-0079; R-0080; R-0081; R-0082; R-0083; R-0084; R-0085; R-0086; R-0087; R-0088; R-0089; R-0090; R-0091; R-0092; no heredar un rango de sección."
"R-0065","CIENTIFICO","CUBIERTO","C-176; C-177; C-178; C-179; C-180; C-181; C-182; C-183; C-184; C-185; C-186; C-187; C-188; C-189","table-08-3-1-1-etiquetas-y-alcance","S51; S52; S53; S54; S55; S56; S57; S58; S101; S540","n/a","n/a","n/a","n/a","n/a","n/a","n/a","n/a","Definiciones y alcance de cinco etiquetas."
"R-0066","CIENTIFICO","CUBIERTO","C-176; C-177; C-178; C-179; C-180; C-181","table-08-3-1-1-etiquetas-y-alcance","S51; S53; S54; S55; S58; S101; S540","n/a","n/a","n/a","n/a","n/a","n/a","n/a","n/a","Procedencia publicada de las etiquetas."
"R-0067","CIENTIFICO","CUBIERTO","C-176; C-177; C-178","table-08-3-1-1-etiquetas-y-alcance","S51; S53; S54; S540","n/a","n/a","n/a","n/a","n/a","n/a","n/a","n/a","Introducción/primer uso localizado; no C-361."
"R-0068","CIENTIFICO","CUBIERTO","C-182; C-183; C-184; C-185; C-186; C-187; C-188; C-189","table-08-3-1-1-etiquetas-y-alcance","S52; S56; S57","n/a","n/a","n/a","n/a","n/a","n/a","n/a","n/a","Concepto poblacional y distinción LECA/primer eucariota."
"R-0069","CIENTIFICO","CUBIERTO","C-184; C-185; C-186; C-187; C-188; C-189; C-190; C-191","table-08-3-1-1-etiquetas-y-alcance","S52; S56; S57; S152; S178","n/a","n/a","n/a","n/a","n/a","n/a","n/a","n/a","Límite FECA–LECA y ausencia de descendientes vivos identificados."
"R-0070","CIENTIFICO","CUBIERTO","C-190; C-191; C-192; C-193; C-194; C-195; C-196; C-197; C-198; C-199; C-200; C-201; C-202; C-203","n/a","S56; S57; S58; S152; S178","n/a","n/a","n/a","n/a","n/a","n/a","n/a","n/a","Cobertura positiva de duración, modelos y diversidad fósil propuesta del tallo. Conservar que ningún fósil queda asignado a una rama troncal concreta y que corona frente a tallo depende de la edad/modelo de LECA."
"R-0071","CIENTIFICO","CUBIERTO","C-208; C-209; C-210; C-211; C-212; C-213; C-214; C-215; C-216; C-217; C-218; C-219; C-220; C-221; C-222; C-223; C-224; C-225; C-226; C-227; C-228; C-229; C-230; C-231; C-232; C-233; C-234; C-235; C-236; C-237; C-238; C-239; C-240; C-241; C-242; C-243; C-244; C-245; C-246; C-247; C-248; C-249; C-250; C-251; C-252; C-253; C-254; C-255; C-256; C-257; C-258; C-259; C-260; C-261; C-262; C-263","table-09-3-2-7-matriz-de-caracteres-y-metodo-de-inferencia","S56; S57; S59; S60; S61; S62; S63; S64; S65; S66; S67; S68; S69; S70; S71; S72; S73; S74; S75; S76; S77; S78; S79; S82; S83; S91","n/a","n/a","n/a","n/a","n/a","n/a","n/a","n/a","Reconstrucción, repertorios, rasgos y criterios."
"R-0072","CIENTIFICO","CUBIERTO","C-219; C-220; C-221; C-222; C-223; C-224; C-225; C-226; C-227; C-228; C-229; C-230; C-231; C-232; C-233; C-234; C-235; C-236; C-237; C-238; C-239; C-240; C-241; C-242; C-243; C-244; C-245; C-246; C-247; C-248; C-249; C-250; C-251; C-257; C-258; C-259; C-260","table-09-3-2-7-matriz-de-caracteres-y-metodo-de-inferencia","S56; S57; S59; S60; S61; S62; S63; S64; S65; S66; S67; S68; S69; S70; S71; S72; S73; S74; S75; S76; S77; S78; S91","n/a","n/a","n/a","n/a","n/a","n/a","n/a","n/a","Lista mínima de caracteres de LECA."
"R-0073","CIENTIFICO","CUBIERTO","C-208; C-209; C-210; C-211; C-212; C-213; C-214; C-215; C-216; C-217; C-218","table-09-3-2-7-matriz-de-caracteres-y-metodo-de-inferencia","S56; S59; S60","n/a","n/a","n/a","n/a","n/a","n/a","n/a","n/a","Criterios de presencia ancestral y reconstrucción."
"R-0074","CONTROL_ESTRUCTURAL","CONTROL_DEFINIDO","C-208; C-209; C-210; C-211; C-212; C-213; C-214; C-215; C-216; C-217; C-218","table-09-3-2-7-matriz-de-caracteres-y-metodo-de-inferencia","S56; S59; S60","n/a","n/a","CONTROL::R-0074::METODO_POR_CARACTER_LECA","docs/auditorias/controles_requisitos/R-0074.csv","PENDIENTE","PENDIENTE","PENDIENTE","PENDIENTE","Pendiente de prueba nominal automatizada o revisión manual independiente; conservar CONTROL_DEFINIDO."
"R-0075","CIENTIFICO","CUBIERTO","C-261; C-262; C-263; C-264; C-265; C-266; C-267; C-268; C-269; C-270; C-271; C-272; C-273","table-10-3-3-orden-de-los-eventos-mitocondria-y-fagotrofia","S58; S59; S79; S80; S81; S82; S83; S84","n/a","n/a","n/a","n/a","n/a","n/a","n/a","n/a","Mitocondria temprana/intermedia/tardía."
"R-0076","CIENTIFICO","HUECO_ACTIVO","C-252; C-253; C-254; C-255; C-256; C-257; C-258; C-259; C-260; C-261; C-262; C-263; C-264; C-265; C-266; C-267; C-268; C-269; C-270; C-271; C-272; C-273; C-418","table-09-3-2-7-matriz-de-caracteres-y-metodo-de-inferencia; table-10-3-3-orden-de-los-eventos-mitocondria-y-fagotrofia","S57; S58; S59; S79; S80; S81; S82; S83; S84","BN-017","n/a","n/a","n/a","n/a","n/a","n/a","n/a","Fagotrofia antes/después y límites de inferencia."
"R-0077","PADRE","ROLLUP","n/a","n/a","n/a","n/a","n/a","R-0075; R-0076","n/a","n/a","n/a","n/a","n/a","El contraste de ambos lados se evalúa en los dos requisitos anteriores. Calcular solo desde los hijos exactos R-0075; R-0076; no heredar un rango de sección."
"R-0078","CIENTIFICO","CUBIERTO","C-274; C-275; C-276; C-277; C-278; C-279; C-280; C-281; C-282; C-283; C-284; C-285; C-286; C-287; C-288; C-289; C-290; C-291; C-292; C-293; C-294; C-295; C-296; C-297; C-298; C-299; C-300; C-301; C-302; C-303; C-304; C-305; C-306; C-307; C-308; C-309; C-310; C-311; C-312; C-313; C-314; C-315; C-316; C-317; C-318; C-319; C-320; C-321","table-10-3-3-orden-de-los-eventos-mitocondria-y-fagotrofia; table-11-3-4-7-comparacion-del-montaje-inicial","S34; S38; S56; S57; S58; S79; S84; S85; S86; S87; S88; S89; S90; S96","n/a","n/a","n/a","n/a","n/a","n/a","n/a","n/a","Modelos nombrados y montajes iniciales."
"R-0079","CONTROL_ESTRUCTURAL","CONTROL_DEFINIDO","C-274; C-275; C-276; C-277; C-278; C-279; C-280; C-281; C-282; C-283; C-284; C-285; C-286; C-287; C-288; C-289; C-290; C-291; C-292; C-293; C-294; C-295; C-296; C-297; C-298; C-299; C-300; C-301; C-302; C-303; C-304; C-305; C-306; C-307; C-308; C-309; C-310; C-311; C-312; C-313; C-314; C-315; C-316; C-317; C-318; C-319; C-320; C-321","table-11-3-4-7-comparacion-del-montaje-inicial","S34; S38; S56; S57; S58; S79; S84; S85; S86; S87; S88; S89; S90; S96","n/a","n/a","CONTROL::R-0079::CAMPOS_POR_MODELO_EUCARIOGENESIS","docs/auditorias/controles_requisitos/R-0079.csv","PENDIENTE","PENDIENTE","PENDIENTE","PENDIENTE","Pendiente de prueba nominal automatizada o revisión manual independiente; conservar CONTROL_DEFINIDO."
"R-0080","CIENTIFICO","CUBIERTO","C-322; C-323; C-324; C-325; C-326; C-327; C-328; C-329; C-330; C-331; C-332; C-333; C-334; C-335; C-336; C-337; C-338; C-339; C-340; C-341; C-342; C-343; C-344; C-345; C-346; C-347","table-12-3-5-5-comparacion-de-los-modelos-nucleares","S61; S67; S68; S88; S91; S92; S93; S94; S95; S96; S99","n/a","n/a","n/a","n/a","n/a","n/a","n/a","n/a","Origen nuclear separado y modelos."
"R-0081","CONTROL_ESTRUCTURAL","CONTROL_DEFINIDO","C-322; C-427","table-12-3-5-5-comparacion-de-los-modelos-nucleares","S88; S91; S92; S93; S94; S95; S96","n/a","n/a","CONTROL::R-0081::SEPARACION_NUCLEO_CELULA","docs/auditorias/controles_requisitos/R-0081.csv","PENDIENTE","PENDIENTE","PENDIENTE","PENDIENTE","Pendiente de prueba nominal automatizada o revisión manual independiente; conservar CONTROL_DEFINIDO."
"R-0082","CIENTIFICO","CUBIERTO","C-323; C-324; C-325; C-326; C-327; C-328; C-329; C-330; C-331; C-332; C-333; C-334; C-335; C-336; C-337; C-338; C-339; C-340; C-341; C-342; C-343; C-344; C-345; C-346; C-347","table-12-3-5-5-comparacion-de-los-modelos-nucleares","S61; S67; S68; S88; S91; S92; S93; S94; S95; S96; S99","n/a","n/a","n/a","n/a","n/a","n/a","n/a","n/a","Cuatro familias de modelos nucleares y mecanismos."
"R-0083","CONTROL_ESTRUCTURAL","CONTROL_DEFINIDO","C-323; C-324; C-325; C-326; C-327; C-328; C-329; C-330; C-331; C-332; C-333; C-334; C-335; C-336; C-337; C-338; C-339; C-340; C-341; C-342; C-343; C-344; C-345; C-346; C-347","table-12-3-5-5-comparacion-de-los-modelos-nucleares","S61; S67; S68; S88; S91; S92; S93; S94; S95; S96; S99","n/a","n/a","CONTROL::R-0083::PREDICCION_APOYO_COMPROMISO_POR_MODELO_NUCLEAR","docs/auditorias/controles_requisitos/R-0083.csv","PENDIENTE","PENDIENTE","PENDIENTE","PENDIENTE","Pendiente de prueba nominal automatizada o revisión manual independiente; conservar CONTROL_DEFINIDO."
"R-0084","CIENTIFICO","CUBIERTO","C-348; C-349; C-350; C-351; C-352; C-353; C-354; C-355; C-356; C-357","n/a","S71; S97; S98; S99","n/a","n/a","n/a","n/a","n/a","n/a","n/a","n/a","Protocoatómero, arquitectura y límites."
"R-0085","CONTROL_ESTRUCTURAL","CONTROL_DEFINIDO","C-348; C-349; C-350; C-351; C-352; C-353; C-354; C-355; C-356; C-357","n/a","S71; S97; S98; S99","n/a","n/a","CONTROL::R-0085::DETALLE_PROTOCOATOMERO","docs/auditorias/controles_requisitos/R-0085.csv","PENDIENTE","PENDIENTE","PENDIENTE","PENDIENTE","Pendiente de prueba nominal automatizada o revisión manual independiente; conservar CONTROL_DEFINIDO."
"R-0086","PADRE","ROLLUP","n/a","n/a","n/a","n/a","n/a","R-0087; R-0088; R-0089; R-0090; R-0091","n/a","n/a","n/a","n/a","n/a","Encabezado de la matriz y controles asociados. Calcular solo desde los hijos exactos R-0087; R-0088; R-0089; R-0090; R-0091; no heredar un rango de sección."
"R-0087","CONTROL_ESTRUCTURAL","CONTROL_DEFINIDO","C-358; C-359; C-360; C-361; C-362; C-363; C-364; C-365; C-366; C-367; C-368; C-369; C-370; C-371; C-372; C-373; C-374; C-375; C-376; C-377; C-378; C-379; C-380; C-381; C-382; C-383; C-384; C-385; C-386; C-387; C-388; C-389; C-390; C-391; C-392; C-393; C-394; C-395; C-396; C-397; C-398; C-399; C-400; C-401; C-402; C-403; C-404; C-405; C-406; C-407; C-408; C-409; C-410; C-411; C-412","table-13-3-7-matriz-de-compatibilidad","S34; S68; S71; S84; S85; S87; S88; S89; S90; S91; S92; S93; S94; S95; S96; S97; S98; S99","n/a","n/a","CONTROL::R-0087::PARES_MODELOS_CENSO_COMPLETO","docs/auditorias/controles_requisitos/R-0087.csv","PENDIENTE","PENDIENTE","PENDIENTE","PENDIENTE","Pendiente de prueba nominal automatizada o revisión manual independiente; conservar CONTROL_DEFINIDO."
"R-0088","CONTROL_ESTRUCTURAL","CONTROL_DEFINIDO","C-358; C-359; C-360; C-361; C-362; C-363; C-364; C-365; C-366; C-367; C-368; C-369; C-370; C-371; C-372; C-373; C-374; C-375; C-376; C-377; C-378; C-379; C-380; C-381; C-382; C-383; C-384; C-385; C-386; C-387; C-388; C-389; C-390; C-391; C-392; C-393; C-394; C-395; C-396; C-397; C-398; C-399; C-400; C-401; C-402; C-403; C-404; C-405; C-406; C-407; C-408; C-409; C-410; C-411; C-412","table-13-3-7-matriz-de-compatibilidad","S34; S68; S71; S84; S85; S87; S88; S89; S90; S91; S92; S93; S94; S95; S96; S97; S98; S99","n/a","n/a","CONTROL::R-0088::PARTE_INCOMPATIBLE_EXPLICITA","docs/auditorias/controles_requisitos/R-0088.csv","PENDIENTE","PENDIENTE","PENDIENTE","PENDIENTE","Pendiente de prueba nominal automatizada o revisión manual independiente; conservar CONTROL_DEFINIDO."
"R-0089","CIENTIFICO","CUBIERTO","C-427","table-13-3-7-matriz-de-compatibilidad","n/a","n/a","n/a","n/a","n/a","n/a","n/a","n/a","n/a","Distingue alternativas de preguntas distintas."
"R-0090","CONTROL_ESTRUCTURAL","CONTROL_DEFINIDO","n/a","n/a","n/a","n/a","n/a","CONTROL::R-0090::FIGURA_SEPARADA_POR_TOPOLOGIA_Y_FUENTE","docs/auditorias/controles_requisitos/R-0090.csv","PENDIENTE","PENDIENTE","PENDIENTE","PENDIENTE","Pendiente de prueba nominal automatizada o revisión manual independiente; conservar CONTROL_DEFINIDO."
"R-0091","CONTROL_ESTRUCTURAL","CONTROL_DEFINIDO","n/a","n/a","n/a","n/a","n/a","CONTROL::R-0091::FALSADORES_SOLO_APENDICE_E","docs/auditorias/controles_requisitos/R-0091.csv","PENDIENTE","PENDIENTE","PENDIENTE","PENDIENTE","Pendiente de prueba nominal automatizada o revisión manual independiente; conservar CONTROL_DEFINIDO."
"R-0092","CIENTIFICO","HUECO_ACTIVO","C-413; C-414; C-415; C-416; C-417; C-418; C-419; C-420; C-421; C-422; C-423; C-424; C-425; C-426","n/a","S34; S52; S56; S57; S58; S59; S79; S88; S94; S95; S96; S97; S98; S99; S541","BN-014; BN-015; BN-016; BN-017","n/a","n/a","n/a","n/a","n/a","n/a","n/a","Inventario explícito de incógnitas."
"R-0093","CONTROL_ESTRUCTURAL","CONTROL_DEFINIDO","n/a","table-15-4-2-8-comparacion-de-las-raices","n/a","n/a","n/a","CONTROL::R-0093::NO_PRESUPONER_CORREDOR","docs/auditorias/controles_requisitos/R-0093.csv","PENDIENTE","PENDIENTE","PENDIENTE","PENDIENTE","Pendiente de prueba nominal automatizada o revisión manual independiente; conservar CONTROL_DEFINIDO."
"R-0094","PADRE","ROLLUP","n/a","n/a","n/a","n/a","n/a","R-0095; R-0096; R-0097; R-0098; R-0099; R-0100; R-0101; R-0102","n/a","n/a","n/a","n/a","n/a","Marco de solidez cubierto por los requisitos científicos siguientes. Calcular solo desde los hijos exactos R-0095; R-0096; R-0097; R-0098; R-0099; R-0100; R-0101; R-0102; no heredar un rango de sección."
"R-0095","CIENTIFICO","CUBIERTO","C-431; C-432; C-433; C-434; C-435; C-436; C-437; C-438; C-439; C-440; C-441; C-442; C-443; C-444; C-445; C-446; C-447; C-448; C-449; C-450; C-451; C-452; C-453; C-454; C-455; C-456; C-457; C-458; C-459; C-460; C-461; C-462","table-15-4-2-8-comparacion-de-las-raices","S56; S89; S102; S103; S104; S105; S106; S107; S116; S118; S124; S126; S137; S138","n/a","n/a","n/a","n/a","n/a","n/a","n/a","n/a","Hipótesis de raíz, soporte y dificultades."
"R-0096","CIENTIFICO","CUBIERTO","C-463; C-464; C-465; C-466; C-467; C-468; C-469; C-470; C-471; C-472; C-473; C-474; C-475; C-476; C-477; C-478; C-479; C-480; C-481; C-482; C-483","table-15-4-2-8-comparacion-de-las-raices","S102; S116; S117; S118; S119; S120; S121; S122; S123","n/a","n/a","n/a","n/a","n/a","n/a","n/a","n/a","Caracteres raros y límites."
"R-0097","CONTROL_ESTRUCTURAL","CONTROL_DEFINIDO","C-463; C-464; C-465; C-466; C-467; C-468; C-469; C-470; C-471; C-472; C-473; C-474; C-475; C-476; C-477; C-478; C-479; C-480; C-481; C-482; C-483","table-15-4-2-8-comparacion-de-las-raices","S102; S116; S117; S118; S119; S120; S121; S122; S123","n/a","n/a","CONTROL::R-0097::NODO_EXCEPCION_PESO_POR_CARACTER_RARO","docs/auditorias/controles_requisitos/R-0097.csv","PENDIENTE","PENDIENTE","PENDIENTE","PENDIENTE","Pendiente de prueba nominal automatizada o revisión manual independiente; conservar CONTROL_DEFINIDO."
"R-0098","CIENTIFICO","CUBIERTO","C-484; C-485; C-486; C-487; C-488; C-489; C-490; C-491; C-492; C-493; C-494; C-495; C-496; C-497","table-17-4-6-2-amorphea","S01; S108; S109; S112; S124","n/a","n/a","n/a","n/a","n/a","n/a","n/a","n/a","Circunscripción de Amorphea y posiciones de CRuMs/Ancyromonadida/Malawimonadida."
"R-0099","CIENTIFICO","CUBIERTO","C-491; C-492; C-493; C-494; C-495; C-496; C-497","table-17-4-6-2-amorphea","S108; S109","n/a","n/a","n/a","n/a","n/a","n/a","n/a","n/a","Posiciones y soportes de los linajes huérfanos; reemplaza los C holozoos léxicamente falsos."
"R-0100","CIENTIFICO","CUBIERTO","C-498; C-499; C-500; C-501; C-502; C-503; C-504; C-505; C-506; C-507; C-508; C-509","n/a","S01; S89; S108; S109; S111; S124; S125; S145","n/a","n/a","n/a","n/a","n/a","n/a","n/a","n/a","Historia y circunscripciones de los cinco nombres."
"R-0101","CIENTIFICO","CUBIERTO","C-498; C-499; C-500; C-501; C-502; C-503; C-504; C-505; C-506; C-507; C-508; C-509","n/a","S01; S89; S108; S109; S111; S124; S125; S145","n/a","n/a","n/a","n/a","n/a","n/a","n/a","n/a","Autoría, contenido, diagnóstico y vigencia/abandono."
"R-0102","PADRE","ROLLUP","n/a","n/a","n/a","n/a","n/a","R-0100; R-0101","n/a","n/a","n/a","n/a","n/a","Preferencia editorial sin contenido científico autónomo. Calcular solo desde los hijos exactos R-0100; R-0101; no heredar un rango de sección."
"R-0103","CONTROL_ESTRUCTURAL","CONTROL_DEFINIDO","n/a","table-33-5-4-evidencia-de-interaccion-en-perforaciones-del-grupo-chuar; table-34-5-8-asignacion-fosil-mas-antigua-localizada-por-nodo; table-60-15-2-evidencia-retirada-refutada-o-reinterpretada","n/a","n/a","n/a","CONTROL::R-0103::ANCLA_OBSERVACIONAL_FOSIL","docs/auditorias/controles_requisitos/R-0103.csv","PENDIENTE","PENDIENTE","PENDIENTE","PENDIENTE","Pendiente de prueba nominal automatizada o revisión manual independiente; conservar CONTROL_DEFINIDO."
"R-0104","CONTROL_ESTRUCTURAL","CONTROL_DEFINIDO","C-694; C-695; C-696; C-697; C-698; C-699; C-700; C-701; C-702; C-703; C-704; C-705; C-706; C-707; C-708; C-709; C-710; C-711; C-712; C-713; C-714; C-715; C-716; C-717; C-718; C-719; C-720; C-721; C-722; C-723; C-724; C-725; C-726; C-727; C-728; C-729; C-730; C-731; C-732; C-733; C-734; C-735; C-736; C-737; C-738; C-739; C-740; C-741; C-742; C-743; C-744; C-745; C-746; C-747; C-748; C-749; C-750; C-751; C-752; C-753; C-754; C-755; C-756","table-34-5-8-asignacion-fosil-mas-antigua-localizada-por-nodo","S111; S124; S141; S150; S151; S152; S153; S154; S155; S156; S157; S158; S159; S160; S161; S162; S163; S164; S165; S166; S167; S168; S169; S170; S171; S172; S173; S174; S176; S178; S547","n/a","Q-0171; Q-0172","CONTROL::R-0104::FORMACION_EDAD_METODO_POR_FOSIL","docs/auditorias/controles_requisitos/R-0104.csv","PENDIENTE","PENDIENTE","PENDIENTE","PENDIENTE","Pendiente de prueba nominal automatizada o revisión manual independiente; conservar CONTROL_DEFINIDO."
"R-0105","CIENTIFICO","CUBIERTO","C-694; C-695; C-696; C-697; C-698","n/a","S151; S152; S161","n/a","n/a","n/a","n/a","n/a","n/a","n/a","n/a","Criterios de atribución de acritarchos y límites."
"R-0106","CIENTIFICO","CUBIERTO","C-699; C-700; C-701; C-702; C-703; C-704","n/a","S150; S151; S152; S153","n/a","n/a","n/a","n/a","n/a","n/a","n/a","n/a","Roper, Ruyang y taxones nombrados."
"R-0107","CIENTIFICO","CUBIERTO","C-705; C-706; C-707; C-708; C-709; C-710; C-711; C-712","table-34-5-8-asignacion-fosil-mas-antigua-localizada-por-nodo","S152; S154; S155; S156; S178","n/a","n/a","n/a","n/a","n/a","n/a","n/a","n/a","Candidatos antiguos y discusión."
"R-0108","CONTROL_ESTRUCTURAL","CONTROL_DEFINIDO","C-702; C-707; C-709; C-712","table-34-5-8-asignacion-fosil-mas-antigua-localizada-por-nodo","S150; S152; S154; S178","n/a","n/a","CONTROL::R-0108::PRO_CONTRA_TRONCO_CORONA_POR_CANDIDATO","docs/auditorias/controles_requisitos/R-0108.csv","PENDIENTE","PENDIENTE","PENDIENTE","PENDIENTE","Pendiente de prueba nominal automatizada o revisión manual independiente; conservar CONTROL_DEFINIDO."
"R-0109","CIENTIFICO","CUBIERTO","C-713; C-714; C-715; C-716; C-717; C-718; C-719","table-33-5-4-evidencia-de-interaccion-en-perforaciones-del-grupo-chuar","S157; S158","n/a","n/a","n/a","n/a","n/a","n/a","n/a","n/a","VSM, atribución y perforaciones."
"R-0110","CIENTIFICO","CUBIERTO","C-714; C-715; C-716; C-717; C-718; C-719","table-33-5-4-evidencia-de-interaccion-en-perforaciones-del-grupo-chuar","S158","n/a","n/a","n/a","n/a","n/a","n/a","n/a","n/a","Trabajo, medidas y alternativas."
"R-0111","CIENTIFICO","CUBIERTO","C-720; C-721; C-722; C-723; C-775; C-776","table-34-5-8-asignacion-fosil-mas-antigua-localizada-por-nodo; table-36-6-1-estimaciones-publicadas","S140; S141; S159; S160; S178","n/a","n/a","n/a","n/a","n/a","n/a","n/a","n/a","Bangiomorpha, edad, sexo y sensibilidad de calibración."
"R-0112","CIENTIFICO","CUBIERTO","C-724; C-725; C-726","table-34-5-8-asignacion-fosil-mas-antigua-localizada-por-nodo","S161; S178","n/a","n/a","n/a","n/a","n/a","n/a","n/a","n/a","Ourasphaira y límite de afinidad."
"R-0113","CIENTIFICO","CUBIERTO","C-727; C-728; C-729; C-730","table-34-5-8-asignacion-fosil-mas-antigua-localizada-por-nodo","S162","n/a","n/a","n/a","n/a","n/a","n/a","n/a","n/a","Bicellum y alternativa."
"R-0114","CIENTIFICO","CUBIERTO","C-731; C-732; C-733; C-734; C-735; C-736; C-737; C-738; C-739; C-740","table-34-5-8-asignacion-fosil-mas-antigua-localizada-por-nodo","S163; S164; S165; S166; S167; S168; S169","n/a","n/a","n/a","n/a","n/a","n/a","n/a","n/a","Doushantuo y controversias de los taxones nombrados."
"R-0115","CONTROL_ESTRUCTURAL","CONTROL_DEFINIDO","n/a","n/a","n/a","n/a","n/a","CONTROL::R-0115::LIMITE_TERMINAL_CORREDOR_DOUSHANTUO","docs/auditorias/controles_requisitos/R-0115.csv","PENDIENTE","PENDIENTE","PENDIENTE","PENDIENTE","Pendiente de prueba nominal automatizada o revisión manual independiente; conservar CONTROL_DEFINIDO."
"R-0116","CIENTIFICO","CUBIERTO","C-741; C-742; C-743; C-744; C-745; C-746; C-747; C-748","table-60-15-2-evidencia-retirada-refutada-o-reinterpretada","S170; S171; S172; S173; S174","n/a","n/a","n/a","n/a","n/a","n/a","n/a","n/a","Esteranos, contaminación, protosteroides y C30."
"R-0117","CIENTIFICO","CUBIERTO","C-749; C-750","n/a","S176","n/a","n/a","n/a","n/a","n/a","n/a","n/a","n/a","Dependencia experimental de O2 y límite de extrapolación."
"R-0118","CONTROL_ESTRUCTURAL","CONTROL_DEFINIDO","C-694; C-695; C-696; C-697; C-698; C-699; C-700; C-701; C-702; C-703; C-704; C-705; C-706; C-707; C-708; C-709; C-710; C-711; C-712; C-713; C-714; C-715; C-716; C-717; C-718; C-719; C-720; C-721; C-722; C-723; C-724; C-725; C-726; C-727; C-728; C-729; C-730; C-731; C-732; C-733; C-734; C-735; C-736; C-737; C-738; C-739; C-740; C-741; C-742; C-743; C-744; C-745; C-746; C-747; C-748; C-749; C-750","table-33-5-4-evidencia-de-interaccion-en-perforaciones-del-grupo-chuar; table-34-5-8-asignacion-fosil-mas-antigua-localizada-por-nodo; table-60-15-2-evidencia-retirada-refutada-o-reinterpretada","S141; S150; S151; S152; S153; S154; S155; S156; S157; S158; S159; S160; S161; S162; S163; S164; S165; S166; S167; S168; S169; S170; S171; S172; S173; S174; S176; S178","n/a","n/a","CONTROL::R-0118::OBSERVADO_INFERIDO_DATACION_INCERTIDUMBRE_DISPUTA","docs/auditorias/controles_requisitos/R-0118.csv","PENDIENTE","PENDIENTE","PENDIENTE","PENDIENTE","Pendiente de prueba nominal automatizada o revisión manual independiente; conservar CONTROL_DEFINIDO."
"R-0119","CONTROL_ESTRUCTURAL","CONTROL_DEFINIDO","C-755; C-756","table-34-5-8-asignacion-fosil-mas-antigua-localizada-por-nodo","S111; S124","n/a","Q-0171; Q-0172","CONTROL::R-0119::FOSIL_MAS_ANTIGUO_O_AUSENCIA_POR_NODO","docs/auditorias/controles_requisitos/R-0119.csv","PENDIENTE","PENDIENTE","PENDIENTE","PENDIENTE","Pendiente de prueba nominal automatizada o revisión manual independiente; conservar CONTROL_DEFINIDO."
"R-0120","CIENTIFICO","HUECO_ACTIVO","C-757; C-758; C-759; C-760; C-761; C-762; C-763; C-764; C-765; C-766; C-767; C-768; C-769; C-770; C-771; C-772; C-773; C-774; C-775; C-776; C-777; C-778; C-779; C-780; C-781; C-782; C-783; C-784; C-785; C-786; C-787; C-788; C-789; C-790; C-791; C-792","table-36-6-1-estimaciones-publicadas; table-61-15-3-nodos-fechas-y-relaciones-debiles","S139; S140; S141; S142; S160; S171; S177; S178; S179; S181; S500; S548","BN-025; BN-031","n/a","n/a","n/a","n/a","n/a","n/a","n/a","Hay estimaciones de LECA y algunos nodos; verificar que table-61 cubra cada nodo del corredor con intervalo publicado o ausencia. Los nodos sin edad corona quedan delimitados por BN-025 y BN-031."
"R-0121","CONTROL_ESTRUCTURAL","CONTROL_DEFINIDO","C-757; C-758; C-759; C-760; C-761; C-762; C-763; C-764; C-765; C-766; C-767; C-768; C-769; C-770; C-771; C-772; C-773; C-786; C-787; C-788; C-789; C-790; C-791; C-792","table-36-6-1-estimaciones-publicadas","S139; S140; S141; S142; S177; S178; S179; S181; S548","n/a","n/a","CONTROL::R-0121::MULTIPLES_ESTUDIOS_Y_SOLAPAMIENTO","docs/auditorias/controles_requisitos/R-0121.csv","PENDIENTE","PENDIENTE","PENDIENTE","PENDIENTE","Pendiente de prueba nominal automatizada o revisión manual independiente; conservar CONTROL_DEFINIDO."
"R-0122","CONTROL_ESTRUCTURAL","CONTROL_DEFINIDO","C-759; C-766; C-777; C-778; C-779; C-780; C-786; C-787; C-788; C-789; C-790; C-791; C-792","table-36-6-1-estimaciones-publicadas","S140; S141; S142; S177; S548","n/a","n/a","CONTROL::R-0122::METODO_CALIBRACION_MUESTREO_POR_ESTIMACION","docs/auditorias/controles_requisitos/R-0122.csv","PENDIENTE","PENDIENTE","PENDIENTE","PENDIENTE","Pendiente de prueba nominal automatizada o revisión manual independiente; conservar CONTROL_DEFINIDO."
"R-0123","CIENTIFICO","CUBIERTO","C-723; C-775; C-776","table-36-6-1-estimaciones-publicadas","S140; S141; S160; S178","n/a","n/a","n/a","n/a","n/a","n/a","n/a","n/a","Peso y sensibilidad de Bangiomorpha."
"R-0124","CIENTIFICO","CUBIERTO","C-769; C-770; C-771; C-772; C-773; C-784","table-36-6-1-estimaciones-publicadas","S139; S140; S141; S171; S178; S179; S181","n/a","n/a","n/a","n/a","n/a","n/a","n/a","n/a","Desacuerdo fósil/reloj."
"R-0125","CIENTIFICO","CUBIERTO","C-769; C-770; C-784","n/a","S171; S178; S179","n/a","n/a","n/a","n/a","n/a","n/a","n/a","n/a","Conciliación tronco/corona y origen tardío."
"R-0126","CONTROL_ESTRUCTURAL","CONTROL_DEFINIDO","n/a","n/a","n/a","n/a","n/a","CONTROL::R-0126::ETIQUETA_CONTROVERSIA_SIN_CIERRE","docs/auditorias/controles_requisitos/R-0126.csv","PENDIENTE","PENDIENTE","PENDIENTE","PENDIENTE","Pendiente de prueba nominal automatizada o revisión manual independiente; conservar CONTROL_DEFINIDO."
"R-0127","CIENTIFICO","CUBIERTO","C-766; C-769; C-777; C-778; C-779; C-780; C-781; C-782; C-783","n/a","S140; S141; S142; S177; S178","n/a","n/a","n/a","n/a","n/a","n/a","n/a","n/a","Cobertura positiva suficiente con modelos/priores, ausencia de fósiles diagnósticos, saturación, heterotaquia y outgroup; conservar los límites."
"R-0128","CONTROL_ESTRUCTURAL","CONTROL_DEFINIDO","C-772; C-773; C-774","table-36-6-1-estimaciones-publicadas","S139; S140; S141; S178","n/a","n/a","CONTROL::R-0128::NO_PROMEDIAR_NO_CONSENSO_ARTIFICIAL","docs/auditorias/controles_requisitos/R-0128.csv","PENDIENTE","PENDIENTE","PENDIENTE","PENDIENTE","Pendiente de prueba nominal automatizada o revisión manual independiente; conservar CONTROL_DEFINIDO."
"R-0129","CONTROL_ESTRUCTURAL","CONTROL_DEFINIDO","C-757; C-758; C-759; C-760; C-761; C-762; C-763; C-764; C-765; C-766; C-767; C-768; C-769; C-770; C-771; C-772; C-773; C-774; C-775; C-776; C-777; C-778; C-779; C-780; C-781; C-782; C-783; C-784; C-785; C-786; C-787; C-788; C-789; C-790; C-791; C-792","table-36-6-1-estimaciones-publicadas","S139; S140; S141; S142; S160; S171; S177; S178; S179; S181; S500; S548","n/a","n/a","CONTROL::R-0129::FILA_POR_ESTIMACION_CON_CAMPOS_COMPLETOS","docs/auditorias/controles_requisitos/R-0129.csv","PENDIENTE","PENDIENTE","PENDIENTE","PENDIENTE","Pendiente de prueba nominal automatizada o revisión manual independiente; conservar CONTROL_DEFINIDO."
"R-0130","CONTROL_ESTRUCTURAL","CONTROL_DEFINIDO","n/a","n/a","n/a","n/a","n/a","CONTROL::R-0130::CONDICIONAL_ORDEN_MAGNITUD","docs/auditorias/controles_requisitos/R-0130.csv","PENDIENTE","PENDIENTE","PENDIENTE","PENDIENTE","Pendiente de prueba nominal automatizada o revisión manual independiente; conservar CONTROL_DEFINIDO."
"R-0131","CONTROL_ESTRUCTURAL","CONTROL_DEFINIDO","C-772","table-36-6-1-estimaciones-publicadas","S139; S140; S141; S178","n/a","n/a","CONTROL::R-0131::FRASE_NO_EXISTE_CONSENSO","docs/auditorias/controles_requisitos/R-0131.csv","PENDIENTE","PENDIENTE","PENDIENTE","PENDIENTE","Pendiente de prueba nominal automatizada o revisión manual independiente; conservar CONTROL_DEFINIDO."
"R-0132","PADRE","ROLLUP","n/a","n/a","n/a","n/a","n/a","R-0134; R-0135; R-0136; R-0137; R-0138; R-0139; R-0140; R-0141; R-0142; R-0143; R-0144; R-0145; R-0146; R-0147; R-0148; R-0149; R-0150; R-0151; R-0152; R-0153; R-0154","n/a","n/a","n/a","n/a","n/a","Mandato transversal de ambiente evaluado en hijos y controles. Calcular solo desde los hijos exactos R-0134; R-0135; R-0136; R-0137; R-0138; R-0139; R-0140; R-0141; R-0142; R-0143; R-0144; R-0145; R-0146; R-0147; R-0148; R-0149; R-0150; R-0151; R-0152; R-0153; R-0154; no heredar un rango de sección."
"R-0133","CONTROL_ESTRUCTURAL","CONTROL_DEFINIDO","n/a","table-38-7-1-oxigeno-cronologia-proxies-y-discrepancias-cuantitativas","n/a","n/a","n/a","CONTROL::R-0133::PRESERVAR_UNIDADES_PUBLICADAS","docs/auditorias/controles_requisitos/R-0133.csv","PENDIENTE","PENDIENTE","PENDIENTE","PENDIENTE","Pendiente de prueba nominal automatizada o revisión manual independiente; conservar CONTROL_DEFINIDO."
"R-0134","CIENTIFICO","CUBIERTO","C-793; C-794; C-795; C-796; C-797; C-798; C-799; C-800; C-801; C-802; C-803; C-841","table-38-7-1-oxigeno-cronologia-proxies-y-discrepancias-cuantitativas; table-38c-7-4-episodios-globales","S182; S183; S184; S185; S194; S195; S462","n/a","n/a","n/a","n/a","n/a","n/a","n/a","n/a","Cronología GOE/Lomagundi, descenso, baja pO2 y señal neoproterozoica."
"R-0135","CIENTIFICO","CUBIERTO","C-793; C-794; C-795; C-796; C-797; C-798; C-799; C-800; C-801; C-802; C-803; C-808; C-809; C-810; C-811; C-812; C-813; C-814; C-841; C-842; C-1939; C-1940; C-1941; C-1942; C-1944","table-38-7-1-oxigeno-cronologia-proxies-y-discrepancias-cuantitativas; table-38b-7-2-redox-y-aceptores","S182; S183; S184; S185; S186; S187; S188; S189; S194; S195; S462; S503; S554; S555; S556; S557; S558","n/a","n/a","n/a","n/a","n/a","n/a","n/a","n/a","Cobertura positiva por período, medio y proxy para O2 atmosférico y somero, incluido >1 µM en superficie paleoproterozoica durante Lomagundi (~2,22–2,10 Ga), junto con Cr/Fe/S/Mo/U y discrepancias. No construir una serie homogénea, no promediar ni extrapolar a océano profundo/global."
"R-0136","CIENTIFICO","CUBIERTO","C-804; C-838; C-840; C-843; C-1938","table-38-7-1-oxigeno-cronologia-proxies-y-discrepancias-cuantitativas","S27; S176; S461; S464; S553","n/a","n/a","n/a","n/a","n/a","n/a","n/a","n/a","Cobertura positiva de respiración/jerarquía redox, esteroles, incorporación de 18O2 en hidroxilación de modelos de colágeno y defensas ROS/SOD/catalasa. Conservar límites: modelo de colágeno no es umbral universal; inventario MAG no demuestra actividad, coste ni estado ancestral."
"R-0137","CIENTIFICO","CUBIERTO","C-804; C-805; C-806; C-807; C-837; C-838; C-839","table-38-7-1-oxigeno-cronologia-proxies-y-discrepancias-cuantitativas","S176; S199; S461","n/a","n/a","n/a","n/a","n/a","n/a","n/a","n/a","Pasteur, esteroles y límites fisiológicos comparados."
"R-0138","CONTROL_ESTRUCTURAL","CONTROL_DEFINIDO","C-804; C-805; C-806; C-807; C-837; C-838; C-839","table-38-7-1-oxigeno-cronologia-proxies-y-discrepancias-cuantitativas","S176; S199; S461","n/a","n/a","CONTROL::R-0138::VALOR_Y_AUTORIA_UMBRAL","docs/auditorias/controles_requisitos/R-0138.csv","PENDIENTE","PENDIENTE","PENDIENTE","PENDIENTE","Pendiente de prueba nominal automatizada o revisión manual independiente; conservar CONTROL_DEFINIDO."
"R-0139","CONTROL_ESTRUCTURAL","CONTROL_DEFINIDO","n/a","table-38-7-1-oxigeno-cronologia-proxies-y-discrepancias-cuantitativas","n/a","n/a","n/a","CONTROL::R-0139::NO_REDONDEAR_NI_CONVERTIR_UMBRALES","docs/auditorias/controles_requisitos/R-0139.csv","PENDIENTE","PENDIENTE","PENDIENTE","PENDIENTE","Pendiente de prueba nominal automatizada o revisión manual independiente; conservar CONTROL_DEFINIDO."
"R-0140","CIENTIFICO","CUBIERTO","C-808; C-809; C-810; C-811; C-812","n/a","S186; S187; S188","n/a","n/a","n/a","n/a","n/a","n/a","n/a","n/a","Modelo euxínico, alternativa ferruginosa y debate."
"R-0141","CIENTIFICO","HUECO_ACTIVO","C-808; C-809; C-810; C-811; C-812; C-813; C-814; C-842","n/a","S186; S187; S188; S189; S503","BN-097","n/a","n/a","n/a","n/a","n/a","n/a","n/a","Incluye fracciones modeladas y límites del denominador; no reconstruye profundidades ni cambio completo a lo largo de todo el intervalo."
"R-0142","CIENTIFICO","CUBIERTO","C-843; C-844","table-38b-7-2-redox-y-aceptores","S464","n/a","n/a","n/a","n/a","n/a","n/a","n/a","n/a","Orden energético y dependencia termodinámica."
"R-0143","CIENTIFICO","HUECO_ACTIVO","C-814; C-815; C-816; C-817; C-818; C-819; C-820; C-845; C-846; C-847","n/a","S189; S190; S191; S192; S193; S465; S466; S502","BN-096","n/a","n/a","n/a","n/a","n/a","n/a","n/a","Cubre propuestas Mo/Cu/Zn, P y experimentos; no existe serie homogénea de Mo, Fe, Cu, Zn, Ni y Co para todo el Proterozoico."
"R-0144","CIENTIFICO","CUBIERTO","C-821; C-822","n/a","S171; S189; S194","n/a","n/a","n/a","n/a","n/a","n/a","n/a","n/a","Estabilidad relativa y revisión por protosteroides."
"R-0145","CIENTIFICO","CUBIERTO","C-794; C-795; C-796; C-797; C-823; C-824; C-825; C-826; C-848; C-849","table-38c-7-4-episodios-globales","S168; S195; S196; S197; S198; S463; S467","n/a","n/a","n/a","n/a","n/a","n/a","n/a","n/a","Huroniana, Sturtiana, Marinoana, Lomagundi y Shuram con incertidumbres."
"R-0146","CIENTIFICO","HUECO_ACTIVO","C-821; C-827","table-38c-7-4-episodios-globales","S189; S194; S501","BN-095","n/a","n/a","n/a","n/a","n/a","n/a","n/a","Hay estabilidad relativa y una temperatura local por proxy; no una temperatura global/continua del intervalo."
"R-0147","CIENTIFICO","CUBIERTO","C-278; C-288; C-828; C-829; C-830; C-850","n/a","S27; S85; S87; S141; S176; S210","n/a","n/a","n/a","n/a","n/a","n/a","n/a","n/a","Modelos aerobios/anaerobios, ambientes y límites de localización."
"R-0148","CIENTIFICO","CUBIERTO","C-278; C-288; C-828; C-850","n/a","S27; S85; S87; S141","n/a","n/a","n/a","n/a","n/a","n/a","n/a","n/a","Hipótesis del hidrógeno y contraste metabólico."
"R-0149","CIENTIFICO","HUECO_ACTIVO","C-834; C-1943","n/a","S552","n/a","Q-0174","n/a","n/a","n/a","n/a","n/a","n/a","Conservar Q-0174 como hueco activo: S552 resuelve Amorphea y parte de Choanoflagellata, pero no una reconstrucción homogénea para Obazoa, Opisthokonta, Holozoa, Filozoa y todos los nodos terminales. No imputar estados por parsimonia."
"R-0150","CIENTIFICO","CUBIERTO","C-834","n/a","S552","n/a","n/a","n/a","n/a","n/a","n/a","n/a","n/a","C-834/S552 responde con un vector coordinado de transición de hábitat; mantener explícito que no estima una transición independiente para cada nodo ni permite sumar tasas entre clados."
"R-0151","CIENTIFICO","HUECO_ACTIVO","C-836","n/a","S505","BN-099","n/a","n/a","n/a","n/a","n/a","n/a","n/a","La fuente cartografía distribución, pero no estima distancia/tasa de dispersión."
"R-0152","CIENTIFICO","HUECO_ACTIVO","C-835","n/a","S504","BN-098","n/a","n/a","n/a","n/a","n/a","n/a","n/a","Ocurrencias/riqueza no equivalen a densidad celular."
"R-0153","CONTROL_ESTRUCTURAL","CONTROL_DEFINIDO","C-835","n/a","S504","BN-098","n/a","CONTROL::R-0153::DECLARAR_AUSENCIA_DENSIDAD","docs/auditorias/controles_requisitos/R-0153.csv","PENDIENTE","PENDIENTE","PENDIENTE","PENDIENTE","Pendiente de prueba nominal automatizada o revisión manual independiente; conservar CONTROL_DEFINIDO."
"R-0154","CONTROL_ESTRUCTURAL","CONTROL_DEFINIDO","C-793; C-794; C-795; C-796; C-797; C-798; C-799; C-800; C-801; C-802; C-803; C-804; C-805; C-806; C-807; C-808; C-809; C-810; C-811; C-812; C-813; C-814; C-815; C-816; C-817; C-818; C-819; C-820; C-821; C-822; C-823; C-824; C-825; C-826; C-827; C-828; C-829; C-830; C-831; C-832; C-833; C-834; C-835; C-836; C-837; C-838; C-839; C-840; C-841; C-842; C-843; C-844; C-845; C-846; C-847; C-848; C-849; C-850","table-38-7-1-oxigeno-cronologia-proxies-y-discrepancias-cuantitativas; table-38b-7-2-redox-y-aceptores; table-38c-7-4-episodios-globales","S27; S85; S87; S141; S168; S171; S176; S182; S183; S184; S185; S186; S187; S188; S189; S190; S191; S192; S193; S194; S195; S196; S197; S198; S199; S200; S206; S210; S461; S462; S463; S464; S465; S466; S467; S501; S502; S503; S504; S505; S552","BN-095; BN-096; BN-097; BN-098; BN-099","n/a","CONTROL::R-0154::MEDIDO_RECONSTRUIDO_PROXY_SUPUESTOS_POR_FACTOR","docs/auditorias/controles_requisitos/R-0154.csv","PENDIENTE","PENDIENTE","PENDIENTE","PENDIENTE","Pendiente de prueba nominal automatizada o revisión manual independiente; conservar CONTROL_DEFINIDO."
"R-0155","PADRE","ROLLUP","n/a","n/a","n/a","n/a","n/a","R-0156; R-0157; R-0158; R-0159; R-0160; R-0161; R-0162; R-0163; R-0164; R-0165; R-0166; R-0167; R-0168; R-0169; R-0170; R-0171; R-0172; R-0173; R-0174; R-0175; R-0176; R-0177; R-0178; R-0179; R-0180; R-0181; R-0182; R-0183; R-0184; R-0185; R-0186; R-0187; R-0188","n/a","n/a","n/a","n/a","n/a","Preferencia editorial; evaluar contenido en hijos. Calcular solo desde los hijos exactos R-0156; R-0157; R-0158; R-0159; R-0160; R-0161; R-0162; R-0163; R-0164; R-0165; R-0166; R-0167; R-0168; R-0169; R-0170; R-0171; R-0172; R-0173; R-0174; R-0175; R-0176; R-0177; R-0178; R-0179; R-0180; R-0181; R-0182; R-0183; R-0184; R-0185; R-0186; R-0187; R-0188; no heredar un rango de sección."
"R-0156","CIENTIFICO","CUBIERTO","C-851; C-852; C-884; C-900; C-902; C-934; C-936; C-948; C-949; C-950; C-951; C-952; C-953; C-954; C-955; C-969; C-970; C-971","table-40-8-3-depredadores-holozoos-obazoa-holomycota-y-amoebozoa","S129; S132; S147; S200; S210; S214; S231; S232; S233; S468; S469; S470; S471; S475; S478; S479","n/a","n/a","n/a","n/a","n/a","n/a","n/a","n/a","Tabla y C documentan modos en organismos; no equivalen a estados ancestrales de todos los nodos."
"R-0157","CONTROL_ESTRUCTURAL","CONTROL_DEFINIDO","n/a","table-40-8-3-depredadores-holozoos-obazoa-holomycota-y-amoebozoa","n/a","n/a","n/a","CONTROL::R-0157::MODO_GANANCIA_PERDIDA_POR_NODO","docs/auditorias/controles_requisitos/R-0157.csv","PENDIENTE","PENDIENTE","PENDIENTE","PENDIENTE","Pendiente de prueba nominal automatizada o revisión manual independiente; conservar CONTROL_DEFINIDO."
"R-0158","CIENTIFICO","CUBIERTO","C-713; C-714; C-715; C-716; C-717; C-718; C-719; C-905","table-33-5-4-evidencia-de-interaccion-en-perforaciones-del-grupo-chuar","S157; S158","n/a","n/a","n/a","n/a","n/a","n/a","n/a","n/a","Daño fósil compatible con depredación y límites de identidad."
"R-0159","CIENTIFICO","CUBIERTO","C-694; C-695; C-696; C-697; C-698; C-713; C-714; C-715; C-716; C-717; C-718; C-719; C-905; C-906; C-907; C-908; C-909; C-910; C-911","table-33-5-4-evidencia-de-interaccion-en-perforaciones-del-grupo-chuar","S151; S152; S157; S158; S161; S178; S224","n/a","n/a","n/a","n/a","n/a","n/a","n/a","n/a","Perforaciones, paredes/ornamentación, tamaños e interpretación indirecta."
"R-0160","CONTROL_ESTRUCTURAL","CONTROL_DEFINIDO","C-714; C-715; C-716; C-717; C-718; C-719","table-33-5-4-evidencia-de-interaccion-en-perforaciones-del-grupo-chuar","S158","n/a","n/a","CONTROL::R-0160::CAMPOS_DEPREDACION_FOSIL_POR_CASO","docs/auditorias/controles_requisitos/R-0160.csv","PENDIENTE","PENDIENTE","PENDIENTE","PENDIENTE","Pendiente de prueba nominal automatizada o revisión manual independiente; conservar CONTROL_DEFINIDO."
"R-0161","CIENTIFICO","HUECO_ACTIVO","C-256; C-273; C-300; C-418; C-905; C-906; C-907; C-908; C-1945","n/a","S58; S59; S79; S84; S89; S152; S158; S178","n/a","Q-0175","n/a","n/a","n/a","n/a","n/a","n/a","Conservar Q-0175 como hueco activo: no se localizó «principio de recorte/pruning principle» como término estable. Mantener separados los modelos fagotróficos, la fisiología y la escalada depredador–presa."
"R-0162","CONTROL_ESTRUCTURAL","CONTROL_DEFINIDO","C-905; C-906; C-907; C-908","n/a","S152; S158; S178","n/a","n/a","CONTROL::R-0162::PREDICCION_APOYO_FALSADOR_POR_HIPOTESIS_DEPREDACION","docs/auditorias/controles_requisitos/R-0162.csv","PENDIENTE","PENDIENTE","PENDIENTE","PENDIENTE","Pendiente de prueba nominal automatizada o revisión manual independiente; conservar CONTROL_DEFINIDO."
"R-0163","CIENTIFICO","HUECO_ACTIVO","C-909; C-910; C-911; C-912; C-956; C-957; C-958","table-40-8-3-depredadores-holozoos-obazoa-holomycota-y-amoebozoa","S132; S158; S224; S477; S506","BN-102","n/a","n/a","n/a","n/a","n/a","n/a","n/a","Hay razones depredador:presa y tasas concretas; faltan rangos comparables completos y costes físicos por tamaño."
"R-0164","CIENTIFICO","CUBIERTO","C-706; C-715; C-718","n/a","S154; S158","n/a","n/a","n/a","n/a","n/a","n/a","n/a","n/a","C-706 aporta tamaño corporal cuantificado (n=262, 20–194 µm, media 73 µm, DE 29 µm). C-715/C-718 son solo contexto de rangos observados de perforaciones, no margen SE/SD/IC ni tamaño corporal."
"R-0165","PADRE","ROLLUP","n/a","n/a","n/a","n/a","n/a","R-0166; R-0167","n/a","n/a","n/a","n/a","n/a","Encabezado de virus/elementos móviles. Calcular solo desde los hijos exactos R-0166; R-0167; no heredar un rango de sección."
"R-0166","CIENTIFICO","HUECO_ACTIVO","C-337; C-913; C-914; C-915; C-916; C-917; C-918; C-919; C-920; C-921; C-922; C-923; C-924; C-925; C-926; C-927; C-959; C-960; C-961; C-962; C-963; C-964; C-965; C-966; C-967; C-968","table-40b-8-5-virus-gigantes","S94; S95; S216; S217; S218; S219; S220; S221; S222; S472; S473; S474","BN-101","Q-0173","n/a","n/a","n/a","n/a","n/a","n/a","Bucle viral, virus asgard/gigantes, elementos móviles e inmunidad/procedencia."
"R-0167","CONTROL_ESTRUCTURAL","CONTROL_DEFINIDO","C-337; C-918; C-919; C-920; C-921; C-922; C-923; C-924; C-925","table-40b-8-5-virus-gigantes","S94; S95; S218; S219; S220; S474","n/a","n/a","CONTROL::R-0167::HOMOLOGIA_ANALOGIA_POR_SISTEMA","docs/auditorias/controles_requisitos/R-0167.csv","PENDIENTE","PENDIENTE","PENDIENTE","PENDIENTE","Pendiente de prueba nominal automatizada o revisión manual independiente; conservar CONTROL_DEFINIDO."
"R-0168","PADRE","ROLLUP","n/a","n/a","n/a","n/a","n/a","R-0169; R-0170; R-0171","n/a","n/a","n/a","n/a","n/a","Encabezado respuesta/cambio heredable. Calcular solo desde los hijos exactos R-0169; R-0170; R-0171; no heredar un rango de sección."
"R-0169","CIENTIFICO","CUBIERTO","C-853; C-854; C-855; C-856; C-857; C-858; C-859; C-860; C-861; C-862; C-863; C-864; C-865; C-866; C-867; C-868; C-869; C-870; C-871; C-872; C-873; C-874; C-875; C-878; C-879; C-880; C-881; C-882; C-883; C-884; C-885; C-886; C-928; C-929; C-930; C-931; C-932","table-40-8-3-depredadores-holozoos-obazoa-holomycota-y-amoebozoa","S129; S132; S200; S201; S202; S203; S204; S206; S207; S208; S209; S427","n/a","n/a","n/a","n/a","n/a","n/a","n/a","n/a","Respuestas, ciclos y reversibilidad documentada."
"R-0170","CONTROL_ESTRUCTURAL","CONTROL_DEFINIDO","C-855; C-856; C-857; C-858; C-859; C-860; C-861; C-862; C-863; C-864; C-865; C-866; C-867; C-868; C-869; C-870; C-871; C-872; C-873; C-874; C-875; C-878; C-879; C-880; C-881; C-882; C-883; C-884; C-885; C-886; C-928; C-929; C-930; C-931; C-932; C-933","table-40-8-3-depredadores-holozoos-obazoa-holomycota-y-amoebozoa","S129; S132; S200; S201; S202; S203; S204; S206; S207; S208; S209; S427","BN-083","n/a","CONTROL::R-0170::SENAL_TIEMPO_REVERSIBILIDAD_COSTE_LINAJE_POR_CASO","docs/auditorias/controles_requisitos/R-0170.csv","PENDIENTE","PENDIENTE","PENDIENTE","PENDIENTE","Pendiente de prueba nominal automatizada o revisión manual independiente; conservar CONTROL_DEFINIDO."
"R-0171","CIENTIFICO","HUECO_ACTIVO","C-875; C-928; C-929; C-930; C-931; C-932; C-933","n/a","S200; S201; S203; S204; S206; S208; S427","BN-083","n/a","n/a","n/a","n/a","n/a","n/a","n/a","Límites documentados solo en algunos sistemas; C-970 (parasitismo) era un falso destino."
"R-0172","PADRE","ROLLUP","n/a","n/a","n/a","n/a","n/a","R-0173; R-0174; R-0175; R-0176; R-0177; R-0178; R-0179; R-0180; R-0181; R-0182; R-0183; R-0184; R-0185; R-0186; R-0187; R-0188","n/a","n/a","n/a","n/a","n/a","Encabezado de fichas por organismo. Calcular solo desde los hijos exactos R-0173; R-0174; R-0175; R-0176; R-0177; R-0178; R-0179; R-0180; R-0181; R-0182; R-0183; R-0184; R-0185; R-0186; R-0187; R-0188; no heredar un rango de sección."
"R-0173","CONTROL_ESTRUCTURAL","CONTROL_DEFINIDO","C-851; C-852; C-853; C-854; C-855; C-856; C-857; C-858; C-859; C-860; C-861; C-862; C-863; C-864; C-865; C-866; C-867; C-868; C-869; C-870; C-871; C-872; C-873; C-874; C-875; C-876; C-877; C-878; C-879; C-880; C-881; C-882; C-883; C-884; C-885; C-886; C-887; C-888; C-889; C-890; C-891; C-892; C-893; C-894; C-895; C-896; C-897; C-898; C-899; C-900; C-901; C-902; C-903; C-904; C-905; C-906; C-907; C-908; C-909; C-910; C-911; C-912; C-913; C-914; C-915; C-916; C-917; C-918; C-919; C-920; C-921; C-922; C-923; C-924; C-925; C-926; C-927; C-928; C-929; C-930; C-931; C-932; C-933; C-934; C-935; C-936; C-937; C-938; C-939; C-940; C-941; C-942; C-943; C-944; C-945; C-946; C-947; C-948; C-949; C-950; C-951; C-952; C-953; C-954; C-955","table-40-8-3-depredadores-holozoos-obazoa-holomycota-y-amoebozoa","S113; S114; S129; S131; S132; S147; S152; S158; S178; S200; S201; S202; S203; S204; S206; S207; S208; S209; S210; S211; S212; S213; S214; S215; S216; S217; S218; S219; S220; S221; S222; S224; S231; S232; S233; S427; S468; S469; S470; S471; S474; S475; S476; S478; S479; S506","BN-102","Q-0173","CONTROL::R-0173::CAMPOS_ECOLOGIA_ALIMENTACION_HOSPEDADOR_CICLO_APORTE","docs/auditorias/controles_requisitos/R-0173.csv","PENDIENTE","PENDIENTE","PENDIENTE","PENDIENTE","Pendiente de prueba nominal automatizada o revisión manual independiente; conservar CONTROL_DEFINIDO."
"R-0174","CIENTIFICO","CUBIERTO","C-851; C-852; C-853; C-854; C-855; C-856; C-857; C-858; C-859; C-860; C-861; C-862; C-863; C-864; C-865; C-866; C-867; C-868; C-869","table-40-8-3-depredadores-holozoos-obazoa-holomycota-y-amoebozoa","S147; S200; S201; S202; S203; S204","n/a","n/a","n/a","n/a","n/a","n/a","n/a","n/a","Tres coanoflagelados y rasgos pedidos."
"R-0175","CIENTIFICO","CUBIERTO","C-855; C-856; C-857; C-858; C-859; C-860; C-861; C-862; C-863; C-864; C-865","table-40-8-3-depredadores-holozoos-obazoa-holomycota-y-amoebozoa","S201; S202; S203","n/a","n/a","n/a","n/a","n/a","n/a","n/a","n/a","Dos inducciones bacterianas en S. rosetta."
"R-0176","CONTROL_ESTRUCTURAL","CONTROL_DEFINIDO","C-855; C-856; C-857; C-858; C-859; C-860; C-861; C-862; C-863; C-864; C-865","table-40-8-3-depredadores-holozoos-obazoa-holomycota-y-amoebozoa","S201; S202; S203","BN-100","n/a","CONTROL::R-0176::MOLECULA_BACTERIA_EFECTO_DOSIS_POR_INDUCCION","docs/auditorias/controles_requisitos/R-0176.csv","PENDIENTE","PENDIENTE","PENDIENTE","PENDIENTE","Pendiente de prueba nominal automatizada o revisión manual independiente; conservar CONTROL_DEFINIDO."
"R-0177","CIENTIFICO","CUBIERTO","C-832; C-833; C-870; C-871; C-872; C-873; C-874; C-875; C-876; C-877","table-40-8-3-depredadores-holozoos-obazoa-holomycota-y-amoebozoa; table-60-15-2-evidencia-retirada-refutada-o-reinterpretada","S206; S212","n/a","n/a","n/a","n/a","n/a","n/a","n/a","n/a","Capsaspora y Ministeria, incluido pedúnculo reinterpretado."
"R-0178","CIENTIFICO","CUBIERTO","C-878; C-879; C-880; C-881; C-882; C-883; C-934; C-935; C-936; C-937; C-938; C-939","table-40-8-3-depredadores-holozoos-obazoa-holomycota-y-amoebozoa","S207; S208; S209; S468; S469; S475","n/a","n/a","n/a","n/a","n/a","n/a","n/a","n/a","Taxones y ciclos de Ichthyosporea."
"R-0179","CONTROL_ESTRUCTURAL","CONTROL_DEFINIDO","C-934; C-935; C-936; C-937; C-938; C-939","table-40-8-3-depredadores-holozoos-obazoa-holomycota-y-amoebozoa","S468; S469; S475","n/a","n/a","CONTROL::R-0179::RELACION_HOSPEDADOR_POR_ICTIOSPOREO","docs/auditorias/controles_requisitos/R-0179.csv","PENDIENTE","PENDIENTE","PENDIENTE","PENDIENTE","Pendiente de prueba nominal automatizada o revisión manual independiente; conservar CONTROL_DEFINIDO."
"R-0180","CIENTIFICO","CUBIERTO","C-884; C-885; C-886; C-940; C-941; C-942; C-943; C-944; C-945; C-956","table-40-8-3-depredadores-holozoos-obazoa-holomycota-y-amoebozoa","S129; S132; S476","n/a","n/a","n/a","n/a","n/a","n/a","n/a","n/a","Corallochytrium, Syssomonas y Pigoraptor."
"R-0181","CIENTIFICO","CUBIERTO","C-885; C-886; C-956","table-40-8-3-depredadores-holozoos-obazoa-holomycota-y-amoebozoa","S132","n/a","n/a","n/a","n/a","n/a","n/a","n/a","n/a","Fusión, agregación y alimentación conjunta/tamaño."
"R-0182","CIENTIFICO","CUBIERTO","C-887; C-888; C-889","table-40-8-3-depredadores-holozoos-obazoa-holomycota-y-amoebozoa","S129; S131","n/a","n/a","n/a","n/a","n/a","n/a","n/a","n/a","Tunicaraptor, depredación y posición incierta."
"R-0183","CIENTIFICO","HUECO_ACTIVO","C-946","table-40-8-3-depredadores-holozoos-obazoa-holomycota-y-amoebozoa","S113","BN-102","n/a","n/a","n/a","n/a","n/a","n/a","n/a","Descripción morfológica sin presa/tasa localizada."
"R-0184","CIENTIFICO","CUBIERTO","C-890; C-891; C-892; C-893; C-894; C-895; C-947","table-40-8-3-depredadores-holozoos-obazoa-holomycota-y-amoebozoa","S114; S210; S211","n/a","n/a","n/a","n/a","n/a","n/a","n/a","n/a","Breviata, Pygsuia y Lenisia–Arcobacter."
"R-0185","CIENTIFICO","CUBIERTO","C-890; C-891; C-892; C-893","table-40-8-3-depredadores-holozoos-obazoa-holomycota-y-amoebozoa","S210","n/a","n/a","n/a","n/a","n/a","n/a","n/a","n/a","Análogo sintrófico actual y límite de inferencia."
"R-0186","CIENTIFICO","CUBIERTO","C-896; C-898; C-899; C-900; C-901; C-902; C-948; C-949; C-950; C-951","table-40-8-3-depredadores-holozoos-obazoa-holomycota-y-amoebozoa","S206; S213; S214; S215; S478; S479","n/a","n/a","n/a","n/a","n/a","n/a","n/a","n/a","Cubre principales casos; verificar que quítridos flagelados y Nuclearia tengan todos los campos de ficha."
"R-0187","CIENTIFICO","CUBIERTO","C-897; C-903; C-904; C-952; C-953; C-954; C-955; C-1537; C-1539; C-1540; C-1541; C-1542; C-1543","table-40-8-3-depredadores-holozoos-obazoa-holomycota-y-amoebozoa","S206; S215; S231; S232; S233; S430; S431; S470; S471","n/a","n/a","n/a","n/a","n/a","n/a","n/a","n/a","Cobertura positiva suficiente: identidad y ecología de los amoebozoos, cuerpo fructífero, tramposos y mitigación/castigo por relación alta y reconocimiento de parentesco."
"R-0188","CONTROL_ESTRUCTURAL","CONTROL_DEFINIDO","n/a","table-40-8-3-depredadores-holozoos-obazoa-holomycota-y-amoebozoa","n/a","n/a","n/a","CONTROL::R-0188::MODALIDAD_MORFOLOGIA_GENOMA_CULTIVO_POR_ORGANISMO","docs/auditorias/controles_requisitos/R-0188.csv","PENDIENTE","PENDIENTE","PENDIENTE","PENDIENTE","Pendiente de prueba nominal automatizada o revisión manual independiente; conservar CONTROL_DEFINIDO."
"R-0189","CONTROL_ESTRUCTURAL","CONTROL_DEFINIDO","C-971; C-972; C-973; C-974; C-975; C-976; C-977; C-978; C-979; C-980; C-981; C-982; C-983; C-984; C-985; C-986; C-987; C-988; C-989; C-990; C-991; C-992","table-42-9-1-1-tipologia-cerrada","S129; S200; S201; S210; S214; S225; S229; S230; S236; S240; S242; S243; S244; S246; S249; S250; S258; S259; S266; S267; S268; S269; S275; S276; S282; S291; S293; S510; S520; S521","BN-038","n/a","CONTROL::R-0189::11_TIPOS_CASO_FUENTE_MANTENIMIENTO","docs/auditorias/controles_requisitos/R-0189.csv","PENDIENTE","PENDIENTE","PENDIENTE","PENDIENTE","Pendiente de prueba nominal automatizada o revisión manual independiente; conservar CONTROL_DEFINIDO."
"R-0190","CONTROL_ESTRUCTURAL","CONTROL_DEFINIDO","C-992; C-1203","table-42-9-1-1-tipologia-cerrada","S510; S520; S521","BN-038","n/a","CONTROL::R-0190::TIPO_SIN_CASO_DECLARADO","docs/auditorias/controles_requisitos/R-0190.csv","PENDIENTE","PENDIENTE","PENDIENTE","PENDIENTE","Pendiente de prueba nominal automatizada o revisión manual independiente; conservar CONTROL_DEFINIDO."
"R-0191","CONTROL_ESTRUCTURAL","CONTROL_DEFINIDO","C-993; C-994; C-995; C-996; C-997; C-998; C-999; C-1000; C-1001; C-1002; C-1003; C-1004; C-1005; C-1006; C-1007; C-1008; C-1009; C-1010; C-1011; C-1012; C-1013; C-1014; C-1015; C-1016; C-1017; C-1018; C-1019; C-1020; C-1021; C-1022; C-1023; C-1024; C-1025; C-1026; C-1027; C-1028; C-1029; C-1030; C-1031; C-1032; C-1033; C-1034; C-1035; C-1036; C-1037; C-1038; C-1039; C-1040; C-1041; C-1042; C-1043; C-1044; C-1045; C-1046; C-1047; C-1048; C-1049; C-1050; C-1051; C-1052; C-1053; C-1054; C-1055; C-1056; C-1057; C-1058; C-1059; C-1060; C-1061; C-1062; C-1063; C-1064; C-1065; C-1066; C-1067; C-1068; C-1069; C-1070; C-1071; C-1072; C-1073; C-1074; C-1075; C-1076; C-1077; C-1078; C-1079; C-1080; C-1081; C-1082; C-1083; C-1084; C-1085; C-1086; C-1087; C-1088; C-1089; C-1090; C-1091; C-1092; C-1093; C-1094; C-1095; C-1096; C-1097; C-1098; C-1099; C-1100; C-1101; C-1102; C-1103; C-1104; C-1105; C-1106; C-1107; C-1205; C-1206; C-1207; C-1208; C-1209; C-1210; C-1211; C-1212; C-1213; C-1214","table-43-9-4-1-fichas-comparativas-por-grado-de-integracion","S210; S225; S226; S227; S231; S232; S233; S234; S235; S236; S237; S238; S239; S240; S241; S242; S243; S244; S245; S246; S247; S248; S249; S250; S251; S252; S253; S254; S255; S256; S257; S258; S259; S260; S261; S262; S263; S264; S265; S266; S267; S268; S301; S302; S303; S455; S511; S512; S515","n/a","n/a","CONTROL::R-0191::ORDEN_INTEGRACION_PARRAFO_MECANISMO","docs/auditorias/controles_requisitos/R-0191.csv","PENDIENTE","PENDIENTE","PENDIENTE","PENDIENTE","Pendiente de prueba nominal automatizada o revisión manual independiente; conservar CONTROL_DEFINIDO."
"R-0192","CIENTIFICO","CUBIERTO","C-993; C-994; C-995; C-996; C-997; C-998; C-999; C-1000; C-1001; C-1002; C-1003; C-1004; C-1005; C-1006; C-1007; C-1008; C-1009; C-1010; C-1011; C-1012; C-1013","table-42-9-1-1-tipologia-cerrada; table-43-9-4-1-fichas-comparativas-por-grado-de-integracion","S210; S225; S226; S227","n/a","n/a","n/a","n/a","n/a","n/a","n/a","n/a","Lenisia–Arcobacter y consorcios ANME–SRB."
"R-0193","CIENTIFICO","CUBIERTO","C-1014; C-1015; C-1016; C-1017; C-1018; C-1019; C-1020; C-1021; C-1022; C-1023; C-1024; C-1025; C-1026; C-1027; C-1028; C-1029; C-1030; C-1031; C-1032; C-1033; C-1034; C-1035","table-40-8-3-depredadores-holozoos-obazoa-holomycota-y-amoebozoa; table-42-9-1-1-tipologia-cerrada; table-43-9-4-1-fichas-comparativas-por-grado-de-integracion","S231; S232; S233; S234; S235; S236; S237; S238; S239","n/a","n/a","n/a","n/a","n/a","n/a","n/a","n/a","Pelomyxa, ciliados y tripanosomátidos."
"R-0194","CIENTIFICO","CUBIERTO","C-1036; C-1037; C-1038; C-1039; C-1040; C-1041; C-1042","table-43-9-4-1-fichas-comparativas-por-grado-de-integracion","S240; S241","n/a","n/a","n/a","n/a","n/a","n/a","n/a","n/a","Perkinsela–Paramoeba."
"R-0195","CIENTIFICO","CUBIERTO","C-1043; C-1044; C-1045; C-1046; C-1047; C-1048; C-1049; C-1050; C-1051; C-1052; C-1053; C-1054; C-1055; C-1056; C-1057; C-1058; C-1059; C-1060; C-1061","table-42-9-1-1-tipologia-cerrada; table-43-9-4-1-fichas-comparativas-por-grado-de-integracion","S242; S243; S244; S245; S246; S247; S248; S455","n/a","n/a","n/a","n/a","n/a","n/a","n/a","n/a","Paulinella y UCYN-A/nitroplasto."
"R-0196","CIENTIFICO","CUBIERTO","C-1062; C-1063; C-1064; C-1065; C-1066; C-1067; C-1068; C-1069; C-1070; C-1071","table-42-9-1-1-tipologia-cerrada; table-43-9-4-1-fichas-comparativas-por-grado-de-integracion","S249; S250; S251; S252; S511","n/a","n/a","n/a","n/a","n/a","n/a","n/a","n/a","Hatena y cuerpos esferoidales."
"R-0197","CIENTIFICO","CUBIERTO","C-1072; C-1073; C-1074; C-1075; C-1076; C-1077; C-1078; C-1079; C-1080; C-1081","table-43-9-4-1-fichas-comparativas-por-grado-de-integracion","S253; S254; S255; S256; S257","n/a","n/a","n/a","n/a","n/a","n/a","n/a","n/a","Cleptoplastia en los tres taxones."
"R-0198","CIENTIFICO","CUBIERTO","C-1082; C-1083; C-1084; C-1085; C-1086; C-1087; C-1206; C-1207; C-1208; C-1209; C-1210; C-1211; C-1212; C-1213; C-1214","table-42-9-1-1-tipologia-cerrada; table-43-9-4-1-fichas-comparativas-por-grado-de-integracion","S258; S259; S301; S302; S303","n/a","n/a","n/a","n/a","n/a","n/a","n/a","n/a","Nucleomorfos y endosimbiosis secundaria/terciaria."
"R-0199","CIENTIFICO","CUBIERTO","C-1089; C-1090; C-1091; C-1092; C-1093; C-1094; C-1095","table-43-9-4-1-fichas-comparativas-por-grado-de-integracion","S260; S261; S262","n/a","n/a","n/a","n/a","n/a","n/a","n/a","n/a","Tremblaya–Moranella anidadas y reemplazo."
"R-0200","CONTROL_ESTRUCTURAL","CONTROL_DEFINIDO","C-993; C-994; C-995; C-996; C-997; C-998; C-999; C-1000; C-1001; C-1002; C-1003; C-1004; C-1005; C-1006; C-1007; C-1008; C-1009; C-1010; C-1011; C-1012; C-1013; C-1014; C-1015; C-1016; C-1017; C-1018; C-1019; C-1020; C-1021; C-1022; C-1023; C-1024; C-1025; C-1026; C-1027; C-1028; C-1029; C-1030; C-1031; C-1032; C-1033; C-1034; C-1035; C-1036; C-1037; C-1038; C-1039; C-1040; C-1041; C-1042; C-1043; C-1044; C-1045; C-1046; C-1047; C-1048; C-1049; C-1050; C-1051; C-1052; C-1053; C-1054; C-1055; C-1056; C-1057; C-1058; C-1059; C-1060; C-1061; C-1062; C-1063; C-1064; C-1065; C-1066; C-1067; C-1068; C-1069; C-1070; C-1071; C-1072; C-1073; C-1074; C-1075; C-1076; C-1077; C-1078; C-1079; C-1080; C-1081; C-1082; C-1083; C-1084; C-1085; C-1086; C-1087; C-1088; C-1089; C-1090; C-1091; C-1092; C-1093; C-1094; C-1095; C-1096; C-1097; C-1098; C-1099; C-1100; C-1101; C-1102; C-1103; C-1104; C-1105; C-1106; C-1107; C-1205; C-1206; C-1207; C-1208; C-1209; C-1210; C-1211; C-1212; C-1213; C-1214","table-43-9-4-1-fichas-comparativas-por-grado-de-integracion","S210; S225; S226; S227; S231; S232; S233; S234; S235; S236; S237; S238; S239; S240; S241; S242; S243; S244; S245; S246; S247; S248; S249; S250; S251; S252; S253; S254; S255; S256; S257; S258; S259; S260; S261; S262; S263; S264; S265; S266; S267; S268; S301; S302; S303; S455; S511; S512; S515","n/a","n/a","CONTROL::R-0200::9_CAMPOS_POR_CASO_ASOCIACION","docs/auditorias/controles_requisitos/R-0200.csv","PENDIENTE","PENDIENTE","PENDIENTE","PENDIENTE","Pendiente de prueba nominal automatizada o revisión manual independiente; conservar CONTROL_DEFINIDO."
"R-0201","PADRE","ROLLUP","n/a","n/a","n/a","n/a","n/a","R-0202; R-0203","n/a","n/a","n/a","n/a","n/a","Pregunta marco desarrollada por los dos requisitos siguientes. Calcular solo desde los hijos exactos R-0202; R-0203; no heredar un rango de sección."
"R-0202","CIENTIFICO","CUBIERTO","C-1108; C-1109; C-1110; C-1111; C-1112; C-1113; C-1114; C-1115; C-1116; C-1117; C-1118; C-1119; C-1120; C-1121","table-44-9-7-1-correlatos-publicados","S225; S228; S229; S230; S247; S260; S262; S265; S268; S286; S298; S299; S512; S513","n/a","n/a","n/a","n/a","n/a","n/a","n/a","n/a","Correlatos de dependencia, mantenimiento y ruptura."
"R-0203","CONTROL_ESTRUCTURAL","CONTROL_DEFINIDO","C-1108; C-1109; C-1110; C-1111; C-1112; C-1113; C-1114; C-1115; C-1116; C-1117; C-1118; C-1119; C-1120; C-1121","table-44-9-7-1-correlatos-publicados","S225; S228; S229; S230; S247; S260; S262; S265; S268; S286; S298; S299; S512; S513","n/a","n/a","CONTROL::R-0203::CORRELATO_AUTOR_CASO_APOYO_SIN_MODELO_PROPIO","docs/auditorias/controles_requisitos/R-0203.csv","PENDIENTE","PENDIENTE","PENDIENTE","PENDIENTE","Pendiente de prueba nominal automatizada o revisión manual independiente; conservar CONTROL_DEFINIDO."
"R-0204","CIENTIFICO","CUBIERTO","C-1122; C-1123; C-1124; C-1125; C-1126; C-1127; C-1128; C-1129; C-1130; C-1131; C-1132; C-1133; C-1134; C-1135; C-1136; C-1137; C-1138; C-1139; C-1140; C-1141; C-1142; C-1143; C-1144; C-1145; C-1146; C-1147; C-1148; C-1149; C-1150; C-1151; C-1152; C-1153; C-1154; C-1155","table-45-9-8-1-gradiente-funcional-comparado","S269; S270; S271; S272; S273; S274; S275; S276; S277; S278; S281; S297; S514","n/a","n/a","n/a","n/a","n/a","n/a","n/a","n/a","Gradiente funcional con organismos y no-linealidad."
"R-0205","CONTROL_ESTRUCTURAL","CONTROL_DEFINIDO","C-1122; C-1123; C-1124; C-1125; C-1126; C-1127; C-1128; C-1129; C-1130; C-1131; C-1132; C-1133; C-1134; C-1135; C-1136; C-1137; C-1138; C-1139; C-1140; C-1141; C-1142; C-1143; C-1144; C-1145; C-1146; C-1147; C-1148; C-1149; C-1150; C-1151; C-1152; C-1153; C-1154; C-1155","table-45-9-8-1-gradiente-funcional-comparado","S269; S270; S271; S272; S273; S274; S275; S276; S277; S278; S281; S297; S514","BN-045","n/a","CONTROL::R-0205::FUNCIONES_PERDIDAS_RENDIMIENTO_AMBIENTE_POR_ESTADIO","docs/auditorias/controles_requisitos/R-0205.csv","PENDIENTE","PENDIENTE","PENDIENTE","PENDIENTE","Pendiente de prueba nominal automatizada o revisión manual independiente; conservar CONTROL_DEFINIDO."
"R-0206","CIENTIFICO","CUBIERTO","C-1122; C-1123; C-1124; C-1125; C-1126; C-1127; C-1128; C-1129; C-1130; C-1131; C-1132; C-1133; C-1134; C-1135; C-1136; C-1137; C-1138; C-1139; C-1140; C-1141; C-1142; C-1143; C-1144; C-1145; C-1146; C-1147; C-1148; C-1149; C-1150; C-1151; C-1152; C-1153; C-1154; C-1155","table-45-9-8-1-gradiente-funcional-comparado","S269; S270; S271; S272; S273; S274; S275; S276; S277; S278; S281; S297; S514","n/a","n/a","n/a","n/a","n/a","n/a","n/a","n/a","Estados independientes, pérdida de genoma/compartimento y límites."
"R-0207","PADRE","ROLLUP","n/a","n/a","n/a","n/a","n/a","R-0208; R-0209; R-0210; R-0211; R-0212; R-0213; R-0214; R-0215; R-0216; R-0217","n/a","n/a","n/a","n/a","n/a","Encabezado de cooperación/conflicto. Calcular solo desde los hijos exactos R-0208; R-0209; R-0210; R-0211; R-0212; R-0213; R-0214; R-0215; R-0216; R-0217; no heredar un rango de sección."
"R-0208","CIENTIFICO","CUBIERTO","C-1156; C-1157; C-1158; C-1159; C-1160; C-1161","n/a","S279; S280; S281","n/a","n/a","n/a","n/a","n/a","n/a","n/a","n/a","CoRR, hidrofobicidad, código y evidencia."
"R-0209","CIENTIFICO","CUBIERTO","C-1162; C-1163; C-1164; C-1165","n/a","S282; S283","n/a","n/a","n/a","n/a","n/a","n/a","n/a","n/a","Dirección e importación TOM/TIM cubiertas; no existe cifra única de genes transferidos."
"R-0210","CIENTIFICO","CUBIERTO","C-1157; C-1158; C-1159; C-1160; C-1161","n/a","S279; S280; S281","n/a","n/a","n/a","n/a","n/a","n/a","n/a","n/a","Hipótesis de retención/no transferencia."
"R-0211","CIENTIFICO","CUBIERTO","C-1108; C-1109; C-1110; C-1111; C-1112; C-1113; C-1114; C-1115","table-44-9-7-1-correlatos-publicados","S228; S229; S230; S286; S298; S299","n/a","n/a","n/a","n/a","n/a","n/a","n/a","n/a","Reducción, Ne, deriva, recombinación y trinquete."
"R-0212","CIENTIFICO","HUECO_ACTIVO","C-1088; C-1120","table-44-9-7-1-correlatos-publicados","S512","BN-043","n/a","n/a","n/a","n/a","n/a","n/a","n/a","Trayectoria bifásica localizada, sin tasa universal."
"R-0213","CIENTIFICO","CUBIERTO","C-1166; C-1167; C-1168","n/a","S284; S285","n/a","n/a","n/a","n/a","n/a","n/a","n/a","n/a","Petites hipersupresivos y efecto deletéreo."
"R-0214","CIENTIFICO","CUBIERTO","C-1215; C-1216; C-1217; C-1218; C-1222","n/a","S304; S305; S434","n/a","n/a","n/a","n/a","n/a","n/a","n/a","n/a","Elementos móviles nucleares y carga en linajes próximos."
"R-0215","CIENTIFICO","CUBIERTO","C-1169; C-1170; C-1171; C-1172; C-1173; C-1219; C-1220; C-1221","n/a","S286; S287; S300; S306","n/a","n/a","n/a","n/a","n/a","n/a","n/a","n/a","Herencia, cuello de botella, heteroplasmia y excepción."
"R-0216","CIENTIFICO","CUBIERTO","C-1169; C-1170; C-1171; C-1172; C-1173; C-1219; C-1220; C-1221","n/a","S286; S287; S300; S306","n/a","n/a","n/a","n/a","n/a","n/a","n/a","n/a","Modelos y excepción bivalva cubiertos; linajes/eficacia empírica no completos para todos los mecanismos."
"R-0217","CIENTIFICO","CUBIERTO","C-1174; C-1175; C-1176; C-1177; C-1178; C-1179; C-1180","n/a","S288; S289; S300","n/a","n/a","n/a","n/a","n/a","n/a","n/a","n/a","Maldición materna, anisogamia e incompatibilidad mitonuclear."
"R-0218","CIENTIFICO","CUBIERTO","C-977; C-978; C-1181; C-1182; C-1183; C-1184; C-1185; C-1186; C-1187; C-1188; C-1189; C-1190; C-1191; C-1192; C-1193; C-1194; C-1195; C-1196; C-1197; C-1198; C-1199; C-1200","n/a","S211; S229; S268; S275; S277; S281; S282; S290; S291; S292; S293; S294; S295; S296","n/a","n/a","n/a","n/a","n/a","n/a","n/a","n/a","HGT eucariota, mecanismos, evidencia y errores."
"R-0219","CIENTIFICO","CUBIERTO","C-1181; C-1182; C-1183; C-1190","n/a","S291; S292; S293","n/a","n/a","n/a","n/a","n/a","n/a","n/a","n/a","Mecanismos procariotas frente a rutas eucariotas."
"R-0220","CIENTIFICO","CUBIERTO","C-1184; C-1185; C-1186; C-1187; C-1188; C-1199","n/a","S290; S291","n/a","n/a","n/a","n/a","n/a","n/a","n/a","n/a","Barrera/posición contraria, muestreo y atribución."
"R-0221","CIENTIFICO","CUBIERTO","C-1189","n/a","S292","n/a","n/a","n/a","n/a","n/a","n/a","n/a","n/a","Hipótesis eres lo que comes."
"R-0222","CIENTIFICO","CUBIERTO","C-894; C-895; C-1147; C-1148; C-1149; C-1191; C-1192; C-1193; C-1194","table-45-9-8-1-gradiente-funcional-comparado","S211; S275; S276; S277; S294","n/a","n/a","n/a","n/a","n/a","n/a","n/a","n/a","Rodoquinona/SUF en Pygsuia y SUF en Monocercomonoides."
"R-0223","CIENTIFICO","CUBIERTO","C-1195; C-1196; C-1197; C-1198","table-60-15-2-evidencia-retirada-refutada-o-reinterpretada","S211; S291; S295; S296","n/a","n/a","n/a","n/a","n/a","n/a","n/a","n/a","Tardígrados y patrón de contaminación/binning."
"R-0224","CONTROL_ESTRUCTURAL","CONTROL_DEFINIDO","n/a","table-47-10-1-tabla-consolidada-de-rasgos-con-coste","n/a","n/a","n/a","CONTROL::R-0224::REPARTO_SECCION9_MECANISMO_SECCION10_BALANCE","docs/auditorias/controles_requisitos/R-0224.csv","PENDIENTE","PENDIENTE","PENDIENTE","PENDIENTE","Pendiente de prueba nominal automatizada o revisión manual independiente; conservar CONTROL_DEFINIDO."
"R-0225","CONTROL_ESTRUCTURAL","CONTROL_DEFINIDO","n/a","n/a","n/a","n/a","n/a","CONTROL::R-0225::AFIRMACION_UNICA_CON_REFERENCIA_CRUZADA","docs/auditorias/controles_requisitos/R-0225.csv","PENDIENTE","PENDIENTE","PENDIENTE","PENDIENTE","Pendiente de prueba nominal automatizada o revisión manual independiente; conservar CONTROL_DEFINIDO."
"R-0226","CONTROL_ESTRUCTURAL","CONTROL_DEFINIDO","C-1235; C-1236; C-1237; C-1238; C-1239; C-1240; C-1241; C-1242; C-1243; C-1244; C-1245; C-1246; C-1247; C-1248; C-1249; C-1250; C-1251; C-1252; C-1253; C-1254; C-1255; C-1256; C-1257; C-1258; C-1259; C-1260; C-1261; C-1262; C-1263; C-1264; C-1265; C-1266; C-1267; C-1268; C-1269; C-1270; C-1271; C-1272; C-1273; C-1274; C-1275; C-1276; C-1277; C-1278; C-1279; C-1280; C-1281; C-1282; C-1283; C-1284; C-1285; C-1286; C-1287; C-1288; C-1289; C-1290; C-1291; C-1292; C-1293; C-1294; C-1295; C-1296; C-1297; C-1298; C-1299","table-47-10-1-tabla-consolidada-de-rasgos-con-coste","S75; S307; S312; S313; S324; S326; S327; S328; S329; S330; S331; S332; S333; S334; S336; S337; S338; S339; S342; S427; S428; S486","BN-049; BN-050; BN-051; BN-052; BN-053; BN-054; BN-055; BN-056","n/a","CONTROL::R-0226::FILA_COSTE_POR_INNOVACION","docs/auditorias/controles_requisitos/R-0226.csv","PENDIENTE","PENDIENTE","PENDIENTE","PENDIENTE","Pendiente de prueba nominal automatizada o revisión manual independiente; conservar CONTROL_DEFINIDO."
"R-0227","CONTROL_ESTRUCTURAL","CONTROL_DEFINIDO","n/a","table-47-10-1-tabla-consolidada-de-rasgos-con-coste","n/a","n/a","n/a","CONTROL::R-0227::ESQUEMA_9_COLUMNAS_TABLE47","docs/auditorias/controles_requisitos/R-0227.csv","PENDIENTE","PENDIENTE","PENDIENTE","PENDIENTE","Pendiente de prueba nominal automatizada o revisión manual independiente; conservar CONTROL_DEFINIDO."
"R-0228","CONTROL_ESTRUCTURAL","CONTROL_DEFINIDO","C-1234","table-47-10-1-tabla-consolidada-de-rasgos-con-coste","n/a","n/a","n/a","CONTROL::R-0228::MARCADOR_SIN_CIFRA_EN_COSTE_Y_UNIDAD","docs/auditorias/controles_requisitos/R-0228.csv","PENDIENTE","PENDIENTE","PENDIENTE","PENDIENTE","Pendiente de prueba nominal automatizada o revisión manual independiente; conservar CONTROL_DEFINIDO."
"R-0229","CONTROL_ESTRUCTURAL","CONTROL_DEFINIDO","C-1229; C-1230; C-1231; C-1232; C-1233; C-1234","table-47-10-1-tabla-consolidada-de-rasgos-con-coste","S307","n/a","n/a","CONTROL::R-0229::SIN_VACIOS_ANALOGIA_ESTIMACION_PROPIA","docs/auditorias/controles_requisitos/R-0229.csv","PENDIENTE","PENDIENTE","PENDIENTE","PENDIENTE","Pendiente de prueba nominal automatizada o revisión manual independiente; conservar CONTROL_DEFINIDO."
"R-0230","PADRE","ROLLUP","n/a","n/a","n/a","n/a","n/a","R-0228; R-0229","n/a","n/a","n/a","n/a","n/a","Aclaración editorial cubierta por controles del marcador. Calcular solo desde los hijos exactos R-0228; R-0229; no heredar un rango de sección."
"R-0231","PADRE","ROLLUP","n/a","n/a","n/a","n/a","n/a","R-0232; R-0233; R-0234; R-0235; R-0236; R-0237; R-0238; R-0239","n/a","n/a","n/a","n/a","n/a","Encabezado de controversia energética. Calcular solo desde los hijos exactos R-0232; R-0233; R-0234; R-0235; R-0236; R-0237; R-0238; R-0239; no heredar un rango de sección."
"R-0232","CIENTIFICO","CUBIERTO","C-1300; C-1301; C-1302; C-1303; C-1304; C-1305; C-1306; C-1307; C-1308; C-1309; C-1310; C-1311; C-1312; C-1313; C-1314; C-1315; C-1316; C-1317; C-1318; C-1319; C-1320; C-1321; C-1322; C-1323","n/a","S308; S309; S310; S311; S312; S313; S314; S315; S316; S317; S318; S344","n/a","n/a","n/a","n/a","n/a","n/a","n/a","n/a","Disputa cuantitativa y ausencia de consenso."
"R-0233","PADRE","ROLLUP","n/a","n/a","n/a","n/a","n/a","R-0234; R-0235; R-0236","n/a","n/a","n/a","n/a","n/a","Dos lados y réplicas se evalúan por separado. Calcular solo desde los hijos exactos R-0234; R-0235; R-0236; no heredar un rango de sección."
"R-0234","CIENTIFICO","CUBIERTO","C-1300; C-1301; C-1302; C-1303; C-1304; C-1305; C-1306; C-1307; C-1308; C-1309","n/a","S308; S311","n/a","n/a","n/a","n/a","n/a","n/a","n/a","n/a","Energía por gen, cifras, denominador y mecanismo."
"R-0235","CIENTIFICO","CUBIERTO","C-1310; C-1311; C-1312; C-1313; C-1314; C-1320; C-1321; C-1322; C-1355","n/a","S307; S309; S311; S312; S316; S317","n/a","n/a","n/a","n/a","n/a","n/a","n/a","n/a","Coste marginal y críticas a barrera universal."
"R-0236","CIENTIFICO","CUBIERTO","C-1315; C-1316; C-1317; C-1318; C-1319; C-1320; C-1321; C-1322; C-1323","n/a","S308; S309; S310; S311; S312; S313; S314; S315; S316; S317; S318; S344","n/a","n/a","n/a","n/a","n/a","n/a","n/a","n/a","Réplicas, procedencia, corrección y resultados posteriores."
"R-0237","CIENTIFICO","CUBIERTO","C-1324; C-1325; C-1326; C-1327; C-1328; C-1329; C-1330; C-1331; C-1332; C-1333; C-1334; C-1335; C-1336; C-1337; C-1338; C-1339; C-1340","n/a","S307; S319; S320; S321; S322; S323","n/a","n/a","n/a","n/a","n/a","n/a","n/a","n/a","Barrera de deriva, Ne, predicciones y pruebas negativas."
"R-0238","CIENTIFICO","CUBIERTO","C-1325; C-1326; C-1327; C-1328; C-1329; C-1330; C-1331; C-1332; C-1333; C-1334; C-1335; C-1336; C-1337; C-1338; C-1339; C-1340; C-1341","n/a","S307; S319; S320; S322; S323","n/a","n/a","n/a","n/a","n/a","n/a","n/a","n/a","Vectores de Ne, método y umbrales; C-1341 niega un único valor."
"R-0239","CONTROL_ESTRUCTURAL","CONTROL_DEFINIDO","C-1316; C-1357","n/a","S308; S309; S310; S311; S312; S313; S314; S315; S316; S317; S318; S344","n/a","n/a","CONTROL::R-0239::EMPIRICO_VS_DENOMINADOR_SIN_RESOLVER","docs/auditorias/controles_requisitos/R-0239.csv","PENDIENTE","PENDIENTE","PENDIENTE","PENDIENTE","Pendiente de prueba nominal automatizada o revisión manual independiente; conservar CONTROL_DEFINIDO."
"R-0240","CIENTIFICO","CUBIERTO","C-1342; C-1343; C-1344; C-1345; C-1346; C-1347; C-1348; C-1349; C-1350; C-1351","table-47-10-1-tabla-consolidada-de-rasgos-con-coste","S307; S308; S309; S316; S319; S320; S321; S322; S323; S324; S328; S336; S340; S427; S428; S486","n/a","n/a","n/a","n/a","n/a","n/a","n/a","n/a","Beneficios dependientes del ambiente y propuestas de deriva/no adaptación."
"R-0241","PADRE","ROLLUP","n/a","n/a","n/a","n/a","n/a","R-0244; R-0245; R-0246; R-0247; R-0248; R-0249; R-0250; R-0251; R-0252; R-0253; R-0254","n/a","n/a","n/a","n/a","n/a","Evaluar por roll-up de hijos. Calcular solo desde los hijos exactos R-0244; R-0245; R-0246; R-0247; R-0248; R-0249; R-0250; R-0251; R-0252; R-0253; R-0254; no heredar un rango de sección."
"R-0242","PADRE","ROLLUP","n/a","n/a","n/a","n/a","n/a","R-0244; R-0245; R-0246; R-0247; R-0248; R-0249; R-0250; R-0251; R-0252; R-0253; R-0254","n/a","n/a","n/a","n/a","n/a","Justificación de prioridad/diseño, sin contenido científico autónomo. Calcular solo desde los hijos exactos R-0244; R-0245; R-0246; R-0247; R-0248; R-0249; R-0250; R-0251; R-0252; R-0253; R-0254; no heredar un rango de sección."
"R-0243","CONTROL_ESTRUCTURAL","CONTROL_DEFINIDO","n/a","n/a","n/a","n/a","n/a","CONTROL::R-0243::SEXO_COMO_SECCION_PRIMER_ORDEN","docs/auditorias/controles_requisitos/R-0243.csv","PENDIENTE","PENDIENTE","PENDIENTE","PENDIENTE","Pendiente de prueba nominal automatizada o revisión manual independiente; conservar CONTROL_DEFINIDO."
"R-0244","CIENTIFICO","CUBIERTO","C-1387; C-1388; C-1389; C-1390; C-1464; C-1465; C-1466; C-1467; C-1468","table-49-11-11-vista-comparativa-de-clases-de-evidencia","S77; S78; S159; S346; S347; S348; S353; S354; S355; S356; S357; S358; S364; S367; S370","n/a","n/a","n/a","n/a","n/a","n/a","n/a","n/a","Destino semántico explícito."
"R-0245","CIENTIFICO","CUBIERTO","C-1370; C-1371; C-1372; C-1373; C-1374; C-1375; C-1376; C-1377; C-1378; C-1379; C-1380; C-1381; C-1382; C-1383; C-1384; C-1385; C-1386; C-1387; C-1388; C-1389; C-1390; C-1470; C-1471; C-1472; C-1473; C-1474; C-1475","table-49-11-11-vista-comparativa-de-clases-de-evidencia","S77; S78; S203; S346; S347; S348; S349; S352; S353; S354; S355; S356; S357; S358; S376","n/a","n/a","n/a","n/a","n/a","n/a","n/a","n/a","Destino semántico explícito."
"R-0246","CIENTIFICO","CUBIERTO","C-1360; C-1361; C-1362; C-1363; C-1364; C-1365; C-1366; C-1367; C-1368; C-1369; C-1469","table-49-11-11-vista-comparativa-de-clases-de-evidencia","S78; S357; S358; S360; S365; S369; S375","n/a","n/a","n/a","n/a","n/a","n/a","n/a","n/a","Destino semántico explícito."
"R-0247","CIENTIFICO","CUBIERTO","C-1371; C-1391; C-1392; C-1393; C-1394","n/a","S346; S357; S359","n/a","n/a","n/a","n/a","n/a","n/a","n/a","n/a","Destino semántico explícito."
"R-0248","CIENTIFICO","CUBIERTO","C-1395; C-1396; C-1397; C-1398; C-1399; C-1400; C-1401; C-1402; C-1403; C-1404; C-1405; C-1406; C-1407","n/a","S357; S359; S361; S362; S363; S371","n/a","n/a","n/a","n/a","n/a","n/a","n/a","n/a","Destino semántico explícito."
"R-0249","CIENTIFICO","CUBIERTO","C-1399; C-1401; C-1402; C-1403; C-1404; C-1405; C-1406; C-1407","n/a","S357; S361; S362; S363","n/a","n/a","n/a","n/a","n/a","n/a","n/a","n/a","Destino semántico explícito."
"R-0250","CIENTIFICO","HUECO_ACTIVO","C-1408; C-1409; C-1410; C-1411; C-1412; C-1413; C-1414; C-1476; C-1477; C-1478","table-49-11-11-vista-comparativa-de-clases-de-evidencia","S203; S357; S358; S361; S362; S363; S486","BN-060; BN-061; BN-067","n/a","n/a","n/a","n/a","n/a","n/a","n/a","Conservar los costes conceptuales y declarar con BN-060, BN-061 y BN-067 los balances energéticos, de encuentro y de anisogamia no localizados."
"R-0251","CIENTIFICO","CUBIERTO","C-1363; C-1364; C-1365; C-1366; C-1367; C-1368; C-1417; C-1418; C-1419; C-1420; C-1421; C-1422; C-1423; C-1424; C-1425; C-1426; C-1427; C-1428","table-49-11-11-vista-comparativa-de-clases-de-evidencia","S349; S357; S364; S365; S366; S367; S375","n/a","n/a","n/a","n/a","n/a","n/a","n/a","n/a","Destino semántico explícito."
"R-0252","CIENTIFICO","CUBIERTO","C-1369; C-1429; C-1430; C-1431; C-1432; C-1433; C-1434; C-1435; C-1436; C-1437; C-1438; C-1439; C-1440; C-1441; C-1442","table-49-11-11-vista-comparativa-de-clases-de-evidencia","S133; S346; S347; S353; S354; S355; S356; S360; S367; S368; S369; S370; S372; S374","n/a","n/a","n/a","n/a","n/a","n/a","n/a","n/a","Destino semántico explícito."
"R-0253","CIENTIFICO","CUBIERTO","C-720; C-721; C-722; C-723; C-1443; C-1444; C-1445; C-1446; C-1447","table-49-11-11-vista-comparativa-de-clases-de-evidencia","S78; S141; S159; S160; S357; S358","n/a","n/a","n/a","n/a","n/a","n/a","n/a","n/a","Destino semántico explícito."
"R-0254","CIENTIFICO","CUBIERTO","C-860; C-861; C-862; C-863; C-864; C-865; C-1448; C-1449; C-1450; C-1451; C-1452; C-1453; C-1454; C-1455; C-1456; C-1457; C-1458; C-1459; C-1460","table-49-11-11-vista-comparativa-de-clases-de-evidencia","S203; S349; S350; S351; S486","n/a","n/a","n/a","n/a","n/a","n/a","n/a","n/a","Destino semántico explícito."
"R-0255","CIENTIFICO","CUBIERTO","C-1482; C-1483; C-1484; C-1485; C-1486; C-1487; C-1488; C-1489; C-1490","table-51-12-1-1-vista-comparativa-de-rutas","S133; S134; S206; S207; S208; S215; S424; S431; S433; S443; S445","n/a","n/a","n/a","n/a","n/a","n/a","n/a","n/a","Tres rutas como mecanismos, sin escalera única."
"R-0256","CIENTIFICO","CUBIERTO","C-1491; C-1492; C-1493; C-1494; C-1495; C-1496; C-1497; C-1498; C-1499; C-1500; C-1501; C-1502; C-1503; C-1504; C-1505; C-1506","table-51-12-1-1-vista-comparativa-de-rutas; table-52-12-6-1-costes-y-compensaciones-cuantificados-o-no-localizado","S200; S201; S204; S424; S549","n/a","n/a","n/a","n/a","n/a","n/a","n/a","n/a","Destino semántico explícito."
"R-0257","CONTROL_ESTRUCTURAL","CONTROL_DEFINIDO","C-1493; C-1494; C-1495; C-1496; C-1497; C-1498; C-1499; C-1500; C-1501; C-1502; C-1503; C-1504; C-1505; C-1506","table-51-12-1-1-vista-comparativa-de-rutas; table-52-12-6-1-costes-y-compensaciones-cuantificados-o-no-localizado","S200; S201; S204; S424; S549","BN-083","n/a","CONTROL::R-0257::INDUCTOR_Y_COSTE_POR_RUTA_CLONAL","docs/auditorias/controles_requisitos/R-0257.csv","PENDIENTE","PENDIENTE","PENDIENTE","PENDIENTE","Pendiente de prueba nominal automatizada o revisión manual independiente; conservar CONTROL_DEFINIDO."
"R-0258","CIENTIFICO","CUBIERTO","C-1507; C-1508; C-1509; C-1510; C-1511; C-1512; C-1513; C-1514; C-1515; C-1516; C-1517; C-1518; C-1519","table-51-12-1-1-vista-comparativa-de-rutas; table-52-12-6-1-costes-y-compensaciones-cuantificados-o-no-localizado","S133; S207; S208; S209; S425; S426","n/a","n/a","n/a","n/a","n/a","n/a","n/a","n/a","Destino semántico explícito."
"R-0259","CONTROL_ESTRUCTURAL","CONTROL_DEFINIDO","C-1507; C-1508; C-1509; C-1510; C-1511; C-1512; C-1513; C-1514; C-1515; C-1516; C-1517; C-1518; C-1519","table-51-12-1-1-vista-comparativa-de-rutas; table-52-12-6-1-costes-y-compensaciones-cuantificados-o-no-localizado","S133; S207; S208; S209; S425; S426","n/a","n/a","CONTROL::R-0259::DETALLE_RUTA_CENOCITICA","docs/auditorias/controles_requisitos/R-0259.csv","PENDIENTE","PENDIENTE","PENDIENTE","PENDIENTE","Pendiente de prueba nominal automatizada o revisión manual independiente; conservar CONTROL_DEFINIDO."
"R-0260","CIENTIFICO","CUBIERTO","C-1523; C-1524; C-1525; C-1526; C-1527; C-1528; C-1529; C-1530; C-1531; C-1532; C-1533; C-1534; C-1535; C-1536; C-1537; C-1538; C-1539; C-1540; C-1541; C-1542; C-1543; C-1544; C-1545; C-1546","table-51-12-1-1-vista-comparativa-de-rutas","S206; S213; S215; S376; S427; S428; S429; S430; S431; S443; S445","n/a","n/a","n/a","n/a","n/a","n/a","n/a","n/a","Destino semántico explícito."
"R-0261","CIENTIFICO","CUBIERTO","C-1538","table-51-12-1-1-vista-comparativa-de-rutas","S206; S213; S445","n/a","n/a","n/a","n/a","n/a","n/a","n/a","n/a","Destino semántico explícito."
"R-0262","CIENTIFICO","CUBIERTO","C-1489; C-1490; C-1539; C-1540; C-1541; C-1542; C-1543; C-1544; C-1545; C-1546","table-51-12-1-1-vista-comparativa-de-rutas","S206; S215; S376; S424; S430; S431; S433; S443","n/a","n/a","n/a","n/a","n/a","n/a","n/a","n/a","Destino semántico explícito."
"R-0263","CONTROL_ESTRUCTURAL","CONTROL_DEFINIDO","n/a","n/a","n/a","n/a","n/a","CONTROL::R-0263::FUENTE_Y_LOCALIZADOR_TRABAJOS_MULTICEL","docs/auditorias/controles_requisitos/R-0263.csv","PENDIENTE","PENDIENTE","PENDIENTE","PENDIENTE","Pendiente de prueba nominal automatizada o revisión manual independiente; conservar CONTROL_DEFINIDO."
"R-0264","CIENTIFICO","CUBIERTO","C-1547; C-1548; C-1549; C-1550; C-1551; C-1552; C-1553; C-1554; C-1555; C-1556; C-1607","table-51-12-1-1-vista-comparativa-de-rutas; table-52-12-6-1-costes-y-compensaciones-cuantificados-o-no-localizado","S134; S432; S433","n/a","n/a","n/a","n/a","n/a","n/a","n/a","n/a","Destino semántico explícito."
"R-0265","PADRE","ROLLUP","n/a","n/a","n/a","n/a","n/a","R-0266; R-0267; R-0268; R-0269","n/a","n/a","n/a","n/a","n/a","Evaluar por roll-up de hijos. Calcular solo desde los hijos exactos R-0266; R-0267; R-0268; R-0269; no heredar un rango de sección."
"R-0266","CONTROL_ESTRUCTURAL","CONTROL_DEFINIDO","C-1516; C-1517; C-1521; C-1522; C-1557; C-1558; C-1559; C-1560; C-1561; C-1562; C-1563; C-1564; C-1565; C-1566; C-1567; C-1568","table-53-12-7-1-tabla-comparativa-de-genomas","S127; S147; S205; S209; S352; S376; S434; S442; S446; S483; S484; S485","n/a","n/a","CONTROL::R-0266::8_GENOMAS_TAMANO_GENES_INTRONES","docs/auditorias/controles_requisitos/R-0266.csv","PENDIENTE","PENDIENTE","PENDIENTE","PENDIENTE","Pendiente de prueba nominal automatizada o revisión manual independiente; conservar CONTROL_DEFINIDO."
"R-0267","CONTROL_ESTRUCTURAL","CONTROL_DEFINIDO","C-1569; C-1570; C-1571; C-1572; C-1573; C-1574; C-1575; C-1576; C-1577; C-1578; C-1579; C-1580; C-1581; C-1582; C-1583; C-1584; C-1585; C-1586; C-1587; C-1588; C-1589; C-1590; C-1591; C-1592; C-1598; C-1599; C-1600; C-1601; C-1608; C-1609; C-1610; C-1611","table-54-12-10-1-repertorio-funcional-localizado","S134; S147; S206; S352; S376; S434; S435; S436; S437; S438; S439; S440; S441; S550","n/a","n/a","CONTROL::R-0267::PRESENCIA_AUSENCIA_POR_FAMILIA_Y_LINAJE","docs/auditorias/controles_requisitos/R-0267.csv","PENDIENTE","PENDIENTE","PENDIENTE","PENDIENTE","Pendiente de prueba nominal automatizada o revisión manual independiente; conservar CONTROL_DEFINIDO."
"R-0268","CIENTIFICO","CUBIERTO","C-1593; C-1594; C-1595; C-1596; C-1597; C-1598; C-1599; C-1600; C-1601","table-54-12-10-1-repertorio-funcional-localizado","S134; S206; S376; S441","n/a","n/a","n/a","n/a","n/a","n/a","n/a","n/a","Destino semántico explícito."
"R-0269","CIENTIFICO","CUBIERTO","C-1593; C-1594; C-1595; C-1596; C-1597; C-1598; C-1599; C-1600; C-1601; C-1602; C-1603; C-1604; C-1605","table-54-12-10-1-repertorio-funcional-localizado","S134; S206; S352; S376; S434; S435; S441; S549","n/a","n/a","n/a","n/a","n/a","n/a","n/a","n/a","Destino semántico explícito."
"R-0270","PADRE","ROLLUP","n/a","n/a","n/a","n/a","n/a","R-0271; R-0272; R-0273; R-0274; R-0275; R-0276; R-0277; R-0278; R-0279; R-0280; R-0281; R-0282; R-0283; R-0284; R-0285; R-0286; R-0287","n/a","n/a","n/a","n/a","n/a","Evaluar por roll-up de hijos. Calcular solo desde los hijos exactos R-0271; R-0272; R-0273; R-0274; R-0275; R-0276; R-0277; R-0278; R-0279; R-0280; R-0281; R-0282; R-0283; R-0284; R-0285; R-0286; R-0287; no heredar un rango de sección."
"R-0271","CONTROL_ESTRUCTURAL","CONTROL_DEFINIDO","C-1617; C-1618; C-1619; C-1620; C-1621; C-1622; C-1623; C-1624; C-1625; C-1626; C-1627; C-1628; C-1629; C-1630; C-1631; C-1632; C-1633; C-1634; C-1635; C-1636; C-1637; C-1638; C-1639; C-1640; C-1641; C-1642; C-1643; C-1644; C-1645; C-1646; C-1647; C-1648; C-1649; C-1650; C-1651; C-1652; C-1653; C-1654; C-1655; C-1656; C-1657; C-1658; C-1659; C-1660; C-1661; C-1662; C-1663; C-1664; C-1665; C-1666; C-1667; C-1668; C-1669; C-1670; C-1671; C-1672; C-1673; C-1674; C-1675; C-1676; C-1677; C-1678; C-1679","table-55a-13-3-escalas-de-division-y-ambiente; table-55b-13-4-tasas-de-mutacion-directas; table-55c-13-6-cronologia-de-endosimbiosis-e-integracion; table-55d-13-9-recuentos-de-origenes-y-perdidas","S58; S59; S79; S207; S243; S245; S246; S275; S276; S278; S281; S282; S411; S424; S432; S433; S445; S447; S448; S449; S450; S451; S452; S453; S454; S455; S456; S457; S458; S459; S460; S507; S508; S509; S513; S517; S519","n/a","n/a","CONTROL::R-0271::DURACION_TASA_UNIDAD_FUENTE_POR_PUNTO","docs/auditorias/controles_requisitos/R-0271.csv","PENDIENTE","PENDIENTE","PENDIENTE","PENDIENTE","Pendiente de prueba nominal automatizada o revisión manual independiente; conservar CONTROL_DEFINIDO."
"R-0272","CONTROL_ESTRUCTURAL","CONTROL_DEFINIDO","C-1619; C-1635; C-1642; C-1656; C-1667; C-1670; C-1676; C-1679","table-55a-13-3-escalas-de-division-y-ambiente; table-55c-13-6-cronologia-de-endosimbiosis-e-integracion; table-55d-13-9-recuentos-de-origenes-y-perdidas","S245; S281; S454; S455; S456; S457; S459; S507; S508; S519","BN-108; BN-109; BN-110; BN-111; BN-112","n/a","CONTROL::R-0272::SIN_CIFRA_Y_ORDEN_RELATIVO","docs/auditorias/controles_requisitos/R-0272.csv","PENDIENTE","PENDIENTE","PENDIENTE","PENDIENTE","Pendiente de prueba nominal automatizada o revisión manual independiente; conservar CONTROL_DEFINIDO."
"R-0273","CIENTIFICO","HUECO_ACTIVO","C-192; C-193; C-194; C-195; C-196; C-197; C-198; C-199; C-200; C-201; C-202; C-203; C-1647","table-55a-13-3-escalas-de-division-y-ambiente","S58; S207; S245; S424; S447; S454; S459","BN-011","n/a","n/a","n/a","n/a","n/a","n/a","n/a","Kay aporta una duración; no hay duración de consenso FECA–LECA. BN-011 delimita la ausencia de una duración observada directamente."
"R-0274","CIENTIFICO","HUECO_ACTIVO","C-1617; C-1618; C-1619; C-1620; C-1668; C-1669; C-1670","table-55a-13-3-escalas-de-division-y-ambiente","S207; S424; S447; S507; S519","BN-108","n/a","n/a","n/a","n/a","n/a","n/a","n/a","Hay Dictyostelium/Sphaeroforma y mantenimiento Thecamonas; falta tasa cuantificada para apusomonádidos y cobertura homogénea."
"R-0275","CIENTIFICO","CUBIERTO","C-1621; C-1622; C-1623; C-1624; C-1625; C-1626; C-1627; C-1628; C-1629; C-1630; C-1671; C-1672; C-1673; C-1674; C-1675","table-55b-13-4-tasas-de-mutacion-directas","S448; S449; S450; S451; S452","n/a","n/a","n/a","n/a","n/a","n/a","n/a","n/a","Destino semántico explícito."
"R-0276","CIENTIFICO","HUECO_ACTIVO","C-821; C-823; C-824; C-825; C-1631; C-1632; C-1633; C-1634; C-1635","table-55a-13-3-escalas-de-division-y-ambiente","S168; S189; S194; S196; S197; S198; S459; S508","BN-109","n/a","n/a","n/a","n/a","n/a","n/a","n/a","Duraciones concretas y aburrido millardo; no existe constante de transición redox ni duración global única de todas las glaciaciones."
"R-0277","CIENTIFICO","HUECO_ACTIVO","C-1636; C-1637; C-1638; C-1639; C-1640; C-1641; C-1642; C-1676; C-1677; C-1678; C-1679","table-55c-13-6-cronologia-de-endosimbiosis-e-integracion","S245; S411; S454; S455; S456","BN-111","n/a","n/a","n/a","n/a","n/a","n/a","n/a","Cronologías puntuales y declaración explícita de que no existe cronología comparable para todos los casos."
"R-0278","CIENTIFICO","CUBIERTO","C-1156; C-1643; C-1644; C-1645","n/a","S281; S453","n/a","n/a","n/a","n/a","n/a","n/a","n/a","n/a","Destino semántico explícito."
"R-0279","CIENTIFICO","CUBIERTO","C-1646; C-1647; C-1648","table-55a-13-3-escalas-de-division-y-ambiente","S58; S207; S245; S424; S432; S433; S447; S448; S449; S450; S451; S452; S453; S454; S455; S456; S457; S458; S459","n/a","n/a","n/a","n/a","n/a","n/a","n/a","n/a","Destino semántico explícito."
"R-0280","PADRE","ROLLUP","n/a","n/a","n/a","n/a","n/a","R-0281; R-0282; R-0283; R-0284; R-0285; R-0286; R-0287","n/a","n/a","n/a","n/a","n/a","Evaluar por roll-up de hijos. Calcular solo desde los hijos exactos R-0281; R-0282; R-0283; R-0284; R-0285; R-0286; R-0287; no heredar un rango de sección."
"R-0281","CONTROL_ESTRUCTURAL","CONTROL_DEFINIDO","C-1649; C-1650; C-1651; C-1652; C-1653; C-1654; C-1655; C-1656; C-1657; C-1658; C-1659; C-1660; C-1661; C-1662; C-1663; C-1664; C-1665; C-1666; C-1667","table-55d-13-9-recuentos-de-origenes-y-perdidas","S59; S79; S243; S245; S246; S275; S276; S278; S281; S282; S411; S445; S456; S457; S458; S460; S509; S513; S517","n/a","n/a","CONTROL::R-0281::RECUENTO_AUTOR_CRITERIO_POR_PROCESO","docs/auditorias/controles_requisitos/R-0281.csv","PENDIENTE","PENDIENTE","PENDIENTE","PENDIENTE","Pendiente de prueba nominal automatizada o revisión manual independiente; conservar CONTROL_DEFINIDO."
"R-0282","CIENTIFICO","CUBIERTO","C-1649; C-1650; C-1651; C-1652; C-1653","table-55c-13-6-cronologia-de-endosimbiosis-e-integracion; table-55d-13-9-recuentos-de-origenes-y-perdidas","S79; S243; S245; S246; S282; S411; S456; S457","n/a","n/a","n/a","n/a","n/a","n/a","n/a","n/a","Destino semántico explícito."
"R-0283","CIENTIFICO","HUECO_ACTIVO","C-1654; C-1655; C-1656","table-55d-13-9-recuentos-de-origenes-y-perdidas","S275; S276; S278; S281; S457","BN-110","n/a","n/a","n/a","n/a","n/a","n/a","n/a","Recuentos históricos y ausencia de censo global actualizado uniforme."
"R-0284","CIENTIFICO","HUECO_ACTIVO","C-1657; C-1658; C-1659; C-1667","table-55d-13-9-recuentos-de-origenes-y-perdidas","S59; S79; S509","BN-112","n/a","n/a","n/a","n/a","n/a","n/a","n/a","Orígenes modelados, pérdidas no censadas globalmente; elimina C de multicel/parasitismo léxicamente falsos."
"R-0285","CIENTIFICO","CUBIERTO","C-1606; C-1660; C-1661; C-1662; C-1663","table-55d-13-9-recuentos-de-origenes-y-perdidas","S445; S458","n/a","n/a","n/a","n/a","n/a","n/a","n/a","n/a","Hay total por mecanismo en Lamża y mínimo agregativo, no desglose exhaustivo uniforme de las tres categorías."
"R-0286","CIENTIFICO","HUECO_ACTIVO","C-1664; C-1665; C-1666","table-55d-13-9-recuentos-de-origenes-y-perdidas","S79; S457; S458; S460; S513; S517","BN-113","n/a","n/a","n/a","n/a","n/a","n/a","n/a","Recuentos acotados y ausencia de frecuencia pan-eucariota comparable."
"R-0287","CONTROL_ESTRUCTURAL","CONTROL_DEFINIDO","C-1649; C-1650; C-1651; C-1652; C-1653; C-1654; C-1655; C-1656; C-1657; C-1658; C-1659; C-1660; C-1661; C-1662; C-1663; C-1664; C-1665; C-1666; C-1667","table-55d-13-9-recuentos-de-origenes-y-perdidas","S59; S79; S243; S245; S246; S275; S276; S278; S281; S282; S411; S445; S456; S457; S458; S460; S509; S513; S517","n/a","n/a","CONTROL::R-0287::RANGO_Y_AUTOR_EXTREMOS_RECUENTO_DISPUTADO","docs/auditorias/controles_requisitos/R-0287.csv","PENDIENTE","PENDIENTE","PENDIENTE","PENDIENTE","Pendiente de prueba nominal automatizada o revisión manual independiente; conservar CONTROL_DEFINIDO."
"R-0288","CONTROL_ESTRUCTURAL","CONTROL_DEFINIDO","n/a","n/a","n/a","n/a","n/a","CONTROL::R-0288::NO_INVENTAR_NOMBRES","docs/auditorias/controles_requisitos/R-0288.csv","PENDIENTE","PENDIENTE","PENDIENTE","PENDIENTE","Pendiente de prueba nominal automatizada o revisión manual independiente; conservar CONTROL_DEFINIDO."
"R-0289","CONTROL_ESTRUCTURAL","CONTROL_DEFINIDO","n/a","n/a","n/a","n/a","n/a","CONTROL::R-0289::ETIQUETA_DESCRIPTIVA_PARA_LINAJE_SIN_NOMBRE","docs/auditorias/controles_requisitos/R-0289.csv","PENDIENTE","PENDIENTE","PENDIENTE","PENDIENTE","Pendiente de prueba nominal automatizada o revisión manual independiente; conservar CONTROL_DEFINIDO."
"R-0290","CONTROL_ESTRUCTURAL","CONTROL_DEFINIDO","n/a","n/a","n/a","n/a","n/a","CONTROL::R-0290::LISTA_CERRADA_ETIQUETAS_ANTES_SECCION1","docs/auditorias/controles_requisitos/R-0290.csv","PENDIENTE","PENDIENTE","PENDIENTE","PENDIENTE","Pendiente de prueba nominal automatizada o revisión manual independiente; conservar CONTROL_DEFINIDO."
"R-0291","CONTROL_ESTRUCTURAL","CONTROL_DEFINIDO","n/a","n/a","n/a","n/a","n/a","CONTROL::R-0291::REDACCION_LITERAL_ETIQUETAS_PROSA_TABLAS","docs/auditorias/controles_requisitos/R-0291.csv","PENDIENTE","PENDIENTE","PENDIENTE","PENDIENTE","Pendiente de prueba nominal automatizada o revisión manual independiente; conservar CONTROL_DEFINIDO."
"R-0292","CONTROL_ESTRUCTURAL","CONTROL_DEFINIDO","n/a","n/a","n/a","n/a","n/a","CONTROL::R-0292::ALTA_ETIQUETA_NUEVA_EN_LISTA","docs/auditorias/controles_requisitos/R-0292.csv","PENDIENTE","PENDIENTE","PENDIENTE","PENDIENTE","Pendiente de prueba nominal automatizada o revisión manual independiente; conservar CONTROL_DEFINIDO."
"R-0293","CONTROL_ESTRUCTURAL","CONTROL_DEFINIDO","n/a","table-58-14-8-3-terminos-problematicos-y-reemplazos","n/a","BN-071; BN-075","n/a","CONTROL::R-0293::UNA_ENTIDAD_UNA_ETIQUETA","docs/auditorias/controles_requisitos/R-0293.csv","PENDIENTE","PENDIENTE","PENDIENTE","PENDIENTE","Pendiente de prueba nominal automatizada o revisión manual independiente; conservar CONTROL_DEFINIDO."
"R-0294","CONTROL_ESTRUCTURAL","CONTROL_DEFINIDO","C-1716; C-1717; C-1718; C-1719; C-1720","table-56-14-8-1-codigos; table-58-14-8-3-terminos-problematicos-y-reemplazos","S01; S130; S378; S379; S380; S381; S387; S388","n/a","n/a","CONTROL::R-0294::DECLARACION_RANGOS_UNICA_Y_EXCEPCIONES","docs/auditorias/controles_requisitos/R-0294.csv","PENDIENTE","PENDIENTE","PENDIENTE","PENDIENTE","Pendiente de prueba nominal automatizada o revisión manual independiente; conservar CONTROL_DEFINIDO."
"R-0295","CONTROL_ESTRUCTURAL","CONTROL_DEFINIDO","n/a","n/a","n/a","n/a","n/a","CONTROL::R-0295::SIN_MARCA_R_C_CONSTANTE_POR_NODO","docs/auditorias/controles_requisitos/R-0295.csv","PENDIENTE","PENDIENTE","PENDIENTE","PENDIENTE","Pendiente de prueba nominal automatizada o revisión manual independiente; conservar CONTROL_DEFINIDO."
"R-0296","CONTROL_ESTRUCTURAL","CONTROL_DEFINIDO","C-1721; C-1722; C-1723; C-1724","table-56-14-8-1-codigos","n/a","n/a","n/a","CONTROL::R-0296::MARCAS_DISCRIMINANTES_POR_NODO","docs/auditorias/controles_requisitos/R-0296.csv","PENDIENTE","PENDIENTE","PENDIENTE","PENDIENTE","Pendiente de prueba nominal automatizada o revisión manual independiente; conservar CONTROL_DEFINIDO."
"R-0297","CONTROL_ESTRUCTURAL","CONTROL_DEFINIDO","C-1725; C-1726","table-56-14-8-1-codigos; table-58-14-8-3-terminos-problematicos-y-reemplazos","n/a","n/a","n/a","CONTROL::R-0297::DAGA_SOLO_FOSIL_PROPIO","docs/auditorias/controles_requisitos/R-0297.csv","PENDIENTE","PENDIENTE","PENDIENTE","PENDIENTE","Pendiente de prueba nominal automatizada o revisión manual independiente; conservar CONTROL_DEFINIDO."
"R-0298","CIENTIFICO","CUBIERTO","C-1727; C-1728; C-1729","table-58-14-8-3-terminos-problematicos-y-reemplazos","S135; S385","n/a","n/a","n/a","n/a","n/a","n/a","n/a","n/a","Destino semántico explícito."
"R-0299","CONTROL_ESTRUCTURAL","CONTROL_DEFINIDO","C-1730; C-1731; C-1732; C-1733; C-1734; C-1735; C-1736","table-34-5-8-asignacion-fosil-mas-antigua-localizada-por-nodo; table-58-14-8-3-terminos-problematicos-y-reemplazos","S01; S135; S383; S385; S412","n/a","n/a","CONTROL::R-0299::CORONA_TRONCO_INDETERMINADO_Y_CARACTER_POR_FOSIL","docs/auditorias/controles_requisitos/R-0299.csv","PENDIENTE","PENDIENTE","PENDIENTE","PENDIENTE","Pendiente de prueba nominal automatizada o revisión manual independiente; conservar CONTROL_DEFINIDO."
"R-0300","CONTROL_ESTRUCTURAL","CONTROL_DEFINIDO","C-1727; C-1728; C-1729; C-1730; C-1731; C-1732; C-1733; C-1734; C-1735; C-1736","table-58-14-8-3-terminos-problematicos-y-reemplazos","S01; S135; S383; S385; S412","n/a","n/a","CONTROL::R-0300::CORONA_TOTAL_Y_TALLO_POR_NODO","docs/auditorias/controles_requisitos/R-0300.csv","PENDIENTE","PENDIENTE","PENDIENTE","PENDIENTE","Pendiente de prueba nominal automatizada o revisión manual independiente; conservar CONTROL_DEFINIDO."
"R-0301","CIENTIFICO","CUBIERTO","C-1734; C-1735","n/a","S135; S385","n/a","n/a","n/a","n/a","n/a","n/a","n/a","n/a","Destino semántico explícito."
"R-0302","CIENTIFICO","CUBIERTO","C-1680; C-1681; C-1682; C-1683; C-1684; C-1685; C-1686; C-1687","n/a","S01; S05; S126; S137; S378; S379; S380; S381; S382","n/a","n/a","n/a","n/a","n/a","n/a","n/a","n/a","Destino semántico explícito."
"R-0303","CONTROL_ESTRUCTURAL","CONTROL_DEFINIDO","C-1737; C-1738; C-1739; C-1740; C-1741; C-1742; C-1743; C-1744; C-1745; C-1746; C-1747; C-1748; C-1749; C-1750; C-1751; C-1752; C-1753; C-1754; C-1755; C-1756; C-1757; C-1758; C-1759; C-1760; C-1761; C-1762; C-1763; C-1764; C-1765; C-1766; C-1767; C-1768; C-1769; C-1770; C-1771; C-1772; C-1773; C-1774; C-1775; C-1776","table-57-14-8-2-nombres-rivales-o-solapados","S01; S06; S89; S111; S124; S125; S126; S129; S130; S134; S135; S137; S146; S378; S383; S421","n/a","n/a","CONTROL::R-0303::HISTORIA_NOMENCLATURAL_POR_NOMBRE","docs/auditorias/controles_requisitos/R-0303.csv","PENDIENTE","PENDIENTE","PENDIENTE","PENDIENTE","Pendiente de prueba nominal automatizada o revisión manual independiente; conservar CONTROL_DEFINIDO."
"R-0304","CONTROL_ESTRUCTURAL","CONTROL_DEFINIDO","C-1737; C-1738; C-1739; C-1740; C-1741; C-1742; C-1743; C-1744; C-1745; C-1746; C-1747; C-1748; C-1749; C-1750; C-1751; C-1752; C-1753; C-1754; C-1755; C-1756; C-1757; C-1758; C-1759; C-1760; C-1761; C-1762; C-1763; C-1764; C-1765; C-1766; C-1767; C-1768; C-1769; C-1770; C-1771; C-1772; C-1773; C-1774; C-1775; C-1776","table-57-14-8-2-nombres-rivales-o-solapados","S01; S06; S89; S111; S124; S125; S126; S129; S130; S134; S135; S137; S146; S378; S383; S421","n/a","n/a","CONTROL::R-0304::TIPO_COMPETENCIA_POR_PAR_DE_NOMBRES","docs/auditorias/controles_requisitos/R-0304.csv","PENDIENTE","PENDIENTE","PENDIENTE","PENDIENTE","Pendiente de prueba nominal automatizada o revisión manual independiente; conservar CONTROL_DEFINIDO."
"R-0305","CIENTIFICO","CUBIERTO","C-1742; C-1743; C-1744; C-1745; C-1746; C-1747; C-1748; C-1749; C-1750; C-1751; C-1763; C-1764; C-1765; C-1766; C-1767; C-1768; C-1769; C-1770","table-57-14-8-2-nombres-rivales-o-solapados","S01; S89; S111; S124; S125; S130; S134; S135; S137; S383","n/a","n/a","n/a","n/a","n/a","n/a","n/a","n/a","Destino semántico explícito."
"R-0306","CIENTIFICO","CUBIERTO","C-1771; C-1772; C-1773; C-1774; C-1775; C-1776","table-57-14-8-2-nombres-rivales-o-solapados; table-58-14-8-3-terminos-problematicos-y-reemplazos","S01; S126; S129","n/a","n/a","n/a","n/a","n/a","n/a","n/a","n/a","Destino semántico explícito."
"R-0307","CONTROL_ESTRUCTURAL","CONTROL_DEFINIDO","n/a","n/a","n/a","n/a","n/a","CONTROL::R-0307::BARRA_APROX_COMO_CONJETURA_NO_DATO","docs/auditorias/controles_requisitos/R-0307.csv","PENDIENTE","PENDIENTE","PENDIENTE","PENDIENTE","Pendiente de prueba nominal automatizada o revisión manual independiente; conservar CONTROL_DEFINIDO."
"R-0308","CONTROL_ESTRUCTURAL","CONTROL_DEFINIDO","n/a","n/a","n/a","n/a","n/a","CONTROL::R-0308::CORRECCION_EXPLICITA_CONJETURA_NOMENCLATURAL","docs/auditorias/controles_requisitos/R-0308.csv","PENDIENTE","PENDIENTE","PENDIENTE","PENDIENTE","Pendiente de prueba nominal automatizada o revisión manual independiente; conservar CONTROL_DEFINIDO."
"R-0309","PADRE","ROLLUP","n/a","n/a","n/a","n/a","n/a","R-0310; R-0311","n/a","n/a","n/a","n/a","n/a","Evaluar por roll-up de hijos. Calcular solo desde los hijos exactos R-0310; R-0311; no heredar un rango de sección."
"R-0310","CIENTIFICO","CUBIERTO","C-1688; C-1689; C-1690; C-1691; C-1692; C-1693; C-1694; C-1695; C-1696; C-1697; C-1698; C-1699; C-1700; C-1701; C-1702; C-1703; C-1704; C-1705; C-1706; C-1707; C-1708; C-1709; C-1710; C-1711","table-56-14-8-1-codigos","S378; S379; S380; S381; S382; S383; S384; S392; S393; S405; S406","n/a","n/a","n/a","n/a","n/a","n/a","n/a","n/a","Destino semántico explícito."
"R-0311","CONTROL_ESTRUCTURAL","CONTROL_DEFINIDO","C-1688; C-1689; C-1690; C-1691; C-1692; C-1693; C-1694; C-1695; C-1696; C-1697; C-1698; C-1699; C-1700; C-1701; C-1702; C-1703; C-1704; C-1705; C-1706; C-1707; C-1708; C-1709; C-1710; C-1711; C-1712; C-1713; C-1714; C-1715; C-1716; C-1717; C-1718; C-1719; C-1720","table-56-14-8-1-codigos; table-58-14-8-3-terminos-problematicos-y-reemplazos","S01; S130; S378; S379; S380; S381; S382; S383; S384; S387; S388; S392; S393; S405; S406","n/a","n/a","CONTROL::R-0311::CODIGO_APLICABLE_Y_DEFINICION_POR_NODO","docs/auditorias/controles_requisitos/R-0311.csv","PENDIENTE","PENDIENTE","PENDIENTE","PENDIENTE","Pendiente de prueba nominal automatizada o revisión manual independiente; conservar CONTROL_DEFINIDO."
"R-0312","PADRE","ROLLUP","n/a","n/a","n/a","n/a","n/a","R-0313; R-0314; R-0315; R-0316; R-0317; R-0318; R-0319; R-0320","n/a","n/a","n/a","n/a","n/a","Evaluar por roll-up de hijos. Calcular solo desde los hijos exactos R-0313; R-0314; R-0315; R-0316; R-0317; R-0318; R-0319; R-0320; no heredar un rango de sección."
"R-0313","CONTROL_ESTRUCTURAL","CONTROL_DEFINIDO","C-1777; C-1778; C-1779; C-1780; C-1781; C-1782; C-1783; C-1784; C-1785; C-1786; C-1787; C-1788; C-1789; C-1790; C-1791; C-1792; C-1793; C-1794; C-1795; C-1796; C-1797; C-1798; C-1799; C-1800; C-1801; C-1802; C-1803; C-1804; C-1805; C-1806; C-1807; C-1808; C-1809; C-1810; C-1811; C-1812; C-1813; C-1814; C-1815; C-1816; C-1817; C-1818; C-1819; C-1820; C-1821; C-1822; C-1823; C-1824; C-1825; C-1826; C-1827; C-1828; C-1829; C-1830; C-1831; C-1832; C-1833; C-1834; C-1835; C-1836; C-1837; C-1838; C-1839; C-1840; C-1841; C-1842; C-1843; C-1844; C-1845; C-1846; C-1847; C-1848; C-1849; C-1850; C-1851; C-1852; C-1853; C-1854; C-1855; C-1856; C-1857; C-1858; C-1859; C-1860; C-1861; C-1862; C-1863; C-1864; C-1865; C-1866; C-1867; C-1868; C-1869; C-1870; C-1871; C-1872; C-1873; C-1874; C-1875; C-1876; C-1877; C-1878; C-1879; C-1880; C-1881; C-1882; C-1883; C-1884; C-1885; C-1886; C-1887; C-1888; C-1889; C-1890; C-1891; C-1892; C-1893","table-58-14-8-3-terminos-problematicos-y-reemplazos","S01; S05; S06; S89; S124; S137; S385; S386; S387; S388; S389; S390; S391; S392; S393; S394; S395; S396; S397; S398; S399; S400; S401; S402; S403; S404; S405; S406; S407; S408; S409; S410; S411; S412; S413; S414; S415; S416; S417; S418; S419; S422; S423; S480; S481; S551","n/a","n/a","CONTROL::R-0313::SECCION_TERMINOS_NO_CLADOS","docs/auditorias/controles_requisitos/R-0313.csv","PENDIENTE","PENDIENTE","PENDIENTE","PENDIENTE","Pendiente de prueba nominal automatizada o revisión manual independiente; conservar CONTROL_DEFINIDO."
"R-0314","CIENTIFICO","CUBIERTO","C-1777; C-1778; C-1779; C-1780; C-1781; C-1782; C-1783; C-1784; C-1785; C-1786; C-1787; C-1788; C-1789; C-1790; C-1791; C-1792; C-1793; C-1794; C-1795; C-1796; C-1797; C-1798; C-1799; C-1800; C-1801; C-1802; C-1803; C-1804; C-1805; C-1806; C-1807; C-1808; C-1809; C-1810; C-1811; C-1812; C-1813; C-1814; C-1815; C-1816; C-1817; C-1818; C-1819; C-1820; C-1821; C-1822; C-1823; C-1824; C-1825; C-1826; C-1827; C-1828; C-1829; C-1830; C-1831; C-1832; C-1833; C-1834; C-1835; C-1836; C-1837; C-1838; C-1839; C-1840; C-1841; C-1842; C-1843; C-1844; C-1845; C-1846; C-1847; C-1848; C-1849; C-1850; C-1851; C-1852; C-1853; C-1854; C-1855; C-1856; C-1857; C-1858; C-1859; C-1860; C-1861; C-1862; C-1863; C-1864; C-1865; C-1866; C-1867; C-1868; C-1869; C-1870; C-1871; C-1872; C-1873; C-1874; C-1875; C-1876; C-1877; C-1878; C-1879; C-1880; C-1881; C-1882; C-1883; C-1884; C-1885; C-1886; C-1887; C-1888; C-1889; C-1890; C-1891; C-1892; C-1893","table-58-14-8-3-terminos-problematicos-y-reemplazos; table-60-15-2-evidencia-retirada-refutada-o-reinterpretada","S01; S05; S06; S89; S124; S137; S385; S386; S387; S388; S389; S390; S391; S392; S393; S394; S395; S396; S397; S398; S399; S400; S401; S402; S403; S404; S405; S406; S407; S408; S409; S410; S411; S412; S413; S414; S415; S416; S417; S418; S419; S422; S423; S480; S481; S551","n/a","n/a","n/a","n/a","n/a","n/a","n/a","n/a","Destino semántico explícito."
"R-0315","CONTROL_ESTRUCTURAL","CONTROL_DEFINIDO","C-1777; C-1778; C-1779; C-1780; C-1781; C-1782; C-1783; C-1784; C-1785; C-1786; C-1787; C-1788; C-1789; C-1790; C-1791; C-1792; C-1793; C-1794; C-1795; C-1796; C-1797; C-1798; C-1799; C-1800; C-1801; C-1802; C-1803; C-1804; C-1805; C-1806; C-1807; C-1808; C-1809; C-1810; C-1811; C-1812; C-1813; C-1814; C-1815; C-1816; C-1817; C-1818; C-1819; C-1820; C-1821; C-1822; C-1823; C-1824; C-1825; C-1826; C-1827; C-1828; C-1829; C-1830; C-1831; C-1832; C-1833; C-1834; C-1835; C-1836; C-1837; C-1838; C-1839; C-1840; C-1841; C-1842; C-1843; C-1844; C-1845; C-1846; C-1847; C-1848; C-1849; C-1850; C-1851; C-1852; C-1853; C-1854; C-1855; C-1856; C-1857; C-1858; C-1859; C-1860; C-1861; C-1862; C-1863; C-1864; C-1865; C-1866; C-1867; C-1868; C-1869; C-1870; C-1871; C-1872; C-1873; C-1874; C-1875; C-1876; C-1877; C-1878; C-1879; C-1880; C-1881; C-1882; C-1883; C-1884; C-1885; C-1886; C-1887; C-1888; C-1889; C-1890; C-1891; C-1892; C-1893","table-58-14-8-3-terminos-problematicos-y-reemplazos","S01; S05; S06; S89; S124; S137; S385; S386; S387; S388; S389; S390; S391; S392; S393; S394; S395; S396; S397; S398; S399; S400; S401; S402; S403; S404; S405; S406; S407; S408; S409; S410; S411; S412; S413; S414; S415; S416; S417; S418; S419; S422; S423; S480; S481; S551","n/a","n/a","CONTROL::R-0315::7_CAMPOS_POR_TERMINO_PROBLEMATICO","docs/auditorias/controles_requisitos/R-0315.csv","PENDIENTE","PENDIENTE","PENDIENTE","PENDIENTE","Pendiente de prueba nominal automatizada o revisión manual independiente; conservar CONTROL_DEFINIDO."
"R-0316","PADRE","ROLLUP","n/a","n/a","n/a","n/a","n/a","R-0317; R-0318; R-0319","n/a","n/a","n/a","n/a","n/a","Advertencia editorial; cobertura por controles de fuente/glosa. Calcular solo desde los hijos exactos R-0317; R-0318; R-0319; no heredar un rango de sección."
"R-0317","CONTROL_ESTRUCTURAL","CONTROL_DEFINIDO","C-1777; C-1778; C-1779; C-1780; C-1781; C-1782; C-1783; C-1784; C-1785; C-1786; C-1787; C-1788; C-1789; C-1790; C-1791; C-1792; C-1793; C-1794; C-1795; C-1796; C-1797; C-1798; C-1799; C-1800; C-1801; C-1802; C-1803; C-1804; C-1805; C-1806; C-1807; C-1808; C-1809; C-1810; C-1811; C-1812; C-1813; C-1814; C-1815; C-1816; C-1817; C-1818; C-1819; C-1820; C-1821; C-1822; C-1823; C-1824; C-1825; C-1826; C-1827; C-1828; C-1829; C-1830; C-1831; C-1832; C-1833; C-1834; C-1835; C-1836; C-1837; C-1838; C-1839; C-1840; C-1841; C-1842; C-1843; C-1844; C-1845; C-1846; C-1847; C-1848; C-1849; C-1850; C-1851; C-1852; C-1853; C-1854; C-1855; C-1856; C-1857; C-1858; C-1859; C-1860; C-1861; C-1862; C-1863; C-1864; C-1865; C-1866; C-1867; C-1868; C-1869; C-1870; C-1871; C-1872; C-1873; C-1874; C-1875; C-1876; C-1877; C-1878; C-1879; C-1880; C-1881; C-1882; C-1883; C-1884; C-1885; C-1886; C-1887; C-1888; C-1889; C-1890; C-1891; C-1892; C-1893","table-58-14-8-3-terminos-problematicos-y-reemplazos","S01; S05; S06; S89; S124; S137; S385; S386; S387; S388; S389; S390; S391; S392; S393; S394; S395; S396; S397; S398; S399; S400; S401; S402; S403; S404; S405; S406; S407; S408; S409; S410; S411; S412; S413; S414; S415; S416; S417; S418; S419; S422; S423; S480; S481; S551","n/a","n/a","CONTROL::R-0317::FUENTE_MINIMA_POR_TERMINO","docs/auditorias/controles_requisitos/R-0317.csv","PENDIENTE","PENDIENTE","PENDIENTE","PENDIENTE","Pendiente de prueba nominal automatizada o revisión manual independiente; conservar CONTROL_DEFINIDO."
"R-0318","CIENTIFICO","CUBIERTO","C-1777; C-1778; C-1779; C-1780; C-1781; C-1782","table-58-14-8-3-terminos-problematicos-y-reemplazos","S01; S05; S137; S386; S422","n/a","n/a","n/a","n/a","n/a","n/a","n/a","n/a","Destino semántico explícito."
"R-0319","CONTROL_ESTRUCTURAL","CONTROL_DEFINIDO","n/a","n/a","n/a","n/a","n/a","CONTROL::R-0319::SIN_CITA_MARCAR_GLOSA","docs/auditorias/controles_requisitos/R-0319.csv","PENDIENTE","PENDIENTE","PENDIENTE","PENDIENTE","Pendiente de prueba nominal automatizada o revisión manual independiente; conservar CONTROL_DEFINIDO."
"R-0320","CONTROL_ESTRUCTURAL","CONTROL_DEFINIDO","n/a","table-58-14-8-3-terminos-problematicos-y-reemplazos","n/a","n/a","n/a","CONTROL::R-0320::LONGITUD_RELATIVA_SECCION14","docs/auditorias/controles_requisitos/R-0320.csv","PENDIENTE","PENDIENTE","PENDIENTE","PENDIENTE","Pendiente de prueba nominal automatizada o revisión manual independiente; conservar CONTROL_DEFINIDO."
"R-0321","PADRE","ROLLUP","n/a","n/a","n/a","n/a","n/a","R-0322; R-0323; R-0324; R-0325; R-0326; R-0327; R-0328; R-0329; R-0330; R-0331; R-0332","n/a","n/a","n/a","n/a","n/a","Evaluar por roll-up de hijos. Calcular solo desde los hijos exactos R-0322; R-0323; R-0324; R-0325; R-0326; R-0327; R-0328; R-0329; R-0330; R-0331; R-0332; no heredar un rango de sección."
"R-0322","CONTROL_ESTRUCTURAL","CONTROL_DEFINIDO","C-1898; C-1899; C-1900; C-1901; C-1902; C-1903; C-1904; C-1905; C-1906; C-1907; C-1908; C-1909; C-1910; C-1911; C-1912; C-1913; C-1914; C-1915; C-1916; C-1917; C-1918; C-1919; C-1920; C-1921; C-1922; C-1923; C-1924; C-1925; C-1926; C-1927; C-1928; C-1929; C-1930","table-59-15-1-mapa-del-terreno-probatorio","S16; S17; S25; S26; S27; S43; S44; S56; S102; S103; S104; S108; S126; S131; S137; S139; S140; S141; S142; S150; S151; S152; S156; S161; S162; S163; S164; S166; S167; S170; S171; S172; S173; S174; S178; S183; S189; S191; S210; S212; S231; S232; S295; S296; S352; S398; S399; S462","n/a","n/a","CONTROL::R-0322::CLASE_APORTE_NO_APORTE_SESGO_RESOLUCION","docs/auditorias/controles_requisitos/R-0322.csv","PENDIENTE","PENDIENTE","PENDIENTE","PENDIENTE","Pendiente de prueba nominal automatizada o revisión manual independiente; conservar CONTROL_DEFINIDO."
"R-0323","PADRE","ROLLUP","n/a","n/a","n/a","n/a","n/a","R-0324; R-0325; R-0326","n/a","n/a","n/a","n/a","n/a","Evaluar por roll-up de hijos. Calcular solo desde los hijos exactos R-0324; R-0325; R-0326; no heredar un rango de sección."
"R-0324","CIENTIFICO","CUBIERTO","C-1916; C-1917; C-1918; C-1919; C-1920; C-1921; C-1922","table-60-15-2-evidencia-retirada-refutada-o-reinterpretada","S170; S172; S174; S212; S231; S232; S295; S296; S398; S399","n/a","n/a","n/a","n/a","n/a","n/a","n/a","n/a","Destino semántico explícito."
"R-0325","CIENTIFICO","CUBIERTO","C-1916; C-1917; C-1918; C-1919; C-1920; C-1921; C-1922","table-60-15-2-evidencia-retirada-refutada-o-reinterpretada","S170; S172; S174; S212; S231; S232; S295; S296; S398; S399","n/a","n/a","n/a","n/a","n/a","n/a","n/a","n/a","Destino semántico explícito."
"R-0326","PADRE","ROLLUP","n/a","n/a","n/a","n/a","n/a","R-0324; R-0325","n/a","n/a","n/a","n/a","n/a","Valor pedagógico sin proposición científica autónoma. Calcular solo desde los hijos exactos R-0324; R-0325; no heredar un rango de sección."
"R-0327","CONTROL_ESTRUCTURAL","CONTROL_DEFINIDO","C-1923; C-1924; C-1925; C-1926; C-1927; C-1928; C-1929; C-1930","table-59-15-1-mapa-del-terreno-probatorio; table-61-15-3-nodos-fechas-y-relaciones-debiles","S25; S26; S56; S102; S103; S104; S126; S131; S137; S139; S140; S141; S152; S156; S162; S163; S164; S166; S167; S189","n/a","n/a","CONTROL::R-0327::NODO_DEBIL_CAUSA_FECHA_RELACION","docs/auditorias/controles_requisitos/R-0327.csv","PENDIENTE","PENDIENTE","PENDIENTE","PENDIENTE","Pendiente de prueba nominal automatizada o revisión manual independiente; conservar CONTROL_DEFINIDO."
"R-0328","PADRE","ROLLUP","n/a","n/a","n/a","n/a","n/a","R-0329; R-0330; R-0331; R-0332","n/a","n/a","n/a","n/a","n/a","Evaluar por roll-up de hijos. Calcular solo desde los hijos exactos R-0329; R-0330; R-0331; R-0332; no heredar un rango de sección."
"R-0329","CONTROL_ESTRUCTURAL","CONTROL_DEFINIDO","C-1931; C-1932; C-1933; C-1934; C-1935; C-1936; C-1937","negative-15-1; negative-15-2; negative-15-3; negative-15-4; negative-15-5; negative-15-6; negative-15-7; negative-15-8; negative-15-9","n/a","n/a","n/a","CONTROL::R-0329::BN_TERMINOS_EXACTOS_O_FUNDAMENTO","docs/auditorias/controles_requisitos/R-0329.csv","PENDIENTE","PENDIENTE","PENDIENTE","PENDIENTE","Pendiente de prueba nominal automatizada o revisión manual independiente; conservar CONTROL_DEFINIDO."
"R-0330","CONTROL_ESTRUCTURAL","CONTROL_DEFINIDO","C-1931; C-1932; C-1933; C-1934; C-1935; C-1936; C-1937","n/a","n/a","n/a","n/a","CONTROL::R-0330::ETIQUETA_EXACTA_POR_HUECO","docs/auditorias/controles_requisitos/R-0330.csv","PENDIENTE","PENDIENTE","PENDIENTE","PENDIENTE","Pendiente de prueba nominal automatizada o revisión manual independiente; conservar CONTROL_DEFINIDO."
"R-0331","CONTROL_ESTRUCTURAL","CONTROL_DEFINIDO","C-1931; C-1932; C-1933; C-1934; C-1935; C-1936; C-1937","n/a","n/a","n/a","n/a","CONTROL::R-0331::SIN_HUECO_NO_ETIQUETADO","docs/auditorias/controles_requisitos/R-0331.csv","PENDIENTE","PENDIENTE","PENDIENTE","PENDIENTE","Pendiente de prueba nominal automatizada o revisión manual independiente; conservar CONTROL_DEFINIDO."
"R-0332","CONTROL_ESTRUCTURAL","CONTROL_DEFINIDO","C-1931; C-1932; C-1933; C-1934; C-1935; C-1936; C-1937","n/a","n/a","n/a","n/a","CONTROL::R-0332::PREFERIR_HUECO_DECLARADO_A_RELLENO","docs/auditorias/controles_requisitos/R-0332.csv","PENDIENTE","PENDIENTE","PENDIENTE","PENDIENTE","Pendiente de prueba nominal automatizada o revisión manual independiente; conservar CONTROL_DEFINIDO."
"R-0333","PADRE","ROLLUP","n/a","n/a","n/a","n/a","n/a","R-0334; R-0335; R-0336; R-0337; R-0338; R-0339; R-0340; R-0341; R-0342; R-0343; R-0344; R-0345; R-0346; R-0347; R-0348; R-0349; R-0350; R-0351; R-0352; R-0353; R-0354; R-0355; R-0356; R-0357; R-0358; R-0359; R-0360; R-0361; R-0362; R-0363; R-0364; R-0365; R-0366; R-0367; R-0368; R-0369; R-0370; R-0371; R-0372; R-0373; R-0374; R-0375; R-0376; R-0377; R-0378; R-0379; R-0380; R-0381; R-0382; R-0383; R-0384; R-0385; R-0386; R-0387; R-0388; R-0389; R-0390; R-0391; R-0392; R-0393; R-0394","n/a","n/a","n/a","n/a","n/a","Marco de base de conocimiento, evaluado por controles de capas y registro. Calcular solo desde los hijos exactos R-0334; R-0335; R-0336; R-0337; R-0338; R-0339; R-0340; R-0341; R-0342; R-0343; R-0344; R-0345; R-0346; R-0347; R-0348; R-0349; R-0350; R-0351; R-0352; R-0353; R-0354; R-0355; R-0356; R-0357; R-0358; R-0359; R-0360; R-0361; R-0362; R-0363; R-0364; R-0365; R-0366; R-0367; R-0368; R-0369; R-0370; R-0371; R-0372; R-0373; R-0374; R-0375; R-0376; R-0377; R-0378; R-0379; R-0380; R-0381; R-0382; R-0383; R-0384; R-0385; R-0386; R-0387; R-0388; R-0389; R-0390; R-0391; R-0392; R-0393; R-0394; no heredar un rango de sección."
"R-0334","PADRE","ROLLUP","n/a","n/a","n/a","n/a","n/a","R-0335; R-0336; R-0337; R-0338; R-0339; R-0340; R-0341","n/a","n/a","n/a","n/a","n/a","Evaluar por roll-up de hijos. Calcular solo desde los hijos exactos R-0335; R-0336; R-0337; R-0338; R-0339; R-0340; R-0341; no heredar un rango de sección."
"R-0335","PADRE","ROLLUP","n/a","n/a","n/a","n/a","n/a","R-0336; R-0339; R-0340; R-0341","n/a","n/a","n/a","n/a","n/a","Evaluar por roll-up de hijos. Calcular solo desde los hijos exactos R-0336; R-0339; R-0340; R-0341; no heredar un rango de sección."
"R-0336","CONTROL_ESTRUCTURAL","CONTROL_DEFINIDO","n/a","n/a","n/a","n/a","n/a","CONTROL::R-0336::PROSA_LEGIBLE_SIN_RESTRICCION_DE_ESTILO","docs/auditorias/controles_requisitos/R-0336.csv","PENDIENTE","PENDIENTE","PENDIENTE","PENDIENTE","Pendiente de prueba nominal automatizada o revisión manual independiente; conservar CONTROL_DEFINIDO."
"R-0337","PADRE","ROLLUP","n/a","n/a","n/a","n/a","n/a","R-0338; R-0339; R-0340; R-0342; R-0343; R-0344; R-0345; R-0346; R-0347; R-0348; R-0349; R-0350; R-0351; R-0352; R-0353; R-0354; R-0355; R-0356; R-0357; R-0358; R-0359; R-0360; R-0361; R-0362; R-0363; R-0364; R-0365; R-0366; R-0367; R-0368; R-0369; R-0370; R-0371; R-0372; R-0373; R-0374; R-0375; R-0376; R-0377; R-0378; R-0379; R-0380; R-0381; R-0382; R-0383; R-0384; R-0385; R-0386; R-0387; R-0388; R-0389; R-0390; R-0391","n/a","n/a","n/a","n/a","n/a","Evaluar por roll-up de hijos. Calcular solo desde los hijos exactos R-0338; R-0339; R-0340; R-0342; R-0343; R-0344; R-0345; R-0346; R-0347; R-0348; R-0349; R-0350; R-0351; R-0352; R-0353; R-0354; R-0355; R-0356; R-0357; R-0358; R-0359; R-0360; R-0361; R-0362; R-0363; R-0364; R-0365; R-0366; R-0367; R-0368; R-0369; R-0370; R-0371; R-0372; R-0373; R-0374; R-0375; R-0376; R-0377; R-0378; R-0379; R-0380; R-0381; R-0382; R-0383; R-0384; R-0385; R-0386; R-0387; R-0388; R-0389; R-0390; R-0391; no heredar un rango de sección."
"R-0338","CONTROL_ESTRUCTURAL","CONTROL_DEFINIDO","n/a","n/a","n/a","n/a","n/a","CONTROL::R-0338::REGISTRO_MAQUINABLE","docs/auditorias/controles_requisitos/R-0338.csv","PENDIENTE","PENDIENTE","PENDIENTE","PENDIENTE","Pendiente de prueba nominal automatizada o revisión manual independiente; conservar CONTROL_DEFINIDO."
"R-0339","CONTROL_ESTRUCTURAL","CONTROL_VERIFICADO","n/a","n/a","n/a","n/a","n/a","CONTROL::R-0339::NINGUNA_AFIRMACION_SOLO_NARRATIVA","docs/auditorias/controles_requisitos/R-0339.csv","corpus_live; control=NINGUNA_AFIRMACION_SOLO_NARRATIVA; clasificacion=AUTOMATIZADO; familias=TRAZABILIDAD_CONTENIDO_EXACTA; ficheros=48; BN_objetivo=0,C_objetivo=0,fallos=0,pruebas=2,pruebas_nominales=2,secciones_markdown=26,segmentos_trazabilidad=3168,tablas_objetivo=0; sha256_censo=5af6ee2be60a27c5b6eab16f885911e8e6489270a97b42e4c923883dc680bf18","python3 scripts/audit_requirement_controls.py --root . --requirement R-0339","CERO_FALLOS","ae8b0d63befe32c313fd4c4e296cabd78c0a32b6259747089c0a4d23513eb487","Control nominal R-0339 ejecutado sobre corpus live; 2 pruebas deterministas, cero fallos."
"R-0340","CONTROL_ESTRUCTURAL","CONTROL_VERIFICADO","n/a","n/a","n/a","n/a","n/a","CONTROL::R-0340::PROSA_A_REGISTRO_COBERTURA_100","docs/auditorias/controles_requisitos/R-0340.csv","corpus_live; control=PROSA_A_REGISTRO_COBERTURA_100; clasificacion=AUTOMATIZADO; familias=TRAZABILIDAD_CONTENIDO_EXACTA; ficheros=48; BN_objetivo=0,C_objetivo=0,fallos=0,pruebas=2,pruebas_nominales=2,secciones_markdown=26,segmentos_trazabilidad=3168,tablas_objetivo=0; sha256_censo=5af6ee2be60a27c5b6eab16f885911e8e6489270a97b42e4c923883dc680bf18","python3 scripts/audit_requirement_controls.py --root . --requirement R-0340","CERO_FALLOS","c4e189a8eb2dac015c10428859d782095e99fd9fae2a0e22a7456c561f2eae84","Control nominal R-0340 ejecutado sobre corpus live; 2 pruebas deterministas, cero fallos."
"R-0341","PADRE","ROLLUP","n/a","n/a","n/a","n/a","n/a","R-0339; R-0340","n/a","n/a","n/a","n/a","n/a","Evaluar por roll-up de hijos. Calcular solo desde los hijos exactos R-0339; R-0340; no heredar un rango de sección."
"R-0342","CONTROL_ESTRUCTURAL","CONTROL_VERIFICADO","n/a","n/a","n/a","n/a","n/a","CONTROL::R-0342::ARISTA_ARBOL_A_FILA_REGISTRO_100","docs/auditorias/controles_requisitos/R-0342.csv","corpus_live; control=ARISTA_ARBOL_A_FILA_REGISTRO_100; clasificacion=AUTOMATIZADO; familias=TRAZABILIDAD_CONTENIDO_EXACTA; ficheros=48; BN_objetivo=0,C_objetivo=0,fallos=0,pruebas=2,pruebas_nominales=2,secciones_markdown=26,segmentos_trazabilidad=3168,tablas_objetivo=0; sha256_censo=5af6ee2be60a27c5b6eab16f885911e8e6489270a97b42e4c923883dc680bf18","python3 scripts/audit_requirement_controls.py --root . --requirement R-0342","CERO_FALLOS","ae7c73f1942822380f6a0840cfe289e25023bb6dc6d52bb3edc45dfbe9edf897","Control nominal R-0342 ejecutado sobre corpus live; 2 pruebas deterministas, cero fallos."
"R-0343","CONTROL_ESTRUCTURAL","CONTROL_DEFINIDO","n/a","n/a","n/a","n/a","n/a","CONTROL::R-0343::TABLA_AFIRMACIONES_AL_FINAL_CADA_SECCION","docs/auditorias/controles_requisitos/R-0343.csv","PENDIENTE","PENDIENTE","PENDIENTE","PENDIENTE","Pendiente de prueba nominal automatizada o revisión manual independiente; conservar CONTROL_DEFINIDO."
"R-0344","CONTROL_ESTRUCTURAL","CONTROL_DEFINIDO","n/a","n/a","n/a","n/a","n/a","CONTROL::R-0344::ATOMICIDAD_PROPOSICIONES_PARRAFO","docs/auditorias/controles_requisitos/R-0344.csv","PENDIENTE","PENDIENTE","PENDIENTE","PENDIENTE","Pendiente de prueba nominal automatizada o revisión manual independiente; conservar CONTROL_DEFINIDO."
"R-0345","CONTROL_ESTRUCTURAL","CONTROL_DEFINIDO","n/a","n/a","n/a","n/a","n/a","CONTROL::R-0345::PRUEBA_ATOMICIDAD_MITADES","docs/auditorias/controles_requisitos/R-0345.csv","PENDIENTE","PENDIENTE","PENDIENTE","PENDIENTE","Pendiente de prueba nominal automatizada o revisión manual independiente; conservar CONTROL_DEFINIDO."
"R-0346","PADRE","ROLLUP","n/a","n/a","n/a","n/a","n/a","R-0347; R-0348; R-0349; R-0350; R-0351; R-0352; R-0353; R-0354; R-0355; R-0356; R-0357; R-0358; R-0359; R-0360; R-0361; R-0362; R-0363; R-0364; R-0365; R-0366; R-0367; R-0368; R-0369; R-0370; R-0371; R-0372; R-0373; R-0374; R-0375; R-0376; R-0377; R-0378; R-0379; R-0380; R-0381; R-0382; R-0383; R-0384; R-0385; R-0386; R-0387; R-0388; R-0389; R-0390; R-0391","n/a","n/a","n/a","n/a","n/a","Evaluar por roll-up de hijos. Calcular solo desde los hijos exactos R-0347; R-0348; R-0349; R-0350; R-0351; R-0352; R-0353; R-0354; R-0355; R-0356; R-0357; R-0358; R-0359; R-0360; R-0361; R-0362; R-0363; R-0364; R-0365; R-0366; R-0367; R-0368; R-0369; R-0370; R-0371; R-0372; R-0373; R-0374; R-0375; R-0376; R-0377; R-0378; R-0379; R-0380; R-0381; R-0382; R-0383; R-0384; R-0385; R-0386; R-0387; R-0388; R-0389; R-0390; R-0391; no heredar un rango de sección."
"R-0347","CONTROL_ESTRUCTURAL","CONTROL_VERIFICADO","n/a","n/a","n/a","n/a","n/a","CONTROL::R-0347::11_COLUMNAS_ORDEN_EXACTO","docs/auditorias/controles_requisitos/R-0347.csv","corpus_live; control=11_COLUMNAS_ORDEN_EXACTO; clasificacion=AUTOMATIZADO; familias=ESQUEMA_AFIRMACIONES; ficheros=19; BN_objetivo=0,C_objetivo=0,afirmaciones=1946,fallos=0,pruebas=9,pruebas_nominales=9,tablas_objetivo=0; sha256_censo=c8c1b75107d513f1792e082730b3931c3783c738f1a48a9eda180e865a4dd614","python3 scripts/audit_requirement_controls.py --root . --requirement R-0347","CERO_FALLOS","a5d97fa815bf1d338eafa7f1cb802688bd6f2324f1ffa939acd0b28ba6d70ee9","Control nominal R-0347 ejecutado sobre corpus live; 9 pruebas deterministas, cero fallos."
"R-0348","CONTROL_ESTRUCTURAL","CONTROL_VERIFICADO","n/a","n/a","n/a","n/a","n/a","CONTROL::R-0348::ID_C_GLOBAL_CORRELATIVO_NO_REINICIADO","docs/auditorias/controles_requisitos/R-0348.csv","corpus_live; control=ID_C_GLOBAL_CORRELATIVO_NO_REINICIADO; clasificacion=AUTOMATIZADO; familias=ESQUEMA_AFIRMACIONES; ficheros=19; BN_objetivo=0,C_objetivo=0,afirmaciones=1946,fallos=0,pruebas=9,pruebas_nominales=9,tablas_objetivo=0; sha256_censo=c8c1b75107d513f1792e082730b3931c3783c738f1a48a9eda180e865a4dd614","python3 scripts/audit_requirement_controls.py --root . --requirement R-0348","CERO_FALLOS","691a6b80e800ee9e8d8fe7d1a9ea62819cbb1a80fa08488c90606cb662cbcc98","Control nominal R-0348 ejecutado sobre corpus live; 9 pruebas deterministas, cero fallos."
"R-0349","CONTROL_ESTRUCTURAL","CONTROL_DEFINIDO","n/a","n/a","n/a","n/a","n/a","CONTROL::R-0349::AFIRMACION_DECLARATIVA_VERIFICABLE","docs/auditorias/controles_requisitos/R-0349.csv","PENDIENTE","PENDIENTE","PENDIENTE","PENDIENTE","Pendiente de prueba nominal automatizada o revisión manual independiente; conservar CONTROL_DEFINIDO."
"R-0350","CONTROL_ESTRUCTURAL","CONTROL_DEFINIDO","n/a","n/a","n/a","n/a","n/a","CONTROL::R-0350::EQUIVALENCIA_SPO","docs/auditorias/controles_requisitos/R-0350.csv","PENDIENTE","PENDIENTE","PENDIENTE","PENDIENTE","Pendiente de prueba nominal automatizada o revisión manual independiente; conservar CONTROL_DEFINIDO."
"R-0351","CONTROL_ESTRUCTURAL","CONTROL_DEFINIDO","n/a","n/a","n/a","n/a","n/a","CONTROL::R-0351::VOCABULARIO_PREDICADOS_PREFERENTE","docs/auditorias/controles_requisitos/R-0351.csv","PENDIENTE","PENDIENTE","PENDIENTE","PENDIENTE","Pendiente de prueba nominal automatizada o revisión manual independiente; conservar CONTROL_DEFINIDO."
"R-0352","CONTROL_ESTRUCTURAL","CONTROL_DEFINIDO","n/a","n/a","n/a","n/a","n/a","CONTROL::R-0352::PREDICADO_NUEVO_CON_ASTERISCO","docs/auditorias/controles_requisitos/R-0352.csv","PENDIENTE","PENDIENTE","PENDIENTE","PENDIENTE","Pendiente de prueba nominal automatizada o revisión manual independiente; conservar CONTROL_DEFINIDO."
"R-0353","CONTROL_ESTRUCTURAL","CONTROL_VERIFICADO","n/a","n/a","n/a","n/a","n/a","CONTROL::R-0353::ATRIBUCION_UNO_DE_TRES_VALORES","docs/auditorias/controles_requisitos/R-0353.csv","corpus_live; control=ATRIBUCION_UNO_DE_TRES_VALORES; clasificacion=AUTOMATIZADO; familias=ESQUEMA_AFIRMACIONES; ficheros=19; BN_objetivo=0,C_objetivo=0,afirmaciones=1946,fallos=0,pruebas=9,pruebas_nominales=9,tablas_objetivo=0; sha256_censo=c8c1b75107d513f1792e082730b3931c3783c738f1a48a9eda180e865a4dd614","python3 scripts/audit_requirement_controls.py --root . --requirement R-0353","CERO_FALLOS","69c83c096b508c45289f6c7ac91c7e25115a959ba8a45cd1cb95ae5e5d57b9a4","Control nominal R-0353 ejecutado sobre corpus live; 9 pruebas deterministas, cero fallos."
"R-0354","CONTROL_ESTRUCTURAL","CONTROL_DEFINIDO","n/a","n/a","n/a","n/a","n/a","CONTROL::R-0354::SINTESIS_CON_FILAS_ORIGEN_O_GLOSA","docs/auditorias/controles_requisitos/R-0354.csv","PENDIENTE","PENDIENTE","PENDIENTE","PENDIENTE","Pendiente de prueba nominal automatizada o revisión manual independiente; conservar CONTROL_DEFINIDO."
"R-0355","CONTROL_ESTRUCTURAL","CONTROL_DEFINIDO","n/a","n/a","n/a","n/a","n/a","CONTROL::R-0355::NO_ATRIBUIR_GLOSA_A_FUENTE","docs/auditorias/controles_requisitos/R-0355.csv","PENDIENTE","PENDIENTE","PENDIENTE","PENDIENTE","Pendiente de prueba nominal automatizada o revisión manual independiente; conservar CONTROL_DEFINIDO."
"R-0356","CONTROL_ESTRUCTURAL","CONTROL_DEFINIDO","n/a","n/a","n/a","n/a","n/a","CONTROL::R-0356::FUENTE_CLAVE_Y_LOCALIZADOR_EXACTO","docs/auditorias/controles_requisitos/R-0356.csv","PENDIENTE","PENDIENTE","PENDIENTE","PENDIENTE","Pendiente de prueba nominal automatizada o revisión manual independiente; conservar CONTROL_DEFINIDO."
"R-0357","PADRE","ROLLUP","n/a","n/a","n/a","n/a","n/a","R-0356","n/a","n/a","n/a","n/a","n/a","Fragmento de ejemplo de formato de localizador; se valida con R-0356. Calcular solo desde los hijos exactos R-0356; no heredar un rango de sección."
"R-0358","CONTROL_ESTRUCTURAL","CONTROL_DEFINIDO","n/a","n/a","n/a","n/a","n/a","CONTROL::R-0358::SIN_LOCALIZADOR_SOLO_TESIS_GENERAL","docs/auditorias/controles_requisitos/R-0358.csv","PENDIENTE","PENDIENTE","PENDIENTE","PENDIENTE","Pendiente de prueba nominal automatizada o revisión manual independiente; conservar CONTROL_DEFINIDO."
"R-0359","CONTROL_ESTRUCTURAL","CONTROL_DEFINIDO","n/a","n/a","n/a","n/a","n/a","CONTROL::R-0359::LOCALIZADOR_OBLIGATORIO_CIFRA_INTERVALO_SOPORTE_CARACTER","docs/auditorias/controles_requisitos/R-0359.csv","PENDIENTE","PENDIENTE","PENDIENTE","PENDIENTE","Pendiente de prueba nominal automatizada o revisión manual independiente; conservar CONTROL_DEFINIDO."
"R-0360","CONTROL_ESTRUCTURAL","CONTROL_DEFINIDO","n/a","n/a","n/a","n/a","n/a","CONTROL::R-0360::SIN_LOCALIZAR_HONESTO","docs/auditorias/controles_requisitos/R-0360.csv","PENDIENTE","PENDIENTE","PENDIENTE","PENDIENTE","Pendiente de prueba nominal automatizada o revisión manual independiente; conservar CONTROL_DEFINIDO."
"R-0361","CONTROL_ESTRUCTURAL","CONTROL_VERIFICADO","n/a","n/a","n/a","n/a","n/a","CONTROL::R-0361::ACEPTACION_ENUM_5","docs/auditorias/controles_requisitos/R-0361.csv","corpus_live; control=ACEPTACION_ENUM_5; clasificacion=AUTOMATIZADO; familias=ESQUEMA_AFIRMACIONES; ficheros=19; BN_objetivo=0,C_objetivo=0,afirmaciones=1946,fallos=0,pruebas=9,pruebas_nominales=9,tablas_objetivo=0; sha256_censo=c8c1b75107d513f1792e082730b3931c3783c738f1a48a9eda180e865a4dd614","python3 scripts/audit_requirement_controls.py --root . --requirement R-0361","CERO_FALLOS","279bec3c7081dccd6c9b82c6167510bb751fadc9880258cfb205d62ecd8f88ae","Control nominal R-0361 ejecutado sobre corpus live; 9 pruebas deterministas, cero fallos."
"R-0362","CONTROL_ESTRUCTURAL","CONTROL_DEFINIDO","n/a","n/a","n/a","n/a","n/a","CONTROL::R-0362::ACEPTACION_CON_FUENTE_APOYO_Y_DISCREPANCIA","docs/auditorias/controles_requisitos/R-0362.csv","PENDIENTE","PENDIENTE","PENDIENTE","PENDIENTE","Pendiente de prueba nominal automatizada o revisión manual independiente; conservar CONTROL_DEFINIDO."
"R-0363","CONTROL_ESTRUCTURAL","CONTROL_DEFINIDO","n/a","n/a","n/a","n/a","n/a","CONTROL::R-0363::ACEPTACION_FALLBACK_NO_EVALUADO","docs/auditorias/controles_requisitos/R-0363.csv","PENDIENTE","PENDIENTE","PENDIENTE","PENDIENTE","Pendiente de prueba nominal automatizada o revisión manual independiente; conservar CONTROL_DEFINIDO."
"R-0364","CONTROL_ESTRUCTURAL","CONTROL_VERIFICADO","n/a","n/a","n/a","n/a","n/a","CONTROL::R-0364::FUERZA_ENUM_4","docs/auditorias/controles_requisitos/R-0364.csv","corpus_live; control=FUERZA_ENUM_4; clasificacion=AUTOMATIZADO; familias=ESQUEMA_AFIRMACIONES; ficheros=19; BN_objetivo=0,C_objetivo=0,afirmaciones=1946,fallos=0,pruebas=9,pruebas_nominales=9,tablas_objetivo=0; sha256_censo=c8c1b75107d513f1792e082730b3931c3783c738f1a48a9eda180e865a4dd614","python3 scripts/audit_requirement_controls.py --root . --requirement R-0364","CERO_FALLOS","9e54672c9aa4e35985ac80f3836d6bcb77ee7e66cf809a921c1deb76337bd734","Control nominal R-0364 ejecutado sobre corpus live; 9 pruebas deterministas, cero fallos."
"R-0365","CONTROL_ESTRUCTURAL","CONTROL_VERIFICADO","n/a","n/a","n/a","n/a","n/a","CONTROL::R-0365::MOTIVO_FUERZA_OBLIGATORIO","docs/auditorias/controles_requisitos/R-0365.csv","corpus_live; control=MOTIVO_FUERZA_OBLIGATORIO; clasificacion=AUTOMATIZADO; familias=ESQUEMA_AFIRMACIONES; ficheros=19; BN_objetivo=0,C_objetivo=0,afirmaciones=1946,fallos=0,pruebas=9,pruebas_nominales=9,tablas_objetivo=0; sha256_censo=c8c1b75107d513f1792e082730b3931c3783c738f1a48a9eda180e865a4dd614","python3 scripts/audit_requirement_controls.py --root . --requirement R-0365","CERO_FALLOS","026500b013aea6280a7fa7594c3654597ed3769fdace486afb54fb79d50920d5","Control nominal R-0365 ejecutado sobre corpus live; 9 pruebas deterministas, cero fallos."
"R-0366","CONTROL_ESTRUCTURAL","CONTROL_VERIFICADO","n/a","n/a","n/a","n/a","n/a","CONTROL::R-0366::SIN_MOTIVO_FUERZA_INVALIDA","docs/auditorias/controles_requisitos/R-0366.csv","corpus_live; control=SIN_MOTIVO_FUERZA_INVALIDA; clasificacion=AUTOMATIZADO; familias=ESQUEMA_AFIRMACIONES; ficheros=19; BN_objetivo=0,C_objetivo=0,afirmaciones=1946,fallos=0,pruebas=9,pruebas_nominales=9,tablas_objetivo=0; sha256_censo=c8c1b75107d513f1792e082730b3931c3783c738f1a48a9eda180e865a4dd614","python3 scripts/audit_requirement_controls.py --root . --requirement R-0366","CERO_FALLOS","7c661da181fbe3b244168d9b5be5625c78dd6dc5bba2045da33f1398107aa668","Control nominal R-0366 ejecutado sobre corpus live; 9 pruebas deterministas, cero fallos."
"R-0367","CONTROL_ESTRUCTURAL","CONTROL_VERIFICADO","n/a","n/a","n/a","n/a","n/a","CONTROL::R-0367::RESOLUCION_ENUM_4","docs/auditorias/controles_requisitos/R-0367.csv","corpus_live; control=RESOLUCION_ENUM_4; clasificacion=AUTOMATIZADO; familias=ESQUEMA_AFIRMACIONES; ficheros=19; BN_objetivo=0,C_objetivo=0,afirmaciones=1946,fallos=0,pruebas=9,pruebas_nominales=9,tablas_objetivo=0; sha256_censo=c8c1b75107d513f1792e082730b3931c3783c738f1a48a9eda180e865a4dd614","python3 scripts/audit_requirement_controls.py --root . --requirement R-0367","CERO_FALLOS","4fed12af9a15623ea1c8201b29008c2069f0f2c80f7119badfd4aef0d8dd6bce","Control nominal R-0367 ejecutado sobre corpus live; 9 pruebas deterministas, cero fallos."
"R-0368","CONTROL_ESTRUCTURAL","CONTROL_DEFINIDO","n/a","n/a","n/a","n/a","n/a","CONTROL::R-0368::DISPUTA_DISTINTA_DE_INSUFICIENCIA","docs/auditorias/controles_requisitos/R-0368.csv","PENDIENTE","PENDIENTE","PENDIENTE","PENDIENTE","Pendiente de prueba nominal automatizada o revisión manual independiente; conservar CONTROL_DEFINIDO."
"R-0369","CONTROL_ESTRUCTURAL","CONTROL_VERIFICADO","n/a","n/a","n/a","n/a","n/a","CONTROL::R-0369::VIGENCIA_ENUM_4","docs/auditorias/controles_requisitos/R-0369.csv","corpus_live; control=VIGENCIA_ENUM_4; clasificacion=AUTOMATIZADO; familias=ESQUEMA_AFIRMACIONES; ficheros=19; BN_objetivo=0,C_objetivo=0,afirmaciones=1946,fallos=0,pruebas=9,pruebas_nominales=9,tablas_objetivo=0; sha256_censo=c8c1b75107d513f1792e082730b3931c3783c738f1a48a9eda180e865a4dd614","python3 scripts/audit_requirement_controls.py --root . --requirement R-0369","CERO_FALLOS","0ccbf24a664cebc448af544b34611c009e18a0163bdf9a4dd5e30cf80c083a99","Control nominal R-0369 ejecutado sobre corpus live; 9 pruebas deterministas, cero fallos."
"R-0370","CONTROL_ESTRUCTURAL","CONTROL_DEFINIDO","n/a","n/a","n/a","n/a","n/a","CONTROL::R-0370::VIGENCIA_APLICA_NOMBRES_HIPOTESIS","docs/auditorias/controles_requisitos/R-0370.csv","PENDIENTE","PENDIENTE","PENDIENTE","PENDIENTE","Pendiente de prueba nominal automatizada o revisión manual independiente; conservar CONTROL_DEFINIDO."
"R-0371","CONTROL_ESTRUCTURAL","CONTROL_DEFINIDO","n/a","n/a","n/a","n/a","n/a","CONTROL::R-0371::CIRCUNSCRIPCION_ABANDONADA_HISTORICA","docs/auditorias/controles_requisitos/R-0371.csv","PENDIENTE","PENDIENTE","PENDIENTE","PENDIENTE","Pendiente de prueba nominal automatizada o revisión manual independiente; conservar CONTROL_DEFINIDO."
"R-0372","PADRE","ROLLUP","n/a","n/a","n/a","n/a","n/a","R-0373; R-0374","n/a","n/a","n/a","n/a","n/a","Evaluar por roll-up de hijos. Calcular solo desde los hijos exactos R-0373; R-0374; no heredar un rango de sección."
"R-0373","CONTROL_ESTRUCTURAL","CONTROL_DEFINIDO","n/a","n/a","n/a","n/a","n/a","CONTROL::R-0373::INDEPENDENCIA_EJES_NO_CONTRADICCION","docs/auditorias/controles_requisitos/R-0373.csv","PENDIENTE","PENDIENTE","PENDIENTE","PENDIENTE","Pendiente de prueba nominal automatizada o revisión manual independiente; conservar CONTROL_DEFINIDO."
"R-0374","CONTROL_ESTRUCTURAL","CONTROL_DEFINIDO","n/a","n/a","n/a","n/a","n/a","CONTROL::R-0374::EJES_NO_MEZCLAR_PROMEDIAR_PORCENTAJE","docs/auditorias/controles_requisitos/R-0374.csv","PENDIENTE","PENDIENTE","PENDIENTE","PENDIENTE","Pendiente de prueba nominal automatizada o revisión manual independiente; conservar CONTROL_DEFINIDO."
"R-0375","PADRE","ROLLUP","n/a","n/a","n/a","n/a","n/a","R-0376; R-0377; R-0378; R-0379; R-0380; R-0381; R-0382; R-0383; R-0384; R-0385","n/a","n/a","n/a","n/a","n/a","Evaluar por roll-up de hijos. Calcular solo desde los hijos exactos R-0376; R-0377; R-0378; R-0379; R-0380; R-0381; R-0382; R-0383; R-0384; R-0385; no heredar un rango de sección."
"R-0376","CONTROL_ESTRUCTURAL","CONTROL_DEFINIDO","n/a","n/a","n/a","n/a","n/a","CONTROL::R-0376::RECHAZO_COMO_FILA","docs/auditorias/controles_requisitos/R-0376.csv","PENDIENTE","PENDIENTE","PENDIENTE","PENDIENTE","Pendiente de prueba nominal automatizada o revisión manual independiente; conservar CONTROL_DEFINIDO."
"R-0377","CONTROL_ESTRUCTURAL","CONTROL_DEFINIDO","n/a","n/a","n/a","n/a","n/a","CONTROL::R-0377::CUESTIONADO_POR_FILA_EXPLICITA","docs/auditorias/controles_requisitos/R-0377.csv","PENDIENTE","PENDIENTE","PENDIENTE","PENDIENTE","Pendiente de prueba nominal automatizada o revisión manual independiente; conservar CONTROL_DEFINIDO."
"R-0378","CONTROL_ESTRUCTURAL","CONTROL_DEFINIDO","n/a","n/a","n/a","n/a","n/a","CONTROL::R-0378::CONSERVAR_FILA_CUESTIONADA","docs/auditorias/controles_requisitos/R-0378.csv","PENDIENTE","PENDIENTE","PENDIENTE","PENDIENTE","Pendiente de prueba nominal automatizada o revisión manual independiente; conservar CONTROL_DEFINIDO."
"R-0379","CONTROL_ESTRUCTURAL","CONTROL_DEFINIDO","n/a","n/a","n/a","n/a","n/a","CONTROL::R-0379::CONTRAEVIDENCIA_DEBILITA_FILA","docs/auditorias/controles_requisitos/R-0379.csv","PENDIENTE","PENDIENTE","PENDIENTE","PENDIENTE","Pendiente de prueba nominal automatizada o revisión manual independiente; conservar CONTROL_DEFINIDO."
"R-0380","CONTROL_ESTRUCTURAL","CONTROL_DEFINIDO","n/a","n/a","n/a","n/a","n/a","CONTROL::R-0380::CITA_LITERAL_CARGA_EPISTEMICA","docs/auditorias/controles_requisitos/R-0380.csv","PENDIENTE","PENDIENTE","PENDIENTE","PENDIENTE","Pendiente de prueba nominal automatizada o revisión manual independiente; conservar CONTROL_DEFINIDO."
"R-0381","CONTROL_ESTRUCTURAL","CONTROL_DEFINIDO","n/a","n/a","n/a","n/a","n/a","CONTROL::R-0381::NO_ELEVAR_CONSISTENTE_A_DEMUESTRA","docs/auditorias/controles_requisitos/R-0381.csv","PENDIENTE","PENDIENTE","PENDIENTE","PENDIENTE","Pendiente de prueba nominal automatizada o revisión manual independiente; conservar CONTROL_DEFINIDO."
"R-0382","CONTROL_ESTRUCTURAL","CONTROL_DEFINIDO","n/a","n/a","n/a","n/a","n/a","CONTROL::R-0382::NO_REBAJAR_CANNOT_BE_RULED_OUT","docs/auditorias/controles_requisitos/R-0382.csv","PENDIENTE","PENDIENTE","PENDIENTE","PENDIENTE","Pendiente de prueba nominal automatizada o revisión manual independiente; conservar CONTROL_DEFINIDO."
"R-0383","CONTROL_ESTRUCTURAL","CONTROL_DEFINIDO","n/a","n/a","n/a","n/a","n/a","CONTROL::R-0383::FRAGMENTO_ORIGINAL_Y_LOCALIZADOR","docs/auditorias/controles_requisitos/R-0383.csv","PENDIENTE","PENDIENTE","PENDIENTE","PENDIENTE","Pendiente de prueba nominal automatizada o revisión manual independiente; conservar CONTROL_DEFINIDO."
"R-0384","CONTROL_ESTRUCTURAL","CONTROL_DEFINIDO","n/a","n/a","n/a","n/a","n/a","CONTROL::R-0384::CITA_LITERAL_VERBO_NEGACION_ALCANCE","docs/auditorias/controles_requisitos/R-0384.csv","PENDIENTE","PENDIENTE","PENDIENTE","PENDIENTE","Pendiente de prueba nominal automatizada o revisión manual independiente; conservar CONTROL_DEFINIDO."
"R-0385","PADRE","ROLLUP","n/a","n/a","n/a","n/a","n/a","R-0380; R-0381; R-0382; R-0383; R-0384","n/a","n/a","n/a","n/a","n/a","Preferencia de auditabilidad cubierta por controles precedentes. Calcular solo desde los hijos exactos R-0380; R-0381; R-0382; R-0383; R-0384; no heredar un rango de sección."
"R-0386","PADRE","ROLLUP","n/a","n/a","n/a","n/a","n/a","R-0387; R-0388; R-0389; R-0390; R-0391","n/a","n/a","n/a","n/a","n/a","Evaluar por roll-up de hijos. Calcular solo desde los hijos exactos R-0387; R-0388; R-0389; R-0390; R-0391; no heredar un rango de sección."
"R-0387","CONTROL_ESTRUCTURAL","CONTROL_DEFINIDO","n/a","n/a","n/a","n/a","n/a","CONTROL::R-0387::TOPOLOGIA_MATRIZ_MUESTREO_MODELO_APOYO","docs/auditorias/controles_requisitos/R-0387.csv","PENDIENTE","PENDIENTE","PENDIENTE","PENDIENTE","Pendiente de prueba nominal automatizada o revisión manual independiente; conservar CONTROL_DEFINIDO."
"R-0388","CONTROL_ESTRUCTURAL","CONTROL_DEFINIDO","n/a","n/a","n/a","n/a","n/a","CONTROL::R-0388::PRUEBAS_ARTEFACTO_POR_TOPOLOGIA","docs/auditorias/controles_requisitos/R-0388.csv","PENDIENTE","PENDIENTE","PENDIENTE","PENDIENTE","Pendiente de prueba nominal automatizada o revisión manual independiente; conservar CONTROL_DEFINIDO."
"R-0389","CONTROL_ESTRUCTURAL","CONTROL_DEFINIDO","n/a","n/a","n/a","n/a","n/a","CONTROL::R-0389::DISCREPANCIA_DATOS_VS_MODELO","docs/auditorias/controles_requisitos/R-0389.csv","PENDIENTE","PENDIENTE","PENDIENTE","PENDIENTE","Pendiente de prueba nominal automatizada o revisión manual independiente; conservar CONTROL_DEFINIDO."
"R-0390","CONTROL_ESTRUCTURAL","CONTROL_DEFINIDO","n/a","n/a","n/a","n/a","n/a","CONTROL::R-0390::SOPORTE_CUANTITATIVO_LITERAL","docs/auditorias/controles_requisitos/R-0390.csv","PENDIENTE","PENDIENTE","PENDIENTE","PENDIENTE","Pendiente de prueba nominal automatizada o revisión manual independiente; conservar CONTROL_DEFINIDO."
"R-0391","CONTROL_ESTRUCTURAL","CONTROL_DEFINIDO","n/a","n/a","n/a","n/a","n/a","CONTROL::R-0391::NO_CONVERTIR_MEDIDAS_SOPORTE","docs/auditorias/controles_requisitos/R-0391.csv","PENDIENTE","PENDIENTE","PENDIENTE","PENDIENTE","Pendiente de prueba nominal automatizada o revisión manual independiente; conservar CONTROL_DEFINIDO."
"R-0392","PADRE","ROLLUP","n/a","n/a","n/a","n/a","n/a","R-0393; R-0394","n/a","n/a","n/a","n/a","n/a","Evaluar por roll-up de hijos. Calcular solo desde los hijos exactos R-0393; R-0394; no heredar un rango de sección."
"R-0393","CONTROL_ESTRUCTURAL","CONTROL_VERIFICADO","n/a","n/a","n/a","n/a","n/a","CONTROL::R-0393::ORACION_CIENTIFICA_CON_C","docs/auditorias/controles_requisitos/R-0393.csv","corpus_live; control=ORACION_CIENTIFICA_CON_C; clasificacion=AUTOMATIZADO; familias=TRAZABILIDAD_CONTENIDO_EXACTA; ficheros=48; BN_objetivo=0,C_objetivo=0,fallos=0,pruebas=2,pruebas_nominales=2,secciones_markdown=26,segmentos_trazabilidad=3168,tablas_objetivo=0; sha256_censo=5af6ee2be60a27c5b6eab16f885911e8e6489270a97b42e4c923883dc680bf18","python3 scripts/audit_requirement_controls.py --root . --requirement R-0393","CERO_FALLOS","a14210b5b0a4d4bb82fb0cd5c827411d52cd40c440b1492957a6a1af62e20534","Control nominal R-0393 ejecutado sobre corpus live; 2 pruebas deterministas, cero fallos."
"R-0394","CONTROL_ESTRUCTURAL","CONTROL_DEFINIDO","n/a","n/a","n/a","n/a","n/a","CONTROL::R-0394::SIN_FUENTE_MARCADOR_Y_MOTIVO","docs/auditorias/controles_requisitos/R-0394.csv","PENDIENTE","PENDIENTE","PENDIENTE","PENDIENTE","Pendiente de prueba nominal automatizada o revisión manual independiente; conservar CONTROL_DEFINIDO."
"R-0395","PADRE","ROLLUP","n/a","n/a","n/a","n/a","n/a","R-0396; R-0397; R-0398","n/a","n/a","n/a","n/a","n/a","Encabezado de regla de ordenación cuando falta cifra; completar con hijos siguientes. Calcular solo desde los hijos exactos R-0396; R-0397; R-0398; no heredar un rango de sección."
"R-0396","CONTROL_ESTRUCTURAL","CONTROL_DEFINIDO","n/a","n/a","n/a","n/a","n/a","CONTROL::R-0396::ORDEN_CUALITATIVO_CON_FUENTE_Y_ETIQUETA","docs/auditorias/controles_requisitos/R-0396.csv","PENDIENTE","PENDIENTE","PENDIENTE","PENDIENTE","Pendiente de prueba nominal automatizada o revisión manual independiente; conservar CONTROL_DEFINIDO."
"R-0397","CONTROL_ESTRUCTURAL","CONTROL_DEFINIDO","n/a","n/a","n/a","n/a","n/a","CONTROL::R-0397::NO_CIFRA_PLAUSIBLE_SIN_FUENTE","docs/auditorias/controles_requisitos/R-0397.csv","PENDIENTE","PENDIENTE","PENDIENTE","PENDIENTE","Pendiente de prueba nominal automatizada o revisión manual independiente; conservar CONTROL_DEFINIDO."
"R-0398","CONTROL_ESTRUCTURAL","CONTROL_DEFINIDO","n/a","n/a","n/a","n/a","n/a","CONTROL::R-0398::TABLAS_MARKDOWN_COLUMNAS_ORDEN_SIN_EXTRAS","docs/auditorias/controles_requisitos/R-0398.csv","PENDIENTE","PENDIENTE","PENDIENTE","PENDIENTE","Pendiente de prueba nominal automatizada o revisión manual independiente; conservar CONTROL_DEFINIDO."
"R-0399","CONTROL_ESTRUCTURAL","CONTROL_DEFINIDO","n/a","n/a","n/a","n/a","n/a","CONTROL::R-0399::SOLO_CLAVES_LOCALES_C_S_E_H","docs/auditorias/controles_requisitos/R-0399.csv","PENDIENTE","PENDIENTE","PENDIENTE","PENDIENTE","Pendiente de prueba nominal automatizada o revisión manual independiente; conservar CONTROL_DEFINIDO."
"R-0400","CONTROL_ESTRUCTURAL","CONTROL_DEFINIDO","n/a","n/a","n/a","n/a","n/a","CONTROL::R-0400::PREFIJOS_EXTERNOS_PROHIBIDOS","docs/auditorias/controles_requisitos/R-0400.csv","PENDIENTE","PENDIENTE","PENDIENTE","PENDIENTE","Pendiente de prueba nominal automatizada o revisión manual independiente; conservar CONTROL_DEFINIDO."
"R-0401","CONTROL_ESTRUCTURAL","CONTROL_DEFINIDO","n/a","n/a","n/a","n/a","n/a","CONTROL::R-0401::NA_EN_CAMPO_NO_APLICA","docs/auditorias/controles_requisitos/R-0401.csv","PENDIENTE","PENDIENTE","PENDIENTE","PENDIENTE","Pendiente de prueba nominal automatizada o revisión manual independiente; conservar CONTROL_DEFINIDO."
"R-0402","CONTROL_ESTRUCTURAL","CONTROL_VERIFICADO","n/a","n/a","n/a","n/a","n/a","CONTROL::R-0402::SIN_CAMPOS_EN_BLANCO","docs/auditorias/controles_requisitos/R-0402.csv","corpus_live; control=SIN_CAMPOS_EN_BLANCO; clasificacion=AUTOMATIZADO; familias=CENSO_CELDAS_MAQUINABLES; ficheros=95; BN_objetivo=0,C_objetivo=0,fallos=0,filas_maquinables=8528,pruebas=1,pruebas_nominales=1,tablas_objetivo=0; sha256_censo=000877034218fa47f3e2f8bfb41e900f655fd9a6f2f3417411cf56f17068e4ce","python3 scripts/audit_requirement_controls.py --root . --requirement R-0402","CERO_FALLOS","13c9448a411df788b9b5ab35b69077aaf03869efc07c18be8261aa6b89d83ed4","Control nominal R-0402 ejecutado sobre corpus live; 1 pruebas deterministas, cero fallos."
"R-0403","PADRE","ROLLUP","n/a","n/a","n/a","n/a","n/a","R-0404; R-0405; R-0406; R-0407; R-0408; R-0409; R-0410; R-0411; R-0412","n/a","n/a","n/a","n/a","n/a","Encabezado de bibliografía única. Calcular solo desde los hijos exactos R-0404; R-0405; R-0406; R-0407; R-0408; R-0409; R-0410; R-0411; R-0412; no heredar un rango de sección."
"R-0404","CONTROL_ESTRUCTURAL","CONTROL_DEFINIDO","n/a","n/a","n/a","n/a","n/a","CONTROL::R-0404::UNA_BIBLIOGRAFIA_APENDICE_A","docs/auditorias/controles_requisitos/R-0404.csv","PENDIENTE","PENDIENTE","PENDIENTE","PENDIENTE","Pendiente de prueba nominal automatizada o revisión manual independiente; conservar CONTROL_DEFINIDO."
"R-0405","CONTROL_ESTRUCTURAL","CONTROL_VERIFICADO","n/a","n/a","n/a","n/a","n/a","CONTROL::R-0405::ESQUEMA_FUENTES_9_COLUMNAS","docs/auditorias/controles_requisitos/R-0405.csv","corpus_live; control=ESQUEMA_FUENTES_9_COLUMNAS; clasificacion=AUTOMATIZADO; familias=CATALOGO_FUENTES; ficheros=4; BN_objetivo=0,C_objetivo=0,fallos=0,filas_A=523,fuentes=523,pruebas=5,pruebas_nominales=5,tablas_objetivo=0,valores_tipo=523; sha256_censo=6b5d0a4e7c18d069d8b1160563961493afa26bea53bc447edf714536d5d118cc","python3 scripts/audit_requirement_controls.py --root . --requirement R-0405","CERO_FALLOS","0539583fc0c2c2378d500da8fca85504a7b0eb6132ce4f269080ea70f1f416f8","Control nominal R-0405 ejecutado sobre corpus live; 5 pruebas deterministas, cero fallos."
"R-0406","CONTROL_ESTRUCTURAL","CONTROL_VERIFICADO","n/a","n/a","n/a","n/a","n/a","CONTROL::R-0406::TIPO_FUENTE_ENUM_8","docs/auditorias/controles_requisitos/R-0406.csv","corpus_live; control=TIPO_FUENTE_ENUM_8; clasificacion=AUTOMATIZADO; familias=CATALOGO_FUENTES; ficheros=4; BN_objetivo=0,C_objetivo=0,fallos=0,filas_A=523,fuentes=523,pruebas=5,pruebas_nominales=5,tablas_objetivo=0,valores_tipo=523; sha256_censo=6b5d0a4e7c18d069d8b1160563961493afa26bea53bc447edf714536d5d118cc","python3 scripts/audit_requirement_controls.py --root . --requirement R-0406","CERO_FALLOS","536e6aacc190ca79398ff95f4e58cc01bf8c8a1650adb6e447814e6eafbe25b1","Control nominal R-0406 ejecutado sobre corpus live; 5 pruebas deterministas, cero fallos."
"R-0407","CONTROL_ESTRUCTURAL","CONTROL_DEFINIDO","n/a","n/a","n/a","n/a","n/a","CONTROL::R-0407::TIPO_FUENTE_POR_DISENO_NO_PRESTIGIO","docs/auditorias/controles_requisitos/R-0407.csv","PENDIENTE","PENDIENTE","PENDIENTE","PENDIENTE","Pendiente de prueba nominal automatizada o revisión manual independiente; conservar CONTROL_DEFINIDO."
"R-0408","CONTROL_ESTRUCTURAL","CONTROL_DEFINIDO","n/a","n/a","n/a","n/a","n/a","CONTROL::R-0408::NOTAS_CALIDAD_FUENTE","docs/auditorias/controles_requisitos/R-0408.csv","PENDIENTE","PENDIENTE","PENDIENTE","PENDIENTE","Pendiente de prueba nominal automatizada o revisión manual independiente; conservar CONTROL_DEFINIDO."
"R-0409","CONTROL_ESTRUCTURAL","CONTROL_DEFINIDO","n/a","n/a","n/a","n/a","n/a","CONTROL::R-0409::FUENTE_DEBIL_ETIQUETADA_NO_DESCARTADA","docs/auditorias/controles_requisitos/R-0409.csv","PENDIENTE","PENDIENTE","PENDIENTE","PENDIENTE","Pendiente de prueba nominal automatizada o revisión manual independiente; conservar CONTROL_DEFINIDO."
"R-0410","CONTROL_ESTRUCTURAL","CONTROL_DEFINIDO","n/a","n/a","n/a","n/a","n/a","CONTROL::R-0410::CONSENSO_NO_SOSTENIDO_SOLO_PREPRINT","docs/auditorias/controles_requisitos/R-0410.csv","PENDIENTE","PENDIENTE","PENDIENTE","PENDIENTE","Pendiente de prueba nominal automatizada o revisión manual independiente; conservar CONTROL_DEFINIDO."
"R-0411","CONTROL_ESTRUCTURAL","CONTROL_VERIFICADO","n/a","n/a","n/a","n/a","n/a","CONTROL::R-0411::SIN_URL_DESNUDA","docs/auditorias/controles_requisitos/R-0411.csv","corpus_live; control=SIN_URL_DESNUDA; clasificacion=AUTOMATIZADO; familias=CATALOGO_FUENTES; ficheros=4; BN_objetivo=0,C_objetivo=0,fallos=0,filas_A=523,fuentes=523,pruebas=5,pruebas_nominales=5,tablas_objetivo=0,valores_tipo=523; sha256_censo=6b5d0a4e7c18d069d8b1160563961493afa26bea53bc447edf714536d5d118cc","python3 scripts/audit_requirement_controls.py --root . --requirement R-0411","CERO_FALLOS","32ced892d6c66195239edeab048a04980edde9c8c814b27c8b1aa491f05c29e8","Control nominal R-0411 ejecutado sobre corpus live; 5 pruebas deterministas, cero fallos."
"R-0412","PADRE","ROLLUP","n/a","n/a","n/a","n/a","n/a","R-0405; R-0411","n/a","n/a","n/a","n/a","n/a","Antecedente anecdótico cubierto por controles bibliográficos. Calcular solo desde los hijos exactos R-0405; R-0411; no heredar un rango de sección."
"R-0413","CONTROL_ESTRUCTURAL","CONTROL_DEFINIDO","n/a","n/a","n/a","n/a","n/a","CONTROL::R-0413::ENTIDAD_UNA_FILA_POR_COSA","docs/auditorias/controles_requisitos/R-0413.csv","PENDIENTE","PENDIENTE","PENDIENTE","PENDIENTE","Pendiente de prueba nominal automatizada o revisión manual independiente; conservar CONTROL_DEFINIDO."
"R-0414","CONTROL_ESTRUCTURAL","CONTROL_VERIFICADO","n/a","n/a","n/a","n/a","n/a","CONTROL::R-0414::ESQUEMA_ENTIDADES_5_COLUMNAS","docs/auditorias/controles_requisitos/R-0414.csv","corpus_live; control=ESQUEMA_ENTIDADES_5_COLUMNAS; clasificacion=AUTOMATIZADO; familias=ESQUEMA_APENDICE_B; ficheros=4; BN_objetivo=0,C_objetivo=0,fallos=0,filas_B=1500,pruebas=1,pruebas_nominales=1,tablas_objetivo=0; sha256_censo=894b7f4676f8e6593618e5f33d781faec39f84f512ec2496acd9f4366959898d","python3 scripts/audit_requirement_controls.py --root . --requirement R-0414","CERO_FALLOS","1ea7448a65a1b88011159a36cae6c66fbf3a4e86d716d807db4dd3824875cfe3","Control nominal R-0414 ejecutado sobre corpus live; 1 pruebas deterministas, cero fallos."
"R-0415","CONTROL_ESTRUCTURAL","CONTROL_DEFINIDO","n/a","n/a","n/a","n/a","n/a","CONTROL::R-0415::CIRCUNSCRIPCION_RIVAL_FILA_PROPIA_CON_FUENTE","docs/auditorias/controles_requisitos/R-0415.csv","PENDIENTE","PENDIENTE","PENDIENTE","PENDIENTE","Pendiente de prueba nominal automatizada o revisión manual independiente; conservar CONTROL_DEFINIDO."
"R-0416","CONTROL_ESTRUCTURAL","CONTROL_DEFINIDO","n/a","n/a","n/a","n/a","n/a","CONTROL::R-0416::CHOANOZOA_DOS_CIRCUNSCRIPCIONES_DOS_FILAS","docs/auditorias/controles_requisitos/R-0416.csv","PENDIENTE","PENDIENTE","PENDIENTE","PENDIENTE","Pendiente de prueba nominal automatizada o revisión manual independiente; conservar CONTROL_DEFINIDO."
"R-0417","CONTROL_ESTRUCTURAL","CONTROL_DEFINIDO","n/a","n/a","n/a","n/a","n/a","CONTROL::R-0417::MARCA_APROX_OBLIGA_FILAS_SEPARADAS","docs/auditorias/controles_requisitos/R-0417.csv","PENDIENTE","PENDIENTE","PENDIENTE","PENDIENTE","Pendiente de prueba nominal automatizada o revisión manual independiente; conservar CONTROL_DEFINIDO."
"R-0418","CONTROL_ESTRUCTURAL","CONTROL_DEFINIDO","n/a","n/a","n/a","n/a","n/a","CONTROL::R-0418::EVENTO_UNA_FILA_POR_EPISODIO","docs/auditorias/controles_requisitos/R-0418.csv","PENDIENTE","PENDIENTE","PENDIENTE","PENDIENTE","Pendiente de prueba nominal automatizada o revisión manual independiente; conservar CONTROL_DEFINIDO."
"R-0419","CONTROL_ESTRUCTURAL","CONTROL_VERIFICADO","n/a","n/a","n/a","n/a","n/a","CONTROL::R-0419::ESQUEMA_EVENTOS_7_COLUMNAS","docs/auditorias/controles_requisitos/R-0419.csv","corpus_live; control=ESQUEMA_EVENTOS_7_COLUMNAS; clasificacion=AUTOMATIZADO; familias=ESQUEMA_APENDICE_C; ficheros=4; BN_objetivo=0,C_objetivo=0,fallos=0,filas_C=109,pruebas=1,pruebas_nominales=1,tablas_objetivo=0; sha256_censo=bdd1e3284fac70d6fc3f1bdc8b66f3422cccdf0f66ed3b4cc940a0f489872b96","python3 scripts/audit_requirement_controls.py --root . --requirement R-0419","CERO_FALLOS","7e4756fd98e8c6ae546e6c0782a411a54d0e96b9a85e7af4d5b1e1819e149ba6","Control nominal R-0419 ejecutado sobre corpus live; 1 pruebas deterministas, cero fallos."
"R-0420","CONTROL_ESTRUCTURAL","CONTROL_VERIFICADO","n/a","n/a","n/a","n/a","n/a","CONTROL::R-0420::TIPO_EVENTO_ENUM_CERRADO","docs/auditorias/controles_requisitos/R-0420.csv","corpus_live; control=TIPO_EVENTO_ENUM_CERRADO; clasificacion=AUTOMATIZADO; familias=ENUM_EVENTOS; ficheros=4; BN_objetivo=0,C_objetivo=0,fallos=0,pruebas=1,pruebas_nominales=1,tablas_objetivo=0,valores_tipo=109; sha256_censo=bdd1e3284fac70d6fc3f1bdc8b66f3422cccdf0f66ed3b4cc940a0f489872b96","python3 scripts/audit_requirement_controls.py --root . --requirement R-0420","CERO_FALLOS","21c92dc482ec9bee297c86e3af85005989042eb0dcf7ecc7bb0311ce43468840","Control nominal R-0420 ejecutado sobre corpus live; 1 pruebas deterministas, cero fallos."
"R-0421","CONTROL_ESTRUCTURAL","CONTROL_VERIFICADO","n/a","n/a","n/a","n/a","n/a","CONTROL::R-0421::ROL_PARTICIPANTE_ENUM_CERRADO","docs/auditorias/controles_requisitos/R-0421.csv","corpus_live; control=ROL_PARTICIPANTE_ENUM_CERRADO; clasificacion=AUTOMATIZADO; familias=ENUM_EVENTOS; ficheros=4; BN_objetivo=0,C_objetivo=0,fallos=0,participantes_evento=199,pruebas=1,pruebas_nominales=1,tablas_objetivo=0; sha256_censo=bdd1e3284fac70d6fc3f1bdc8b66f3422cccdf0f66ed3b4cc940a0f489872b96","python3 scripts/audit_requirement_controls.py --root . --requirement R-0421","CERO_FALLOS","902c4301108cec64de3f3d4b0367379a02253ec48c06789477956b7ec7a2acbf","Control nominal R-0421 ejecutado sobre corpus live; 1 pruebas deterministas, cero fallos."
"R-0422","CONTROL_ESTRUCTURAL","CONTROL_VERIFICADO","n/a","n/a","n/a","n/a","n/a","CONTROL::R-0422::PAPEL_OBLIGATORIO_DIRECCION_EVENTO","docs/auditorias/controles_requisitos/R-0422.csv","corpus_live; control=PAPEL_OBLIGATORIO_DIRECCION_EVENTO; clasificacion=AUTOMATIZADO; familias=ENUM_EVENTOS; ficheros=4; BN_objetivo=0,C_objetivo=0,fallos=0,participantes_evento=199,pruebas=1,pruebas_nominales=1,tablas_objetivo=0; sha256_censo=bdd1e3284fac70d6fc3f1bdc8b66f3422cccdf0f66ed3b4cc940a0f489872b96","python3 scripts/audit_requirement_controls.py --root . --requirement R-0422","CERO_FALLOS","9f4c9c67b1299cc71f8d6a9747ddcd368897a4b85106720f44a553f2eb477eb2","Control nominal R-0422 ejecutado sobre corpus live; 1 pruebas deterministas, cero fallos."
"R-0423","CONTROL_ESTRUCTURAL","CONTROL_DEFINIDO","n/a","n/a","n/a","n/a","n/a","CONTROL::R-0423::DESCOMPONER_INTEGRACION_MITOCONDRIAL","docs/auditorias/controles_requisitos/R-0423.csv","PENDIENTE","PENDIENTE","PENDIENTE","PENDIENTE","Pendiente de prueba nominal automatizada o revisión manual independiente; conservar CONTROL_DEFINIDO."
"R-0424","CONTROL_ESTRUCTURAL","CONTROL_DEFINIDO","n/a","n/a","n/a","n/a","n/a","CONTROL::R-0424::EVENTOS_SEPARADOS_ORDEN_Y_EVIDENCIA","docs/auditorias/controles_requisitos/R-0424.csv","PENDIENTE","PENDIENTE","PENDIENTE","PENDIENTE","Pendiente de prueba nominal automatizada o revisión manual independiente; conservar CONTROL_DEFINIDO."
"R-0425","CONTROL_ESTRUCTURAL","CONTROL_DEFINIDO","n/a","n/a","n/a","n/a","n/a","CONTROL::R-0425::ORDEN_NO_RESUELTO_EXPLICITO","docs/auditorias/controles_requisitos/R-0425.csv","PENDIENTE","PENDIENTE","PENDIENTE","PENDIENTE","Pendiente de prueba nominal automatizada o revisión manual independiente; conservar CONTROL_DEFINIDO."
"R-0426","CONTROL_ESTRUCTURAL","CONTROL_DEFINIDO","n/a","n/a","n/a","n/a","n/a","CONTROL::R-0426::FICHA_EVENTO_PARA_CASOS_COMPARABLES","docs/auditorias/controles_requisitos/R-0426.csv","PENDIENTE","PENDIENTE","PENDIENTE","PENDIENTE","Pendiente de prueba nominal automatizada o revisión manual independiente; conservar CONTROL_DEFINIDO."
"R-0427","CONTROL_ESTRUCTURAL","CONTROL_VERIFICADO","n/a","n/a","n/a","n/a","n/a","CONTROL::R-0427::COLUMNA_DESENLACE_ENUM_6","docs/auditorias/controles_requisitos/R-0427.csv","corpus_live; control=COLUMNA_DESENLACE_ENUM_6; clasificacion=AUTOMATIZADO; familias=ENUM_EVENTOS; ficheros=4; BN_objetivo=0,C_objetivo=0,fallos=0,pruebas=1,pruebas_nominales=1,tablas_objetivo=0,valores_desenlace=109; sha256_censo=bdd1e3284fac70d6fc3f1bdc8b66f3422cccdf0f66ed3b4cc940a0f489872b96","python3 scripts/audit_requirement_controls.py --root . --requirement R-0427","CERO_FALLOS","6c2ae25cd106700ce3372befb76f85f248159909935f472c44e351b13d01ee40","Control nominal R-0427 ejecutado sobre corpus live; 1 pruebas deterministas, cero fallos."
"R-0428","CONTROL_ESTRUCTURAL","CONTROL_DEFINIDO","n/a","n/a","n/a","n/a","n/a","CONTROL::R-0428::CRONOLOGIA_UNA_FILA_POR_DATO_PROSA_ARBOL","docs/auditorias/controles_requisitos/R-0428.csv","PENDIENTE","PENDIENTE","PENDIENTE","PENDIENTE","Pendiente de prueba nominal automatizada o revisión manual independiente; conservar CONTROL_DEFINIDO."
"R-0429","CONTROL_ESTRUCTURAL","CONTROL_VERIFICADO","n/a","n/a","n/a","n/a","n/a","CONTROL::R-0429::ESQUEMA_CRONOLOGIA_COLUMNAS_EXACTAS","docs/auditorias/controles_requisitos/R-0429.csv","corpus_live; control=ESQUEMA_CRONOLOGIA_COLUMNAS_EXACTAS; clasificacion=AUTOMATIZADO; familias=ESQUEMA_APENDICE_D; ficheros=4; BN_objetivo=0,C_objetivo=0,fallos=0,filas_D=215,pruebas=1,pruebas_nominales=1,tablas_objetivo=0; sha256_censo=4e41faf675d84b30b1992a39daaa608087f3b8aa2cdeda691bdc85b5590245ca","python3 scripts/audit_requirement_controls.py --root . --requirement R-0429","CERO_FALLOS","dbb168f7f42a3d328f999299983dd1f08e11924d24c26734472908bcae849787","Control nominal R-0429 ejecutado sobre corpus live; 1 pruebas deterministas, cero fallos."
"R-0430","CONTROL_ESTRUCTURAL","CONTROL_DEFINIDO","n/a","n/a","n/a","n/a","n/a","CONTROL::R-0430::UNIDAD_DEFAULT_Y_NOMBRES_ICS","docs/auditorias/controles_requisitos/R-0430.csv","PENDIENTE","PENDIENTE","PENDIENTE","PENDIENTE","Pendiente de prueba nominal automatizada o revisión manual independiente; conservar CONTROL_DEFINIDO."
"R-0431","PADRE","ROLLUP","n/a","n/a","n/a","n/a","n/a","R-0430","n/a","n/a","n/a","n/a","n/a","Continuación literal de la lista cronoestratigráfica de R-0430. Calcular solo desde los hijos exactos R-0430; no heredar un rango de sección."
"R-0432","CONTROL_ESTRUCTURAL","CONTROL_DEFINIDO","n/a","n/a","n/a","n/a","n/a","CONTROL::R-0432::CONVERSION_RETIENE_VALOR_ORIGINAL","docs/auditorias/controles_requisitos/R-0432.csv","PENDIENTE","PENDIENTE","PENDIENTE","PENDIENTE","Pendiente de prueba nominal automatizada o revisión manual independiente; conservar CONTROL_DEFINIDO."
"R-0433","CONTROL_ESTRUCTURAL","CONTROL_DEFINIDO","n/a","n/a","n/a","n/a","n/a","CONTROL::R-0433::INTERVALO_UNIDAD_EXPLICITA","docs/auditorias/controles_requisitos/R-0433.csv","PENDIENTE","PENDIENTE","PENDIENTE","PENDIENTE","Pendiente de prueba nominal automatizada o revisión manual independiente; conservar CONTROL_DEFINIDO."
"R-0434","CONTROL_ESTRUCTURAL","CONTROL_DEFINIDO","n/a","n/a","n/a","n/a","n/a","CONTROL::R-0434::NO_CONSTA_EN_FUENTE_LITERAL","docs/auditorias/controles_requisitos/R-0434.csv","PENDIENTE","PENDIENTE","PENDIENTE","PENDIENTE","Pendiente de prueba nominal automatizada o revisión manual independiente; conservar CONTROL_DEFINIDO."
"R-0435","CONTROL_ESTRUCTURAL","CONTROL_DEFINIDO","n/a","n/a","n/a","n/a","n/a","CONTROL::R-0435::HIPOTESIS_NOMBRADA_UNA_FILA","docs/auditorias/controles_requisitos/R-0435.csv","PENDIENTE","PENDIENTE","PENDIENTE","PENDIENTE","Pendiente de prueba nominal automatizada o revisión manual independiente; conservar CONTROL_DEFINIDO."
"R-0436","CONTROL_ESTRUCTURAL","CONTROL_VERIFICADO","n/a","n/a","n/a","n/a","n/a","CONTROL::R-0436::ESQUEMA_HIPOTESIS_COLUMNAS_EXACTAS","docs/auditorias/controles_requisitos/R-0436.csv","corpus_live; control=ESQUEMA_HIPOTESIS_COLUMNAS_EXACTAS; clasificacion=AUTOMATIZADO; familias=ESQUEMA_APENDICE_E; ficheros=4; BN_objetivo=0,C_objetivo=0,fallos=0,filas_E=81,pruebas=1,pruebas_nominales=1,tablas_objetivo=0; sha256_censo=2586e00366fff8cbe5bdda7201c91d7a04373005a0d90350956da1f35249347c","python3 scripts/audit_requirement_controls.py --root . --requirement R-0436","CERO_FALLOS","29b3056f26958f1f883d04be26c977942f6df8f59eb3a504dc8d96e618b76e4c","Control nominal R-0436 ejecutado sobre corpus live; 1 pruebas deterministas, cero fallos."
"R-0437","CONTROL_ESTRUCTURAL","CONTROL_DEFINIDO","n/a","n/a","n/a","n/a","n/a","CONTROL::R-0437::INCOMPATIBILIDAD_REAL_VS_RIVALIDAD_APARENTE","docs/auditorias/controles_requisitos/R-0437.csv","PENDIENTE","PENDIENTE","PENDIENTE","PENDIENTE","Pendiente de prueba nominal automatizada o revisión manual independiente; conservar CONTROL_DEFINIDO."
"R-0438","CONTROL_ESTRUCTURAL","CONTROL_DEFINIDO","n/a","n/a","n/a","n/a","n/a","CONTROL::R-0438::CIFRAS_CONSOLIDADAS_UNA_TABLA","docs/auditorias/controles_requisitos/R-0438.csv","PENDIENTE","PENDIENTE","PENDIENTE","PENDIENTE","Pendiente de prueba nominal automatizada o revisión manual independiente; conservar CONTROL_DEFINIDO."
"R-0439","CONTROL_ESTRUCTURAL","CONTROL_VERIFICADO","n/a","n/a","n/a","n/a","n/a","CONTROL::R-0439::ESQUEMA_CIFRAS_9_COLUMNAS","docs/auditorias/controles_requisitos/R-0439.csv","corpus_live; control=ESQUEMA_CIFRAS_9_COLUMNAS; clasificacion=AUTOMATIZADO; familias=ESQUEMA_APENDICE_F; ficheros=4; BN_objetivo=0,C_objetivo=0,fallos=0,filas_F=562,pruebas=1,pruebas_nominales=1,tablas_objetivo=0; sha256_censo=61eb6a894312b5f2d504581cc7fd702594bae322c19284ce43e1bf5cabf5091b","python3 scripts/audit_requirement_controls.py --root . --requirement R-0439","CERO_FALLOS","c81d9aef6bc600f3ec6e2e9aed4da436916bb9d40bd6b63b9c3895cf03aa1165","Control nominal R-0439 ejecutado sobre corpus live; 1 pruebas deterministas, cero fallos."
"R-0440","CONTROL_ESTRUCTURAL","CONTROL_DEFINIDO","n/a","n/a","n/a","n/a","n/a","CONTROL::R-0440::CIFRAS_SIN_CONVERSION_UNIFICACION_PROMEDIO","docs/auditorias/controles_requisitos/R-0440.csv","PENDIENTE","PENDIENTE","PENDIENTE","PENDIENTE","Pendiente de prueba nominal automatizada o revisión manual independiente; conservar CONTROL_DEFINIDO."
"R-0441","CONTROL_ESTRUCTURAL","CONTROL_DEFINIDO","n/a","n/a","n/a","n/a","n/a","CONTROL::R-0441::VALORES_DISCORDANTES_FILAS_Y_METODOS","docs/auditorias/controles_requisitos/R-0441.csv","PENDIENTE","PENDIENTE","PENDIENTE","PENDIENTE","Pendiente de prueba nominal automatizada o revisión manual independiente; conservar CONTROL_DEFINIDO."
"R-0442","PADRE","ROLLUP","n/a","n/a","n/a","n/a","n/a","R-0443; R-0444","n/a","n/a","n/a","n/a","n/a","Evaluar mediante roll-up de hijos. Calcular solo desde los hijos exactos R-0443; R-0444; no heredar un rango de sección."
"R-0443","CONTROL_ESTRUCTURAL","CONTROL_DEFINIDO","n/a","n/a","n/a","n/a","n/a","CONTROL::R-0443::MATERIAL_NO_ENCAJADO_FUENTE_Y_DESTINO_PROPUESTO","docs/auditorias/controles_requisitos/R-0443.csv","PENDIENTE","PENDIENTE","PENDIENTE","PENDIENTE","Pendiente de prueba nominal automatizada o revisión manual independiente; conservar CONTROL_DEFINIDO."
"R-0444","CONTROL_ESTRUCTURAL","CONTROL_DEFINIDO","n/a","n/a","n/a","n/a","n/a","CONTROL::R-0444::MATERIAL_RELEVANTE_NO_OMITIDO_NI_SUELTO","docs/auditorias/controles_requisitos/R-0444.csv","PENDIENTE","PENDIENTE","PENDIENTE","PENDIENTE","Pendiente de prueba nominal automatizada o revisión manual independiente; conservar CONTROL_DEFINIDO."
"R-0445","PADRE","ROLLUP","n/a","n/a","n/a","n/a","n/a","R-0446; R-0447","n/a","n/a","n/a","n/a","n/a","Evaluar mediante roll-up de hijos. Calcular solo desde los hijos exactos R-0446; R-0447; no heredar un rango de sección."
"R-0446","CONTROL_ESTRUCTURAL","CONTROL_DEFINIDO","n/a","n/a","n/a","n/a","n/a","CONTROL::R-0446::RECUENTO_FINAL_5_MAGNITUDES","docs/auditorias/controles_requisitos/R-0446.csv","PENDIENTE","PENDIENTE","PENDIENTE","PENDIENTE","Corregir control automatizado: recuentos H desactualizados: ['número actual de afirmaciones que dependen de una sola fuente:registrado=1189,esperado=1217', 'número de celdas con `SIN CIFRA PUBLICADA LOCALIZADA`:registrado=37,esperado=31', 'número de filas del registro:registrado=1937,esperado=1946', 'número total de fuentes distintas:registrado=517,esperado=523']"
"R-0447","PADRE","ROLLUP","n/a","n/a","n/a","n/a","n/a","R-0446","n/a","n/a","n/a","n/a","n/a","Preferencia editorial satisfecha mediante el recuento explícito. Calcular solo desde los hijos exactos R-0446; no heredar un rango de sección."
"R-0448","CONTROL_ESTRUCTURAL","CONTROL_DEFINIDO","n/a","n/a","n/a","n/a","n/a","CONTROL::R-0448::MARKDOWN_ESPANOL","docs/auditorias/controles_requisitos/R-0448.csv","PENDIENTE","PENDIENTE","PENDIENTE","PENDIENTE","Pendiente de prueba nominal automatizada o revisión manual independiente; conservar CONTROL_DEFINIDO."
"R-0449","CONTROL_ESTRUCTURAL","CONTROL_DEFINIDO","n/a","n/a","n/a","n/a","n/a","CONTROL::R-0449::ENCABEZADOS_JERARQUICOS_PARRAFO_UNA_IDEA","docs/auditorias/controles_requisitos/R-0449.csv","PENDIENTE","PENDIENTE","PENDIENTE","PENDIENTE","Pendiente de prueba nominal automatizada o revisión manual independiente; conservar CONTROL_DEFINIDO."
"R-0450","CONTROL_ESTRUCTURAL","CONTROL_DEFINIDO","n/a","n/a","n/a","n/a","n/a","CONTROL::R-0450::LOCALIZADOR_ATOMICIDAD_PASAJE","docs/auditorias/controles_requisitos/R-0450.csv","PENDIENTE","PENDIENTE","PENDIENTE","PENDIENTE","Pendiente de prueba nominal automatizada o revisión manual independiente; conservar CONTROL_DEFINIDO."
"R-0451","CONTROL_ESTRUCTURAL","CONTROL_DEFINIDO","n/a","n/a","n/a","n/a","n/a","CONTROL::R-0451::SIN_SUSTANCIA_SOLO_EN_PIE_PAREN_NOTA","docs/auditorias/controles_requisitos/R-0451.csv","PENDIENTE","PENDIENTE","PENDIENTE","PENDIENTE","Pendiente de prueba nominal automatizada o revisión manual independiente; conservar CONTROL_DEFINIDO."
"R-0452","CONTROL_ESTRUCTURAL","CONTROL_DEFINIDO","n/a","table-61-15-3-nodos-fechas-y-relaciones-debiles","n/a","n/a","n/a","CONTROL::R-0452::ARBOLES_BLOQUES_TEXTO_MARCAS_SECCION14","docs/auditorias/controles_requisitos/R-0452.csv","PENDIENTE","PENDIENTE","PENDIENTE","PENDIENTE","Pendiente de prueba nominal automatizada o revisión manual independiente; conservar CONTROL_DEFINIDO."
"R-0453","CONTROL_ESTRUCTURAL","CONTROL_VERIFICADO","n/a","table-16-4-6-1-eukaryota; table-17-4-6-2-amorphea; table-18-4-6-3-amoebozoa; table-19-4-6-4-obazoa; table-20-4-6-5-apusomonadida; table-21-4-6-6-breviatea; table-22-4-6-7-opisthokonta; table-23-4-6-8-holomycota; table-24-4-6-9-holozoa; table-25-4-6-10-ichthyosporea; table-26-4-6-11-pluriformea-sensu-hehenberger-et-al-2017; table-27-4-6-12-corallochytrea; table-28-4-6-13-filasterea; table-29-4-6-14-filozoa; table-30-4-6-15-choanozoa-sensu-stricto-apoikozoa; table-31-4-6-16-choanoflagellata; table-32-4-6-17-metazoa","n/a","n/a","n/a","CONTROL::R-0453::TABLA_POR_NODO_Y_RAMA_SCHEMA","docs/auditorias/controles_requisitos/R-0453.csv","corpus_live; control=TABLA_POR_NODO_Y_RAMA_SCHEMA; clasificacion=AUTOMATIZADO; familias=ESQUEMA_TABLAS_NODALES; ficheros=20; BN_objetivo=0,C_objetivo=0,fallos=0,pruebas=70,pruebas_nominales=2,tablas_nodales=17,tablas_objetivo=17; sha256_censo=ded161b39bc9402c710841dd7d3df02be41181788bfc625877b485d4a3659321","python3 scripts/audit_requirement_controls.py --root . --requirement R-0453","CERO_FALLOS","141e7287e87970f5e7af2f2fd9a117526bac39fad2334c32b94cd9785e501632","Control nominal R-0453 ejecutado sobre corpus live; 70 pruebas deterministas, cero fallos."
"R-0454","CONTROL_ESTRUCTURAL","CONTROL_VERIFICADO","n/a","n/a","n/a","n/a","n/a","CONTROL::R-0454::VISTA_RESUMEN_SUBCONJUNTO_REGISTRO","docs/auditorias/controles_requisitos/R-0454.csv","corpus_live; control=VISTA_RESUMEN_SUBCONJUNTO_REGISTRO; clasificacion=AUTOMATIZADO; familias=TRAZABILIDAD_CONTENIDO_EXACTA; ficheros=48; BN_objetivo=0,C_objetivo=0,fallos=0,pruebas=2,pruebas_nominales=2,secciones_markdown=26,segmentos_trazabilidad=3168,tablas_objetivo=0; sha256_censo=5af6ee2be60a27c5b6eab16f885911e8e6489270a97b42e4c923883dc680bf18","python3 scripts/audit_requirement_controls.py --root . --requirement R-0454","CERO_FALLOS","e8bc1a62ba4ee52bf78d612b5411fb022781d859751b56954e2a879acf13a5af","Control nominal R-0454 ejecutado sobre corpus live; 2 pruebas deterministas, cero fallos."
"R-0455","PADRE","ROLLUP","n/a","n/a","n/a","n/a","n/a","R-0456; R-0457; R-0458","n/a","n/a","n/a","n/a","n/a","Evaluar mediante roll-up de hijos. Calcular solo desde los hijos exactos R-0456; R-0457; R-0458; no heredar un rango de sección."
"R-0456","CONTROL_ESTRUCTURAL","CONTROL_DEFINIDO","n/a","table-61-15-3-nodos-fechas-y-relaciones-debiles","n/a","BN-031","n/a","CONTROL::R-0456::MARCADOR_SIN_SINAPOMORFIA_LITERAL","docs/auditorias/controles_requisitos/R-0456.csv","PENDIENTE","PENDIENTE","PENDIENTE","PENDIENTE","Pendiente de prueba nominal automatizada o revisión manual independiente; conservar CONTROL_DEFINIDO."
"R-0457","CONTROL_ESTRUCTURAL","CONTROL_DEFINIDO","n/a","table-61-15-3-nodos-fechas-y-relaciones-debiles","n/a","n/a","n/a","CONTROL::R-0457::NO_HEREDAR_CARACTER_NODO_SUPERIOR","docs/auditorias/controles_requisitos/R-0457.csv","PENDIENTE","PENDIENTE","PENDIENTE","PENDIENTE","Pendiente de prueba nominal automatizada o revisión manual independiente; conservar CONTROL_DEFINIDO."
"R-0458","PADRE","ROLLUP","n/a","n/a","n/a","n/a","n/a","R-0456; R-0457","n/a","n/a","n/a","n/a","n/a","Preferencia de seguridad cubierta por controles de marcador/no herencia. Calcular solo desde los hijos exactos R-0456; R-0457; no heredar un rango de sección."
"R-0459","CONTROL_ESTRUCTURAL","CONTROL_DEFINIDO","n/a","n/a","n/a","n/a","n/a","CONTROL::R-0459::AUTORIDADES_DECLARADAS_INICIO_NO_CONDICIONALES","docs/auditorias/controles_requisitos/R-0459.csv","PENDIENTE","PENDIENTE","PENDIENTE","PENDIENTE","Pendiente de prueba nominal automatizada o revisión manual independiente; conservar CONTROL_DEFINIDO."
"R-0460","CONTROL_ESTRUCTURAL","CONTROL_DEFINIDO","n/a","n/a","n/a","n/a","n/a","CONTROL::R-0460::AUTORIDAD_EUCARIOTAS_ADL_EDICION_EXACTA","docs/auditorias/controles_requisitos/R-0460.csv","PENDIENTE","PENDIENTE","PENDIENTE","PENDIENTE","Pendiente de prueba nominal automatizada o revisión manual independiente; conservar CONTROL_DEFINIDO."
"R-0461","CONTROL_ESTRUCTURAL","CONTROL_DEFINIDO","n/a","n/a","n/a","n/a","n/a","CONTROL::R-0461::DESVIACION_ADL_EXPLICITA_JUSTIFICADA","docs/auditorias/controles_requisitos/R-0461.csv","PENDIENTE","PENDIENTE","PENDIENTE","PENDIENTE","Pendiente de prueba nominal automatizada o revisión manual independiente; conservar CONTROL_DEFINIDO."
"R-0462","CONTROL_ESTRUCTURAL","CONTROL_DEFINIDO","n/a","n/a","n/a","n/a","n/a","CONTROL::R-0462::RECURSOS_SECUENCIA_MUESTREO_DECLARADOS","docs/auditorias/controles_requisitos/R-0462.csv","PENDIENTE","PENDIENTE","PENDIENTE","PENDIENTE","Pendiente de prueba nominal automatizada o revisión manual independiente; conservar CONTROL_DEFINIDO."
"R-0463","CONTROL_ESTRUCTURAL","CONTROL_DEFINIDO","n/a","n/a","n/a","n/a","n/a","CONTROL::R-0463::ICS_VERSION_DECLARADA","docs/auditorias/controles_requisitos/R-0463.csv","PENDIENTE","PENDIENTE","PENDIENTE","PENDIENTE","Pendiente de prueba nominal automatizada o revisión manual independiente; conservar CONTROL_DEFINIDO."
"R-0464","PADRE","ROLLUP","n/a","n/a","n/a","n/a","n/a","R-0465; R-0466; R-0467","n/a","n/a","n/a","n/a","n/a","Evaluar mediante roll-up de hijos. Calcular solo desde los hijos exactos R-0465; R-0466; R-0467; no heredar un rango de sección."
"R-0465","CONTROL_ESTRUCTURAL","CONTROL_VERIFICADO","n/a","n/a","n/a","n/a","n/a","CONTROL::R-0465::PALABRAS_SECCIONES5_13_GE_EUCARIOGENESIS_MAS_NOMENCLATURA","docs/auditorias/controles_requisitos/R-0465.csv","corpus_live; control=PALABRAS_SECCIONES5_13_GE_EUCARIOGENESIS_MAS_NOMENCLATURA; clasificacion=AUTOMATIZADO; familias=REPARTO_PALABRAS; ficheros=20; BN_objetivo=0,C_objetivo=0,fallos=0,palabras_secciones_3_14=10858,palabras_secciones_5_13=27991,pruebas=1,pruebas_nominales=1,tablas_objetivo=0; sha256_censo=e46279c430da46e8d5af799b92006f48f6d1cf064471dbdce84663d9f48fbb21","python3 scripts/audit_requirement_controls.py --root . --requirement R-0465","CERO_FALLOS","ffdaaf6647450967d9aaead88986a7ca812c9a22f1c7311a65c5f221a6fd2fe1","Control nominal R-0465 ejecutado sobre corpus live; 1 pruebas deterministas, cero fallos."
"R-0466","CONTROL_ESTRUCTURAL","CONTROL_DEFINIDO","n/a","n/a","n/a","n/a","n/a","CONTROL::R-0466::TRATAMIENTO_PROPIO_RAMA_HERMANA_SECCION1","docs/auditorias/controles_requisitos/R-0466.csv","PENDIENTE","PENDIENTE","PENDIENTE","PENDIENTE","Pendiente de prueba nominal automatizada o revisión manual independiente; conservar CONTROL_DEFINIDO."
"R-0467","PADRE","ROLLUP","n/a","n/a","n/a","n/a","n/a","R-0465; R-0466","n/a","n/a","n/a","n/a","n/a","Advertencia editorial cubierta por controles de esfuerzo. Calcular solo desde los hijos exactos R-0465; R-0466; no heredar un rango de sección."
"R-0468","PADRE","ROLLUP","n/a","n/a","n/a","n/a","n/a","R-0469; R-0470; R-0471; R-0472","n/a","n/a","n/a","n/a","n/a","Referencia contextual de escala, sin hecho del corpus que deba llevar C. Calcular solo desde los hijos exactos R-0469; R-0470; R-0471; R-0472; no heredar un rango de sección."
"R-0469","CONTROL_ESTRUCTURAL","CONTROL_DEFINIDO","n/a","n/a","n/a","n/a","n/a","CONTROL::R-0469::DENSIDAD_MAYOR_QUE_REFERENCIA_DECLARADA","docs/auditorias/controles_requisitos/R-0469.csv","PENDIENTE","PENDIENTE","PENDIENTE","PENDIENTE","Pendiente de prueba nominal automatizada o revisión manual independiente; conservar CONTROL_DEFINIDO."
"R-0470","CONTROL_ESTRUCTURAL","CONTROL_VERIFICADO","n/a","n/a","n/a","n/a","n/a","CONTROL::R-0470::FUENTES_DISTINTAS_GT_80","docs/auditorias/controles_requisitos/R-0470.csv","corpus_live; control=FUENTES_DISTINTAS_GT_80; clasificacion=AUTOMATIZADO; familias=RECUENTO_FUENTES; ficheros=4; BN_objetivo=0,C_objetivo=0,fallos=0,fuentes_distintas=523,pruebas=1,pruebas_nominales=1,tablas_objetivo=0; sha256_censo=6b5d0a4e7c18d069d8b1160563961493afa26bea53bc447edf714536d5d118cc","python3 scripts/audit_requirement_controls.py --root . --requirement R-0470","CERO_FALLOS","891fceeac5e95e0323fe1746caf2b4871a874bb35f48720622650e8ee3288a59","Control nominal R-0470 ejecutado sobre corpus live; 1 pruebas deterministas, cero fallos."
"R-0471","CONTROL_ESTRUCTURAL","CONTROL_DEFINIDO","n/a","n/a","n/a","n/a","n/a","CONTROL::R-0471::CONDICIONAL_LT80_DECLARAR_Y_EXPLICAR","docs/auditorias/controles_requisitos/R-0471.csv","PENDIENTE","PENDIENTE","PENDIENTE","PENDIENTE","Pendiente de prueba nominal automatizada o revisión manual independiente; conservar CONTROL_DEFINIDO."
"R-0472","CONTROL_ESTRUCTURAL","CONTROL_DEFINIDO","n/a","n/a","n/a","n/a","n/a","CONTROL::R-0472::H2_MINIMO_DOS_FUENTES","docs/auditorias/controles_requisitos/R-0472.csv","PENDIENTE","PENDIENTE","PENDIENTE","PENDIENTE","Pendiente de prueba nominal automatizada o revisión manual independiente; conservar CONTROL_DEFINIDO."
"R-0473","PADRE","ROLLUP","n/a","n/a","n/a","n/a","n/a","R-0474; R-0475","n/a","n/a","n/a","n/a","n/a","Evaluar mediante roll-up de hijos. Calcular solo desde los hijos exactos R-0474; R-0475; no heredar un rango de sección."
"R-0474","CONTROL_ESTRUCTURAL","CONTROL_DEFINIDO","n/a","n/a","n/a","n/a","n/a","CONTROL::R-0474::ENTREGA_PARTES_FALTANTES_Y_ORDEN_PRIMERA","docs/auditorias/controles_requisitos/R-0474.csv","PENDIENTE","PENDIENTE","PENDIENTE","PENDIENTE","Pendiente de prueba nominal automatizada o revisión manual independiente; conservar CONTROL_DEFINIDO."
"R-0475","CONTROL_ESTRUCTURAL","CONTROL_DEFINIDO","n/a","n/a","n/a","n/a","n/a","CONTROL::R-0475::PRIORIDAD_5_NIVELES_SI_RECORTE","docs/auditorias/controles_requisitos/R-0475.csv","PENDIENTE","PENDIENTE","PENDIENTE","PENDIENTE","Pendiente de prueba nominal automatizada o revisión manual independiente; conservar CONTROL_DEFINIDO."
"R-0476","PADRE","ROLLUP","n/a","n/a","n/a","n/a","n/a","R-0477; R-0478; R-0479; R-0480; R-0481; R-0482; R-0483","n/a","n/a","n/a","n/a","n/a","Evaluar mediante roll-up de hijos. Calcular solo desde los hijos exactos R-0477; R-0478; R-0479; R-0480; R-0481; R-0482; R-0483; no heredar un rango de sección."
"R-0477","CONTROL_ESTRUCTURAL","CONTROL_VERIFICADO","n/a","table-77-19-respuestas-a-las-seis-preguntas-de-cierre","n/a","n/a","n/a","CONTROL::R-0477::APARTADO_FINAL_6_PREGUNTAS_REFERENCIAS_O_NO_RESPUESTA","docs/auditorias/controles_requisitos/R-0477.csv","corpus_live; control=APARTADO_FINAL_6_PREGUNTAS_REFERENCIAS_O_NO_RESPUESTA; clasificacion=AUTOMATIZADO; familias=CIERRE_SEIS_PREGUNTAS; ficheros=4; BN_objetivo=0,C_objetivo=0,fallos=0,preguntas_cierre=6,pruebas=10,pruebas_nominales=6,tablas_cierre=1,tablas_objetivo=1; sha256_censo=f885bf882c026c0f1095c1973543efb11e41a64e3743d29019f9f46275a0bcbb","python3 scripts/audit_requirement_controls.py --root . --requirement R-0477","CERO_FALLOS","43e7539600482b9b7e18b47671626e8967025816eaf8d6c5469ac179943c51c9","Control nominal R-0477 ejecutado sobre corpus live; 10 pruebas deterministas, cero fallos."
"R-0478","CIENTIFICO","CUBIERTO","C-1013; C-1108; C-1110; C-1119; C-1201","table-77-19-respuestas-a-las-seis-preguntas-de-cierre","S226; S227; S228; S229; S230; S246; S260; S265; S286; S513","n/a","n/a","n/a","n/a","n/a","n/a","n/a","n/a","La respuesta reescrita de table77 conserva cinco proposiciones exactas: sintrofía extracelular, correlación dependencia–tamaño genómico, cuello de botella, pérdida de alternativas y ausencia de criterio universal."
"R-0479","CIENTIFICO","HUECO_ACTIVO","C-837; C-843; C-844; C-846; C-847; C-1227; C-1228; C-1229; C-1230; C-1355; C-1356; C-1357","table-77-19-respuestas-a-las-seis-preguntas-de-cierre","S307; S308; S309; S310; S311; S312; S313; S314; S315; S316; S317; S318; S344; S461; S464; S465; S466","BN-058","n/a","n/a","n/a","n/a","n/a","n/a","n/a","Lista discontinua exacta para ambiente y denominadores; BN-058 conserva explícitamente que no se localizó un presupuesto energético homogéneo y descompuesto de FECA o LECA."
"R-0480","CIENTIFICO","CUBIERTO","C-974; C-976; C-1053; C-1058; C-1165; C-1201","table-77-19-respuestas-a-las-seis-preguntas-de-cierre","S228; S229; S230; S242; S245; S246; S282; S283; S513","n/a","n/a","n/a","n/a","n/a","n/a","n/a","n/a","Lista discontinua exacta para transmisión heredable, EGT, importación y ausencia de un punto de no retorno universal; se retiró C-1059 porque solo nombra nitroplasto."
"R-0481","CIENTIFICO","CUBIERTO","C-976; C-977; C-978; C-1119; C-1165; C-1946","table-77-19-respuestas-a-las-seis-preguntas-de-cierre","S229; S230; S260; S265; S268; S282; S283; S291; S293","n/a","n/a","n/a","n/a","n/a","n/a","n/a","n/a","C-1946 aporta la convención operativa exacta de divergencia, transferencia e integración; C-976–C-978, C-1119 y C-1165 sostienen transferencia y componentes separables sin convertirlos en etapas universales."
"R-0482","CIENTIFICO","CUBIERTO","C-027; C-074; C-121; C-272; C-1188; C-1197; C-1199; C-1228; C-1316; C-1902; C-1908; C-1916; C-1917; C-1919","table-77-19-respuestas-a-las-seis-preguntas-de-cierre","S08; S19; S20; S25; S58; S80; S81; S82; S83; S102; S104; S126; S170; S172; S174; S290; S291; S295; S296; S307; S308; S309; S310; S311","n/a","n/a","n/a","n/a","n/a","n/a","n/a","n/a","Lista discontinua exacta para cambios por modelo o filtro, denominador y controles de contaminación o especificidad; se retiraron ejemplos que no predicaban la respuesta."
"R-0483","CIENTIFICO","CUBIERTO","C-006; C-208; C-777; C-1575; C-1592; C-1898; C-1899; C-1903; C-1904; C-1905; C-1906; C-1907; C-1909; C-1912; C-1913; C-1914; C-1915","table-77-19-respuestas-a-las-seis-preguntas-de-cierre","S16; S17; S27; S43; S44; S56; S60; S126; S134; S139; S140; S141; S142; S147; S150; S151; S152; S161; S171; S173; S174; S178; S183; S189; S191; S210; S352; S441","n/a","n/a","n/a","n/a","n/a","n/a","n/a","n/a","Lista discontinua exacta que separa observaciones de células, cultivos, rocas o moléculas de inferencias sobre ancestros, relojes, taxonomía y función proyectada."
