"id_delta","apendice","fila_inicial","fila_final","identificador_inicial","identificador_final","estado_inicial","estado_final","accion","destino","huella_inicial_sha256","huella_final_sha256"
"DA-00001","B","2","2","MAG","MAG","PRESENTE","PRESENTE","SIN_CAMBIO","Misma fila final, identidad y contenido conservados.","6c9838f21618057c2a35f9d6faf64e54c93a0cbbb4351ddd0376c3446b74ac4f","6c9838f21618057c2a35f9d6faf64e54c93a0cbbb4351ddd0376c3446b74ac4f"
"DA-00002","B","3","3","cocultivo","cocultivo","PRESENTE","PRESENTE","SIN_CAMBIO","Misma fila final, identidad y contenido conservados.","1a28993cd5237e820cbd4b810f993d977ddc6b741e3b0490501743dcd0ef7264","1a28993cd5237e820cbd4b810f993d977ddc6b741e3b0490501743dcd0ef7264"
"DA-00003","B","4","4","cultivo axénico","cultivo axénico","PRESENTE","PRESENTE","SIN_CAMBIO","Misma fila final, identidad y contenido conservados.","b4f4eebbefe7e83f0ce15711fefdd37ffc152bd36036afe20e634e8920ec906a","b4f4eebbefe7e83f0ce15711fefdd37ffc152bd36036afe20e634e8920ec906a"
"DA-00004","B","5","5","cultivo de enriquecimiento","cultivo de enriquecimiento","PRESENTE","PRESENTE","SIN_CAMBIO","Misma fila final, identidad y contenido conservados.","478fced131a7ffdf78babf86d24a19d58822b0e63055811c6286fb22d2f21f83","478fced131a7ffdf78babf86d24a19d58822b0e63055811c6286fb22d2f21f83"
"DA-00005","B","6","6","grupo corona","grupo corona","PRESENTE","PRESENTE","ACTUALIZADA","Fila final emparejada por identidad de dominio; cambios fijados por huellas inicial/final.","2940f82de07138f27af9fe48bccb4504c67e3bf458ec4e2522c4b8e601bcb666","a363d4179beeb61bc478202622d0d6ec556689e47c574270731c32439b130d64"
"DA-00006","B","7","7","grupo tronco","grupo tronco","PRESENTE","PRESENTE","ACTUALIZADA","Fila final emparejada por identidad de dominio; cambios fijados por huellas inicial/final.","07509ea3f54735574559495ed1c14238f6f4c11e7aadd8e90ebac3f5bad05abd","cf78a339a010ddfc78fdf15a6fc9edc51f88d775994f80ffba5d97c758758b81"
"DA-00007","B","8","8","grupo total","grupo total","PRESENTE","PRESENTE","ACTUALIZADA","Fila final emparejada por identidad de dominio; cambios fijados por huellas inicial/final.","fc0f5ef9669eaeca865c08bd69d6c36827b7d20eaac42441aca68f1171f00e87","487290f4410b7191dd4f2b07462048bf3aef45b0d683079252656403508a251b"
"DA-00008","B","9","9","árbol de tres dominios","árbol de tres dominios","PRESENTE","PRESENTE","ACTUALIZADA","Fila final emparejada por identidad de dominio; cambios fijados por huellas inicial/final.","6e04201d2f7027d397bf5a98f3baf37264b7a473207d548fbd4b26e8befd8b95","de3ebb78362201af8af187b998aac194ea7a8044ba03703bfd7af111d314b096"
"DA-00009","B","10","10","Bacteria","Bacteria","PRESENTE","PRESENTE","ACTUALIZADA","Fila final emparejada por identidad de dominio; cambios fijados por huellas inicial/final.","6a82b88687b1cf94d8f34b711d557e7cb67da4dd4d3009008d11cd8afb20c019","226a30492531ff40abbfe42996d09b41536d680547a652dc50d8fb4c63cadfff"
"DA-00010","B","11","11","Eukaryota","Eukaryota","PRESENTE","PRESENTE","ACTUALIZADA","Fila final emparejada por identidad de dominio; cambios fijados por huellas inicial/final.","3f19ab1b2513fddb9cd753793042677fbbd9fbe66b39704b2d2f85d0d63e350d","39d250f34282c7896a0f5d9d28ce713fa94b67f9312befc9168f508e2f44b113"
"DA-00011","B","12","12","raíz del árbol celular no especificada","raíz del árbol celular no especificada","PRESENTE","PRESENTE","ACTUALIZADA","Fila final emparejada por identidad de dominio; cambios fijados por huellas inicial/final.","78ebae4611161144550ce432e288ccbefcd6d2d5a8de12f7843f55796ea23735","4fdb1448925199416ba4442fa5966960dd09511b7448e951a32fc653fc826c27"
"DA-00012","B","13","13","Archaea sensu excluyente","Archaea sensu excluyente","PRESENTE","PRESENTE","ACTUALIZADA","Fila final emparejada por identidad de dominio; cambios fijados por huellas inicial/final.","472e1749a5d279a789863b0a998e1690d5c774f8161c0af3b5d94fc4dba52991","6ee6457efacde6e84d65ca984e9c45761cf6f77315d997f77dd5b9b44629e66a"
"DA-00013","B","14","14","hipótesis del eocito","hipótesis del eocito","PRESENTE","PRESENTE","ACTUALIZADA","Fila final emparejada por identidad de dominio; cambios fijados por huellas inicial/final.","e4030fd274967da0bc6aa33e00cb54241292f7f70391bec480ac320c97653d09","42354d48a187db5fd1bcdc917a8061e05f20a462db88e80a3e6a86a137f85582"
"DA-00014","B","15","15","árbol de dos dominios","árbol de dos dominios","PRESENTE","PRESENTE","ACTUALIZADA","Fila final emparejada por identidad de dominio; cambios fijados por huellas inicial/final.","75d62975f60e68a4373703f683d94003b11a8eee2a520fe3b93b79df266cc50c","fec1e90bf1043703102e4584ff2b84c0d45fe38695fbfa33497d5c23dcd05b23"
"DA-00015","B","16","16","Archaea sensu inclusivo","Archaea sensu inclusivo","PRESENTE","PRESENTE","ACTUALIZADA","Fila final emparejada por identidad de dominio; cambios fijados por huellas inicial/final.","b6b0465de2dc9a33c88d96c452000d6b4f52cc5d1e247dfa039d2ab9d418bd71","3f80cc4c9367db35d3500096e2169882a43ce40c30b22e55a9672c93f29db81c"
"DA-00016","B","17","17","NDCH","NDCH","PRESENTE","PRESENTE","ACTUALIZADA","Fila final emparejada por identidad de dominio; cambios fijados por huellas inicial/final.","11f9a595279d00295dc500c59fbb4fc737170bd18a1137e175723ab4462c382c","939a1591c7ed16b3fd8aac51bce3c1b87433050058968ea38808ef08ac4a42ac"
"DA-00017","B","18","18","CAT","CAT","PRESENTE","PRESENTE","ACTUALIZADA","Fila final emparejada por identidad de dominio; cambios fijados por huellas inicial/final.","fb87dbb056959526ad9fc28d5fc8f3a8bbe6e61e1e6f69be8339c10527be71a2","454a148c572c827ff333d62f45cc1ea092b8ca1256829cd95f7249bba826ea40"
"DA-00018","B","19","19","CAT-GTR","CAT-GTR","PRESENTE","PRESENTE","ACTUALIZADA","Fila final emparejada por identidad de dominio; cambios fijados por huellas inicial/final.","0085c8d727dfc8276184d6ae667b1e7b84be020a684969794ea60eb0bede52c2","a6b4f1d761720877231c31ab10e8d2df8aa0432cfb3f1dd52c57095f78c2a323"
"DA-00019","B","20","20","prueba AU","prueba AU","PRESENTE","PRESENTE","ACTUALIZADA","Fila final emparejada por identidad de dominio; cambios fijados por huellas inicial/final.","a3fdcc9dfd409cef51c01b364abfc1a8d05b97793008a810711c8bf8581be8e9","85e91b2992c9ac654c61d2e2c796423bfed0eed910b7a9b5c3e471b6f25fb532"
"DA-00020","B","21","21","C60","C60","PRESENTE","PRESENTE","ACTUALIZADA","Fila final emparejada por identidad de dominio; cambios fijados por huellas inicial/final.","b95af562298cd957ff299c858cccfadefc21775fe1ddaa25d69e41550f788ca5","ac30a729202b40f35f37300d1131b8ffaf11f34145e54e96b715ff0625f0cb8c"
"DA-00021","B","22","22","recodificación SR4","recodificación SR4","PRESENTE","PRESENTE","ACTUALIZADA","Fila final emparejada por identidad de dominio; cambios fijados por huellas inicial/final.","2718ee7e78d757f2b48efc854def162e3f76b9e2749e44c000803710a2a78a33","36ea9ef9686a5daaf393e4f3b6cbe538caa70546605b4a803ee3a0f1d646dbae"
"DA-00022","B","23","23","linaje asgard más próximo a Eukaryota no resuelto","linaje asgard más próximo a Eukaryota no resuelto","PRESENTE","PRESENTE","ACTUALIZADA","Fila final emparejada por identidad de dominio; cambios fijados por huellas inicial/final.","9df3837a5fe9abea297a5c567052372e1ce65fe3c55e181b84563e27d399c440","9f587ec64b5afcc5d7737282deca4ef651bab9aa0e1cb4bcfc4286411dc61db4"
"DA-00023","B","24","24","hipótesis neomurana planctobacteriana","hipótesis neomurana planctobacteriana","PRESENTE","PRESENTE","ACTUALIZADA","Fila final emparejada por identidad de dominio; cambios fijados por huellas inicial/final.","932f23063a935ee99cc740d6acb63f7b5fab541c3d455c8dc6e9388040dd5fba","3028eac7d207dd2dc7407ee18db0a0b8bad75506cae0a90ff69988b684c70c4b"
"DA-00024","B","25","25","membrana arqueana típica","membrana arqueana típica","PRESENTE","PRESENTE","ACTUALIZADA","Fila final emparejada por identidad de dominio; cambios fijados por huellas inicial/final.","e0a3a4de60e808d506d21062f2acdc7946c882856359f1f409d910263c4e5640","1fd618a7210fd6df677a82dedf645c73c622f266375915ed4e1f6d1eab63e892"
"DA-00025","B","26","26","membrana bacteriana típica","membrana bacteriana típica","PRESENTE","PRESENTE","ACTUALIZADA","Fila final emparejada por identidad de dominio; cambios fijados por huellas inicial/final.","905c57eba2127fe8f55c23ec2595306e6458df68e85e5e33937241559160c311","d655ce30b4e791b7a990de3433a7b20597e5d7fae535aed57e765289107adea7"
"DA-00026","B","27","27","membrana eucariota moderna","membrana eucariota moderna","PRESENTE","PRESENTE","ACTUALIZADA","Fila final emparejada por identidad de dominio; cambios fijados por huellas inicial/final.","b795a842c9981848c0a9e90fbf9a25a3ff43a871f8fdff358acfb823eded866c","343125268bf7a74fc17e39a5324144d2babea3a0806d9054786c5a0b164cbe3f"
"DA-00027","B","28","28","divisoria lipídica","divisoria lipídica","PRESENTE","PRESENTE","ACTUALIZADA","Fila final emparejada por identidad de dominio; cambios fijados por huellas inicial/final.","e119a8f9827b597cdd05a0923e3be1110d0752d1a85c68f915c6757da8235f4b","2ebf7a688d1b00fe5b3caeab680d844023b7d03b61cc3792ee22f5049dd93bf1"
"DA-00028","B","29","29","linaje hospedador arqueano no identificado","linaje hospedador arqueano no identificado","PRESENTE","PRESENTE","ACTUALIZADA","Fila final emparejada por identidad de dominio; cambios fijados por huellas inicial/final.","25828cfdbf12fb00c894a7bb582c6405ae4a5c1a953c3acb26c9d34fa802eb9e","e5dffb595a43ed3a1509f50749be45b7af0e5e6f5f9619c005640e65a18578ef"
"DA-00029","B","30","30","membrana heteroquiral","membrana heteroquiral","PRESENTE","PRESENTE","ACTUALIZADA","Fila final emparejada por identidad de dominio; cambios fijados por huellas inicial/final.","2b162a512d09ecf4151b62abcfd22ff995f26ac7e91224fb249a8efbab0aaa31","815aa042199a509f156d9e63f2fa79dae29c28ecbde23fef2a2f0f7f6f2e8b6f"
"DA-00030","B","31","31","reemplazo de ruta lipídica","reemplazo de ruta lipídica","PRESENTE","PRESENTE","ACTUALIZADA","Fila final emparejada por identidad de dominio; cambios fijados por huellas inicial/final.","ca3850f0bcd6e850dfe1efa4a1f8306c301eae57ff1cdf4f8f32b1757e5a452a","263f14cd5f96ca207a52d38456274f1fc29e414dd30358c3f2fb5e37e52c3981"
"DA-00031","B","32","32","intermedio heteroquiral","intermedio heteroquiral","PRESENTE","PRESENTE","ACTUALIZADA","Fila final emparejada por identidad de dominio; cambios fijados por huellas inicial/final.","1aabc66cb6afea34229498024db9f912bd369f8a405466c3fb4cd6de21de29c3","8fd1fa73415e37eb5e0b5a2fd92c7cd17aefc4f1f6b42749a0fed052c5ee7f36"
"DA-00032","B","33","33","genes informacionales","genes informacionales","PRESENTE","PRESENTE","ACTUALIZADA","Fila final emparejada por identidad de dominio; cambios fijados por huellas inicial/final.","9e6156258d3a4658db9c03a8d9e1d1e4c8fbdfc16b42e4166794903662399082","c0175e29b3c3ef63f2e172a60eb96b5ba33002a371a2d9c5bdb8f846e14adace"
"DA-00033","B","34","34","genes operacionales","genes operacionales","PRESENTE","PRESENTE","ACTUALIZADA","Fila final emparejada por identidad de dominio; cambios fijados por huellas inicial/final.","156e84a6982baff73526a425d5bae8dfc1cf7b04d6b1a44686029685036e39d3","160866dcc9ff4864b421eb4fbc736865996fc081c72ea6589db1dfe57bf09cd8"
"DA-00034","B","35","35","genoma eucariota quimérico","genoma eucariota quimérico","PRESENTE","PRESENTE","ACTUALIZADA","Fila final emparejada por identidad de dominio; cambios fijados por huellas inicial/final.","b1346f80a4501a84d286605a597e06f455762e9c9ed6c8775689008d495e94d0","b67a138b73c2ad0ff2042f687a27b5035619c26eece0693c2c86298832bf25e6"
"DA-00035","B","36","36","proteínas de firma eucariota","proteínas de firma eucariota","PRESENTE","PRESENTE","ACTUALIZADA","Fila final emparejada por identidad de dominio; cambios fijados por huellas inicial/final.","cf4ffe6623c21b65634b090a6dc06b3cf435444198f25aeeb7d2c8ec7eda8764","b5901c28de1d04fc43d2ff104af00bd06ede68ca8d4562d654521da456140a7a"
"DA-00036","B","37","37","Asgardarchaeota sensu Zaremba-Niedzwiedzka et al. 2017","Asgardarchaeota sensu Zaremba-Niedzwiedzka et al. 2017","PRESENTE","PRESENTE","ACTUALIZADA","Fila final emparejada por identidad de dominio; cambios fijados por huellas inicial/final.","e2886908c0f295bcbcd680c4539870017b55422195db106151dd75dd4ad6a458","c8e5dc2a4c543db77eaee66e05b6ea4e94c792bcd45bba787d0eb0690b9d3b79"
"DA-00037","B","38","38","Asgardarchaeota sensu SeqCode Registry 2026","Asgardarchaeota sensu SeqCode Registry 2026","PRESENTE","PRESENTE","ACTUALIZADA","Fila final emparejada por identidad de dominio; cambios fijados por huellas inicial/final.","6a79e9c7f572dc5ad36fa09d2a0a78cee3f1e4e4b9a4cb67f40d4b6e548cf61c","99da4ea9cb21436bbd125759ca19eba4b3d491c0fb967d188a2c2db1378c71d7"
"DA-00038","B","39","39","Asgardarchaeia","Asgardarchaeia","PRESENTE","PRESENTE","ACTUALIZADA","Fila final emparejada por identidad de dominio; cambios fijados por huellas inicial/final.","95b67d3084a63c01a9cd2a53ea30dfbde193b1d684fb42644452ca2c16420cf1","e03f2b6c94bcebb658ecff2c94922295bc0de40ccae4091b456ce970ca3b37b0"
"DA-00039","B","40","40","Atabeyarchaeia","Atabeyarchaeia","PRESENTE","PRESENTE","ACTUALIZADA","Fila final emparejada por identidad de dominio; cambios fijados por huellas inicial/final.","7a22e6f974f0addaee89f567cd4934a61cb668ad7dbd4a71d97e4275f2ce154c","3c203f025a6e0585a77fba4700e70d4613ebeda5d1074bc582db8e8f20ce53ad"
"DA-00040","B","41","41","Baldrarchaeia","Baldrarchaeia","PRESENTE","PRESENTE","ACTUALIZADA","Fila final emparejada por identidad de dominio; cambios fijados por huellas inicial/final.","150f8110b196ed132ee505ca4dbfddacfbf257d5400b2c1492b498879186b775","eefba158dfc2ff06aa337d1667585078a3dc6b07c8b888667395dac6d2929e47"
"DA-00041","B","42","42","Borrarchaeia","Borrarchaeia","PRESENTE","PRESENTE","ACTUALIZADA","Fila final emparejada por identidad de dominio; cambios fijados por huellas inicial/final.","048c582b7848ef27d6af670927ec6744272c7825aad71e66c343cd0fe431fbaa","ec70475746dcd720d2541943c97e07a2740aa82d22cac56f353bf29de81b34d6"
"DA-00042","B","43","43","Freyarchaeia","Freyarchaeia","PRESENTE","PRESENTE","ACTUALIZADA","Fila final emparejada por identidad de dominio; cambios fijados por huellas inicial/final.","47622fab165e189790df52c027df5b0ea7b17c757e19e93a004ce44c7ca83967","8471d610b7bed2483517f8ed495da41ede28cd59927cacc9b0981270714301f7"
"DA-00043","B","44","44","Heimdallarchaeia","Heimdallarchaeia","PRESENTE","PRESENTE","ACTUALIZADA","Fila final emparejada por identidad de dominio; cambios fijados por huellas inicial/final.","1dfc578c3d9548018398b90b5a0bd277a6841bd611c704d2ffe37cc49d5c565f","e3fb891e86f1d0db415f64b1a05d3a459da3e605fca078bbe5365f8333554816"
"DA-00044","B","45","45","Hermodarchaeia","Hermodarchaeia","PRESENTE","PRESENTE","ACTUALIZADA","Fila final emparejada por identidad de dominio; cambios fijados por huellas inicial/final.","77424db331d8c6c51499808781093b798b233243a05c5df3db1e5f580bc63ab9","0a5dcfbd868b35ef56363782c5a7dcb194659fa29f56bc7a017fc4c78e98770d"
"DA-00045","B","46","46","Hodarchaeia","Hodarchaeia","PRESENTE","PRESENTE","ACTUALIZADA","Fila final emparejada por identidad de dominio; cambios fijados por huellas inicial/final.","5df7b90ef940af6b12a786d920fdefee18951d4e6982954c29fd90c6d67e78c6","50c7388642c6d38c8181034cd60fa044e494925188d4311c45e89b63bcebba90"
"DA-00046","B","47","47","Jordiarchaeia","Jordiarchaeia","PRESENTE","PRESENTE","ACTUALIZADA","Fila final emparejada por identidad de dominio; cambios fijados por huellas inicial/final.","5ae7574928e71a2faee42894d7fa83389c0ddb8da54f83d54c689dc876907628","0c1f6d71cf482ed0b2e967f767f6259c7df7009c9a97351e15398f062ddc5f0f"
"DA-00047","B","48","48","Kariarchaeia","Kariarchaeia","PRESENTE","PRESENTE","ACTUALIZADA","Fila final emparejada por identidad de dominio; cambios fijados por huellas inicial/final.","2e88c784e26bce801cea81549a078f43d711bbda455f73e6816f1afcdcca75cb","97779baf7ca947b450a7dc279ed3701d307daec3475110825dc8579d39fb77aa"
"DA-00048","B","49","49","Lokiarchaeia","Lokiarchaeia","PRESENTE","PRESENTE","ACTUALIZADA","Fila final emparejada por identidad de dominio; cambios fijados por huellas inicial/final.","629ae02d453b7d6c1ea331a1696c86ee12b2086eac1195f5459bc39484ab3dc1","b315b87afa0b3bb90746a33e512dbb34dfd561de80c8361e719d518bac024f11"
"DA-00049","B","50","50","Njordarchaeia","Njordarchaeia","PRESENTE","PRESENTE","ACTUALIZADA","Fila final emparejada por identidad de dominio; cambios fijados por huellas inicial/final.","0cc2c1c4f206f042998ae909b6b28e87fd185d5b22e0cb30008a7230eddde839","d5d2d3b8f422986a25dd9692d7d63d9695383882c182b669c7b315b06c268e7d"
"DA-00050","B","51","51","Odinarchaeia","Odinarchaeia","PRESENTE","PRESENTE","ACTUALIZADA","Fila final emparejada por identidad de dominio; cambios fijados por huellas inicial/final.","a019c9b17c3a730de1097132d27c1cce4d4f670842447335e9da0838b2186d22","8b057d1f3130a8e60ec8e5367fa26a6b353b6c445864c5d9835c310e904c86f5"
"DA-00051","B","52","52","Promethearchaeia","Promethearchaeia","PRESENTE","PRESENTE","ACTUALIZADA","Fila final emparejada por identidad de dominio; cambios fijados por huellas inicial/final.","52e269104702d28a44d00ac9865d6d39f8985aac89da274c440bf18d72cf2ccf","0f1809fe7addc6d0833cc5430457e95fe95372dcaedc031dd15cda3ab5c75234"
"DA-00052","B","53","53","Ranarchaeia","Ranarchaeia","PRESENTE","PRESENTE","ACTUALIZADA","Fila final emparejada por identidad de dominio; cambios fijados por huellas inicial/final.","13b8e669e751ca788a64d23f8a7885d6fb6b7ac3fd5c919fe2db65e47e451c46","b122973ebcd9ed7faf444387c83b8240fb5b5a457cd123042768c36016650552"
"DA-00053","B","54","54","Shennonarchaeia","Shennonarchaeia","PRESENTE","PRESENTE","ACTUALIZADA","Fila final emparejada por identidad de dominio; cambios fijados por huellas inicial/final.","e6d16cb239eaae6171f20f8f44189c9ab8e9a44ee3a897c7cd67449c57053154","4a119b224bc7d9289ecc4ac68cae5b87da575e40c33b3d5f7cd81d46707ff60f"
"DA-00054","B","55","55","Thorarchaeia","Thorarchaeia","PRESENTE","PRESENTE","ACTUALIZADA","Fila final emparejada por identidad de dominio; cambios fijados por huellas inicial/final.","963202bb62910ae1cbd3d38d39ebe1b2f731ad69f975f4f824fb17e8dbc75602","f2bcdb8bd47a83fd1280b941e620d709f12f7ebfc6e741e236de5a92d03047e8"
"DA-00055","B","56","56","Sifarchaeia","Sifarchaeia","PRESENTE","PRESENTE","ACTUALIZADA","Fila final emparejada por identidad de dominio; cambios fijados por huellas inicial/final.","2dfab96cba5bdc180c8aa18f28143e9690e095a2ce50c1602cbda62b9e51f11c","032fc5019363e3db517486e4cc52ab75cf5b6faa3caf59980d5f8c6161e3ec50"
"DA-00056","B","57","57","Wukongarchaeia","Wukongarchaeia","PRESENTE","PRESENTE","ACTUALIZADA","Fila final emparejada por identidad de dominio; cambios fijados por huellas inicial/final.","11c4440f0ee2aa40cb55cc4d64a3996c73b916ccf0aac1b9a35e9ca04c31789c","34961371c69dffbecdb44080e7a0a1b1e4ecc209aecbe8066d002a98645538ad"
"DA-00057","B","58","58","Promethearchaeum syntrophicum","Promethearchaeum syntrophicum","PRESENTE","PRESENTE","ACTUALIZADA","Fila final emparejada por identidad de dominio; cambios fijados por huellas inicial/final.","a8c6a6625a02f483d8f2cfab74c49bf24434e58fb486e768b9f290f14b8442ee","31a0182e8e514cdcc78f5d8c1b9441746be1c771e4ef7455c2f9eec81f5f4f8a"
"DA-00058","B","59","59","Lokiarchaeum ossiferum","Lokiarchaeum ossiferum","PRESENTE","PRESENTE","ACTUALIZADA","Fila final emparejada por identidad de dominio; cambios fijados por huellas inicial/final.","c5d0c0d090fb4148311b49a4517922a6c618a940fc168d6cc2f38832e8d509ca","76d29c8d73adcf244ea5e93102459abb58c22aaf0e1057804ffde0d10ff1e041"
"DA-00059","B","60","60","actina asgard","actina asgard","PRESENTE","PRESENTE","ACTUALIZADA","Fila final emparejada por identidad de dominio; cambios fijados por huellas inicial/final.","85a8d6e0931aa84c5206c0269986301bf448431a7b147de892395bd16958ec7e","e3e549654d2071f104e833a4e1bc4f6bcf08d3c3ccb9050c67edfcf5b5d50af5"
"DA-00060","B","61","61","células afiliadas a Hodarchaeales de Aarhus Bay","células afiliadas a Hodarchaeales de Aarhus Bay","PRESENTE","PRESENTE","ACTUALIZADA","Fila final emparejada por identidad de dominio; cambios fijados por huellas inicial/final.","9c12cf1a16207783413b7c1e152ea6d5c64f4791f180b6420b12535fd0500ad7","f2f256396fb1c6463d4cbddb049abafd38cafdbd85eb9244c822340ba1dddc1b"
"DA-00061","B","62","62","Nerearchaeum marumarumayae","Nerearchaeum marumarumayae","PRESENTE","PRESENTE","ACTUALIZADA","Fila final emparejada por identidad de dominio; cambios fijados por huellas inicial/final.","f8e0c849129e47b03b86db6c7b19218b14926290fb541d81ca4db0a70522ff9a","d1c9b3f0f1385bd66f3214a3675377d46f4249f3ee79edcfcf9f3ff5789444ad"
"DA-00062","B","63","63","Stromatodesulfovibrio nilemahensis","Stromatodesulfovibrio nilemahensis","PRESENTE","PRESENTE","ACTUALIZADA","Fila final emparejada por identidad de dominio; cambios fijados por huellas inicial/final.","e4e60c50ecc05777ef9f9ade19543af4dcf34e05e3ca40feb712a97d6623c572","de10f23092679db6c45679a8ff47c54e859924b3ddd354776b297426f53defc2"
"DA-00063","B","64","64","Helarchaeota","Helarchaeota","PRESENTE","PRESENTE","ACTUALIZADA","Fila final emparejada por identidad de dominio; cambios fijados por huellas inicial/final.","7e3b6f4dd22a63e443dec1ed3f34b3c3ccc117e1e3cb8bcc5165cd74162420fa","4badd592d7e76c8a1cfcf01ba5c9a6d3617015df9bc94f5f5d032c62b9f1d441"
"DA-00064","B","65","65","Gerdarchaeota","Gerdarchaeota","PRESENTE","PRESENTE","ACTUALIZADA","Fila final emparejada por identidad de dominio; cambios fijados por huellas inicial/final.","25e472cb0e52d54112055e90b513a7f48a4f2f94968945673cc535988a67f15c","e94ccbda705ecba54a500b55f8a4b57cc1e27b2308a1647109b62443d3e4f30a"
"DA-00065","B","66","66","profilina asgard","profilina asgard","PRESENTE","PRESENTE","ACTUALIZADA","Fila final emparejada por identidad de dominio; cambios fijados por huellas inicial/final.","a94d075cd1aa39f193ba3a1bf353aa2ab840100c50bb8ee1d3101756f9776eaa","90ec86785c00fc37c18497418a8bfbf83d9f2952ada6e7ef8b10ce3f1bb4c40c"
"DA-00066","B","67","67","gelsolina/cofilina asgard","gelsolina/cofilina asgard","PRESENTE","PRESENTE","ACTUALIZADA","Fila final emparejada por identidad de dominio; cambios fijados por huellas inicial/final.","7fde6182a08eec34a2c92fb79077067b42cadd36ce176205d07d1dc2d787e0f5","8453b992c9a7b028b5173616ecc7cdfaad3168a025fbab3fa5df41de895424cd"
"DA-00067","B","68","68","ESCRT-III asgard","ESCRT-III asgard","PRESENTE","PRESENTE","ACTUALIZADA","Fila final emparejada por identidad de dominio; cambios fijados por huellas inicial/final.","8eb7867f8e2f8414e1007261513239f51a1d239de9e53a174fb3d33eadcd9b0c","cfbbc3c0617b20383427e9ce0c935d930190b622b7cb88f15473d114a6fd12c0"
"DA-00068","B","69","69","Vps4 asgard","Vps4 asgard","PRESENTE","PRESENTE","ACTUALIZADA","Fila final emparejada por identidad de dominio; cambios fijados por huellas inicial/final.","d1f6a1ee8a7a98599d7ca2139c73a2a6f381e9c9669903c5133a4007906c19bb","4571d20e4c28c844cc9e775a707c7ff885662c21b57a61bc60cc795069f2ff53"
"DA-00069","B","70","70","ubiquitina asgard","ubiquitina asgard","PRESENTE","PRESENTE","ACTUALIZADA","Fila final emparejada por identidad de dominio; cambios fijados por huellas inicial/final.","70d6572b0484a1c8f8cd6b8e869bd657d683b627f002602a652243eb55487acd","c18ba9f713074e4377e9ded074c877f1cd6d53e89b3f29d66a298a86048fe984"
"DA-00070","B","71","71","OdinTubulin","OdinTubulin","PRESENTE","PRESENTE","ACTUALIZADA","Fila final emparejada por identidad de dominio; cambios fijados por huellas inicial/final.","a228c20e8d5c1b31bc906e2aad9e8e69887f5e21d84b5e287f6cfdbd4996a909","c8f48687b531d4f5e0eaa2fdca33339f950e21041e42a07fe59fa59027679e4c"
"DA-00071","B","72","72","GTPasas pequeñas asgard","GTPasas pequeñas asgard","PRESENTE","PRESENTE","ACTUALIZADA","Fila final emparejada por identidad de dominio; cambios fijados por huellas inicial/final.","881add7fa5fb3072e047e511501c848b280589a1d600a8afbec06ab9fca000b7","f0b7202729d8faaa6a5be9111f525c71b135939c96933bd5ffa7221341bb679a"
"DA-00072","B","73","73","roadblock asgard","roadblock asgard","PRESENTE","PRESENTE","ACTUALIZADA","Fila final emparejada por identidad de dominio; cambios fijados por huellas inicial/final.","b3f7bbf52b01aed4b474e232fa9ccf757d77f52bf7b63e94060eb82282cbef6e","a750eb8c790bf0252b5563b515337f04127a29c7478bd741afba9e1a7c1bdf9f"
"DA-00073","B","74","74","TRAPPC3 asgard","TRAPPC3 asgard","PRESENTE","PRESENTE","ACTUALIZADA","Fila final emparejada por identidad de dominio; cambios fijados por huellas inicial/final.","29f7d4667959cdd79631ea2262b77f2b10f39e3e653b57b13a82e77d6863e57b","0177e31bfb9f74406d49a0cb1dead12239c36b6b2ba75b192d6742c1b2f9e00f"
"DA-00074","B","75","75","Rickettsia prowazekii","Rickettsia prowazekii","PRESENTE","PRESENTE","ACTUALIZADA","Fila final emparejada por identidad de dominio; cambios fijados por huellas inicial/final.","143f304cb491bc95bc3038293516bcdd562d2d7efd4967975631b91c46aac7a3","23840fda551ee42839f4487abaa1c01235814691554e6a7dbc317e3b63340384"
"DA-00075","B","76","76","Alphaproteobacteria","Alphaproteobacteria","PRESENTE","PRESENTE","ACTUALIZADA","Fila final emparejada por identidad de dominio; cambios fijados por huellas inicial/final.","e6919f18590133329316fa2476c0669b78293950ec9def5d0e3cb11a0a387998","89c81a049902bb5f6eeb0da4badc4d798282f4621ad264a90195b1339d713c20"
"DA-00076","B","77","77","simbionte alfaproteobacteriano ancestral no muestreado","simbionte alfaproteobacteriano ancestral no muestreado","PRESENTE","PRESENTE","ACTUALIZADA","Fila final emparejada por identidad de dominio; cambios fijados por huellas inicial/final.","c0541e3f4eabfae8d10e7c69325dda9b3f69f18856d632213f74fb2867f92c9f","98ddc2f625d002219e9d8aba78fdcd91051d7249ac1eb2bd89496d72e19e60d0"
"DA-00077","B","78","78","Alpha IIb","Alpha IIb","PRESENTE","PRESENTE","ACTUALIZADA","Fila final emparejada por identidad de dominio; cambios fijados por huellas inicial/final.","d2ee23c8cd1f8ca35ac236f640027ca4726121928a568d5ea2533e2f7de6c770","4f91881719ccdb930a1bbefcc40b7cb42e4cab94f2b444bfd387db7f48098524"
"DA-00078","B","79","79","MAM60+GFmix","MAM60+GFmix","PRESENTE","PRESENTE","ACTUALIZADA","Fila final emparejada por identidad de dominio; cambios fijados por huellas inicial/final.","ed2ccec0ccc15f8924b21647ac55847fe3e1a9184ecf7eb7596d552296f5268a","7f54937707ed10071a39aca307abd5c9c56a0a4986a270375296a28a71b7bfbc"
"DA-00079","B","80","80","Iodidimonadales","Iodidimonadales","PRESENTE","PRESENTE","ACTUALIZADA","Fila final emparejada por identidad de dominio; cambios fijados por huellas inicial/final.","12f61838a0918321613be33370c3381f6d96d06a2c82c3c0c85d6903d742e100","fbdb47a7bd1dc4e88bea9373d57c2371b1bad7f79d8e11b4c1863c75f685f55d"
"DA-00080","B","81","81","linaje alfaproteobacteriano más próximo a la mitocondria no resuelto","linaje alfaproteobacteriano más próximo a la mitocondria no resuelto","PRESENTE","PRESENTE","ACTUALIZADA","Fila final emparejada por identidad de dominio; cambios fijados por huellas inicial/final.","2e49390027d2d50dfef32de1daf132e2f0932d637185c910758b0df1009f9ad1","9f30720683d917904be8d6d1384a92fd52906be9b2335e37d686c4a86c4836cf"
"DA-00081","B","82","82","Candidatus Prometheoarchaeum syntrophicum","Candidatus Prometheoarchaeum syntrophicum","PRESENTE","PRESENTE","ACTUALIZADA","Fila final emparejada por identidad de dominio; cambios fijados por huellas inicial/final.","b79a65637586e9401bc976470f0a9948ba7882679e6a31cb3e06e4bfba6f4858","03404455f50dc23bcba45f71b099b2e702b1ab54928a518b60b6a84a6dd3d8e3"
"DA-00082","B","83","83","población LUCA reconstruida","población LUCA reconstruida","PRESENTE","PRESENTE","ACTUALIZADA","Fila final emparejada por identidad de dominio; cambios fijados por huellas inicial/final.","3c6981208e75200a960630b70ab10a6fc372962bc7e9af27d446a9ae2bacb6fb","3159201db5e29c8ceb1ac7c5ccb9bc5c472c304638c28216c5e3894cbd6eb17c"
"DA-00083","B","84","84","población LBCA reconstruida","población LBCA reconstruida","PRESENTE","PRESENTE","ACTUALIZADA","Fila final emparejada por identidad de dominio; cambios fijados por huellas inicial/final.","b1dc6addd092b050fa2c51f19b8147478f2afc90062d0ced0ae19bf1218a87eb","c028b2cc5cc2610cde57d1f4cfc837f3420d1c0a43a6b2773ea9deac0f737cae"
"DA-00084","B","85","85","población LACA reconstruida","población LACA reconstruida","PRESENTE","PRESENTE","ACTUALIZADA","Fila final emparejada por identidad de dominio; cambios fijados por huellas inicial/final.","14f706e449c2ce6edc5bfa1ab4ac8c71a232f48075eecaa0d2b3f3661b79c4d4","70ce753094d93e1bfc3a73e0d19043f53adb56f62f42b37e83461800c7b4b5de"
"DA-00085","B","86","86","población FECA nuclear no muestreada","población FECA nuclear no muestreada","PRESENTE","PRESENTE","ACTUALIZADA","Fila final emparejada por identidad de dominio; cambios fijados por huellas inicial/final.","576fd4a2bbecd5116587ec919d218e9c8a2be1d7dfa0296c72c7c2f185e29c69","daea179101c5c3a78ad0a68e7164aec3cc8104f397d1518df990d31fe8b88083"
"DA-00086","B","87","87","población FMCA no muestreada","población FMCA no muestreada","PRESENTE","PRESENTE","ACTUALIZADA","Fila final emparejada por identidad de dominio; cambios fijados por huellas inicial/final.","9fe9476ff591720cff5adbf7640b55db80ed032edec0fee7dd3b2caec73ef009","382bc1359ae6259453e448adcf7047cef28c5a0435af6ac4ba9c58154af54e36"
"DA-00087","B","88","88","población LECA reconstruida","población LECA reconstruida","PRESENTE","PRESENTE","ACTUALIZADA","Fila final emparejada por identidad de dominio; cambios fijados por huellas inicial/final.","17f00a4affc8c5da4711bce7ec70681eff432ac950a95b5d2375e72c1db8b38d","1015ad4e3e657db9f3ce8173ffb537acc3babbc70628d7577565d0977a708b91"
"DA-00088","B","89","89","linaje eucariota troncal no muestreado","linaje eucariota troncal no muestreado","PRESENTE","PRESENTE","ACTUALIZADA","Fila final emparejada por identidad de dominio; cambios fijados por huellas inicial/final.","1fdfef9129022fe2675c1d00945d83a87794d663b7bd0f2399a83177bc77a4f6","86254f4300b1acfac2790ab5515299b69b7d5152098e5e2b6f109310d7cd7f03"
"DA-00089","B","90","90","cross-bracing","cross-bracing","PRESENTE","PRESENTE","ACTUALIZADA","Fila final emparejada por identidad de dominio; cambios fijados por huellas inicial/final.","7f09b8473cbac98547ee5fbcdc1a8a12f6a6aef1c43fc7b24d84425f46163fa7","5841a3eb5e6bcf63387b8fc00f0a0159f60f7e6766de056a8b3146153df3b524"
"DA-00090","B","91","91","MCMCTree","MCMCTree","PRESENTE","PRESENTE","ACTUALIZADA","Fila final emparejada por identidad de dominio; cambios fijados por huellas inicial/final.","a7d36c9dc959f4ad00132371b9eefc2f1161967277a825f942862fbc2a73e44e","81329f4a8c247e872c25307f395305628770c030b6dbb6093d695ec6aeea8ebe"
"DA-00091","B","92","92","modelo two+","modelo two+","PRESENTE","PRESENTE","ACTUALIZADA","Fila final emparejada por identidad de dominio; cambios fijados por huellas inicial/final.","da27c7e58685c623791fae11cc78edbe60a048297ab5b909024cf180f1271f70","a74540bdd16f2c3fc360240f6e6cb3ee1c6bf6d7981215d0d7b71a3123d2fe2f"
"DA-00092","B","93","NO_APLICA","linaje hospedador arqueano no identificado","NO_APLICA","PRESENTE","RETIRADA","RETIRADA","Instantánea externa y linaje de auditoría; retirada o consolidada sin reasignar silenciosamente la fila.","1e60733ff4052096fa073e90c1591d1603d91a8f2e6f05587234397b2cb52358","NO_APLICA"
"DA-00093","B","94","NO_APLICA","simbionte alfaproteobacteriano ancestral no muestreado","NO_APLICA","PRESENTE","RETIRADA","RETIRADA","Instantánea externa y linaje de auditoría; retirada o consolidada sin reasignar silenciosamente la fila.","7057da3a50fb307536c254f346b1fbf3b09b0decf649cec3f4ae3db520242434","NO_APLICA"
"DA-00094","B","95","93","reconstrucción de estado ancestral","reconstrucción de estado ancestral","PRESENTE","PRESENTE","ACTUALIZADA","Fila final emparejada por identidad de dominio; cambios fijados por huellas inicial/final.","437ca08acd09d8cbcdc06a7a10e4bd3fd12a8d97d2c5259c3a88af6505a408c2","49190255351fc2c5fa20af0eae219108f3a04ea5c293b0a7b3f8ee748465131b"
"DA-00095","B","96","94","ortogrupo","ortogrupo","PRESENTE","PRESENTE","ACTUALIZADA","Fila final emparejada por identidad de dominio; cambios fijados por huellas inicial/final.","5312ead1c70e4da263cd6458e69c8110315ba64b62c7c70d17a49a6c87804eb0","502c1be472d35e3da072657245d7047c654c413cf7e49966e9b6fd8bd2fc7156"
"DA-00096","B","97","95","complejo del poro nuclear","complejo del poro nuclear","PRESENTE","PRESENTE","ACTUALIZADA","Fila final emparejada por identidad de dominio; cambios fijados por huellas inicial/final.","2be99bc322fa672bbebb8cbea5d19161b7017a4179213cee3e98fb372897f68a","50d2fd37eb46c2f690796be768e8b322968761845274a9151277a2c05184fc8b"
"DA-00097","B","98","96","nucleoporina","nucleoporina","PRESENTE","PRESENTE","ACTUALIZADA","Fila final emparejada por identidad de dominio; cambios fijados por huellas inicial/final.","8b17c14ffdee8ef2ede4b594757206fef1fc62382c824a7949715f3afbd90aab","f8662bc6f0ec26941a67e6ee06c8bf2bfb9273fdff5507cce5a378a58eccb38b"
"DA-00098","B","99","97","aparato de Golgi","aparato de Golgi","PRESENTE","PRESENTE","ACTUALIZADA","Fila final emparejada por identidad de dominio; cambios fijados por huellas inicial/final.","6e6485a9bb1b5087c30cac402226e5e4bdbcd1b35007bae33480fed43e4143e2","9d063b508efd6f0156c5affeb61e97b842a8b65c8fa891cfc1fb961e1e8995ed"
"DA-00099","B","100","98","retículo endoplasmático","retículo endoplasmático","PRESENTE","PRESENTE","ACTUALIZADA","Fila final emparejada por identidad de dominio; cambios fijados por huellas inicial/final.","8d7b7506acc22e91dd0956b160d82e98accf595c6a06f9f5c4e1f5d4b1d3f215","2866ad2d7f818cc040b8ad64bba24ecef523802de9f76d6cf16d29d1512935e0"
"DA-00100","B","101","99","SNARE","SNARE","PRESENTE","PRESENTE","ACTUALIZADA","Fila final emparejada por identidad de dominio; cambios fijados por huellas inicial/final.","c3fadd7e759197fe2e5225c8e84a5226ac1c528e2cd3082fdd72fb11ebd637e0","d961c3c5b4b8c22eec93b61d539b8ab2427e6f59031189f444a3e6209ae52976"
"DA-00101","B","102","100","Rab GTPasa","Rab GTPasa","PRESENTE","PRESENTE","ACTUALIZADA","Fila final emparejada por identidad de dominio; cambios fijados por huellas inicial/final.","b5ddc4547af9ec5c44605ed1b9de1cfcaf41e3b10684809a2439d81695ce457f","5a8d4d13c1e1c2aafe8f8e2fd30f2ed4853c7bcd60edbafef9b79592dec3b208"
"DA-00102","B","103","101","actina","actina","PRESENTE","PRESENTE","ACTUALIZADA","Fila final emparejada por identidad de dominio; cambios fijados por huellas inicial/final.","a2d3ce55f0210ceb7d27a8cffa55830c86909bf9063df9034e6ba14611049fe3","93971ab4440dd6cc4552444882c62a1c2b8dec2e156d217d1623a0f9fcb64144"
"DA-00103","B","104","102","tubulina","tubulina","PRESENTE","PRESENTE","ACTUALIZADA","Fila final emparejada por identidad de dominio; cambios fijados por huellas inicial/final.","787c3027184138cbf8f323b26604525faf9383cb607984f26de6f45727024a48","7f227c00e9b60800ce3c9e27a7d4d63e25ece8cc8153ace820067634144cf312"
"DA-00104","B","105","103","kinesina","kinesina","PRESENTE","PRESENTE","ACTUALIZADA","Fila final emparejada por identidad de dominio; cambios fijados por huellas inicial/final.","de27b512402b48080002c978a7bac1d78d583213db881b9862fa4d617f80dd7e","d02ff3a9627b07520b68473b9efa3b22ee851af926f19321049d628f4e293ddc"
"DA-00105","B","106","104","cilio eucariota","cilio eucariota","PRESENTE","PRESENTE","ACTUALIZADA","Fila final emparejada por identidad de dominio; cambios fijados por huellas inicial/final.","9b7e12744ea9950d9815a2009f526a61ae700707b21c02e4fc2a95f8ed90dafe","f23d87762461916ba4909b494d43f4195842e0cee063b3d8091828d62e076d18"
"DA-00106","B","107","105","cuerpo basal","cuerpo basal","PRESENTE","PRESENTE","ACTUALIZADA","Fila final emparejada por identidad de dominio; cambios fijados por huellas inicial/final.","96751b275931995a74d3d432067e650abccdedb84756fc5b7eba246d8dafb7af","2c6e8c51681846d3dd11c5840aa7c36895b790fabde435732f9779cf179b4cb2"
"DA-00107","B","108","106","transporte intraflagelar","transporte intraflagelar","PRESENTE","PRESENTE","ACTUALIZADA","Fila final emparejada por identidad de dominio; cambios fijados por huellas inicial/final.","5308ed598e7804ba67a65603850dd1848c0fbdf67edd4d8d7041d69382d64ba8","8bb5ae82b3b1827e7a04f00f0a3b74a6687e5cbbde607a1a701ce0c4d138d1fa"
"DA-00108","B","109","107","BBSome","BBSome","PRESENTE","PRESENTE","ACTUALIZADA","Fila final emparejada por identidad de dominio; cambios fijados por huellas inicial/final.","6f8c566c6807460f7b8ada3b8347a78acfe6ed82ee719e551ae72cd338162ecb","2348c49430f8d1f89758da55bfee1d05a5edf3cbf99919a33d9edc13588ec8fc"
"DA-00109","B","110","108","mitocondria ancestral","mitocondria ancestral","PRESENTE","PRESENTE","ACTUALIZADA","Fila final emparejada por identidad de dominio; cambios fijados por huellas inicial/final.","7cad52f317dba1f561530ba47d0e4f7b5330afd6e42ccdc2ad5fd4a6fbe0cfd2","e16f5ce96e31b037e418de0139c4b1e9a123f60feba69c672dd4b64ef00d516f"
"DA-00110","B","111","109","cresta mitocondrial","cresta mitocondrial","PRESENTE","PRESENTE","ACTUALIZADA","Fila final emparejada por identidad de dominio; cambios fijados por huellas inicial/final.","c44aafb1562fb98eaa980cd14ad1b6920fe03384e4fcad0e0d9f6987ec4ca4af","b670894556638b7070a682687262aa2d463d8d478ff5f6fb76607be2eb827fb4"
"DA-00111","B","112","110","alphaMICOS","alphaMICOS","PRESENTE","PRESENTE","ACTUALIZADA","Fila final emparejada por identidad de dominio; cambios fijados por huellas inicial/final.","8f7e1cc6752b625d926f911a76f333d9a8e9ed6f6ecb461570ecbb06806fc3ae","1c39ec153c7a8726a8d0a0639e6849f5ff6cb65b07ce67372e4474d1364646eb"
"DA-00112","B","113","111","MICOS","MICOS","PRESENTE","PRESENTE","ACTUALIZADA","Fila final emparejada por identidad de dominio; cambios fijados por huellas inicial/final.","bf5ca2c90b18cf597f72afe69dd23507f68da46bd0eb956ea0c88ba4de8831e2","817f5868e90694fe792cd49db066e18ae44fd26a643f0c103aee9f4a12f4c0c8"
"DA-00113","B","114","112","PEX","PEX","PRESENTE","PRESENTE","ACTUALIZADA","Fila final emparejada por identidad de dominio; cambios fijados por huellas inicial/final.","5378c743c332a8b6593641a19033c58b3546d2a40b27d3dde263ffb9ee369f2a","0142743cb52813aafe3c3ff4208c7961457f2b9e02512a0bbf22bb3d7ad20f12"
"DA-00114","B","115","113","peroxisoma","peroxisoma","PRESENTE","PRESENTE","ACTUALIZADA","Fila final emparejada por identidad de dominio; cambios fijados por huellas inicial/final.","5086d0d1adc84c17e27ac95735d4be01af8f237dbf204e26b5552f6d17e7b504","1c7ea779b332a523a406abd61522d6d683757f33c0912feb10089d8996184387"
"DA-00115","B","116","114","mitosis cerrada","mitosis cerrada","PRESENTE","PRESENTE","ACTUALIZADA","Fila final emparejada por identidad de dominio; cambios fijados por huellas inicial/final.","620f2afd5909ea694f7c9a9c3f270c0a9d4decb551c825cbc7f0b563201291b3","058351b7746730d5b7a94f8df26eaf10a8f9843757e148c68b62bdc53bf815ab"
"DA-00116","B","117","115","ortomitosis","ortomitosis","PRESENTE","PRESENTE","ACTUALIZADA","Fila final emparejada por identidad de dominio; cambios fijados por huellas inicial/final.","97b37a97ab431545d693e4e0caea3139e29f8a7c58bae3262f141ddf6565bc02","328ebfb3ce8bd5ed57e5823b9951e485fc19a14536cd887f6b9c7238eb9971b5"
"DA-00117","B","118","116","kit meiótico","kit meiótico","PRESENTE","PRESENTE","ACTUALIZADA","Fila final emparejada por identidad de dominio; cambios fijados por huellas inicial/final.","6cf6b8bfa5465e5eb5c9f7ed8b2fe2d9d64e260ec86856fe9feeae225935a9fb","9fc9ef167a751d9d398e42ac75ede0e3400f78abbd2b5e50e004621e6c043ec9"
"DA-00118","B","119","117","meiosis","meiosis","PRESENTE","PRESENTE","ACTUALIZADA","Fila final emparejada por identidad de dominio; cambios fijados por huellas inicial/final.","d106b14eaae367dd2f5234687f7ac235b47e79513f1f9c828a156a2f7daae294","18a9dd0495d06532587deaa03e0d57ed3dc9db68f24b20ea33417c2c899abc39"
"DA-00119","B","120","118","espliceosoma","espliceosoma","PRESENTE","PRESENTE","ACTUALIZADA","Fila final emparejada por identidad de dominio; cambios fijados por huellas inicial/final.","2ec263836ac119f104c6fc82a750bf9a676b05036308eb6e3dd76741902801ee","a4a313eeb4af595128ea5174d992d8fc3847ae47bf95eb8861a6aa8b0dc74dc0"
"DA-00120","B","121","119","intrón espliceosomal","intrón espliceosomal","PRESENTE","PRESENTE","ACTUALIZADA","Fila final emparejada por identidad de dominio; cambios fijados por huellas inicial/final.","7eadc5edf423ec034f33d7caa42c5825756396d5a04a7d43a9663afb98fc3a96","60bbe4ca681503d1a83c7ab01647757420790241a7260985c46666c69f69a408"
"DA-00121","B","122","120","fagocitosis","fagocitosis","PRESENTE","PRESENTE","ACTUALIZADA","Fila final emparejada por identidad de dominio; cambios fijados por huellas inicial/final.","f15bf2a88b14ed574e390c971a3ded38552a1c5ae7cfe1734e8989f2fb16230d","dd462e164a81207142800f573eec6bef21c1d476971c6d716c88959fd8d5fea0"
"DA-00122","B","123","121","fagotrofia","fagotrofia","PRESENTE","PRESENTE","ACTUALIZADA","Fila final emparejada por identidad de dominio; cambios fijados por huellas inicial/final.","0e5eafc2fcbd6c3df058f678ce83d6fe7eef49bd4bc97d040fa7a0a191f66f64","ea27bca23ea770927ab6360b3199810d5ce62780e9d84c2ec3f084f2922c8cc2"
"DA-00123","B","124","122","hipótesis del hidrógeno","hipótesis del hidrógeno","PRESENTE","PRESENTE","ACTUALIZADA","Fila final emparejada por identidad de dominio; cambios fijados por huellas inicial/final.","887096acfec66737816ae9ed714de75d9168617f1792ed1b60fb31745e224988","a7699439dedbf71e431cdb76b800e98bf3c3b2bd4b54b95a51261ef1782c3318"
"DA-00124","B","125","123","hipótesis sintrófica original","hipótesis sintrófica original","PRESENTE","PRESENTE","ACTUALIZADA","Fila final emparejada por identidad de dominio; cambios fijados por huellas inicial/final.","3d0a0f3b4f57f0403f31a84d346b890d586c82625f53dfff9a6d88cf52aee92a","edb5fc2468ea6c2c4ca137e0339f0dcdc260d95830b7de58ea4676ca581f54c3"
"DA-00125","B","126","124","hipótesis sintrófica revisada","hipótesis sintrófica revisada","PRESENTE","PRESENTE","ACTUALIZADA","Fila final emparejada por identidad de dominio; cambios fijados por huellas inicial/final.","c0693a77f5935ac143e66d82582d24ffa04402fcd30f8a042d8c233e976aa4cf","9fe6fb058e123ad1cf52d907b9c64ebbcaef64b0184670c877514f46981d282e"
"DA-00126","B","127","125","modelo inside-out","modelo inside-out","PRESENTE","PRESENTE","ACTUALIZADA","Fila final emparejada por identidad de dominio; cambios fijados por huellas inicial/final.","6b2a82e236b23b37d9bf70a654cdedfdde59aec1f61deb79e166e8dbb7b87bf2","e02f21ed809ebc190be4345cde6b438268143a399ac6edaa6367f4d060f8b626"
"DA-00127","B","128","126","modelo autógeno fagotrófico","modelo autógeno fagotrófico","PRESENTE","PRESENTE","ACTUALIZADA","Fila final emparejada por identidad de dominio; cambios fijados por huellas inicial/final.","3264ea2ea72c3e9f6e6670d65e1ff58a7fa18c3c4564f547b18ebc42dc12b0dc","f1a28380bbbcaab50ffa8bc68182dcf95889a8e046d12b251312972b75839d3b"
"DA-00128","B","129","127","modelo de flujo inverso","modelo de flujo inverso","PRESENTE","PRESENTE","ACTUALIZADA","Fila final emparejada por identidad de dominio; cambios fijados por huellas inicial/final.","91071dc723e203fb361f3daf4b7e4eb1ab48d3ba264cc40e8417c47aa102d263","f523d85e47a8d7730521567a1e5f57c1bf33c60d54cdeee75f4d88c1c3f7b263"
"DA-00129","B","130","128","modelo E3","modelo E3","PRESENTE","PRESENTE","ACTUALIZADA","Fila final emparejada por identidad de dominio; cambios fijados por huellas inicial/final.","75b8c4eaea54ac0caf83bb560b416086fbddd5856690113873285127dbbd9155","122298e6c6f20f76241508281fde7e28f51a29f8468338a41c2c38eee4a3318b"
"DA-00130","B","131","NO_APLICA","Promethearchaeum syntrophicum","NO_APLICA","PRESENTE","RETIRADA","RETIRADA","Instantánea externa y linaje de auditoría; retirada o consolidada sin reasignar silenciosamente la fila.","3b4ba7a680e837f246ff6e50269a505938913f159d55a9917caa6f6cdb6d2c1d","NO_APLICA"
"DA-00131","B","132","129","hipótesis de invasión de intrones","hipótesis de invasión de intrones","PRESENTE","PRESENTE","ACTUALIZADA","Fila final emparejada por identidad de dominio; cambios fijados por huellas inicial/final.","981aa48f1e182d61d26052703234b47f177a9f6710e995badf8d2d1b536668ea","1073329185b3ef9334e003978d492294e89b9ea1ad055984849721f5a2b5dee3"
"DA-00132","B","133","130","intrón de grupo II","intrón de grupo II","PRESENTE","PRESENTE","ACTUALIZADA","Fila final emparejada por identidad de dominio; cambios fijados por huellas inicial/final.","cda9558cd55131a97485e72e9524c4eb32a81bda6a93a8d1ac190f7f8bca21bc","6f8d8d5dd6a98c96eebfd5842fb568fee85c5ea35b7f765f03abcad791e9d015"
"DA-00133","B","134","131","hipótesis viral del núcleo","hipótesis viral del núcleo","PRESENTE","PRESENTE","ACTUALIZADA","Fila final emparejada por identidad de dominio; cambios fijados por huellas inicial/final.","2c830b9f999158f86ec5c51d67139ce47a9cfff052e44817804810a40d1511c4","dc23093f9ebf4a47b3ab382de4b1d794ffa1e0113a5e1e2dad06a47eb07760e2"
"DA-00134","B","135","132","virus ancestral de Nucleocytoviricota no muestreado","virus ancestral de Nucleocytoviricota no muestreado","PRESENTE","PRESENTE","ACTUALIZADA","Fila final emparejada por identidad de dominio; cambios fijados por huellas inicial/final.","4ae55ceeb9acb2e6828f5951ab60bd3e7a93da094ca1d8bfb1c458a254690ec0","ecebb9115127de3a440dfa7d65bb927627ef4086b79c2dc160ce204357c4c037"
"DA-00135","B","136","133","hipótesis poxviral del núcleo","hipótesis poxviral del núcleo","PRESENTE","PRESENTE","ACTUALIZADA","Fila final emparejada por identidad de dominio; cambios fijados por huellas inicial/final.","11ce396cb55730490524733d428974e2616f460b0e145a834b954f5543bb650d","de31323f96ae87db0e0509d7c8419b2bf3fb3b229646a814179a29783eeb68d2"
"DA-00136","B","137","134","hipótesis medusaviral del núcleo","hipótesis medusaviral del núcleo","PRESENTE","PRESENTE","ACTUALIZADA","Fila final emparejada por identidad de dominio; cambios fijados por huellas inicial/final.","15dd291f3199892786917cb449afecf4370e21f441ce4b11782f62f06becd4c1","99fd78da7d30a7f3f4ac23d236e6123f14641b53d365053ac5335272a5836869"
"DA-00137","B","138","135","hipótesis autógena de invaginación nuclear","hipótesis autógena de invaginación nuclear","PRESENTE","PRESENTE","ACTUALIZADA","Fila final emparejada por identidad de dominio; cambios fijados por huellas inicial/final.","36e45e7beb6ef3a0f275f8c3de21db601eca16105f9256c4c9324ddd10d45377","ce5215ec297663d26f3136bbc885ebc8e219aaadb1f7b10e3e411c6220aa6620"
"DA-00138","B","139","136","submodelo nuclear inside-out","submodelo nuclear inside-out","PRESENTE","PRESENTE","ACTUALIZADA","Fila final emparejada por identidad de dominio; cambios fijados por huellas inicial/final.","d17cc67022dab92443186c6fc8b5b2de9b918e06e02b916e2e7dcfae7964f84f","bc4298ad1a113068c1f9c34f3f4659e6c93b6ab5ac5223d36db7335016b171be"
"DA-00139","B","140","137","hipótesis del protocoatómero","hipótesis del protocoatómero","PRESENTE","PRESENTE","ACTUALIZADA","Fila final emparejada por identidad de dominio; cambios fijados por huellas inicial/final.","9af1337ef74eefa423d8fea82ca059ca361d49c81e26bba90272e86234484a43","4077f819638e5c8fdab337db5c80e128e95cb90a0df894289a19039223d55258"
"DA-00140","B","141","138","β-propeller","β-propeller","PRESENTE","PRESENTE","ACTUALIZADA","Fila final emparejada por identidad de dominio; cambios fijados por huellas inicial/final.","23e13c5f974ddead0893b3821340f406a1ffcc04454acfe1abbd0a0ee718000c","4237c07ddb142b4e4c3dc6a8b2f09091d9388d137c73103384d1c6e7ddd782de"
"DA-00141","B","142","139","α-solenoid","α-solenoid","PRESENTE","PRESENTE","ACTUALIZADA","Fila final emparejada por identidad de dominio; cambios fijados por huellas inicial/final.","56e68934d96c9d8f45e83951e14daa7f33bb727abcfb85e597a59aca34a2ae22","6e3dba8a103aebeb5cfaa2e59596e673b8c1597003ccc414737cf493bf4eb457"
"DA-00142","B","143","140","clatrina","clatrina","PRESENTE","PRESENTE","ACTUALIZADA","Fila final emparejada por identidad de dominio; cambios fijados por huellas inicial/final.","cf6d89df9a9b4bc108858b09db209d17309bd71c9ea60d6fa0a603b445a5ffd5","a7397e9f8b16a19d7bc117626b41e0c74e57b1f9566c015cbaac815b445b7e91"
"DA-00143","B","144","141","COPI","COPI","PRESENTE","PRESENTE","ACTUALIZADA","Fila final emparejada por identidad de dominio; cambios fijados por huellas inicial/final.","749bb97b74aecd057f713c3727b2d95436be482f4c06f3d4ffa6f7cc62ff2a49","bf6758c9e2cecf483f01f19ca318be068dac510c1a1ee92368b766985af61473"
"DA-00144","B","145","142","COPII","COPII","PRESENTE","PRESENTE","ACTUALIZADA","Fila final emparejada por identidad de dominio; cambios fijados por huellas inicial/final.","265e725bb642c803c6cb37a2e7830b5ed3c030f2b2dd1cef842a8bee5d9437f4","f8c8415bcaa3565a2ee0b8d00056a8de69aeee53469d10cc8ded47247e8e984c"
"DA-00145","B","146","143","módulo ancestral de curvatura de membrana no muestreado","módulo ancestral de curvatura de membrana no muestreado","PRESENTE","PRESENTE","ACTUALIZADA","Fila final emparejada por identidad de dominio; cambios fijados por huellas inicial/final.","c0172ec3180494132c19f1ed801b80b4ae938522a38fa7940d5d06c5c9242c2e","ccd3b80aa6414dafac5859c3f5a4d536af3a7aacb3044dce8c132566adc3dcb7"
"DA-00146","B","147","NO_APLICA","Eukaryota","NO_APLICA","PRESENTE","RETIRADA","RETIRADA","Instantánea externa y linaje de auditoría; retirada o consolidada sin reasignar silenciosamente la fila.","3a6797d1dd3aa5c677c048447a7eae82811199d564973eb0013861028400d761","NO_APLICA"
"DA-00147","B","148","144","raíz del árbol eucariota","raíz del árbol eucariota","PRESENTE","PRESENTE","ACTUALIZADA","Fila final emparejada por identidad de dominio; cambios fijados por huellas inicial/final.","f3bda3caf296340cca10b42cb9e572a87dabf66473535394d58b5afc231d657e","a66bd048b8ca48b8a750d7b3bfec2c5a7fd43ed256d2d7ed329147eab0821956"
"DA-00148","B","149","145","hipótesis unikonta–bikonta","hipótesis unikonta–bikonta","PRESENTE","PRESENTE","ACTUALIZADA","Fila final emparejada por identidad de dominio; cambios fijados por huellas inicial/final.","f726b5d54a24c0af34bcd76160add2ff6e74763403a73538463fba6e05fc9322","53543a7777c852d7f856a17ad0de321b8cf31e36523ad21384da549199cb3090"
"DA-00149","B","150","146","Opimoda","Opimoda","PRESENTE","PRESENTE","ACTUALIZADA","Fila final emparejada por identidad de dominio; cambios fijados por huellas inicial/final.","5672e15ecfcd2541b2f7193f8d40f06101b530597dae87add41f8ec752ae6c74","c2ce2ca68787e0c8f242f30fbc9191dda0a6abf92c2a7551d5723914ae38dcd2"
"DA-00150","B","151","147","Diphoda","Diphoda","PRESENTE","PRESENTE","ACTUALIZADA","Fila final emparejada por identidad de dominio; cambios fijados por huellas inicial/final.","d061c9c275856368bf399b2cd9f34d483abe6aca5452a4510de9f7fc078a23bf","6e2d1889ffea64640de2ffa40eb1485630abd0e744b4bef43f4d0d68e190c1de"
"DA-00151","B","152","148","Discoba","Discoba","PRESENTE","PRESENTE","ACTUALIZADA","Fila final emparejada por identidad de dominio; cambios fijados por huellas inicial/final.","374af1cafe9470f9a5d7cd0f503831b901488c20e440b35163a855dbb5fc5249","f78f62956751d9ffd52f2c7d00309c7ac462bed58bade40c94dad7535cb54df4"
"DA-00152","B","153","149","hipótesis de raíz excavada sucesiva","hipótesis de raíz excavada sucesiva","PRESENTE","PRESENTE","ACTUALIZADA","Fila final emparejada por identidad de dominio; cambios fijados por huellas inicial/final.","9cc041b782f7ee53eb583488a9e6ae60b145321d4cee0c485e3dd4a1c4928dcf","d974a88d58d8493ec69774404b8b4c01d8791df5e9f5bc20813cc114190f7d80"
"DA-00153","B","154","150","hipótesis de raíz Opisthokonta","hipótesis de raíz Opisthokonta","PRESENTE","PRESENTE","ACTUALIZADA","Fila final emparejada por identidad de dominio; cambios fijados por huellas inicial/final.","45c612aa119c9cc5e2e966fe52ad0fdf1e03f00e088f4daed97e00957cd69c25","fb600afc9b6b463994a46f72819cf6e37c19bd2c55abdf49c8fbab8922b99a54"
"DA-00154","B","155","151","fusión DHFR–TS","fusión DHFR–TS","PRESENTE","PRESENTE","ACTUALIZADA","Fila final emparejada por identidad de dominio; cambios fijados por huellas inicial/final.","e9ba54020e30ebf606a0cd0c5dd53ac151877581d16ffe1a81733e559dc01435","faad3be2304fde8f8ea92a3c3c9aba4865758433acc8439c73c827a55a8825fe"
"DA-00155","B","156","152","repertorios de miosina","repertorios de miosina","PRESENTE","PRESENTE","ACTUALIZADA","Fila final emparejada por identidad de dominio; cambios fijados por huellas inicial/final.","f85e520f5a59e3112710c6c469f85370204bea4ef4c31879fb0a3bc946bd3840","6f845bb35d646720ebc20c6a41f6c67b391f27571d1041b4c44359061f33997a"
"DA-00156","B","157","153","posiciones de intrones","posiciones de intrones","PRESENTE","PRESENTE","ACTUALIZADA","Fila final emparejada por identidad de dominio; cambios fijados por huellas inicial/final.","180ff3dbceb48aabacdfb0f69b7c57e66de2ffa2ab85a93ed61572beb0c9f38a","5c060f65abf3a7684fc10157d95803080de212f4e6fcf312643fd56c3c81cfbd"
"DA-00157","B","158","154","Amorphea","Amorphea","PRESENTE","PRESENTE","ACTUALIZADA","Fila final emparejada por identidad de dominio; cambios fijados por huellas inicial/final.","bd0866a03b8d5a0e71f9cc8a87d131c0de51f794f3a64a30329935c5af08c3a0","1303aa173f9a2aa8d77e47432532d93261dd749448ec80fda7fdb6461557574d"
"DA-00158","B","159","155","Amoebozoa","Amoebozoa","PRESENTE","PRESENTE","ACTUALIZADA","Fila final emparejada por identidad de dominio; cambios fijados por huellas inicial/final.","d1ac2d3062ab3f46d186c83fccdaf2475a89f7783c90b9c4aca196d3d2311668","378b8480d04ad08ac9b95b24ddca9910ce42251e08f78acc056bec5b07b13b63"
"DA-00159","B","160","156","Obazoa","Obazoa","PRESENTE","PRESENTE","ACTUALIZADA","Fila final emparejada por identidad de dominio; cambios fijados por huellas inicial/final.","8eaef74c102bbc40fd3c6f4f2f7772ee3be9167a27410f288f6580f760e06871","d910dfe46e3eee10d42219196ab31fe2d3448d7d0248cbaa989a4e846a109ab5"
"DA-00160","B","161","157","CRuMs","CRuMs","PRESENTE","PRESENTE","ACTUALIZADA","Fila final emparejada por identidad de dominio; cambios fijados por huellas inicial/final.","c03afe65658d53594e5dc52131091487ed014fc6e91f7e2c8eb3b3ca16207b6f","d240557cab33ee615b513f68402fe4a3f7d91a2be4eb703d7ec3ee19185c6dae"
"DA-00161","B","162","158","Ancyromonadida","Ancyromonadida","PRESENTE","PRESENTE","ACTUALIZADA","Fila final emparejada por identidad de dominio; cambios fijados por huellas inicial/final.","186c3a6ef711db4972ddc3afc5f84b8e66fda16b7464eee4232b6f07e98de492","5bfc6d1849693f01e9dab7d7511f84a6dd24ad0d2cb1a50d0e9c648e582b0b53"
"DA-00162","B","163","159","Malawimonadida","Malawimonadida","PRESENTE","PRESENTE","ACTUALIZADA","Fila final emparejada por identidad de dominio; cambios fijados por huellas inicial/final.","77b491aabdef49e64b8af2ec3bb9d58fdd274d8bb4975c7a3567fdbe0b9af5c0","23209555cc92edad771bd3372a54e73e2827ee93229e32d71f4d7e042808fa96"
"DA-00163","B","164","160","Unikonta","Unikonta","PRESENTE","PRESENTE","ACTUALIZADA","Fila final emparejada por identidad de dominio; cambios fijados por huellas inicial/final.","ea90c469b83db19b471604fbd1f127651c969a8797fdcd1dfc6eeecee652500b","a2170f0dc209462b0d6324403fdfe30173191b71cb430e1cb2068de481fb0298"
"DA-00164","B","165","161","Podiata sensu Cavalier-Smith","Podiata sensu Cavalier-Smith","PRESENTE","PRESENTE","ACTUALIZADA","Fila final emparejada por identidad de dominio; cambios fijados por huellas inicial/final.","5e6ee13c452f50d6d86a5465aeaf493909f89f847ddd0dd7e8b7064670abe67e","92ff2f9a1fe73fd0215bb75cc808dc2a8160f474939ea4fb6728562eea96bc3f"
"DA-00165","B","166","162","Podiata sensu filogenómico reciente","Podiata sensu filogenómico reciente","PRESENTE","PRESENTE","ACTUALIZADA","Fila final emparejada por identidad de dominio; cambios fijados por huellas inicial/final.","811d3f599c7f68ab7fa19edd6c1f03147774540c7950dd916a5f1763a43a7951","df427ec2ded202e0afa1e7665ee6d793f93b20f4b2143d4c247c20d581e994de"
"DA-00166","B","167","163","Sulcozoa sensu Cavalier-Smith","Sulcozoa sensu Cavalier-Smith","PRESENTE","PRESENTE","ACTUALIZADA","Fila final emparejada por identidad de dominio; cambios fijados por huellas inicial/final.","c18dd2e2636157ea729aa32af789b61f353ce60542ad9b15d6f72b24d8701f35","d3cc399a64d73dddb217d02af5d2b2b7d945ef1a9476c5c3088f5ec1439b6dc1"
"DA-00167","B","168","164","Varisulca sensu Cavalier-Smith","Varisulca sensu Cavalier-Smith","PRESENTE","PRESENTE","ACTUALIZADA","Fila final emparejada por identidad de dominio; cambios fijados por huellas inicial/final.","7e6ab0ed83e4a667081c9b096f79229454dba74ad396a4b1e1dca840d29c2062","be12cfb89d92c62f9b14c56eb21c0de99ecab9b07f4e5008ad3a923753bb2497"
"DA-00168","B","169","165","Apusomonadida","Apusomonadida","PRESENTE","PRESENTE","ACTUALIZADA","Fila final emparejada por identidad de dominio; cambios fijados por huellas inicial/final.","af24793a722e43d9847ee05270379ad46cc9e5f2b8cb1b3510ce3d3e606fadcb","2bf7d66a167fccb0c59752e915205af187fbb85eabe877faf630dd0a88e81e01"
"DA-00169","B","170","166","Breviatea","Breviatea","PRESENTE","PRESENTE","ACTUALIZADA","Fila final emparejada por identidad de dominio; cambios fijados por huellas inicial/final.","607ac216888dcd5aa5dc3e8d061f58241dc8bcb2fb70cc6a22f334af1286199f","b09507307df073a23bad76908f4630ed62fadf7dd734b5414e1c1b896c5c52f6"
"DA-00170","B","171","167","Opisthokonta","Opisthokonta","PRESENTE","PRESENTE","ACTUALIZADA","Fila final emparejada por identidad de dominio; cambios fijados por huellas inicial/final.","3736fde4439c580d2154a45028e3f5f87508c299f41449bbbfcb91e93301bb2b","00b919693a22a00fb23c7fde073712576902d985155da682498c9b504e2d4390"
"DA-00171","B","172","168","Holomycota","Holomycota","PRESENTE","PRESENTE","ACTUALIZADA","Fila final emparejada por identidad de dominio; cambios fijados por huellas inicial/final.","4bd30b646137cb24b62b4c94cfa92e64c4f2ad7edf5f832f81c3e8ac037db9af","3798e184a424d7e137f9b18e931e9a0e5da2748dabad7ff47d78b8a50c1c023e"
"DA-00172","B","173","169","Holozoa","Holozoa","PRESENTE","PRESENTE","ACTUALIZADA","Fila final emparejada por identidad de dominio; cambios fijados por huellas inicial/final.","2049cdf44c95eabff4972a99ab489c886f17960ed27c3cd86a977ebfc96a1494","b3f557fe2e9f95e1d1dc35d16f20356fdb70bb9155ce0d0023c9865367ce462c"
"DA-00173","B","174","170","Ichthyosporea","Ichthyosporea","PRESENTE","PRESENTE","ACTUALIZADA","Fila final emparejada por identidad de dominio; cambios fijados por huellas inicial/final.","f3e728d493b383f677b4a888deb7ddc0fe1216889a822f0343f19d8411a5f678","ad4f79c1383b168b9cfe085aaaa322812fc9fcd0f0e1b71123356ce06b2590cf"
"DA-00174","B","175","171","Pluriformea sensu Hehenberger et al. 2017","Pluriformea sensu Hehenberger et al. 2017","PRESENTE","PRESENTE","ACTUALIZADA","Fila final emparejada por identidad de dominio; cambios fijados por huellas inicial/final.","1ec1911face77e8f6bf0eb7c3db8d6ad3961ab131aba58758dce00337e73f207","6f9bfc2ec2e58466f5992e6733d7e79f665e7d58479604e63c5d1ab9fa2def99"
"DA-00175","B","176","172","Corallochytrea","Corallochytrea","PRESENTE","PRESENTE","ACTUALIZADA","Fila final emparejada por identidad de dominio; cambios fijados por huellas inicial/final.","dd754c418d9ad1eba0092944ac6d321251d7eabf3e5261dbe93869aa468089eb","01eee8be0fc6bc315c23956581cb8d3131d6509a4d6d217503c59ec9c99b3f9c"
"DA-00176","B","177","173","Corallochytrium","Corallochytrium","PRESENTE","PRESENTE","ACTUALIZADA","Fila final emparejada por identidad de dominio; cambios fijados por huellas inicial/final.","e2f451c4d9c7f537adbbf8648fc19aabe39f778cff882b89dcaba0b687ab0bbc","ac808bd3cd0a143a38954c138a0f9deedf116e3978f51b595846454761332c27"
"DA-00177","B","178","174","Filasterea","Filasterea","PRESENTE","PRESENTE","ACTUALIZADA","Fila final emparejada por identidad de dominio; cambios fijados por huellas inicial/final.","69065104ba787ebd6b3ee712fe3bc7ce3c5914b035dccdda522d6dc9d697e2d5","28db209cee6122d7b0c12f33e98f5c9867ab775eb961348599f18b412c120907"
"DA-00178","B","179","175","Filozoa","Filozoa","PRESENTE","PRESENTE","ACTUALIZADA","Fila final emparejada por identidad de dominio; cambios fijados por huellas inicial/final.","fb816b8ea8bc22a705bc54da648f3cea87cc106ee4b76589c153bd0e40f79c73","91d403feb7d32758aa438de8c7838f516a325235f99ad7ef745e1d828f307d31"
"DA-00179","B","180","176","Choanozoa sensu stricto","Choanozoa sensu stricto","PRESENTE","PRESENTE","ACTUALIZADA","Fila final emparejada por identidad de dominio; cambios fijados por huellas inicial/final.","64b0ac39072ca91b34556cf8ace46d83f700e9c4b469266ec1b385139b0f800e","bdb639a8a96289f0953d689524b816d4af3b824941094e2abeb85f896d861b20"
"DA-00180","B","181","177","Choanoflagellata","Choanoflagellata","PRESENTE","PRESENTE","ACTUALIZADA","Fila final emparejada por identidad de dominio; cambios fijados por huellas inicial/final.","c2de2f3000bf66909a60791070acbb29019e81d10e04d82f9005ba471a3a624c","21ada14ffa2dc0e94d8f2c9e563bf35097b38b48c33d8d7bf3a7a538401b2ac7"
"DA-00181","B","182","178","Metazoa","Metazoa","PRESENTE","PRESENTE","ACTUALIZADA","Fila final emparejada por identidad de dominio; cambios fijados por huellas inicial/final.","d36ba51d48542cc576ddb0e107f6daa9a1a9c4dfddacdec05c248a8a684e627a","0aa5481d7a6adcc48406e495618d49235aa2c84d2c1042ca27241fe705fa55e7"
"DA-00182","B","183","179","hipótesis Pluriformea-sister","hipótesis Pluriformea-sister","PRESENTE","PRESENTE","ACTUALIZADA","Fila final emparejada por identidad de dominio; cambios fijados por huellas inicial/final.","cdf93bde1090f04b60ed024a3911908e409900b8d98f5a15b31ece65de1a9d6f","4362a70d76e78434c4a9fa14e6b5e7789034603df3d2d38bc1cf726e5073bd41"
"DA-00183","B","184","180","Teretosporea","Teretosporea","PRESENTE","PRESENTE","ACTUALIZADA","Fila final emparejada por identidad de dominio; cambios fijados por huellas inicial/final.","33cd801c38b07a661e15dc08952d7b5eb4a7f85357241aef5f4743d44e907ed1","ebf6f92b07978b61676141350839bec0aa7a167e94b9b178531dff51b1ec5d0f"
"DA-00184","B","185","181","hipótesis Ichthyosporea-sister","hipótesis Ichthyosporea-sister","PRESENTE","PRESENTE","ACTUALIZADA","Fila final emparejada por identidad de dominio; cambios fijados por huellas inicial/final.","f24072934a27c71a503081db514a36f0be1993a65209a73596247e2d8500b532","db6d7852290385c2cfbc832e2046555f56fa4d3e4b6643d16bf7bd6ba90d1771"
"DA-00185","B","186","182","Choanozoa sensu histórico","Choanozoa sensu histórico","PRESENTE","PRESENTE","ACTUALIZADA","Fila final emparejada por identidad de dominio; cambios fijados por huellas inicial/final.","e75f9eaa010d5e63bf33eed49289bae0283aa3fa304d9a9a5f883a249011ce04","5b419db1f0e184a8cce7bf95ee9d2f9031f5450984457c90f97da438607077f8"
"DA-00186","B","187","183","Apoikozoa sensu Budd y Jensen","Apoikozoa sensu Budd y Jensen","PRESENTE","PRESENTE","ACTUALIZADA","Fila final emparejada por identidad de dominio; cambios fijados por huellas inicial/final.","deca86bdec7b96dcbd90b64b46ba6b1eb7f21e007db9d8ebab5a027e3e3f8da5","4b91ea89c1707200100f67075be0406f6c18b9f7b3e173cc692cb61089c23c4d"
"DA-00187","B","188","184","clasificación eucariota de Adl et al. 2019","clasificación eucariota de Adl et al. 2019","PRESENTE","PRESENTE","ACTUALIZADA","Fila final emparejada por identidad de dominio; cambios fijados por huellas inicial/final.","076ab0bb73f23a9fb8e4fa78309c4891c915973728b290bc5c627dd51dc0ea31","ff804ae7f459139c82f7e9867f1bf038f635b942e63f7b9dcc3e68f60379c588"
"DA-00188","B","189","185","EukProt","EukProt","PRESENTE","PRESENTE","ACTUALIZADA","Fila final emparejada por identidad de dominio; cambios fijados por huellas inicial/final.","632be7789b1617449612e6501cdabe1c38c774686510914dfc31a0900f25f9fd","cbacb4708b1291d14a0341906981c277a3a455f6f13ba09aead7ee174be682f6"
"DA-00189","B","190","186","PR2","PR2","PRESENTE","PRESENTE","ACTUALIZADA","Fila final emparejada por identidad de dominio; cambios fijados por huellas inicial/final.","e904f94eb3b917c54318ff22cce2faead3d44aac75ecd756cb6c899ed56b7276","052d2f37bc41a326d19b75a54a803812778f2e0799b8c0ffc82283e6b760ece8"
"DA-00190","B","191","187","UniEuk","UniEuk","PRESENTE","PRESENTE","ACTUALIZADA","Fila final emparejada por identidad de dominio; cambios fijados por huellas inicial/final.","f8822d2523dc9bf79382ea121856d5a06cd670a8329c6f97492a7804ed2f3f27","b0ed8a64b4db26b40123fb56c46d78a0f3948d9c5df15799b8e133aff932de46"
"DA-00191","B","192","188","Tabla Cronoestratigráfica Internacional 2026/06","Tabla Cronoestratigráfica Internacional 2026/06","PRESENTE","PRESENTE","ACTUALIZADA","Fila final emparejada por identidad de dominio; cambios fijados por huellas inicial/final.","e2e31aa76469af51058b446d5257dd3935863d0916e7e5e1bd66baf617e0d204","6441e8ee1631b9f777e2e7d1868314e15ae0a0e2d24f6c3d8d4f34247b66351b"
"DA-00192","B","193","189","marcado del corpus","marcado del corpus","PRESENTE","PRESENTE","ACTUALIZADA","Fila final emparejada por identidad de dominio; cambios fijados por huellas inicial/final.","a3d3b1eab9c86baf7de69353c3befc63c264dee88235d279e12422244b12a44c","deb8cdf75a5d3aa40a7219303bd6b237a4d8ea3a0996999ce87830743d808aea"
"DA-00193","B","194","190","acritarco","acritarco","PRESENTE","PRESENTE","ACTUALIZADA","Fila final emparejada por identidad de dominio; cambios fijados por huellas inicial/final.","c87f70b2418bf87d535c5855fe02332da78310046843547366ceef4c9eda43e6","000315dfcbd27bd825dbfc93455037e9858ec1211563168d357ff85591adf78f"
"DA-00194","B","195","NO_APLICA","Eukaryota","NO_APLICA","PRESENTE","RETIRADA","RETIRADA","Instantánea externa y linaje de auditoría; retirada o consolidada sin reasignar silenciosamente la fila.","a69642b10611b8f0731efbf51f9fb6bca62052268b6a03dc3f3fe7462228b07b","NO_APLICA"
"DA-00195","B","196","191","microscopía electrónica de transmisión","microscopía electrónica de transmisión","PRESENTE","PRESENTE","ACTUALIZADA","Fila final emparejada por identidad de dominio; cambios fijados por huellas inicial/final.","71e0393e5008284da608d2d57e99e240f66fec0e5e9687ee5ed502104a04cdf6","747c83bb130c606f0114d4336f5739a1d6866721a477e2a11752bc9a31adb63a"
"DA-00196","B","197","192","Grupo Roper","Grupo Roper","PRESENTE","PRESENTE","ACTUALIZADA","Fila final emparejada por identidad de dominio; cambios fijados por huellas inicial/final.","eb7dada795d0c4d459297a9847f9d48da90c0e2bf25618903d223de4dd18c33c","8b36e72a23996bfd9a7a8d8681739158e64d545d109e3ee67cf0da86b74b77bd"
"DA-00197","B","198","193","Re–Os","Re–Os","PRESENTE","PRESENTE","ACTUALIZADA","Fila final emparejada por identidad de dominio; cambios fijados por huellas inicial/final.","a51acb1f07336fe2c1c259315cf02d5b38a4504eba16020c005ef306c799bc65","7f623f2d4c4c8fb92a8bffc023af5376baddff7b6c7d0449dcae0eac1c764e34"
"DA-00198","B","199","194","*Valeria lophostriata*","*Valeria lophostriata*","PRESENTE","PRESENTE","ACTUALIZADA","Fila final emparejada por identidad de dominio; cambios fijados por huellas inicial/final.","7496a1ee9803527064841139d90204eb7e4fc7ede83d13bb5eba3933f8243fb4","023ca7f8407851554e6230dff0f2a6b4fd81a39030ed45911a4888c76ccb5a4f"
"DA-00199","B","200","195","*Tappania plana*","*Tappania plana*","PRESENTE","PRESENTE","ACTUALIZADA","Fila final emparejada por identidad de dominio; cambios fijados por huellas inicial/final.","6f2db70fcdb56a0715054961dfed35a515258ef3f91a30c64e67179ac11e5c8f","d73e308486515f552a63d856a88ba944b299fb82ec0780730083d2bcf915a2df"
"DA-00200","B","201","196","*Dictyosphaera*","*Dictyosphaera*","PRESENTE","PRESENTE","ACTUALIZADA","Fila final emparejada por identidad de dominio; cambios fijados por huellas inicial/final.","a83cdc1ea5667a4759d6819431c1da2097d0a9b9ab8be200a101915a20e05394","61a90d89454b5e31b1728229b97745941b70fd3915f532a728835aa4845ff6b9"
"DA-00201","B","202","197","Grupo Ruyang","Grupo Ruyang","PRESENTE","PRESENTE","ACTUALIZADA","Fila final emparejada por identidad de dominio; cambios fijados por huellas inicial/final.","2f5cda5b8913c35563dd4ee5a6e6c473affaaa4814309621cc668e93a252f8c0","fb90f45be15be4a2b1b60fb2bf3a8856b792411a5373a30b7eaedc63c8a73e69"
"DA-00202","B","203","198","*Shuiyousphaeridium*","*Shuiyousphaeridium*","PRESENTE","PRESENTE","ACTUALIZADA","Fila final emparejada por identidad de dominio; cambios fijados por huellas inicial/final.","1486256e3c1fb125be9bcb0dc38d78a4238b43ca91d14e7b96288541ff203f48","c0f6086e267c6a03e7531f78ba8b62f0075e2c7aada88592067fbb4d20f79c45"
"DA-00203","B","204","199","Formación Chuanlinggou","Formación Chuanlinggou","PRESENTE","PRESENTE","ACTUALIZADA","Fila final emparejada por identidad de dominio; cambios fijados por huellas inicial/final.","c1d17843f76186bb2ca6e57dc5a47adc89fefd4650eb6b9c15d949efd4208c99","2918f113d280e12b39445bbdd8cf90ffe6370c3b5aaa8ee65d80d6d7297e7c34"
"DA-00204","B","205","200","*Qingshania magnifica*","*Qingshania magnifica*","PRESENTE","PRESENTE","ACTUALIZADA","Fila final emparejada por identidad de dominio; cambios fijados por huellas inicial/final.","cae152e2be068fcecc5f61e7a29047bb9952f0f8ab722b208cfcfdfcf0aa1a3b","ca936d60681479fbd1b8cecaddbba92da5a3e376334c618f099d201bfb043a2d"
"DA-00205","B","206","201","Formación de Hierro Negaunee","Formación de Hierro Negaunee","PRESENTE","PRESENTE","ACTUALIZADA","Fila final emparejada por identidad de dominio; cambios fijados por huellas inicial/final.","df13a1ddc29d9935eff0fb216787c8e3d81c07f050b3e92bf67c01abee3e4c6a","a993e50bd83fdcef47f99416e7c95ee56f404acf1463a538dc05ab1cf8fb4069"
"DA-00206","B","207","202","*Grypania spiralis*","*Grypania spiralis*","PRESENTE","PRESENTE","ACTUALIZADA","Fila final emparejada por identidad de dominio; cambios fijados por huellas inicial/final.","36a70ec0d6332fcebb1818ae6dc11f7ae7b383d5ee829ea241becbd4970cbd94","c3527f621d6a164580c75cf3b90def3f412e8d5f2cc6f8522146cc406927b3b2"
"DA-00207","B","208","203","Dolomía Tirohan","Dolomía Tirohan","PRESENTE","PRESENTE","ACTUALIZADA","Fila final emparejada por identidad de dominio; cambios fijados por huellas inicial/final.","e74e1c55914f5ee8d4e2b3c4d86d38bc01112e043b57028eb361771488db5ec4","fee0361428b6dad9d6b0fbb647187f86ba335c750ee5a87285687c197d143164"
"DA-00208","B","209","204","*Rafatazmia chitrakootensis*","*Rafatazmia chitrakootensis*","PRESENTE","PRESENTE","ACTUALIZADA","Fila final emparejada por identidad de dominio; cambios fijados por huellas inicial/final.","e159c54a98d18c9d304775dc32ca0c9ef8907183e7fa45f8a622ed6aef8f77a9","8a29ff691d781fff82f2d44332efe7bc997149bb98e0f1d8c7e613fe2dad1b53"
"DA-00209","B","210","NO_APLICA","Amoebozoa","NO_APLICA","PRESENTE","RETIRADA","RETIRADA","Instantánea externa y linaje de auditoría; retirada o consolidada sin reasignar silenciosamente la fila.","357753738d6e99f912e357536b26e1ef2f0e1816276ce520bd9029555ade7f27","NO_APLICA"
"DA-00210","B","211","205","Grupo Chuar","Grupo Chuar","PRESENTE","PRESENTE","ACTUALIZADA","Fila final emparejada por identidad de dominio; cambios fijados por huellas inicial/final.","a7b27c939e004d46aaaf831adaf50fb294cfbcd2e04d9b6e8ae7d3e044442813","8e7d2bb8316a39e358762b05136260b79ede367f2ef30e4dd799897f7ce87048"
"DA-00211","B","212","206","microfósiles con forma de vasija","microfósiles con forma de vasija","PRESENTE","PRESENTE","ACTUALIZADA","Fila final emparejada por identidad de dominio; cambios fijados por huellas inicial/final.","189284376ba6adee11d4e7b29a026af2436f3f268613a921977f38160879191b","38f26453dc56baae7108b1988f6cc8e3bf45e0a1c866b42f72c71c6ab68d950a"
"DA-00212","B","213","207","organismo perforador del Grupo Chuar no identificado","organismo perforador del Grupo Chuar no identificado","PRESENTE","PRESENTE","ACTUALIZADA","Fila final emparejada por identidad de dominio; cambios fijados por huellas inicial/final.","b7acdb326bfaedc604cd11db0a7f00a1ac440ca9c8960d976dba72ceb0197617","cefd06e9e74e2f20efb9d54e72522fc21f997236280fbe039fb18f12d27813f2"
"DA-00213","B","214","208","*Bangiomorpha pubescens*","*Bangiomorpha pubescens*","PRESENTE","PRESENTE","ACTUALIZADA","Fila final emparejada por identidad de dominio; cambios fijados por huellas inicial/final.","35c001a923a94d4cab554cca2019c5f24bedfaeb82141b66789cd30d929759df","dd0c9c14cf3e41ea298f837363c05639aa58a254a219a88a40b591596cd5bc42"
"DA-00214","B","215","209","U–Pb CA-ID-TIMS","U–Pb CA-ID-TIMS","PRESENTE","PRESENTE","ACTUALIZADA","Fila final emparejada por identidad de dominio; cambios fijados por huellas inicial/final.","61686d275e2e8786771d30ad27473879ddaf797d6cb4f720af74f3a2a01693ef","eebddb4bcc6186a0fe17c0b63caf6376dac64649a926e20357f5079408e9d42e"
"DA-00215","B","216","210","Formación Grassy Bay","Formación Grassy Bay","PRESENTE","PRESENTE","ACTUALIZADA","Fila final emparejada por identidad de dominio; cambios fijados por huellas inicial/final.","31aeaec13fe54765d206c57b8588fa4f695651212877822f15aeecd9df1fa624","faf4bc9f5a9eea7587b5c53ca546d09955a45d1553496dba0845965169af0cec"
"DA-00216","B","217","211","Fungi","Fungi","PRESENTE","PRESENTE","ACTUALIZADA","Fila final emparejada por identidad de dominio; cambios fijados por huellas inicial/final.","6798a126c73a6bfa05b4a679d4608272491134d3a2e5e9e20e1752b724ef6351","6fed2d98e7057a20f8a862b8160158b433ddf23c1c392c4f4d9a40a1c51e2a23"
"DA-00217","B","218","NO_APLICA","Holomycota","NO_APLICA","PRESENTE","RETIRADA","RETIRADA","Instantánea externa y linaje de auditoría; retirada o consolidada sin reasignar silenciosamente la fila.","cc4521611160a54aa045cd503cdd884764c47a62775d81a202f19fc95711b454","NO_APLICA"
"DA-00218","B","219","212","*Ourasphaira giraldae*","*Ourasphaira giraldae*","PRESENTE","PRESENTE","ACTUALIZADA","Fila final emparejada por identidad de dominio; cambios fijados por huellas inicial/final.","0110eb9b18c5c46f66cfe1e21c5e9e9e76f3e93ec5fd49a9c01b826e10bbc791","cde98031f079e6392f984b63601f8d82da5713e28d58ec878999ea05e74b5220"
"DA-00219","B","220","213","*Bicellum brasieri*","*Bicellum brasieri*","PRESENTE","PRESENTE","ACTUALIZADA","Fila final emparejada por identidad de dominio; cambios fijados por huellas inicial/final.","bda352f2fb75eedd73ce5c32e0ceec32049eff7f3328c52b144a22e70e704957","e8d430721a496e13fa17416f670152bd9a77b0277b137550446f3c262060cf84"
"DA-00220","B","221","214","Formación Diabaig","Formación Diabaig","PRESENTE","PRESENTE","ACTUALIZADA","Fila final emparejada por identidad de dominio; cambios fijados por huellas inicial/final.","3c0d80dd43d5960623f4bb1472baf5e100ac0cba2a45fed78fc6ac857208fb6e","780efe27866d99ad648416b039cd9458ffd1e687b4fc0696ce1321e7f3f0f736"
"DA-00221","B","222","NO_APLICA","Amorphea","NO_APLICA","PRESENTE","RETIRADA","RETIRADA","Instantánea externa y linaje de auditoría; retirada o consolidada sin reasignar silenciosamente la fila.","82077e473ecb450e521b273f0e071811668026c42b34aa1b6e67575a4ec78c54","NO_APLICA"
"DA-00222","B","223","215","Apoikozoa","Apoikozoa","PRESENTE","PRESENTE","ACTUALIZADA","Fila final emparejada por identidad de dominio; cambios fijados por huellas inicial/final.","65c7dae84b4dc9cac4c6d8a961f8a504fdbca2edb86f0b4356167bb96e96a3fc","4b5ac299b5ab2ec0207d1b574fde13fb9afcb9e5c3923b2c1f48104de1aa70fb"
"DA-00223","B","224","216","Choanozoa *sensu stricto*","Choanozoa *sensu stricto*","PRESENTE","PRESENTE","ACTUALIZADA","Fila final emparejada por identidad de dominio; cambios fijados por huellas inicial/final.","864ec0f00b633c01c879a379df79380d5c9ce992adb0491ff908dde5e18c7a27","0e39a770bc24d99dd9c3f7b236e4bcb2a79432c494a79ba02c33c26d28ab1737"
"DA-00224","B","225","217","holozoo fósil de posición interna indeterminada","holozoo fósil de posición interna indeterminada","PRESENTE","PRESENTE","ACTUALIZADA","Fila final emparejada por identidad de dominio; cambios fijados por huellas inicial/final.","fcfbf966c7fb01465403c1a75b6da5146b22b9ca1c6afd1299b70d5df0736e3e","2e7c53b7d49a0d750d157888efe2a5e16681c00aae50d9c01c611a62568459b5"
"DA-00225","B","226","NO_APLICA","linaje eucariota troncal no muestreado","NO_APLICA","PRESENTE","RETIRADA","RETIRADA","Instantánea externa y linaje de auditoría; retirada o consolidada sin reasignar silenciosamente la fila.","bd9c109f87eec4093b16b53a8ca610d3004cff99dd5095e5ec5655ed30d73785","NO_APLICA"
"DA-00226","B","227","218","Formación Doushantuo","Formación Doushantuo","PRESENTE","PRESENTE","ACTUALIZADA","Fila final emparejada por identidad de dominio; cambios fijados por huellas inicial/final.","87b154ee0a596dbbfac1cd0f8e753a85c211bd6896019fd909fc1387e4821083","ca09d9a65a86a2ee7901983593965421663c00abb8dba2b83be11fa2589bf0d4"
"DA-00227","B","228","219","biota de Weng’an","biota de Weng’an","PRESENTE","PRESENTE","ACTUALIZADA","Fila final emparejada por identidad de dominio; cambios fijados por huellas inicial/final.","d5e30606be37e238245741af954520c31420cc35306d0cbc5ef9de9d99bafbe3","823f9f6e55bf1747c0e4c4e39a6cdb56cc5f2ca5a0edb917c82ee98837efa876"
"DA-00228","B","229","220","U–Pb SIMS","U–Pb SIMS","PRESENTE","PRESENTE","ACTUALIZADA","Fila final emparejada por identidad de dominio; cambios fijados por huellas inicial/final.","26f67bd213f5c17d892a66758732c0cefd7d68372aa8435617eaa80b7db17963","47dde77eb0c7d2fcc7d57b397348ad691527581f812d782ad476c344b48fb18f"
"DA-00229","B","230","221","*Megasphaera*","*Megasphaera*","PRESENTE","PRESENTE","ACTUALIZADA","Fila final emparejada por identidad de dominio; cambios fijados por huellas inicial/final.","415b0342b5cf1bb169f65de59c535a24f9ddf0a571a185a540451f5ff9b514f0","887b4a7adfc394573a2a648e823d30075390021de79e7a1eb015508bf174dccb"
"DA-00230","B","231","222","*Tianzhushania*","*Tianzhushania*","PRESENTE","PRESENTE","ACTUALIZADA","Fila final emparejada por identidad de dominio; cambios fijados por huellas inicial/final.","a14fe192de1d1795c2b1ce0dbfa64cc20c6075e1fe309cc9d5b5352772758852","a26222a247a8f0d814e7bcbd6075966b86d5b3e37a7d9e61db54c1946d627387"
"DA-00231","B","232","223","*Caveasphaera*","*Caveasphaera*","PRESENTE","PRESENTE","ACTUALIZADA","Fila final emparejada por identidad de dominio; cambios fijados por huellas inicial/final.","386d1862b7c094ce36b6840e7347f55ef45c02b78f796f0ea1ab8107579a6f05","745d5f3a095cb98cdd599b99850ec3951493feb3800ca1f81f50fa3d69982a61"
"DA-00232","B","233","224","*Helicoforamina*","*Helicoforamina*","PRESENTE","PRESENTE","ACTUALIZADA","Fila final emparejada por identidad de dominio; cambios fijados por huellas inicial/final.","416ad6c9344569945045f759fd06e6141beb98aa08f6f249b3cfd6d67e3df227","c660b069ba3c4fcb30f8887afcf461b7e4c50c9ab3bf23098706412ff389b7e7"
"DA-00233","B","234","225","esterano","esterano","PRESENTE","PRESENTE","ACTUALIZADA","Fila final emparejada por identidad de dominio; cambios fijados por huellas inicial/final.","266c0bceeb6cd590f2c51f3404773ac387fdb6ded72a1d5c928376718e4494d0","0b167734866f2dd4a7b5116ea0b79731fae9501da3b0b9ed4c031b392cab135c"
"DA-00234","B","235","226","protosteroide","protosteroide","PRESENTE","PRESENTE","ACTUALIZADA","Fila final emparejada por identidad de dominio; cambios fijados por huellas inicial/final.","61ba13dfa20c36bf70451c86945a38bcd1483a9f4164a9dcd6a4ed6d6e61d598","40f1d0297f617d0f4290dea3297e2b243c1fda456e31fae388ca3274bbeebec6"
"DA-00235","B","236","227","24-isopropilcolestano","24-isopropilcolestano","PRESENTE","PRESENTE","ACTUALIZADA","Fila final emparejada por identidad de dominio; cambios fijados por huellas inicial/final.","995ff3e0772d3e9494bced47dcc16792908723e6423990dc4bcc75c4360c0de8","c0909a76449022329fd983a9f86ec756820661e6d424db64dd36c4383845a2f4"
"DA-00236","B","237","228","Rhizaria","Rhizaria","PRESENTE","PRESENTE","ACTUALIZADA","Fila final emparejada por identidad de dominio; cambios fijados por huellas inicial/final.","d3d07bcf45b5dc7311024a3da9843d3a3e3d8b6d38150271f2735ee2eeb328e2","83ae54ff1a383c319f1f1ce024d944f317fc71722c81d951ac2358bdf8235a5c"
"DA-00237","B","238","229","esterol C30","esterol C30","PRESENTE","PRESENTE","ACTUALIZADA","Fila final emparejada por identidad de dominio; cambios fijados por huellas inicial/final.","050f26d7adf6ac5436b47f9a5eaded72e248e9466e084a027c277ab04a6a9189","bac064af85c719b1d13b12f5318db39220fba65496ee43d8e0bbff1cc7aa0b7f"
"DA-00238","B","239","230","*Saccharomyces cerevisiae*","*Saccharomyces cerevisiae*","PRESENTE","PRESENTE","ACTUALIZADA","Fila final emparejada por identidad de dominio; cambios fijados por huellas inicial/final.","6cbcebf18fe50675b932a5d758358225de88e925b4d125b0b6c5c82e5866e856","06ebf96430e16c7232584a56a3fd273b7a531967d6ff10c1eff4eec0776bd7d0"
"DA-00239","B","240","231","reloj molecular relajado","reloj molecular relajado","PRESENTE","PRESENTE","ACTUALIZADA","Fila final emparejada por identidad de dominio; cambios fijados por huellas inicial/final.","b73743f62f0e4f30a3c4b1a937e09abdea3bf22b621afa319b11c3a2ad3aeedb","906959b93a33ebfe7411d3b5fb65e40f32416e5024f6fd5303eb55d97a8ec110"
"DA-00240","B","241","NO_APLICA","Metazoa","NO_APLICA","PRESENTE","RETIRADA","RETIRADA","Instantánea externa y linaje de auditoría; retirada o consolidada sin reasignar silenciosamente la fila.","ef86b89bd4d415e3e9413d925a0ab413bad9c6ab2bb19224fd86a9aeec254197","NO_APLICA"
"DA-00241","B","242","NO_APLICA","Opisthokonta","NO_APLICA","PRESENTE","RETIRADA","RETIRADA","Instantánea externa y linaje de auditoría; retirada o consolidada sin reasignar silenciosamente la fila.","d348b2e665a8c956eeb7a8329a3e40a7a0767595008b1a4d80fe16c4989297f2","NO_APLICA"
"DA-00242","B","243","232","Gran Oxidación","Gran Oxidación","PRESENTE","PRESENTE","ACTUALIZADA","Fila final emparejada por identidad de dominio; cambios fijados por huellas inicial/final.","751de27251f1267b6a718db12136e9fd44e38f49156b6e944e6e0f5deb53c5ae","6c73fc3332df7924c3567533b2a53756a410c01f833f06a3fe5129567d267393"
"DA-00243","B","244","233","excursión Lomagundi–Jatuli","excursión Lomagundi–Jatuli","PRESENTE","PRESENTE","ACTUALIZADA","Fila final emparejada por identidad de dominio; cambios fijados por huellas inicial/final.","3b6945233fa2f8639add01b57e523cd012fb771b7f588311d6a7e6d9bae3d583","a763d1716c9a335cb2790aba6202433af923f7301dd20cd37fc4b8cb56e0e6ff"
"DA-00244","B","245","234","isótopos de cromo","isótopos de cromo","PRESENTE","PRESENTE","ACTUALIZADA","Fila final emparejada por identidad de dominio; cambios fijados por huellas inicial/final.","d5d7420fc463759fcc7f0a353b0d2c0a6d494b02469488d4436c9edd3b097e64","d69928a713430cc9b086815e80b77a986af1d44aa5be179b3bb4fdb4fe583024"
"DA-00245","B","246","235","anomalía de cerio","anomalía de cerio","PRESENTE","PRESENTE","ACTUALIZADA","Fila final emparejada por identidad de dominio; cambios fijados por huellas inicial/final.","b2c0aa8144040739d27f9c5beb9d221bebbd0e2f64d0f9c575700427e9aa3865","0962c4b6998ac3a9db229dbf759e917d32c68eb446a11d28d039c9913316541c"
"DA-00246","B","247","236","especiación de hierro","especiación de hierro","PRESENTE","PRESENTE","ACTUALIZADA","Fila final emparejada por identidad de dominio; cambios fijados por huellas inicial/final.","42536bfce4f871f30cd89561efd6cd34d6cbf70a786d8ca65977bafd06485659","85aad46e0bfa3a379dccd99563c681718664074fe870cbc00974a9084700532e"
"DA-00247","B","248","237","isótopos de molibdeno","isótopos de molibdeno","PRESENTE","PRESENTE","ACTUALIZADA","Fila final emparejada por identidad de dominio; cambios fijados por huellas inicial/final.","cd451f7a43ae323f95b69b5aae142f15a05ff3990391b7fbdde91982d2292e30","60211a12d45aeb0ca0fae3324cf28336e6e084483fa98a69cac05268517a2432"
"DA-00248","B","249","238","relación P/Fe","relación P/Fe","PRESENTE","PRESENTE","ACTUALIZADA","Fila final emparejada por identidad de dominio; cambios fijados por huellas inicial/final.","0baaa68fc9a32e27a8c23ee38d0f840be9634db73e877241df02afdf37168060","0a8665c29b0820f272b7a8b5c215192c64cb0548364b7ec664b364b66c9a55ac"
"DA-00249","B","250","239","«aburrido millardo»","«aburrido millardo»","PRESENTE","PRESENTE","ACTUALIZADA","Fila final emparejada por identidad de dominio; cambios fijados por huellas inicial/final.","35ec37eae0e218507450e6bcff803e1365fccef4526eff71a5573800afdb2b07","3a004dded133da6298e2633890ee51506d46ad12ff3823ffba9a7ae594dbb7ab"
"DA-00250","B","251","240","glaciación Sturtiana","glaciación Sturtiana","PRESENTE","PRESENTE","ACTUALIZADA","Fila final emparejada por identidad de dominio; cambios fijados por huellas inicial/final.","26a24c2513dfa0d78308f70432aa48d63ced984e0156a43892d7cf886478bcbc","395364fb4dab3dd68ef6ca1097c5503202f1891b2b12bb9d295dd489c9e5336d"
"DA-00251","B","252","241","glaciación Marinoana","glaciación Marinoana","PRESENTE","PRESENTE","ACTUALIZADA","Fila final emparejada por identidad de dominio; cambios fijados por huellas inicial/final.","579fa4ee918b804921f3eb42ce93def150764d2aa605ce5578d3dce40b0fe935","339efc5ba385118b4e9b08549bf701ddc2ae42720ac9676344ed02e4669a2997"
"DA-00252","B","253","242","*Arcobacter*","*Arcobacter*","PRESENTE","PRESENTE","ACTUALIZADA","Fila final emparejada por identidad de dominio; cambios fijados por huellas inicial/final.","a5e9e18acf3df8b9e2872f6eebc5edf26babc71e9dce5d345d3fa6d76661205f","d39e88e44230d7bfaaf24d9bacd95fb942461c7a956620f28db7a5d5c32f09e7"
"DA-00253","B","254","243","*Lenisia limosa*","*Lenisia limosa*","PRESENTE","PRESENTE","ACTUALIZADA","Fila final emparejada por identidad de dominio; cambios fijados por huellas inicial/final.","75267427e7725233d73ae1333fb8302e813a223411021adc6e279701d1ec4b19","134740e24efdf626418adcbfa94fa2337f620a2cee8d14c19f83110faff88e0e"
"DA-00254","B","255","244","*Biomphalaria glabrata*","*Biomphalaria glabrata*","PRESENTE","PRESENTE","ACTUALIZADA","Fila final emparejada por identidad de dominio; cambios fijados por huellas inicial/final.","d09ac783f75eb2db5d963d7db574286af2cfb221e7cadb5f28f949fc30f7179f","fa1162ac97d76dc24a62b3f7c9303b99d767aad72736d08e5036fde906c4ef37"
"DA-00255","B","256","245","*Capsaspora owczarzaki*","*Capsaspora owczarzaki*","PRESENTE","PRESENTE","ACTUALIZADA","Fila final emparejada por identidad de dominio; cambios fijados por huellas inicial/final.","eb7c39cf0dd32dce360a677a100c3b0a6b1001bb46f3fbbd0be6892dd14153a1","bd5d809a41cd958543661a13125403c2af3d5fa2325b566da6d03f162d2476ca"
"DA-00256","B","257","NO_APLICA","Choanoflagellata","NO_APLICA","PRESENTE","RETIRADA","RETIRADA","Instantánea externa y linaje de auditoría; retirada o consolidada sin reasignar silenciosamente la fila.","df1de6efc1ff97f019f225ffffab2377fd8fe2b9c713549bbe4845df4c492096","NO_APLICA"
"DA-00257","B","258","NO_APLICA","fagotrofia","NO_APLICA","PRESENTE","RETIRADA","RETIRADA","Instantánea externa y linaje de auditoría; retirada o consolidada sin reasignar silenciosamente la fila.","0a29148ba74148082d3df56d2d2b53bd1db07c93f23ce3d6fc6bae53f5a6ba31","NO_APLICA"
"DA-00258","B","259","246","*Monosiga brevicollis*","*Monosiga brevicollis*","PRESENTE","PRESENTE","ACTUALIZADA","Fila final emparejada por identidad de dominio; cambios fijados por huellas inicial/final.","7c49466e0e686c0130b9707d4c93c35c605b7f87c577c2108b1022456311176f","0bf71eb6918875f385b148a8f199443cd073828d8bf543d46c5d7d6a06bb8ad0"
"DA-00259","B","260","247","*Salpingoeca rosetta*","*Salpingoeca rosetta*","PRESENTE","PRESENTE","ACTUALIZADA","Fila final emparejada por identidad de dominio; cambios fijados por huellas inicial/final.","2b435ae6bf32de43709c672625a9ff63e3fe1910b1d5def8e89be0562064f9d6","61f7a0317223e56cb74f617398ba3692a563a298803f5e9a4dbae3d8aef56bac"
"DA-00260","B","261","248","multicelularidad clonal","multicelularidad clonal","PRESENTE","PRESENTE","ACTUALIZADA","Fila final emparejada por identidad de dominio; cambios fijados por huellas inicial/final.","c57c900b41b5cbdbbfcdea9b654075e065a07abe068417ee072202074140713f","5dd23dce7cceb0024b5cca29d721076a1700f6288870aaccfdae3679a0b96efc"
"DA-00261","B","262","249","*Algoriphagus machipongonensis*","*Algoriphagus machipongonensis*","PRESENTE","PRESENTE","ACTUALIZADA","Fila final emparejada por identidad de dominio; cambios fijados por huellas inicial/final.","70f788e360603aa517c3fedf9f081aeec6efbb9fcfc1e26f566911232b28a576","8c55ef33ed976de006c5849b9d7ab085982ec883796926877fd351c39705136f"
"DA-00262","B","263","250","RIF-1","RIF-1","PRESENTE","PRESENTE","ACTUALIZADA","Fila final emparejada por identidad de dominio; cambios fijados por huellas inicial/final.","0697a58fce8866b239e628ecdf7d26ff2f115c59bb1981108aa71879e479b7c1","74fb2393a70e5dbf93522abf300169fcf833ab3ee373c14e4656ae2335ae2cf1"
"DA-00263","B","264","251","IOR-1","IOR-1","PRESENTE","PRESENTE","ACTUALIZADA","Fila final emparejada por identidad de dominio; cambios fijados por huellas inicial/final.","1f6938043caf1d208a3527995565090d16790afd791b1e87a1ba0a10049f82b9","c11012413803de5d8ecb7dc77e20de177de5bd0f1b98ee75fdf61fdcfab52bed"
"DA-00264","B","265","252","RIF-2","RIF-2","PRESENTE","PRESENTE","ACTUALIZADA","Fila final emparejada por identidad de dominio; cambios fijados por huellas inicial/final.","5fb806d1c7a080d21f78b88f55c8503e2a69874572fcdb76553dd083a0e81261","d8ef2cc80feff3beb487f6e285c66502fa089fafe7723e530972a27fcfc7f5f9"
"DA-00265","B","266","253","EroS","EroS","PRESENTE","PRESENTE","ACTUALIZADA","Fila final emparejada por identidad de dominio; cambios fijados por huellas inicial/final.","ec8fb51d9b2b606d99de5559c8b2239b56540bb4cb3f964eca98b031f64e9bf0","c207ad759fae991e80a36301b6d3670a5045804302edf00abb928339b2aa7083"
"DA-00266","B","267","254","*Vibrio fischeri*","*Vibrio fischeri*","PRESENTE","PRESENTE","ACTUALIZADA","Fila final emparejada por identidad de dominio; cambios fijados por huellas inicial/final.","21b0f89bf76fea4bd8c9da1e08bf217817ac60918d4a848494c79573b3838cae","34ddd505e591480a12cd18cb1609e5523056fb90dbde6b6f3b45fb8e95b647ad"
"DA-00267","B","268","255","*Choanoeca flexa*","*Choanoeca flexa*","PRESENTE","PRESENTE","ACTUALIZADA","Fila final emparejada por identidad de dominio; cambios fijados por huellas inicial/final.","97cf1ffd82d13b22508cf298d7c8dfed95773ad1d38d2b7ba80d9aaedcd3dc6e","d78cfe4b20f45fad9f94c4d29668c9ed824a600f96c75ed54c1ba2bb4b8da8ab"
"DA-00268","B","269","256","multicelularidad agregativa","multicelularidad agregativa","PRESENTE","PRESENTE","ACTUALIZADA","Fila final emparejada por identidad de dominio; cambios fijados por huellas inicial/final.","cf08b2983f237ed2942b850edac43640e6e13f0edd0d450d816cc80336a060b2","7edae154e8bc873c928926033286fb0a2c6fb425d15769701235357f30174ae9"
"DA-00269","B","270","257","*Ministeria vibrans*","*Ministeria vibrans*","PRESENTE","PRESENTE","ACTUALIZADA","Fila final emparejada por identidad de dominio; cambios fijados por huellas inicial/final.","4e8ec4321d311df69f559fcff8c9a7adb089e464f6434bf2ffaa9879deb25ebf","77257b4570c375205b20f048ac2444320188738fa064daba245cdba5848ac35f"
"DA-00270","B","271","258","crecimiento cenocítico","crecimiento cenocítico","PRESENTE","PRESENTE","ACTUALIZADA","Fila final emparejada por identidad de dominio; cambios fijados por huellas inicial/final.","40fe5d4c750294e88a918adadfdfc845356013813be5c9f6fc49838c2a08fc81","c7b9948b82d99acc933e28a8358002f1f4f1e4b0235709a023c8092779f40880"
"DA-00271","B","272","NO_APLICA","Ichthyosporea","NO_APLICA","PRESENTE","RETIRADA","RETIRADA","Instantánea externa y linaje de auditoría; retirada o consolidada sin reasignar silenciosamente la fila.","72cbf36d586f93284ebece2ed3568568277a87be99aa41c85da95ef530708028","NO_APLICA"
"DA-00272","B","273","259","osmotrofia","osmotrofia","PRESENTE","PRESENTE","ACTUALIZADA","Fila final emparejada por identidad de dominio; cambios fijados por huellas inicial/final.","f8e5ea11dd854e8c146cd342b84eec30be1fc20e617846c07185d5f85a308c07","10f1b584d2abb16edff05aeb9bd347345b11c823e1381b8be2104be5888d85c3"
"DA-00273","B","274","260","*Sphaeroforma arctica*","*Sphaeroforma arctica*","PRESENTE","PRESENTE","ACTUALIZADA","Fila final emparejada por identidad de dominio; cambios fijados por huellas inicial/final.","7264a7824635bc47487c0144a85faa796776912bb24e63cd91f30f8803ab562f","4cfdc621f3324781cbc0e16a82d6558eb1b087f1ed88a8bcdf3e5320745956c4"
"DA-00274","B","275","261","*Creolimax fragrantissima*","*Creolimax fragrantissima*","PRESENTE","PRESENTE","ACTUALIZADA","Fila final emparejada por identidad de dominio; cambios fijados por huellas inicial/final.","6ea32f53ae47ff1a73803bc4acb4c1f42c1ca63adf5a5f83218988bff5da4a8e","fd4bd3ca47aa406962f666bddeffc22dd781687e4ab9cc6f4dd25098834e8a88"
"DA-00275","B","276","262","*Pigoraptor chileana*","*Pigoraptor chileana*","PRESENTE","PRESENTE","ACTUALIZADA","Fila final emparejada por identidad de dominio; cambios fijados por huellas inicial/final.","fb31642b0a9af9221443359de849f43bf0751549f0be938ff5c5dc6b7f90ab09","b44fe2723ed1093d1778a14d7b34d5c7e11992d6c5e34fa8ee0bc61d31f001ff"
"DA-00276","B","277","263","*Pigoraptor vietnamica*","*Pigoraptor vietnamica*","PRESENTE","PRESENTE","ACTUALIZADA","Fila final emparejada por identidad de dominio; cambios fijados por huellas inicial/final.","6a2f3073402a41ca6c5812a5f142efc51cd1f19c503e1dffae2ba668541b2d9a","a366819ff7a6db4b4b2ffb1254f9e6895609814fad517f19648c7a6b6cb2ad85"
"DA-00277","B","278","264","Pluriformea","Pluriformea","PRESENTE","PRESENTE","ACTUALIZADA","Fila final emparejada por identidad de dominio; cambios fijados por huellas inicial/final.","088cf556402b8a6c000ddf20231e49911a8d3ad72003113890a76f0f6d016833","6a276b11ea805ed77a73268bd628b4b0aed8befc3a7a9d608e0eb434e18eb191"
"DA-00278","B","279","265","*Syssomonas multiformis*","*Syssomonas multiformis*","PRESENTE","PRESENTE","ACTUALIZADA","Fila final emparejada por identidad de dominio; cambios fijados por huellas inicial/final.","6a48a1942f11130d3773053036ad9db711c5e7a0b82a9b3166946fa586cc03cd","4e0373b6e0e23fc807b42fb9bb9a902608769f7124321b4b4303397f2e896848"
"DA-00279","B","280","266","*Tunicaraptor unikontum*","*Tunicaraptor unikontum*","PRESENTE","PRESENTE","ACTUALIZADA","Fila final emparejada por identidad de dominio; cambios fijados por huellas inicial/final.","d878300c1b153ca23b4ba772bd49bc238e03bd81d7e6f3dc6942033901f938a3","356f408fd2119b469f8c6f2d8b83c5239af843d3bf457993ff4ae324db072f2d"
"DA-00280","B","281","267","*Pygsuia biforma*","*Pygsuia biforma*","PRESENTE","PRESENTE","ACTUALIZADA","Fila final emparejada por identidad de dominio; cambios fijados por huellas inicial/final.","1935d627e078fb79b10c69a1f7d6ad53e2e617838bde5fed958e3324d93c30c5","7be149d54a77932ee0195e27b33c5ca3c1edc58cbc20d70b25d56b45569f4e30"
"DA-00281","B","282","268","rodoquinona","rodoquinona","PRESENTE","PRESENTE","ACTUALIZADA","Fila final emparejada por identidad de dominio; cambios fijados por huellas inicial/final.","febcf3cf7e741ba05752dc7944bb80343e29a6e5635bee0fd1dbedd9bc5685a9","cfa8faf3aca5618cb1ed6ab60e8341e66de7994fb72d4492c7cc98aa45785e45"
"DA-00282","B","283","269","rquA","rquA","PRESENTE","PRESENTE","ACTUALIZADA","Fila final emparejada por identidad de dominio; cambios fijados por huellas inicial/final.","cdb957cad2987f9a611a8356a4a1fe787705568208eec9199d6222daac36d870","8bba778087f37886f7f28a27f868f082999a40d49175f3a8c9b2e562cd7edf3d"
"DA-00283","B","284","270","*Fonticula alba*","*Fonticula alba*","PRESENTE","PRESENTE","ACTUALIZADA","Fila final emparejada por identidad de dominio; cambios fijados por huellas inicial/final.","1b90e4884b85cd8d85b25ca75db4d12efd3adf7f5cd2307cef77df45b28da7fa","3730faa3d28ef98cb9be3bd25be01a053ce3f65dc916e05603d89acadb9a950d"
"DA-00284","B","285","271","*Allomyces*","*Allomyces*","PRESENTE","PRESENTE","ACTUALIZADA","Fila final emparejada por identidad de dominio; cambios fijados por huellas inicial/final.","5d1297ccd651424d74c69cda252e9bc734850dde94205e58604725f873f1703e","4bd98a4b24b9b0dd587a43f64c832d180fecc8e45b108e7c3ca8e88f1ae5e590"
"DA-00285","B","286","272","parasitismo","parasitismo","PRESENTE","PRESENTE","ACTUALIZADA","Fila final emparejada por identidad de dominio; cambios fijados por huellas inicial/final.","feef0d49027935d520f6dd1c9a90cbd45be5c3fb4da47694038c15c13f97b249","a52d81ca291d6e594560de201bf669669a0dc91f66c48ed2339f2f7b1d579587"
"DA-00286","B","287","273","*Rozella allomycis*","*Rozella allomycis*","PRESENTE","PRESENTE","ACTUALIZADA","Fila final emparejada por identidad de dominio; cambios fijados por huellas inicial/final.","79fb55d69aac10f90aaa26bcf85dc9f4f954b276c4ed788d5070b76bb3d183d4","237eef392f8b9286927d4237cc356701c6b7a91691c9f541b6c2744e4bb85f47"
"DA-00287","B","288","274","Cryptomycota","Cryptomycota","PRESENTE","PRESENTE","ACTUALIZADA","Fila final emparejada por identidad de dominio; cambios fijados por huellas inicial/final.","059d94cebc626d9c9af2da01b4e6aac3142a4d2811774d1611de31234dc11556","c097cc194e63aec467861c6c3c37095efc6008aa109fadea646a7efdf80265d7"
"DA-00288","B","289","275","Microsporidia","Microsporidia","PRESENTE","PRESENTE","ACTUALIZADA","Fila final emparejada por identidad de dominio; cambios fijados por huellas inicial/final.","ee907f3d70a8ceeb7d19b4ee30e681a533440828779d1dba1f11bd78f01b1c18","7a3001ef4d1191412ff397e30f880d31eccac8e4596672f17afa7b4f2b521aac"
"DA-00289","B","290","276","*Dictyostelium discoideum*","*Dictyostelium discoideum*","PRESENTE","PRESENTE","ACTUALIZADA","Fila final emparejada por identidad de dominio; cambios fijados por huellas inicial/final.","85b1b3679a79f68324f5a84cfa7e795474fb94b7a51f6508e9c6899127e33fa7","8d7d207bb6acdccddf8538e61d9e62a72c10e824c2aa7d7b23fcf3b70fa8cf92"
"DA-00290","B","291","277","bucle viral","bucle viral","PRESENTE","PRESENTE","ACTUALIZADA","Fila final emparejada por identidad de dominio; cambios fijados por huellas inicial/final.","b719b5761ea003bbb33b0faf3f63a318a1d4fde4e2bfda553a4311628649ec4b","4f0fc9c714cacf479775fa3b0fee6837a905fc4a182de89a38c54402191d3a58"
"DA-00291","B","292","NO_APLICA","Helarchaeota","NO_APLICA","PRESENTE","RETIRADA","RETIRADA","Instantánea externa y linaje de auditoría; retirada o consolidada sin reasignar silenciosamente la fila.","9e098c202bfb95218015093158853be144d73b50816548584f7a7a79a8183ff5","NO_APLICA"
"DA-00292","B","293","278","Lokiarchaeota","Lokiarchaeota","PRESENTE","PRESENTE","ACTUALIZADA","Fila final emparejada por identidad de dominio; cambios fijados por huellas inicial/final.","d02a9da52b907f63d85103ed544341c72b547d8f523062c5b0bd785d5b42d62b","1b9b4a121cde53c8be1bc6119c167c2156e5abcdc55d5f010b292dee121d8c7d"
"DA-00293","B","294","279","*Acanthamoeba castellanii*","*Acanthamoeba castellanii*","PRESENTE","PRESENTE","ACTUALIZADA","Fila final emparejada por identidad de dominio; cambios fijados por huellas inicial/final.","39e54caec4b6919a44a4b3803afa538b16cebd92fa55ff14ed0d2f9a66242a97","4cf14e7cd5cd1590bbe948846e1c0cb0b4498bb36df57a9fb216b596bd434910"
"DA-00294","B","295","280","Medusavirus","Medusavirus","PRESENTE","PRESENTE","ACTUALIZADA","Fila final emparejada por identidad de dominio; cambios fijados por huellas inicial/final.","afcf8189fd6ee50a9d56971587c18045e88aa56447d7d8c498bdc3b288e41398","1e1451dcd7a490aeafc521b2b3f31c68092162944ccd924c5ff0e585035c5275"
"DA-00295","B","296","281","Mimivirus","Mimivirus","PRESENTE","PRESENTE","ACTUALIZADA","Fila final emparejada por identidad de dominio; cambios fijados por huellas inicial/final.","25548184b1b09780ce7f064570ac657734d06964cf8f3f03522331f968798e44","e7b1369b5348d495d05f107ae2d97a93d177532170f2c9e9258f23256b381808"
"DA-00296","B","297","282","Pandoravirus","Pandoravirus","PRESENTE","PRESENTE","ACTUALIZADA","Fila final emparejada por identidad de dominio; cambios fijados por huellas inicial/final.","0e8f6a96c014e056ffb466bd01bed0ba6385314d4fa009a91f634f6022ff6178","c1b39d82cbc33a87d7dc7f6102e8460c87b6a668297a8a9584fc2494299c647d"
"DA-00297","B","298","283","Pithovirus","Pithovirus","PRESENTE","PRESENTE","ACTUALIZADA","Fila final emparejada por identidad de dominio; cambios fijados por huellas inicial/final.","f7719c2cf54fa406370156d697d9fb4c479dcabbae507d72848ba5928ebe4cdd","d18b5a80e0541f8b9cc870f1b2fffad63e2bf7710ee6981761519b15698b7f14"
"DA-00298","B","299","284","GMP–AMP cíclico","GMP–AMP cíclico","PRESENTE","PRESENTE","ACTUALIZADA","Fila final emparejada por identidad de dominio; cambios fijados por huellas inicial/final.","e711f809f7d774bc7669b37b1f036f946dadd426cc320227bfea9f893ee69b95","034b625cb3dfe80e036fb93cf282348839053353bb47b7341a0719ba178ccbed"
"DA-00299","B","300","285","cGAS–STING","cGAS–STING","PRESENTE","PRESENTE","ACTUALIZADA","Fila final emparejada por identidad de dominio; cambios fijados por huellas inicial/final.","bc91d9ea288977ccdd7547b3bf31f88bd6dc09cfabbee5d1ed09ebc83297180c","0ac3e7f81881b40b95d57ee2070bbfb1349b42a613fe23ef8f4acf840a77ee0b"
"DA-00300","B","301","286","viperina","viperina","PRESENTE","PRESENTE","ACTUALIZADA","Fila final emparejada por identidad de dominio; cambios fijados por huellas inicial/final.","1b99c64d4a9d6acf4f9f9d77e87ca001d57c868c89567c0904d2cb9bd8b74ea6","272626061066a5289b8d5e62daf7002674d28856ae003563449b49c07477d875"
"DA-00301","B","302","287","Argonaute","Argonaute","PRESENTE","PRESENTE","ACTUALIZADA","Fila final emparejada por identidad de dominio; cambios fijados por huellas inicial/final.","b09d2f9bb8c2e9503758dd41e781d71249a9377901b6b2d074b5e12e4ce7ea2f","a795f03e6d408ce39da3f6ed13b4e5b30ec93b05bc67b4333eddb105abb851a8"
"DA-00302","B","303","288","asociación intracelular, con independencia del signo de aptitud","asociación intracelular, con independencia del signo de aptitud","PRESENTE","PRESENTE","ACTUALIZADA","Fila final emparejada por identidad de dominio; cambios fijados por huellas inicial/final.","8815d0c1eec56cac0edc6355af2265e650d170915b217a1711e9053da42af644","fba5e6c8b0a67ac33ee460fbe8e1d07ebae69022285a11f79a1cae2571d8c458"
"DA-00303","B","304","289","endosimbiosis","endosimbiosis","PRESENTE","PRESENTE","ACTUALIZADA","Fila final emparejada por identidad de dominio; cambios fijados por huellas inicial/final.","5d32285f30ea3185540f2da6afcbed7e137be88d6c992bee924511f692bd2156","c1685a855cf9bb3eaca0824b60c94ee0c0fb7e0c662c674b1cb671b75e41a832"
"DA-00304","B","305","290","interacciones persistentes de signo positivo, neutro o negativo","interacciones persistentes de signo positivo, neutro o negativo","PRESENTE","PRESENTE","ACTUALIZADA","Fila final emparejada por identidad de dominio; cambios fijados por huellas inicial/final.","c3249fda9a996d08e08ad190a6c45a1819756df1e16d55e7735dd74851ccdc2f","0023b7d3245a76466ae2107c0f6f9d5acdd73d66c6484cf74794096e52fbf226"
"DA-00305","B","306","291","simbiosis","simbiosis","PRESENTE","PRESENTE","ACTUALIZADA","Fila final emparejada por identidad de dominio; cambios fijados por huellas inicial/final.","0b66cd40280411426674da59b4ffe908cc04b735969dfe18630c1496fcbe8ae4","2e513aeda2686a883e9ebde7732b4ac5c794d83f7c039e215c0df20c26d7f824"
"DA-00306","B","307","292","herencia del socio a través de reproducción del hospedador","herencia del socio a través de reproducción del hospedador","PRESENTE","PRESENTE","ACTUALIZADA","Fila final emparejada por identidad de dominio; cambios fijados por huellas inicial/final.","105758417a7cab52a45277c0f1c43c1bc5e18a77a2d27f7e099cb92ae7d7875f","a8b6bdcdc1d0ffeabc6df59c176b8793504d5f87d7533bcd95ad024e36bc65ab"
"DA-00307","B","308","293","transmisión vertical","transmisión vertical","PRESENTE","PRESENTE","ACTUALIZADA","Fila final emparejada por identidad de dominio; cambios fijados por huellas inicial/final.","ca6ce537ef4e9428d3ba56a94872a3e1b25db1ca6908fa00ebe39ee2831db02c","42ef2fdec85bbb939d32f7512e3152fc252169b72c4de5247f7159b66669c92b"
"DA-00308","B","309","294","adquisición no ligada exclusivamente a la descendencia directa","adquisición no ligada exclusivamente a la descendencia directa","PRESENTE","PRESENTE","ACTUALIZADA","Fila final emparejada por identidad de dominio; cambios fijados por huellas inicial/final.","53056f042d1545787c5d0a30e393c2f0899d39b5452c18430ee1a85c39de5cae","bd74d0c2d58ff522f6e71e6ccb90cc7be415b3b26fd8238831f97f9c90dd4cde"
"DA-00309","B","310","295","transmisión horizontal","transmisión horizontal","PRESENTE","PRESENTE","ACTUALIZADA","Fila final emparejada por identidad de dominio; cambios fijados por huellas inicial/final.","4010c0e34bc3d4a9f446ddfc9b312d7e55a893ce3d87671c0f87d9f908d9d099","9536b4ee1ba53dea2d414cf7641dfa794fec9c8ba22f882c8b1ba9634bff1abc"
"DA-00310","B","311","296","movimiento de genes desde endosimbionte u orgánulo al hospedador","movimiento de genes desde endosimbionte u orgánulo al hospedador","PRESENTE","PRESENTE","ACTUALIZADA","Fila final emparejada por identidad de dominio; cambios fijados por huellas inicial/final.","586f0af317964ae303e3fd77325e5151f1568a052189137f580d84e89ca6ffc8","6f394421ae8e8c5785746b5935b664fa6d3c7c794ff8e3150ffb077e7731971a"
"DA-00311","B","312","297","transferencia génica endosimbiótica","transferencia génica endosimbiótica","PRESENTE","PRESENTE","ACTUALIZADA","Fila final emparejada por identidad de dominio; cambios fijados por huellas inicial/final.","b080028bdab20309bff187d4b3ceafc9b5fe7c96ea1c0c86a51d6841d53f1892","0630a76d7a2074e936e20e6bb55a67c25d04970434f8ac3b6d1242101b502a74"
"DA-00312","B","313","298","transferencia génica horizontal","transferencia génica horizontal","PRESENTE","PRESENTE","ACTUALIZADA","Fila final emparejada por identidad de dominio; cambios fijados por huellas inicial/final.","8b372cb887704099370f76441ba91bfa8099ba540a63ebd3eaf13e8ef6786ac1","ceed6bbdf1d4078ee94ccf4f7cf4922ecb80d5403ab227780430e52c4614cdae"
"DA-00313","B","314","299","dependencia, transmisión, reducción genómica, transferencia e importación","dependencia, transmisión, reducción genómica, transferencia e importación","PRESENTE","PRESENTE","ACTUALIZADA","Fila final emparejada por identidad de dominio; cambios fijados por huellas inicial/final.","8110021e12992d6c71bfc33ca0a49ab9c667a7c6106a26a9d1a438a0b6600a26","105e76ec32abee5c1532864e8519d893227410f630e4673f36a0f61f3109a94b"
"DA-00314","B","315","300","grado de integración","grado de integración","PRESENTE","PRESENTE","ACTUALIZADA","Fila final emparejada por identidad de dominio; cambios fijados por huellas inicial/final.","932e133b1af4e84b0bd4ef834fd1b355ecd535aa0e078d741882cf048a02030f","879afda954da78fe672627b263255ef6932351b76b39fcfed51db269b12a912f"
"DA-00315","B","316","301","límite endosimbionte-orgánulo","límite endosimbionte-orgánulo","PRESENTE","PRESENTE","ACTUALIZADA","Fila final emparejada por identidad de dominio; cambios fijados por huellas inicial/final.","67de3781417d49ff798df86b647bc5a4786f486df0ecb128f0414e592422aec2","1a343f82ee4d571941b1d717120a0cdfe4f01b2e0eda8e96a8645cedc4131d37"
"DA-00316","B","317","302","sin criterio universal único","sin criterio universal único","PRESENTE","PRESENTE","ACTUALIZADA","Fila final emparejada por identidad de dominio; cambios fijados por huellas inicial/final.","301dac830dd6ca8016b0e6bc9d356f55a44edd048de66481a91dc126d1138bb1","b53933e36ca9f5918a9abc8c2db5e57f6911ec2e1fdb2b1486dab0a14e47978b"
"DA-00317","B","318","303","progresión evolutiva lineal","progresión evolutiva lineal","PRESENTE","PRESENTE","ACTUALIZADA","Fila final emparejada por identidad de dominio; cambios fijados por huellas inicial/final.","e4f09756c8baeae10a6a271e83d8c19462ba05250443f8fff97eda73f6d19797","db2368921fb2be6bd6c2b06ff681c2e45f7a9030bf5f80dbbe83be54fa7f23c1"
"DA-00318","B","319","304","tipología de desenlaces","tipología de desenlaces","PRESENTE","PRESENTE","ACTUALIZADA","Fila final emparejada por identidad de dominio; cambios fijados por huellas inicial/final.","a6b07bbb9877fac6b1137f0af52bdb57b1a18b704e31ee4d2ffaa1bcc94c51c7","a66cfeddde4d8887580c0548eff7068fdb819d7f1af280440415d7e2614cdf0c"
"DA-00319","B","320","305","contacto sin consecuencia","contacto sin consecuencia","PRESENTE","PRESENTE","ACTUALIZADA","Fila final emparejada por identidad de dominio; cambios fijados por huellas inicial/final.","ee555eebcb6955f80171e17b21d19c4c61f3740dda1e0cf66ec68161641730c5","cdd0d0603b62167be2d625228ac8e348960acd87ab1f8d0128bbd8a25594f82d"
"DA-00320","B","321","306","dificultad de demostrar ausencia de efecto","dificultad de demostrar ausencia de efecto","PRESENTE","PRESENTE","ACTUALIZADA","Fila final emparejada por identidad de dominio; cambios fijados por huellas inicial/final.","b451b406cd737593ce12b9adc68c453ef6a8bba2198ed0475d843945142e6e4a","c0e7c144c2199d242f058d0378157cb486528931a7fb66f1006e3a93c04b3bb0"
"DA-00321","B","322","307","cepas bacterianas ensayadas por Alegado et al.","cepas bacterianas ensayadas por Alegado et al.","PRESENTE","PRESENTE","ACTUALIZADA","Fila final emparejada por identidad de dominio; cambios fijados por huellas inicial/final.","8d78fced964a8e71a4e5a89d557843ff1eb5a056a7833b02ecdf94099bfb8557","4cb4585e73985b1dcaa6363528a70bb4ea98f9e318e2d837cdc23cc6f11b639b"
"DA-00322","B","323","308","resultado nulo fuera de Bacteroidetes para el extremo de inducción ensayado","resultado nulo fuera de Bacteroidetes para el extremo de inducción ensayado","PRESENTE","PRESENTE","ACTUALIZADA","Fila final emparejada por identidad de dominio; cambios fijados por huellas inicial/final.","d2387fd9fd0241eface1630e215fc9be74509c99e2b071cc03497a689871be23","2ea0d809e3880468135e242fbe69a7cd55dd88cc93731b2740f58cf6e5b4fd64"
"DA-00323","B","324","309","Alteromonas","Alteromonas","PRESENTE","PRESENTE","ACTUALIZADA","Fila final emparejada por identidad de dominio; cambios fijados por huellas inicial/final.","9be629cd594c6d8340b8a2bd8fc3627789db0daecc439032dfd212584294cabd","28b46679ecd6019afc7a63f2c6fc5111e1995bf48267f2771b2ed0e79a10e26c"
"DA-00324","B","325","310","Lenisia limosa","Lenisia limosa","PRESENTE","PRESENTE","ACTUALIZADA","Fila final emparejada por identidad de dominio; cambios fijados por huellas inicial/final.","a9f9ed8ff2da70e5dfe0ac5c397abdcf782a0146943f0f0fc121baf28254f3ff","f290fe576121afe18f586b3c311f417f7fb4b5409c4a1db67ecc0907ef048f43"
"DA-00325","B","326","NO_APLICA","Microsporidia","NO_APLICA","PRESENTE","RETIRADA","RETIRADA","Instantánea externa y linaje de auditoría; retirada o consolidada sin reasignar silenciosamente la fila.","c7584c8583cf6c70e5aa6a798f93719efb97a5cb267a5622cc8053da41babcf2","NO_APLICA"
"DA-00326","B","327","311","parásitos intracelulares obligados","parásitos intracelulares obligados","PRESENTE","PRESENTE","ACTUALIZADA","Fila final emparejada por identidad de dominio; cambios fijados por huellas inicial/final.","7d5193d45df4eaf42a594dde5d7b7b16a67857221485a2f3627f8166bd5039ff","ca47123b4916f57a6f5783197521036d163455e7f497a515dfd13454e01a6e79"
"DA-00327","B","328","312","Hatena arenicola","Hatena arenicola","PRESENTE","PRESENTE","ACTUALIZADA","Fila final emparejada por identidad de dominio; cambios fijados por huellas inicial/final.","43c0f3b552ee3b1d4713076cd54f831b06b0ab3ba3394c061633f2effa4abfb3","ae96be10f0e440238afebf3c6ec421432219a6dc1be7f20c12d716bd42d97635"
"DA-00328","B","329","313","Nephroselmis","Nephroselmis","PRESENTE","PRESENTE","ACTUALIZADA","Fila final emparejada por identidad de dominio; cambios fijados por huellas inicial/final.","8bfddf392e2092bbfc6136d767a6102e19ab5d0df8950dd987d3bb665cead599","aaed05e492728f375741430cc9899971f6c1bfb33f0085b680cc6158e3518d13"
"DA-00329","B","330","314","asociación estable sin herencia vertical demostrada","asociación estable sin herencia vertical demostrada","PRESENTE","PRESENTE","ACTUALIZADA","Fila final emparejada por identidad de dominio; cambios fijados por huellas inicial/final.","a247896fc637ffe11f271f661a58712be352effd34516facde2b22d93f80415d","20c0058c9f1bbbe0f1a7b5ab8fb755d7763c57776f9383bf42ff5c52dbe48f2c"
"DA-00330","B","331","315","Lenisia limosa–Arcobacter","Lenisia limosa–Arcobacter","PRESENTE","PRESENTE","ACTUALIZADA","Fila final emparejada por identidad de dominio; cambios fijados por huellas inicial/final.","454ac11d17d0c0ab2bba3391849ce1e64f0b0feb607ec7ecfc7be9fb3faa2b51","dc0a2f80e4513489746d34cac95221e545abff79346b9cf3be5978e74173393b"
"DA-00331","B","332","316","metanógenos endosimbióticos de ciliados anaerobios","metanógenos endosimbióticos de ciliados anaerobios","PRESENTE","PRESENTE","ACTUALIZADA","Fila final emparejada por identidad de dominio; cambios fijados por huellas inicial/final.","2fb27dc60bfbff37cb56a208791319fcee3d03395854fbc84fb77ffa32498701","de19b7729d2a8ee2226019520bf821c5d5d357b96f3341059e291890ef00dcc5"
"DA-00332","B","333","317","transmisión vertical documentada","transmisión vertical documentada","PRESENTE","PRESENTE","ACTUALIZADA","Fila final emparejada por identidad de dominio; cambios fijados por huellas inicial/final.","467d725ad54919e4d4359f9b2d83018c26ac37d86cec4b171e0d57dcbb7570d1","2c28e10f0e31aa8308fecbfe801b92608c058154a5f1c8b80d6ce4b76ac2e406"
"DA-00333","B","334","318","áfido–Buchnera aphidicola","áfido–Buchnera aphidicola","PRESENTE","PRESENTE","ACTUALIZADA","Fila final emparejada por identidad de dominio; cambios fijados por huellas inicial/final.","25b664277c24f1aa67e564fa0720e7d18e76d9293dff8e77dee2ad39f8f8a0b6","ac04deb0f7f1e2164accef8763c66a6a01fc494637890d3c164b2893ea441ddf"
"DA-00334","B","335","319","dependencia mutua obligada","dependencia mutua obligada","PRESENTE","PRESENTE","ACTUALIZADA","Fila final emparejada por identidad de dominio; cambios fijados por huellas inicial/final.","bf00e09640d9af2b82be7e8a2bdd72be3a8b6caf537afbc69ca0913b8b8db7bb","d93872eee6bef0a1ea408bcab6ecbfcf2f4352ecb609a90da20faf3d932a51a1"
"DA-00335","B","336","320","Paulinella chromatophora","Paulinella chromatophora","PRESENTE","PRESENTE","ACTUALIZADA","Fila final emparejada por identidad de dominio; cambios fijados por huellas inicial/final.","fcfa4e65bb5fb2086be201e6d3191e76a05637aec7b8930a8cca552ce498544b","18e0f04afda79b275892dbf6d424075011eb88cfd4d030dd5c82d712b07b47de"
"DA-00336","B","337","321","transferencia génica endosimbiótica e importación proteica","transferencia génica endosimbiótica e importación proteica","PRESENTE","PRESENTE","ACTUALIZADA","Fila final emparejada por identidad de dominio; cambios fijados por huellas inicial/final.","9dc838596e4e4d023e30301ac7bb5e3ab5dc1154b17b782ab5654dd33ac59061","a8638958fc126cfe2dfe44db5d6308b30e82c1876fa4b9e47815e794af718159"
"DA-00337","B","338","322","núcleo endosimbiótico extremadamente reducido","núcleo endosimbiótico extremadamente reducido","PRESENTE","PRESENTE","ACTUALIZADA","Fila final emparejada por identidad de dominio; cambios fijados por huellas inicial/final.","20895e2353d59bc590028b1fd1457bed9bff5df29ccacf879b4bb0ce6dcdec9c","7c095b365ca643de0cf14138bfec29e6ac199c1c3d6a1c17a9ce32f40c2ffc0b"
"DA-00338","B","339","323","nucleomorfo","nucleomorfo","PRESENTE","PRESENTE","ACTUALIZADA","Fila final emparejada por identidad de dominio; cambios fijados por huellas inicial/final.","e25f402a4e3d1b1d8fffcbdce757b352509895d9555693b2b0d295cbb223b37b","28f3e8b83da51e33c6b21e75338bd5f6668855cf308af10e02f657ad27f16e06"
"DA-00339","B","340","324","Monocercomonoides exilis","Monocercomonoides exilis","PRESENTE","PRESENTE","ACTUALIZADA","Fila final emparejada por identidad de dominio; cambios fijados por huellas inicial/final.","2950442bee9912c698fc5cba970e47acee23a8478d908fb738f8fdc8ece1ccde","94c5ee3134e047d3dd7a06fedbdc8a821285e55e475364f77c09ffbf51d3839d"
"DA-00340","B","341","325","orgánulo derivado de la mitocondria","orgánulo derivado de la mitocondria","PRESENTE","PRESENTE","ACTUALIZADA","Fila final emparejada por identidad de dominio; cambios fijados por huellas inicial/final.","8ef4bee18be5a47623151a20c5d502a64546d6250ab94af17062d8201313188b","dbc27d903841a114d7249e875b3e891e30b0ca95303f99f725268e0a5d8cceb1"
"DA-00341","B","342","326","ruptura con recuperación de vida libre por el mismo linaje reducido","ruptura con recuperación de vida libre por el mismo linaje reducido","PRESENTE","PRESENTE","ACTUALIZADA","Fila final emparejada por identidad de dominio; cambios fijados por huellas inicial/final.","99a7cf55896b8de654b207a9c9e0f745d64cff76e0a3ac8d6fd4bbd4bcaff039","f3bf072f6f4e9356d53df8fc121547f57cb2c2586e019174bc456d990232d738"
"DA-00342","B","343","327","Arcobacter epibionte","Arcobacter epibionte","PRESENTE","PRESENTE","ACTUALIZADA","Fila final emparejada por identidad de dominio; cambios fijados por huellas inicial/final.","9751427f80e36a384b80139f5fc187b0a0f49fa3da38c6604fb0d5901099187d","eb89c6ffba1c90889a20e3244966415878555bef8f2708060609021170bf47a0"
"DA-00343","B","344","328","Arcobacter epibionte de Lenisia","Arcobacter epibionte de Lenisia","PRESENTE","PRESENTE","ACTUALIZADA","Fila final emparejada por identidad de dominio; cambios fijados por huellas inicial/final.","a3a768a61e718e55877f14f921e9db4db44ee45982758c81928dcd4bfa65f4ce","d05fcb1732a0d890fb3b1afe7dac20b2ba24245e82737f6d160c2d492eb29ff6"
"DA-00344","B","345","329","contacto mediante estructura semejante a pilus","contacto mediante estructura semejante a pilus","PRESENTE","PRESENTE","ACTUALIZADA","Fila final emparejada por identidad de dominio; cambios fijados por huellas inicial/final.","80ed98ce9bd783e7824033fb7dfcf0dbb8e41d9ac2ad094374603f018262fbeb","2002e02afee0e0a744081b0a0c19e81df6f6ff0490267845b9f68c5d5a421b91"
"DA-00345","B","346","330","H₂ hacia Arcobacter","H₂ hacia Arcobacter","PRESENTE","PRESENTE","ACTUALIZADA","Fila final emparejada por identidad de dominio; cambios fijados por huellas inicial/final.","a7f32b9b93a8a7f16e7e31c22323a61b4e74f78dc9fa9220f65b035508a3bab6","e340b49f026032de8842ef970bd5242a34bbe5e1ab3491a58f890ff760b13cf7"
"DA-00346","B","347","331","expresión condicional de hidrogenasa aceptora de NAD(P)H","expresión condicional de hidrogenasa aceptora de NAD(P)H","PRESENTE","PRESENTE","ACTUALIZADA","Fila final emparejada por identidad de dominio; cambios fijados por huellas inicial/final.","c2d7b416fbaa9b543cbd4858d7e8d85314fe44705d628d5d65b88e548f15e8c6","c2d7217f153838c96719132217d0e038fdddcdef5be47984926a0916aacf9fda"
"DA-00347","B","348","332","dos veces el ATP teórico de la ruta alternativa","dos veces el ATP teórico de la ruta alternativa","PRESENTE","PRESENTE","ACTUALIZADA","Fila final emparejada por identidad de dominio; cambios fijados por huellas inicial/final.","22e957a693ebb6a4bd0e34d9fd39e897233092f04b77082d5894d373ae4a63ce","5cac1efb0984928bb5573698120d90da0f9280e463306b0b6d957e436ad75ce5"
"DA-00348","B","349","333","ruta fermentativa de Lenisia con Arcobacter","ruta fermentativa de Lenisia con Arcobacter","PRESENTE","PRESENTE","ACTUALIZADA","Fila final emparejada por identidad de dominio; cambios fijados por huellas inicial/final.","8fc681e23273829d81cda37ba1409088b109363efcda4cbc65b84c8fcfa8c110","7e15ba927bc8800391246fa325169b047eef0c4f949b5bbe5113593b7c367e86"
"DA-00349","B","350","334","respiración con N₂O","respiración con N₂O","PRESENTE","PRESENTE","ACTUALIZADA","Fila final emparejada por identidad de dominio; cambios fijados por huellas inicial/final.","3a64fb870a311a1d962cafd1dcd22444da65a0848d0ef35c3f251da9118d14ed","f5476c4c593d9b0f80e0fa1fbd7dc27366572a1d9b3d2eaba9efaf51a2a81a4d"
"DA-00350","B","351","335","crecimiento y respiración de Lenisia","crecimiento y respiración de Lenisia","PRESENTE","PRESENTE","ACTUALIZADA","Fila final emparejada por identidad de dominio; cambios fijados por huellas inicial/final.","194a1df907995660d2766f6a5333035b3906ca9346621e72cbeedce9c16f1dc1","e08fe802cab59ad316e883d30a441f2be1c8d56cc4920084933955e95f63a571"
"DA-00351","B","352","336","inhibición de la respiración de Arcobacter","inhibición de la respiración de Arcobacter","PRESENTE","PRESENTE","ACTUALIZADA","Fila final emparejada por identidad de dominio; cambios fijados por huellas inicial/final.","b73d83ac622b4b5a108730515e4858fe014c6052c75eeaa3d17683fb62d2e41f","4c11e6071f6e342ac7fbc7405946a767b51f16122f29443accc6325e1e4ed644"
"DA-00352","B","353","337","factores usados en interacciones patógenas y mutualistas","factores usados en interacciones patógenas y mutualistas","PRESENTE","PRESENTE","ACTUALIZADA","Fila final emparejada por identidad de dominio; cambios fijados por huellas inicial/final.","e4a5c21bbb0af38521a864e090d0170c58be190147387599b0a660f49f08dce9","c8e3742a3370bc94178eb92169998fe426d65d3026717fb1997096ad42cc50f4"
"DA-00353","B","354","338","proteínas de Arcobacter","proteínas de Arcobacter","PRESENTE","PRESENTE","ACTUALIZADA","Fila final emparejada por identidad de dominio; cambios fijados por huellas inicial/final.","bed18326eddb178505f4e2b1e4cc5186b937f7ed8ad80ae636b1c19aa81c4103","44b4f40a33a74998a6b5ddc013fd505dddc2825b9dc5de3051de7f20fd7728ca"
"DA-00354","B","355","339","función metabólica del microbioma","función metabólica del microbioma","PRESENTE","PRESENTE","ACTUALIZADA","Fila final emparejada por identidad de dominio; cambios fijados por huellas inicial/final.","38a4625a1002f6bfd80e9756e06d8216abb931074d3f39d8d38ab87032673a62","9d5fc6f6344f000d03eb0b18165e23be92dd429712ab2144dada576090614a2f"
"DA-00355","B","356","340","supervivencia de breviados anaerobios","supervivencia de breviados anaerobios","PRESENTE","PRESENTE","ACTUALIZADA","Fila final emparejada por identidad de dominio; cambios fijados por huellas inicial/final.","060db9abb556b1449765dfa3dd7f9b233ea92653e5321d3fbdf903022efe99e0","79aee119e085c5054a45cc6651b84823f204bc8d1c1a768b1efb2a7e3c9a6c36"
"DA-00356","B","357","341","microbiomas de breviados","microbiomas de breviados","PRESENTE","PRESENTE","ACTUALIZADA","Fila final emparejada por identidad de dominio; cambios fijados por huellas inicial/final.","ea2c4886220ca04a70124ee30bbf5025326355b99beaaadaffe248e363666b04","72cea68ed93abdf98c010db1a716e8827cabae0925f0f7755bdde1451a090543"
"DA-00357","B","358","342","socios candidatos de varias familias bacterianas","socios candidatos de varias familias bacterianas","PRESENTE","PRESENTE","ACTUALIZADA","Fila final emparejada por identidad de dominio; cambios fijados por huellas inicial/final.","a422ed1621fa9eb55dda198493fb7c127f57ead021c7162ea0638a923ac179c9","5bae3d092dedd233c10fafc5efc5963803705d3624ff978f35bbb39f967fb05b"
"DA-00358","B","359","343","breviados anaerobios de S225","breviados anaerobios de S225","PRESENTE","PRESENTE","ACTUALIZADA","Fila final emparejada por identidad de dominio; cambios fijados por huellas inicial/final.","1089f43f89503be814151dd17ecb781e07018224c8896293849e799230a14033","a8e53353bda957ccb7ba3bebdfeb883c08b59d9daf47646627552c668980f2de"
"DA-00359","B","360","344","dependencia de comunidad en cultivo","dependencia de comunidad en cultivo","PRESENTE","PRESENTE","ACTUALIZADA","Fila final emparejada por identidad de dominio; cambios fijados por huellas inicial/final.","3ee8ac167e41e9315583334fcce49567215a1c01b8dd20d22ea6a4ed507d77eb","5af9279cfe0ae27625e96c500f88dc1640e28605677b1d9f4ec48439e84d6429"
"DA-00360","B","361","345","breviados y bacterias asociadas","breviados y bacterias asociadas","PRESENTE","PRESENTE","ACTUALIZADA","Fila final emparejada por identidad de dominio; cambios fijados por huellas inicial/final.","975d2eecd3e424432393bab20660eec096ba6b64f9eff8485ed6777baedf8e37","3e1d6f5f1c789daf0aa5611c9e35bc747ab5b514fb257a9fbd41f7e82aa6909c"
"DA-00361","B","362","346","codiversificación significativa localizada","codiversificación significativa localizada","PRESENTE","PRESENTE","ACTUALIZADA","Fila final emparejada por identidad de dominio; cambios fijados por huellas inicial/final.","763f5bb7eec457065c93c7cf5dfedbe9e6b3eed906e97f630b485081490de806","996c81f55b507374ec89a8b22983a52fd672ef706e6f1b26d1e7e4acf9699cfa"
"DA-00362","B","363","347","Lenisia–Arcobacter","Lenisia–Arcobacter","PRESENTE","PRESENTE","ACTUALIZADA","Fila final emparejada por identidad de dominio; cambios fijados por huellas inicial/final.","6fd6024b357eb363bcce18832b3a5129f7eef4849b61f7954ef07b664b20c22e","4ccddb51e2500ae7933d93301a17cf753514c24a561fa30ddae1feaa0b21decd"
"DA-00363","B","364","348","sintrofía externa funcional","sintrofía externa funcional","PRESENTE","PRESENTE","ACTUALIZADA","Fila final emparejada por identidad de dominio; cambios fijados por huellas inicial/final.","e246f8883ac3116a0ef6e0fd34300e714dfd35b21a0b01b974988278b093d2b2","24cb59e31c1a4af00577a175a4eec073ee4583a76ee1f4ac61432b9bba947049"
"DA-00364","B","365","349","asociación ancestral mitocondrial no observada","asociación ancestral mitocondrial no observada","PRESENTE","PRESENTE","ACTUALIZADA","Fila final emparejada por identidad de dominio; cambios fijados por huellas inicial/final.","30d467f2f031319538dbcd8f881d256f591d2df4e5555b0229e5c1c68f339033","21dec47f3aa1fb0c50af7559f24edd266220261fe931c4eba12849a5706fceca"
"DA-00365","B","366","350","consorcios ANME–SRB","consorcios ANME–SRB","PRESENTE","PRESENTE","ACTUALIZADA","Fila final emparejada por identidad de dominio; cambios fijados por huellas inicial/final.","221f52be81c8fd35f43c33a0d255a804cc26cae9e941a9bd8d0142054fc994ea","60526f58e001341b9597fc78b21c2421886fa7476405af822bca969e163f6108"
"DA-00366","B","367","351","transición metano–sulfato","transición metano–sulfato","PRESENTE","PRESENTE","ACTUALIZADA","Fila final emparejada por identidad de dominio; cambios fijados por huellas inicial/final.","c160864ff5eba381efaa12bbf92a0020344aeba844545ed7542df52962fe9103","fbce79833a909f149b00e178be0b1190fb678759f3176a55ec18b99ae45fd8f0"
"DA-00367","B","368","352","60 °C","60 °C","PRESENTE","PRESENTE","ACTUALIZADA","Fila final emparejada por identidad de dominio; cambios fijados por huellas inicial/final.","abc464b54d0e2f2c3d17dcb2070602b4469685bb37de8944b80220e49363da5f","ff4a503b63f7b670661d1b7d1da90a3ee8f0679dbee0548695e1e0e46c7978b1"
"DA-00368","B","369","353","consorcio ANME-1–HotSeep-1","consorcio ANME-1–HotSeep-1","PRESENTE","PRESENTE","ACTUALIZADA","Fila final emparejada por identidad de dominio; cambios fijados por huellas inicial/final.","d9a9c583e8751ea41117106671c01b4afb075e410220aebd57a68927285b9bf2","0cf0b0d3cae073d1a67a39a0f8b4e76888c4c68dcb38f2b346d1030fe2179664"
"DA-00369","B","370","354","adición de H₂ al consorcio ANME-1–HotSeep-1","adición de H₂ al consorcio ANME-1–HotSeep-1","PRESENTE","PRESENTE","ACTUALIZADA","Fila final emparejada por identidad de dominio; cambios fijados por huellas inicial/final.","5da1e6eab8866b611d515acaf0f1af43b8a2f86acc24110cf99943ae9fea51bb","2556bf20809abd5bb1629dd8f34865430970d7866136777f0e598d675ff78979"
"DA-00370","B","371","355","oxidación anaerobia de metano","oxidación anaerobia de metano","PRESENTE","PRESENTE","ACTUALIZADA","Fila final emparejada por identidad de dominio; cambios fijados por huellas inicial/final.","b16cd786d41c3bde318726f2dc4f3e45a76cce7f397ab43a003149d56cc5dbd9","f4d805fa03b64a37e2026c6fd0cb9427e8049c196793197a0476f9558789d0d0"
"DA-00371","B","372","356","transferencia eléctrica intercelular directa","transferencia eléctrica intercelular directa","PRESENTE","PRESENTE","ACTUALIZADA","Fila final emparejada por identidad de dominio; cambios fijados por huellas inicial/final.","7151ab6fcbb5164ba25b0b17128769afa6c44e4b4bc50f6f9aaeb6e5cb0e61f5","1ea4c1a68a39552b92f30d680257897a3ecf9c266611f28c6e9392bbbf249f35"
"DA-00372","B","373","357","ANME con aceptores artificiales","ANME con aceptores artificiales","PRESENTE","PRESENTE","ACTUALIZADA","Fila final emparejada por identidad de dominio; cambios fijados por huellas inicial/final.","4374975f88c49e2faf4c454cf87c13ef64844b61ddfdd8bc0cfeebef6805c789","6be5442ee11e0255634c08c2f9cabf30b78a3d39fc2e1c42ff58212cc4d50461"
"DA-00373","B","374","358","oxidación de metano desacoplada de SRB","oxidación de metano desacoplada de SRB","PRESENTE","PRESENTE","ACTUALIZADA","Fila final emparejada por identidad de dominio; cambios fijados por huellas inicial/final.","3424126268e5743cfa9b115a60abfe14935e2c60b3b5ca2951bd5cb5895eaca6","93f336f617427e24113949bee9323097c970ffb17bd1374a601483e24313602c"
"DA-00374","B","375","359","dependencia ANME–SRB","dependencia ANME–SRB","PRESENTE","PRESENTE","ACTUALIZADA","Fila final emparejada por identidad de dominio; cambios fijados por huellas inicial/final.","e10581ba40127513bdd7ca8c2c2caa5885475f63c892df21197d645a025dc6ee","051ac96c84c2f0fcc57718544bcd956d4161387389c89a246c46bae24720ee34"
"DA-00375","B","376","360","imposibilidad de desacoplamiento experimental","imposibilidad de desacoplamiento experimental","PRESENTE","PRESENTE","ACTUALIZADA","Fila final emparejada por identidad de dominio; cambios fijados por huellas inicial/final.","4e2d3b2be0eaec3ebb714527a63d4377ea56418b5214c27fdf1bb81a6f291bf8","19d64452a9ebbc44f5e3ffd69ad2f88110eac7d6d5c8d9919a6be31ca0632e60"
"DA-00376","B","377","361","consorcio ANME–SRB","consorcio ANME–SRB","PRESENTE","PRESENTE","ACTUALIZADA","Fila final emparejada por identidad de dominio; cambios fijados por huellas inicial/final.","847c0ff3e57b759962aeed7126abdc3338e19297fd048cd8bed99fd06169fbb4","403538f2184016673ba37db974dd84b78e8af33e6c9f2fc257c3609738b4d97b"
"DA-00377","B","378","362","dependencia metabólica extracelular","dependencia metabólica extracelular","PRESENTE","PRESENTE","ACTUALIZADA","Fila final emparejada por identidad de dominio; cambios fijados por huellas inicial/final.","305785efa8d3a9c32faa04d25c8e9f0b1d82cee4c56e8d4bbbc15121f71ed950","3151e14509a5a496eaeb107a887134f861f9bfe4421da23369199d3fd999acd8"
"DA-00378","B","379","363","consorcio procariota intracelular","consorcio procariota intracelular","PRESENTE","PRESENTE","ACTUALIZADA","Fila final emparejada por identidad de dominio; cambios fijados por huellas inicial/final.","929d5b0b43e12c0dc108f54c0ef662ba8b07abf0a32f13eb7490d9d93c1b1e67","99b24e59b9dd9d71f8e3bdd81ab139312804a678bf846fc719cccd611f311984"
"DA-00379","B","380","364","Pelomyxa palustris","Pelomyxa palustris","PRESENTE","PRESENTE","ACTUALIZADA","Fila final emparejada por identidad de dominio; cambios fijados por huellas inicial/final.","dd9bf73ebd90e690c06db6a95128be7617fd7df81da55f4dcf9bf23dfbddc76d","8a2e5f25557307b84856fc36605d2b79f6c07d6fb39db76000a8dc8a6a36fd86"
"DA-00380","B","381","365","endosimbionte de Pelomyxa palustris","endosimbionte de Pelomyxa palustris","PRESENTE","PRESENTE","ACTUALIZADA","Fila final emparejada por identidad de dominio; cambios fijados por huellas inicial/final.","cd07eb6ea707402de2121debfff8d36a711e3d278f628a21f6e6e5e0b4dc0604","0058129397e7f4030dc006b3e7ad4a3192bc940f6fe7b12fb34a5f2477880b28"
"DA-00381","B","382","366","Methanobacterium formicicum DSM 3637","Methanobacterium formicicum DSM 3637","PRESENTE","PRESENTE","ACTUALIZADA","Fila final emparejada por identidad de dominio; cambios fijados por huellas inicial/final.","867a3292593814441da57677bbd3434fc60ee0c21f5e68045cb989553bca8df2","d5d8ea023fbed1af881f7e3301bcea14d5ae57f1a364078d3ddd766ba916038b"
"DA-00382","B","383","367","3 × 0,4 µm","3 × 0,4 µm","PRESENTE","PRESENTE","ACTUALIZADA","Fila final emparejada por identidad de dominio; cambios fijados por huellas inicial/final.","f2234d921ecda86a93e08a167ca1483cd33ee29d64f9a25359ad3e37efe10f40","82b1bdb1270f09f82b52f4f284c0626ff4e3b5cf2391487a239b1e4a9c78d8a9"
"DA-00383","B","384","368","aislado histórico Methanobacterium formicicum","aislado histórico Methanobacterium formicicum","PRESENTE","PRESENTE","ACTUALIZADA","Fila final emparejada por identidad de dominio; cambios fijados por huellas inicial/final.","b43f070a983c2e997f846a75488b7091fa53a2b4cb23bd3397b0cacaf9280c9b","92a5f08f8136ab745503caa9f31b393ab862833601551b9eb75473a20cf196e6"
"DA-00384","B","385","369","10 h con H₂/CO₂; 12 h con formiato","10 h con H₂/CO₂; 12 h con formiato","PRESENTE","PRESENTE","ACTUALIZADA","Fila final emparejada por identidad de dominio; cambios fijados por huellas inicial/final.","33fcf908c1375cd9e8fa7998e792cb7b61357638fdd4dd4b0ef8a4db32ad704c","dbec5f8bf527e0e3e1b97d815753e15f4cf5a118a298c7b4699950521b65b70a"
"DA-00385","B","386","370","Methanobacterium formicicum detectable","Methanobacterium formicicum detectable","PRESENTE","PRESENTE","ACTUALIZADA","Fila final emparejada por identidad de dominio; cambios fijados por huellas inicial/final.","0ac1c59b28149b4da8aeded756f96a8e67c32b5459dd7bfa227798262020559d","61e3e36b02a5972cb535d87615f241d34896dc204676736bfb5b67fccc2d218b"
"DA-00386","B","387","371","Pelomyxa palustris de S231","Pelomyxa palustris de S231","PRESENTE","PRESENTE","ACTUALIZADA","Fila final emparejada por identidad de dominio; cambios fijados por huellas inicial/final.","aee2856564b8ad18ecec32d9fe3c37c7bdf1c869293bb9bc96948c6649a19601","4ca5bce979e9f778f3ff95acf811aec0f0c90c75ab1d994f99ab2c50dc307cab"
"DA-00387","B","388","NO_APLICA","afirmación C-950","NO_APLICA","PRESENTE","RETIRADA","RETIRADA","Instantánea externa y linaje de auditoría; retirada o consolidada sin reasignar silenciosamente la fila.","486919f646aac1e4b6c130dba22ad5d00c00d9dcd315387ae3a84ab8157041d1","NO_APLICA"
"DA-00388","B","389","373","evidencia genómica y ausencia en Pelomyxa reexaminada","evidencia genómica y ausencia en Pelomyxa reexaminada","PRESENTE","PRESENTE","ACTUALIZADA","Fila final emparejada por identidad de dominio; cambios fijados por huellas inicial/final.","be2fc5d674445698c059515feb494b97a2ab593c57d9fbeb9d1c7b7565aa7645","2f6e788bd3618d5e18e2c737140804ac240cade9980fc0893479566bd5efba86"
"DA-00389","B","390","374","metanogénesis hidrogenotrófica central","metanogénesis hidrogenotrófica central","PRESENTE","PRESENTE","ACTUALIZADA","Fila final emparejada por identidad de dominio; cambios fijados por huellas inicial/final.","74b11568375726817fdaf741cc80cf2bc98a953ea82a38e77c72665dc87f0304","ec06230f7c92325ee68bd7d05311c5b82fd1cab020439c5e753027b0c95850ef"
"DA-00390","B","391","375","Pelomyxa schiedti y sus endosimbiontes","Pelomyxa schiedti y sus endosimbiontes","PRESENTE","PRESENTE","ACTUALIZADA","Fila final emparejada por identidad de dominio; cambios fijados por huellas inicial/final.","40b09fdc320fd7b7951227c6267829718ffc0a05707cdc7fffacaa3299f2c221","f0a7d78d784f81e1ae6e8548183bc524c6b61e27ff114abeb7518c83153e3aed"
"DA-00391","B","392","376","endosimbionte metanógeno de Pelomyxa palustris no identificado con certeza","endosimbionte metanógeno de Pelomyxa palustris no identificado con certeza","PRESENTE","PRESENTE","ACTUALIZADA","Fila final emparejada por identidad de dominio; cambios fijados por huellas inicial/final.","24e0940005d6661ce591f0de8c30af1ba8620e187c2b0a67b6602820ccf9f458","1fc8189a85da84a3644f3c60947792f92df06eca3159ad1fa6353e95cd36e24d"
"DA-00392","B","393","377","sin resolver","sin resolver","PRESENTE","PRESENTE","ACTUALIZADA","Fila final emparejada por identidad de dominio; cambios fijados por huellas inicial/final.","9503dd1da1b81f72c9ebd31dd0901739a2e58486ba5d901b9472349df32c8838","612848ee250bf67af8b22e6ee6204bb09a36c9c14eceb39dcea38b0d89e38464"
"DA-00393","B","394","378","32 especies","32 especies","PRESENTE","PRESENTE","ACTUALIZADA","Fila final emparejada por identidad de dominio; cambios fijados por huellas inicial/final.","7e9a897f4fcbc88b2c66373ed434b32efe40928e1f50c4652980ecb319a67e2d","ca1d4af6e06a00c0e634c1cf853a2e8a15ce8d2d700236edc50b7b475818697c"
"DA-00394","B","395","379","muestreo de ciliados anaerobios de S234","muestreo de ciliados anaerobios de S234","PRESENTE","PRESENTE","ACTUALIZADA","Fila final emparejada por identidad de dominio; cambios fijados por huellas inicial/final.","95de4497da141301dc3eebe2b404ca9d9ce850901cc64a1aac7ba97f2ebfca08","ff0bdf371529935b419cd92a87e73815ea4938afdec2a776beb90a163cee5e03"
"DA-00395","B","396","380","especificidad parcial por hospedador y hábitat","especificidad parcial por hospedador y hábitat","PRESENTE","PRESENTE","ACTUALIZADA","Fila final emparejada por identidad de dominio; cambios fijados por huellas inicial/final.","11206c576cd5dff49756ef9e1ffbd9d0779322eef8f165bca15f0ae3028627f1","efdb952c69d7d96478c0b478c7ff803539221c6ccdd03e76268487b23ca9e141"
"DA-00396","B","397","381","metanógenos de ciliados anaerobios","metanógenos de ciliados anaerobios","PRESENTE","PRESENTE","ACTUALIZADA","Fila final emparejada por identidad de dominio; cambios fijados por huellas inicial/final.","3133657a7b4dbe203ebbd2479c549ce34a2f598dbafc65198be0a4cd9f5592d8","49b07cacb20109d738d2730175ab3958a68f3d265f9d5a33dbdf686d6bd65c1d"
"DA-00397","B","398","382","metanógenos endosimbióticos de ciliados","metanógenos endosimbióticos de ciliados","PRESENTE","PRESENTE","ACTUALIZADA","Fila final emparejada por identidad de dominio; cambios fijados por huellas inicial/final.","e277dc8482e4a6d819ea1b1498afd20bf71bacb7803e95c777600f53ed5c338d","7390b2c7393aa22625cde353e8932dcd9144e07a867208160b443ea97f890642"
"DA-00398","B","399","383","varios órdenes arqueanos","varios órdenes arqueanos","PRESENTE","PRESENTE","ACTUALIZADA","Fila final emparejada por identidad de dominio; cambios fijados por huellas inicial/final.","bb5855372a9ee0109eac1d065030d5c701d8f7e776081790e849ea7b89c6b93f","6bb64be5e8db1111c93488bd90f138493455e51fbed56d0fed54e69bedec2547"
"DA-00399","B","400","384","simbiontes metanógenos de ciliados de S236","simbiontes metanógenos de ciliados de S236","PRESENTE","PRESENTE","ACTUALIZADA","Fila final emparejada por identidad de dominio; cambios fijados por huellas inicial/final.","2ba93d6d84733228e90df0069e3d962da7e447d45abd07f5fe198939c9d224dc","8aa6930e9cf07649db1a62763d36f231d16dc42e1c4f6c824ef29ed94c3c838b"
"DA-00400","B","401","385","adquisición múltiple y transmisión mixta","adquisición múltiple y transmisión mixta","PRESENTE","PRESENTE","ACTUALIZADA","Fila final emparejada por identidad de dominio; cambios fijados por huellas inicial/final.","c0ceb1f6aa56f2b48d2dd84d8809a79533e87c2ba4bbc1122d76525f1f1e2844","b62ea260e442cef24b7499107f328beefa09f3cdbc795a669bbe38450f9fed55"
"DA-00401","B","402","386","simbiontes metanógenos de ciliados de S235","simbiontes metanógenos de ciliados de S235","PRESENTE","PRESENTE","ACTUALIZADA","Fila final emparejada por identidad de dominio; cambios fijados por huellas inicial/final.","695ff490292aead72010afdea272751f3359227f89e72c7e2dc2de3dbea5c2c5","885f9f53b14e390f06d4226fa586263edf343a1aacc56d31ac7252e86f635e5d"
"DA-00402","B","403","387","transmisión universal exclusivamente vertical","transmisión universal exclusivamente vertical","PRESENTE","PRESENTE","ACTUALIZADA","Fila final emparejada por identidad de dominio; cambios fijados por huellas inicial/final.","8a4e96e3bd70f483a5865c240dd14912c4ada51be7ef6fa0508758b4de2455ae","8c0b82d1ec32c63b152bcee49729cf4066e129f9001c3ad3be935cba1bc484d3"
"DA-00403","B","404","388","Angomonas deanei","Angomonas deanei","PRESENTE","PRESENTE","ACTUALIZADA","Fila final emparejada por identidad de dominio; cambios fijados por huellas inicial/final.","9f2741e0cc41db00e7c2729d1e91464aee6b7d094a76c9182aabbc1211a08426","416919badca8b9f7d4aee747949f34ee13764ed51465770519a2e4e3e0c0d295"
"DA-00404","B","405","389","un Candidatus Kinetoplastibacterium por célula","un Candidatus Kinetoplastibacterium por célula","PRESENTE","PRESENTE","ACTUALIZADA","Fila final emparejada por identidad de dominio; cambios fijados por huellas inicial/final.","1e16580e72b837a9e0305df71a17337083a9ebb693a08b258f8a7e5c71877e3a","45ee4607abb798f041eaaaa8842c10f32ac1d250bd55a59fd3f17f16b12e9220"
"DA-00405","B","406","390","Candidatus Kinetoplastibacterium de Angomonas","Candidatus Kinetoplastibacterium de Angomonas","PRESENTE","PRESENTE","ACTUALIZADA","Fila final emparejada por identidad de dominio; cambios fijados por huellas inicial/final.","342d15570409cd83bd1c59805a242c9dab974814fc6131d30ce896f40b0b2728","c7fa6540656780764e50c36545d2e950a2a2c40e7d7ab6151ec6d16663862714"
"DA-00406","B","407","391","división sincronizada con hospedador","división sincronizada con hospedador","PRESENTE","PRESENTE","ACTUALIZADA","Fila final emparejada por identidad de dominio; cambios fijados por huellas inicial/final.","37ba356eb52ecce0a8c661be21fa8319b270c483654137fbc0ce19f9346aa3ce","a1a4e947465f5b7060613acccb0acb80c7b3b8db194ff6b94923453c8c1557d9"
"DA-00407","B","408","392","aproximadamente 0,8 Mb","aproximadamente 0,8 Mb","PRESENTE","PRESENTE","ACTUALIZADA","Fila final emparejada por identidad de dominio; cambios fijados por huellas inicial/final.","5844be2e33aefd93fac771a2f7b2982376bd7f293256467da6c153abb9c0e407","f242720210fe822529a4b43f3f85ab9a67ed025f3d4c2d813042ebb4d736419c"
"DA-00408","B","409","393","Candidatus Kinetoplastibacterium","Candidatus Kinetoplastibacterium","PRESENTE","PRESENTE","ACTUALIZADA","Fila final emparejada por identidad de dominio; cambios fijados por huellas inicial/final.","6bb56ad7adc6f2a179b891fa928134958efd47b663134b35e1c6ce386c85c67d","54ac1209e17db28a8041ebedbe0de3ff71a11fe7efb1c652a227297c3eb90aa6"
"DA-00409","B","410","394","anillo de división del hospedador alrededor del endosimbionte","anillo de división del hospedador alrededor del endosimbionte","PRESENTE","PRESENTE","ACTUALIZADA","Fila final emparejada por identidad de dominio; cambios fijados por huellas inicial/final.","c40e49a6f0515de5c6313facb795b2b9a3809961a83675ced216e07542437260","b06902e39396747a16d88af0ac6fadb66b4cc1fa2e43a452bc07d7f6cf6cc544"
"DA-00410","B","411","395","división de Kinetoplastibacterium","división de Kinetoplastibacterium","PRESENTE","PRESENTE","ACTUALIZADA","Fila final emparejada por identidad de dominio; cambios fijados por huellas inicial/final.","7ab2203e781d35732336ddf45a96508e868b1bf77ddb2b7bd65c7cd14d734eff","e1b0931d740b9fbf5be46ff0be4b627ad80ae8003960a33a350c27cf0e8ea9b0"
"DA-00411","B","412","396","ETP9","ETP9","PRESENTE","PRESENTE","ACTUALIZADA","Fila final emparejada por identidad de dominio; cambios fijados por huellas inicial/final.","3d6b5bfb5576a3abf90393b182711f299d2274cc43bc81c3d4e12d11d35d06f4","babd3b9019b6ee76eb104c089a54297d3b171787daa390ce0f78b83dc5396e9d"
"DA-00412","B","413","397","gen OCD desde endosimbionte al núcleo","gen OCD desde endosimbionte al núcleo","PRESENTE","PRESENTE","ACTUALIZADA","Fila final emparejada por identidad de dominio; cambios fijados por huellas inicial/final.","9fb0c1f948bccaf69ad19b88922445ff81b380213b69ee8cf5bfea56623da83e","03a04a191e2a861f1c0818349601d66247d3ffba3b2b05ba45a32fa009725853"
"DA-00413","B","414","398","localización glicosomal","localización glicosomal","PRESENTE","PRESENTE","ACTUALIZADA","Fila final emparejada por identidad de dominio; cambios fijados por huellas inicial/final.","070a51e118ae61113bca718add03d4d23c8b0069d25649adce2193532293031f","11d01d0597341fe70e0c8aa926a5505d649297be9d4d000ead80e17110097a90"
"DA-00414","B","415","399","proteína OCD de origen endosimbiótico","proteína OCD de origen endosimbiótico","PRESENTE","PRESENTE","ACTUALIZADA","Fila final emparejada por identidad de dominio; cambios fijados por huellas inicial/final.","c647016ebc5cf9c160f67f9253a9c575bf94f9c702876585f0536236f6bfe4b9","803ee1199eb57178d31dc58199a029503c54b56418ba62fc530564261b01e3db"
"DA-00415","B","416","400","importación de la proteína al endosimbionte","importación de la proteína al endosimbionte","PRESENTE","PRESENTE","ACTUALIZADA","Fila final emparejada por identidad de dominio; cambios fijados por huellas inicial/final.","46949b7fcdde38d166757470d2d531f4f26d1725ff5660a57a4552ca32dedcd6","2b3b4511e4578f8fd7ba9e2fe28c974b8eaa7e682569bbcc0da06250a81fb1be"
"DA-00416","B","417","401","transferencia génica endosimbiótica en Angomonas","transferencia génica endosimbiótica en Angomonas","PRESENTE","PRESENTE","ACTUALIZADA","Fila final emparejada por identidad de dominio; cambios fijados por huellas inicial/final.","bbe8e4e387accd130cc169000abfad865ef0a514c496e9cd0f3ff8bfabbca116","31e55d14be62da95e7f530ee95a4230f36f41b34773f76ee978e55b2a5a0b075"
"DA-00417","B","418","402","Paramoeba","Paramoeba","PRESENTE","PRESENTE","ACTUALIZADA","Fila final emparejada por identidad de dominio; cambios fijados por huellas inicial/final.","a9767febee4f322d35cd10e7cee41477eabf7984f586757399c12aa685a12e86","b5cd61d429416e38884e5906e833ad7ec6e130342caaa7be657f4e27f7be9ad3"
"DA-00418","B","419","403","Perkinsela","Perkinsela","PRESENTE","PRESENTE","ACTUALIZADA","Fila final emparejada por identidad de dominio; cambios fijados por huellas inicial/final.","1b238d1f56ef87bf5a98536eb5a76ad28c6b2ed91ca4385e0ab0e4cb45258e79","98b14a043bf95f24489faf54c104c88cd42f9baa1a34c1c5ee1836fbf8736c10"
"DA-00419","B","420","404","aproximadamente 9,5 Mb","aproximadamente 9,5 Mb","PRESENTE","PRESENTE","ACTUALIZADA","Fila final emparejada por identidad de dominio; cambios fijados por huellas inicial/final.","fe6199ec0994d975a969f38e8cfe5d22bbb2cd6dfdc8825442fb1ef4535ee6e5","7384b3c81fd9adacea59a20f2d5eb215031b8c61f627d693117493271f3c59c1"
"DA-00420","B","421","405","genoma nuclear de Perkinsela","genoma nuclear de Perkinsela","PRESENTE","PRESENTE","ACTUALIZADA","Fila final emparejada por identidad de dominio; cambios fijados por huellas inicial/final.","81168eed228ace18c292c894756c5743ace1a06ae1edff9d23d0a76f82a0fb1e","fb9d318e0e8aee874d39a527a04d2211965ad68a0a6f22f88d4344417ec059b2"
"DA-00421","B","422","406","reducción celular con rasgos kinetoplástidos retenidos","reducción celular con rasgos kinetoplástidos retenidos","PRESENTE","PRESENTE","ACTUALIZADA","Fila final emparejada por identidad de dominio; cambios fijados por huellas inicial/final.","9532653838482a96cbdfa890756bae4fcc8f5da26527444281cc07b62e68c12f","fcf4748f877db400ecfd2972f3798c7d8cf37dbd2a3a87f6eaddfcaa5019cd82"
"DA-00422","B","423","407","interdependencia metabólica","interdependencia metabólica","PRESENTE","PRESENTE","ACTUALIZADA","Fila final emparejada por identidad de dominio; cambios fijados por huellas inicial/final.","0912eb220a4b2419306c2c3b8617ab78200a09e99fa5a65c9ab5b0f449061b8a","bd110ab24c5f4d94ff6efc2ee8d9fbaa58b5a454ed6738e670bfd7e8af3e9053"
"DA-00423","B","424","408","Perkinsela–Paramoeba","Perkinsela–Paramoeba","PRESENTE","PRESENTE","ACTUALIZADA","Fila final emparejada por identidad de dominio; cambios fijados por huellas inicial/final.","0bec3f8f69347d2b89efd3c0411d7b1d894f5b2093a26f35e3d9de0edc1439a2","94b9298d9bfa569a7c087ae623b5db3bb2fad0565e645ee40929860a04ca2cfa"
"DA-00424","B","425","409","citoplasma de Paramoeba dentro de una asociación obligada","citoplasma de Paramoeba dentro de una asociación obligada","PRESENTE","PRESENTE","ACTUALIZADA","Fila final emparejada por identidad de dominio; cambios fijados por huellas inicial/final.","83d8a6874a0cbdfe472a5f3c6f3e244bb4b37e78c69de0ef663babf988afa8dc","b217f30faec29826c59bd6831f75e2abf8ec17d4a061a9685bf3f4ba54bc1a11"
"DA-00425","B","426","410","genoma mitocondrial de Perkinsela","genoma mitocondrial de Perkinsela","PRESENTE","PRESENTE","ACTUALIZADA","Fila final emparejada por identidad de dominio; cambios fijados por huellas inicial/final.","27cdff13f0ad8b856218b7496bf64789c1443568a60369b91dbd64fb78034e65","fdfff9569da9a3536cfe96cd39359c90ddddfb63bdf67d0c6c7a2e8091473c94"
"DA-00426","B","427","411","seis genes codificantes de proteínas","seis genes codificantes de proteínas","PRESENTE","PRESENTE","ACTUALIZADA","Fila final emparejada por identidad de dominio; cambios fijados por huellas inicial/final.","20fe986b6936bac2f3fafa856623b487749fa7286d2ddfd92c1e0423955e823c","b53499b1505993b33293a32468f64535775ea8cc04871f7ec70cca826b77db91"
"DA-00427","B","428","412","integración celular sin fusión genómica completa","integración celular sin fusión genómica completa","PRESENTE","PRESENTE","ACTUALIZADA","Fila final emparejada por identidad de dominio; cambios fijados por huellas inicial/final.","a9d318673d8853c102d2d92a6d7974d87dfd82f07f7f9ac2a5fca752957aed04","c50305658886276a733745d4e976fefb0bcc3365f9926328c928820eda38725c"
"DA-00428","B","429","413","90–140 Ma","90–140 Ma","PRESENTE","PRESENTE","ACTUALIZADA","Fila final emparejada por identidad de dominio; cambios fijados por huellas inicial/final.","d3ba79bf778071226b1a932c1d68177c439b7da6a6ec2d10299430b2001028b3","09b9e9b9fb5c232e221094a9fcc6400c6bf1e88ec0825e59f1544fc17e3c7dd4"
"DA-00429","B","430","414","endosimbiosis del cromatóforo de Paulinella","endosimbiosis del cromatóforo de Paulinella","PRESENTE","PRESENTE","ACTUALIZADA","Fila final emparejada por identidad de dominio; cambios fijados por huellas inicial/final.","8e26648815cd2778949cf9e387d4bea812e29ae394aefca7c2afa858e7f7bd78","25261f24a1bb3a00a1249b63f20846907a39183a2557285f53c638d9cb16b664"
"DA-00430","B","431","415","1,02 Mb","1,02 Mb","PRESENTE","PRESENTE","ACTUALIZADA","Fila final emparejada por identidad de dominio; cambios fijados por huellas inicial/final.","1c4391555659d5673aff3f678e45d06b9468e1b83f434744cdfda9f861e5b1fd","9f961f05fa172d006c1a34ee31fa83b595e08651f02ff05ca45b83b141cbe620"
"DA-00431","B","432","416","genoma del cromatóforo de Paulinella chromatophora","genoma del cromatóforo de Paulinella chromatophora","PRESENTE","PRESENTE","ACTUALIZADA","Fila final emparejada por identidad de dominio; cambios fijados por huellas inicial/final.","565cbf9f31f1ae612ce8c5f6a543e32f1d6209b3dc86f17c48932516c2231e6a","8f154ef5e36b9a508231852140e1c4c6f37aaaa904824cddd7de8dcbbc85097a"
"DA-00432","B","433","417","867 genes codificantes de proteínas","867 genes codificantes de proteínas","PRESENTE","PRESENTE","ACTUALIZADA","Fila final emparejada por identidad de dominio; cambios fijados por huellas inicial/final.","60d40331efef25bd351893c482e5c011020afe75b469ca9de31fa476f862b52e","bd9612cf52bba9666ba1151b36a47e021deb90e4cf39721d4bf361083d8c7cb3"
"DA-00433","B","434","418","cromatóforo de Paulinella","cromatóforo de Paulinella","PRESENTE","PRESENTE","ACTUALIZADA","Fila final emparejada por identidad de dominio; cambios fijados por huellas inicial/final.","f261cfaecb3801476ebfa4788a715e2fcd0179d258c4482f971e75de6c9c5e0b","461d15b80dc993cc24c8419abdc9388610f32d0fbdcbcd88f88e549d462776e9"
"DA-00434","B","435","419","parte del repertorio génico cianobacteriano","parte del repertorio génico cianobacteriano","PRESENTE","PRESENTE","ACTUALIZADA","Fila final emparejada por identidad de dominio; cambios fijados por huellas inicial/final.","36238685dcfb55339dbd614853cf815f4a69eec9304425b8d599dc09d690a49c","4e00ea6741a4c5e14d7eae47c9a6398cb01ff135feeb3d470db81498c542c30d"
"DA-00435","B","436","420","0,3–0,8 % de genes de origen cromatofórico","0,3–0,8 % de genes de origen cromatofórico","PRESENTE","PRESENTE","ACTUALIZADA","Fila final emparejada por identidad de dominio; cambios fijados por huellas inicial/final.","73064dc043be1ca3d45f1f46d540cea627ff9fbe354b3b22049e6231149c31a9","b31bde0876c91242855e4e819bb73c0494f0e232e2e8c79424f45aee9dd50acf"
"DA-00436","B","437","421","genoma nuclear de Paulinella chromatophora","genoma nuclear de Paulinella chromatophora","PRESENTE","PRESENTE","ACTUALIZADA","Fila final emparejada por identidad de dominio; cambios fijados por huellas inicial/final.","59c1a65bb8238ef61904cd11b2bb7762e123b496c2abf61c39cd7f5c4acc3bf4","8b2fbf487ddd073319cf470775ae046f6437141ade2137b42f121fedc779ed7f"
"DA-00437","B","438","422","11–14 %","11–14 %","PRESENTE","PRESENTE","ACTUALIZADA","Fila final emparejada por identidad de dominio; cambios fijados por huellas inicial/final.","63a7dc47f895284627d69d311e60afb2be3e388e61c42163b930d28838908dab","6fc4ef176fc9fa23038ddf69d875c5813cb84539557ef5d0c3aca3f9536a084a"
"DA-00438","B","439","423","genes nucleares de origen plastidial en Archaeplastida","genes nucleares de origen plastidial en Archaeplastida","PRESENTE","PRESENTE","ACTUALIZADA","Fila final emparejada por identidad de dominio; cambios fijados por huellas inicial/final.","d0471c3c84614a2622bb240f9d3c0aae52d0ddcfc77bb7030fefe6bfcdb56b4e","718f3b1eec6e203ef929e5695b255df959e4cacf3600f945d67b123d43c391a2"
"DA-00439","B","440","424","al menos dos genes fotosintéticos al núcleo","al menos dos genes fotosintéticos al núcleo","PRESENTE","PRESENTE","ACTUALIZADA","Fila final emparejada por identidad de dominio; cambios fijados por huellas inicial/final.","369afbafbdc540d9853120f9c1a070de4646cc2f58c03eac5a6969e017e3dfce","a1d436a07510097753b9494d752d55f6159cb1ac88b8da707e309261187e7ca0"
"DA-00440","B","441","425","importación de proteínas al cromatóforo","importación de proteínas al cromatóforo","PRESENTE","PRESENTE","ACTUALIZADA","Fila final emparejada por identidad de dominio; cambios fijados por huellas inicial/final.","c1eb41b4f270f833f191657a086be8b6fed66d7bae7959e66ad4d0cdb4cd9577","4d0f047bc1cac8d7b2310b6c72c00fb6343d06f48cf816b53e2cc17940aa197f"
"DA-00441","B","442","426","genes bacterianos complementarios por HGT","genes bacterianos complementarios por HGT","PRESENTE","PRESENTE","ACTUALIZADA","Fila final emparejada por identidad de dominio; cambios fijados por huellas inicial/final.","b385c455405f2c33cc2b5524b46fd3048ab17a861db9939c7cc9255ce4021b05","8a4cd82e94bbefbe1cd8403445c4b1c73cf666ab3e0f485c55da39f4c0a8ac42"
"DA-00442","B","443","427","integración por procesos genéticos de más de un origen","integración por procesos genéticos de más de un origen","PRESENTE","PRESENTE","ACTUALIZADA","Fila final emparejada por identidad de dominio; cambios fijados por huellas inicial/final.","9dddb2b5a08e2356dd7440610473d10cbd4e452b79a460ba5874447a14b48eb0","285c53b69bfe9a47ff32234863354dca17b24eba51faae8b42479c678a5e465f"
"DA-00443","B","444","428","transmisión vertical intracelular","transmisión vertical intracelular","PRESENTE","PRESENTE","ACTUALIZADA","Fila final emparejada por identidad de dominio; cambios fijados por huellas inicial/final.","cd2bc26ff677b4e0de446c2575df94d34be5aee7f7d67ddfbed6a2d7c17d7da0","eb9f07d1b4b34a383f2d38ac2d80d476350373fe1654a1607d27e443fc0daa0b"
"DA-00444","B","445","429","Braarudosphaera bigelowii","Braarudosphaera bigelowii","PRESENTE","PRESENTE","ACTUALIZADA","Fila final emparejada por identidad de dominio; cambios fijados por huellas inicial/final.","9cb4b9bca32a657f7767ecafd838d82d7117a7827332991c91fcd8b5feb2b002","b4c683666274a0198ab29305b2b5e993253c619fa216f3618f8232b40f494581"
"DA-00445","B","446","430","UCYN-A","UCYN-A","PRESENTE","PRESENTE","ACTUALIZADA","Fila final emparejada por identidad de dominio; cambios fijados por huellas inicial/final.","a63123f60a294c9f79c67c08f8696d34b1be3805734898508276ed8d9f0e54df","13bd2f96fd1b593722b14cd5f703c4d2910474c2041eef0d842d32d81c8594ed"
"DA-00446","B","447","431","nitrógeno fijado hacia Braarudosphaera","nitrógeno fijado hacia Braarudosphaera","PRESENTE","PRESENTE","ACTUALIZADA","Fila final emparejada por identidad de dominio; cambios fijados por huellas inicial/final.","8f8ffdfb0ba95ed8067ceca308b38b293c92e3536a77266fb2aa99534fbfb5f7","33959a06e7d28b805d97b9174f0500f85cf2327bc4800146fa55a46e275549a1"
"DA-00447","B","448","432","carbono hacia UCYN-A","carbono hacia UCYN-A","PRESENTE","PRESENTE","ACTUALIZADA","Fila final emparejada por identidad de dominio; cambios fijados por huellas inicial/final.","8c26f4111a1318bb6ab24748a3ed259fc115d536ec0cebd4efc4efe25bd80bf6","038a107cc03b5e1d357037557a7c008aa102fb68e7f5da4f539f059f01eb32ac"
"DA-00448","B","449","433","división coordinada con hospedador","división coordinada con hospedador","PRESENTE","PRESENTE","ACTUALIZADA","Fila final emparejada por identidad de dominio; cambios fijados por huellas inicial/final.","98914a30b56af06351e8a2ae842ed2cf0e128b4ae667aaf375de93ee10fe8077","af565723119e05aae9e9947ef90a55145449ce1187efebecf7ebc954c3a2c526"
"DA-00449","B","450","434","importación de proteínas nucleares del hospedador","importación de proteínas nucleares del hospedador","PRESENTE","PRESENTE","ACTUALIZADA","Fila final emparejada por identidad de dominio; cambios fijados por huellas inicial/final.","83a0d48c29e248887e1156e895510b494de171e59ca51aa5ee0689657d31c28b","6cdb8558a015bfd09150dd393513a19e6415dab6b1b604b7780b0f55e1a14789"
"DA-00450","B","451","435","nitroplasto","nitroplasto","PRESENTE","PRESENTE","ACTUALIZADA","Fila final emparejada por identidad de dominio; cambios fijados por huellas inicial/final.","47d95335bdbfa4372eaafd750cd04aa94ed7d3c88746bb7aca2cd2236917937d","3c0c345b8f57540b101ca4751c2955392351c418261d8b76ebcaec41df6db0be"
"DA-00451","B","452","436","UCYN-A de Braarudosphaera","UCYN-A de Braarudosphaera","PRESENTE","PRESENTE","ACTUALIZADA","Fila final emparejada por identidad de dominio; cambios fijados por huellas inicial/final.","a40dcaf1d40c6b61fcec09bf980ce0b9dbc91753ddcc1a1dd9779600ffad75f2","b12d49bd31ea1952f55b00d8960f9f93c8f48c2ed9d30293bb7c591b866deed5"
"DA-00452","B","453","437","umbral universal endosimbionte-orgánulo","umbral universal endosimbionte-orgánulo","PRESENTE","PRESENTE","ACTUALIZADA","Fila final emparejada por identidad de dominio; cambios fijados por huellas inicial/final.","64c2d5fc607bcc7eb7245bd8452b3de5ffd4ad3352678ef494555ef1353aa305","c5b2d200f2066936f57d4902b1d81aea16173d3ce5545693b54900b0061b9940"
"DA-00453","B","454","438","asociación ancestral UCYN-A–prymnesiófito","asociación ancestral UCYN-A–prymnesiófito","PRESENTE","PRESENTE","ACTUALIZADA","Fila final emparejada por identidad de dominio; cambios fijados por huellas inicial/final.","9a09e26df67030bf1bff2f50b0479e8cb890b9654e48c5172e3e39ae73f64e3c","dd711190c4df96eb8618fec14af3f6dd710a52d3d8cc4f90e9578cbcf5423157"
"DA-00454","B","455","439","Nephroselmis dentro de Hatena","Nephroselmis dentro de Hatena","PRESENTE","PRESENTE","ACTUALIZADA","Fila final emparejada por identidad de dominio; cambios fijados por huellas inicial/final.","268176b9baf65743cf3499933ced1b03629eb660cedde92e73051692196450d6","a336e9d2f508c892301652a0396ac5ac68d76489b778aa58606987640f9daad8"
"DA-00455","B","456","440","remodelación intracelular","remodelación intracelular","PRESENTE","PRESENTE","ACTUALIZADA","Fila final emparejada por identidad de dominio; cambios fijados por huellas inicial/final.","d1ac79928acf411dc1b55eee44674f6c3b709d6f72d5b0c7a0f0266eb89a32fc","f21362db9c4de2cda98dabcac7e82cdc5a9b866855943c67832b161466458f1c"
"DA-00456","B","457","441","herencia asimétrica del simbionte","herencia asimétrica del simbionte","PRESENTE","PRESENTE","ACTUALIZADA","Fila final emparejada por identidad de dominio; cambios fijados por huellas inicial/final.","b0b24f92a7419f3480167f7ae4027356ae9c083e1e032b51eccac99962efe0be","b9abd8cccbbc52769c6a4dfab91a57d7636f66e93de7826461ffee4897c49989"
"DA-00457","B","458","442","célula hija de Hatena sin simbionte","célula hija de Hatena sin simbionte","PRESENTE","PRESENTE","ACTUALIZADA","Fila final emparejada por identidad de dominio; cambios fijados por huellas inicial/final.","a8305d4cbfbb1cb76b3f633dcd62a486cfcfa820267759726c4c1a8c1ab805e2","f0754bf89cbfea94ba79b4560d7264331d2a716f2b38a2aab38d01ce24cc22f7"
"DA-00458","B","459","443","reacquisición horizontal por alimentación","reacquisición horizontal por alimentación","PRESENTE","PRESENTE","ACTUALIZADA","Fila final emparejada por identidad de dominio; cambios fijados por huellas inicial/final.","87b1a3801e8fffcc32e346f3c05225beea04c17a70d511a2a663cd204539f31e","1ef6188fcd98deaad03a9be82ea55fe0acf4ed42d70144e28e230847cdef20b6"
"DA-00459","B","460","444","Hatena–Nephroselmis","Hatena–Nephroselmis","PRESENTE","PRESENTE","ACTUALIZADA","Fila final emparejada por identidad de dominio; cambios fijados por huellas inicial/final.","7455762dc59446345e61c5c3361345fe777e14de41df53125fa700806eae99f5","0746ee4e435e246af29b80cec19d628b36f7aec14a53331fe5e2a32c30900566"
"DA-00460","B","461","445","transmisión mixta asimétrica","transmisión mixta asimétrica","PRESENTE","PRESENTE","ACTUALIZADA","Fila final emparejada por identidad de dominio; cambios fijados por huellas inicial/final.","95e5873bbd92621aac28c83ec626e3af3f7e6d54b47ab602caf02a6b08ff08b7","7918239c89c8f05a79b154b51d923aec5de0295f2a3b9a61c966ba38a7d21d8d"
"DA-00461","B","462","446","aparato nif de origen cianobacteriano","aparato nif de origen cianobacteriano","PRESENTE","PRESENTE","ACTUALIZADA","Fila final emparejada por identidad de dominio; cambios fijados por huellas inicial/final.","37ff38d8bd1d589e7fe239760ca02d7e5fae563a9f5685a25172bf234f4bf685","e879c18dee6922e7358a609b0b7452cdba235317ecbc5a50455dac5041282ec6"
"DA-00462","B","463","447","cuerpo esferoidal de Rhopalodia gibba","cuerpo esferoidal de Rhopalodia gibba","PRESENTE","PRESENTE","ACTUALIZADA","Fila final emparejada por identidad de dominio; cambios fijados por huellas inicial/final.","0d626c6ee723f8e7a331d8d9ae2bbf1c95a818ecdc598622a447ad542972e9d0","c11663389fbec21bf508da61247b8191d7e51cd60ea738af2a36f677c94f1315"
"DA-00463","B","464","448","cuerpo esferoidal de Epithemia turgida","cuerpo esferoidal de Epithemia turgida","PRESENTE","PRESENTE","ACTUALIZADA","Fila final emparejada por identidad de dominio; cambios fijados por huellas inicial/final.","a08a691e259d38aa9013bc0c085d45587dff0adbef08c8bd0b1ef83ffe079f54","67f035b497b7958070833e6eddfa68f925dfd23dc850686b9dd625e7ee4e79c2"
"DA-00464","B","465","449","genoma reducido especializado en fijación de nitrógeno","genoma reducido especializado en fijación de nitrógeno","PRESENTE","PRESENTE","ACTUALIZADA","Fila final emparejada por identidad de dominio; cambios fijados por huellas inicial/final.","cd09fd9f019d9462cd613e78916cf4d6c57c1185511bcdc611d866eb5cc33f5e","9e991b985731eb210766a4f9b3327e11bd9dbbec7df053b53e90a44eb27787d4"
"DA-00465","B","466","450","cuerpos esferoidales de Rhopalodia y Epithemia","cuerpos esferoidales de Rhopalodia y Epithemia","PRESENTE","PRESENTE","ACTUALIZADA","Fila final emparejada por identidad de dominio; cambios fijados por huellas inicial/final.","e6f34adf3e204124e130b14c735fbd11818e2a0dabbf6400e2b2fb9b1051529d","d2c8ea9c3770bb982779e840a8fde6a45f8e7402562fc8b3c110325b00640f49"
"DA-00466","B","467","451","fotosíntesis con retención de fijación de N₂","fotosíntesis con retención de fijación de N₂","PRESENTE","PRESENTE","ACTUALIZADA","Fila final emparejada por identidad de dominio; cambios fijados por huellas inicial/final.","b43863cfaa2fba25585f806932c3ff4632d7fe29b5f9493979a74134b634be14","d8e828b854c51c0ada7d1230bc78d4f0156e698ab228d5d6a2e6956e1a1c94bd"
"DA-00467","B","468","452","genes de Hatena analizados por el proyecto KAKENHI 23117004","genes de Hatena analizados por el proyecto KAKENHI 23117004","PRESENTE","PRESENTE","ACTUALIZADA","Fila final emparejada por identidad de dominio; cambios fijados por huellas inicial/final.","ae8b7600eeebdaebd24535be0eb6eb106baf793d2cb85b83250bcc7c1bdbc8a0","3aa27dedbf2bdc8443fa03fd958b9d1d13193dd5bd46da2c56bcfff81115148c"
"DA-00468","B","469","453","30 posibles candidatos de EGT","30 posibles candidatos de EGT","PRESENTE","PRESENTE","ACTUALIZADA","Fila final emparejada por identidad de dominio; cambios fijados por huellas inicial/final.","3a118cd971d5f34a85ac41dbefd1ec1af4c0a7d78545a25d78b6dd98a2b3f970","a93855078d9a428a928a6c3be1d49176eea7a1900754a2bb850e4856b1b7c2c6"
"DA-00469","B","470","454","Mesodinium rubrum","Mesodinium rubrum","PRESENTE","PRESENTE","ACTUALIZADA","Fila final emparejada por identidad de dominio; cambios fijados por huellas inicial/final.","00234c59c2cdf5852fb09e45a9f3c19760b2f98c81ae523fc87f2ae039458493","2501d39af6f378aec68177f702bc29d8e43b05e21509fdef06ef2241acf2567a"
"DA-00470","B","471","455","orgánulos y núcleo de criptófitas","orgánulos y núcleo de criptófitas","PRESENTE","PRESENTE","ACTUALIZADA","Fila final emparejada por identidad de dominio; cambios fijados por huellas inicial/final.","dfcf0f7668072247210e14c45e332502fa1c908d06db4262012e1596c7bff9db","7e8cf7e5a63b3311f68adbef9e8feee68ea96a9bf13c26e35ca78e3e4b1d0cd0"
"DA-00471","B","472","456","dinámica dependiente de alimentación","dinámica dependiente de alimentación","PRESENTE","PRESENTE","ACTUALIZADA","Fila final emparejada por identidad de dominio; cambios fijados por huellas inicial/final.","0ff134f6ee2d156cef373a7a8d3a2f88352c3ee6d0f02402db4fc08808dee8d0","c8072a2a38f6afffbcd1669d13ed19c20a0102acea102429abf87aecb3da1bf3"
"DA-00472","B","473","457","núcleos secuestrados en Mesodinium","núcleos secuestrados en Mesodinium","PRESENTE","PRESENTE","ACTUALIZADA","Fila final emparejada por identidad de dominio; cambios fijados por huellas inicial/final.","49e4d52107da37710c7116348a59b703e069df8dda5437fe78b9a55ed8663276","2102d4d3acdc3b45f6fd437c044ba7c49a5bb5de4a7557c9f640eaa65f5958be"
"DA-00473","B","474","458","dependencia de alimentación periódica","dependencia de alimentación periódica","PRESENTE","PRESENTE","ACTUALIZADA","Fila final emparejada por identidad de dominio; cambios fijados por huellas inicial/final.","704f93ef6dbbd00ed89c237b61c7e3f4a757e719617008004a60650f22c0b4e0","93b36677bafacc652214445fd0e59e43813be01e092d2b90db78c1ba8e42b99c"
"DA-00474","B","475","459","Dinophysis","Dinophysis","PRESENTE","PRESENTE","ACTUALIZADA","Fila final emparejada por identidad de dominio; cambios fijados por huellas inicial/final.","5f1ac5ee684771fa43901ae5ebd734847e0cd19882d3785f85cceb055e7ad0a7","231fd19cb6b45eaaf4f84cd709cc911a36c3dbcd40e5df2e9bc59a5bb83bbc8a"
"DA-00475","B","476","460","Mesodinium y sus plastos criptófitos","Mesodinium y sus plastos criptófitos","PRESENTE","PRESENTE","ACTUALIZADA","Fila final emparejada por identidad de dominio; cambios fijados por huellas inicial/final.","93811b6f58af58e675d90a2f1704e308b7b1816f9246a72a2f7a3fd474c7b7fa","97c179a75e85f727b976f126f099777825426ed2639cc19f31af7033779eaac5"
"DA-00476","B","477","461","retención selectiva principalmente de plastos","retención selectiva principalmente de plastos","PRESENTE","PRESENTE","ACTUALIZADA","Fila final emparejada por identidad de dominio; cambios fijados por huellas inicial/final.","93a9c9a8c3e14e4063c10d4624e9ac71cbc7912439fa37b87603a0a6e28ec3f4","c5169fdc1c7c99a214fbf67c1c5d6b087864b514e34e29f25f4f9b2d855517d9"
"DA-00477","B","478","462","control fotoaclimatativo limitado","control fotoaclimatativo limitado","PRESENTE","PRESENTE","ACTUALIZADA","Fila final emparejada por identidad de dominio; cambios fijados por huellas inicial/final.","a69b577c73ce516ba5da85fcf07879ad7ccfdd2cc588653e2e78e3bc1492f710","3f4b7bbfd2a342e6650fde6fda1c5ef406e5ef785bd8e5baa241ff76c8d8e4d8"
"DA-00478","B","479","463","Dinophysis con kleptoplastos","Dinophysis con kleptoplastos","PRESENTE","PRESENTE","ACTUALIZADA","Fila final emparejada por identidad de dominio; cambios fijados por huellas inicial/final.","85aa35beb66789c465b0a110394593329aee9916da3b57142e27443e00b03d5d","0a89eb6e535df5717764d16092ad65f05e3e9d56051ace089e81b4b9a063822f"
"DA-00479","B","480","464","Elysia chlorotica","Elysia chlorotica","PRESENTE","PRESENTE","ACTUALIZADA","Fila final emparejada por identidad de dominio; cambios fijados por huellas inicial/final.","2068f00b21b34f7bcd3c881f0e6451065b4a758908b84d3113091676093dac6a","eb2e96bb7d13c85e711e503c6876180368387031ee34a1af68c29377444591d9"
"DA-00480","B","481","465","Vaucheria litorea y sus plastos","Vaucheria litorea y sus plastos","PRESENTE","PRESENTE","ACTUALIZADA","Fila final emparejada por identidad de dominio; cambios fijados por huellas inicial/final.","107530831e6bec2908e2b830c3b34a1c082774f1385f9743e1f92408c3c25150","954d253902ee6337e9c7c718de9fedb80557490a380834743fe7d50c177a427e"
"DA-00481","B","482","466","HGT germinal extensa localizada","HGT germinal extensa localizada","PRESENTE","PRESENTE","ACTUALIZADA","Fila final emparejada por identidad de dominio; cambios fijados por huellas inicial/final.","e519cf4a0d343dc6f718b99e6f3cee7b6d1ac3318103a12173c52d9053a7cb9f","a8c8f1f02f32361a7943e60b8c067d7e24a3859a0f3d7bc6392f1d05f1e0dadf"
"DA-00482","B","483","467","genes nucleares fotosintéticos adquiridos","genes nucleares fotosintéticos adquiridos","PRESENTE","PRESENTE","ACTUALIZADA","Fila final emparejada por identidad de dominio; cambios fijados por huellas inicial/final.","c72ade511c41b47e8e9e59d50bef3378a142f1138b5e5c00ce652a4147b7b7f7","4e24fd6cbcb0871f639d8ce3f343c1f8a63c03fd96617c1a33ebeaf42df163fd"
"DA-00483","B","484","468","Plakobranchus ocellatus","Plakobranchus ocellatus","PRESENTE","PRESENTE","ACTUALIZADA","Fila final emparejada por identidad de dominio; cambios fijados por huellas inicial/final.","da6dd5191372b143e9d102f7e4dcb3e1188cabac19f536d94dd5999ca450d468","be69afa2f8e4a11c49a7be28d295ea779d6db1f20631dd141f8eef9dc1c90ae6"
"DA-00484","B","485","469","adquisición fenotípica no genética","adquisición fenotípica no genética","PRESENTE","PRESENTE","ACTUALIZADA","Fila final emparejada por identidad de dominio; cambios fijados por huellas inicial/final.","207d377c46a42958e237e6808be3b0ada15e4dd2b159493a5266cfb006f55f01","0cf10015cdc244c0eae06d92b984cbf03c9da2af24318a3b3cb80afa0eeaba37"
"DA-00485","B","486","470","kleptoplastia","kleptoplastia","PRESENTE","PRESENTE","ACTUALIZADA","Fila final emparejada por identidad de dominio; cambios fijados por huellas inicial/final.","5ab35c2a26da716a7a6d27ef4e3de2e7f8524c8ce6fb358983e8d6fe12071383","054ec062d5026373e2cf42b663bedd11279081852472f42be911aeb0629bdba6"
"DA-00486","B","487","471","373.000 bp y 331 genes","373.000 bp y 331 genes","PRESENTE","PRESENTE","ACTUALIZADA","Fila final emparejada por identidad de dominio; cambios fijados por huellas inicial/final.","b008badf0d6d001469dccc75b6f670160d3040cd4d0228df3c686bb1d0615375","5bc04550aff8faee500e3c87a8af5cce3fdd852e0b56c7cdaa99ba14ed518abc"
"DA-00487","B","488","472","genoma nucleomórfico de Bigelowiella natans","genoma nucleomórfico de Bigelowiella natans","PRESENTE","PRESENTE","ACTUALIZADA","Fila final emparejada por identidad de dominio; cambios fijados por huellas inicial/final.","61e3b2eb7571d1e4554ad81ece73e94e82c3d3b213f10b71a5843eed038c93a0","20e98d751305c884a77e15c656b5f5b1c46070b95a3a8a2dce16682bd8ebbd70"
"DA-00488","B","489","473","tres cromosomas lineales","tres cromosomas lineales","PRESENTE","PRESENTE","ACTUALIZADA","Fila final emparejada por identidad de dominio; cambios fijados por huellas inicial/final.","9011f7c2ed618606eab6a1d7dbb583b19054ef5bbee9584f5f635de34a88d960","eec9cdcb10b7f9097feefcbf0bf9e19f154a2dbeb9e7fbdccf0646c2f91640d9"
"DA-00489","B","490","474","551 kb","551 kb","PRESENTE","PRESENTE","ACTUALIZADA","Fila final emparejada por identidad de dominio; cambios fijados por huellas inicial/final.","249a597b3ff305a807f21eb754d7bd62336779975418e151966deb1d2201c57c","2ee899abae23f76014ebbd0c9b5fbce6372497a2296a7d307c8a70a12cc445ec"
"DA-00490","B","491","475","genoma nucleomórfico de Guillardia theta","genoma nucleomórfico de Guillardia theta","PRESENTE","PRESENTE","ACTUALIZADA","Fila final emparejada por identidad de dominio; cambios fijados por huellas inicial/final.","1e6076a2ec65d747e8602332fa67b89674af815ffb8c298067f5dc99c143b6d2","9f3fb7342dd42f306930147ca347889ff51e4c976091690190ec3b952fb06ea5"
"DA-00491","B","492","476","17 intrones y 44 genes solapados","17 intrones y 44 genes solapados","PRESENTE","PRESENTE","ACTUALIZADA","Fila final emparejada por identidad de dominio; cambios fijados por huellas inicial/final.","8e4cf5275b39fe8fee8894a81b1aca67a6ba31b0007061706147f6380099d88e","ec10668251b72e7931e07032a301d72eb4633f91c318ec5d8fd220ad42cee38c"
"DA-00492","B","493","477","dos orígenes endosimbióticos eucariotas independientes","dos orígenes endosimbióticos eucariotas independientes","PRESENTE","PRESENTE","ACTUALIZADA","Fila final emparejada por identidad de dominio; cambios fijados por huellas inicial/final.","e3e500c7298f6b876bfdd3cd9a609ed797e4a5c11995e15257ad53f24c25fe14","b8acfaaf89d02544d0b01c116d09af2e8c49b38edf6763fb9d219530915c58f9"
"DA-00493","B","494","478","nucleomorfos","nucleomorfos","PRESENTE","PRESENTE","ACTUALIZADA","Fila final emparejada por identidad de dominio; cambios fijados por huellas inicial/final.","74f1ea294ee2d526916b4555941968f26c912c72791a011de5fcbf02cb0047d1","9d924cda659d2a816c8bb34fe0367ad4e7d4e60e33bf444fab9e3c43b13d2b81"
"DA-00494","B","495","479","fase intermedia obligatoria","fase intermedia obligatoria","PRESENTE","PRESENTE","ACTUALIZADA","Fila final emparejada por identidad de dominio; cambios fijados por huellas inicial/final.","676ea57efb746cf313795082575c5824ab3ba8cf42974ded4009c1a43c35b3b9","d67b424ca6f6981fcefac32dd7d6f8048c6a2fe1ce8c67f2f50ded977f629f68"
"DA-00495","B","496","480","reducción genómica de endosimbiontes de Enterobacterales","reducción genómica de endosimbiontes de Enterobacterales","PRESENTE","PRESENTE","ACTUALIZADA","Fila final emparejada por identidad de dominio; cambios fijados por huellas inicial/final.","7ce6b30ba14c72fbd9d7c31dcd2961f03a04e3b9e3a0400a9586b9c76c945e72","253aeab5f83d399b0350ec616bbbc66c950e65471813c35c1ba75833bf865456"
"DA-00496","B","497","481","pico inicial de pérdida seguido por erosión más lenta","pico inicial de pérdida seguido por erosión más lenta","PRESENTE","PRESENTE","ACTUALIZADA","Fila final emparejada por identidad de dominio; cambios fijados por huellas inicial/final.","3746bfe153c528e98ac754f0c77058d85d587407dfccf0efcfd093b49441bb16","46617e36f1c1e8b3151d0fefefcfa5198e6e211d7d794368132a3c88ceeaa946"
"DA-00497","B","498","482","Moranella endobia","Moranella endobia","PRESENTE","PRESENTE","ACTUALIZADA","Fila final emparejada por identidad de dominio; cambios fijados por huellas inicial/final.","7e2a2d1316b1dad9f2af42463e187e0f479eaa4eddc2c6278175fcc0a83594d2","c937c2a105aa1b4a6c0e245083c8e1521f272d129d110110bb526522713671ed"
"DA-00498","B","499","483","Tremblaya princeps","Tremblaya princeps","PRESENTE","PRESENTE","ACTUALIZADA","Fila final emparejada por identidad de dominio; cambios fijados por huellas inicial/final.","83916c3065d2de9e6844d785d1f9832af13df8047175578e04bc7552a425fc84","edea5c830cd0fbd9ecb5af877966d959fb7b7c6732e0e9d73a1de739dd207483"
"DA-00499","B","500","484","138.927 bp","138.927 bp","PRESENTE","PRESENTE","ACTUALIZADA","Fila final emparejada por identidad de dominio; cambios fijados por huellas inicial/final.","461a57d6d3054dd2f86a7d44e118e40e4862594643c6f242ed09fb49049f3e91","30272409847618994e809b2a61e54654f45581802567903de5d6c0d406b895c3"
"DA-00500","B","501","485","genoma de Tremblaya princeps","genoma de Tremblaya princeps","PRESENTE","PRESENTE","ACTUALIZADA","Fila final emparejada por identidad de dominio; cambios fijados por huellas inicial/final.","a7c264aeb3376360c0421c3f7e1a38a30ba44f02d77c863d7f3e43f4b13860e9","bc1c67cc7e5da9fc6b7e37bd12d7ff01a957c4b9268b9d39c314671fc328fbb7"
"DA-00501","B","502","486","538.294 bp","538.294 bp","PRESENTE","PRESENTE","ACTUALIZADA","Fila final emparejada por identidad de dominio; cambios fijados por huellas inicial/final.","4f65b36ca72f640cb677be278241e20ac4fed51529f85c42ae5c73922b6c2b50","27e6cc198cb78163704e8fe577d43ed572f8d621b6e2f568c51d22845ccb1899"
"DA-00502","B","503","487","genoma de Moranella endobia","genoma de Moranella endobia","PRESENTE","PRESENTE","ACTUALIZADA","Fila final emparejada por identidad de dominio; cambios fijados por huellas inicial/final.","0e66e73c3df24afb0efaf09a681896a9d2e49e764e7c21068353a80e79993e10","41e32d6029ad68f61bb509e401b63fa2368ebb88dbef5faafde318bbf12c4c63"
"DA-00503","B","504","488","consorcio Planococcus–Tremblaya–Moranella","consorcio Planococcus–Tremblaya–Moranella","PRESENTE","PRESENTE","ACTUALIZADA","Fila final emparejada por identidad de dominio; cambios fijados por huellas inicial/final.","c0b36aa774a68dacaecff21c7715331ac3bbe6a3168e934c7240eae72d93045e","36f5bfea70f17e7dc7090b312701738675612112813b150b569cbcb3d6bd7548"
"DA-00504","B","505","489","mosaico metabólico tripartito","mosaico metabólico tripartito","PRESENTE","PRESENTE","ACTUALIZADA","Fila final emparejada por identidad de dominio; cambios fijados por huellas inicial/final.","b2b3706611bf6c7ce30e2b4ca7d405d6a07d7a2df78b24eaa2a9e2d63815ef7a","13b8fb5db1c5be05c7c05618b4232ecb00236bf8646e10095546e14725ef55fa"
"DA-00505","B","506","490","genes bacterianos para la simbiosis tripartita","genes bacterianos para la simbiosis tripartita","PRESENTE","PRESENTE","ACTUALIZADA","Fila final emparejada por identidad de dominio; cambios fijados por huellas inicial/final.","017bc64950518b3184be16f5927a55ad4510e3a65ad37c18fff95a54db633cc8","3f3741e94560c9614faecc7417e2ace5ca5dd583ea5113a5d4897a6bd19e6f4f"
"DA-00506","B","507","491","Planococcus citri","Planococcus citri","PRESENTE","PRESENTE","ACTUALIZADA","Fila final emparejada por identidad de dominio; cambios fijados por huellas inicial/final.","5ee8bd3b5049483fddc36dbe9d160fa7ad0518ce8966169d55bfe54a071fa2c4","d2629c82d7cdaa01ffc075f56f1062569b4aecf5329fc2ae5ce2faee4df49959"
"DA-00507","B","508","492","endosimbionte intrabacteriano de Tremblaya","endosimbionte intrabacteriano de Tremblaya","PRESENTE","PRESENTE","ACTUALIZADA","Fila final emparejada por identidad de dominio; cambios fijados por huellas inicial/final.","0a5588458cf605458efa6b9bd7ce27f643135e008fe0411108b39249200cc288","42f41654623ca4530693ded269550931e75aac09a66588966eb7afb592ad7a82"
"DA-00508","B","509","493","reemplazo evolutivo repetido","reemplazo evolutivo repetido","PRESENTE","PRESENTE","ACTUALIZADA","Fila final emparejada por identidad de dominio; cambios fijados por huellas inicial/final.","fdfcf03543396eb0cbbbb3a4b05ce1b16249ab8279ad760e0d4e3a65e892f18d","de79e8803055ef4475c1a03658b5b26a094da62a0fac7945062cca779a9c2a95"
"DA-00509","B","510","494","identidad invariable del endosimbionte interno","identidad invariable del endosimbionte interno","PRESENTE","PRESENTE","ACTUALIZADA","Fila final emparejada por identidad de dominio; cambios fijados por huellas inicial/final.","1809c118c10c88f6fbf4ba8405f29d41f48f6637a08ad97a1389c2ba36ef8d4e","2b65e29e645c9eab65e129ad3a44cd784c59d186a9a735b0287b5500318e5b19"
"DA-00510","B","511","495","simbiosis anidada de piojos harinosos","simbiosis anidada de piojos harinosos","PRESENTE","PRESENTE","ACTUALIZADA","Fila final emparejada por identidad de dominio; cambios fijados por huellas inicial/final.","0c0250927361050d4c277eb4fdf9e22d09a110d555b6bbf60dce12c6b08df150","c9c5a3e93111e674e72b93bc53253f95a29faa0f3c07612f2cae6a5842b24f97"
"DA-00511","B","512","496","640.681 bp y dos plásmidos","640.681 bp y dos plásmidos","PRESENTE","PRESENTE","ACTUALIZADA","Fila final emparejada por identidad de dominio; cambios fijados por huellas inicial/final.","5113c25d2e3c30a676e9c164a50bca9f0a0efdcea99333f13714090d9c86a214","47565680cd37c1650cb39f83a95d57ed6769cb16678549c9bc7f0ed76466523d"
"DA-00512","B","513","497","genoma de Buchnera sp. APS","genoma de Buchnera sp. APS","PRESENTE","PRESENTE","ACTUALIZADA","Fila final emparejada por identidad de dominio; cambios fijados por huellas inicial/final.","6bf120fc013c78e058133cb9784dab097b51927783a810fbe35f71f7943658f1","91a8aaed24eccafdf3588fcb1c06c89a6d967cc9eb86dcc947dc60dc72d3231c"
"DA-00513","B","514","498","aminoácidos esenciales hacia áfidos","aminoácidos esenciales hacia áfidos","PRESENTE","PRESENTE","ACTUALIZADA","Fila final emparejada por identidad de dominio; cambios fijados por huellas inicial/final.","caee151e837ac6cd4a16c4d352379beb31efdd8268ed5bbb3b1521b89511131a","1e2d2d008639f4958e50e4248b16b09144ba71cb648ac078e6391fb1312e2e4a"
"DA-00514","B","515","499","Buchnera aphidicola","Buchnera aphidicola","PRESENTE","PRESENTE","ACTUALIZADA","Fila final emparejada por identidad de dominio; cambios fijados por huellas inicial/final.","448126ae8c5f3ad92da1da4d7e230abcd7414d390e03821a20ba7ca000932232","4347aab3313d16fc87d1f2271974a78976d22228353317f2d3c063e8eab98e7f"
"DA-00515","B","516","500","transmisión vertical obligada","transmisión vertical obligada","PRESENTE","PRESENTE","ACTUALIZADA","Fila final emparejada por identidad de dominio; cambios fijados por huellas inicial/final.","0a05dc3d7f37521906a78bfc3732d7e32e877097b72a1637c4981d09921d6bcf","20226294af4897906a89b5c37b94f359305a8ce597785171beaf1dd66cda3d00"
"DA-00516","B","517","501","80–150 Ma","80–150 Ma","PRESENTE","PRESENTE","ACTUALIZADA","Fila final emparejada por identidad de dominio; cambios fijados por huellas inicial/final.","c50361d00063a705746ce00ccc9c0fcbd29d5efdfd4c7d3b2e2bbd30dc705afe","fc921bfecec9fb824256fd4ebe58aad3d2287b9e525033b85aa1b61000f78ab8"
"DA-00517","B","518","502","divergencia entre cepas de Buchnera estudiadas","divergencia entre cepas de Buchnera estudiadas","PRESENTE","PRESENTE","ACTUALIZADA","Fila final emparejada por identidad de dominio; cambios fijados por huellas inicial/final.","74cb78163baeaa602aa8cb387dafd9cf7e37a2f4045e177ac40fba05c64a285d","8492056a45e704d2bd144acd7d35e4456fc57b42d836c82b27c7e391514f1f40"
"DA-00518","B","519","503","616 genes proteicos y 39 genes de ARN","616 genes proteicos y 39 genes de ARN","PRESENTE","PRESENTE","ACTUALIZADA","Fila final emparejada por identidad de dominio; cambios fijados por huellas inicial/final.","7aea0eede6a9f72aae30041002917ea8805300ebb7d04de4e12d365dbf34061e","f4b6bd8c9bebce84db8bbabdd8a72cfd022a8456b998616e9043ddde2a3d50f9"
"DA-00519","B","520","504","genoma ancestral de Buchnera reconstruido","genoma ancestral de Buchnera reconstruido","PRESENTE","PRESENTE","ACTUALIZADA","Fila final emparejada por identidad de dominio; cambios fijados por huellas inicial/final.","ebebf4b02340bd3156b285fa1c85c39cffcc8ad667a997ebd49018e92a193fa1","080e6f689140316790997ed8cc4b484c4273d38cbf8a43dfa4bc971fdb7266b6"
"DA-00520","B","521","505","412–646 kb; 354–587 genes proteicos","412–646 kb; 354–587 genes proteicos","PRESENTE","PRESENTE","ACTUALIZADA","Fila final emparejada por identidad de dominio; cambios fijados por huellas inicial/final.","18d967bad92ef583331adfabf52e17ceaee1dd074ccc3d1ae314cc0fcd856ec9","46fd0c3b4da0189c77c6092ad6235fe46aee3089a1a5e30feea529479727c59b"
"DA-00521","B","522","506","genomas modernos de Buchnera","genomas modernos de Buchnera","PRESENTE","PRESENTE","ACTUALIZADA","Fila final emparejada por identidad de dominio; cambios fijados por huellas inicial/final.","056adafb7f40b0e8b8e63ee767ea9df2a2d2b31acc738c59b5a85e59a6d604fe","de31667e3f03b904977f709ab1e130d1948cf0c3befaafaf0395b461238d2677"
"DA-00522","B","523","507","genes en trayectorias no aleatorias","genes en trayectorias no aleatorias","PRESENTE","PRESENTE","ACTUALIZADA","Fila final emparejada por identidad de dominio; cambios fijados por huellas inicial/final.","8a86bccb998b490f87d0c20932f37e6a06094a1d1171eb5ba0ff2aa7485cc088","fd3ba25fc75707b58df3d47af4c69e8579107736a20ee87bcb9fb899a67820d3"
"DA-00523","B","524","508","parasitismo, mutualismo facultativo u obligado","parasitismo, mutualismo facultativo u obligado","PRESENTE","PRESENTE","ACTUALIZADA","Fila final emparejada por identidad de dominio; cambios fijados por huellas inicial/final.","a003494acb5ba9dc7b28c83e16ee5bbef537871f97624bedd3426ab9a324b35c","b2111dc7d4a52655d52eca6c24d1d55b2c8ec46e9493ab4bc793ee1b63005a91"
"DA-00524","B","525","509","Wolbachia","Wolbachia","PRESENTE","PRESENTE","ACTUALIZADA","Fila final emparejada por identidad de dominio; cambios fijados por huellas inicial/final.","cd06f2f94ad18f23fbfd56a1884ff4fe191b7ce03b4bbd5bc8121fe794089b7e","0e6012f520601a24a65a1173627b8b27c1dca3f3b04d5eda39d2446887b03e46"
"DA-00525","B","526","510","transmisión vertical materna frecuente","transmisión vertical materna frecuente","PRESENTE","PRESENTE","ACTUALIZADA","Fila final emparejada por identidad de dominio; cambios fijados por huellas inicial/final.","a441613cd754a5ed93529077fa00c75af7b20720d8dbdd4fd570dd546ec4a54e","5c43dc14850de48c9544fb7f56c7e0c67150cb54fd4f647778e6d9d8ac6b0790"
"DA-00526","B","527","511","transmisión horizontal interespecífica común","transmisión horizontal interespecífica común","PRESENTE","PRESENTE","ACTUALIZADA","Fila final emparejada por identidad de dominio; cambios fijados por huellas inicial/final.","136f62b7aaba671d05d5ce2cda8bf34c6972717035ce2397ca5b49e49536b88e","62aa7b3d617c2dd30998b5acea274c7e3ed2625224416c6b9281f44124361de9"
"DA-00527","B","528","512","Wolbachia de lepidópteros","Wolbachia de lepidópteros","PRESENTE","PRESENTE","ACTUALIZADA","Fila final emparejada por identidad de dominio; cambios fijados por huellas inicial/final.","08d15959620cd9c043a9116c55c48648a63acf61d05503422fd8fce0445854b8","86f115accd116b895d3f7b1c9d60a23921ac096526edb4bce4dc7b1920ffa797"
"DA-00528","B","529","513","genomas de Wolbachia","genomas de Wolbachia","PRESENTE","PRESENTE","ACTUALIZADA","Fila final emparejada por identidad de dominio; cambios fijados por huellas inicial/final.","a05fd3a68c08054604f49ffb6aa2e5a1333537c24b412a4ffd471f72032da532","c2cdd3ac35c6b3ea6b5d3f4a5429b7eaabd9b76fcabb2ceabbe8242b4c7951ae"
"DA-00529","B","530","514","hasta 10 % de elementos de inserción","hasta 10 % de elementos de inserción","PRESENTE","PRESENTE","ACTUALIZADA","Fila final emparejada por identidad de dominio; cambios fijados por huellas inicial/final.","81a7cb8972c827f98699274bfec04faa69b43b257c80936da6cd7a38d7a90ffc","88ce1dd1d539daace7caf225b21506755023c4f3253351167f68871bc9299c1f"
"DA-00530","B","531","515","un desenlace uniforme","un desenlace uniforme","PRESENTE","PRESENTE","ACTUALIZADA","Fila final emparejada por identidad de dominio; cambios fijados por huellas inicial/final.","6dff96ebb71a275d40e6f869c8787d7aded9e3473e4f429534a1a855ed609f05","853cafbb31364b875a5f4b807082a59120bb6d709a4ef86c4bc2b601e4fdcdda"
"DA-00531","B","532","516","dependencia hospedador-simbionte","dependencia hospedador-simbionte","PRESENTE","PRESENTE","ACTUALIZADA","Fila final emparejada por identidad de dominio; cambios fijados por huellas inicial/final.","e96b807ea6154bb30b0a2c2e2b96da4a73edf450802df375db0da6cf8112ee66","3377636978c20bb38b395c2a30eab7f7e51bd43af02b51916e8c3172124e7bc0"
"DA-00532","B","533","517","tamaño genómico del simbionte bajo transmisión vertical","tamaño genómico del simbionte bajo transmisión vertical","PRESENTE","PRESENTE","ACTUALIZADA","Fila final emparejada por identidad de dominio; cambios fijados por huellas inicial/final.","3f8328eff508476270a8bd542f0d7e48be7dc0892ac8cb1658324cffdcfd698a","18003039f042985c0e7f0846721ee1bed7fc82fae13b51b46df89a932a16f5da"
"DA-00533","B","534","518","correlación equivalente entre dependencia y genoma reducido","correlación equivalente entre dependencia y genoma reducido","PRESENTE","PRESENTE","ACTUALIZADA","Fila final emparejada por identidad de dominio; cambios fijados por huellas inicial/final.","92ed1f50858e551774362cf91b67e16c399009efb4828f31c26cd2593b90f521","6438338b125fcdd71f0b7393a9fa5d0ff88900064ca28ea417b3e856ed5c31c6"
"DA-00534","B","535","519","simbiontes de transmisión horizontal","simbiontes de transmisión horizontal","PRESENTE","PRESENTE","ACTUALIZADA","Fila final emparejada por identidad de dominio; cambios fijados por huellas inicial/final.","d3a266de694bfa228ceeb9e3e67c4e72da99d7500853432d9d08a07a348a7e62","256693fe2d05bb38bb9b87195744e1465b4d0285bc2c10f23ccf077559a982ce"
"DA-00535","B","536","520","tamaño efectivo de población simbionte","tamaño efectivo de población simbionte","PRESENTE","PRESENTE","ACTUALIZADA","Fila final emparejada por identidad de dominio; cambios fijados por huellas inicial/final.","8d17327f59ff751d76c872a55820faab5fd0a5e61122afe91e6935283c65414f","3212581edadce8d36aff1bcf9b81d99a309776194cf463ea91dad81736535527"
"DA-00536","B","537","521","transmisión vertical con cuello de botella","transmisión vertical con cuello de botella","PRESENTE","PRESENTE","ACTUALIZADA","Fila final emparejada por identidad de dominio; cambios fijados por huellas inicial/final.","43aecdee6d57b57c1795991456e73c2c689d680bd1987421ac8ea3db9585a6a5","cf5b4b5b68f6c9c9f6a2f5cf6e0a4ba4e326979f744830856ec718aef9b51287"
"DA-00537","B","538","522","mayor efecto de deriva sobre mutaciones débiles","mayor efecto de deriva sobre mutaciones débiles","PRESENTE","PRESENTE","ACTUALIZADA","Fila final emparejada por identidad de dominio; cambios fijados por huellas inicial/final.","6d22ac12ab45f9fec0e2986306e038aae6d5742b8e481244b230d6bcd473dc34","1ebfa6ead7f640504abd2068a685b7313454c8268553b2d3d08f73e1e2bbe4c8"
"DA-00538","B","539","523","población simbionte pequeña","población simbionte pequeña","PRESENTE","PRESENTE","ACTUALIZADA","Fila final emparejada por identidad de dominio; cambios fijados por huellas inicial/final.","b2f8bffe97e9cad57ec71f4d8e35aa0d6b6d6193c58bfe79e5778e5fa26cd291","2e1e83da2094cba754b16e25f951568d8774f732b78b85bc0eba50a0d60ff848"
"DA-00539","B","540","524","acumulación irreversible de carga mutacional","acumulación irreversible de carga mutacional","PRESENTE","PRESENTE","ACTUALIZADA","Fila final emparejada por identidad de dominio; cambios fijados por huellas inicial/final.","11621c625f6503fc360e395ab43721594a70a404da44790fa69d7315c8edc75f","4cd8456fad13c1227399e551f792dcbf8dc28d18e187f1bee332d5b81cf1933f"
"DA-00540","B","541","525","endosimbionte asexual con reparación reducida","endosimbionte asexual con reparación reducida","PRESENTE","PRESENTE","ACTUALIZADA","Fila final emparejada por identidad de dominio; cambios fijados por huellas inicial/final.","93486cd291381fb7f9f316807d65ff2430426d71e9eecc1db53d66b130c0e34b","4cdf79c05779e7b774b81e63b93c5ffa6318b1bbcf440b62020d4920c13fb703"
"DA-00541","B","542","526","desaceleración posible","desaceleración posible","PRESENTE","PRESENTE","ACTUALIZADA","Fila final emparejada por identidad de dominio; cambios fijados por huellas inicial/final.","804a5319ba5dbc068ea87076e40081fb63efa88449c5ba3b5099f43c3a152598","4e8c241cf28e716417363bb235914fdb0cb5e2cbcc9ce59fac198848366c1f2d"
"DA-00542","B","543","527","trinquete de Muller en endosimbiontes primarios","trinquete de Muller en endosimbiontes primarios","PRESENTE","PRESENTE","ACTUALIZADA","Fila final emparejada por identidad de dominio; cambios fijados por huellas inicial/final.","0ecf398b81e392d7565b3effc390a4b3254b903fdd84e43df244ca72ef32584c","cfc5b62e4b2e8b9a7bbd446d425e8017f1014be03dd1fbb192b7e8ee6b77d288"
"DA-00543","B","544","528","endobacterias hereditarias de hongos de S299","endobacterias hereditarias de hongos de S299","PRESENTE","PRESENTE","ACTUALIZADA","Fila final emparejada por identidad de dominio; cambios fijados por huellas inicial/final.","e5f7474bb9c444428ce1e46600638975b19d4cba01de432bdd4ffc7f89efd16b","11aa8c8c922bedf9411b71a1a123eb54971030ee8cb0fdf40c82461ba7ce0af9"
"DA-00544","B","545","529","recombinación retenida","recombinación retenida","PRESENTE","PRESENTE","ACTUALIZADA","Fila final emparejada por identidad de dominio; cambios fijados por huellas inicial/final.","2efdec46daa6c71585eec6c90947ee608a179f83377e98fc73228f3692e8954e","389e0798cb24aed3c5432769cc5efc421e305bd048c85fb29021de3a1f52c94f"
"DA-00545","B","546","530","genoma mínimo inevitable","genoma mínimo inevitable","PRESENTE","PRESENTE","ACTUALIZADA","Fila final emparejada por identidad de dominio; cambios fijados por huellas inicial/final.","de7b9cf5681291971c57e629592dbc243b4470d3511206846866ba41b91679a4","74ccf35143cc1f0f9212c3c083790151aac5821e27b767a381c20b14793e0c2f"
"DA-00546","B","547","531","reemplazo y diversidad de socios","reemplazo y diversidad de socios","PRESENTE","PRESENTE","ACTUALIZADA","Fila final emparejada por identidad de dominio; cambios fijados por huellas inicial/final.","06c71398504c10d7a551ab6607322d78831109e51fff50f9400c59440d5c29e9","9dff30ba7b38a8e881eb3a57dc997bedc242fedf6816a6e55462da0515455cc1"
"DA-00547","B","548","532","función simbiótica disponible en el ambiente","función simbiótica disponible en el ambiente","PRESENTE","PRESENTE","ACTUALIZADA","Fila final emparejada por identidad de dominio; cambios fijados por huellas inicial/final.","c366e1830a6a22464c59afdd8a161c71903ccfbda612c33d6576cccdc9b6b9e7","e98a90769f9bfa560a698a4de151fa0c5d3e10a6dca9c84c73306d3995c8783b"
"DA-00548","B","549","533","selección por dependencia del socio","selección por dependencia del socio","PRESENTE","PRESENTE","ACTUALIZADA","Fila final emparejada por identidad de dominio; cambios fijados por huellas inicial/final.","f136b2b1cc74c97f634ac496b015c084f35901053713f55761b9ec0c54ebc243","b1b8c1bbaec4af8f2eac520f0b280b4361dad75fa63389cbb9bb4d323eacb06b"
"DA-00549","B","550","534","dependencia funcional","dependencia funcional","PRESENTE","PRESENTE","ACTUALIZADA","Fila final emparejada por identidad de dominio; cambios fijados por huellas inicial/final.","9b40f54f844c5df70ceb2254644404ac1845ce763e2047f78963ce8280875f06","b694e68b6f614f0460593359d37b70749a44434bc809a6295d90a6305832b72d"
"DA-00550","B","551","535","fidelidad taxonómica absoluta","fidelidad taxonómica absoluta","PRESENTE","PRESENTE","ACTUALIZADA","Fila final emparejada por identidad de dominio; cambios fijados por huellas inicial/final.","ba6c9548faf3982fa0cf4e9044d36fc01a7bb94e4af52d240cf848e0931b176a","b9ad18063ab9bc84932630dfb7ccfa5e45144c559d2efcabd79c8ce36783951d"
"DA-00551","B","552","536","dependencia metabólica del hospedador","dependencia metabólica del hospedador","PRESENTE","PRESENTE","ACTUALIZADA","Fila final emparejada por identidad de dominio; cambios fijados por huellas inicial/final.","17a099211be12e130a999ec6db926d864decf25e92de589f1273434bcabb40b0","25a2c2c9f1760cbc14a698504142eeeb470cf098a6f548d012c4208b6fe5888a"
"DA-00552","B","553","537","reducción genómica del simbionte","reducción genómica del simbionte","PRESENTE","PRESENTE","ACTUALIZADA","Fila final emparejada por identidad de dominio; cambios fijados por huellas inicial/final.","2fee97c2d5c7584552ea3010c2d0b6c642a1ae94a850ed88e83dd4c210ca9a25","7e56bb23f45695a69f9ccde3927e62b6c6e9d7ac47e87ed928765ca99c7ad9fd"
"DA-00553","B","554","538","trayectoria de reducción genómica universal","trayectoria de reducción genómica universal","PRESENTE","PRESENTE","ACTUALIZADA","Fila final emparejada por identidad de dominio; cambios fijados por huellas inicial/final.","5f1c7d5e359340f2337fe4658d26c5dbf656886ac130ba3412a21ab2f0249c68","efe43d0d6b00245ccb963dfba42cc84cb5ae94048b4dcba061a05765ad860d27"
"DA-00554","B","555","539","simbiosis obligadas de insectos en Cornwallis et al.","simbiosis obligadas de insectos en Cornwallis et al.","PRESENTE","PRESENTE","ACTUALIZADA","Fila final emparejada por identidad de dominio; cambios fijados por huellas inicial/final.","4f0483bd33d848067c42ebf961cf64aaab97dfcf2ce250cc2de2b84d7197d053","1e2a2ac8834e81584f43de1701fcabd1302950afda1cd933cc29336effd63581"
"DA-00555","B","556","540","baja disponibilidad de vitaminas B","baja disponibilidad de vitaminas B","PRESENTE","PRESENTE","ACTUALIZADA","Fila final emparejada por identidad de dominio; cambios fijados por huellas inicial/final.","c705cb5602cc99acdcee0a6176b23480d004b40e09e6653b4996383d8a59510d","fc8ae6806390fbd271bcbd09c787b5f58ee6ace284690f10d59d7c126fe32fd6"
"DA-00556","B","557","541","fosforilación oxidativa","fosforilación oxidativa","PRESENTE","PRESENTE","ACTUALIZADA","Fila final emparejada por identidad de dominio; cambios fijados por huellas inicial/final.","b9e9ee9162fdcddbcddb72ed1ad2ada4ec4730691f68f4c1701837157f81bf89","850701c827d77811153f2c38ce714804b792101e532079cd47cdd72d4eae7046"
"DA-00557","B","558","542","mitocondria aerobia","mitocondria aerobia","PRESENTE","PRESENTE","ACTUALIZADA","Fila final emparejada por identidad de dominio; cambios fijados por huellas inicial/final.","25114aafd464f00f4bfea2a418a9a9acde4e295e34a5087c5c1594662e9aa383","674148135f187997a321b90d8a81123a277e68e974e0caf46a18181e5f92ff36"
"DA-00558","B","559","NO_APLICA","mitocondria ancestral","NO_APLICA","PRESENTE","RETIRADA","RETIRADA","Instantánea externa y linaje de auditoría; retirada o consolidada sin reasignar silenciosamente la fila.","36cc8f9c8193a0e507cad0a26620c16e7a088e4e4c9ca32f8692f9eed4ce2b53","NO_APLICA"
"DA-00559","B","560","543","orgánulos relacionados con mitocondrias","orgánulos relacionados con mitocondrias","PRESENTE","PRESENTE","ACTUALIZADA","Fila final emparejada por identidad de dominio; cambios fijados por huellas inicial/final.","dc5631af9b8950d67a9123a19af8b24b5f406d536b0a2175d4a235e6fa437e63","8abdb31de45f435167a73960775ceb8432198148b687393e956ed83838f72132"
"DA-00560","B","561","544","mitocondrias productoras de H₂","mitocondrias productoras de H₂","PRESENTE","PRESENTE","ACTUALIZADA","Fila final emparejada por identidad de dominio; cambios fijados por huellas inicial/final.","7e516dc23be6e0f0591a4de264a0101e9edcfadd779cb3b0ee95659e09da6f4a","9dfda520f49c7087b17899bfc4c976abef1048816301f7c481e6cf89c03c1029"
"DA-00561","B","562","545","Nyctotherus ovalis","Nyctotherus ovalis","PRESENTE","PRESENTE","ACTUALIZADA","Fila final emparejada por identidad de dominio; cambios fijados por huellas inicial/final.","d565d37124cbe98636d1a76ed0c8a0e5692c2d36f9c7f719075d66ec852c6a49","26c9065e6095ae88205972560a4a05403a1cf348571eef6ad9d31959760a42dd"
"DA-00562","B","563","546","genoma organelar","genoma organelar","PRESENTE","PRESENTE","ACTUALIZADA","Fila final emparejada por identidad de dominio; cambios fijados por huellas inicial/final.","2f20713f094758e6c0b9feddb7e257b4d6547724f588522bc5015117776d8dad","5af4035cf4b869ac5c7f80520fc35ac03ff09cfb9d287df72d576e75aa49a237"
"DA-00563","B","564","547","mitocondria productora de hidrógeno de Nyctotherus ovalis","mitocondria productora de hidrógeno de Nyctotherus ovalis","PRESENTE","PRESENTE","ACTUALIZADA","Fila final emparejada por identidad de dominio; cambios fijados por huellas inicial/final.","31fbb999952127eefa7e4823744e88b7cc0202755ec67d3c7b08e55de5a56b11","e670d7f64939cd55f6aff9b7ea0098b18f9624e845eed11ff6419cbd150ff3b5"
"DA-00564","B","565","548","cadena respiratoria truncada con complejos I y II","cadena respiratoria truncada con complejos I y II","PRESENTE","PRESENTE","ACTUALIZADA","Fila final emparejada por identidad de dominio; cambios fijados por huellas inicial/final.","69aa2bd3791e97521c14f97e22286b33ae40bf318460e2851db9d1a052413657","cb0ce76952c5c016390c476097792c2c31541c0e553c6e2f8fe897e0658fd17b"
"DA-00565","B","566","549","componentes de complejos III, IV y V","componentes de complejos III, IV y V","PRESENTE","PRESENTE","ACTUALIZADA","Fila final emparejada por identidad de dominio; cambios fijados por huellas inicial/final.","91a08964f3f20a67dc4d05958280a4e71c637a69b0693d4e140a264ec4ad93e3","1cca8bb8857836eef2b8467a5f8797cbaed11ceb7c1185112c7f3f5c4dac4b83"
"DA-00566","B","567","550","respiración con fumarato","respiración con fumarato","PRESENTE","PRESENTE","ACTUALIZADA","Fila final emparejada por identidad de dominio; cambios fijados por huellas inicial/final.","1d48d4db88c86db23e3a07112518441feff6f7b1b478cebe52e1dab22474518a","3a10f51e639f82c67a57e0f61a9f7e97fbe5deae311cda661106377d13dcd0e9"
"DA-00567","B","568","551","metanógenos asociados a mitocondrias productoras de H₂","metanógenos asociados a mitocondrias productoras de H₂","PRESENTE","PRESENTE","ACTUALIZADA","Fila final emparejada por identidad de dominio; cambios fijados por huellas inicial/final.","a31ccb736116dcdccb18f6af37e926e1c015813ed1fe44d6b3806c15c0914121","cad0d4b7afece4416bfdd955a5f216541d91b4e78769a4908cb61d3f67c388d2"
"DA-00568","B","569","552","intermedio funcional entre mitocondrias aerobias e hidrogenosomas sin genoma","intermedio funcional entre mitocondrias aerobias e hidrogenosomas sin genoma","PRESENTE","PRESENTE","ACTUALIZADA","Fila final emparejada por identidad de dominio; cambios fijados por huellas inicial/final.","2c6ce130331a572d990da371473fcb60a61262c8602feec903c60691e3e9e6ab","ba03514d2eb5bcba262bf83383e7576918d83494cd91f0ff52d70b4a15c12f54"
"DA-00569","B","570","553","genoma y traducción organelar","genoma y traducción organelar","PRESENTE","PRESENTE","ACTUALIZADA","Fila final emparejada por identidad de dominio; cambios fijados por huellas inicial/final.","c9bd0d4108c590ce7ae0c84a4db86f4f7d6cabcc5b5c4b69d85a88aaa090f43e","2c604f38067261d798bd103b294f5113d6bb639cdf75bc6dc0b4ea654f8f1ab0"
"DA-00570","B","571","554","hidrogenosoma de Trichomonas vaginalis","hidrogenosoma de Trichomonas vaginalis","PRESENTE","PRESENTE","ACTUALIZADA","Fila final emparejada por identidad de dominio; cambios fijados por huellas inicial/final.","2d19056b8b513b1393500fe1eb34412c10ede1b99c2a3275a3cf8126d78db81e","244dda3b95228e9bd9f6d6e68eec63ccc72b02eff63cb67e2be913d682365b1b"
"DA-00571","B","572","555","fermentación de piruvato con H₂, CO₂ y acetato","fermentación de piruvato con H₂, CO₂ y acetato","PRESENTE","PRESENTE","ACTUALIZADA","Fila final emparejada por identidad de dominio; cambios fijados por huellas inicial/final.","434ae439115037aac3748c6aaccce76d377cd5a21225e657f34d7bca12746eea","221df2805335214129be62eb482ac137cf6900b46f3cbfeec65d3149fb319b73"
"DA-00572","B","573","556","ATP por fosforilación a nivel de sustrato","ATP por fosforilación a nivel de sustrato","PRESENTE","PRESENTE","ACTUALIZADA","Fila final emparejada por identidad de dominio; cambios fijados por huellas inicial/final.","4e2e78b9efebe20584968cc48b740504c34d325f41e6d4dfd4eff69ed63af0c4","6a4ec73a50809dccdd410ef88bcba8638d77597b9145d71041bdc89a369e51ae"
"DA-00573","B","574","557","proteoma totalmente importado","proteoma totalmente importado","PRESENTE","PRESENTE","ACTUALIZADA","Fila final emparejada por identidad de dominio; cambios fijados por huellas inicial/final.","f26af6ed3a782746c669964877835af221095dca78d157386d03ecbe42c7e3c6","9eb5bd065566b1f1f898e5c4ea1fb68a57b3821807f6e378f34ac5a3692173ac"
"DA-00574","B","575","558","30 proteínas localizadas; 226 candidatos con presecuencia","30 proteínas localizadas; 226 candidatos con presecuencia","PRESENTE","PRESENTE","ACTUALIZADA","Fila final emparejada por identidad de dominio; cambios fijados por huellas inicial/final.","fec9b20d9a0e9f7724b5c9e00490107048b691a546b60abc919cacddaa9f1f1c","77a5a1ef4ab2cca0636efc12caa5f8641a75eba0169df8cfa8039c7c154e3523"
"DA-00575","B","576","559","proteoma hidrogenosomal de Trichomonas vaginalis","proteoma hidrogenosomal de Trichomonas vaginalis","PRESENTE","PRESENTE","ACTUALIZADA","Fila final emparejada por identidad de dominio; cambios fijados por huellas inicial/final.","14e0f4dcf427a22a1463c4aaab09b7543e0e3a9c2a4a5c3eae8b49dba76c823b","132124519bd24345c0bc15f2ab8a0fc49c56c801e0267c63ced84c5612246f5e"
"DA-00576","B","577","560","50–200 nm","50–200 nm","PRESENTE","PRESENTE","ACTUALIZADA","Fila final emparejada por identidad de dominio; cambios fijados por huellas inicial/final.","0b54d70cdd6c2be9d814cd482b2336a54c569691517e422685284f5ec9a90553","62d88216bc5003f943abd355e3b799f3257f970667ab1e55115d46509da367e6"
"DA-00577","B","578","561","mitosoma de Giardia intestinalis","mitosoma de Giardia intestinalis","PRESENTE","PRESENTE","ACTUALIZADA","Fila final emparejada por identidad de dominio; cambios fijados por huellas inicial/final.","f8078ac5e4b1d4e6ef0b12f3b2f96fb4b141a1d6d797ba65464ef01e118cf4eb","663f49605de9f4dfbb42d346806d86598ecd91cfca681468cd26886750946cc1"
"DA-00578","B","579","562","aproximadamente 40 mitosomas por célula","aproximadamente 40 mitosomas por célula","PRESENTE","PRESENTE","ACTUALIZADA","Fila final emparejada por identidad de dominio; cambios fijados por huellas inicial/final.","7ba415f2aa33c19ed18c3f15fe6d364e2ccbf267b1ab66420c42c13b57a015c3","ffec30dd522b978f82bd33b2ef8288cee5fb92565d7c0445fe6f7ca788a2f9f9"
"DA-00579","B","580","563","Giardia intestinalis","Giardia intestinalis","PRESENTE","PRESENTE","ACTUALIZADA","Fila final emparejada por identidad de dominio; cambios fijados por huellas inicial/final.","98595226e3e48746d4ebe6c563e8e7bbe9e1321bdf65e41682975800da3031bc","478c387a1a43a977219d8758ad5db601f26c17f3c31c973b79dc7dd89335ac55"
"DA-00580","B","581","564","producción de ATP","producción de ATP","PRESENTE","PRESENTE","ACTUALIZADA","Fila final emparejada por identidad de dominio; cambios fijados por huellas inicial/final.","e9c99e8c5a25e2690ebdfced17f0bc5de65c1af1a428ae5102143518b0515858","381aea50cdc7f48a6df20767d1dae18bda631e903fc35b0e598e7a8f34270711"
"DA-00581","B","582","565","maquinaria ISC de Fe–S","maquinaria ISC de Fe–S","PRESENTE","PRESENTE","ACTUALIZADA","Fila final emparejada por identidad de dominio; cambios fijados por huellas inicial/final.","2a73d50e532786afaa383beb298145b9a840eca265791681bba6bbbb86ad211b","a523e2bd17f9db40fc9f517e781bb0846a8d45b3391b4a8958c0986dccd977fd"
"DA-00582","B","583","566","activación de sulfato","activación de sulfato","PRESENTE","PRESENTE","ACTUALIZADA","Fila final emparejada por identidad de dominio; cambios fijados por huellas inicial/final.","0b8ab08ac6651930b4471bd0ca229d3835f65d2c916907d0132d451f638105f4","d4b3e5363098bac12aba861191b9af60f3361678b25f6e7fad1ded74278023d8"
"DA-00583","B","584","567","mitosoma de Entamoeba histolytica","mitosoma de Entamoeba histolytica","PRESENTE","PRESENTE","ACTUALIZADA","Fila final emparejada por identidad de dominio; cambios fijados por huellas inicial/final.","57940d780611f5adbb03f1fc8cb9f85b1154b78288ba51996f164a3967b2b453","7e5a029409a88dc6f89a6febbc534f75067db7c42a39b00a89facc4c055bb7e3"
"DA-00584","B","585","568","mitosoma de Giardia limitado a ISC","mitosoma de Giardia limitado a ISC","PRESENTE","PRESENTE","ACTUALIZADA","Fila final emparejada por identidad de dominio; cambios fijados por huellas inicial/final.","772e5a2bf8938c04737fe68f22116d0e2d3b7aa669235e10ba37dc6fba4add2d","aaff67f64826ce9a87a09c07d248df9eb672c22c9cc29a20eba226445a1087ef"
"DA-00585","B","586","569","maquinaria ISC funcional","maquinaria ISC funcional","PRESENTE","PRESENTE","ACTUALIZADA","Fila final emparejada por identidad de dominio; cambios fijados por huellas inicial/final.","af443ac9d1282f98e399b3ba5b7f53cb24d0478275472391d006ea76dc26919d","3a8a1e018d84deebfc00cc7084b146b7d93685c6a4647f00103b52bd350007e0"
"DA-00586","B","587","570","mitosoma microsporidiano","mitosoma microsporidiano","PRESENTE","PRESENTE","ACTUALIZADA","Fila final emparejada por identidad de dominio; cambios fijados por huellas inicial/final.","e0422c24e0b1769192b9070a54d8ecda70c3370ccd36b33dfab9f0c0d64984ca","1e4e44bcd136d7dc218a1175f0b3ee09f93495c32c2225ed253225cbc604df9a"
"DA-00587","B","588","571","componentes ISC colocalizados","componentes ISC colocalizados","PRESENTE","PRESENTE","ACTUALIZADA","Fila final emparejada por identidad de dominio; cambios fijados por huellas inicial/final.","f66fcf10a8845f8a3d0f943340e76fcd7bb99632d4ea2715765afb908f703702","5957a49bfa3dddfcbb01e1daebd80684db552dc31f4aabf6e2f76c3ebd0228b0"
"DA-00588","B","589","572","mitosoma de Encephalitozoon cuniculi","mitosoma de Encephalitozoon cuniculi","PRESENTE","PRESENTE","ACTUALIZADA","Fila final emparejada por identidad de dominio; cambios fijados por huellas inicial/final.","9cc2983fa58f92709cf3e84cc8f5035b38b662f1b9a644a6f139e1d06003216a","1a4cee1370558181bf117f55372227fe9c7ddcf5bb9d42bbbaa76b8af4e87470"
"DA-00589","B","590","573","maquinaria ISC distribuida entre mitosoma y citosol","maquinaria ISC distribuida entre mitosoma y citosol","PRESENTE","PRESENTE","ACTUALIZADA","Fila final emparejada por identidad de dominio; cambios fijados por huellas inicial/final.","ebe1ad0f1bdd45e74f0e6a7f501d143cb18227e3f23f9737fb794421f9226728","db1e8ef90d1426ae41d73f15a922ed563bb36fc13da41170a295f5c0ac82f9ba"
"DA-00590","B","591","574","Trachipleistophora hominis","Trachipleistophora hominis","PRESENTE","PRESENTE","ACTUALIZADA","Fila final emparejada por identidad de dominio; cambios fijados por huellas inicial/final.","b416ecc0e864f878d2a511a4aed86b898ce628b2c4a692657df5697663e14498","413d4511520c2535c0de4df188c6c9217fb9b94a71afc619cc31b15520b3f6b8"
"DA-00591","B","592","575","diversidad entre mitosomas reducidos","diversidad entre mitosomas reducidos","PRESENTE","PRESENTE","ACTUALIZADA","Fila final emparejada por identidad de dominio; cambios fijados por huellas inicial/final.","89b863be4708d00009138e4dcfebe1d26a9bdbce8e242bf70c3468e798e3e93b","e13a658f35445edc4b30139f616ac44e55892281d83121ce4182cc65c94dd649"
"DA-00592","B","593","576","mitocondria o MRO detectable","mitocondria o MRO detectable","PRESENTE","PRESENTE","ACTUALIZADA","Fila final emparejada por identidad de dominio; cambios fijados por huellas inicial/final.","bf29baa182bc7aac85aca16f80981f21b90bdb5222be07f6e5c7753c16ed33db","f2185049de47283ef55a7a3aabf709c160b89cb2601f2adaa69187f5cc7cf4aa"
"DA-00593","B","594","577","sistema SUF bacteriano citosólico","sistema SUF bacteriano citosólico","PRESENTE","PRESENTE","ACTUALIZADA","Fila final emparejada por identidad de dominio; cambios fijados por huellas inicial/final.","f8a520e239f31475689823ea1ba98ee2f9bd7976ccb6588315056289b00b744c","a3bbd809de7370a333f57aba253d0628b40af2549ea96011358e968de8cc68fc"
"DA-00594","B","595","578","actividad funcional de maduración Fe–S","actividad funcional de maduración Fe–S","PRESENTE","PRESENTE","ACTUALIZADA","Fila final emparejada por identidad de dominio; cambios fijados por huellas inicial/final.","42780dfd4ef8f181cd7eb7d84b1fb85ce6be235a017abb0efd857a3b3bc9420c","eae3107cb3236d1d240d4ff43c50b75d1c889bf65d74d939527eb25ccb2556b7"
"DA-00595","B","596","579","sistema SUF de Monocercomonoides exilis","sistema SUF de Monocercomonoides exilis","PRESENTE","PRESENTE","ACTUALIZADA","Fila final emparejada por identidad de dominio; cambios fijados por huellas inicial/final.","32c80ca759baf4fef6a07d06ea3f7a0cb8b751b308736f868cc56536ccc9af78","7ed0fe28995253cf836f37b67ac21416a0f849d5ee3fecf05be3d2622f3e2b3a"
"DA-00596","B","597","580","preadaptación para pérdida mitocondrial","preadaptación para pérdida mitocondrial","PRESENTE","PRESENTE","ACTUALIZADA","Fila final emparejada por identidad de dominio; cambios fijados por huellas inicial/final.","3fbf1b4004aa6470105229c47df24067f6535a505fbb5c3d84c0e0ec780651b0","3c41565945196f63e656687d08f9390d8168099349d6af508473214fd1f6b6a1"
"DA-00597","B","598","581","sistema SUF de Monocercomonoides","sistema SUF de Monocercomonoides","PRESENTE","PRESENTE","ACTUALIZADA","Fila final emparejada por identidad de dominio; cambios fijados por huellas inicial/final.","3fb63db401b26d3fbb83cf3f27ab7578892086ca22c5809d2fd650b7dacceeee","bb72cf8b5ceb3dbfaee40f9f568da76b09ff42433d4e9708b56283acd2e51635"
"DA-00598","B","599","582","genoma mitocondrial","genoma mitocondrial","PRESENTE","PRESENTE","ACTUALIZADA","Fila final emparejada por identidad de dominio; cambios fijados por huellas inicial/final.","326ed7eaa605da1c0a3ea27676906a3dbdd72c2b0bc69a499a9e489f7046a6e8","72a8533629e48bbabf4277a3216e4e8ababe454fde8aad719e5e35015b105ffa"
"DA-00599","B","600","583","Henneguya salminicola","Henneguya salminicola","PRESENTE","PRESENTE","ACTUALIZADA","Fila final emparejada por identidad de dominio; cambios fijados por huellas inicial/final.","7923cf9c6187caf4b3db70f1b36db5468e300d632f975c5caa94c549961fc10b","d24166e75e643e66d1d4be85393623c2cbdce69d453431ceb40db32c10f555ef"
"DA-00600","B","601","584","maquinaria nuclear de mantenimiento de mtDNA","maquinaria nuclear de mantenimiento de mtDNA","PRESENTE","PRESENTE","ACTUALIZADA","Fila final emparejada por identidad de dominio; cambios fijados por huellas inicial/final.","4ecddfb77fef1393bb9e9eac536b478d299564ff93d377ba29e536f7d6becd60","9705ab52f9e1ad688367688d7711b5aaf4e9fa3ed4a5a00352c019cd048741ab"
"DA-00601","B","602","585","MRO sin genoma mitocondrial","MRO sin genoma mitocondrial","PRESENTE","PRESENTE","ACTUALIZADA","Fila final emparejada por identidad de dominio; cambios fijados por huellas inicial/final.","e52c71f148b7bb2a122aad060f0dba176846c38efc749cc185ab0dc6f4eb2585","39876bce0ad07b1f2f73a722bae6abddd06f95d85b8a8e846970b043cf78fa80"
"DA-00602","B","603","586","pérdida de mtDNA","pérdida de mtDNA","PRESENTE","PRESENTE","ACTUALIZADA","Fila final emparejada por identidad de dominio; cambios fijados por huellas inicial/final.","7a915fcb8849509446aa8aa542fa83e521157b0effacd0b1500e7ab25a9c624f","f1b8db5c99b99eb9893d165180ee0d45e1898c4c16430c7ef52004db704f6f8e"
"DA-00603","B","604","587","pérdida del orgánulo","pérdida del orgánulo","PRESENTE","PRESENTE","ACTUALIZADA","Fila final emparejada por identidad de dominio; cambios fijados por huellas inicial/final.","d4b798e5729ba731d89048d59a944168ef088fad73d6a69447a7162c81ed473f","05a1bf2e877f530a48933ed4e68065138146987cb697b468736b6b1dd27d992d"
"DA-00604","B","605","588","múltiples trayectorias convergentes","múltiples trayectorias convergentes","PRESENTE","PRESENTE","ACTUALIZADA","Fila final emparejada por identidad de dominio; cambios fijados por huellas inicial/final.","8476a41954f9f4b5ac494c6effa6fdfa09536415c94070e4bbb06de75a8a42d0","4fc7e1b05d647cdb5ce7563a1519fe14551a579af482f7ae0b6d4e9693c990bd"
"DA-00605","B","606","589","reducción mitocondrial","reducción mitocondrial","PRESENTE","PRESENTE","ACTUALIZADA","Fila final emparejada por identidad de dominio; cambios fijados por huellas inicial/final.","13b39058721f693548161fdd8d336354c7c3c7dc863c70c9856d5366f3d8db8d","0c4bfda841b7779d7f44aca6758116c368b99c5e2a2606bd188a91cde138d44e"
"DA-00606","B","607","590","rendimiento energético del gradiente mitocondrial","rendimiento energético del gradiente mitocondrial","PRESENTE","PRESENTE","ACTUALIZADA","Fila final emparejada por identidad de dominio; cambios fijados por huellas inicial/final.","73dbd387032b00d52bbebf295568605e8c4c1b39f1caf93f29fed2d75e41c955","2cf4ffa6f0ae4ba3b9fbe76a89399d2084b757fe615945062f47e7126d23e7c3"
"DA-00607","B","608","591","1 o 2–67 genes codificantes de proteínas","1 o 2–67 genes codificantes de proteínas","PRESENTE","PRESENTE","ACTUALIZADA","Fila final emparejada por identidad de dominio; cambios fijados por huellas inicial/final.","d84f804c300af3e3418dad34d8b6e07619f6bef940e06adb8c8f8b9db30693da","1fef1385004e6c6e4c6b1c2598236af5299dcce48c082d6e67d5dfcda0e720fb"
"DA-00608","B","609","592","contenido proteico de genomas mitocondriales","contenido proteico de genomas mitocondriales","PRESENTE","PRESENTE","ACTUALIZADA","Fila final emparejada por identidad de dominio; cambios fijados por huellas inicial/final.","b95427f2be4c9e8b44b431beb7aa6f81a17af247e781748209aeb8fe8840386d","7145c9cf954e1e6fe7b39ff5e3d8550a0a46b73dc88b10d543565273c7ac8499"
"DA-00609","B","610","593","hipótesis CoRR","hipótesis CoRR","PRESENTE","PRESENTE","ACTUALIZADA","Fila final emparejada por identidad de dominio; cambios fijados por huellas inicial/final.","082b92c9a4ff996e9b4b2a305cf13d06ca11dde0d5ab3866c68687f777e05cf2","1514e01bac2558fc6ea5d95c1205d614717f3d37e701d5b1bd67aea3bf41071e"
"DA-00610","B","611","594","retención genómica para control redox local","retención genómica para control redox local","PRESENTE","PRESENTE","ACTUALIZADA","Fila final emparejada por identidad de dominio; cambios fijados por huellas inicial/final.","b31a1501658354b099ef0461be6db3985b60dfe94c40efdfd7180482cdb525a8","9da3fcfd3cde05e0cfd093d69a4dc545a8b222c6b13e9dedc8c3f1f7ff4cc0f1"
"DA-00611","B","612","595","hipótesis de hidrofobicidad","hipótesis de hidrofobicidad","PRESENTE","PRESENTE","ACTUALIZADA","Fila final emparejada por identidad de dominio; cambios fijados por huellas inicial/final.","26f9d201c4882622155f510032a0a13abb30166a63c3579516415d2d5ab5baab","b58040fc8c8389b1a2b0bccb439058e317563b4467473fb841b79eaeac609fb7"
"DA-00612","B","613","596","retención de genes que codifican proteínas difíciles de importar","retención de genes que codifican proteínas difíciles de importar","PRESENTE","PRESENTE","ACTUALIZADA","Fila final emparejada por identidad de dominio; cambios fijados por huellas inicial/final.","1c6f4ffcefcbb75febc92dc800e099f438cbce550612dc145a594ee2218aa614","6a8c631bea5c06b3d6896037d83774d31bbea40ba732cbb6d182232236c377a9"
"DA-00613","B","614","597","análisis de 2.015 genomas","análisis de 2.015 genomas","PRESENTE","PRESENTE","ACTUALIZADA","Fila final emparejada por identidad de dominio; cambios fijados por huellas inicial/final.","9b1cca7c97140f4f43abe7cf84b66cb79709e24f91d746865677521bb50dd9b1","d852d8744280d3b3e86e3a597a30cfad790c029f72eaf5f52b840a81a75afd75"
"DA-00614","B","615","598","retención génica mitocondrial","retención génica mitocondrial","PRESENTE","PRESENTE","ACTUALIZADA","Fila final emparejada por identidad de dominio; cambios fijados por huellas inicial/final.","b5e1feebd7bc0075f9db246e0df0f1cb59b35232734017e1af8b6c5347f6a14c","0a31e65cfc0a852dfd93857b4d0bda81d5fbeaa4a2acb38a77c86278e4f3e4d5"
"DA-00615","B","616","599","hipótesis de código genético divergente","hipótesis de código genético divergente","PRESENTE","PRESENTE","ACTUALIZADA","Fila final emparejada por identidad de dominio; cambios fijados por huellas inicial/final.","ef6843f45533fd092744d4bbfb35ac095f38d76373602e89f5eb88fafaefac39","75fd4e040b69390a58c540145d43b743eddb63b2725480fee1ba8fff51538ac5"
"DA-00616","B","617","600","retención de genes por incompatibilidad de traducción","retención de genes por incompatibilidad de traducción","PRESENTE","PRESENTE","ACTUALIZADA","Fila final emparejada por identidad de dominio; cambios fijados por huellas inicial/final.","2a08e9a8597b89d0d8aa720804da3be1f6f9db59a0cd695309591cac92f0fab6","ed02084fa6dfb11a54420d768fe5e108127c9218e6ffdab5a2337c81ca3c3bc5"
"DA-00617","B","618","601","hipótesis de retención mitocondrial","hipótesis de retención mitocondrial","PRESENTE","PRESENTE","ACTUALIZADA","Fila final emparejada por identidad de dominio; cambios fijados por huellas inicial/final.","42d41f67e57c4e05cee33c125366874a632b14adc9ff2fb3fe5feea98149a2d2","40815b5fbdf46f03f3da75fdc009d8d81d2511c742be802bbccab6cbcbaffa2c"
"DA-00618","B","619","602","múltiples causas simultáneas","múltiples causas simultáneas","PRESENTE","PRESENTE","ACTUALIZADA","Fila final emparejada por identidad de dominio; cambios fijados por huellas inicial/final.","660fa2a30a7ea91c50737490477bd09c08db48f47c4d98a5d02fd5d826016ce6","05f147007c2b59b9d72ea2f6bec882e3c1cb5ec7fbcce424d2a49460672f435a"
"DA-00619","B","620","603","genes de origen mitocondrial","genes de origen mitocondrial","PRESENTE","PRESENTE","ACTUALIZADA","Fila final emparejada por identidad de dominio; cambios fijados por huellas inicial/final.","aecf4002217bcbbcd1f1a991bf19641d1a85a925ebcdfd7758386cb29a004d18","ed0e2fc1e2dcc38459e3ace5d313560fb921c0b8232dda02dd5ac869c967d2e0"
"DA-00620","B","621","604","genoma nuclear eucariota","genoma nuclear eucariota","PRESENTE","PRESENTE","ACTUALIZADA","Fila final emparejada por identidad de dominio; cambios fijados por huellas inicial/final.","c55332b081d17f31ff70492682d2be8c7c6700d22f0929aa207952a53ce77b56","2b53b0d46c486033d042d93338d74c4d73db4653f82b746f938b679e3c5e6e60"
"DA-00621","B","622","605","no existe recuento único directo","no existe recuento único directo","PRESENTE","PRESENTE","ACTUALIZADA","Fila final emparejada por identidad de dominio; cambios fijados por huellas inicial/final.","426801faf7730203fb62c5b4a4c60f4b535710cd5553d9434b8b0a6b68279449","759ca16f42c97f7533ea72f5e20c2ed4fc4005ebbc00e9598c6753757dd497f8"
"DA-00622","B","623","606","número total de EGT mitocondrial ancestral","número total de EGT mitocondrial ancestral","PRESENTE","PRESENTE","ACTUALIZADA","Fila final emparejada por identidad de dominio; cambios fijados por huellas inicial/final.","26ad09f52898556ca8276083c661e3b006c9869271f080159f89211e5e72f9dd","536ee8493296d1bc1d53210eb85558d6700edeb36ed73ed529fc6105fb78f8a3"
"DA-00623","B","624","607","importación mediante TOM/TIM","importación mediante TOM/TIM","PRESENTE","PRESENTE","ACTUALIZADA","Fila final emparejada por identidad de dominio; cambios fijados por huellas inicial/final.","a12b708675ebc869369ad1294f8011b9ef45840c4a432881d66fd364e0ff8275","15387457d2373c5a5c498b74db86f2a23f11dcbee84eadcb8112b62058e8b7a7"
"DA-00624","B","625","608","proteína mitocondrial nuclear","proteína mitocondrial nuclear","PRESENTE","PRESENTE","ACTUALIZADA","Fila final emparejada por identidad de dominio; cambios fijados por huellas inicial/final.","160841ce130dbcd690122c1f24c1dc205ad34fa6d7faba1419b355b434033aeb","0a3d9fa954dffe161ffdc8ae26a84c29134385edf7fe90c27772c6197c2b5c01"
"DA-00625","B","626","609","secuencia de destino y maquinaria de importación","secuencia de destino y maquinaria de importación","PRESENTE","PRESENTE","ACTUALIZADA","Fila final emparejada por identidad de dominio; cambios fijados por huellas inicial/final.","a077cd1e7e4652f66d12caf9138aa48c4f3a46b0413f52ba7b0ec9201ce7aaaa","2d31b988afa68dc6efaf1fa6f401b5cf4f18b9b30dce616551cd19b13bd926f9"
"DA-00626","B","627","610","transferencia génica endosimbiótica mitocondrial","transferencia génica endosimbiótica mitocondrial","PRESENTE","PRESENTE","ACTUALIZADA","Fila final emparejada por identidad de dominio; cambios fijados por huellas inicial/final.","cb28c548c17ed7ba3bbe71054c67e0e7323b4425c41358d4132bd38f99ce931d","4344142445e1307f48f4f51a4e3bdbf3936d0ae2761ab0473d212ba4e3fc49b4"
"DA-00627","B","628","611","elemento mitocondrial egoísta","elemento mitocondrial egoísta","PRESENTE","PRESENTE","ACTUALIZADA","Fila final emparejada por identidad de dominio; cambios fijados por huellas inicial/final.","83b2b8a5364f40554ea985eb548eb8b419bce222cd1bb257a4552e497aeeafb0","cdf9a17a66cb0eac7b3b6ecbd67d7b70cb39d401a00914b2591001c9f6ad7324"
"DA-00628","B","629","612","ventaja de replicación intracelular con coste celular","ventaja de replicación intracelular con coste celular","PRESENTE","PRESENTE","ACTUALIZADA","Fila final emparejada por identidad de dominio; cambios fijados por huellas inicial/final.","ba57f1b2510279255d272ba6b5a0b9fd4f12c4905eb464c9bd3dfb91a8dce390","93757b6a4b1db005e2187de5032da9cd4b068160a9a75ee809e0bd75c085b699"
"DA-00629","B","630","613","mtDNA petite hipersupresivo","mtDNA petite hipersupresivo","PRESENTE","PRESENTE","ACTUALIZADA","Fila final emparejada por identidad de dominio; cambios fijados por huellas inicial/final.","3af4a189a20bfd6e56f979f31cf7d529cde959004eb7287cc0e8674e890d3a59","1c40dcbd7c70a811c6589de7c986c7f2adfedd09e677428ec154f6d02b821cc9"
"DA-00630","B","631","614","mtDNA respiratorio de levadura","mtDNA respiratorio de levadura","PRESENTE","PRESENTE","ACTUALIZADA","Fila final emparejada por identidad de dominio; cambios fijados por huellas inicial/final.","386c0709a219aac038b5508383f68445056130c47db81bcd0e0bf917f2c5b67e","fa54ed37dce3570fbaa1ba0547bbb4eb1a367ced1715dde463cb2a0045bc94ae"
"DA-00631","B","632","615","cruzamientos de levadura con mtDNA hipersupresivo","cruzamientos de levadura con mtDNA hipersupresivo","PRESENTE","PRESENTE","ACTUALIZADA","Fila final emparejada por identidad de dominio; cambios fijados por huellas inicial/final.","661d60b966aed494afb0878c718ab535bb2987ae6f4f0d71fc0a17fca3d7fe9d","436638e112a2baf4f58e6002fe9607d3695193c88e4010bb1f3d2b733ce72ed3"
"DA-00632","B","633","616","más de 95 % de colonias respiratoriamente deficientes","más de 95 % de colonias respiratoriamente deficientes","PRESENTE","PRESENTE","ACTUALIZADA","Fila final emparejada por identidad de dominio; cambios fijados por huellas inicial/final.","b7bd4af8cb3ab95501a8156908b535a62c2dbdc42af9a31d0590a75b8326eef8","e789e9609ddd566932a06041f4741f1c490020d5ada67938dc176c5be3852e92"
"DA-00633","B","634","617","herencia uniparental","herencia uniparental","PRESENTE","PRESENTE","ACTUALIZADA","Fila final emparejada por identidad de dominio; cambios fijados por huellas inicial/final.","834f353646865e975adaf01f2e1123439f75efea2c906f3b0e218bcd5538865f","7cffed612c7ce7b8a8b9e3bab2826d243fa58b374eef8863e0bf76eecd67c346"
"DA-00634","B","635","618","heteroplasmia biparental inicial","heteroplasmia biparental inicial","PRESENTE","PRESENTE","ACTUALIZADA","Fila final emparejada por identidad de dominio; cambios fijados por huellas inicial/final.","c2f7650c855334e0cf69cf9541e283e94bd65d59f923b35d30b789230a83932f","40084d1c7fb22cd304ef798579f8289f3a88b432968f839606b1e9935dc3fa7d"
"DA-00635","B","636","619","origen exclusivo por conflicto citoplasmático","origen exclusivo por conflicto citoplasmático","PRESENTE","PRESENTE","ACTUALIZADA","Fila final emparejada por identidad de dominio; cambios fijados por huellas inicial/final.","a553338b33f31e9d2b17f40d3efa7a037c095193af404c9a4675d2a70b683dfe","d5c68e2e6eee4cf953bd2869eeffb8b99c7dd3a03b34d765487e3e9830080ae1"
"DA-00636","B","637","620","cuello de botella mitocondrial germinal","cuello de botella mitocondrial germinal","PRESENTE","PRESENTE","ACTUALIZADA","Fila final emparejada por identidad de dominio; cambios fijados por huellas inicial/final.","bb8e21bd355cb7f4cad25ac587195f5166b69cfdeb2b7e1e4a8434afa0986c9a","5f9c57e7034bd06dfc3b4dcc8080f456f0e1a9724625758fb970023b44a5d5b9"
"DA-00637","B","638","621","mayor varianza entre descendientes","mayor varianza entre descendientes","PRESENTE","PRESENTE","ACTUALIZADA","Fila final emparejada por identidad de dominio; cambios fijados por huellas inicial/final.","5dfb0d3af7994c57beed09300fb596f99f2f3d9be4ae18dcbee4c6aa5ff86579","7993ed145b1deeb3e74545ade6074332497e6cfa124fc61e637db5e9a245e5bd"
"DA-00638","B","639","622","selección purificadora entre linajes celulares u organismos","selección purificadora entre linajes celulares u organismos","PRESENTE","PRESENTE","ACTUALIZADA","Fila final emparejada por identidad de dominio; cambios fijados por huellas inicial/final.","bd4b065fd3bae7ca9058a86ae5c2528898f3301dba7cb981146454b68d72f753","1a13026004f12c6d8f5ce78ea556c4a66f4556446b23c4651115ce71fe4cd40a"
"DA-00639","B","640","623","coexistencia de más de un genotipo mitocondrial","coexistencia de más de un genotipo mitocondrial","PRESENTE","PRESENTE","ACTUALIZADA","Fila final emparejada por identidad de dominio; cambios fijados por huellas inicial/final.","070acebe5ee13b6bcbd36bd8e701f23171b33db86b4ad85dc56b696c3311789c","df460cc7180afa4cb3f715e80bce9f8300b45fbbea9ec7ceda61f1a644212dd9"
"DA-00640","B","641","624","heteroplasmia","heteroplasmia","PRESENTE","PRESENTE","ACTUALIZADA","Fila final emparejada por identidad de dominio; cambios fijados por huellas inicial/final.","ec863a006db12adf760dd29795d0806fc0d8e69bae26f18730aaeb7bcade54d9","435e3dde212cf9b2d09c274bd2d25d69cedceae4029323f8418ece25f5b542a3"
"DA-00641","B","642","625","carga mitocondrial sesgada contra machos","carga mitocondrial sesgada contra machos","PRESENTE","PRESENTE","ACTUALIZADA","Fila final emparejada por identidad de dominio; cambios fijados por huellas inicial/final.","b7467cf7c93dd160123e95574110c93e4abbb2d5d4ab2a502e6cc3fa88af012b","e8d38eb78b7c891b592c5aa2601e09e1a293013788349ee9f4bc32747b93b212"
"DA-00642","B","643","626","hipótesis de la maldición de la madre","hipótesis de la maldición de la madre","PRESENTE","PRESENTE","ACTUALIZADA","Fila final emparejada por identidad de dominio; cambios fijados por huellas inicial/final.","35cfd1604a012d69c66160f70cf222855976e6097457c109ee5e189938ad2e49","a8fb5b17f965ecdfcca0ab9f0f1488d0ac6b420eed28ac5c0ddeb4e4e6c08b1f"
"DA-00643","B","644","627","9 × 9 = 81 genotipos","9 × 9 = 81 genotipos","PRESENTE","PRESENTE","ACTUALIZADA","Fila final emparejada por identidad de dominio; cambios fijados por huellas inicial/final.","208a3a112f79f87c807944329fbe1f93152b68b3dc976eec3e108b7935148ee4","85b359df794c325e2d601144f10a85637e2de9860a32774ef9be33025db15c9c"
"DA-00644","B","645","628","panel mitonuclear de Drosophila","panel mitonuclear de Drosophila","PRESENTE","PRESENTE","ACTUALIZADA","Fila final emparejada por identidad de dominio; cambios fijados por huellas inicial/final.","db60071e228acb589231074ba937aea2336e1eec1505073498d8cc40126a088a","e7f57afd9cbd0dbb6fd7214c6a3092fc3ff77a9ab6a486208b74c1fcf21bca19"
"DA-00645","B","646","629","8 de 9 fondos con mayor varianza masculina","8 de 9 fondos con mayor varianza masculina","PRESENTE","PRESENTE","ACTUALIZADA","Fila final emparejada por identidad de dominio; cambios fijados por huellas inicial/final.","3bd6032406f80d5e6cbde471767723d3008b9d0a1738a8c8e34ed581c35a475c","fbf1a00dc2af14b28ee121dd99d4a031ce7eda93481c237c3e1c62760e176edc"
"DA-00646","B","647","630","ausencia de carga mutacional masculina global detectable","ausencia de carga mutacional masculina global detectable","PRESENTE","PRESENTE","ACTUALIZADA","Fila final emparejada por identidad de dominio; cambios fijados por huellas inicial/final.","6d9dd985874b6472d933d8d4853e96ebea2628e479b453793131de002534bcd3","d96807fb3a16e322b3f73bd3e42bb2b1b2b08548d746037ef1bd862ec9491537"
"DA-00647","B","648","631","UK Biobank y maldición de la madre","UK Biobank y maldición de la madre","PRESENTE","PRESENTE","ACTUALIZADA","Fila final emparejada por identidad de dominio; cambios fijados por huellas inicial/final.","e99e71eb63f7383002de6d77ef286bfa673abd8e5612f0e05738db3f04fd735f","de678a7007cd463ae70b6f69df49057862c37f81625e89f0c842c7cdeed016fa"
"DA-00648","B","649","632","evidencia mixta","evidencia mixta","PRESENTE","PRESENTE","ACTUALIZADA","Fila final emparejada por identidad de dominio; cambios fijados por huellas inicial/final.","9800c428281af14e69f88d04db971204534a513ecf89773f0b1ecce377ae3631","440155bcc6fc530fb97e7f2e9995def54e57ea1af4fcc9e0e0ab8b7a3d06dcc1"
"DA-00649","B","650","633","control del conflicto mitocondrial o simbionte","control del conflicto mitocondrial o simbionte","PRESENTE","PRESENTE","ACTUALIZADA","Fila final emparejada por identidad de dominio; cambios fijados por huellas inicial/final.","9d4fadffcdf876a4118eaa10fb80090274b2aa50990500f1b2f117a655faae9f","861344bbbad7df0055619b3ceddc48a3bf38cec13e7aaad274b5bc009ddeb37b"
"DA-00650","B","651","634","hipótesis citoplasmática del origen de anisogamia","hipótesis citoplasmática del origen de anisogamia","PRESENTE","PRESENTE","ACTUALIZADA","Fila final emparejada por identidad de dominio; cambios fijados por huellas inicial/final.","428ccf7c0b2a05c943d1560c7b5cb477cfe81fe785b4f7764c52e9440b51cd79","db137e710189f76ac8f66cdf4ec87e241ff4769ddbf8f41847d789dfebdcbae7"
"DA-00651","B","652","635","incompatibilidad mitonuclear","incompatibilidad mitonuclear","PRESENTE","PRESENTE","ACTUALIZADA","Fila final emparejada por identidad de dominio; cambios fijados por huellas inicial/final.","bcf70b573e5f4802cbeb549d4df15efdb77a51c033add70b1463524d7d1feb67","bb5bf1f8fe8a086ce0de65b4c38891e6b103c2a9a56e16920c18cb410b69136a"
"DA-00652","B","653","636","interacción epistática entre mtDNA y genoma nuclear","interacción epistática entre mtDNA y genoma nuclear","PRESENTE","PRESENTE","ACTUALIZADA","Fila final emparejada por identidad de dominio; cambios fijados por huellas inicial/final.","5d3e229323b54bb5f5337001b1888edf79d8a391a6887b9153b732b2f08bbca0","21275e20edd72a6d267d68a0582ad17a42d8724335e807fc13ca70ef23fcff6f"
"DA-00653","B","654","637","conjugación, transformación y transducción","conjugación, transformación y transducción","PRESENTE","PRESENTE","ACTUALIZADA","Fila final emparejada por identidad de dominio; cambios fijados por huellas inicial/final.","5ff40d9138a760d85d2e8c7400b9961cd5286b5047c06c0cfb0fb345a718c783","fcfd39de553d7f49fb881877bfe55073228a7d161772a13c4e11286c9e60e130"
"DA-00654","B","655","638","mecanismos de HGT procariota","mecanismos de HGT procariota","PRESENTE","PRESENTE","ACTUALIZADA","Fila final emparejada por identidad de dominio; cambios fijados por huellas inicial/final.","d4b6c075b8fadf0cbfd936f7924f4cde740073b10a549805f7e333a01be5086b","6a991052f5a9ae1485b1ab60e11794b347b467aaf794f26f4789468fd24fc985"
"DA-00655","B","656","639","HGT procariota-eucariota","HGT procariota-eucariota","PRESENTE","PRESENTE","ACTUALIZADA","Fila final emparejada por identidad de dominio; cambios fijados por huellas inicial/final.","6f1b9d0fa2d189773870e81094dc36931715d402290300a695267229c23722bd","df8c4bcf5e79dde0a0ced7a83b6b66daa72c85630bb2b74f2d2fd91f41ad6c1b"
"DA-00656","B","657","640","mecanismos procariotas sin pasos adicionales","mecanismos procariotas sin pasos adicionales","PRESENTE","PRESENTE","ACTUALIZADA","Fila final emparejada por identidad de dominio; cambios fijados por huellas inicial/final.","62f6feaa172a4d8f78bf662b9b17bad1a73aa5f792cdef4daf063a39311cc691","f67ab431124d0b534d2243ded5cc0a807d748f83a4ca0e9dcca25a5670a85337"
"DA-00657","B","658","641","fagotrofia, endosimbiosis, virus, móviles y enlaces débiles","fagotrofia, endosimbiosis, virus, móviles y enlaces débiles","PRESENTE","PRESENTE","ACTUALIZADA","Fila final emparejada por identidad de dominio; cambios fijados por huellas inicial/final.","ecd8e6abd3e31c7426ba61ad1ff77b13c55f74d2e84c05aad52d086382ee4e14","460fa5109181ddef7868c131e084dc89b98d6c7f3aa184772e5a0ecb8f9cc102"
"DA-00658","B","659","642","HGT hacia eucariotas","HGT hacia eucariotas","PRESENTE","PRESENTE","ACTUALIZADA","Fila final emparejada por identidad de dominio; cambios fijados por huellas inicial/final.","cb4f02cfc1ea245c8be515a7775feb85efba1b86a03e9a56acb8ffc147bff08c","794b951ae1674f457a4f3b516ce153d7b40ddb2c922d6c434c58f791b83f723c"
"DA-00659","B","660","643","30.358 secuencias; 1.035.375 homólogos; 2.585 árboles","30.358 secuencias; 1.035.375 homólogos; 2.585 árboles","PRESENTE","PRESENTE","ACTUALIZADA","Fila final emparejada por identidad de dominio; cambios fijados por huellas inicial/final.","3f9dc0e1646418b548be363dab474855cd86981d6a496b64c101e3bdeba0e810","1f8867c8853e77a12fb3cb058a858b8452983f4513091e13a2dd723bf1a49be0"
"DA-00660","B","661","644","análisis de Ku y Martin","análisis de Ku y Martin","PRESENTE","PRESENTE","ACTUALIZADA","Fila final emparejada por identidad de dominio; cambios fijados por huellas inicial/final.","3398192e2f66916e6843754e69c479e5f5f85b20f87b62e9e5b3dd6c1d2d01e5","7b39e0a00d824a8359ef811519b8e8b45d1d9ee3e61cc16be2421ae366dfde49"
"DA-00661","B","662","645","filtro de contaminación en HGT eucariota","filtro de contaminación en HGT eucariota","PRESENTE","PRESENTE","ACTUALIZADA","Fila final emparejada por identidad de dominio; cambios fijados por huellas inicial/final.","930f61534155b9e09f5eb13bd25320074ef573fabcb275f655c7a42656a6e24f","f9b9e31ffbdc105695c5daab025ddbd5e06aeecd9df4fb6232f6baa98f96100f"
"DA-00662","B","663","646","regla del 70 %","regla del 70 %","PRESENTE","PRESENTE","ACTUALIZADA","Fila final emparejada por identidad de dominio; cambios fijados por huellas inicial/final.","c3da06e5fd4cda137c90d249e011d5ce3fd07c039912b1279dd1f31876a2343a","ed689af203419588e589dd20e9a829bc3e0de6610e2f458d95a5737327a5e1a4"
"DA-00663","B","664","647","HGT procariota-eucariota infrecuente y episódica","HGT procariota-eucariota infrecuente y episódica","PRESENTE","PRESENTE","ACTUALIZADA","Fila final emparejada por identidad de dominio; cambios fijados por huellas inicial/final.","5985a73ae8f592fd9bbdce815ebd41ce28d99682a6231528c6a6d27371ae792a","5134672c5066a4e493c0f2a0b7b9ab000ad78346e73f5704d6fa3c2eb832916e"
"DA-00664","B","665","648","hipótesis de barrera natural de HGT","hipótesis de barrera natural de HGT","PRESENTE","PRESENTE","ACTUALIZADA","Fila final emparejada por identidad de dominio; cambios fijados por huellas inicial/final.","3c1f890a2bc270dd0a58dcc4f0af1c4f54bea803b6d05157a3616a7c1248d609","7f1efc25193b4408c17eabca2c041ffc000448a3a6b9aa6136753553ec981b07"
"DA-00665","B","666","649","hipótesis de barrera natural","hipótesis de barrera natural","PRESENTE","PRESENTE","ACTUALIZADA","Fila final emparejada por identidad de dominio; cambios fijados por huellas inicial/final.","96f84cd6cc4a2861521a0a6bfac86cd179cf897db2cb1e22f060f946282e6cf7","cb8df1b9d90de471577c05d4fa587f439ab8dc31f90e05bc6d7ea673f709ec0c"
"DA-00666","B","667","650","posición HGT eucariota extendida","posición HGT eucariota extendida","PRESENTE","PRESENTE","ACTUALIZADA","Fila final emparejada por identidad de dominio; cambios fijados por huellas inicial/final.","50797cd9d10b351e9bc6e8e654ecd6b58519b311dd9f05e3ee423310854be8c3","3dad3bc9b00b22e7afc14430f9f2ee0ded5e0e8c3a750c0587570ac8ce3c54cd"
"DA-00667","B","668","651","evidencia filogenética y controles de ensamblaje","evidencia filogenética y controles de ensamblaje","PRESENTE","PRESENTE","ACTUALIZADA","Fila final emparejada por identidad de dominio; cambios fijados por huellas inicial/final.","50f379d55549e28d750dadabb4e27de608683994f8556601cbf83f9157576c9b","d2f31d41ae132663bdad147eb6544295a1ffd8be138b217171a179b40559d332"
"DA-00668","B","669","652","gen eucariota candidato a HGT","gen eucariota candidato a HGT","PRESENTE","PRESENTE","ACTUALIZADA","Fila final emparejada por identidad de dominio; cambios fijados por huellas inicial/final.","610086def0789336459e41b0d00331f41114d20c8e2500e782499d5d58097300","a880f40dd90529140996ff02986dc18c586aaf1afcfa84557921fd10a70a121c"
"DA-00669","B","670","653","HGT ligada a fagotrofia reiterada","HGT ligada a fagotrofia reiterada","PRESENTE","PRESENTE","ACTUALIZADA","Fila final emparejada por identidad de dominio; cambios fijados por huellas inicial/final.","7c5b4abb81eb016f23386aede51929f45ece21c30404b14a0c5b81154fc80ae6","4b99d13c8705445cd0778c03ab2a51fc0554a1608e5fe44039225502f5a29cd8"
"DA-00670","B","671","654","hipótesis eres lo que comes","hipótesis eres lo que comes","PRESENTE","PRESENTE","ACTUALIZADA","Fila final emparejada por identidad de dominio; cambios fijados por huellas inicial/final.","6ee1f98e2eefeb1c1aa78861f204057d10d071ffff4ba7ffe43145647e8dade5","81101c3e691d95885ecbaefb402fcac933140858e4a330aee44c3c28c51d11da"
"DA-00671","B","672","655","entrada genética durante etapas celulares vulnerables","entrada genética durante etapas celulares vulnerables","PRESENTE","PRESENTE","ACTUALIZADA","Fila final emparejada por identidad de dominio; cambios fijados por huellas inicial/final.","43792203771d79443506dd48a343170214bfcd9a53d767f18d76f050c28c37fe","72ef2e5c9a3090cc43cf13478814e3372935e24e61ec493012c04946b40c6145"
"DA-00672","B","673","656","modelo de enlace débil","modelo de enlace débil","PRESENTE","PRESENTE","ACTUALIZADA","Fila final emparejada por identidad de dominio; cambios fijados por huellas inicial/final.","19a7cd841d74c3b5a91604e3929ebfb5e683dd24f183c392b0d51dc727df58d4","cd6debcafffc9710c5b9cc74248888f235788905943b280d39588dc06663b9d6"
"DA-00673","B","674","657","función en biosíntesis de rodoquinona","función en biosíntesis de rodoquinona","PRESENTE","PRESENTE","ACTUALIZADA","Fila final emparejada por identidad de dominio; cambios fijados por huellas inicial/final.","b059c2ac149669d262500eb5e1134fc1985b463cc8be9ed85333b547321d17f9","3f7a5ea6cd94dbcee3fe890ab862c5bf6ca0e8cda1cb656a16533fa9cedd198f"
"DA-00674","B","675","658","rquA de Pygsuia biforma","rquA de Pygsuia biforma","PRESENTE","PRESENTE","ACTUALIZADA","Fila final emparejada por identidad de dominio; cambios fijados por huellas inicial/final.","0361ecbde9d0182dde4d63b0e5b54208ec714af5174ffa10fa8a53c8fb3f089f","644e6415170ecfa28017e3ce9a535dc4d04e24dc8b3e30fa994532671b8bee2b"
"DA-00675","B","676","659","múltiples eucariotas por HGT independiente","múltiples eucariotas por HGT independiente","PRESENTE","PRESENTE","ACTUALIZADA","Fila final emparejada por identidad de dominio; cambios fijados por huellas inicial/final.","2a0f801d1e80b21cf07e6a084def2cbd079d35f7e072e6e26304cde5e75e5480","50102b463c511579f6416cb42644339f93e16ad37a381dee7ec5ba5641665620"
"DA-00676","B","677","NO_APLICA","rquA","NO_APLICA","PRESENTE","RETIRADA","RETIRADA","Instantánea externa y linaje de auditoría; retirada o consolidada sin reasignar silenciosamente la fila.","3bd0394b454c491ceedc81753abbe30bfa1fe11fa1b4e03b61cc9da56196212a","NO_APLICA"
"DA-00677","B","678","660","Pygsuia biforma","Pygsuia biforma","PRESENTE","PRESENTE","ACTUALIZADA","Fila final emparejada por identidad de dominio; cambios fijados por huellas inicial/final.","6edda2dcbd8941bd905edb064f43a327aa8cbb18e382fe5257245255341295f9","1777004f9b5e3df090ff2f68d5b9dc19d3737d7c42b858c4bec70847e29554a5"
"DA-00678","B","679","661","sistema SUF por HGT","sistema SUF por HGT","PRESENTE","PRESENTE","ACTUALIZADA","Fila final emparejada por identidad de dominio; cambios fijados por huellas inicial/final.","443f948564ac8907a6c2e16c45e198993597bf2d985d8537dc104d961ca2d9df","f1bd9fa643a9d3c4ad093ac6d9904cc484824b711d96fdc73105b3c1d7a66483"
"DA-00679","B","680","662","HGT bacteriana funcional en anaerobiosis","HGT bacteriana funcional en anaerobiosis","PRESENTE","PRESENTE","ACTUALIZADA","Fila final emparejada por identidad de dominio; cambios fijados por huellas inicial/final.","3f95e7ea392d9b7b5f81b450db4e11407bfec0053816f7b32936a9c42630f864","100e29719ac1e588c6046d1cb129ae402c6cce73e24b1d7c503a829f57527d73"
"DA-00680","B","681","663","Monocercomonoides y Pygsuia","Monocercomonoides y Pygsuia","PRESENTE","PRESENTE","ACTUALIZADA","Fila final emparejada por identidad de dominio; cambios fijados por huellas inicial/final.","eea2e9c6aad56bf2cb18a0b4f9629e4d5cb12b2c8bb574b72d809881e2caf3a0","ba53dee2f40f1d43a2502339f313c5d2056494b907ab4ef54ae6f60a10d99622"
"DA-00681","B","682","664","aproximadamente una sexta parte atribuida a HGT","aproximadamente una sexta parte atribuida a HGT","PRESENTE","PRESENTE","ACTUALIZADA","Fila final emparejada por identidad de dominio; cambios fijados por huellas inicial/final.","4bacc8eb760aad331e9dc05dc8267782e3382cbe3981c630c1d2f3bdfd9ad89a","571ae76c0c511ececb6108d7b536bc2ac1a99ec15b7990504b7647a0327134d2"
"DA-00682","B","683","665","genoma borrador de Hypsibius dujardini","genoma borrador de Hypsibius dujardini","PRESENTE","PRESENTE","ACTUALIZADA","Fila final emparejada por identidad de dominio; cambios fijados por huellas inicial/final.","fa4900c527e756c177bda8efafbd606a8bd25707f5af3b9c851352e181680921","e4b61a41d811710bb396fc637d60aa25f63dbe247bd02f81a89b848068bbe81a"
"DA-00683","B","684","NO_APLICA","afirmación C-1130","NO_APLICA","PRESENTE","RETIRADA","RETIRADA","Instantánea externa y linaje de auditoría; retirada o consolidada sin reasignar silenciosamente la fila.","aa5cc343158b0b6d89dddca802e0870ba830c3f4ed130edc2b98cba3362ec4e5","NO_APLICA"
"DA-00684","B","685","667","reensamblaje y decontaminación","reensamblaje y decontaminación","PRESENTE","PRESENTE","ACTUALIZADA","Fila final emparejada por identidad de dominio; cambios fijados por huellas inicial/final.","b2c602e1e87a50733372430b16d5e6a50399c02d26585cb49961db5d050ff065","728923295c29ec2648a8b1a34fdf48d53134f19baa0f57d008165ad0f58d705d"
"DA-00685","B","686","668","caso de HGT en tardígrados","caso de HGT en tardígrados","PRESENTE","PRESENTE","ACTUALIZADA","Fila final emparejada por identidad de dominio; cambios fijados por huellas inicial/final.","a07c5fc7d34110daab908e154544d7605b1d39a38eae2b073777f1994915f324","5f1854a87831318a247138ebe189d978290258d24a14912ee2d2356beba2bd83"
"DA-00686","B","687","669","contaminación y ensamblaje quimérico","contaminación y ensamblaje quimérico","PRESENTE","PRESENTE","ACTUALIZADA","Fila final emparejada por identidad de dominio; cambios fijados por huellas inicial/final.","4597682e90aa1705bb06965734948107c42b1b0737fa538e0970de38a04250c9","5473c2821f72a11e43cf0b7edbba7ae5462e1f96fcb44aa60b6660f3fbd1a48c"
"DA-00687","B","688","670","ausencia de HGT eucariota real","ausencia de HGT eucariota real","PRESENTE","PRESENTE","ACTUALIZADA","Fila final emparejada por identidad de dominio; cambios fijados por huellas inicial/final.","8490c863b655a415240a78eba35473355a1198ca21b71a275b09c8b6c915a78b","058cec45303f7ee6752170fe3758c0534105b1850e7593d48544a05b4554b763"
"DA-00688","B","689","671","contaminación en estudios de HGT","contaminación en estudios de HGT","PRESENTE","PRESENTE","ACTUALIZADA","Fila final emparejada por identidad de dominio; cambios fijados por huellas inicial/final.","d927edb56c4bc5a7aa52040e524910236c30b31516b3ae6d5623d51d3b2903c1","d85a77f5e2e68382bbfa4eacad25f9d3f87d497d24169221bd3bebe0ba23a2b0"
"DA-00689","B","690","672","frecuencia de HGT eucariota","frecuencia de HGT eucariota","PRESENTE","PRESENTE","ACTUALIZADA","Fila final emparejada por identidad de dominio; cambios fijados por huellas inicial/final.","a4b9f4c11386404d9f4abb97e108fd9be2b5bde463763d1586044d66553e7830","0639041236f684f5022cc35f00c11f0aeefbed1ae27474b5c62bc97ce7c6826d"
"DA-00690","B","691","673","genes, eventos, familias, linajes y controles utilizados","genes, eventos, familias, linajes y controles utilizados","PRESENTE","PRESENTE","ACTUALIZADA","Fila final emparejada por identidad de dominio; cambios fijados por huellas inicial/final.","2338d6ac14d99d3d8f6ee37c49d8b909e783b093910b7c906c3e5bf38b8f6528","3dd5f2808948b67b6de6e6056cf14b82fd7d19a79dbd87505fed1f63a255bc9b"
"DA-00691","B","692","674","integración mitocondrial ancestral","integración mitocondrial ancestral","PRESENTE","PRESENTE","ACTUALIZADA","Fila final emparejada por identidad de dominio; cambios fijados por huellas inicial/final.","a48a40dd13c0188416d61754cb95d2c9f63141661eff1fe890f7c77a3e62fc5f","c0542b535293541b32d3cd57f685e087830daa797d68b160d65b4017e30c5ce1"
"DA-00692","B","693","675","LA LITERATURA DECLARA QUE NO SE SABE","LA LITERATURA DECLARA QUE NO SE SABE","PRESENTE","PRESENTE","ACTUALIZADA","Fila final emparejada por identidad de dominio; cambios fijados por huellas inicial/final.","0f2c70a3032ce6965a22da73f0168681af13b849feb0e39602f0939b5e5a67e4","7373c9b479728aee3045444588bd60c6c98536200066471b78af1359d17ecce6"
"DA-00693","B","694","676","punto de no retorno endosimbiótico","punto de no retorno endosimbiótico","PRESENTE","PRESENTE","ACTUALIZADA","Fila final emparejada por identidad de dominio; cambios fijados por huellas inicial/final.","0584f9470edf145aba80defb30f2f565e8c9601e28ac444c26734450e9126f5b","b9a2a1f1709a63b2732faacd65d521db6dd9f68842da3d335dfa0e97d7d69579"
"DA-00694","B","695","677","asociaciones endosimbióticas extinguidas","asociaciones endosimbióticas extinguidas","PRESENTE","PRESENTE","ACTUALIZADA","Fila final emparejada por identidad de dominio; cambios fijados por huellas inicial/final.","fc5897f7714732d17bbb27377ac548316918c68608185f583c98a052c844fddc","3ddc3e2451d32021c85d01891a45c60ca0bf7276fffe5723fa2782c76185e209"
"DA-00695","B","696","678","reversión a vida libre","reversión a vida libre","PRESENTE","PRESENTE","ACTUALIZADA","Fila final emparejada por identidad de dominio; cambios fijados por huellas inicial/final.","99a0bd80cb6a36179f1470edebe0291a09f301c558a60a5dc00b61f1a66029a5","58440557d40b6e3bc64296ef730607e1395b813f1f7ced3712e5490abaff01ab"
"DA-00696","B","697","679","coste neto de asociaciones","coste neto de asociaciones","PRESENTE","PRESENTE","ACTUALIZADA","Fila final emparejada por identidad de dominio; cambios fijados por huellas inicial/final.","eaa3acc3c1cbae337d12a5f149ca0434612a1ab81e7738d6b37097461bb123f5","593812de3a8b3361e13201336c8b835a124495d9fccc1633a7ebc20cb19b266a"
"DA-00697","B","698","680","simbiontes bacterianos modelados por Ankrah et al.","simbiontes bacterianos modelados por Ankrah et al.","PRESENTE","PRESENTE","ACTUALIZADA","Fila final emparejada por identidad de dominio; cambios fijados por huellas inicial/final.","8d0d504b181d53f057e4f84fc6b7f47d27d814e6db0a59a354caf3df1caffc3f","d87e9a81485388f5ab064e4ffaa0e2893bc246297ff1f9def6ccb1aae39c50fa"
"DA-00698","B","699","681","aproximadamente 30–80% frente a 10–15% del N derivado del hospedador","aproximadamente 30–80% frente a 10–15% del N derivado del hospedador","PRESENTE","PRESENTE","ACTUALIZADA","Fila final emparejada por identidad de dominio; cambios fijados por huellas inicial/final.","fe7d49c4dc1f417d9cbf8f151fddcc575761b85c39f597e2e10b0328848f8e64","53d0ff769dc784c5a09047afb81cc412b4423bdba52f22b0bdd8a38c0b1ec35e"
"DA-00699","B","700","682","dinotomos Durinskia baltica y Kryptoperidinium foliaceum","dinotomos Durinskia baltica y Kryptoperidinium foliaceum","PRESENTE","PRESENTE","ACTUALIZADA","Fila final emparejada por identidad de dominio; cambios fijados por huellas inicial/final.","e3641d8f61595e95dd5c1df3ed348ed230f23db7f1f67b8036fb0af17f5bde9e","3841886ffb0553e8b01344eb546e48c142a103da3130f262597069b7e893ef28"
"DA-00700","B","701","683","endosimbionte diatomeo terciario que conserva mitocondria","endosimbionte diatomeo terciario que conserva mitocondria","PRESENTE","PRESENTE","ACTUALIZADA","Fila final emparejada por identidad de dominio; cambios fijados por huellas inicial/final.","7438bb51e5efccc480ffc6254f4609c1226e151cf7a948355debc588bd2bc257","0d265902615deeb307f8b96b80a212f1e2fc9144ddbbe95e0755fa88f51bc743"
"DA-00701","B","702","684","34.242 bp y 34.742 bp","34.242 bp y 34.742 bp","PRESENTE","PRESENTE","ACTUALIZADA","Fila final emparejada por identidad de dominio; cambios fijados por huellas inicial/final.","ceb1a26d15128fb78bf0b9dc3572dac2f9bc6343eb06caa72b10b4d19bc8ae20","9302a4e5572c82c0d12a964c791aee520e27d4f519de0654ff01b425cb6f309c"
"DA-00702","B","703","685","mitocondrias de endosimbiontes diatomeos de dinotomos","mitocondrias de endosimbiontes diatomeos de dinotomos","PRESENTE","PRESENTE","ACTUALIZADA","Fila final emparejada por identidad de dominio; cambios fijados por huellas inicial/final.","866ba82ad9f265c86bf01090dfd166c87117a5b4e6cbdcb5c1ee09defbb2056b","ac5f253f4b7c7ea7a6a9b50a3f8b5001d6b969c3e93d98dbd065aa9381ff65f4"
"DA-00703","B","704","686","58 genes y 59 genes","58 genes y 59 genes","PRESENTE","PRESENTE","ACTUALIZADA","Fila final emparejada por identidad de dominio; cambios fijados por huellas inicial/final.","aa104f5c6498bc3afff5bdab3e70912729a82105fab0ca0ef2da5d66edaa0495","5e3b0227e8c88e1bea0b7bbfcd406cf31c0f8c927ff7591f2db62fbfdff85697"
"DA-00704","B","705","687","cambio limitado respecto de dinoflagelados y diatomeas de vida libre","cambio limitado respecto de dinoflagelados y diatomeas de vida libre","PRESENTE","PRESENTE","ACTUALIZADA","Fila final emparejada por identidad de dominio; cambios fijados por huellas inicial/final.","d1128d5aaacf818f4982e19cdc5306fe95d4188c13b7798b14fa121bf11d9d29","b8ed036120834ee056ce5695579a07351d332b606e7c1729a5fefc9177684bc6"
"DA-00705","B","706","688","genomas mitocondriales de dinotomos","genomas mitocondriales de dinotomos","PRESENTE","PRESENTE","ACTUALIZADA","Fila final emparejada por identidad de dominio; cambios fijados por huellas inicial/final.","e74077cb04d70562a51d210526997a9b5b984ea36ef55ee0127524af4854c866","d569571b45ba45adcca8b7ed1aed636c8cac10e259015844f691ed1b5452372a"
"DA-00706","B","707","689","compartimentos celulares eucariotas conservados","compartimentos celulares eucariotas conservados","PRESENTE","PRESENTE","ACTUALIZADA","Fila final emparejada por identidad de dominio; cambios fijados por huellas inicial/final.","bcfa1a1b624fd58f7a8cc909405eecd2377175baf675318ca4b8a7b57d62cf43","e2d4c8a6d2d1b0ec49c804affffa1286f578d70ee244b02a924a571ab413b9c8"
"DA-00707","B","708","690","endosimbionte diatomeo de dinotomos","endosimbionte diatomeo de dinotomos","PRESENTE","PRESENTE","ACTUALIZADA","Fila final emparejada por identidad de dominio; cambios fijados por huellas inicial/final.","83f73ce72a362cf0be71073e2269c2d190c1a20651be72ff98059aada63c0453","d819a3f28df7b70fc765f91a82c953fd7ab68e246bf65722dbf629f2803522cc"
"DA-00708","B","709","691","9 genes candidatos en dinotomos y 90 en kareniáceos","9 genes candidatos en dinotomos y 90 en kareniáceos","PRESENTE","PRESENTE","ACTUALIZADA","Fila final emparejada por identidad de dominio; cambios fijados por huellas inicial/final.","fb323e7c973c6e77a643edccf2b2ec79495520ae9e2be3c3df57f332d1b1e403","facff3946ea289beee9e34d42c51f24b4e170da2f8d96ed60a22955d028608c7"
"DA-00709","B","710","692","EGT en dinoflagelados con plastos terciarios","EGT en dinoflagelados con plastos terciarios","PRESENTE","PRESENTE","ACTUALIZADA","Fila final emparejada por identidad de dominio; cambios fijados por huellas inicial/final.","de393a93654f59df74f4291d49b9ea039f26c684b62df2864d396af1170eed62","51929d58b2708c14e784d493146b8fc0ec3b40640502ffb21994a039eb4be7cd"
"DA-00710","B","711","693","dinotomos","dinotomos","PRESENTE","PRESENTE","ACTUALIZADA","Fila final emparejada por identidad de dominio; cambios fijados por huellas inicial/final.","da2d3d275b0a11be1c7bf1afb4f6d36d49c6af5ce5e2e64a07424a61d409d2b3","0392195514b940bc2b28dbc692027b459559c6965fe75f33e17a564030414fde"
"DA-00711","B","712","694","EGT terciaria masiva localizada","EGT terciaria masiva localizada","PRESENTE","PRESENTE","ACTUALIZADA","Fila final emparejada por identidad de dominio; cambios fijados por huellas inicial/final.","572066787a5f313188f691cb033ce00aae23269da70231a6d95bfd0d9e681762","6306ea1047a6aed47c93f000e6b049a9ca542a4ad4df4846c73c28435439fc57"
"DA-00712","B","713","695","142.981 bp; 70 proteínas; 30 ARNt; 3 ARNr","142.981 bp; 70 proteínas; 30 ARNt; 3 ARNr","PRESENTE","PRESENTE","ACTUALIZADA","Fila final emparejada por identidad de dominio; cambios fijados por huellas inicial/final.","cfa48a8b16dbbdf6cfbcb97b8a900afbe9ab7a9ee09b1bf9d54bf4fb9fc33ab8","34e58f9537edbfee44ade71ea1c3b637c8f20bb5a5194741b56ea87cf4dd6bb0"
"DA-00713","B","714","696","plasto terciario de Karlodinium veneficum","plasto terciario de Karlodinium veneficum","PRESENTE","PRESENTE","ACTUALIZADA","Fila final emparejada por identidad de dominio; cambios fijados por huellas inicial/final.","1dbe518ae227cab4447d5c8e8afdb79c888102297fc8902cc0dfc0bfbf36839c","0dbbd92823c02ee21e24f1eb5a680c6b4c5e52c4cfcb1ab3176e328edfc38c31"
"DA-00714","B","715","697","origen haptófito; número de adquisiciones sin resolver","origen haptófito; número de adquisiciones sin resolver","PRESENTE","PRESENTE","ACTUALIZADA","Fila final emparejada por identidad de dominio; cambios fijados por huellas inicial/final.","c753b459ae65ee3000ba5001a7f0e0bd1ff89e18f5d4ebed576c3c7eb1663db0","c13bfdc1c7ee08de4da99ee2cd8e2638ca7eeda5967d6499047b8ad48e8fdb69"
"DA-00715","B","716","698","plasto terciario de Kareniaceae","plasto terciario de Kareniaceae","PRESENTE","PRESENTE","ACTUALIZADA","Fila final emparejada por identidad de dominio; cambios fijados por huellas inicial/final.","9c287949ce162999a8b5b77c146207af674e12a43da08dd5259ab3d0b88497e4","d768ff87f0352aa2f68287d99a40d1375295a655d387c36a31c44198ef450601"
"DA-00716","B","717","699","mínimo de 20 familias completas de elementos transponibles","mínimo de 20 familias completas de elementos transponibles","PRESENTE","PRESENTE","ACTUALIZADA","Fila final emparejada por identidad de dominio; cambios fijados por huellas inicial/final.","868b09bd412d9fdcb5511787e6a7836c6b4aba0aaa33dde9d74035ea2f5c4e08","36c313ed7ab55d3a7dae52190d34d8201ff5eed748a21ac1496b0a3f1121c7c2"
"DA-00717","B","718","700","Salpingoeca rosetta","Salpingoeca rosetta","PRESENTE","PRESENTE","ACTUALIZADA","Fila final emparejada por identidad de dominio; cambios fijados por huellas inicial/final.","3fae9a46a26d34013077f62759b4e12f5ba3a400f61068d07906cb2fdb2726be","24c356a592c868f3985db6db94d9b286b4aadf00ae95de20de8270bd349cc8a0"
"DA-00718","B","719","701","7 familias de ADN; 13 LTR; 2 candidatos no-LTR incompletos","7 familias de ADN; 13 LTR; 2 candidatos no-LTR incompletos","PRESENTE","PRESENTE","ACTUALIZADA","Fila final emparejada por identidad de dominio; cambios fijados por huellas inicial/final.","f8173e86c5a73aa3aef2cf09471208da24c8af9b346ae7125335e8ffd7f82550","1d17850c82e5410e649a856129ddc718b30299074ff2b221b6979906e9613937"
"DA-00719","B","720","702","elementos transponibles de Salpingoeca rosetta","elementos transponibles de Salpingoeca rosetta","PRESENTE","PRESENTE","ACTUALIZADA","Fila final emparejada por identidad de dominio; cambios fijados por huellas inicial/final.","fda9d6e7d9f0f562b5020bfbbc40fbd4e98444d400917b59753515e6f85c3683","f5509109a072a68bc38576baf2f5bf0118717b202e979cd4985ab00e6a6d6e1a"
"DA-00720","B","721","703","3 familias LTR y ausencia aparente de otros tipos","3 familias LTR y ausencia aparente de otros tipos","PRESENTE","PRESENTE","ACTUALIZADA","Fila final emparejada por identidad de dominio; cambios fijados por huellas inicial/final.","25ffe85987278a44acf11765d58e55f8b2ea2a74927cfe3016a46a17232a8205","93a7b85bd6f724035edf4480f82233014d77e8d7659e1a1ba0a072c4d40e8dc0"
"DA-00721","B","722","704","Monosiga brevicollis","Monosiga brevicollis","PRESENTE","PRESENTE","ACTUALIZADA","Fila final emparejada por identidad de dominio; cambios fijados por huellas inicial/final.","d9db61757cafa4a80e044b62fa9bef345844309095cb63c5b2c2692a1626bb91","db4d6390b6265ff6ecbb09714f87866a471cce73a751dfc73bd9c69c237806df"
"DA-00722","B","723","705","20 familias completas mínimas frente a 3 familias LTR detectadas","20 familias completas mínimas frente a 3 familias LTR detectadas","PRESENTE","PRESENTE","ACTUALIZADA","Fila final emparejada por identidad de dominio; cambios fijados por huellas inicial/final.","35bb21ec2988c5579c67353c0f58c614c5061b92f6a74156ed959b3ef967cea8","9519990091545c3a98c69648796dd744199f1d8866d1b945bcaf22bee10b4b01"
"DA-00723","B","724","706","Salpingoeca rosetta y Monosiga brevicollis","Salpingoeca rosetta y Monosiga brevicollis","PRESENTE","PRESENTE","ACTUALIZADA","Fila final emparejada por identidad de dominio; cambios fijados por huellas inicial/final.","e105f3e580444b68cba556c95853b0f94482422b6a7f195498e40240cdad0973","f8e4298aa1cdf0d4b3ca9e34fae4f0179c9f9196eeeb8d4f432c3ffa90c5ce2b"
"DA-00724","B","725","707","herencia doble uniparental en bivalvos","herencia doble uniparental en bivalvos","PRESENTE","PRESENTE","ACTUALIZADA","Fila final emparejada por identidad de dominio; cambios fijados por huellas inicial/final.","334061c44a06d548f9289f3cbffad826989107c7b9e15f32dd67c4498394e28d","a6dcba9ea570f83d1ed1e3a23d3da050c91190d9170327045e1839412579d1cb"
"DA-00725","B","726","708","herencia mitocondrial animal","herencia mitocondrial animal","PRESENTE","PRESENTE","ACTUALIZADA","Fila final emparejada por identidad de dominio; cambios fijados por huellas inicial/final.","b4e724d2cb51e322858fa4f64f5906cb01044ab61e7b0d4f558dbe2c8f9e2464","2262db6911f808c284e9d9ffeeb48d0bffa2733192e46f48988f564de8ae1d6e"
"DA-00726","B","727","709","dos linajes mitocondriales transmitidos por sexos distintos","dos linajes mitocondriales transmitidos por sexos distintos","PRESENTE","PRESENTE","ACTUALIZADA","Fila final emparejada por identidad de dominio; cambios fijados por huellas inicial/final.","d0c64736d3977a55a532ee889d36186e0fd2cc0608eb63c4deb0b33e401093da","5c323175fa654b75bf444b33de288dcab35e13747643477f4150dec71df0608c"
"DA-00727","B","728","710","herencia doble uniparental","herencia doble uniparental","PRESENTE","PRESENTE","ACTUALIZADA","Fila final emparejada por identidad de dominio; cambios fijados por huellas inicial/final.","ca5962a55c14464893dfdbe3f0bdbd355ee540d550859492e1cc4ce5675a4063","55e7c4cf383ff0f0cdcced51adf411bf9905c17bc3d1d2a0db41cab67961fd50"
"DA-00728","B","729","711","herencia materna exclusiva","herencia materna exclusiva","PRESENTE","PRESENTE","ACTUALIZADA","Fila final emparejada por identidad de dominio; cambios fijados por huellas inicial/final.","2178237fdf4ef838dcc0ec60b35a1c63a1fc98b06f3786f7a937097f9fe8d24a","d32e0c6fe0242d992e30be6c1aebf3ba90ea8c8cc788383f41a0e63bf495c441"
"DA-00729","B","730","712","transmisión mitocondrial eucariota","transmisión mitocondrial eucariota","PRESENTE","PRESENTE","ACTUALIZADA","Fila final emparejada por identidad de dominio; cambios fijados por huellas inicial/final.","3fc637140b4a6c3988ef414e3f5584449df65da5d695304b8908aa5b4e992eb2","15f7fb7aeced9855858b849732aec3b57f81b946f851ee5a70e9b0871d147755"
"DA-00730","B","731","713","elementos transponibles en genomas holozoos seleccionados","elementos transponibles en genomas holozoos seleccionados","PRESENTE","PRESENTE","ACTUALIZADA","Fila final emparejada por identidad de dominio; cambios fijados por huellas inicial/final.","8ea4b613cce8114f733c5df1fbae93a517ca9929520f9dc58161d12ecda1046a","c3407d0141736d883693f93b2a3e16e6a109b18820b6c658b0ea3419572ec4e1"
"DA-00731","B","732","714","aproximadamente 5–9% o menos de 2,5%, según especie","aproximadamente 5–9% o menos de 2,5%, según especie","PRESENTE","PRESENTE","ACTUALIZADA","Fila final emparejada por identidad de dominio; cambios fijados por huellas inicial/final.","3c707c3224599104f845a15027b30f6cdbf43d654e88aadf5d3c02bae20ab2f6","cc0c755a3c19543016d11272344a4afb6856771312a4856ec891cda863c6a18b"
"DA-00732","B","733","715","ATP equivalente de construcción u operación","ATP equivalente de construcción u operación","PRESENTE","PRESENTE","ACTUALIZADA","Fila final emparejada por identidad de dominio; cambios fijados por huellas inicial/final.","5043eebe2c67dc051b8090fe2de876b59ea2884c626dfb20d17057d1fa285c85","264a359a8e4c48692103d21fd4ff3770209c2c20e8cd606e83e98039d416b420"
"DA-00733","B","734","716","coste absoluto de rasgo","coste absoluto de rasgo","PRESENTE","PRESENTE","ACTUALIZADA","Fila final emparejada por identidad de dominio; cambios fijados por huellas inicial/final.","08d5fb4853616e51769ee2993150e4ccf77cfe326083d89660ce43793423c415","33c2f4974c13e21e1abf09fb6cdd01918ac5ea99e38de4d5cb15d59f5a2b03d4"
"DA-00734","B","735","717","coste absoluto dividido por presupuesto celular","coste absoluto dividido por presupuesto celular","PRESENTE","PRESENTE","ACTUALIZADA","Fila final emparejada por identidad de dominio; cambios fijados por huellas inicial/final.","c98f7039b9f14186c6206294e8f4cb90b0d561d1f69340d8cd3ed3da10308afd","d43ab3d57038ad816eb887a467147e38390d54ea9c6269b82c6a60df69d1b69b"
"DA-00735","B","736","718","coste relativo de rasgo","coste relativo de rasgo","PRESENTE","PRESENTE","ACTUALIZADA","Fila final emparejada por identidad de dominio; cambios fijados por huellas inicial/final.","df50e4262b5b2cb5538118551325e6e12ef8393360bafef0d66d452ece292553","86dec131d1ed0bb2522848950599ab1e51fced243fb7654e7d0d1acb19876a0f"
"DA-00736","B","737","719","construcción frente a operación","construcción frente a operación","PRESENTE","PRESENTE","ACTUALIZADA","Fila final emparejada por identidad de dominio; cambios fijados por huellas inicial/final.","a154d840a31163fee2ee0b7393fe98e73690a2ce8f73185f78a534ba37a37448","7142f2c764e47539dc32be5c504560d58fd6d15f0491ac067c07d1b3bea4c115"
"DA-00737","B","738","720","coste de rasgo","coste de rasgo","PRESENTE","PRESENTE","ACTUALIZADA","Fila final emparejada por identidad de dominio; cambios fijados por huellas inicial/final.","9b81d7d278a1fb97549eca3d2e2080dc38370b13469325e4b2144bbc5ba322fb","9035457d8b94dc62845236e8f64230aedae52b1f919fd31105a3709a02f7e1ad"
"DA-00738","B","739","721","coste de oportunidad","coste de oportunidad","PRESENTE","PRESENTE","ACTUALIZADA","Fila final emparejada por identidad de dominio; cambios fijados por huellas inicial/final.","212908d1f0895f6561f77854d0f84861b94decdc5372973b8f91b98880bd29ce","3f8c7b0af5272d9d2e012be46e7882f33fcb788ed9dd1aa19bfcfd8487cd7507"
"DA-00739","B","740","722","energía no obtenida por incorporar precursores a biomasa","energía no obtenida por incorporar precursores a biomasa","PRESENTE","PRESENTE","ACTUALIZADA","Fila final emparejada por identidad de dominio; cambios fijados por huellas inicial/final.","a4dd605fecbaa1ebf1c53a50fbc859338a8094766af24ccafa492d6a4c92fd84","ccee7368b77305dd12dc4be2a4155bee493fb4a825de834871396aa77758581f"
"DA-00740","B","741","723","coste energético basal","coste energético basal","PRESENTE","PRESENTE","ACTUALIZADA","Fila final emparejada por identidad de dominio; cambios fijados por huellas inicial/final.","3ff67d6c7adad41c88b0586359d8bc9a1805a687b3066af9bf35fe56ce5faea1","a0d9547f9532d6e843dc4af0444189f29d4b998cd257d64df078aa1c55dbc034"
"DA-00741","B","742","724","efecto neto de aptitud","efecto neto de aptitud","PRESENTE","PRESENTE","ACTUALIZADA","Fila final emparejada por identidad de dominio; cambios fijados por huellas inicial/final.","651f1709b5968963dbbbc53f214df1af36530e7de3c9e3e832639c72af787ec5","5b21703a7f811548e75abd0af7c44502b7131f46f21c92ba9b57d107f48623b1"
"DA-00742","B","743","725","cifra absoluta de coste","cifra absoluta de coste","PRESENTE","PRESENTE","ACTUALIZADA","Fila final emparejada por identidad de dominio; cambios fijados por huellas inicial/final.","6e22da0f486adfa7d7c6c406834dafc2834dd66454b51ec6deb244fca3a6308b","04a19c76cae3e858bd87ff239b08fb7f2ae3536f98ea426b331524402c516c53"
"DA-00743","B","744","726","presupuesto energético celular","presupuesto energético celular","PRESENTE","PRESENTE","ACTUALIZADA","Fila final emparejada por identidad de dominio; cambios fijados por huellas inicial/final.","041a0562140245766dfe41b837e8f7bece67b33c175ba350be47b9061c95540a","1f2c19daa77bce70c94c995116ef891d4035adaf60bb4ca5e36d41f8c35f427b"
"DA-00744","B","745","727","coste de rasgo ancestral","coste de rasgo ancestral","PRESENTE","PRESENTE","ACTUALIZADA","Fila final emparejada por identidad de dominio; cambios fijados por huellas inicial/final.","523974496b17e5c6ea192cc8eae1fff8fd141cf5ce2ece3adeb4908696c64955","5b969ff02ed5d09a9d0daf46b7ad4cf0abcd3876aa784f8115aec1c93464324c"
"DA-00745","B","746","728","organismos actuales","organismos actuales","PRESENTE","PRESENTE","ACTUALIZADA","Fila final emparejada por identidad de dominio; cambios fijados por huellas inicial/final.","284200c314e9683432aa4c0bda951155c81df69a4c63beb23c7cbc973d995e7f","bb57985c26a24b81634bc404de8b01dc0240a9d52095f0d276c0ba083aedbbd4"
"DA-00746","B","747","729","balance neto cuantitativo ausente en la mayoría","balance neto cuantitativo ausente en la mayoría","PRESENTE","PRESENTE","ACTUALIZADA","Fila final emparejada por identidad de dominio; cambios fijados por huellas inicial/final.","6bee989553541d0fec44382d07aab17ed35dffbfbb347455ea8878f0585112d7","6fc7a211bcb2d0d1fc01ba8f80796827949b35bd699ba9e6097bdcccb5bbd7b6"
"DA-00747","B","748","730","escenarios de origen de rasgos celulares","escenarios de origen de rasgos celulares","PRESENTE","PRESENTE","ACTUALIZADA","Fila final emparejada por identidad de dominio; cambios fijados por huellas inicial/final.","4e8cc90a06888d8af92f8d436129ee10ae85b97dcceffdda60957969ce3797c5","6b519ad6edbfa36ed682c85c4c0c5a020943af5d6d1cace013e925c8690ac046"
"DA-00748","B","749","731","adición o sustitución","adición o sustitución","PRESENTE","PRESENTE","ACTUALIZADA","Fila final emparejada por identidad de dominio; cambios fijados por huellas inicial/final.","d3a6b7f1226608d4ffafedd949e4985679543c3e87095e46986595c2183782e1","86b5db70a7f3f65c5b4949b457740dcd9f53d45812912b22c43818284a250735"
"DA-00749","B","750","732","introducción de un rasgo","introducción de un rasgo","PRESENTE","PRESENTE","ACTUALIZADA","Fila final emparejada por identidad de dominio; cambios fijados por huellas inicial/final.","c553b55b8381f8f7ad4a46c0b8438a530af390c2eff7f77f03d1cad2d5228f31","ae5cf76c2c9b5c3108d8b348afe6c5a36b547b92cd5fdb4ff0819cb575a7b536"
"DA-00750","B","751","733","ATP invertido en un rasgo","ATP invertido en un rasgo","PRESENTE","PRESENTE","ACTUALIZADA","Fila final emparejada por identidad de dominio; cambios fijados por huellas inicial/final.","fb89e00e32457a62c9caae83e639e13b8132ca32cc2cf761512ed5c1cc109983","e51a001a7eedbfec974f5e007b2d380c6431c91189318a52849f54589759155c"
"DA-00751","B","752","734","coeficiente de selección","coeficiente de selección","PRESENTE","PRESENTE","ACTUALIZADA","Fila final emparejada por identidad de dominio; cambios fijados por huellas inicial/final.","b91e13313ae5ae31b325ef53ea9e280c61840f9aef312847806f477e765a4b7a","dc6099fc4bec3065824a92e2f76d80ec9c14a1ea913cc147f387df228b2f7071"
"DA-00752","B","753","735","tabla de costes","tabla de costes","PRESENTE","PRESENTE","ACTUALIZADA","Fila final emparejada por identidad de dominio; cambios fijados por huellas inicial/final.","1a802ebaaa9db1f6bfd75616bf4f0877cb0305b7ebfab184738ccecbe2791d1f","4c325fd3aea5110bcf8027b1e984b4e9cb742aa064b65e9c94a157310cff76fa"
"DA-00753","B","754","736","unidad y denominador originales","unidad y denominador originales","PRESENTE","PRESENTE","ACTUALIZADA","Fila final emparejada por identidad de dominio; cambios fijados por huellas inicial/final.","2de6c31f00e1164030b938009d2a7040929dbecca1c968a81d202d495bec3880","c17fc9b3fc138a5f93e922ff8a8d1e7b6d84aff0cfb510bb61b73990ec60a35d"
"DA-00754","B","755","737","SIN CIFRA PUBLICADA LOCALIZADA","SIN CIFRA PUBLICADA LOCALIZADA","PRESENTE","PRESENTE","ACTUALIZADA","Fila final emparejada por identidad de dominio; cambios fijados por huellas inicial/final.","c06561c9a3ca749223e5200c99c8ebe002778d550e42d5990bb30b99096e32a3","24bf0aec3accdd86d56a8eebb0927fff29ec850684b3746fced04cd3b4533a83"
"DA-00755","B","756","738","6.8 × 10^9 Vcell^0.54 ATP","6.8 × 10^9 Vcell^0.54 ATP","PRESENTE","PRESENTE","ACTUALIZADA","Fila final emparejada por identidad de dominio; cambios fijados por huellas inicial/final.","a2aa3e4f89543bcf786a4784f1e91e279b5706225931b6c5a120dcb7a61bf87a","1eca1efcb058775729b1f4986134c12f4121d5306bc1221275701f5c664c0274"
"DA-00756","B","757","739","membrana de macronúcleo de ciliado","membrana de macronúcleo de ciliado","PRESENTE","PRESENTE","ACTUALIZADA","Fila final emparejada por identidad de dominio; cambios fijados por huellas inicial/final.","d80404ef155a8158468cb9b9f7028e279a12cba85fc7309f2a9e50d93bebdb36","cf9460c37b5186f789ad371fe29fdcc2559ce424687aea1f7a452a7a27b3bf95"
"DA-00757","B","758","740","1.5 × 10^9 Vcell^0.41 ATP","1.5 × 10^9 Vcell^0.41 ATP","PRESENTE","PRESENTE","ACTUALIZADA","Fila final emparejada por identidad de dominio; cambios fijados por huellas inicial/final.","102415d11db94f7bf23df66616fce3adb00ecaecb38447db9c581e8b769a7584","5460ff3bb7e2f58d9e54345a37234a1780178dc0b359d61f073b482556bf1eb5"
"DA-00758","B","759","741","membrana de micronúcleo de ciliado","membrana de micronúcleo de ciliado","PRESENTE","PRESENTE","ACTUALIZADA","Fila final emparejada por identidad de dominio; cambios fijados por huellas inicial/final.","d7f52c7d95e33e226aeeb5393d2659b0ea3f933187553b385471eb961db631d1","beb8874a7e651ccb027146e646509ff2ddc9d89cbc4ab0b6e9b6ddaa9c35eb79"
"DA-00759","B","760","742","7.8 × 10^9 Vcell^0.48 ATP","7.8 × 10^9 Vcell^0.48 ATP","PRESENTE","PRESENTE","ACTUALIZADA","Fila final emparejada por identidad de dominio; cambios fijados por huellas inicial/final.","f3eeb3e209ea4a2cab2cfd59e55d4614cc5ee78da07386129ca921747adcc297","5c3beb8ee7e0f601c7bb16d2f622cd370018a77c18e401eebf1a72f15b2266a3"
"DA-00760","B","761","743","membrana nuclear de otros eucariotas","membrana nuclear de otros eucariotas","PRESENTE","PRESENTE","ACTUALIZADA","Fila final emparejada por identidad de dominio; cambios fijados por huellas inicial/final.","c9f55a4990efb54126e029d2be443ef63878a37abfc0cc8c7b1b8ba7c4bbd6b8","69073bd9842e387b90edbf3cea350fdf0d0a7a1aacc3eba441606a8be0c5035e"
"DA-00761","B","762","744","2.5% y 0.032% del presupuesto celular","2.5% y 0.032% del presupuesto celular","PRESENTE","PRESENTE","ACTUALIZADA","Fila final emparejada por identidad de dominio; cambios fijados por huellas inicial/final.","c7f3baa70c259a274ec1441aed3c94d8d0bf5e4652556f48da197d38803c1991","d4413f5faabe597bd2bd79ca80d7fe4490bbd71b0cc73c8c9f5bfb117a21c7bd"
"DA-00762","B","763","745","núcleos de ciliado de 10^5 µm³","núcleos de ciliado de 10^5 µm³","PRESENTE","PRESENTE","ACTUALIZADA","Fila final emparejada por identidad de dominio; cambios fijados por huellas inicial/final.","fe3767e98938da792dfaea0617e71c0261cdf3660e22e09165092c2f7c5e97cf","cbeee562401de706a507a8ce7ca5ca700f8a0f9f3361e4a09706cd06ceab0636"
"DA-00763","B","764","746","1.3 × 10^7 ATP","1.3 × 10^7 ATP","PRESENTE","PRESENTE","ACTUALIZADA","Fila final emparejada por identidad de dominio; cambios fijados por huellas inicial/final.","46610c75c52b3536b08985b24d048d0dcedbfd88016445712e17df58e5aca353","62506589ccfe5804e7f9222379e7b60ec3c1ee664be33b9bad5bd1291e54b405"
"DA-00764","B","765","747","complejo del poro nuclear de levadura","complejo del poro nuclear de levadura","PRESENTE","PRESENTE","ACTUALIZADA","Fila final emparejada por identidad de dominio; cambios fijados por huellas inicial/final.","343286ab7025a5bdfa633b77c8ab301c365ec77ba4d4043724444f48671b37e0","b93f8aaf3fdb3f8e30db121a650eaf0bec8ded2490ea821b11dfb9fcb103d62f"
"DA-00765","B","766","748","2.9 × 10^7 ATP","2.9 × 10^7 ATP","PRESENTE","PRESENTE","ACTUALIZADA","Fila final emparejada por identidad de dominio; cambios fijados por huellas inicial/final.","4dddc5962f9544d319575a3bd282546761aee166b531554411d6e5f243ce6689","60e048178c4d00d86b41f78acadd458e938a4a20f97b58f8e30821b7e5cbc8a3"
"DA-00766","B","767","749","complejo del poro nuclear de vertebrado","complejo del poro nuclear de vertebrado","PRESENTE","PRESENTE","ACTUALIZADA","Fila final emparejada por identidad de dominio; cambios fijados por huellas inicial/final.","6feac80c68d8f6bf8526dbca5e7ba41b5b8c9d78853ac7808a0c7b18d65762d0","8440a1a4196d187b6362a8614c55630a4836b68a317018f870a6c39f74f40fe6"
"DA-00767","B","768","750","7.0 × 10^8 Vnuc^0.78 ATP","7.0 × 10^8 Vnuc^0.78 ATP","PRESENTE","PRESENTE","ACTUALIZADA","Fila final emparejada por identidad de dominio; cambios fijados por huellas inicial/final.","724fa2747bb73aeb1b810c1cd0f16242319835ea9cd27003131f21b902138cb8","1a900d1d8eaf5cfda7b12887849dd3b2cc4ff7c60d30ce245bc7119d086cbd99"
"DA-00768","B","769","751","conjunto de poros nucleares","conjunto de poros nucleares","PRESENTE","PRESENTE","ACTUALIZADA","Fila final emparejada por identidad de dominio; cambios fijados por huellas inicial/final.","1f05607b061de299fafe9fcec5360c923db352538583cedde8919357f91fa823","addc0ac38dc80576e54e9f1b332ad31e3480a9551a08fff663458d8319774833"
"DA-00769","B","770","752","núcleo ancestral completo","núcleo ancestral completo","PRESENTE","PRESENTE","ACTUALIZADA","Fila final emparejada por identidad de dominio; cambios fijados por huellas inicial/final.","4a1707871d674dce4720361da8d17a55448b30862450b49818c0a82ce8c36aa4","d269189a9cde333a4a4b05fbe395c0243057d1932ebfe90398d9fb2076bcf167"
"DA-00770","B","771","753","1.67 × 10^7 ATP","1.67 × 10^7 ATP","PRESENTE","PRESENTE","ACTUALIZADA","Fila final emparejada por identidad de dominio; cambios fijados por huellas inicial/final.","06dcb4ad697c43ee74f7a480e95d209a41f1ba1c17d4cd8c7cd14dda5b6ffcd0","169fe5827b80c6673ae58ed3799ab2245691b0e111f21ca714ae60a6a483fe7c"
"DA-00771","B","772","754","vesícula de 50 nm en construcción","vesícula de 50 nm en construcción","PRESENTE","PRESENTE","ACTUALIZADA","Fila final emparejada por identidad de dominio; cambios fijados por huellas inicial/final.","8380432e260269fd677baad08b35856afcbc4e57bfb4b680bf41325cfb16132d","7b0322935bc0759c08b39518984011cb8fd9fbef7d49f27aab5eb966cf11134a"
"DA-00772","B","773","755","9.6 × 10^6 ATP","9.6 × 10^6 ATP","PRESENTE","PRESENTE","ACTUALIZADA","Fila final emparejada por identidad de dominio; cambios fijados por huellas inicial/final.","de3ade5ce8e16664402b250eb655a83c45dc0b59c6e0a253d8639c85f05f426d","7f8882f6d22bfc66a7ff25aa742af4fd2f591a1b8018bc08ba15bce12ce35772"
"DA-00773","B","774","756","vesícula de 50 nm citoplasmática","vesícula de 50 nm citoplasmática","PRESENTE","PRESENTE","ACTUALIZADA","Fila final emparejada por identidad de dominio; cambios fijados por huellas inicial/final.","981d0cf3f70a09cb6f8ff3f89da8942ba83d37d027c996dde7024ac20f4911d6","110e8eb8b545a7064b0a5c943b5e378ecbafa3865da1c6ffdb0a6323131fd017"
"DA-00774","B","775","757","1.25 × 10^9 ATP µm^-2","1.25 × 10^9 ATP µm^-2","PRESENTE","PRESENTE","ACTUALIZADA","Fila final emparejada por identidad de dominio; cambios fijados por huellas inicial/final.","6a3e174fbefdbfc1f93ab256f2f75c8d74b39bb8fbd962a13889e829fa7a2c13","2c62cad0da11ff3ab5e3c53fc8cb1b7813c70643bdb7ab74022ebef85ae3a276"
"DA-00775","B","776","758","membrana de lípidos puros","membrana de lípidos puros","PRESENTE","PRESENTE","ACTUALIZADA","Fila final emparejada por identidad de dominio; cambios fijados por huellas inicial/final.","a2523fade9bdd403510c796dcf61937ec47081c737bbdaf1f268cf08820d4bb1","a01a35d19752a63220e476a66fac4bf8ceed9ac1a02d418cd14f912a1d63c53c"
"DA-00776","B","777","759","1.45 × 10^9 ATP µm^-2","1.45 × 10^9 ATP µm^-2","PRESENTE","PRESENTE","ACTUALIZADA","Fila final emparejada por identidad de dominio; cambios fijados por huellas inicial/final.","d77a4f06e45010311f14249645106cf8f5d95d78e5f4c0faea6a0dedd399c396","fd34f27a901dc0bd7d8613dec201bb519b2c1c58f24d22f3abfa765dadd9b3e7"
"DA-00777","B","778","760","membrana con 40% de proteína por área","membrana con 40% de proteína por área","PRESENTE","PRESENTE","ACTUALIZADA","Fila final emparejada por identidad de dominio; cambios fijados por huellas inicial/final.","9e1fb8562dd1615e114da1e85903b5e3d418e025828a0c6631259cb9768387a7","ed1326d574bbf70ab7a9c343e586c2bde328afbf58cd00d5c6bbaa0b51e11a85"
"DA-00778","B","779","761","1.1% del presupuesto celular","1.1% del presupuesto celular","PRESENTE","PRESENTE","ACTUALIZADA","Fila final emparejada por identidad de dominio; cambios fijados por huellas inicial/final.","0004f67b7d9079186b19fe0704e9e5e625aaa171f1acf5ec712f28d2230a6690","0d2aa7243cc5996d370838c064c1b8f378ab0fc2eecf3b86b7c7e0aa4ab21655"
"DA-00779","B","780","762","retículo endoplasmático y Golgi de Ostreococcus tauri","retículo endoplasmático y Golgi de Ostreococcus tauri","PRESENTE","PRESENTE","ACTUALIZADA","Fila final emparejada por identidad de dominio; cambios fijados por huellas inicial/final.","7d86a85ab397ad6d43045a0227cd62af0d5fc04d9b7765bddc61b4d20f6a8885","ef77b81ff1c562e8f87d1d2621d9e60c00268e895af2bef14013c4b8786840f7"
"DA-00780","B","781","763","retículo endoplasmático y Golgi de Saccharomyces cerevisiae","retículo endoplasmático y Golgi de Saccharomyces cerevisiae","PRESENTE","PRESENTE","ACTUALIZADA","Fila final emparejada por identidad de dominio; cambios fijados por huellas inicial/final.","89c41eb0fb0b6e3c392b59ff6cbbe6a745fb1de8a68aa5994fad888e2cbe2f5e","ea0c7f7f1a6073b3db9d5922b4e7c47841d11ffc89b94722f3f9ff07fd6a718a"
"DA-00781","B","782","764","3.0% del presupuesto celular","3.0% del presupuesto celular","PRESENTE","PRESENTE","ACTUALIZADA","Fila final emparejada por identidad de dominio; cambios fijados por huellas inicial/final.","d063641ad0449e4f2eae4b9d62679f750897c4523ad6837bb94ac0aab5ea3e2a","e49969c97e7c28e18b2258d2989384f3dc10a1932f3167ec2bc6e3fabf46ebd0"
"DA-00782","B","783","765","retículo endoplasmático y Golgi de Dunaliella salina","retículo endoplasmático y Golgi de Dunaliella salina","PRESENTE","PRESENTE","ACTUALIZADA","Fila final emparejada por identidad de dominio; cambios fijados por huellas inicial/final.","8d1bc99057aa69106cda10509ebf192a4c9855c89d17f0fda12e4f5479d717da","e3ed285a6bb157fb97a9a58b69dfb31a21efe41d94a16cc061b0b7badfdfc731"
"DA-00783","B","784","766","21% del presupuesto celular","21% del presupuesto celular","PRESENTE","PRESENTE","ACTUALIZADA","Fila final emparejada por identidad de dominio; cambios fijados por huellas inicial/final.","e2c56d4723a54083bdf524ff702f4e503711c32ce1205abad1f92534c5bd3f2c","4f3ac3dbd91fd5847faf0312efdb8fe7743e68409fbc0af0969b95f2d4ccab69"
"DA-00784","B","785","767","retículo endoplasmático y Golgi de célula pancreática de Sus scrofa","retículo endoplasmático y Golgi de célula pancreática de Sus scrofa","PRESENTE","PRESENTE","ACTUALIZADA","Fila final emparejada por identidad de dominio; cambios fijados por huellas inicial/final.","45edd1ef7557b455a39da00a25ed8d2c2715bd659975f2e393c3b9bfb4f8305c","dc5dea99471a64ccaf72ad24472df6eac614ac8dd9eff745d0ee9a2c20d5558d"
"DA-00785","B","786","768","membranas internas eucariotas","membranas internas eucariotas","PRESENTE","PRESENTE","ACTUALIZADA","Fila final emparejada por identidad de dominio; cambios fijados por huellas inicial/final.","8e8f48acb8af98dc692c1782a386d00aa89a94cfa4f7a99777461f24b1c7ee76","63062f0b430eae7ade72716689a8cdad771a5d3dd1ecd4d4d00843c9515301b1"
"DA-00786","B","787","769","proporciones dependientes de especie y tipo celular","proporciones dependientes de especie y tipo celular","PRESENTE","PRESENTE","ACTUALIZADA","Fila final emparejada por identidad de dominio; cambios fijados por huellas inicial/final.","2c31479b8fc79fb2d0ba67797f1cccbfaaab12c5657cce7a27068f6841b3e6b7","a82f33f356b491f2ef5c46f04a9163e16d1841da42eed1f6e5ea38e2722b31f8"
"DA-00787","B","788","770","sistema endomembranoso ancestral completo","sistema endomembranoso ancestral completo","PRESENTE","PRESENTE","ACTUALIZADA","Fila final emparejada por identidad de dominio; cambios fijados por huellas inicial/final.","7459a0f67cb465d61a7b503317e04a2b3066d501d55ea382ec96f1eaecd76a83","b63d3b9fb3314f1b2238289698f34f1a2dacd9649213cdf07cfd2f2d140ae941"
"DA-00788","B","789","771","modelo coste-beneficio de beneficio neto","modelo coste-beneficio de beneficio neto","PRESENTE","PRESENTE","ACTUALIZADA","Fila final emparejada por identidad de dominio; cambios fijados por huellas inicial/final.","aa094385564470ad1c93faa8abcc4daac7ab6cc0c18af2663a595df9f93434bb","d018103c22d240ff6d67368e075acef92c9c727d49bf3d97ef54da974808fdfd"
"DA-00789","B","790","772","proto-retículo con translocasas Sec","proto-retículo con translocasas Sec","PRESENTE","PRESENTE","ACTUALIZADA","Fila final emparejada por identidad de dominio; cambios fijados por huellas inicial/final.","d99ef47383c429393b42cd0c5f6e8c99568af12ccb0b7fae410f5d02f97c85bb","4fcc28b20f67caf28fa063797f4c2e9ffe51e78639a61bcb9efb6a2f82f91c32"
"DA-00790","B","791","773","pinocitosis de moléculas pequeñas modelada","pinocitosis de moléculas pequeñas modelada","PRESENTE","PRESENTE","ACTUALIZADA","Fila final emparejada por identidad de dominio; cambios fijados por huellas inicial/final.","6c622ec0ff3faf43a936679376d9c243f6cb60e5b1900557d498e70e67ba58ac","bef15b73e1dbdb673825e58e3f689fc7f966de4718e68651bd1487db02a379a7"
"DA-00791","B","792","774","sin mejora de aptitud bajo parámetros considerados","sin mejora de aptitud bajo parámetros considerados","PRESENTE","PRESENTE","ACTUALIZADA","Fila final emparejada por identidad de dominio; cambios fijados por huellas inicial/final.","b7959773f29339fec4ddbed9540453a9da0eb479818dcf5ba07737f8dd880fc3","01812cb8f0d7e01421d62f7cbf1d1fc0ef36d95a075937024a4e0e740d55b761"
"DA-00792","B","793","775","5.0 × 10^10 ATP","5.0 × 10^10 ATP","PRESENTE","PRESENTE","ACTUALIZADA","Fila final emparejada por identidad de dominio; cambios fijados por huellas inicial/final.","adaa4419de29f4a1667ff25d12f1977efbab8b8fbb1980622e6753d515c70ac6","e4286be9e33e4134a851d50c58535d889e3d81caa64bb1f77223cbc22f70657d"
"DA-00793","B","794","776","microtúbulos corticales de Ochromonas idealizada","microtúbulos corticales de Ochromonas idealizada","PRESENTE","PRESENTE","ACTUALIZADA","Fila final emparejada por identidad de dominio; cambios fijados por huellas inicial/final.","25bfaa1b6f9308f81d4c1885dbef0cc06638ee97aa955219184ac8fe42cc6fe7","c7ded74eee3bf3d67ffa69ea3f5c59cff5104cce14853e28a914729d69e9b34c"
"DA-00794","B","795","777","0.1%; 1.4 × 10^9 ATP","0.1%; 1.4 × 10^9 ATP","PRESENTE","PRESENTE","ACTUALIZADA","Fila final emparejada por identidad de dominio; cambios fijados por huellas inicial/final.","7a543a73b84fa85915080350cd8908659e260a463fd9947d45a131f1a5b7e49f","e539b62d2e81558bf0ddd61aa4a32c58bbf38d4ea8d5418afd10656a79d61806"
"DA-00795","B","796","778","actina y tubulina de Saccharomyces cerevisiae","actina y tubulina de Saccharomyces cerevisiae","PRESENTE","PRESENTE","ACTUALIZADA","Fila final emparejada por identidad de dominio; cambios fijados por huellas inicial/final.","1d47b551a58276e4c6bd440c2b0a7aacdf6546c70c6447d2a5c91f886bd9c939","e6b0233cdeef5963119e6e6b9db83e6942b47d5d52914b1cdc2880c740f27eb2"
"DA-00796","B","797","779","0.4%; 1.1 × 10^10 ATP","0.4%; 1.1 × 10^10 ATP","PRESENTE","PRESENTE","ACTUALIZADA","Fila final emparejada por identidad de dominio; cambios fijados por huellas inicial/final.","e1fe4e9f0cdf8ef262a94ee8ab3e92361c0269a0f85bff812004746097f4500b","1a57e8bf0b972aa457ed10674883f9390174abb8246c8e8832c280b91af5f8ac"
"DA-00797","B","798","780","actina y tubulina de Schizosaccharomyces pombe","actina y tubulina de Schizosaccharomyces pombe","PRESENTE","PRESENTE","ACTUALIZADA","Fila final emparejada por identidad de dominio; cambios fijados por huellas inicial/final.","5059d60e5e5d466f243279210b1f5509a31165b8a42a2427b16c39b95aa95cf4","e7ddf6d6fc13f93eb5ac206bf10430aab4a58064c08c13d150031a30c71c8af9"
"DA-00798","B","799","781","5.7% del presupuesto celular","5.7% del presupuesto celular","PRESENTE","PRESENTE","ACTUALIZADA","Fila final emparejada por identidad de dominio; cambios fijados por huellas inicial/final.","48088a1c243305fa1f336df51ce3fb9743e1b12c95566ec18bcef592bcdc3d2c","97a6fc9fa601c713771768c35fd1a650767e48083167cf2e37b34b7b26ae10b2"
"DA-00799","B","800","782","actina y tubulina de fibroblastos de ratón","actina y tubulina de fibroblastos de ratón","PRESENTE","PRESENTE","ACTUALIZADA","Fila final emparejada por identidad de dominio; cambios fijados por huellas inicial/final.","ac020d7afed87264a31c4d596e4439364a7af450026a8babe5ad3c1ffe1a2bc6","5b9ca7650518d38444387424b3616d7fcbfb81e42736c74caeaa50c162a2d6cc"
"DA-00800","B","801","783","0.6% del presupuesto celular","0.6% del presupuesto celular","PRESENTE","PRESENTE","ACTUALIZADA","Fila final emparejada por identidad de dominio; cambios fijados por huellas inicial/final.","031aa6d54b588b532afbc161da0dacbd76035715aa252e3ea2e8f92823a7de08","38e0583814fcaa1f37bdd6457fd607599ab99fa0e520f25155d9d8ffbf8c1ca5"
"DA-00801","B","802","784","actina y tubulina de células HeLa","actina y tubulina de células HeLa","PRESENTE","PRESENTE","ACTUALIZADA","Fila final emparejada por identidad de dominio; cambios fijados por huellas inicial/final.","6b64b64c92a8a92262ecadc55657bdeca6cdbae475768a2c0196a81efa33c974","af1358a60af9446cdcd819b3b9f91b4455f9c918659e56f5ffb21aba23325b5e"
"DA-00802","B","803","NO_APLICA","actina","NO_APLICA","PRESENTE","RETIRADA","RETIRADA","Instantánea externa y linaje de auditoría; retirada o consolidada sin reasignar silenciosamente la fila.","5c2762a2662dc4959be7fcb98c23293f4415aacdf106acc16569c05d2a646e47","NO_APLICA"
"DA-00803","B","804","785","ciclo de nucleótido ATP durante polimerización","ciclo de nucleótido ATP durante polimerización","PRESENTE","PRESENTE","ACTUALIZADA","Fila final emparejada por identidad de dominio; cambios fijados por huellas inicial/final.","cbce140c27df2ff08802ccf4602a6e1d6a192d8ad0d5a1f5ff601c2980e80efb","5f7ab222a3957fb4e4a86bb4c47e6513b4ca00de21ab30fd2060d4bea7e74071"
"DA-00804","B","805","786","ciclo de nucleótido GTP durante dinámica microtubular","ciclo de nucleótido GTP durante dinámica microtubular","PRESENTE","PRESENTE","ACTUALIZADA","Fila final emparejada por identidad de dominio; cambios fijados por huellas inicial/final.","3dc0c5c564f82ebcf02741155974b8cbf73dbb9a5eb3f5b0705ab57cccdb9106","8df62c01c04df9c842223e85e4ac56a9c628762e3af37f4f7a1f42a7f611f966"
"DA-00805","B","806","NO_APLICA","tubulina","NO_APLICA","PRESENTE","RETIRADA","RETIRADA","Instantánea externa y linaje de auditoría; retirada o consolidada sin reasignar silenciosamente la fila.","d42ed25a0bfe4bf29dcbb50257cd7577e44f426ab23c5816ff222f3fbae22459","NO_APLICA"
"DA-00806","B","807","787","coste celular total del citoesqueleto","coste celular total del citoesqueleto","PRESENTE","PRESENTE","ACTUALIZADA","Fila final emparejada por identidad de dominio; cambios fijados por huellas inicial/final.","851eee13e697bc0be62ab0ec1cc0774c0a92fcca0ed43b4f570dd85c0a2b2623","a82fd3162deca02b149e3e4a294d13aea3880d3fe7055a351e22601bf1f1be37"
"DA-00807","B","808","788","estequiometría de ATP o GTP por subunidad","estequiometría de ATP o GTP por subunidad","PRESENTE","PRESENTE","ACTUALIZADA","Fila final emparejada por identidad de dominio; cambios fijados por huellas inicial/final.","62367d46a1bb9376312005c71543bb28b2972e84689513a1b65770e27c1231e2","7df754af01249419143bcdc8aa3b91419117129fdbd307c16f0cc67f31d9766a"
"DA-00808","B","809","789","creatina quinasa B durante fagocitosis","creatina quinasa B durante fagocitosis","PRESENTE","PRESENTE","ACTUALIZADA","Fila final emparejada por identidad de dominio; cambios fijados por huellas inicial/final.","a0df7999db82a92c30984c685ffbaf7b05bf0a0ba2ae6fcb69bf022142dad825","91d9cd854422ae1221ccaa55cb054d3faf56df5fb00fdda6bc22e2073acd1d0e"
"DA-00809","B","810","790","suministro local de ATP","suministro local de ATP","PRESENTE","PRESENTE","ACTUALIZADA","Fila final emparejada por identidad de dominio; cambios fijados por huellas inicial/final.","3f10e43ba6d68c40f73d679f8df4f60d245cd9dab36bf1788a17ee5e41c99c54","16920a537a532ce2076f8dc9c7c01adf243be0a43fc617386b123e0a4331d488"
"DA-00810","B","811","791","73 ± 9% del control","73 ± 9% del control","PRESENTE","PRESENTE","ACTUALIZADA","Fila final emparejada por identidad de dominio; cambios fijados por huellas inicial/final.","689d5e24347ffb2c11a55eea852bdb6cfd1a39ea9cb522e9fd6da51d6bfdc9f0","1f432f943eaa4b69ae046a08ac5099f97179ab95a92654746716ca3c628b5257"
"DA-00811","B","812","792","formación de F-actina con CK-B inhibida","formación de F-actina con CK-B inhibida","PRESENTE","PRESENTE","ACTUALIZADA","Fila final emparejada por identidad de dominio; cambios fijados por huellas inicial/final.","26a7f1d4c0827e3dc7c839ce0a607532bb4956721a3f779878b72d36390cf1c9","cd066e82bf3a64d9529bdc845114208793d4da053677e083f566e8bb70686ed1"
"DA-00812","B","813","793","0.8 fmol célula^-1","0.8 fmol célula^-1","PRESENTE","PRESENTE","ACTUALIZADA","Fila final emparejada por identidad de dominio; cambios fijados por huellas inicial/final.","2c453898a7ae0755e93a3ad15b464f725d0b066d4293939e1b145bbdd894192c","c3dac6f5973cbbe5a5d63e0dace062a918d9d2dbe45c1d15d0438ad839656024"
"DA-00813","B","814","794","contenido de ATP de neutrófilos durante fagocitosis","contenido de ATP de neutrófilos durante fagocitosis","PRESENTE","PRESENTE","ACTUALIZADA","Fila final emparejada por identidad de dominio; cambios fijados por huellas inicial/final.","9e875da93710f223327164cbd5aa945e55ebd149009e6d7193ebf74da366dfd6","8ccdcbf0344682e78956e6cefb8e9830d38e9d26f8076d2334bfdf850c9f4ed1"
"DA-00814","B","815","795","contenido de ATP durante fagocitosis","contenido de ATP durante fagocitosis","PRESENTE","PRESENTE","ACTUALIZADA","Fila final emparejada por identidad de dominio; cambios fijados por huellas inicial/final.","3ca4b35c03dfa676c9a7109405c798f09f33b4b2456ee2c6f11aa2e25c4f0310","b020bbcd2163643944f346eedd734e30db567d529540cf223c56da6c29969e2e"
"DA-00815","B","816","796","coste integrado por evento de ingestión","coste integrado por evento de ingestión","PRESENTE","PRESENTE","ACTUALIZADA","Fila final emparejada por identidad de dominio; cambios fijados por huellas inicial/final.","debc5cbe94322912ac0cb90a2b274299b9dc3a2e8374603897eceaeaf481f1bd","755536d3f309abbf00ebeb1ff8fcbccb2c9298eb483e82d717bc41706da29542"
"DA-00816","B","817","797","fagocitosis en holozoos unicelulares","fagocitosis en holozoos unicelulares","PRESENTE","PRESENTE","ACTUALIZADA","Fila final emparejada por identidad de dominio; cambios fijados por huellas inicial/final.","d113f83db39e40804777477ecaa5c2f5b7c52921aaff142ff74d50a86376f1cc","a5bf1909a4bb50988fc4c9d42aa84287590f775cfb321d5501f13bd10d0c9264"
"DA-00817","B","818","798","ATPasas PEX1 y PEX6","ATPasas PEX1 y PEX6","PRESENTE","PRESENTE","ACTUALIZADA","Fila final emparejada por identidad de dominio; cambios fijados por huellas inicial/final.","505fe8a6383ba90b33f018757207ae667e4a0adfff3761f6aa10dce7f3291620","ec595bac719b20636c7a4211807b3207951f36276cba5012f8a79285c3aa9043"
"DA-00818","B","819","799","maquinaria de importación peroxisomal","maquinaria de importación peroxisomal","PRESENTE","PRESENTE","ACTUALIZADA","Fila final emparejada por identidad de dominio; cambios fijados por huellas inicial/final.","347665e92f41d5cd8868912b3f826d97e3fc92fee4685bf8d5157efe097ffb25","f32b6c3456974e5d698feafe205f2dfcb072265aeb9568b6ea673f2b6976889b"
"DA-00819","B","820","800","complejo Pex1/Pex6","complejo Pex1/Pex6","PRESENTE","PRESENTE","ACTUALIZADA","Fila final emparejada por identidad de dominio; cambios fijados por huellas inicial/final.","e016fba93fa82acc8855ae5e2970716bcdeaf64a514e4830ee699c3cede96b66","fe6b0b87230ffc54c956d84758a9c103e3110b0c0deff4922c0bd4bdfcf3ac65"
"DA-00820","B","821","801","desplegado procesivo dependiente de ATP","desplegado procesivo dependiente de ATP","PRESENTE","PRESENTE","ACTUALIZADA","Fila final emparejada por identidad de dominio; cambios fijados por huellas inicial/final.","d67398617668cff6d9c4251be6b37807e4b5434a5627ffd37f39af339c1828df","6c1482759449012a96081a4d7241b9d213a8a32a8e5f9e21c2a738484d84bd89"
"DA-00821","B","822","802","peroxisoma completo","peroxisoma completo","PRESENTE","PRESENTE","ACTUALIZADA","Fila final emparejada por identidad de dominio; cambios fijados por huellas inicial/final.","442e18cd1ee0cd7d644961f204edea949c50f48946b67853e93bf1597cdbc18e","6aa1a429741a474f8cee554075cc1d951225d821de18f3366bf1741af5bc4963"
"DA-00822","B","823","803","desensamblaje amplio de envoltura nuclear","desensamblaje amplio de envoltura nuclear","PRESENTE","PRESENTE","ACTUALIZADA","Fila final emparejada por identidad de dominio; cambios fijados por huellas inicial/final.","c6d6f5f86f0f010595b514f9e951fa15dc5220fbbd97d7c14d6f96b9a91d4b4e","a83228b2874f8b8b40fa6144d5b188a1ca63c583257670de7b67bf800de311d9"
"DA-00823","B","824","804","mitosis abierta","mitosis abierta","PRESENTE","PRESENTE","ACTUALIZADA","Fila final emparejada por identidad de dominio; cambios fijados por huellas inicial/final.","b7762db775a9de07b1543c99510c3278fddaa062bea01d2b1597c2f61d013af7","6d3b019305034128df2e9b9482bc39d30b155313449b2901404c763fd0d3f82a"
"DA-00824","B","825","NO_APLICA","mitosis cerrada","NO_APLICA","PRESENTE","RETIRADA","RETIRADA","Instantánea externa y linaje de auditoría; retirada o consolidada sin reasignar silenciosamente la fila.","29075260eee3c19e5d1819221bfaa76a71484f1114ff7b403ac2a49a6d82ad69","NO_APLICA"
"DA-00825","B","826","805","retención de envoltura nuclear","retención de envoltura nuclear","PRESENTE","PRESENTE","ACTUALIZADA","Fila final emparejada por identidad de dominio; cambios fijados por huellas inicial/final.","e11b2ba5828e2d9d0c2edd7a390b497ca2726c6bd32029d7d28ea42e78731367","784b7efcd213625cc8fed10dd857a0dee857dc9b553cd23688c6b0125f44e093"
"DA-00826","B","827","806","mitosis semiabierta","mitosis semiabierta","PRESENTE","PRESENTE","ACTUALIZADA","Fila final emparejada por identidad de dominio; cambios fijados por huellas inicial/final.","a33b8df08a35d06d41425c0929a64c7bc961336658d3cffafea9ebab51b37cb1","97d4ea1105422693f168765f5f603c093456b6dca856cdf64c8453bdc9d61a29"
"DA-00827","B","828","807","permeabilización o desensamblaje parcial","permeabilización o desensamblaje parcial","PRESENTE","PRESENTE","ACTUALIZADA","Fila final emparejada por identidad de dominio; cambios fijados por huellas inicial/final.","24465b8bbec8797288d5b80ac6432e92ea93de28db34fad8725825c03aeb764d","44bb06609327ec349a2f982fceef1a81546d83cd3d3caa9b2496d18294068ec0"
"DA-00828","B","829","808","estructura del ciclo vital","estructura del ciclo vital","PRESENTE","PRESENTE","ACTUALIZADA","Fila final emparejada por identidad de dominio; cambios fijados por huellas inicial/final.","85cd33c58b8a3a1ff2334b6f3c553de109d88144797be1baf1d471eac4fb42ae","728f7262f168b692c4447b0ce570cce74ac15669ae40be72da2e94ebe5f74498"
"DA-00829","B","830","809","modo mitótico en holozoos muestreados","modo mitótico en holozoos muestreados","PRESENTE","PRESENTE","ACTUALIZADA","Fila final emparejada por identidad de dominio; cambios fijados por huellas inicial/final.","1d47852efe73fcfea90aa89d9b31bc16d67b929b37aef02b32f2fe7ee46e02fa","49a10f175de4da6d18e02d72e240ff5a49552cdd6648b9f0afe24b3fe5699d47"
"DA-00830","B","831","810","Corallochytrium limacisporum","Corallochytrium limacisporum","PRESENTE","PRESENTE","ACTUALIZADA","Fila final emparejada por identidad de dominio; cambios fijados por huellas inicial/final.","b8a859e8303559d58687e3822919054867d3f59b34554e72f18de44568ceae81","093cb10c81c501bca7d03bbba4ce8f9d4fcf77771c20f7393b4973418ba9fa6a"
"DA-00831","B","832","811","mitosis de LECA","mitosis de LECA","PRESENTE","PRESENTE","ACTUALIZADA","Fila final emparejada por identidad de dominio; cambios fijados por huellas inicial/final.","6be7555f88612d21342857e9e9e5c84287aabfba1116418af520d887b54340ed","29a96407bb40acd7ae90237357c7b3d35dabdedfe591a523afe860d854229b3c"
"DA-00832","B","833","812","reconstrucción ancestral dependiente de método","reconstrucción ancestral dependiente de método","PRESENTE","PRESENTE","ACTUALIZADA","Fila final emparejada por identidad de dominio; cambios fijados por huellas inicial/final.","840c115e5df2aac88e5037784c905bd7b785471686a9ffee4cbd63184310ea98","8ed8abaef21c0e9c8c5a5451f47f4245efb3074b15325d900d1ea3def55328a8"
"DA-00833","B","834","813","coste de modos mitóticos","coste de modos mitóticos","PRESENTE","PRESENTE","ACTUALIZADA","Fila final emparejada por identidad de dominio; cambios fijados por huellas inicial/final.","5567d6cfd370a915eac3b712d1de7a8ef4b6befaa93763169d4d83e71a3251b6","1b2a4af723499ad4f26628bfe14f75908bf75bfb21c38832f6c0fc0fa4ae5006"
"DA-00834","B","835","814","1.9% del presupuesto celular","1.9% del presupuesto celular","PRESENTE","PRESENTE","ACTUALIZADA","Fila final emparejada por identidad de dominio; cambios fijados por huellas inicial/final.","41337a639f27ee563bb8e0f13fff0c7aaba6033e83217b048a26122c17c173eb","ecaafb46617105b30deaa1bddb7bcb69803801175bef2e73d0484b3bbb2dcf78"
"DA-00835","B","836","815","membrana mitocondrial de Dunaliella salina","membrana mitocondrial de Dunaliella salina","PRESENTE","PRESENTE","ACTUALIZADA","Fila final emparejada por identidad de dominio; cambios fijados por huellas inicial/final.","149b43f56306fea5b678a597dbf32d4e19700ec2c0fd93c98d041743208671d3","f2de73aff362a0d34ba4aa7c507d2ef41ab7a85872075319bd44e456082dddbf"
"DA-00836","B","837","816","4–17% del presupuesto celular","4–17% del presupuesto celular","PRESENTE","PRESENTE","ACTUALIZADA","Fila final emparejada por identidad de dominio; cambios fijados por huellas inicial/final.","3002f13f6105a33c270ba27dfd632ed05f0fba4f0579d47c319b7dcba0ad0a62","56aa48c9a5a70c5744cac0ba64f1b890789a30b13e146f2622f0a8255f7ac658"
"DA-00837","B","838","817","membrana mitocondrial de ciliados","membrana mitocondrial de ciliados","PRESENTE","PRESENTE","ACTUALIZADA","Fila final emparejada por identidad de dominio; cambios fijados por huellas inicial/final.","02a8d49149db278eb3b730cce2d2cc148d4f59ddfc3f0b9fc8be3f151f511276","c795b797caab7a118256116b1a05f276f4b1e503c7ba0ac2721f66114a488127"
"DA-00838","B","839","818","6.7% del presupuesto celular","6.7% del presupuesto celular","PRESENTE","PRESENTE","ACTUALIZADA","Fila final emparejada por identidad de dominio; cambios fijados por huellas inicial/final.","b92e89a5830bc38c3dc6269f8a5426c3d3a405ad5c957b19e6103d160c3182e4","71ce270f12a8ccd480fcd5b9248d03d777a9ec1547cb22fe08b8bc03b2098ea6"
"DA-00839","B","840","819","membrana mitocondrial de célula pancreática de Sus scrofa","membrana mitocondrial de célula pancreática de Sus scrofa","PRESENTE","PRESENTE","ACTUALIZADA","Fila final emparejada por identidad de dominio; cambios fijados por huellas inicial/final.","09fead7a4cd1c4461fb30fc034895a8bbb902e148390289bf59d8ff51df65160","17913fa8e2c52973d19b0c7f8947eeb33884fdd60502bba03d601efa2d0a9f87"
"DA-00840","B","841","820","7.9% del presupuesto celular","7.9% del presupuesto celular","PRESENTE","PRESENTE","ACTUALIZADA","Fila final emparejada por identidad de dominio; cambios fijados por huellas inicial/final.","44b0e0a6438be9888aa52dcb2506b61bee9738684f2a58b94e867f1c6d2fa697","5cdf0eb07e27d2cb5262462b06bcd9845e830c6a68cf9505e85ab681c023812d"
"DA-00841","B","842","821","membrana mitocondrial de Ostreococcus tauri","membrana mitocondrial de Ostreococcus tauri","PRESENTE","PRESENTE","ACTUALIZADA","Fila final emparejada por identidad de dominio; cambios fijados por huellas inicial/final.","6e3b4318c00f5877c7b3c65923162b6d86189d185dda5603d5100a42ca6eae66","a312acf61bc9fefe3d9469fb5b90016e87573713f88d6990721b6c9448bd2e02"
"DA-00842","B","843","822","3.0 Vcell^0.99","3.0 Vcell^0.99","PRESENTE","PRESENTE","ACTUALIZADA","Fila final emparejada por identidad de dominio; cambios fijados por huellas inicial/final.","5bf388997f02b3d314466268c4577d35731054956a1429c33fb2b2c1da230f97","ba03a1c976146f8ac4206ae2f17ff0042bcdaecd6d88b4c69a1c1671ff4c5645"
"DA-00843","B","844","823","área de membrana mitocondrial","área de membrana mitocondrial","PRESENTE","PRESENTE","ACTUALIZADA","Fila final emparejada por identidad de dominio; cambios fijados por huellas inicial/final.","bd31f1adc70171cb3e17f9a23b4e52b65eca88a83202f1066dab214efddf5c77","23198ba7dfaf389c009f3a0c0f2627de9d7899818f985ed5058bae6ce51dc59b"
"DA-00844","B","845","824","coste de membrana mitocondrial","coste de membrana mitocondrial","PRESENTE","PRESENTE","ACTUALIZADA","Fila final emparejada por identidad de dominio; cambios fijados por huellas inicial/final.","0bab40ef3420a837a66876c82755b7c00ddc1787c6be5dab85c2a68229d7749e","694c1c821410df913e1ad06ab095285f8bae1700ffb1726a644e8172e3f09bae"
"DA-00845","B","846","825","coste total de mitocondria y fosforilación oxidativa","coste total de mitocondria y fosforilación oxidativa","PRESENTE","PRESENTE","ACTUALIZADA","Fila final emparejada por identidad de dominio; cambios fijados por huellas inicial/final.","0b3a4861221a1a9ebd38fb42c1231ea9b69e40718ddceefac285418c533ba432","3773e1add043395d8f59beec3c6256988f9a24cb843c7c0fac550c93abe24ad8"
"DA-00846","B","847","826","mitocondria ancestral integrada","mitocondria ancestral integrada","PRESENTE","PRESENTE","ACTUALIZADA","Fila final emparejada por identidad de dominio; cambios fijados por huellas inicial/final.","67374aef7a76ef4df2258ad46f8dd987206f09ebce8ff6f92331f0966c56019f","34c6fdcfc9c727db058b10b16ec014e4c7774d607b3150fedaa89a9baa08083e"
"DA-00847","B","848","827","6.15 × 10^10 ATP célula^-1","6.15 × 10^10 ATP célula^-1","PRESENTE","PRESENTE","ACTUALIZADA","Fila final emparejada por identidad de dominio; cambios fijados por huellas inicial/final.","4b6bf89284e9f7cd3fede349cc1153d91cf0ea842bc4cbe96078ca3e27b4ac5e","5d5e4d616db28da5bdee65b09f11704ebd3ad10aeae8f11147f2427832e50f60"
"DA-00848","B","849","828","dos flagelos de Chlamydomonas","dos flagelos de Chlamydomonas","PRESENTE","PRESENTE","ACTUALIZADA","Fila final emparejada por identidad de dominio; cambios fijados por huellas inicial/final.","71b6b6cab3aca0e29a91c90ee82ca10ff44f00513880bcbb83c531b634df6bb8","af8f6f8c75845ead1715a20861721c924f7fdc5709857aacd4a455d8bc045066"
"DA-00849","B","850","829","1.4% del presupuesto del ciclo","1.4% del presupuesto del ciclo","PRESENTE","PRESENTE","ACTUALIZADA","Fila final emparejada por identidad de dominio; cambios fijados por huellas inicial/final.","db90838ff6a0c44124b2a17bbb288a393b15398361f2dc0ab185428219b870a1","0abe7bcd585172a055707a9ed8117c9d7e82ff30efdce648ccc5874eeabe759d"
"DA-00850","B","851","830","flagelos de Chlamydomonas","flagelos de Chlamydomonas","PRESENTE","PRESENTE","ACTUALIZADA","Fila final emparejada por identidad de dominio; cambios fijados por huellas inicial/final.","7ea37bb9b69fd565a6456544dcccaa8789be86ed70ed3596914529246c2f66fd","3619e5ba54d47812ad303dfaf7224b92acc5eaae2684a3e49a68926039b1da0c"
"DA-00851","B","852","831","9.7 × 10^5 ATP s^-1 flagelo^-1","9.7 × 10^5 ATP s^-1 flagelo^-1","PRESENTE","PRESENTE","ACTUALIZADA","Fila final emparejada por identidad de dominio; cambios fijados por huellas inicial/final.","340d6463a2686fc4969aeaf8af990024967368e17879a088ad708a80e5f5de62","c802925c6fd2902a432cde5342bb3fd1b4471e9ad3755332894587408c4e5b3f"
"DA-00852","B","853","832","flagelo de Chlamydomonas en operación","flagelo de Chlamydomonas en operación","PRESENTE","PRESENTE","ACTUALIZADA","Fila final emparejada por identidad de dominio; cambios fijados por huellas inicial/final.","ca45df80753593e5d1af84cf84713676cd4c7ddb38f50e48db84fcead84c7009","a77262130b215b0bfb7226aa6da06848c95766b1b7d8303f1b019f0225c081c4"
"DA-00853","B","854","833","1.2% del presupuesto del ciclo","1.2% del presupuesto del ciclo","PRESENTE","PRESENTE","ACTUALIZADA","Fila final emparejada por identidad de dominio; cambios fijados por huellas inicial/final.","0556bc901d2d3d3e6127ecaf54d9c4b1b3ad1132d9c5fc0b516433bf902737e3","72860fdf7946f0d678dd1efc927b8c1baeec16d4d2fb600d65e8c662f030fc8a"
"DA-00854","B","855","834","operación de flagelos de Chlamydomonas","operación de flagelos de Chlamydomonas","PRESENTE","PRESENTE","ACTUALIZADA","Fila final emparejada por identidad de dominio; cambios fijados por huellas inicial/final.","db1246454678932ef9adc217276e2713d6fdd23de5822320028d66e4fa2cc8a5","d49ab0673c06a5c7986e3cf559745fccbc78f9de480d40f875656a6b34026b02"
"DA-00855","B","856","835","2.6% del presupuesto del ciclo","2.6% del presupuesto del ciclo","PRESENTE","PRESENTE","ACTUALIZADA","Fila final emparejada por identidad de dominio; cambios fijados por huellas inicial/final.","81ec596ae7af0c07a72b233c40b3e78c52a39667162b8cf930b7c8684ff81c57","3702d1e02111c474c04e36dc18e54a36fbf270208838e641dd5042555e3901e6"
"DA-00856","B","857","836","0.1–40% del presupuesto celular en la mayoría","0.1–40% del presupuesto celular en la mayoría","PRESENTE","PRESENTE","ACTUALIZADA","Fila final emparejada por identidad de dominio; cambios fijados por huellas inicial/final.","6de9430ac6d47c57e34659038fe0bad2d5edc378cd03b72924aaf9501ff00213","7f38d03f115b8158929c3784739155e35fe1b3fa8b58204451c382367d83e8b6"
"DA-00857","B","858","837","construcción de flagelos en 200 especies","construcción de flagelos en 200 especies","PRESENTE","PRESENTE","ACTUALIZADA","Fila final emparejada por identidad de dominio; cambios fijados por huellas inicial/final.","8de588a466e024d4dbacfc0a7c7c1ac1885a3d7236aa6651d55bed5f9bebe97a","53243bb711bb938d99c2b0fe3f20dfc7538f4650efae3a53e5076668d5a34364"
"DA-00858","B","859","838","ambiente, tamaño y velocidad","ambiente, tamaño y velocidad","PRESENTE","PRESENTE","ACTUALIZADA","Fila final emparejada por identidad de dominio; cambios fijados por huellas inicial/final.","526ce614441cd1e0d56ec2fbf19762c7e4df81724ed847ce1017aa5778163f97","e64a7e993881cce4e2e1fb3ecf5e9ac917614cf5342fb57a93bb4272b031d216"
"DA-00859","B","860","839","beneficio de flagelos","beneficio de flagelos","PRESENTE","PRESENTE","ACTUALIZADA","Fila final emparejada por identidad de dominio; cambios fijados por huellas inicial/final.","cacdf523ded4ee8292c0c720f78f7869acf9f429989a8cf570c44f232fecce75","51c72244a72b315ff796714ced0e5ea4e1b0e833bca6a871d23a5b05f2a032ea"
"DA-00860","B","861","840","adhesión mediada por integrinas","adhesión mediada por integrinas","PRESENTE","PRESENTE","ACTUALIZADA","Fila final emparejada por identidad de dominio; cambios fijados por huellas inicial/final.","40e883b99d62ee29af5833b4fcffa97b92123b473c496031ff3797819de8f2f4","267c0cee4c92b0edb8f0dd35a16f2e9155384efae5a6d5deebb0c5cd0a6b4119"
"DA-00861","B","862","841","fortalecimiento aproximado de siete veces bajo 200 nN","fortalecimiento aproximado de siete veces bajo 200 nN","PRESENTE","PRESENTE","ACTUALIZADA","Fila final emparejada por identidad de dominio; cambios fijados por huellas inicial/final.","c680e0e1e04ea1706d25e4c337bc6361360678b0ed9d4554be93ab29180425f4","ab0ef448f39320fcdf519aebcd1eaa4d07ce70a2d213137f85d73fe408c8aa38"
"DA-00862","B","863","842","200 nN en ensayo de adhesión","200 nN en ensayo de adhesión","PRESENTE","PRESENTE","ACTUALIZADA","Fila final emparejada por identidad de dominio; cambios fijados por huellas inicial/final.","822a6e3ed28443e33f0f49b6e07f15b182532f09309dfcdecb8980f6b77dd8a6","b409fcf4b402367a8c92deb55724f354a4613a0b3a9d12aa80b815e104b54439"
"DA-00863","B","864","843","coste energético metabólico","coste energético metabólico","PRESENTE","PRESENTE","ACTUALIZADA","Fila final emparejada por identidad de dominio; cambios fijados por huellas inicial/final.","25f023ff6b3628a0cce4a4cbdd0bd565a4947564f85e721977198a3c39c23197","1ef4831e6560e3cc9955274f934c9458aecc5f7fedc755bee16367dab2e38bc0"
"DA-00864","B","865","844","adhesión en coanoflagelados o filastereos","adhesión en coanoflagelados o filastereos","PRESENTE","PRESENTE","ACTUALIZADA","Fila final emparejada por identidad de dominio; cambios fijados por huellas inicial/final.","da493c6a48e71c5d29c5ce8ee476357bac0dc34e2a8a2a8cf28a9b68bb9d5e01","0eb0f4462e62fa3374f0a901432750324c92242cc5b8c309a27b9a128c4eec01"
"DA-00865","B","866","845","hidrólisis de GTP","hidrólisis de GTP","PRESENTE","PRESENTE","ACTUALIZADA","Fila final emparejada por identidad de dominio; cambios fijados por huellas inicial/final.","46774c05fd93f0835820646fee6ca317a9cd2c6887ed5be474969e88cf92a601","40817bc96f42197de0fc0d88b113c7e6b6c8f4be94aacc58538b78ba9b811b71"
"DA-00866","B","867","846","señalización por proteínas G","señalización por proteínas G","PRESENTE","PRESENTE","ACTUALIZADA","Fila final emparejada por identidad de dominio; cambios fijados por huellas inicial/final.","7f0fa131d48cff6b912f7387664711d4e330c55d6485c852dc5ca65e14effa13","8b892ee7d81d7ca2dd6c5963545369db31d4afa886bf0b55901ace91a612a365"
"DA-00867","B","868","847","sistemas de detección celular","sistemas de detección celular","PRESENTE","PRESENTE","ACTUALIZADA","Fila final emparejada por identidad de dominio; cambios fijados por huellas inicial/final.","b08c605c9bc5fc4eff23f870f1aedeea05020f38df10eea0980099c5cf97d2c8","1de992f73e116108af3aee37cf085d840805488914ab33ecada02f89d6b443fd"
"DA-00868","B","869","848","tiempo, proteínas y energía","tiempo, proteínas y energía","PRESENTE","PRESENTE","ACTUALIZADA","Fila final emparejada por identidad de dominio; cambios fijados por huellas inicial/final.","e3d0c3e9dda9c65b5dde7d112766368ee087462505e879ef8ff40d99c2159f3b","64a5d06c29dcf40a43621fe99c18e4963d2235086654a203c0f63e87032e1522"
"DA-00869","B","870","849","oscilaciones de flujo de calor","oscilaciones de flujo de calor","PRESENTE","PRESENTE","ACTUALIZADA","Fila final emparejada por identidad de dominio; cambios fijados por huellas inicial/final.","878171889ddfb431e4f8cb6d92e78c4001518a8f24f474fecc19abdfb706f33e","47cc9014d5d5b929997224694f7ec83fd816250f5c2513d15ab384df94a8c69f"
"DA-00870","B","871","850","señalización del ciclo celular en embriones de pez cebra","señalización del ciclo celular en embriones de pez cebra","PRESENTE","PRESENTE","ACTUALIZADA","Fila final emparejada por identidad de dominio; cambios fijados por huellas inicial/final.","18bc1aa89b303fdca85567e5c4d9be0c6c377f8ec213297d8518de6ec0cfa3a1","7da44295bc318506ae286581d61dfef6994fa239d89efdedd5a3ab3f76f543cc"
"DA-00871","B","872","851","calorimetría de embriones de pez cebra","calorimetría de embriones de pez cebra","PRESENTE","PRESENTE","ACTUALIZADA","Fila final emparejada por identidad de dominio; cambios fijados por huellas inicial/final.","be4bd491b8b45fea1e95feca8319f2693f490821d4c7f41607da806bbd0de65b","a99b3e9052e4252fec309c1e7d96d7fd6d3a86c8a371f70ca8976f727a6b1a07"
"DA-00872","B","873","852","coste de señalización en protista ancestral","coste de señalización en protista ancestral","PRESENTE","PRESENTE","ACTUALIZADA","Fila final emparejada por identidad de dominio; cambios fijados por huellas inicial/final.","050e98b1aa98306bc60882fb02119fa721f3babf5d1e00d7da192d35892ef7c4","56ac4e054eba895b10c3aafc2a4af28ca4954dcc18c1279eb4d4785952af30e0"
"DA-00873","B","874","853","señalización celular del corredor","señalización celular del corredor","PRESENTE","PRESENTE","ACTUALIZADA","Fila final emparejada por identidad de dominio; cambios fijados por huellas inicial/final.","c2e438fd55adf2b38840fb32f33361bb749c1f15dbbb0e5faeacb072094b4373","ca03f3e0ad98893b78ba4c3f667975f8eb3b73703692b4d731d1935be07abaa4"
"DA-00874","B","875","854","hipótesis de barrera energética mitocondrial","hipótesis de barrera energética mitocondrial","PRESENTE","PRESENTE","ACTUALIZADA","Fila final emparejada por identidad de dominio; cambios fijados por huellas inicial/final.","819ddf57c366e43c1abfd6f7561c65f2448d764f4a7781127666673fec6ae6ed","6d712b4a0bda6502c6370bd2a14494a5374aa3cc4868537d7c051f36fab390f3"
"DA-00875","B","876","855","Lane y Martin","Lane y Martin","PRESENTE","PRESENTE","ACTUALIZADA","Fila final emparejada por identidad de dominio; cambios fijados por huellas inicial/final.","4f50d0f7d9bb6d0adddbdb2170c9b03398d8689ef0f9006a7fdc959f1e809bc8","86fa1664fa713604d72690e10104f28b2bdb606db6b3b06de6312cd387ee3862"
"DA-00876","B","877","856","0.0005 fW gen^-1","0.0005 fW gen^-1","PRESENTE","PRESENTE","ACTUALIZADA","Fila final emparejada por identidad de dominio; cambios fijados por huellas inicial/final.","388c2153dc89ec73a43250190b06ee5fa197ef8aed24f4eb5de3e06b5df75340","5859ca8fba59db8648aff151cb6987ee93f320243228bade6316035cf4548eb1"
"DA-00877","B","878","857","bacteria ampliada hipotética de Lane y Martin","bacteria ampliada hipotética de Lane y Martin","PRESENTE","PRESENTE","ACTUALIZADA","Fila final emparejada por identidad de dominio; cambios fijados por huellas inicial/final.","557ba12c485cb95e3807c614d0e004f1834a40699c93bf4234f02df232d708d3","a6fb70a9401df86981e41f3dd0278367e6bc8070c77a4ecf67c13b9ae631919e"
"DA-00878","B","879","858","energía por gen en bacteria ampliada hipotética","energía por gen en bacteria ampliada hipotética","PRESENTE","PRESENTE","ACTUALIZADA","Fila final emparejada por identidad de dominio; cambios fijados por huellas inicial/final.","ce22e1bba7b3719f9175f5812bac3a12e6cf8cdea4c27da8e1fac0f6d17e3cf3","23b677f3a736cc02edc28a1759ac66376d0f126115959566fefdd6a9f2d4ac83"
"DA-00879","B","880","859","reducción de 230000 veces","reducción de 230000 veces","PRESENTE","PRESENTE","ACTUALIZADA","Fila final emparejada por identidad de dominio; cambios fijados por huellas inicial/final.","b93c2b1e056bc743e6e17d6d91f0521af8163e00fbac803d9c27272db2d5b5de","66f6bef2d806d5535285b9e264e3e8bbc105662f24e47f330ed5cfe4c455e298"
"DA-00880","B","881","860","aproximadamente 200000 veces la procariótica","aproximadamente 200000 veces la procariótica","PRESENTE","PRESENTE","ACTUALIZADA","Fila final emparejada por identidad de dominio; cambios fijados por huellas inicial/final.","606cf2a16a45ba81c162eaed260bdf5bcdf2613d23b21538221625334fe7f9fc","6773c59b97c4a95c40a9bc267866d708698275029808a69fffdce851db5ef978"
"DA-00881","B","882","861","energía por gen eucariota según Lane y Martin","energía por gen eucariota según Lane y Martin","PRESENTE","PRESENTE","ACTUALIZADA","Fila final emparejada por identidad de dominio; cambios fijados por huellas inicial/final.","8090b076e08a5390e030bb36224edb050177a8fbe51e2ecb34eb359663aef12c","acb43743585da3c448c378de505a4bf684e9f1085f72df362f9631046fc94656"
"DA-00882","B","883","862","10^5–10^6 veces","10^5–10^6 veces","PRESENTE","PRESENTE","ACTUALIZADA","Fila final emparejada por identidad de dominio; cambios fijados por huellas inicial/final.","d0cb22d935109425d62f98de357f84a2cd42c0e61fe7f19bb3f5f28464d27f9d","b51a813db20c1606f49e3eb4b8d6a7920dbb09b90b2d5d6d893e4fb373da726c"
"DA-00883","B","884","863","potencia por gen en hospedador mitocondrial según Lane y Martin","potencia por gen en hospedador mitocondrial según Lane y Martin","PRESENTE","PRESENTE","ACTUALIZADA","Fila final emparejada por identidad de dominio; cambios fijados por huellas inicial/final.","8642e459ea6d3acccfb63b3e9103be37df9e0cc0f5ccba5445bd4262708ce84d","9fb8ba72a8cffcebef577fa415d3e9a45e35417f0e7d1d6af881acaf822a7ade"
"DA-00884","B","885","864","energía por gen de Lane y Martin","energía por gen de Lane y Martin","PRESENTE","PRESENTE","ACTUALIZADA","Fila final emparejada por identidad de dominio; cambios fijados por huellas inicial/final.","bb1def31c0c9f3d510dab483a59fe5aa2cfb06a282192f1b8393214b32fff85a","d1a53e2889c9ee54c41b0b0cf2bb2ccc0f5557e02fa4069db35f1c4fd976921d"
"DA-00885","B","886","865","potencia total dividida por número de genes","potencia total dividida por número de genes","PRESENTE","PRESENTE","ACTUALIZADA","Fila final emparejada por identidad de dominio; cambios fijados por huellas inicial/final.","31f9fef79584ede3d2048e45ba3a13a14f5817a3ee2f40d769915110623956d2","299e83895188f3bdd210e80622b27405ab9712dedd519275c4bc60ffd7afe046"
"DA-00886","B","887","866","restricción procariota de repertorio expresado","restricción procariota de repertorio expresado","PRESENTE","PRESENTE","ACTUALIZADA","Fila final emparejada por identidad de dominio; cambios fijados por huellas inicial/final.","47bde19e8915d64f368b773a9655da1fa45c51ee8b23c6af099564cfd69e504e","e40e8e4cdbc5443eda677191779a4a0e8591880886909719058476733f01ca39"
"DA-00887","B","888","867","respiración aerobia por sí sola","respiración aerobia por sí sola","PRESENTE","PRESENTE","ACTUALIZADA","Fila final emparejada por identidad de dominio; cambios fijados por huellas inicial/final.","caaea1377e734f0e9aa7ab2633afd8590978f56215fed954c1d3a703a4e59809","7bc10049e36e7f8f825075c1ae2c98c05be587992ceaa9c7b255b3191e97d8fe"
"DA-00888","B","889","868","control local de membranas bioenergéticas","control local de membranas bioenergéticas","PRESENTE","PRESENTE","ACTUALIZADA","Fila final emparejada por identidad de dominio; cambios fijados por huellas inicial/final.","93aad2467a5329b5c945c05c9ed075fe77e255974558c5aaf44c8cbad2ab3a22","18dc00e5a1f242af03a7447f62485cd6c255235e7594dd730b9bd6b3c990ea0d"
"DA-00889","B","890","869","genoma mitocondrial en hipótesis energética","genoma mitocondrial en hipótesis energética","PRESENTE","PRESENTE","ACTUALIZADA","Fila final emparejada por identidad de dominio; cambios fijados por huellas inicial/final.","17ffce0a8b465e285ecae3416e0195cffc7b8a1f190e1e66022cd030f22a1c61","538a2552bd4b027fbb43223f0aadc93e3fd50c56d2124f63ae99618ec033b8c4"
"DA-00890","B","891","870","comparación de Lane y Martin","comparación de Lane y Martin","PRESENTE","PRESENTE","ACTUALIZADA","Fila final emparejada por identidad de dominio; cambios fijados por huellas inicial/final.","afe63fc3257b4a8d2b19e22adc7a85c38bec5e02e703096f5026b59d44a05430","7c5acc99fb7b2dc9f026bf473cfcfac99815d6cbaa8524a6f09d8583cd45546a"
"DA-00891","B","892","871","potencia total por número de genes","potencia total por número de genes","PRESENTE","PRESENTE","ACTUALIZADA","Fila final emparejada por identidad de dominio; cambios fijados por huellas inicial/final.","506cccd175df4478b76063e05790547026a33416d7eb6fe3d680300751c751f4","4e1972485b3ea556450b6106a2824d9269ee3be497b1e762a738368a5dab2a93"
"DA-00892","B","893","872","coste bioenergético de un gen","coste bioenergético de un gen","PRESENTE","PRESENTE","ACTUALIZADA","Fila final emparejada por identidad de dominio; cambios fijados por huellas inicial/final.","f4ba1b0cfc5f788fcf0f5565dba59ec6ba9a5565d93e953e77dd0c60519e39d9","ad302d1e679a6d3a600b80bd84b3aaf3d69da576c80cec6898f857871e0ccacb"
"DA-00893","B","894","873","replicación, transcripción y traducción","replicación, transcripción y traducción","PRESENTE","PRESENTE","ACTUALIZADA","Fila final emparejada por identidad de dominio; cambios fijados por huellas inicial/final.","288e8746b44ac98902c5f72191f3779ffd553e38bbae50fb8d62911f79c511b8","7875f94ba313210c5095bb3e15c2a1218eb1004c81175f296df4be102a8c9520"
"DA-00894","B","895","874","carga relativa media de un gen","carga relativa media de un gen","PRESENTE","PRESENTE","ACTUALIZADA","Fila final emparejada por identidad de dominio; cambios fijados por huellas inicial/final.","d142ea716d845a14a403b372dd348371b5ebcf26713e1b8759af56bb051d26e7","3b5628dc8bc2689e31fda43a98a0392f1ab7ea3d2e013f45fb2f993e2596b394"
"DA-00895","B","896","875","disminución con tamaño celular","disminución con tamaño celular","PRESENTE","PRESENTE","ACTUALIZADA","Fila final emparejada por identidad de dominio; cambios fijados por huellas inicial/final.","89efdecc2974de92f9a3a021191a789f6278bf68a07b22b41f0b691f2cd5bf18","7c091f029b1a917d3e0ad4c6a9d245b0825ff92afa35b682aaed37d3b38571aa"
"DA-00896","B","897","876","hipótesis de ausencia de barrera energética","hipótesis de ausencia de barrera energética","PRESENTE","PRESENTE","ACTUALIZADA","Fila final emparejada por identidad de dominio; cambios fijados por huellas inicial/final.","2f525d8dd58526e4213167dcfc521d484ab9c5c49c0b5fb3ea41884794a252de","4ab63b39d0c07304fdb5f8cc82b1280898cde763084ccbec4d2fbda574828b09"
"DA-00897","B","898","877","Lynch y Marinov","Lynch y Marinov","PRESENTE","PRESENTE","ACTUALIZADA","Fila final emparejada por identidad de dominio; cambios fijados por huellas inicial/final.","42097db03b84f0a25c9d9d0c979e4aebc467a9943c8ef72ed6e7e895b1cfa660","ee03b00c2336e1356d1383d93a012f8238b0d137cf3380b40c54cfa58c8b4a32"
"DA-00898","B","899","878","coste incremental de gen dividido por presupuesto celular","coste incremental de gen dividido por presupuesto celular","PRESENTE","PRESENTE","ACTUALIZADA","Fila final emparejada por identidad de dominio; cambios fijados por huellas inicial/final.","ae3650da31b3d8261affd5e08f337d59440ff033c53ded4cc105f214abc1cd2e","4f56afa2aa53f8a9a17071427775966b77dc56bd1a25fe57f2f98cc1958110e2"
"DA-00899","B","900","879","posición de Lynch y Marinov","posición de Lynch y Marinov","PRESENTE","PRESENTE","ACTUALIZADA","Fila final emparejada por identidad de dominio; cambios fijados por huellas inicial/final.","e32f43169c4514cf52d5c308076a00d7b2faf7ffcecc91f2e051895edb4b3424","e369e9288033d373669ecd98f5b5978bcb16731c50ac316dbde7f03baba4cde4"
"DA-00900","B","901","880","energía total por gen","energía total por gen","PRESENTE","PRESENTE","ACTUALIZADA","Fila final emparejada por identidad de dominio; cambios fijados por huellas inicial/final.","092d7ebcedc1dd591e7b39eb99f5de20c574d7a2d7716b76fbd67928b90d16ec","4e39a7f731fd4cbdc732e8813082d460e1579b1336ffea507c5390b60b3110b4"
"DA-00901","B","902","881","coste marginal de un gen","coste marginal de un gen","PRESENTE","PRESENTE","ACTUALIZADA","Fila final emparejada por identidad de dominio; cambios fijados por huellas inicial/final.","080eda797027e1b06cfb8d2d4a17ef3ca58efc7192c4257a12ac04d230827f88","e0ee400dec727d40fc521302cbc419093dc464049df963fa196440363c841c2c"
"DA-00902","B","903","882","controversia energética","controversia energética","PRESENTE","PRESENTE","ACTUALIZADA","Fila final emparejada por identidad de dominio; cambios fijados por huellas inicial/final.","21c1e32f2922240b393c4f0315432f724b962aef4442183aef8795a9af7c498e","1b88a82560d0517dbe35365deb50c427ec0b330043d9c76ba972ed3ae6635174"
"DA-00903","B","904","883","diferencia empírica y diferencia de denominador","diferencia empírica y diferencia de denominador","PRESENTE","PRESENTE","ACTUALIZADA","Fila final emparejada por identidad de dominio; cambios fijados por huellas inicial/final.","9648d9302181e95b0144a8b11bbbb087466677bff45ba2f197b30c2417ec30a5","6bdca9b3af61bb73ae69bf158eb6291857e3bbdca1de41b7d6ed0e03a6b4db29"
"DA-00904","B","905","884","80 valores auditados por Gerlitz y colaboradores","80 valores auditados por Gerlitz y colaboradores","PRESENTE","PRESENTE","ACTUALIZADA","Fila final emparejada por identidad de dominio; cambios fijados por huellas inicial/final.","81ae52fb0da0c53b0bc84043d83d726ad6f9c22b5f415467483fee6fe6f90cab","9636e6889b41139959342f695f456548778b2c902d305975b92bfbedb619de13"
"DA-00905","B","906","885","más de 50% no localizado en fuentes citadas","más de 50% no localizado en fuentes citadas","PRESENTE","PRESENTE","ACTUALIZADA","Fila final emparejada por identidad de dominio; cambios fijados por huellas inicial/final.","ed99f480bd73cbe239425f4e69461e4ee441c392bd306a1c23a68a78cc120245","5b763d99f6a9cb8efb4e656d556e17c301825f5fc0c0e643c042f8fc5752e88d"
"DA-00906","B","907","886","auditoría de procedencia de datos","auditoría de procedencia de datos","PRESENTE","PRESENTE","ACTUALIZADA","Fila final emparejada por identidad de dominio; cambios fijados por huellas inicial/final.","ce26776a8f2c8c133cb813c846c02289718211fb3672585a8fc278d8d9929ee8","2ed038b10435d05fe1a9e37f8252c546d306544624bb3a520d07cebf10962fa5"
"DA-00907","B","908","887","causalidad energética de eucariogénesis","causalidad energética de eucariogénesis","PRESENTE","PRESENTE","ACTUALIZADA","Fila final emparejada por identidad de dominio; cambios fijados por huellas inicial/final.","1ea4819a476630c371872cf380537c8863bf72535661d439e9ab2ba8c657a461","b8abc065b4e5e4ffb06a6701463d51523d5b1575a9203344b1b408b6c3555833"
"DA-00908","B","909","888","análisis de membranas de Lynch y Marinov","análisis de membranas de Lynch y Marinov","PRESENTE","PRESENTE","ACTUALIZADA","Fila final emparejada por identidad de dominio; cambios fijados por huellas inicial/final.","ea25ffb99cd46b75a0a6c58f6ae98b62e74144db28d41a252e894401bdb05a6e","e80a54361a0a60926471a7629b5b0563c77d85e4b9a0acb87c5936b416fdb334"
"DA-00909","B","910","889","corrección formal de 2018","corrección formal de 2018","PRESENTE","PRESENTE","ACTUALIZADA","Fila final emparejada por identidad de dominio; cambios fijados por huellas inicial/final.","837f3387623717e79c7e1464bc9527139bb7c77a0ed5db9e2e622269e76fbef4","ca3fe24721d7bc4c64af698e05420c55bccd3c0f8bda7ce0cbc79b5d3a340969"
"DA-00910","B","911","890","demanda y provisión energética celular","demanda y provisión energética celular","PRESENTE","PRESENTE","ACTUALIZADA","Fila final emparejada por identidad de dominio; cambios fijados por huellas inicial/final.","2241a36e6041ca8548700b70e3eee6e5a5cfccdd3df71fb637726be0b9e88b89","7ffe71ef3bf73460328a02da20c0d1a692b915d4963fcab8069f8434366f6e7a"
"DA-00911","B","912","891","escalamiento continuo dependiente de tamaño","escalamiento continuo dependiente de tamaño","PRESENTE","PRESENTE","ACTUALIZADA","Fila final emparejada por identidad de dominio; cambios fijados por huellas inicial/final.","afa02da8e04c8e27d8f3ae4c0b03a5d01115920e131c7d24ab6643acd17c09dd","554ac69d26b3de40a2d4118e227cc5f7a2a5a2bda22f98d9eb7af14b2f18b46f"
"DA-00912","B","913","892","expansión de membranas bioenergéticas y metabolismo","expansión de membranas bioenergéticas y metabolismo","PRESENTE","PRESENTE","ACTUALIZADA","Fila final emparejada por identidad de dominio; cambios fijados por huellas inicial/final.","224f4015368f34d88149fa654356a6cef979ddb7838289ec94ffc803b3133ca5","3a187cb3f773998a79d595a39fc0309c9ed4f893039e17dc5608d5f6535cf0fa"
"DA-00913","B","914","893","mitocondrias en células grandes","mitocondrias en células grandes","PRESENTE","PRESENTE","ACTUALIZADA","Fila final emparejada por identidad de dominio; cambios fijados por huellas inicial/final.","5c9392ec2a45101542c9490bc80b2f92d0347f269372dd51a622e80ce65f3b70","27ec9ab67c1600b58c5889e113f7f083c8b373374f32d6a012c0f7f74fa48592"
"DA-00914","B","915","894","barrera energética universal","barrera energética universal","PRESENTE","PRESENTE","ACTUALIZADA","Fila final emparejada por identidad de dominio; cambios fijados por huellas inicial/final.","b3829785072b94ec2fb0f6235f32c01e15cb44729a92669f5c75e80575fd9141","50d29b32ec6bd6013cd3f931162ce9db8c5037f344cb7473b62cd18062043ff5"
"DA-00915","B","916","895","Chiyomaru y Takemoto","Chiyomaru y Takemoto","PRESENTE","PRESENTE","ACTUALIZADA","Fila final emparejada por identidad de dominio; cambios fijados por huellas inicial/final.","29b97225f8e21260fbab21d67a6ababcee15adf997a329060ea7e24b6f92f924","fd34afac43936d0e7630bf13f702b65dcbc25f474020387784d1b4e8ab07b6eb"
"DA-00916","B","917","896","controversia de precondición energética mitocondrial","controversia de precondición energética mitocondrial","PRESENTE","PRESENTE","ACTUALIZADA","Fila final emparejada por identidad de dominio; cambios fijados por huellas inicial/final.","b2c0b314ad76425a3feb8770507c3f8dd1b5f441fab60c31a2fa74c935fc871b","52c4c4b939ecb4e30435cdac954e517ffdb0cb0a7de54fb4792287e9e820c187"
"DA-00917","B","918","897","sin consenso","sin consenso","PRESENTE","PRESENTE","ACTUALIZADA","Fila final emparejada por identidad de dominio; cambios fijados por huellas inicial/final.","03ebdd78a5f05de8c0c0baf8866f5584fedfff152d4623ead125b1ce33845154","f365b74ea21966fdd6f4f970ca0d907e07474dd43e7ed7c838fec967c0c98b0a"
"DA-00918","B","919","898","genética de poblaciones","genética de poblaciones","PRESENTE","PRESENTE","ACTUALIZADA","Fila final emparejada por identidad de dominio; cambios fijados por huellas inicial/final.","1c841548744be83f48be9db81b3ba85425da19d5621a33d00e1af9d655472ffd","c19b6e12985c2351c493260a92bb638c64167d890521ea64f84101e8936f26e6"
"DA-00919","B","920","899","hipótesis de barrera de deriva","hipótesis de barrera de deriva","PRESENTE","PRESENTE","ACTUALIZADA","Fila final emparejada por identidad de dominio; cambios fijados por huellas inicial/final.","05e422a532761985fd13e5dabccb3a2a76afdba07abe737af144a98cc4c834d9","7314deda6e60a980e3a9bbfcd755559d67f55fd0032dcf739fed5cda4dc32679"
"DA-00920","B","921","900","1/Ne","1/Ne","PRESENTE","PRESENTE","ACTUALIZADA","Fila final emparejada por identidad de dominio; cambios fijados por huellas inicial/final.","ef4cd015ddea252d4d18dd7701ea277ccd50482fb33d7c0762fc02bf048d7b7d","40709595868c8841556ca1e97654f92c18cd4a4140ddb1a86b4eff686b3dab7f"
"DA-00921","B","922","901","efecto de aptitud","efecto de aptitud","PRESENTE","PRESENTE","ACTUALIZADA","Fila final emparejada por identidad de dominio; cambios fijados por huellas inicial/final.","d9713a0639bca7260d4250a6c6b4987480c42a37072570a766436b38dafe8bf9","c82bccbda1723c4336050a9ae1efb80f38053f21aa3e0d66b228239879df684e"
"DA-00922","B","923","902","generalmente >10^8","generalmente >10^8","PRESENTE","PRESENTE","ACTUALIZADA","Fila final emparejada por identidad de dominio; cambios fijados por huellas inicial/final.","fe4598075f244ef87a4bdc900cc6cff585c680374a0d64103b7fdd1b3d733620","8bb0406667a60d5f41bd5983b3b20c2f440d666f5a35da8aa0b2e40c75830eb0"
"DA-00923","B","924","903","Ne de procariotas en Lynch y Conery","Ne de procariotas en Lynch y Conery","PRESENTE","PRESENTE","ACTUALIZADA","Fila final emparejada por identidad de dominio; cambios fijados por huellas inicial/final.","c653ef50b58c19e2f51f56d417917efdadfb138908f51e5cc2e1d34b09a88adf","a5d04ee48d11afe158054ba1066c0a62806380e8f7f6b39bc54323ad79c8a868"
"DA-00924","B","925","904","10^7–10^8","10^7–10^8","PRESENTE","PRESENTE","ACTUALIZADA","Fila final emparejada por identidad de dominio; cambios fijados por huellas inicial/final.","4d392ae5f36a077797200a2091daef4a3a9d07a043145590df4aacaf257a73a6","6bb5a80e1d7c6c3809b5de03cb1b1c48eb6868c5e3ab8dfc6e6b3567b57051a7"
"DA-00925","B","926","905","Ne de eucariotas unicelulares en Lynch y Conery","Ne de eucariotas unicelulares en Lynch y Conery","PRESENTE","PRESENTE","ACTUALIZADA","Fila final emparejada por identidad de dominio; cambios fijados por huellas inicial/final.","4ffca1d1d1b832ab0717c06b95d99c8749329cbfccf4241f3a0057ec94a22587","af220c93d0596c3a9fe55a6cfbde201ca9a6cb1d56df9a0a488661e334ebc314"
"DA-00926","B","927","906","10^5–10^6","10^5–10^6","PRESENTE","PRESENTE","ACTUALIZADA","Fila final emparejada por identidad de dominio; cambios fijados por huellas inicial/final.","eb7ef396a67166c6fb4cb7a089dee62584a7f6d522bb43fd56dd6ae945f11f79","9baf4ebe54deaeda877342a8ad482489339172710ee71418429c18c6a8b74559"
"DA-00927","B","928","907","Ne de invertebrados en Lynch y Conery","Ne de invertebrados en Lynch y Conery","PRESENTE","PRESENTE","ACTUALIZADA","Fila final emparejada por identidad de dominio; cambios fijados por huellas inicial/final.","6ea3d947ac7379c56e4c04b6c633692d3c999b07feca30504d88b2bfd578f764","9c96556433e6c1977bd8f7ee3e8d93cd3fd989baabef285eec22d7c0d2f1c163"
"DA-00928","B","929","908","10^4–10^5","10^4–10^5","PRESENTE","PRESENTE","ACTUALIZADA","Fila final emparejada por identidad de dominio; cambios fijados por huellas inicial/final.","17fa6d367529257fe03a71f0c1a99990aca279704303b6708bad7d908e2a2279","9dbf7bb09b600d903ca039f9017f2f32eec6323493c6819a12e883d94f2675b8"
"DA-00929","B","930","909","Ne de vertebrados en Lynch y Conery","Ne de vertebrados en Lynch y Conery","PRESENTE","PRESENTE","ACTUALIZADA","Fila final emparejada por identidad de dominio; cambios fijados por huellas inicial/final.","53aecf28be3a700b9b58cfb1ba6e6041c0c85506f244029bda63fad3b5df4ef5","5dcfee2dfe8fdf1f2407126e1b550f9ae146cd928c6433e692cd9de003392003"
"DA-00930","B","931","910","diversidad silenciosa y tasa mutacional asumida","diversidad silenciosa y tasa mutacional asumida","PRESENTE","PRESENTE","ACTUALIZADA","Fila final emparejada por identidad de dominio; cambios fijados por huellas inicial/final.","04318282f715d20216890ba819715f9bd64ebdc6d612ff9e8ea6b522e2a6aee4","787db599d617e9b8aa79bc8b87cb29a75bf1cbe6455a1851e77b79f4e9c88bb4"
"DA-00931","B","932","911","estimaciones históricas de Ne","estimaciones históricas de Ne","PRESENTE","PRESENTE","ACTUALIZADA","Fila final emparejada por identidad de dominio; cambios fijados por huellas inicial/final.","6337fa0177812401a87bcd10a25f383c194d096afc19e6b09d67566309e9d147","36ad3f535f2c1e8081db4dc58d47dbb7a8d5d9f57a95df0a4cda61998646e870"
"DA-00932","B","933","912","4Neμ","4Neμ","PRESENTE","PRESENTE","ACTUALIZADA","Fila final emparejada por identidad de dominio; cambios fijados por huellas inicial/final.","902cc0c52f7135293165a83f2523602e5f21140d0e0258ba6f63c6fd9f64fab2","e1b92449fed144986025bed53e315e3025ca236325368b7857b5696478998c8c"
"DA-00933","B","934","913","diversidad neutral diploide","diversidad neutral diploide","PRESENTE","PRESENTE","ACTUALIZADA","Fila final emparejada por identidad de dominio; cambios fijados por huellas inicial/final.","b02cfeaa01cac73b8cf52f2e6a9bf1aeac3b6029cdeafe97e512b7b11e9c68ed","f2314e595ac151bb50029292009b80a9b82391408a86ff561d27397feab3d487"
"DA-00934","B","935","914","hipótesis de peligro mutacional","hipótesis de peligro mutacional","PRESENTE","PRESENTE","ACTUALIZADA","Fila final emparejada por identidad de dominio; cambios fijados por huellas inicial/final.","aa5aa2e68405ffbd84f754f277344c07a8f1735d0e83fc8e56ae8093995a6d9f","65b762cfb2f6e74c12e6cc6ee8696d66788a6d814a9446f6ea076170d786d2e4"
"DA-00935","B","936","915","Lynch y colaboradores","Lynch y colaboradores","PRESENTE","PRESENTE","ACTUALIZADA","Fila final emparejada por identidad de dominio; cambios fijados por huellas inicial/final.","3b2eca891d5c15e9e2bbf41fc3116e312c76de19552dbcf002b9a0fe184810bd","ae9accc5713033f5276104c4d324b4d23b28a2785275b58c9ae6213c0350e565"
"DA-00936","B","937","916","~7 × 10^7 y ~2 × 10^7","~7 × 10^7 y ~2 × 10^7","PRESENTE","PRESENTE","ACTUALIZADA","Fila final emparejada por identidad de dominio; cambios fijados por huellas inicial/final.","30eb01587fcf738bbd13bd43e8a9151634b82761334e32f6026abed06499b73e","905badb64b1d7b9afe27449f6a9a9df2f1efec785713bc15a147666350dce29a"
"DA-00937","B","938","917","umbral crítico de Ne para elementos móviles","umbral crítico de Ne para elementos móviles","PRESENTE","PRESENTE","ACTUALIZADA","Fila final emparejada por identidad de dominio; cambios fijados por huellas inicial/final.","a0ecb89058212098135896f9f8cf033a1a6f6f843677b78a43e2e5882d146d67","819c8fb3fb7b17dfff0af83efc56e4814bfd1ac24703e2aa7b519c8b26919123"
"DA-00938","B","939","918","beneficio adaptativo de toda expansión genómica","beneficio adaptativo de toda expansión genómica","PRESENTE","PRESENTE","ACTUALIZADA","Fila final emparejada por identidad de dominio; cambios fijados por huellas inicial/final.","0444373de30b6babcc83228572af5ab383e6964d1076c06deda30bf87ae440b0","77dfaddaa9572ed812e65fb786568a6f161550797af9c4fc17886b9d66a43bb6"
"DA-00939","B","940","919","diversidad nucleotídica y tasas de mutación directas","diversidad nucleotídica y tasas de mutación directas","PRESENTE","PRESENTE","ACTUALIZADA","Fila final emparejada por identidad de dominio; cambios fijados por huellas inicial/final.","ab468b64772a540d86c710f3be18378a25e5097983906959683bc5941f7213e2","29507a63cf56ccadc15229a8bff9bc02f5fe12cfe0513baec7de22dcde144358"
"DA-00940","B","941","920","Ne en 120 eucariotas","Ne en 120 eucariotas","PRESENTE","PRESENTE","ACTUALIZADA","Fila final emparejada por identidad de dominio; cambios fijados por huellas inicial/final.","2a3ffc4a93bdee8c49506205f6e3d444223729e83a9b901934dcb3da21bab2c1","8c569a130b9cbf960f994a5231c3a5dde28bb12725e84ebe207130772e8c3671"
"DA-00941","B","942","921","casi cuatro órdenes de magnitud","casi cuatro órdenes de magnitud","PRESENTE","PRESENTE","ACTUALIZADA","Fila final emparejada por identidad de dominio; cambios fijados por huellas inicial/final.","b8e8e3abef69bb747ab4b923b0ba4ec7b3732cf6f95aacf65dc9fb300d52017f","bdc8dcc2d4fc6093ba19b0c3f9faa57127195db35b12de5d42f49422b25c42fd"
"DA-00942","B","943","922","Ne de 120 eucariotas","Ne de 120 eucariotas","PRESENTE","PRESENTE","ACTUALIZADA","Fila final emparejada por identidad de dominio; cambios fijados por huellas inicial/final.","2afe4de85dfcd11e350901f6300984f0f7d4426cece1d7b58335e6c74cc5ca03","985066ad1f063bcc9d225af6d7ba531d5cbdf00f207eb7d5eb5c84fc6f4589d1"
"DA-00943","B","944","923","ausencia de asociación con Ne pequeño en S322","ausencia de asociación con Ne pequeño en S322","PRESENTE","PRESENTE","ACTUALIZADA","Fila final emparejada por identidad de dominio; cambios fijados por huellas inicial/final.","11540cfc890db962095c3d5538e1aaf147e50326b756e6006be31101bda56572","b48454a9d41df343f4a61770feb01f2f1c4ee88676f9d6d5fd737574fbdbf4f4"
"DA-00944","B","945","924","tamaño genómico eucariota","tamaño genómico eucariota","PRESENTE","PRESENTE","ACTUALIZADA","Fila final emparejada por identidad de dominio; cambios fijados por huellas inicial/final.","ad43da9c18b14d252fe22356137e4eb3a42173a90958479f0e13bb9743b5aca0","bc3d7032fc66d196463d7cd226623c2cf29e14d7c9c3b779d25efbed125d70b7"
"DA-00945","B","946","925","807 especies","807 especies","PRESENTE","PRESENTE","ACTUALIZADA","Fila final emparejada por identidad de dominio; cambios fijados por huellas inicial/final.","cc77de6085594e79c6c5a30379f7a5d3b7adb09721c401b2bbb4667137c9a959","eee9216037236fccbb2c50cf61b7932a875847057bcdfd206df00252c39385d1"
"DA-00946","B","947","926","prueba animal de peligro mutacional","prueba animal de peligro mutacional","PRESENTE","PRESENTE","ACTUALIZADA","Fila final emparejada por identidad de dominio; cambios fijados por huellas inicial/final.","46c49c3bcc68053c507d430c7cc4b86d4866aea4a56e690857536e1047b3559a","c7a3f51c5789000606be4f4af149a8ff107d2b217a15725944f73103445173c1"
"DA-00947","B","948","927","hipótesis de peligro mutacional en animales","hipótesis de peligro mutacional en animales","PRESENTE","PRESENTE","ACTUALIZADA","Fila final emparejada por identidad de dominio; cambios fijados por huellas inicial/final.","00383e419bb8044106f38145c9c4f1b7c104902f543795922d892d42bb2c84f0","713371c8cb458f7f887539a8fcd4adbe6b745842a1d77907044d4433375dc343"
"DA-00948","B","949","928","Marino y colaboradores","Marino y colaboradores","PRESENTE","PRESENTE","ACTUALIZADA","Fila final emparejada por identidad de dominio; cambios fijados por huellas inicial/final.","ea9c8c43e63aa5917e3a4fd09452c43e1b2a1401bc35ed8501443cd94d1bfc2e","2413ef3318171bc806de03cbad26445f9d49ffbbf4fe816c6cf7d7556bacc7db"
"DA-00949","B","950","929","relación global Ne-complejidad genómica","relación global Ne-complejidad genómica","PRESENTE","PRESENTE","ACTUALIZADA","Fila final emparejada por identidad de dominio; cambios fijados por huellas inicial/final.","e7ac3cc87bfafb7e1f51591bcb3dfa4af9e0d4fe8c2fea0459377641af2b1e7e","d0e670c403e00264f7f52207a6ace643e7c4f67c004dac3610567989881e2e04"
"DA-00950","B","951","930","S322 y S323","S322 y S323","PRESENTE","PRESENTE","ACTUALIZADA","Fila final emparejada por identidad de dominio; cambios fijados por huellas inicial/final.","feffdd732483c0d649c0e32e602559cf230b304d5b125afae0d52e16d2efe575","8183eeedb79c72a90124be2efcf4be941060ee8ffc1b50ba8bc165d432a6f5d1"
"DA-00951","B","952","931","distribución amplia sin valor único","distribución amplia sin valor único","PRESENTE","PRESENTE","ACTUALIZADA","Fila final emparejada por identidad de dominio; cambios fijados por huellas inicial/final.","a858a0eb607c70940baac9c4df4c9765814f697cf7bf327211ae5ec806efcea3","43c8ee9f4f7399084348dab4fce3296b084b6e2c19197278a6f948c86005c25f"
"DA-00952","B","953","932","Ne por gran categoría biológica","Ne por gran categoría biológica","PRESENTE","PRESENTE","ACTUALIZADA","Fila final emparejada por identidad de dominio; cambios fijados por huellas inicial/final.","b5d9ac6cc4d7eaa0a8939ff8ea3540d3f44d7c15a80863f9aed5974548b42d6c","b351ad7899548bb35539284f440d198ce86d823168c7e7af4013a1da3c0d45d6"
"DA-00953","B","954","933","flagelo","flagelo","PRESENTE","PRESENTE","ACTUALIZADA","Fila final emparejada por identidad de dominio; cambios fijados por huellas inicial/final.","8f475ce002621c48936de4a73ec097c228c3f3bab352f6492931cedc26e75a05","2c49d194944d7727cd216b32701c818d2c2d3e18d0e367f100db3b612da7ce83"
"DA-00954","B","955","934","mayor adquisición de recursos por natación","mayor adquisición de recursos por natación","PRESENTE","PRESENTE","ACTUALIZADA","Fila final emparejada por identidad de dominio; cambios fijados por huellas inicial/final.","0f8f5cf07ae7f627746130214325ece65a5273f34da56b3e84609f4da5d71147","a6ab02b84e588da915a4b8a28eea08ed3f702b2cd83cc8b1abdf3dbec56e1eeb"
"DA-00955","B","956","935","beneficio funcional observado y balance neto no localizado","beneficio funcional observado y balance neto no localizado","PRESENTE","PRESENTE","ACTUALIZADA","Fila final emparejada por identidad de dominio; cambios fijados por huellas inicial/final.","e7ab9b2bf214ce040e2c47b91a6e608b534aa91833f1e0bba19186a4366b57e0","dd559755b37f3d9d8aac8e33ed32d00361b05669b91042d1ce1cd9e2a45908e8"
"DA-00956","B","957","NO_APLICA","fagocitosis","NO_APLICA","PRESENTE","RETIRADA","RETIRADA","Instantánea externa y linaje de auditoría; retirada o consolidada sin reasignar silenciosamente la fila.","67338f74578e543f63491321633bf0dd16bb810c2ecf68f4047bdbda278bf989","NO_APLICA"
"DA-00957","B","958","936","origen adaptativo por complejidad genómica","origen adaptativo por complejidad genómica","PRESENTE","PRESENTE","ACTUALIZADA","Fila final emparejada por identidad de dominio; cambios fijados por huellas inicial/final.","287e53a6e6d99edc61826bb6feed91d9d4c14d2ca0a0ad69e5269afa892c84cc","2f8af707eb7103a841cbc2e415aeb7d591be7295f023d22fd69187a31fe9b5ac"
"DA-00958","B","959","937","adhesión celular","adhesión celular","PRESENTE","PRESENTE","ACTUALIZADA","Fila final emparejada por identidad de dominio; cambios fijados por huellas inicial/final.","c33b78b8c75b6bf34b90ad487812c9ae33246bf31c9a90675320ad8c82e2439e","313efae440b669da96f862f3016187d44998f055db1c29b13c7804af8b5734dd"
"DA-00959","B","960","938","beneficio mecánico y balance energético no localizado","beneficio mecánico y balance energético no localizado","PRESENTE","PRESENTE","ACTUALIZADA","Fila final emparejada por identidad de dominio; cambios fijados por huellas inicial/final.","5468620187249cf7305a651c29af4dc7b3d16d56d467e804a108900643073f63","f34a3b1b7d2686605a9d1d1f115bfa621e323f533d96a6493e8c51bbc19427ab"
"DA-00960","B","961","939","componentes genómicos no codificantes","componentes genómicos no codificantes","PRESENTE","PRESENTE","ACTUALIZADA","Fila final emparejada por identidad de dominio; cambios fijados por huellas inicial/final.","7aea22f06255305810d66cd417c6de9ba309aa15c1095f4a5f3ae95151d12d1e","4b865b584d5586e94f1449aa1d73addda8e102b027eea8e70811fe0683d49f9f"
"DA-00961","B","962","940","posibles productos de procesos no adaptativos","posibles productos de procesos no adaptativos","PRESENTE","PRESENTE","ACTUALIZADA","Fila final emparejada por identidad de dominio; cambios fijados por huellas inicial/final.","1d12e0862ca8fcec4a1b60d8b080a0146dbc2b4ade17434435c2320373ccaac5","7a66907943abe742ae71b4d7d36a370258252678f23f0bf1ec756b6aa4f15669"
"DA-00962","B","963","941","duplicación génica","duplicación génica","PRESENTE","PRESENTE","ACTUALIZADA","Fila final emparejada por identidad de dominio; cambios fijados por huellas inicial/final.","5bf39c59cff93d38952bd6f6d8955e5ee1f070a39de10d927149806b8a43650a","ac758e48b1b6e6c69cc5344e45da9b541baeb21960ed62d6b0dc79877a6ad580"
"DA-00963","B","964","942","fijación inicial no adaptativa seguida de cooptación","fijación inicial no adaptativa seguida de cooptación","PRESENTE","PRESENTE","ACTUALIZADA","Fila final emparejada por identidad de dominio; cambios fijados por huellas inicial/final.","7daedde2e427bfa8fd819ccc9ced4efb08cb20a64ad0becc3e09bbd3a605ea35","067e4222f715fc9472c4d348bee9f97b431098e09801e214ff815d940ad63a1a"
"DA-00964","B","965","943","4.68 × 10^-5 del presupuesto celular","4.68 × 10^-5 del presupuesto celular","PRESENTE","PRESENTE","ACTUALIZADA","Fila final emparejada por identidad de dominio; cambios fijados por huellas inicial/final.","c7e0245bdb0171c27862b47e427d9fceec84cdf5df6388b193d4dce0d4b61ff9","683c6ae05bb30b920029e555550202c23c5474c8941b2c474cd357bc9e8fee90"
"DA-00965","B","966","944","duplicación del gen mediano de Saccharomyces cerevisiae","duplicación del gen mediano de Saccharomyces cerevisiae","PRESENTE","PRESENTE","ACTUALIZADA","Fila final emparejada por identidad de dominio; cambios fijados por huellas inicial/final.","abe6d31c581bf04de7ceb45ce79aa995c112bb3b807741a7e71799a0a8583d41","cde4051303b9d5dd2cf1f20fecf937b66a89a5c9dcd79c0be1e52b4a0717033a"
"DA-00966","B","967","945",">10% ARNm; >2% proteína",">10% ARNm; >2% proteína","PRESENTE","PRESENTE","ACTUALIZADA","Fila final emparejada por identidad de dominio; cambios fijados por huellas inicial/final.","953e0360ace52304cc06d0ef4c4ef3cf33a6b7c4887d857dfd24d0ccb3e91b14","3908b9d8ffc5db5952167909c2b5797547fa08625caf0bb94251bef7a45955e7"
"DA-00967","B","968","946","cambio de expresión de gen mediano en Saccharomyces cerevisiae","cambio de expresión de gen mediano en Saccharomyces cerevisiae","PRESENTE","PRESENTE","ACTUALIZADA","Fila final emparejada por identidad de dominio; cambios fijados por huellas inicial/final.","9f9824b1f99e1fc09c781fdd3fa9fd509b3e157e0a6c6dad59178a6a8a8dae48","4f68c0be32b4865bd799d16a50daf3df6b620d5ff13b4b148adeae98ffa28d13"
"DA-00968","B","969","947","adaptación de todas las etapas históricas","adaptación de todas las etapas históricas","PRESENTE","PRESENTE","ACTUALIZADA","Fila final emparejada por identidad de dominio; cambios fijados por huellas inicial/final.","a117d30fa26fff151eeb761282b6d790f1b175019c573028064fad252adbe902","57abf1eb28be8f6a5a30eacdaca356b2577422cf0cf0f7c68b6989ec7ac85f3b"
"DA-00969","B","970","948","beneficio actual de un rasgo","beneficio actual de un rasgo","PRESENTE","PRESENTE","ACTUALIZADA","Fila final emparejada por identidad de dominio; cambios fijados por huellas inicial/final.","39b4aea431c878e7565f62c79b64fe2edd31dccf6d118f0398b3ce6fb40b57d3","7883924af9855d6e8e9e822d9bc5ef014b5c5250525f6a0aa1e463e406f49d61"
"DA-00970","B","971","949","fijación por deriva","fijación por deriva","PRESENTE","PRESENTE","ACTUALIZADA","Fila final emparejada por identidad de dominio; cambios fijados por huellas inicial/final.","3ed7f9c442c17758f263c7d2e088bf7d3ce0f4d246b8ed99f70ab42bb02422d0","5ccc2b7b4a62965acd3c98d8301dfeacf90f2ae8af0f244aaa8a25d105a6358b"
"DA-00971","B","972","950","neutralidad universal","neutralidad universal","PRESENTE","PRESENTE","ACTUALIZADA","Fila final emparejada por identidad de dominio; cambios fijados por huellas inicial/final.","e1e498bbe0e821ed6138e79cde7a176770ca41ab8de3f35512d9ad23effe6e4c","36c58c5c6e88a2599aa93386e0ff059cb10680dccc71593e2084019eeb0e66a1"
"DA-00972","B","973","951","relación coste energético-aptitud","relación coste energético-aptitud","PRESENTE","PRESENTE","ACTUALIZADA","Fila final emparejada por identidad de dominio; cambios fijados por huellas inicial/final.","8765382f47f7fa0939eb362fda41417b1235ff3c4cc1ef2fe142973587cad594","ff1ab701c4eee7ce33973772289afea63a5e769cccf5b119578686c1d53555f3"
"DA-00973","B","974","952","intermedios de rasgos celulares","intermedios de rasgos celulares","PRESENTE","PRESENTE","ACTUALIZADA","Fila final emparejada por identidad de dominio; cambios fijados por huellas inicial/final.","4930f5b5431ffa97aa4d82d7daf15bc58a65f420ef53b10c8117753309474d50","79104c9757e150905777427698e107e1b2dbc902cdc24f04489715347a19528b"
"DA-00974","B","975","953","tamaños mutacionales fenotípicos poco conocidos","tamaños mutacionales fenotípicos poco conocidos","PRESENTE","PRESENTE","ACTUALIZADA","Fila final emparejada por identidad de dominio; cambios fijados por huellas inicial/final.","2ab2463bf53d86180342de0a1f3b2b7d8273b90d48da6e7b67ea66944e8ce283","1d3b903a017f5455909fdc50995268a65acee75c109e46501f889f4d07d96f20"
"DA-00975","B","976","954","presupuesto integrado de rasgos en un protista","presupuesto integrado de rasgos en un protista","PRESENTE","PRESENTE","ACTUALIZADA","Fila final emparejada por identidad de dominio; cambios fijados por huellas inicial/final.","cfc4f0cbd31dae3a931fc6425db8e72378fb58ae7b1d6f817e367a526fecd588","17991169163d8c2b86181f734c0b04184f2b82eead14cbdc95243112f311d839"
"DA-00976","B","977","955","porcentajes y cifras de la tabla de costes","porcentajes y cifras de la tabla de costes","PRESENTE","PRESENTE","ACTUALIZADA","Fila final emparejada por identidad de dominio; cambios fijados por huellas inicial/final.","7a255f594256662a160d28884bcb6a6899c695c1611daef8ac5e0bdff45ed098","02c812ed45c7db2fbd286c7682d444886616238ffe9d75ca3639d52a219558da"
"DA-00977","B","978","956","suma directa sin normalización","suma directa sin normalización","PRESENTE","PRESENTE","ACTUALIZADA","Fila final emparejada por identidad de dominio; cambios fijados por huellas inicial/final.","31f8ffd6bb37b29e39c7bceaa61707023c5b85b02c2571100e4843922948e179","5da368b83f131d1ae336eafcdda0a0e086012818554e275f1250a993fabe1727"
"DA-00978","B","979","957","presupuesto energético de FECA o LECA","presupuesto energético de FECA o LECA","PRESENTE","PRESENTE","ACTUALIZADA","Fila final emparejada por identidad de dominio; cambios fijados por huellas inicial/final.","ca47b134e6754b10f58ce532206b330f7bef62a9e36a7a1635f6a74be2a4e178","8a17b1c7370731fb0b0c886d01196c15757dc478617be4c1ed0c239034724758"
"DA-00979","B","980","958","datos, extrapolación y denominador","datos, extrapolación y denominador","PRESENTE","PRESENTE","ACTUALIZADA","Fila final emparejada por identidad de dominio; cambios fijados por huellas inicial/final.","ae9d2413441d2090034ed50b6a2dda4c830dbd6f8921bd209b62bc39205dc2e1","5ac61a6db770b53c46b70e4e453273b2c2c18cbed0cdcf98a876b76ceb80e191"
"DA-00980","B","981","959","meiosis ni sexo","meiosis ni sexo","PRESENTE","PRESENTE","ACTUALIZADA","Fila final emparejada por identidad de dominio; cambios fijados por huellas inicial/final.","c69f02617053f5a4620de8540d0be6985fe9f7a1210cbac16d33a801e6744c02","82e1b9e50e1d13488a7bce698bae00c0086297d6cce30822203c423fb4baa709"
"DA-00981","B","982","960","recombinación genética","recombinación genética","PRESENTE","PRESENTE","ACTUALIZADA","Fila final emparejada por identidad de dominio; cambios fijados por huellas inicial/final.","f0632fef6c07c61aa25f98bf70e8e33395306d346fe66e0cf3af4b5aca51b19e","4cc0c52cb3448e40af6918090cc5417f933ad7db679e108cf4e73c9b96370f16"
"DA-00982","B","983","961","ciclo sexual completo","ciclo sexual completo","PRESENTE","PRESENTE","ACTUALIZADA","Fila final emparejada por identidad de dominio; cambios fijados por huellas inicial/final.","25a3c3981a0aa7e307dcf648b13a89bf1cc6774edabc29e011a90f66dbafca18","261312716915ac068b8f22692967de1fad3292f4694d3b676d544e01590eca9c"
"DA-00983","B","984","NO_APLICA","meiosis","NO_APLICA","PRESENTE","RETIRADA","RETIRADA","Instantánea externa y linaje de auditoría; retirada o consolidada sin reasignar silenciosamente la fila.","7ff1d4f6bc1b2e3794d01c2b8dbfe2186f4bcd84d90dcf2f3a7c677a82673da7","NO_APLICA"
"DA-00984","B","985","962","fusión celular, fusión nuclear y recombinación/reducción","fusión celular, fusión nuclear y recombinación/reducción","PRESENTE","PRESENTE","ACTUALIZADA","Fila final emparejada por identidad de dominio; cambios fijados por huellas inicial/final.","1d77497468a26a98c50159f1db297154482fa2af09d3c4f1cadf6800e083906d","1b5eb1fa40c2082728c8ff22c7cbf8ec375b7f292f454cc4c498958787267a5e"
"DA-00985","B","986","963","sexo eucariota","sexo eucariota","PRESENTE","PRESENTE","ACTUALIZADA","Fila final emparejada por identidad de dominio; cambios fijados por huellas inicial/final.","75154fc9a5f95083f40011395e69c1adb53d0c32acf3711a52f450acc7aa0232","c474c4b61d18d6b43e0c4ef7774be35758e8dbe092d1631cd2b5ec4ff40a75bf"
"DA-00986","B","987","964","fusión citoplasmática y nuclear","fusión citoplasmática y nuclear","PRESENTE","PRESENTE","ACTUALIZADA","Fila final emparejada por identidad de dominio; cambios fijados por huellas inicial/final.","463266f6ed72616a4e06e9b4588f819abb0b9f2b738d5d3cb774ce07b246f909","d0cdacee2ec2a69c14cbc807833b1fd32b4a849416d4b9130e927a263aa0d559"
"DA-00987","B","988","965","plasmogamia y cariogamia","plasmogamia y cariogamia","PRESENTE","PRESENTE","ACTUALIZADA","Fila final emparejada por identidad de dominio; cambios fijados por huellas inicial/final.","664f8812e5c87d89209de90e10fc7b7cfedb08578aa19ff3f24dfb6732f495dc","189fabd9e41aa5bebb6599632fb0055f43694769982080a281b1ec6ce21d9579"
"DA-00988","B","989","966","fusión de gametos o células sexuales","fusión de gametos o células sexuales","PRESENTE","PRESENTE","ACTUALIZADA","Fila final emparejada por identidad de dominio; cambios fijados por huellas inicial/final.","5045edc75aebacf5daf37ce7ee09df30920a2006d1c731c9d013054b8edf4259","cd89948dc781487634db9f3ecf237c9467cd820d55e59341a000abdec3eced2f"
"DA-00989","B","990","967","singamia","singamia","PRESENTE","PRESENTE","ACTUALIZADA","Fila final emparejada por identidad de dominio; cambios fijados por huellas inicial/final.","c6e477a397168d7f03622475952cb98e86ca3bc8d0eea1c7050db9291622d7d9","b15afc37b9f7257c093b6e728e4bdcddfcbd03d4eb3f43e98b63ebebf2dbe349"
"DA-00990","B","991","968","anisogamia ni sexo masculino/femenino","anisogamia ni sexo masculino/femenino","PRESENTE","PRESENTE","ACTUALIZADA","Fila final emparejada por identidad de dominio; cambios fijados por huellas inicial/final.","8d5339ba8636cb5c30d5a43e3ea5533edc42194f2fd6a9b77df67cb00bbd18ea","c25f23abbc94a7237cfa815d6f25828c57ebb82ac5e3ccec65c94d386011453c"
"DA-00991","B","992","969","tipo de apareamiento","tipo de apareamiento","PRESENTE","PRESENTE","ACTUALIZADA","Fila final emparejada por identidad de dominio; cambios fijados por huellas inicial/final.","92bb0fd0cb4446ba856667fca3afb0ae4abca3ef7fdafe62e651f1398acab34f","44ea863f233c66490e26df6416c65f12c4860c942a51ff1b89dda873d19b2ec5"
"DA-00992","B","993","970","ciclo haplonte","ciclo haplonte","PRESENTE","PRESENTE","ACTUALIZADA","Fila final emparejada por identidad de dominio; cambios fijados por huellas inicial/final.","4b5e7e12546f24f2fa89070a65034aa66c2f1827bb8ec1a02f577377ad2282cd","a3538946b607a815a14cde7453888fc8a57dd76f2eb66baf8c10c0de1678b8bc"
"DA-00993","B","994","971","crecimiento haploide y diploidía cigótica","crecimiento haploide y diploidía cigótica","PRESENTE","PRESENTE","ACTUALIZADA","Fila final emparejada por identidad de dominio; cambios fijados por huellas inicial/final.","958178e198689644cc8cdb6de2ea21608fd40018a8cfea2ac895a029e6240522","396e0e05d273cbc708ac720a66336ed508b6d47b83006b35aa8687954576f594"
"DA-00994","B","995","972","ciclo diplonte","ciclo diplonte","PRESENTE","PRESENTE","ACTUALIZADA","Fila final emparejada por identidad de dominio; cambios fijados por huellas inicial/final.","e058159caa6308881f34e70e52975215aa5919beebf6b279160a4c6ec1d7331b","574cd3c746db19c6084773ddac45e34dc83a9b9d196bf6b806b9f6bc6c94b874"
"DA-00995","B","996","973","crecimiento diploide y haploidía derivada por meiosis","crecimiento diploide y haploidía derivada por meiosis","PRESENTE","PRESENTE","ACTUALIZADA","Fila final emparejada por identidad de dominio; cambios fijados por huellas inicial/final.","484d198184210681604d48baced7d43218ef8763b565f14b828405eea04215db","07a127c9a71c64d9dfcf9e349e0d22a1f19f3aef4e9be8ab6c76f02aa8c7854f"
"DA-00996","B","997","974","ciclo haplodiplonte","ciclo haplodiplonte","PRESENTE","PRESENTE","ACTUALIZADA","Fila final emparejada por identidad de dominio; cambios fijados por huellas inicial/final.","bd260a22988c950369cb320a9c2594af0a5dbb41fd6eef2b60b2b210512e718e","beaa9dc9e907435a0c2e63b3f21b40d53d225e07f664da22965e630666a71d59"
"DA-00997","B","998","975","fases multicelulares o proliferativas de ambas ploidías","fases multicelulares o proliferativas de ambas ploidías","PRESENTE","PRESENTE","ACTUALIZADA","Fila final emparejada por identidad de dominio; cambios fijados por huellas inicial/final.","ca026debed9db6fed345e657727ed48456ffc601f3bfdf3fff33f2935c11d450","ab128ab0d2223d73cc1ac60feecaba3c35b56273c5de9c3b45744242ced9df96"
"DA-00998","B","999","976","meiosis canónica","meiosis canónica","PRESENTE","PRESENTE","ACTUALIZADA","Fila final emparejada por identidad de dominio; cambios fijados por huellas inicial/final.","5f2044d52841d35909618c6591daa7d2e0d73556737a65cb7c0240d08cf43905","52f59bd0352ec6edba2fa5c67521c2a8cdf5a085aaeedc15ccd49e111102dcfe"
"DA-00999","B","1000","977","parasexualidad","parasexualidad","PRESENTE","PRESENTE","ACTUALIZADA","Fila final emparejada por identidad de dominio; cambios fijados por huellas inicial/final.","66778ecb3913b95a81eacb66ae910cf8dcc749f8e573cc258460a96fa4e09563","2a8a722dbde12c0bcf45b60da83dd200e4078ed1452b857176135d8b12408bb7"
"DA-01000","B","1001","978","inicio de roturas de doble cadena meióticas","inicio de roturas de doble cadena meióticas","PRESENTE","PRESENTE","ACTUALIZADA","Fila final emparejada por identidad de dominio; cambios fijados por huellas inicial/final.","a93ce08bcb0107229a790c0fa3c8fc643a257c111109339efd51a8022054cf84","75e19a9d8688c5f7767aa576c75c076ec15b7490bbd931c3664ea35f9e62759c"
"DA-01001","B","1002","979","SPO11","SPO11","PRESENTE","PRESENTE","ACTUALIZADA","Fila final emparejada por identidad de dominio; cambios fijados por huellas inicial/final.","44fe10c261f63d555b12d99b290679634270d12d66f973b3b10e70c2676e7e49","1f0b33a191c33155781a5622c56675b2c609f831a9e499292a9ae250e84b8f06"
"DA-01002","B","1003","980","DMC1","DMC1","PRESENTE","PRESENTE","ACTUALIZADA","Fila final emparejada por identidad de dominio; cambios fijados por huellas inicial/final.","c0ac1d29e8a29d948832f985d527357cf5c9a2cb061c9bd4e2dc7600e407567b","23e150abd3c2469b2a60eb16a331a236e4b4426c3235ade39506e492a3063806"
"DA-01003","B","1004","981","intercambio de cadenas entre homólogos","intercambio de cadenas entre homólogos","PRESENTE","PRESENTE","ACTUALIZADA","Fila final emparejada por identidad de dominio; cambios fijados por huellas inicial/final.","c69c87910cadcb477c9e6e0281d92058d16231b55e2c2488e8a3664c2b7d3004","e82c3fa0e58b6f070b9081044b3bbff870a8188c419163a4c1848cf94fe2e96c"
"DA-01004","B","1005","982","RecA","RecA","PRESENTE","PRESENTE","ACTUALIZADA","Fila final emparejada por identidad de dominio; cambios fijados por huellas inicial/final.","5afbae46736db61f78e682245a668ad24d0ce7a07979fedf1fe75cba32484dc8","6ebd4aad415b8ee7c79997437b82117902ca4fa94751b283799a1f941f2beffe"
"DA-01005","B","1006","983","estabilización de intermediarios de crossover","estabilización de intermediarios de crossover","PRESENTE","PRESENTE","ACTUALIZADA","Fila final emparejada por identidad de dominio; cambios fijados por huellas inicial/final.","b87e59b666225f94b85d035a9dc5044c0ab7cc254886f6f4667d994387210ea2","c66fff36c2fb3517ffdd9893df7ad73ff27c8c9890b2eebd4f6a5fb0ada99e1f"
"DA-01006","B","1007","984","MSH4–MSH5","MSH4–MSH5","PRESENTE","PRESENTE","ACTUALIZADA","Fila final emparejada por identidad de dominio; cambios fijados por huellas inicial/final.","798a09b3c5135fb1f408bc984e14a7a9d19c02b6ad3f632c22e12bfff63416f2","c69bae567ef111dabdd59d88cf4e130f6e73f9feabaaec2bb22c564bdaf3c820"
"DA-01007","B","1008","985","HOP1","HOP1","PRESENTE","PRESENTE","ACTUALIZADA","Fila final emparejada por identidad de dominio; cambios fijados por huellas inicial/final.","253ccae8f26345d47aee72b967fc650b9708603b19da7cac91465006b93d2330","1d61bb576b3a8d1f2c4b049d4ad06d289ac2e376863e9132a2023d6cfd61c528"
"DA-01008","B","1009","986","organización cromosómica meiótica","organización cromosómica meiótica","PRESENTE","PRESENTE","ACTUALIZADA","Fila final emparejada por identidad de dominio; cambios fijados por huellas inicial/final.","d46fdb6b045d1f0acad4d29af823b86bb58570de29ac9d25bb48ca2330000d5f","0991fb7b75e463cfe4aaf99e5f0ae296e9f2baa68b7605f7df657b52ceb917fd"
"DA-01009","B","1010","987","MND1–HOP2","MND1–HOP2","PRESENTE","PRESENTE","ACTUALIZADA","Fila final emparejada por identidad de dominio; cambios fijados por huellas inicial/final.","1253a5a594aee03afdfcd072ff6be2ade83b6738a160acd83b2ea8613980ec75","d66b4fca205d2e20e6e40a4be546a807b93891c0824d77610c27828a7dc2a0cd"
"DA-01010","B","1011","988","recombinación homóloga meiótica","recombinación homóloga meiótica","PRESENTE","PRESENTE","ACTUALIZADA","Fila final emparejada por identidad de dominio; cambios fijados por huellas inicial/final.","d779b82a1f711dca5b515cd3999d302c6faf4217da6e8fa55e0b9b474814595d","e36b0a8d5be1e7b08d5f2096b7c0d9bd2cf766c24d92811f15269e273b046d1f"
"DA-01011","B","1012","989","cohesión y segregación meiótica","cohesión y segregación meiótica","PRESENTE","PRESENTE","ACTUALIZADA","Fila final emparejada por identidad de dominio; cambios fijados por huellas inicial/final.","a8fefc7d390682631f264ede885e53baf7fe14eba268b8cb969f047d5b9014e3","418f58cacc0d925e5542aa92a657c4590c01e4d8ea3ee6589e16be59f3e6ba14"
"DA-01012","B","1013","990","REC8","REC8","PRESENTE","PRESENTE","ACTUALIZADA","Fila final emparejada por identidad de dominio; cambios fijados por huellas inicial/final.","ebe867dc451ccff38b8abb34cf5280919b5afa94cb3f7a3cc864c6b9b0357126","111ebf54f1fc48badf1b0ca0fedf59a2128c37f3c574be2c62c7abe7c84532cd"
"DA-01013","B","1014","991","cinco genes considerados específicos de meiosis","cinco genes considerados específicos de meiosis","PRESENTE","PRESENTE","ACTUALIZADA","Fila final emparejada por identidad de dominio; cambios fijados por huellas inicial/final.","6418397d1912823f948553141265fb5a959c60f0b4633beb2e154d1c40444fdb","30406f23c67df65dd860283ade5a58a4e90bdbe031dc12df9a49d279753db6bd"
"DA-01014","B","1015","NO_APLICA","Giardia intestinalis","NO_APLICA","PRESENTE","RETIRADA","RETIRADA","Instantánea externa y linaje de auditoría; retirada o consolidada sin reasignar silenciosamente la fila.","0be5e8cfdb512b52fa40246b0890f5c352743916b492dd90eb6c2e66bc4a9245","NO_APLICA"
"DA-01015","B","1016","992","*Giardia intestinalis*","*Giardia intestinalis*","PRESENTE","PRESENTE","ACTUALIZADA","Fila final emparejada por identidad de dominio; cambios fijados por huellas inicial/final.","6e1b500118062fa96966f17a3276fc3a39a28811faefa847a2675c6c63fcf22d","7ed010db8ed1576cffa4bc3ceb9fdd697690edb86106710e85450e96d220997f"
"DA-01016","B","1017","993","27 de 29 genes meióticos examinados","27 de 29 genes meióticos examinados","PRESENTE","PRESENTE","ACTUALIZADA","Fila final emparejada por identidad de dominio; cambios fijados por huellas inicial/final.","31330ab562e5e4ce59212adf02a707c608ec86d2f2ce6490163e1268417441f0","2c1a99f07d15e5d5acb5302f375332638a46d6b48ce793d9f7244106679f71fb"
"DA-01017","B","1018","994","Trichomonas vaginalis","Trichomonas vaginalis","PRESENTE","PRESENTE","ACTUALIZADA","Fila final emparejada por identidad de dominio; cambios fijados por huellas inicial/final.","df971494a51879505e1278463fb40ee327a5ece7c32036af8d44a43047b69978","eaee1eb01ca090015e52db387f4e288774671c034308883b5d7d9f7284580d02"
"DA-01018","B","1019","995","*Trichomonas vaginalis*","*Trichomonas vaginalis*","PRESENTE","PRESENTE","ACTUALIZADA","Fila final emparejada por identidad de dominio; cambios fijados por huellas inicial/final.","f9ae81dc7b46c863bebba01a025ddcbea6a96d92c168e39c0a3972e78b895820","6bed8df0777cc104b83853ceb519ec5369d4a6b6085ebd50a12924e5c8358e1e"
"DA-01019","B","1020","996","ocho de nueve genes específicos de meiosis examinados","ocho de nueve genes específicos de meiosis examinados","PRESENTE","PRESENTE","ACTUALIZADA","Fila final emparejada por identidad de dominio; cambios fijados por huellas inicial/final.","8a5da286d17122d46120717b55039969c513a8a1f5ed82b0aa116069208947ff","fe73c179050a5bd0932bd869ff9182da738bcbad6388f664a8c0177ec97064e8"
"DA-01020","B","1021","997","meiosis observada","meiosis observada","PRESENTE","PRESENTE","ACTUALIZADA","Fila final emparejada por identidad de dominio; cambios fijados por huellas inicial/final.","1bd370dfb9be81cbf6993c26528845b005bd873d66d22700bb95776ef8dc94a0","c3783dee9d5214d06579b6d3f53b2594aabd68e3761ff70b79cac25939fb5596"
"DA-01021","B","1022","998","18 genes meióticos conservados","18 genes meióticos conservados","PRESENTE","PRESENTE","ACTUALIZADA","Fila final emparejada por identidad de dominio; cambios fijados por huellas inicial/final.","93a8943e428e046c004feee8bf12fc8252d885a2758392db136bc687fccfa022","ab0906526ae5cb80eb5b35d7b11526bd28e92481192a5514298a901eef942a2f"
"DA-01022","B","1023","NO_APLICA","Choanoflagellata","NO_APLICA","PRESENTE","RETIRADA","RETIRADA","Instantánea externa y linaje de auditoría; retirada o consolidada sin reasignar silenciosamente la fila.","904e785ad4cf923d7ebf19bf7766665462dfdd78e31825b28cdf9fd4235935a9","NO_APLICA"
"DA-01023","B","1024","999","evidencia de sexo en coanoflagelados","evidencia de sexo en coanoflagelados","PRESENTE","PRESENTE","ACTUALIZADA","Fila final emparejada por identidad de dominio; cambios fijados por huellas inicial/final.","39f649648c5431b911478c8ad4c4ec8929a858c8284c9a377fd267f46a8dcd53","78f5032e13a185bc27d6f3d63dd9477aa8438c57fea14f0a11e03eb1d8bd7a76"
"DA-01024","B","1025","1000","inventario genómico antes de observación del ciclo","inventario genómico antes de observación del ciclo","PRESENTE","PRESENTE","ACTUALIZADA","Fila final emparejada por identidad de dominio; cambios fijados por huellas inicial/final.","23d3ecce5f8180fc96ba4107c4b1f15284be8b2e5b2967ad5417d9629d6d6c6e","70529ada1e7e2a22ef80157c1064d12bd130aa777db35f1a1930e88536719d2d"
"DA-01025","B","1026","NO_APLICA","*Salpingoeca rosetta*","NO_APLICA","PRESENTE","RETIRADA","RETIRADA","Instantánea externa y linaje de auditoría; retirada o consolidada sin reasignar silenciosamente la fila.","cd841d55f354a548e727b654bf39db9a00ef81232b0b069b1a49e0e2508e2186","NO_APLICA"
"DA-01026","B","1027","1001","Capsaspora owczarzaki","Capsaspora owczarzaki","PRESENTE","PRESENTE","ACTUALIZADA","Fila final emparejada por identidad de dominio; cambios fijados por huellas inicial/final.","0799bd73373de4625b751f74719ab6e448ef6fbdf3994d13f8151a7c67a8d240","89790a8382c45269443414491876a74f67b25245e6e45732efb1916d7e68c28f"
"DA-01027","B","1028","NO_APLICA","*Capsaspora owczarzaki*","NO_APLICA","PRESENTE","RETIRADA","RETIRADA","Instantánea externa y linaje de auditoría; retirada o consolidada sin reasignar silenciosamente la fila.","2bbc022954ec37e17946f5d423615f94183a3b63e66af4879636e55df2752404","NO_APLICA"
"DA-01028","B","1029","1002","repertorio genómico asociado con sexo y meiosis","repertorio genómico asociado con sexo y meiosis","PRESENTE","PRESENTE","ACTUALIZADA","Fila final emparejada por identidad de dominio; cambios fijados por huellas inicial/final.","84015f5a22810e2e82728fc1211c30608cc22d03c21235f5dc36820756472dbe","d65b820b0f1dd637117b4156e79a7e96bc37e45c73c2cb7a88b601bc45103bf3"
"DA-01029","B","1030","1003","NO LOCALIZADO EN ESTA SESIÓN","NO LOCALIZADO EN ESTA SESIÓN","PRESENTE","PRESENTE","ACTUALIZADA","Fila final emparejada por identidad de dominio; cambios fijados por huellas inicial/final.","c5741bd6a45850319c8bd449765bd294338a17d7c23b22d1688da0b213076bf9","1ff49f93a2cf9705f9ea02426c8b7dc610735babdb45901d1f2c6287d3e484aa"
"DA-01030","B","1031","NO_APLICA","Amoebozoa","NO_APLICA","PRESENTE","RETIRADA","RETIRADA","Instantánea externa y linaje de auditoría; retirada o consolidada sin reasignar silenciosamente la fila.","a69f9dd8d0e5f92343ae45a8df4e50848a72aec58c0b269e80d3842e25bde090","NO_APLICA"
"DA-01031","B","1032","1004","genes meióticos en linajes con sexo críptico o no observado","genes meióticos en linajes con sexo críptico o no observado","PRESENTE","PRESENTE","ACTUALIZADA","Fila final emparejada por identidad de dominio; cambios fijados por huellas inicial/final.","b19ed61065ae08d0ef61e22b8465f6d24ae8f6f1621cdca0a28e8cfe16a44568","db493e354184abc9cf857977476516a01595f19e4b83e49b4775bcaf2050aa36"
"DA-01032","B","1033","1005","función exclusivamente meiótica","función exclusivamente meiótica","PRESENTE","PRESENTE","ACTUALIZADA","Fila final emparejada por identidad de dominio; cambios fijados por huellas inicial/final.","d028d9d4960b9d6b78b3d9819d928923b8ae8329b05e8a8edb8d3adbf4b695b2","acc2212adf0934b6fef052a204fdf87a7b9279fead4248c2f247cfcfde34644a"
"DA-01033","B","1034","1006","homólogo de gen meiótico","homólogo de gen meiótico","PRESENTE","PRESENTE","ACTUALIZADA","Fila final emparejada por identidad de dominio; cambios fijados por huellas inicial/final.","9b394e682ffc7f482185985bbf97f2ea98a78eab8dfe840267a010b8978e5477","a68c5534384e3e4a3521aa55f1a041bfb2095ed41422e5e8e43330761ee57e9c"
"DA-01034","B","1035","1007","ausencia de meiosis","ausencia de meiosis","PRESENTE","PRESENTE","ACTUALIZADA","Fila final emparejada por identidad de dominio; cambios fijados por huellas inicial/final.","06918e9ec8398995a6801ddc52543bfe5a810fcd9e8785cc1de67cc5d5127e41","96888e2e54bb6647979084e20e69f4f3df2de5c86fa1ca73e48f5950955d1622"
"DA-01035","B","1036","1008","ausencia de un gen meiótico","ausencia de un gen meiótico","PRESENTE","PRESENTE","ACTUALIZADA","Fila final emparejada por identidad de dominio; cambios fijados por huellas inicial/final.","8f92f03555e21a87a83c3bd755d6a1631ed257321963918ca08cfc3f3a0fe92b","b479c1843ce7de72b5f068f5e23b7c01bbae6a0191fbd2582ad58679c023d13d"
"DA-01036","B","1037","1009","LECA","LECA","PRESENTE","PRESENTE","ACTUALIZADA","Fila final emparejada por identidad de dominio; cambios fijados por huellas inicial/final.","d41c6d57a3ab9e3127ab5845dcb2ee9ef5ecd21a6c2bfefd1f2ddd23413a4ec1","2462fb46e322b1c305b2bc4183a56390b8af816a714a823e8ce59f5b69838947"
"DA-01037","B","1038","1010","meiosis o programa meiótico ancestral","meiosis o programa meiótico ancestral","PRESENTE","PRESENTE","ACTUALIZADA","Fila final emparejada por identidad de dominio; cambios fijados por huellas inicial/final.","008bc8e35b2417ecd17fda046acf303a73b73482a5e6acc9d262b2d63017c0ce","b4550c2d050bfb167526a84b1eac48787b174f7cef8c57465b25779b78bbe11f"
"DA-01038","B","1039","1011","ciclo, frecuencia y señal ancestral","ciclo, frecuencia y señal ancestral","PRESENTE","PRESENTE","ACTUALIZADA","Fila final emparejada por identidad de dominio; cambios fijados por huellas inicial/final.","ab0ff99d896d3eda2500ac279445db4db9ce26725d5d2bb729e44d752785ebd3","de38421d4344bc885d01fffd4297994d3b3fcfe00136e509223179c5324251a3"
"DA-01039","B","1040","1012","LECA sexual","LECA sexual","PRESENTE","PRESENTE","ACTUALIZADA","Fila final emparejada por identidad de dominio; cambios fijados por huellas inicial/final.","1f596f33f5e012f284e82ab5ca6c66ee8bc38b3045760c8b2d5750c590272e3e","a5aca0a9b554603ddb990d39eb962ca82d8b6ff033de1b181df65ec17cca2fc0"
"DA-01040","B","1041","1013","posición metodológica","posición metodológica","PRESENTE","PRESENTE","ACTUALIZADA","Fila final emparejada por identidad de dominio; cambios fijados por huellas inicial/final.","e1c2935cdd78a50dac57076792256c858a84ab024df3ea9dfb5c42ac1a5b3b50","eae70a9c2baad98cabd4ac7bc26234eefbf72765ca7afb583b7ea23225245270"
"DA-01041","B","1042","1014","todos los eucariotas son sexuales salvo prueba en contrario","todos los eucariotas son sexuales salvo prueba en contrario","PRESENTE","PRESENTE","ACTUALIZADA","Fila final emparejada por identidad de dominio; cambios fijados por huellas inicial/final.","f34de22ce472c306f5bd16d74cb9e88a4562e7e93e5393310a28a1785da0fdf7","7510e674d60c9e0f00f98f73b12bf998f58cbdda35e18927954cc40d613aace0"
"DA-01042","B","1043","1015","mayor apoyo para ancestralidad que para universalidad actual","mayor apoyo para ancestralidad que para universalidad actual","PRESENTE","PRESENTE","ACTUALIZADA","Fila final emparejada por identidad de dominio; cambios fijados por huellas inicial/final.","c0fe26b55449e1c555aa422a35d72a428030dd2271aab190cc22ebb6bc24195e","b37df2bf31303638db3a5f8e438f8d66c6d47aa7aebdc2c112a4f52068cb8773"
"DA-01043","B","1044","1016","sexo ancestral y sexo universal actual","sexo ancestral y sexo universal actual","PRESENTE","PRESENTE","ACTUALIZADA","Fila final emparejada por identidad de dominio; cambios fijados por huellas inicial/final.","b7ffac8a1bd41e003aebd38ed6751661975ae38148358a06ab5add35f4ed2c3a","1a87def37c71ee5e30994e1470552acb0a1dffdb7ccd56306591568123e836c2"
"DA-01044","B","1045","1017","maquinaria mitótica ancestral","maquinaria mitótica ancestral","PRESENTE","PRESENTE","ACTUALIZADA","Fila final emparejada por identidad de dominio; cambios fijados por huellas inicial/final.","d5f76439e4c08837b45d2cac44f8666caddf738a5e709441685cbece132ff219","630f624233fa8d8a2868be60463bd8a22cc5fd1c3f63e4863181560fec0d5717"
"DA-01045","B","1046","1018","cuatro innovaciones respecto de mitosis","cuatro innovaciones respecto de mitosis","PRESENTE","PRESENTE","ACTUALIZADA","Fila final emparejada por identidad de dominio; cambios fijados por huellas inicial/final.","91d4eeff1e3e36bfb4a86a1ef7a65d5e5b18f25b17aa4a28f4a571b0316b3cc3","2ca820e552d06011ae986189c9bba1cb27f9be446e6d1ff80d38e68eff7c8577"
"DA-01046","B","1047","1019","familia RecA","familia RecA","PRESENTE","PRESENTE","ACTUALIZADA","Fila final emparejada por identidad de dominio; cambios fijados por huellas inicial/final.","ff51459193e8abeecbaf0826e016d40be1eaa9782252d9601bd4faee87c80cef","dd3996089534d914151a6fe055a8c36177205ade34385dca0b44904c0b9be7bd"
"DA-01047","B","1048","1020","RAD51","RAD51","PRESENTE","PRESENTE","ACTUALIZADA","Fila final emparejada por identidad de dominio; cambios fijados por huellas inicial/final.","58e6f8cb9ac18dcdb449ea97b228f6485f42f4cec4bc15404ffdf29216a83f73","2acfa705d2abd7489a9666bc71d71e24b394efa63bdf4e0c72fc93cdbda1c74a"
"DA-01048","B","1049","1021","RAD51 y DMC1","RAD51 y DMC1","PRESENTE","PRESENTE","ACTUALIZADA","Fila final emparejada por identidad de dominio; cambios fijados por huellas inicial/final.","f87c08c5390ad798c35796ca2b686c582bc4f0a0c039339d7768d5c7e30aa4b1","43600eac56f40b56e88c71537bd99b12b5ad1d874d03149fac1c459f204a3e91"
"DA-01049","B","1050","1022","meiosis eucariota","meiosis eucariota","PRESENTE","PRESENTE","ACTUALIZADA","Fila final emparejada por identidad de dominio; cambios fijados por huellas inicial/final.","d21a39e2fa489775702b971174a1b7bc8cdd1d938e2185db0b37e816ca3d2fab","bd5e707ef3b14f12023f26b873dac3e1d55cbe6a720bd1d2b4d93e33deb75d98"
"DA-01050","B","1051","1023","recombinación homóloga bacteriana","recombinación homóloga bacteriana","PRESENTE","PRESENTE","ACTUALIZADA","Fila final emparejada por identidad de dominio; cambios fijados por huellas inicial/final.","7e1f913012bd2bf6a45ba1dd0bcaf1a2ea290aa46470c92bc3195fdd38a85a12","5a7e29435d7daf7e9e895f2361d8246b14cf40b2f96375f0d67b73db156d9901"
"DA-01051","B","1052","1024","hipótesis de reparación como origen del sexo","hipótesis de reparación como origen del sexo","PRESENTE","PRESENTE","ACTUALIZADA","Fila final emparejada por identidad de dominio; cambios fijados por huellas inicial/final.","9eaf2743340fad0e1b1cf6dce1bac339ececff285cdf5dbf5009fab8b9d24797","83a4aab181c0b8e36b2290a7cc98e158c2c1ba13c52bcec6311df542eb3ff566"
"DA-01052","B","1053","1025","uso de homólogo para reparar ADN","uso de homólogo para reparar ADN","PRESENTE","PRESENTE","ACTUALIZADA","Fila final emparejada por identidad de dominio; cambios fijados por huellas inicial/final.","121404e192a820b2f786f30d76d0e7aca5014d88064f521486bba4c548217db3","ddb4a25ec3829122aa39cb98be182c3051e72c755aceb7709511206f5be8f81d"
"DA-01053","B","1054","1026","hipótesis de reducción de ploidía","hipótesis de reducción de ploidía","PRESENTE","PRESENTE","ACTUALIZADA","Fila final emparejada por identidad de dominio; cambios fijados por huellas inicial/final.","ea481065ce6d93fe36555690e97fffa03419d512399efc978576cc76eca5c41b","ac0e1e21385860f4f07399c9cf59c70e5b316a02ff91a2c32ae55c0c0f6212f0"
"DA-01054","B","1055","1027","restauración de ploidía tras fusión","restauración de ploidía tras fusión","PRESENTE","PRESENTE","ACTUALIZADA","Fila final emparejada por identidad de dominio; cambios fijados por huellas inicial/final.","45947c349b23e5cf4f3a883c1e05e0f8f4b5b737f823b8f55a64484ca83b4ae1","a20a9fa187cb53695967b4dd80c361a64385142648a76217e13bfaecf380e4a8"
"DA-01055","B","1056","1028","hipótesis de apareamiento de homólogos","hipótesis de apareamiento de homólogos","PRESENTE","PRESENTE","ACTUALIZADA","Fila final emparejada por identidad de dominio; cambios fijados por huellas inicial/final.","57f5ccdaafbae146a2747e656ae257550f48aa54d0c5dcdbca023f411b8110e6","629ba2acef3b2fe47c8ed0e0a6a6760297230b7defd313f3efbd3224eeecd09a"
"DA-01056","B","1057","1029","mejora de segregación de homólogos","mejora de segregación de homólogos","PRESENTE","PRESENTE","ACTUALIZADA","Fila final emparejada por identidad de dominio; cambios fijados por huellas inicial/final.","dcec23eb9a75c99a31e3b0386e0fa631174d0f73dbcb096e11a294ddf2371687","b1bb385fe4645cba8c35190d0386f83b9fff07f602f586ca9182ec546beec254"
"DA-01057","B","1058","1030","expansión genómica favorece fusión y meiosis","expansión genómica favorece fusión y meiosis","PRESENTE","PRESENTE","ACTUALIZADA","Fila final emparejada por identidad de dominio; cambios fijados por huellas inicial/final.","48b3cc2a88a94bd85630c0668feaeb2b0995ff1957bed135963da04318f6e730","8486722c463f8ec99a9d3a3a061c99ef8e31f8437cda4a709f47bf67cccdbf20"
"DA-01058","B","1059","1031","modelo de transición de transferencia lateral a sexo","modelo de transición de transferencia lateral a sexo","PRESENTE","PRESENTE","ACTUALIZADA","Fila final emparejada por identidad de dominio; cambios fijados por huellas inicial/final.","cbe9f19b7544e91d69b48c4e272a680236e5c3dd86dcbd21132a1701bfa89326","a92dab39cda17b45f826aff9fa7239e13a04c40418e1b92ac2731aeddd4c9afd"
"DA-01059","B","1060","1032","origen y mantenimiento del sexo","origen y mantenimiento del sexo","PRESENTE","PRESENTE","ACTUALIZADA","Fila final emparejada por identidad de dominio; cambios fijados por huellas inicial/final.","c09f5ee6ca0822abe8680a26ae3c682a4c44a44b11ac761575e3412b4c5fcb45","91357a74baed90e07c54e4b0cb6ac7e71970fe8165d4cd198108d54ce0359929"
"DA-01060","B","1061","1033","preguntas históricas distintas","preguntas históricas distintas","PRESENTE","PRESENTE","ACTUALIZADA","Fila final emparejada por identidad de dominio; cambios fijados por huellas inicial/final.","31ca15634f644ca0f43984fa26cc136a4cfd64492b9b7a5dc1d72e833f10d616","c0b77bd8f631923d071b8474e48f67887223bef23eaaa60af027f95633522e9f"
"DA-01061","B","1062","NO_APLICA","LA LITERATURA DECLARA QUE NO SE SABE","NO_APLICA","PRESENTE","RETIRADA","RETIRADA","Instantánea externa y linaje de auditoría; retirada o consolidada sin reasignar silenciosamente la fila.","101e79c6acbd869f41507ba51a3c469f7eb84f5c72f94199c58fd2c36871fe2f","NO_APLICA"
"DA-01062","B","1063","1034","orden de componentes del sexo ancestral","orden de componentes del sexo ancestral","PRESENTE","PRESENTE","ACTUALIZADA","Fila final emparejada por identidad de dominio; cambios fijados por huellas inicial/final.","0af23e9810c7506bd0c37a02604a571e6fd9865680e9fbd07d45772bc95630cb","a67d6ddb65eac1ec1b8d0059bf3e81ad02f7bd5ac018df3471c7e18feafa7032"
"DA-01063","B","1064","1035","eliminación de mutaciones deletéreas","eliminación de mutaciones deletéreas","PRESENTE","PRESENTE","ACTUALIZADA","Fila final emparejada por identidad de dominio; cambios fijados por huellas inicial/final.","c72b13f2a5cbf23d3e9724a404ad8ddd70deab0a21e8a0892e422261b0e9ab3d","5eb37998bf79ee3934356a6cd8339137a9d1ce180f8214aad8e0a167c3601537"
"DA-01064","B","1065","1036","hipótesis de purga de mutaciones","hipótesis de purga de mutaciones","PRESENTE","PRESENTE","ACTUALIZADA","Fila final emparejada por identidad de dominio; cambios fijados por huellas inicial/final.","a6cfd9bf533958e425469d80496723ef87e80a7c88b5f34e804ae39e0d9d661c","5aee90b33b3ad90e49db072b90c358c7ac7a3c7b7cde71aa0e2a5963ccd64ee1"
"DA-01065","B","1066","1037","pérdida estocástica de clases menos cargadas","pérdida estocástica de clases menos cargadas","PRESENTE","PRESENTE","ACTUALIZADA","Fila final emparejada por identidad de dominio; cambios fijados por huellas inicial/final.","a5c75ef408bb5c25a31626901ed8e90fd57d5f4ddcc1d2bbc05391a08681074d","191852824447a8cc25bd3485801f5787f55f0371870116e51974ddbbf0214169"
"DA-01066","B","1067","1038","trinquete de Muller","trinquete de Muller","PRESENTE","PRESENTE","ACTUALIZADA","Fila final emparejada por identidad de dominio; cambios fijados por huellas inicial/final.","eccf23d0eb9b0092b8300300b8ee1b6c0dbfcb25767dc5f7d2a72f4333a23dc1","f3b2bf9cf790bacaf7f583c6e7767f08ff81fe026075abf1a927975035c2cb28"
"DA-01067","B","1068","1039","combinación de alelos beneficiosos","combinación de alelos beneficiosos","PRESENTE","PRESENTE","ACTUALIZADA","Fila final emparejada por identidad de dominio; cambios fijados por huellas inicial/final.","18a010348f8ad98592add4ddaedd8172c8f5bed09b9d52767e9113864f9fe288","424e16b66e2d12b04be333982c79cf9eb7ddea74bceb2aee93e1a732ede8e348"
"DA-01068","B","1069","1040","hipótesis Fisher–Muller","hipótesis Fisher–Muller","PRESENTE","PRESENTE","ACTUALIZADA","Fila final emparejada por identidad de dominio; cambios fijados por huellas inicial/final.","ee8839c37c0a4bd8be8275fc2afdebce23035a842ca0edaca61f58e96d1b2330","127d5a3b618866540fe29586a0ed7e810ba88b17e507858fb9d52f2acd46af87"
"DA-01069","B","1070","1041","hipótesis de la Reina Roja para sexo","hipótesis de la Reina Roja para sexo","PRESENTE","PRESENTE","ACTUALIZADA","Fila final emparejada por identidad de dominio; cambios fijados por huellas inicial/final.","a17c1d5e1ef4603f66f65d2f9ed214ede79be49465cc3665446b16b8bb484d48","dbe7e2d5d3d11d318155b8e006ed69fffd339bd6489dd0323801b0e748728906"
"DA-01070","B","1071","1042","respuesta a coevolución huésped-parásito","respuesta a coevolución huésped-parásito","PRESENTE","PRESENTE","ACTUALIZADA","Fila final emparejada por identidad de dominio; cambios fijados por huellas inicial/final.","9affb20e82c63f43c54c7064b11427f584c1683deda9276c4192ea36b2bbb61f","59a3bb8d97f1c4244d04fd2d4e847206ff4c745fece1ca169503f1ad15b06a88"
"DA-01071","B","1072","1043","diversificación de descendencia","diversificación de descendencia","PRESENTE","PRESENTE","ACTUALIZADA","Fila final emparejada por identidad de dominio; cambios fijados por huellas inicial/final.","8233f458dbbce1fee73aab9b92709b477deadfd030c9b3d314cc068d0160c1e8","2d6d2ca6b5155bc12c917f881daa4b7e599246f29e32868b192e8b5dcafafc69"
"DA-01072","B","1073","1044","hipótesis de ambiente variable","hipótesis de ambiente variable","PRESENTE","PRESENTE","ACTUALIZADA","Fila final emparejada por identidad de dominio; cambios fijados por huellas inicial/final.","f5edbc15e73b8d21ec70ad8b069719923943a19552d79e7ec755a30c61645e9a","a277990661694d948df68929cc9c949eac260041bf1f4400a92cb1df3245672f"
"DA-01073","B","1074","1045","hipótesis de origen y de mantenimiento","hipótesis de origen y de mantenimiento","PRESENTE","PRESENTE","ACTUALIZADA","Fila final emparejada por identidad de dominio; cambios fijados por huellas inicial/final.","8b6a5d3c1c588002b3825d9ea2382cd4aa7d156aa51202e0e8d6212055fbb1c9","f1fc3855f1fb5113c4a9ef2b312c619d01f9234291663931340c9acb5d43934a"
"DA-01074","B","1075","1046","reparación de ADN","reparación de ADN","PRESENTE","PRESENTE","ACTUALIZADA","Fila final emparejada por identidad de dominio; cambios fijados por huellas inicial/final.","4c169051f278682d3aef32157f6b5fe4aa3b1420150e3521dfaf05ded7aa9ee9","d92d5e558768f3a614e5e6ee1ef13a132decac028fe397209639314517fb6334"
"DA-01075","B","1076","1047","diversidad completa de ciclos eucariotas","diversidad completa de ciclos eucariotas","PRESENTE","PRESENTE","ACTUALIZADA","Fila final emparejada por identidad de dominio; cambios fijados por huellas inicial/final.","dab4e3b6e89394af4f535b524eaf18424000c8ce410e7aeb1918ec2747c310bd","229648d9d9474ce9b6806c24c920e46813d766adb1ef59a295d44fe05f7c3080"
"DA-01076","B","1077","1048","hipótesis de mantenimiento del sexo","hipótesis de mantenimiento del sexo","PRESENTE","PRESENTE","ACTUALIZADA","Fila final emparejada por identidad de dominio; cambios fijados por huellas inicial/final.","9e926ae33b3ae8ae0d824a7083d9182b9e8f31dd3c0ec61597266d55d4ad7052","39c2a64423df7df3237ee9780c83eddb46696d4ba66958122967e2fb68eeaa55"
"DA-01077","B","1078","1049","asimetría de contribución y descendencia","asimetría de contribución y descendencia","PRESENTE","PRESENTE","ACTUALIZADA","Fila final emparejada por identidad de dominio; cambios fijados por huellas inicial/final.","8f7eca8920e58a203720d475a8306c000cf6f71446b556d26a7e40d5c30669bb","39d1a40799f9c9fa00e534a3561f62af02f2257b46bb0865bee504bd2657141a"
"DA-01078","B","1079","1050","coste doble del sexo","coste doble del sexo","PRESENTE","PRESENTE","ACTUALIZADA","Fila final emparejada por identidad de dominio; cambios fijados por huellas inicial/final.","ba46f7120990108f003c191dab3c7b5ed46562f31c4c5a32530023f60125156b","f03c686a7a9f26a73409ac39abeb187830146ad18c39dbd5f79e4c20ce660981"
"DA-01079","B","1080","1051","coste doble de los machos","coste doble de los machos","PRESENTE","PRESENTE","ACTUALIZADA","Fila final emparejada por identidad de dominio; cambios fijados por huellas inicial/final.","64e710b42cde1418a0bd49fd96ce0150794a242b64bc52c452b0b540bb5492f2","0b05afb0d2f98623a8969a10535b14771e8fbc4c106a8cb889c86f53c671d7e5"
"DA-01080","B","1081","1052","linajes isógamos","linajes isógamos","PRESENTE","PRESENTE","ACTUALIZADA","Fila final emparejada por identidad de dominio; cambios fijados por huellas inicial/final.","e8c9c1e998589ef373529a8ebc7d7756caa4908c6cda723069fcf581b5efe1e3","3041c94f73f8f2bfc6764908a6ffc81736b2d6fdc1900db6005241a24f44d158"
"DA-01081","B","1082","1053","búsqueda de pareja","búsqueda de pareja","PRESENTE","PRESENTE","ACTUALIZADA","Fila final emparejada por identidad de dominio; cambios fijados por huellas inicial/final.","fb7678a0e41ef649718ad7d740a00e64346c93d5c0195e4ad1cb85c903d02ea3","d1eb82c164a194299306610d092671980c2ac36d13d1e7f20ca2c19514b1e141"
"DA-01082","B","1083","1054","tiempo, riesgo y oportunidad","tiempo, riesgo y oportunidad","PRESENTE","PRESENTE","ACTUALIZADA","Fila final emparejada por identidad de dominio; cambios fijados por huellas inicial/final.","59aa4e6e1c89e44f7a50c3cad3a82444c88df151b4c567e8ee07e84f14b54b98","d28ef5dc41ca7ee6867b6ad2613db11779bbd0c8058bdc1ad83c44b25aec6623"
"DA-01083","B","1084","1055","fusión sexual","fusión sexual","PRESENTE","PRESENTE","ACTUALIZADA","Fila final emparejada por identidad de dominio; cambios fijados por huellas inicial/final.","d087aa05e47378b594cde65037f18b51712f9a3848b29e861d2fde78e3a74562","dca8c3dabbac45b34dab724c80e3f0b40b26e7abb7d6376bc9d3cc0e79c86d0c"
"DA-01084","B","1085","1056","reconocimiento, membranas y cariogamia","reconocimiento, membranas y cariogamia","PRESENTE","PRESENTE","ACTUALIZADA","Fila final emparejada por identidad de dominio; cambios fijados por huellas inicial/final.","11887feb41ab29658066d24eb82e5494e3c47669c721676da9e57feef935b729","0cfde0403fe3b92e7b1744bb1134bf7d9ab8a16fd5ff9a6766a8dfec4d878286"
"DA-01085","B","1086","1057","tiempo, maquinaria y riesgo cromosómico","tiempo, maquinaria y riesgo cromosómico","PRESENTE","PRESENTE","ACTUALIZADA","Fila final emparejada por identidad de dominio; cambios fijados por huellas inicial/final.","f0ea722244d9ccaf74a6e577870e67f5c877103ed7635574a1c058c2f8b4bfea","07b90f8075ab14b204716d6d713d3598cce38779a170cb14b30d3eb282e35fe0"
"DA-01086","B","1087","1058","recombinación","recombinación","PRESENTE","PRESENTE","ACTUALIZADA","Fila final emparejada por identidad de dominio; cambios fijados por huellas inicial/final.","82a362161f1023ccbf498c2b08bc86ccb0ef04caa9677f97ac4a6400e2725196","5e41d36cee474ea73404808b33fe83e6d9cf7ba4d6b2aa259c5fc38b4f689e1e"
"DA-01087","B","1088","1059","ruptura de asociaciones favorables","ruptura de asociaciones favorables","PRESENTE","PRESENTE","ACTUALIZADA","Fila final emparejada por identidad de dominio; cambios fijados por huellas inicial/final.","6bd118c62499b8643934256a74d10197cc2335553f10ab8a7b82d0e8ff070008","b0d32b8c1dccdac6d9771aa15c821f02c5317d2954593a49e764cbdeb889b691"
"DA-01088","B","1089","1060","ciclo de ploidía","ciclo de ploidía","PRESENTE","PRESENTE","ACTUALIZADA","Fila final emparejada por identidad de dominio; cambios fijados por huellas inicial/final.","a8c4ecd58243d1405e028c803f6a549a220e58a55c6355c78a6e871209c5bdfd","5e23298649204bf9ffef217c90fc32d85af325ca9ced26be572721357bce4633"
"DA-01089","B","1090","1061","ventajas y costes dependientes de haploidía/diploidía","ventajas y costes dependientes de haploidía/diploidía","PRESENTE","PRESENTE","ACTUALIZADA","Fila final emparejada por identidad de dominio; cambios fijados por huellas inicial/final.","c1c94b7dfbbcbd4d3a05e998f22f7fab801e2b2a6e6d1bb53b8ad1c6d5820046","e6378f4b6d73ca7ab5de1035b6ca21e4898bdbaf850ec03b0bed720706a42fe1"
"DA-01090","B","1091","1062","coste energético de sexo en holozoos unicelulares","coste energético de sexo en holozoos unicelulares","PRESENTE","PRESENTE","ACTUALIZADA","Fila final emparejada por identidad de dominio; cambios fijados por huellas inicial/final.","d009f52081c26d3cd2dcb9d3c87988effa955291b0aca2ac09b7a4936cb04fb5","cbbae958df4d723753867548d1cb1e1b912fc610ac44d3955e941827c1111918"
"DA-01091","B","1092","1063","coste de encontrar pareja en Salpingoeca rosetta","coste de encontrar pareja en Salpingoeca rosetta","PRESENTE","PRESENTE","ACTUALIZADA","Fila final emparejada por identidad de dominio; cambios fijados por huellas inicial/final.","fc7c00d93abcf00a6193952569c494036c29a1a7b192669ff48c00b778dd812c","1a4b7eb76f565207e023802c7dea4c030fca13db4cb7d44e42d36d810d3badf2"
"DA-01092","B","1093","NO_APLICA","Salpingoeca rosetta","NO_APLICA","PRESENTE","RETIRADA","RETIRADA","Instantánea externa y linaje de auditoría; retirada o consolidada sin reasignar silenciosamente la fila.","79621c64744804221d5448ca5d1fb2a2be4d9f99ae997ff9e78a788a64b31b95","NO_APLICA"
"DA-01093","B","1094","1064","transición haploide–diploide","transición haploide–diploide","PRESENTE","PRESENTE","ACTUALIZADA","Fila final emparejada por identidad de dominio; cambios fijados por huellas inicial/final.","cf7f1533bcfe4f570e0c9721b3af4a431b4c60ebc8f6c74ec693567f28a3fd27","6c9514c8279ebc8b628b024d0d5c30a33da43961840df8e49bacbf531c37d7d1"
"DA-01094","B","1095","1065","diploidía","diploidía","PRESENTE","PRESENTE","ACTUALIZADA","Fila final emparejada por identidad de dominio; cambios fijados por huellas inicial/final.","8ec99976ec885af3d523c0c43982e42fb60e14bdb9ac2b983fab272beed3b949","a4c8b9a970c7592b9dd6db7bf3c7f5fbaf9740b258af0340671b25671741bfce"
"DA-01095","B","1096","1066","Salpingoeca rosetta bajo limitación de nutrientes","Salpingoeca rosetta bajo limitación de nutrientes","PRESENTE","PRESENTE","ACTUALIZADA","Fila final emparejada por identidad de dominio; cambios fijados por huellas inicial/final.","d354b3e78aecc39f67c6aa4a8a0e328e242414ae6b098fb98c81bd3351c11f8a","0833556a5c53592988594a0536d8244e93e63fc903acbd9a0d5ced7d2b798c01"
"DA-01096","B","1097","1067","apareamiento anisógamo","apareamiento anisógamo","PRESENTE","PRESENTE","ACTUALIZADA","Fila final emparejada por identidad de dominio; cambios fijados por huellas inicial/final.","bff6badfb902da403e8110cb24977f6045ba7d7b723baf47dc3a1250b546b01c","7a3b07e35765c36f1d74f0b14a033ec4dd035bda05dea23efe128965852ca8f1"
"DA-01097","B","1098","1068","anisogamia de Salpingoeca rosetta","anisogamia de Salpingoeca rosetta","PRESENTE","PRESENTE","ACTUALIZADA","Fila final emparejada por identidad de dominio; cambios fijados por huellas inicial/final.","b1609fa5aa51196bea1be2a945cf9785a7bfb46a40bf0cfcb29604e1ec388268","0880126a88b9279b6ce6895963c6b02ec8775d6d29f6790182b9f02d9787927f"
"DA-01098","B","1099","1069","homología con sexos animales","homología con sexos animales","PRESENTE","PRESENTE","ACTUALIZADA","Fila final emparejada por identidad de dominio; cambios fijados por huellas inicial/final.","c19d057493914f0bdbbf7703cce1fd7a2c4959a0ee48a8c0c8f13d2aef7786b0","9b8f70a57a0fe2d8292d02a7b86bb3795ca52f87bb2a36ff76409486a5aa7079"
"DA-01099","B","1100","1070","compromiso tamaño–número","compromiso tamaño–número","PRESENTE","PRESENTE","ACTUALIZADA","Fila final emparejada por identidad de dominio; cambios fijados por huellas inicial/final.","47d7a04d6a6871c4f10ee7296e123051ae271f513a2505a7b733b0a1a5b69f28","162150a34ed8db3fd59161a4dccd8bf5aacd46795330754f514511956e240d15"
"DA-01100","B","1101","1071","modelo de anisogamia por selección disruptiva","modelo de anisogamia por selección disruptiva","PRESENTE","PRESENTE","ACTUALIZADA","Fila final emparejada por identidad de dominio; cambios fijados por huellas inicial/final.","0560b259c3cab087d93377f9b10272a4c0b9eeb1d34352173efecbc544c09e6a","78ecdb16304e45f914bb77b61057834e616af008fbcae11a3ad55ff99182814e"
"DA-01101","B","1102","1072","anisogamia","anisogamia","PRESENTE","PRESENTE","ACTUALIZADA","Fila final emparejada por identidad de dominio; cambios fijados por huellas inicial/final.","f439360afb3347e79d901241fba07858c771aa74da484aec2bd229cd913b05dc","d72464fa624254665fe5898757711e88114c3273831e4794809828debb203cc9"
"DA-01102","B","1103","1073","selección disruptiva sobre tamaño gamético","selección disruptiva sobre tamaño gamético","PRESENTE","PRESENTE","ACTUALIZADA","Fila final emparejada por identidad de dominio; cambios fijados por huellas inicial/final.","49d6595ed2e7512a9006fcc3008af2847699eb78e922f2651629572f4066a075","271fb14bd17fd07538ae4a7697d33ce84b2de2778878fbc3b0a0230d49849273"
"DA-01103","B","1104","1074","historia concreta de Salpingoeca rosetta o LECA","historia concreta de Salpingoeca rosetta o LECA","PRESENTE","PRESENTE","ACTUALIZADA","Fila final emparejada por identidad de dominio; cambios fijados por huellas inicial/final.","169f8da4c6051c0aaa912e3f970bb8483034db2d1a2ec9df7839630e223c7b2a","06ff804759499f170404d67c103cf0f278c36d4c8d28908e9c09811bc665cc24"
"DA-01104","B","1105","1075","teoría de anisogamia","teoría de anisogamia","PRESENTE","PRESENTE","ACTUALIZADA","Fila final emparejada por identidad de dominio; cambios fijados por huellas inicial/final.","538b65036b35922a5c83d89aa39bf40aca8d0e0f0425f84020d4fcbff3bfffd9","0baeaa4e27b2e149ed658191e4bd24de759eae15982accfc8c78d3b2c7076191"
"DA-01105","B","1106","1076","Dictyostelium discoideum","Dictyostelium discoideum","PRESENTE","PRESENTE","ACTUALIZADA","Fila final emparejada por identidad de dominio; cambios fijados por huellas inicial/final.","bf6c7613cca34ada354e5584fa25938aa6b22d1e501a1c4648ec746a15c37867","491fd7bcfb58253c7a8e1dff93e2397bda325e6585e9a6fecc5ad03483411392"
"DA-01106","B","1107","NO_APLICA","*Dictyostelium discoideum*","NO_APLICA","PRESENTE","RETIRADA","RETIRADA","Instantánea externa y linaje de auditoría; retirada o consolidada sin reasignar silenciosamente la fila.","6e083e70deae69fccde1849429c80f74ccfe2cf4d586f79b719eb362482ee1bb","NO_APLICA"
"DA-01107","B","1108","1077","tres tipos de apareamiento","tres tipos de apareamiento","PRESENTE","PRESENTE","ACTUALIZADA","Fila final emparejada por identidad de dominio; cambios fijados por huellas inicial/final.","4f671e98c3bd5bee469835d0318ce078ad2995d7d51a8c6c63ce36180cca95b2","53cd740034815b6a9581bc5e6f7dcd54383407dde6f91e484a0486ec1b68874a"
"DA-01108","B","1109","1078","fusión haploide y formación de macrocisto","fusión haploide y formación de macrocisto","PRESENTE","PRESENTE","ACTUALIZADA","Fila final emparejada por identidad de dominio; cambios fijados por huellas inicial/final.","b179fd682774b4f5a2502591f3b84c2a6898abb3fbc9683101471a1e483175fa","b2cf858c49bbf0753ba44309d6978a0566afe249cae5c40407e8e46d66bab1c4"
"DA-01109","B","1110","1079","células vecinas atraídas","células vecinas atraídas","PRESENTE","PRESENTE","ACTUALIZADA","Fila final emparejada por identidad de dominio; cambios fijados por huellas inicial/final.","f5e070d632926849bf1a04d4d395b24fb0f6a15ec50e355af2303614ecbc9ca4","339b0984f6216aa3602f305cd23c5916b2ea75d2c7824aceed2e1a238ca612e4"
"DA-01110","B","1111","1080","cigoto de Dictyostelium discoideum","cigoto de Dictyostelium discoideum","PRESENTE","PRESENTE","ACTUALIZADA","Fila final emparejada por identidad de dominio; cambios fijados por huellas inicial/final.","fadc9e04720cd5c30adb19d473e15cdcd038f4f24d67e383dba66c3b77ee1c2d","007893602c5769ac3c5fc1bf86bad21e89cc79ef64b2ef63143029c14f476a3e"
"DA-01111","B","1112","1081","germinación infrecuente en laboratorio","germinación infrecuente en laboratorio","PRESENTE","PRESENTE","ACTUALIZADA","Fila final emparejada por identidad de dominio; cambios fijados por huellas inicial/final.","9b6e6c72fd2cba2f80dc2dce7f189f8ab6e42b7ffb68fc1e240b5e7bb7cb6a1e","4cc3fb70ab476bda64bc411640d3716f3d0e1e02318390b3b7baf6213428d0a9"
"DA-01112","B","1113","1082","macrocistos de Dictyostelium discoideum","macrocistos de Dictyostelium discoideum","PRESENTE","PRESENTE","ACTUALIZADA","Fila final emparejada por identidad de dominio; cambios fijados por huellas inicial/final.","b24a95000f4759b1d4ba062ed5aed64f4187f936c2f1d845b1adf0150d0392fe","ebb57a867689ce50d0bfb048bc82bbc9ac9ca928e915af2978f4b45348a690bf"
"DA-01113","B","1114","1083","dos tipos universales","dos tipos universales","PRESENTE","PRESENTE","ACTUALIZADA","Fila final emparejada por identidad de dominio; cambios fijados por huellas inicial/final.","98eb5310e3787029814b915ec0352f46029db922200fb20c0d4309bfa94f3d98","4eed6d9da1080678dee44b9d20d23201e2e6b91be2c038d5b9b2661a2fa8f35c"
"DA-01114","B","1115","1084","tipos de apareamiento","tipos de apareamiento","PRESENTE","PRESENTE","ACTUALIZADA","Fila final emparejada por identidad de dominio; cambios fijados por huellas inicial/final.","18a5315ad92414ac61945762bed6068aaddbdbb9441f2e529df457a19fe5cc42","276137dc5d10f6101231c569dc651aef97281269a5db9273bbb0676f694147b3"
"DA-01115","B","1116","1085","firmas de recombinación poblacional","firmas de recombinación poblacional","PRESENTE","PRESENTE","ACTUALIZADA","Fila final emparejada por identidad de dominio; cambios fijados por huellas inicial/final.","34e38dd335a6971e774956373764a870067141b4c23a478c4c7f84df44978b9b","f04aa20b4050f31f8f61192dcc1d9e793521466b54d880c2d4453d1ede1483e9"
"DA-01116","B","1117","1086","sexo críptico","sexo críptico","PRESENTE","PRESENTE","ACTUALIZADA","Fila final emparejada por identidad de dominio; cambios fijados por huellas inicial/final.","91b738813623b0351754b7da59c37ea065b0f565575ad790e02acaf271fcda87","5535e0e31ed8076e9f9a186170c474aca8c01bb143b76b8bb5c5923d6bcd28fb"
"DA-01117","B","1118","1087","firmas poblacionales de recombinación","firmas poblacionales de recombinación","PRESENTE","PRESENTE","ACTUALIZADA","Fila final emparejada por identidad de dominio; cambios fijados por huellas inicial/final.","24976e8d523cec339083d874ca31fc43c1c9adf61e116770dbfcb2036bc3023b","c63a321feb520d3d30bfe7c71c64f3c2f6536b290c248317a819f519f57a3770"
"DA-01118","B","1119","1088","mecanismo citológico","mecanismo citológico","PRESENTE","PRESENTE","ACTUALIZADA","Fila final emparejada por identidad de dominio; cambios fijados por huellas inicial/final.","f11a53a5f6d6651b8f6b195721de3d46b4e7187b4852c69f2c8e3038f0bf39c9","2154a362f4c56cf9b7da8e5271c19d47e8e2592a3481fc2091fcdc831b94ef81"
"DA-01119","B","1120","1089","137 fragmentos génicos","137 fragmentos génicos","PRESENTE","PRESENTE","ACTUALIZADA","Fila final emparejada por identidad de dominio; cambios fijados por huellas inicial/final.","93ac48cb7eae3af506e6285c7703f6b12e40d7631c81a27ac20309a986bc6c78","0d1bb6227885e968e49ce228ffcb3cebc77da816b1ec76e0be49714bcb1f3d55"
"DA-01120","B","1121","1090","muestreo de Dictyostelium discoideum","muestreo de Dictyostelium discoideum","PRESENTE","PRESENTE","ACTUALIZADA","Fila final emparejada por identidad de dominio; cambios fijados por huellas inicial/final.","a68f9ecca2e05cce95a9fe13b8fd2d27b043ba42406a6d488b050ff8cf26d32e","5b327b9cee8385a4d87722c22b0023000d54ca2b4e64be9d2ddb3f58d2e02509"
"DA-01121","B","1122","1091","señales poblacionales de recombinación frecuente","señales poblacionales de recombinación frecuente","PRESENTE","PRESENTE","ACTUALIZADA","Fila final emparejada por identidad de dominio; cambios fijados por huellas inicial/final.","d58d2de9f59740d6e7f664c3add729388193c57b1327374e7b9e28941bb74b2b","fff56c16574f783a6e3c45a6c27f1ffe3766a0dc7ded0a6d6e1bb783891a2784"
"DA-01122","B","1123","1092","Pseudoperkinsus tapetis","Pseudoperkinsus tapetis","PRESENTE","PRESENTE","ACTUALIZADA","Fila final emparejada por identidad de dominio; cambios fijados por huellas inicial/final.","41bc77b8ac9586c0cf39252344f12339fe3255b1c233582a810530714e4cdf13","192b6fba17ab00d6434b2aff327c41afa563157aee9b60f5559268860caad5a8"
"DA-01123","B","1124","1093","*Pseudoperkinsus tapetis*","*Pseudoperkinsus tapetis*","PRESENTE","PRESENTE","ACTUALIZADA","Fila final emparejada por identidad de dominio; cambios fijados por huellas inicial/final.","dd285a7c7c7b8aae1d372027c27e0b05f15f3bcab279218b025201dcfe0ac19f","4051318e700a9bd29a7017ed5d8c018356f88124325fd16781eefe026d028157"
"DA-01124","B","1125","1094","sexo críptico y fase vegetativa haploide inferidos","sexo críptico y fase vegetativa haploide inferidos","PRESENTE","PRESENTE","ACTUALIZADA","Fila final emparejada por identidad de dominio; cambios fijados por huellas inicial/final.","3ce687dd729472c1f8efc13c38268f00e006913f1edd4187056af4ff1e7b0f96","fd43eec3b66b8c9ec8d18953d26c4d18922e55b8e52b1c8a98330bd610866964"
"DA-01125","B","1126","1095","caso de sexo críptico ictiospóreo","caso de sexo críptico ictiospóreo","PRESENTE","PRESENTE","ACTUALIZADA","Fila final emparejada por identidad de dominio; cambios fijados por huellas inicial/final.","d7674a57f721b4be4540e0850fdbcae9875bebf7bad4c59cd26f10b375adbb9e","b93cad1d427bfb8905bc18d976b1fc1e23c5f5f66995cf2637b896974ab25a2d"
"DA-01126","B","1127","1096","diplomixis durante enquistamiento","diplomixis durante enquistamiento","PRESENTE","PRESENTE","ACTUALIZADA","Fila final emparejada por identidad de dominio; cambios fijados por huellas inicial/final.","b5678bc1ea9c03c0e1ad1ab9c5d436d0401d0b9e3d934f141b66f015cbea1dea","6ea54afedd046b0cdddbb293d646caa0516ed4966d7498f428f12c37fbaf9da3"
"DA-01127","B","1128","1097","diplomixis de Giardia","diplomixis de Giardia","PRESENTE","PRESENTE","ACTUALIZADA","Fila final emparejada por identidad de dominio; cambios fijados por huellas inicial/final.","8e7295aa7da963411431ed1501ce23b20b1b4df3719de97f7737d376b57443c5","5e23faab12d73e4d4ae0f01a9f7a4daba685b5163765591f34359c39b1a6a59d"
"DA-01128","B","1129","1098","uso de SPO11, HOP1 y DMC1 sin meiosis canónica","uso de SPO11, HOP1 y DMC1 sin meiosis canónica","PRESENTE","PRESENTE","ACTUALIZADA","Fila final emparejada por identidad de dominio; cambios fijados por huellas inicial/final.","32d3e85108971ea30da3f76fcb0a93add30dd7fa8ddd1408b881df7c21f72298","d51b9d984694a801252a01b688760de7f3802b307bf69ce5a0a154cddf939a6a"
"DA-01129","B","1130","1099","cooptación de genes meióticos en parasexualidad","cooptación de genes meióticos en parasexualidad","PRESENTE","PRESENTE","ACTUALIZADA","Fila final emparejada por identidad de dominio; cambios fijados por huellas inicial/final.","28ee8fd50aa2d4add8198553eea4f0bd5db3a7b1a58cad0636c358ee012aa539","dd85f7f152b3fc20a9d863834f1dc54b1f21e7aa106fc2d2a4a7ea37e81795bb"
"DA-01130","B","1131","1100","evaluación de sexo críptico","evaluación de sexo críptico","PRESENTE","PRESENTE","ACTUALIZADA","Fila final emparejada por identidad de dominio; cambios fijados por huellas inicial/final.","1e7b7be8087c1a6a73b54a71c94fb0ab61b0e8d8e1f9c404b5c7040acc4003d8","7682c65c19ac6e64121b087644ed26e6d4face17b393c13121be8b3ff265f91a"
"DA-01131","B","1132","1101","integración de múltiples clases de evidencia","integración de múltiples clases de evidencia","PRESENTE","PRESENTE","ACTUALIZADA","Fila final emparejada por identidad de dominio; cambios fijados por huellas inicial/final.","0fee98f7a25ef301b7ffca66571a81738dec8fb58f496fa26775b5e7da66246b","e627db5f891c14a27247585314c53d536c98e03e1f23559038bf0275349bdb6a"
"DA-01132","B","1133","1102","sexo observado en cuatro Ichthyosporea del corredor","sexo observado en cuatro Ichthyosporea del corredor","PRESENTE","PRESENTE","ACTUALIZADA","Fila final emparejada por identidad de dominio; cambios fijados por huellas inicial/final.","a916a206cf778bdae1189a5bbd7a7f68273713b21f6e9e1b25d4038fc26f1939","33ee401dd246cc82f16622cda0031b915751312cac537a2ecdba84724031dd78"
"DA-01133","B","1134","1103","Fisculla terrestris","Fisculla terrestris","PRESENTE","PRESENTE","ACTUALIZADA","Fila final emparejada por identidad de dominio; cambios fijados por huellas inicial/final.","35cf64a45b60823ba7974019e0083038f94d5b7116be9d6b289212017b24cb7f","c37f72b136079455d5560c1700835290a0968f5199847814b9a4226debe80182"
"DA-01134","B","1135","1104","fusión y expresión asociada a meiosis bajo inanición","fusión y expresión asociada a meiosis bajo inanición","PRESENTE","PRESENTE","ACTUALIZADA","Fila final emparejada por identidad de dominio; cambios fijados por huellas inicial/final.","6b1b41481d726c75421b818f23c2bc0a1be3fb49f604f857f4d60f2e9804877c","9182cb1c273d396c1d73ee8fa657a8349525ab3863df87a7b6e5aa102d7667d0"
"DA-01135","B","1136","1105","inducción ambiental de componentes sexuales","inducción ambiental de componentes sexuales","PRESENTE","PRESENTE","ACTUALIZADA","Fila final emparejada por identidad de dominio; cambios fijados por huellas inicial/final.","9ab50245363d68c414fd765ca0d80fb44a49434ef4dced7b3e5bf59a47ed0297","46f0c80ab35742ac2d64d6b71077b0c77830a669c681082bc1af46ff55f276b8"
"DA-01136","B","1137","1106","Bangiomorpha pubescens","Bangiomorpha pubescens","PRESENTE","PRESENTE","ACTUALIZADA","Fila final emparejada por identidad de dominio; cambios fijados por huellas inicial/final.","87739fd888e93b5a52c3c5879a4a53dd9b87f1338e381784bf0569e4c1afe7fd","d10f440826d3e88c8dcd9729a7c33526e44cd531832a643e37e71ab19169014f"
"DA-01137","B","1138","1107","† *Bangiomorpha pubescens*","† *Bangiomorpha pubescens*","PRESENTE","PRESENTE","ACTUALIZADA","Fila final emparejada por identidad de dominio; cambios fijados por huellas inicial/final.","54f937d2304ef5a3c08848ed50b69eefd196ccc7d0203c26bd1c5c87885bde92","7453906083caaac988121bdc84be5e0fb4290814c80fdbc6db6a2c0012f4190f"
"DA-01138","B","1139","1108","diferenciación reproductiva inferida","diferenciación reproductiva inferida","PRESENTE","PRESENTE","ACTUALIZADA","Fila final emparejada por identidad de dominio; cambios fijados por huellas inicial/final.","1d0ee88f80d89f940324225da3748a8ce806c3d6e1b94eec1ebd8fb25c8401bf","4d774879a7be69ea050dfbe8a039e2ff70edc53aa082ccafcdfbb55afc256024"
"DA-01139","B","1140","1109","organismo sexual","organismo sexual","PRESENTE","PRESENTE","ACTUALIZADA","Fila final emparejada por identidad de dominio; cambios fijados por huellas inicial/final.","a1b6626369ac9b56c827ac98d68b58b22ac14865b30359e3a6a086478893e1bf","973ae46241ecd05149797bd0521c95ca5bde968f2fe025c39c3a848599c618ce"
"DA-01140","B","1141","1110","meiosis directa","meiosis directa","PRESENTE","PRESENTE","ACTUALIZADA","Fila final emparejada por identidad de dominio; cambios fijados por huellas inicial/final.","ee1dd49367bc91b0b2781087734fabe5e4c571eec0d9496f4d9aa1f789fde8a5","3af4653dea17b6f9ad944e951ed2c693cad887a7168ee5f15469685ef4826284"
"DA-01141","B","1142","1111","1.047 +0.013/−0.017 Ga","1.047 +0.013/−0.017 Ga","PRESENTE","PRESENTE","ACTUALIZADA","Fila final emparejada por identidad de dominio; cambios fijados por huellas inicial/final.","60bec20ec99ad541f94b20b0293f6386ccc0631a8b687cf71adddf64e1a6b10e","e35e2862ef9deb634a1928a6ec01037707059efd926cf4e096def0c54befac10"
"DA-01142","B","1143","1112","origen de sexo en LECA","origen de sexo en LECA","PRESENTE","PRESENTE","ACTUALIZADA","Fila final emparejada por identidad de dominio; cambios fijados por huellas inicial/final.","a0c7aace160b705a49675a745ca25b38f4bfcca58cc652156729dbc2e193e334","4be543c1f2c9c52185ef81585a8e5ff89f560a6b4114f4611e8ccd73346d1666"
"DA-01143","B","1144","1113","apareamiento de Salpingoeca rosetta mediante EroS","apareamiento de Salpingoeca rosetta mediante EroS","PRESENTE","PRESENTE","ACTUALIZADA","Fila final emparejada por identidad de dominio; cambios fijados por huellas inicial/final.","8e555122d813001dc8b2f6d33769575fc4cfec479e6b11f1cf6d9b4f8b457d46","a2f4f67a8169288a4274ce00d060f8aa72d5aec620a9802c3631d383c49babca"
"DA-01144","B","1145","NO_APLICA","EroS","NO_APLICA","PRESENTE","RETIRADA","RETIRADA","Instantánea externa y linaje de auditoría; retirada o consolidada sin reasignar silenciosamente la fila.","29c11985064f7f8d281030a4b054db73bf26d7290ea3027ce2c927252eccfeb5","NO_APLICA"
"DA-01145","B","1146","1114","Vibrio fischeri","Vibrio fischeri","PRESENTE","PRESENTE","ACTUALIZADA","Fila final emparejada por identidad de dominio; cambios fijados por huellas inicial/final.","eac6b9439983ebfd28eec009e0a77eca202eacc2877465fa914fc09475107234","53a9a0ffabcc54a9eee25c215eb44e4db677b3a18e89414d906566267a5e9bf3"
"DA-01146","B","1147","NO_APLICA","*Vibrio fischeri*","NO_APLICA","PRESENTE","RETIRADA","RETIRADA","Instantánea externa y linaje de auditoría; retirada o consolidada sin reasignar silenciosamente la fila.","77ce6c0047b75253cca8584a500a74a84aa430e88ab8b4e4f9d9c2b3bafbb357","NO_APLICA"
"DA-01147","B","1148","1115","condroitin liasa sobre condroitín sulfato de Salpingoeca rosetta","condroitin liasa sobre condroitín sulfato de Salpingoeca rosetta","PRESENTE","PRESENTE","ACTUALIZADA","Fila final emparejada por identidad de dominio; cambios fijados por huellas inicial/final.","0667cc0c41f9c9398045a02d463d54241268f76786d8ab20d127c4ec2fe8459b","5b24fce356627b2fe2557046fd074b61f22e07f2cc92ce98b061a1118cbd526c"
"DA-01148","B","1149","1116","enjambres dentro de 30 minutos","enjambres dentro de 30 minutos","PRESENTE","PRESENTE","ACTUALIZADA","Fila final emparejada por identidad de dominio; cambios fijados por huellas inicial/final.","632611c1eedd54864a8c4ee0ab00f7fda8d208c64888077994f5cce80b668a42","ae2ce394c1bbee2346fa3ac195a45670ad7e0114abda32dea60467c6aba571d8"
"DA-01149","B","1150","1117","Salpingoeca rosetta expuesta a Vibrio fischeri","Salpingoeca rosetta expuesta a Vibrio fischeri","PRESENTE","PRESENTE","ACTUALIZADA","Fila final emparejada por identidad de dominio; cambios fijados por huellas inicial/final.","f1be048fbdd8d4d6757573b01953e1aafa3bab944a138e05ef4f6145478edb77","a50d51df2d44183912f0a65860fc9f766f26081d6785271d296044bd5b6c3981"
"DA-01150","B","1151","1118","fusión celular de Salpingoeca rosetta","fusión celular de Salpingoeca rosetta","PRESENTE","PRESENTE","ACTUALIZADA","Fila final emparejada por identidad de dominio; cambios fijados por huellas inicial/final.","e98be09f707b664c9bebe5eeb932f53b9b6df438cc2d1a899241992fa6a661ce","2cf0b124503a5e65728c092649dce3b7df08a73035b7d9e3b1d32b41c75e2de3"
"DA-01151","B","1152","1119","minutos","minutos","PRESENTE","PRESENTE","ACTUALIZADA","Fila final emparejada por identidad de dominio; cambios fijados por huellas inicial/final.","c791f9a84aeb5aefaceb6d157873310f03790eda12a0e547488711294a311f6f","d290e82c2e7513b4145e823893668e8c0649973c74547d7922c44e1286f0ccc1"
"DA-01152","B","1153","1120","cariogamia posterior a plasmogamia","cariogamia posterior a plasmogamia","PRESENTE","PRESENTE","ACTUALIZADA","Fila final emparejada por identidad de dominio; cambios fijados por huellas inicial/final.","7bbc3ee3e6928a2fce981b893875a97e7c12ea2e70e8869402d5b06d52267a7e","8b14f19361fa55167264c9c4c83286bebcaf83ddb13e952c45119a5142433a40"
"DA-01153","B","1154","1121","descendencia recombinante tras apareamiento","descendencia recombinante tras apareamiento","PRESENTE","PRESENTE","ACTUALIZADA","Fila final emparejada por identidad de dominio; cambios fijados por huellas inicial/final.","7f1225333b934004aa52cf432542daa395b1e1cbf4247adda161f654be9020dd","cc4d84037ecbe2d707103494b32765aae7dcd8dcf032115f05c6b327d8d520c7"
"DA-01154","B","1155","1122","apareamiento a concentraciones ambientalmente relevantes","apareamiento a concentraciones ambientalmente relevantes","PRESENTE","PRESENTE","ACTUALIZADA","Fila final emparejada por identidad de dominio; cambios fijados por huellas inicial/final.","2a3fe617c0118d18c0e40dbfd952d6047fd657493ff499354ba3faebc1fa541b","7105c23d691728cfb3f11cced1f79815e938488833277fbf3c37d5f264a173c0"
"DA-01155","B","1156","1123","condroitin liasas bacterianas","condroitin liasas bacterianas","PRESENTE","PRESENTE","ACTUALIZADA","Fila final emparejada por identidad de dominio; cambios fijados por huellas inicial/final.","df4b18f6ac57c9e8d9bbb2f4c44a14cc209d0b3ed24cf2d1e738fcff81fff38a","4fad29925242e10bd14e666d6e210a47ef6c40788f0c85d11bb3a544197a7a06"
"DA-01156","B","1157","1124","0.2–1 μg/ml; aproximadamente 2–8 nM","0.2–1 μg/ml; aproximadamente 2–8 nM","PRESENTE","PRESENTE","ACTUALIZADA","Fila final emparejada por identidad de dominio; cambios fijados por huellas inicial/final.","4938fc0938a89a2cec43270dc44c209364e24feee9d5c3116062be24f5f5fb79","10d839480d70c4f8e6c48a15de7d4c742f43f40058eba1e39ea954d582b073e7"
"DA-01157","B","1158","1125","EroS experimental","EroS experimental","PRESENTE","PRESENTE","ACTUALIZADA","Fila final emparejada por identidad de dominio; cambios fijados por huellas inicial/final.","714d55d45439d1417b648e960d2dc0adce9f107355a0a706ae56ede734c7308f","3242cb4c4f9ef1348900c761912c20b2cd213146ff1c230eb4651d7e40500cb2"
"DA-01158","B","1159","1126","0.05 U/ml","0.05 U/ml","PRESENTE","PRESENTE","ACTUALIZADA","Fila final emparejada por identidad de dominio; cambios fijados por huellas inicial/final.","57a0d0298ae1da6fd9c629e6b3bf4792c290b83e004d6a48e78f04ebcb0d87b8","30c4274c6b83c91f4a5528c632e0460d1d482ab08e257e9af2d3e316b3a3115f"
"DA-01159","B","1160","1127","respuesta a EroS","respuesta a EroS","PRESENTE","PRESENTE","ACTUALIZADA","Fila final emparejada por identidad de dominio; cambios fijados por huellas inicial/final.","a0df2c7e800b90185ecc652a2683ee13b2784148eb3cf9864081fc26885e314e","1f74a858e68e8462ca32c46f4b424ca01cd4113b71ddc95ff0737481c504d65a"
"DA-01160","B","1161","1128","reversión de plasmogamia o cariogamia","reversión de plasmogamia o cariogamia","PRESENTE","PRESENTE","ACTUALIZADA","Fila final emparejada por identidad de dominio; cambios fijados por huellas inicial/final.","0aff4a030bbc7704de709f4c937accf9418d5f0aebd6b91790f055bb987fbbe7","2fc66214584139995bae4677c46502a5c0413230ff722febe3cfeee2c80f3fbf"
"DA-01161","B","1162","1129","reversibilidad poblacional tras retirar EroS","reversibilidad poblacional tras retirar EroS","PRESENTE","PRESENTE","ACTUALIZADA","Fila final emparejada por identidad de dominio; cambios fijados por huellas inicial/final.","a5c5de954464519a8884768d5240547a03bab96bdd73d6b8e0dddbfa14e4148f","6ffdb76cf2fbd34c397d89896e5b296c0e43dd21e1830299f2232e5b62577a83"
"DA-01162","B","1163","1130","limitación nutricional y condroitinasa bacteriana","limitación nutricional y condroitinasa bacteriana","PRESENTE","PRESENTE","ACTUALIZADA","Fila final emparejada por identidad de dominio; cambios fijados por huellas inicial/final.","159fd18d6f963a030aaaf8ca1dd4e1ad42fc6e6b8221205327bd55f6e66eb141","a1ed2a39c0a6d0563309b81c1bfec6cdae62a547aad4dba3d8c41347b7855186"
"DA-01163","B","1164","1131","señales sexuales de Salpingoeca rosetta","señales sexuales de Salpingoeca rosetta","PRESENTE","PRESENTE","ACTUALIZADA","Fila final emparejada por identidad de dominio; cambios fijados por huellas inicial/final.","7b8c289877c3d500ad19c1ed8f8d8f9e946d8774a6a97b44374a3401863caa9e","4565c7239e888b95afde9161a0593926cf4fbf012dd9591d6ac2c1a72ca27f0d"
"DA-01164","B","1165","1132","integración de señales sexuales en Salpingoeca rosetta","integración de señales sexuales en Salpingoeca rosetta","PRESENTE","PRESENTE","ACTUALIZADA","Fila final emparejada por identidad de dominio; cambios fijados por huellas inicial/final.","e1878eaab940a1c6edd122a5a87e2bf6a2c5f62ce8454a431fc308faeb3293b3","0dca6ca1911bea942caf7a31e712b0ddde537b3e361545d6374ff74f0f47b296"
"DA-01165","B","1166","1133","observación experimental en Salpingoeca rosetta","observación experimental en Salpingoeca rosetta","PRESENTE","PRESENTE","ACTUALIZADA","Fila final emparejada por identidad de dominio; cambios fijados por huellas inicial/final.","83c5b4472d245b1f940b7697800d5ed2c5e0ee53cde3724013525714271f4e57","a0f5298f7609c5e6df21216805687531df222c27cd645b7fd97d8d1e26af0877"
"DA-01166","B","1167","1134","sexo en el corredor","sexo en el corredor","PRESENTE","PRESENTE","ACTUALIZADA","Fila final emparejada por identidad de dominio; cambios fijados por huellas inicial/final.","37cb5743a4446de1c8bad0994480c246675c42c3da981acf7f936bbc16dcb4ae","841a7dceb9792ebc8614d08658d8b4936c487b24c1af2a999500f549fa7e6290"
"DA-01167","B","1168","1135","evidencia sexual comparada","evidencia sexual comparada","PRESENTE","PRESENTE","ACTUALIZADA","Fila final emparejada por identidad de dominio; cambios fijados por huellas inicial/final.","0b05d1c8d5483563080e84bb8ee2763bdcda08e5971f21db8b48e39cdf1d202e","657c9f960e237528d2153c8fe1a195631b2b6c9a9427385e5b2343ebe0f3d3f5"
"DA-01168","B","1169","1136","observación directa en Salpingoeca superior a inventario genómico","observación directa en Salpingoeca superior a inventario genómico","PRESENTE","PRESENTE","ACTUALIZADA","Fila final emparejada por identidad de dominio; cambios fijados por huellas inicial/final.","2ebe3aa8604644e61e2804571b68fe3669b7d94ff92fea591c6c73f0398a134a","51c913edd591e519a4fe26cee9d29fc91cbf429640cbd595864dfe2da730e1bb"
"DA-01169","B","1170","1137","desacoplamiento de componentes sexuales","desacoplamiento de componentes sexuales","PRESENTE","PRESENTE","ACTUALIZADA","Fila final emparejada por identidad de dominio; cambios fijados por huellas inicial/final.","ac6357d2f8ba7c63b3976b03c9786b09f572a25970d107b2f3b7229f97522014","53a14453fdb73359b34a8b302547edc224db8a21302aae0e41a6dfb3b2b0171d"
"DA-01170","B","1171","1138","reconstrucción ancestral inferida","reconstrucción ancestral inferida","PRESENTE","PRESENTE","ACTUALIZADA","Fila final emparejada por identidad de dominio; cambios fijados por huellas inicial/final.","50d49f87a749472394befeccee0419db0c5e62b6d7b2359f8b03de7da7dcd6f2","5af5ff1b15fd5c569ccbd9786eaa08e19d3cfca7322dcf1221a3aaee959f000d"
"DA-01171","B","1172","1139","frecuencia de sexo ancestral","frecuencia de sexo ancestral","PRESENTE","PRESENTE","ACTUALIZADA","Fila final emparejada por identidad de dominio; cambios fijados por huellas inicial/final.","9a7e7fbe56a574ff03ea75e9bf6ddfb6f93f67c5cdc1909472e4c0e56c2d8017","3d776435d69f7957faaa16f53629274edb9a22add41e5ca9c4d0f0f1ca50705f"
"DA-01172","B","1173","1140","tipo gamético de LECA","tipo gamético de LECA","PRESENTE","PRESENTE","ACTUALIZADA","Fila final emparejada por identidad de dominio; cambios fijados por huellas inicial/final.","3cb4f7f6596b5aaea3b7bc0758296f803855daf32261df1854f4bc7b7986ef12","dba7041458dec39a52d536d6e109b47488cc3d7d1b9364c6ad28a40a0df4bb76"
"DA-01173","B","1174","1141","señal sexual de LECA","señal sexual de LECA","PRESENTE","PRESENTE","ACTUALIZADA","Fila final emparejada por identidad de dominio; cambios fijados por huellas inicial/final.","03bb775c7a6837d11e22df3b323624e67dde827ea2dd60dd5efc8eca039c13ee","89871822da55be56560f7d452c303aa4816df5ddacb4958767dbd762a7aafdc1"
"DA-01174","B","1175","1142","frecuencia, obligación o dominancia","frecuencia, obligación o dominancia","PRESENTE","PRESENTE","ACTUALIZADA","Fila final emparejada por identidad de dominio; cambios fijados por huellas inicial/final.","15d458d2f9d9fd96f30be1dd493466693e88f9f0ff2de00f5d929d8add1ba423","9e6dbc8356d97bcb990b1f2679a7eb99ee44c325d53af8ae267ba9076274111c"
"DA-01175","B","1176","1143","presencia de sexo","presencia de sexo","PRESENTE","PRESENTE","ACTUALIZADA","Fila final emparejada por identidad de dominio; cambios fijados por huellas inicial/final.","c274dfb14172e4ec2a7e962f1b91ed636817af511e3d4f6f8a37d87b6278d0fc","86f1be8f43e3ab4faddeef335e25d55d8f629d2607ced1ec2199af90ea790ede"
"DA-01176","B","1177","1144","entidades mecanísticas separadas","entidades mecanísticas separadas","PRESENTE","PRESENTE","ACTUALIZADA","Fila final emparejada por identidad de dominio; cambios fijados por huellas inicial/final.","5afc7196278a50c0c67cbc6688293e413f4c9cbbb2039af6aed8a5d4b8c67e7b","54f81ed500a9534b27359fbb867ab7069f682eea250d35bc677d45cc7baf2d62"
"DA-01177","B","1178","1145","meiosis, sexo y recombinación","meiosis, sexo y recombinación","PRESENTE","PRESENTE","ACTUALIZADA","Fila final emparejada por identidad de dominio; cambios fijados por huellas inicial/final.","55a15e2acb0f92fb0a6f66650cb5273aac4db4f5c509e22a3f25c62e1d5ef32e","6d8f59b2d53861cef56c3198e93f69ec02b84007954f1fab96f7fab3800996fe"
"DA-01178","B","1179","1146","Ministeria vibrans","Ministeria vibrans","PRESENTE","PRESENTE","ACTUALIZADA","Fila final emparejada por identidad de dominio; cambios fijados por huellas inicial/final.","50b1b2cda391bfaabf4e8398a6cb5cd7c5813e1580c34d236c97249e1ea969b9","c2bdae27f6c636e1baec92b54fdfe293e541c6355d4377cb5353b54adc7a8c05"
"DA-01179","B","1180","1147","repertorio meiótico y de singamia sin REC8 detectado","repertorio meiótico y de singamia sin REC8 detectado","PRESENTE","PRESENTE","ACTUALIZADA","Fila final emparejada por identidad de dominio; cambios fijados por huellas inicial/final.","65b1336b512cf5cd9d27acfb097e7b1c83804879db4b347174729d57e6c65b3a","b4eee603263a0b02feacb2c35c51b34b03dab3ae2be3de2e07c7124bf9787676"
"DA-01180","B","1181","1148","expresión diferencial de genes de meiosis y singamia","expresión diferencial de genes de meiosis y singamia","PRESENTE","PRESENTE","ACTUALIZADA","Fila final emparejada por identidad de dominio; cambios fijados por huellas inicial/final.","aa23ebc78c85957495be8b2bfe92a05574f5638f8b9548746e11ababfd406311","471e39a09299acfec51b47fca5a0b8f5ffd1364dcd5539f7fa47e61dbdbb1f60"
"DA-01181","B","1182","1149","Ministeria vibrans en agregación","Ministeria vibrans en agregación","PRESENTE","PRESENTE","ACTUALIZADA","Fila final emparejada por identidad de dominio; cambios fijados por huellas inicial/final.","3ef9334cc8b072bd85e29241ff6d8c4ec22696cde0da3995bac50b059da64ccc","0f2e1679247098fefe91fc0c587fda97b3bd3d69b9150b7d73caf856fdb93835"
"DA-01182","B","1183","1150","aproximadamente 10 % frente a menos de 2 % de doble tinción","aproximadamente 10 % frente a menos de 2 % de doble tinción","PRESENTE","PRESENTE","ACTUALIZADA","Fila final emparejada por identidad de dominio; cambios fijados por huellas inicial/final.","ba4c741b1e16fe48275602b309eca2b865929fe6de764e0f0272718b5a888dab","dcca95d2ea726d8352b50b8c2a190e6fc4c9c697d30509c4857f404478d1356b"
"DA-01183","B","1184","1151","fusión celular observada por videomicroscopía","fusión celular observada por videomicroscopía","PRESENTE","PRESENTE","ACTUALIZADA","Fila final emparejada por identidad de dominio; cambios fijados por huellas inicial/final.","c6979258e21ab8bcba2f8933c1f4ee2121968280f48a6c3e4306be2ade25920d","e1f7cc3848520521e4a1f3fee389a4b02413a0992b193995e95dd1e303db7a37"
"DA-01184","B","1185","1152","evidencia sexual en Ministeria vibrans","evidencia sexual en Ministeria vibrans","PRESENTE","PRESENTE","ACTUALIZADA","Fila final emparejada por identidad de dominio; cambios fijados por huellas inicial/final.","7ff5616736979358b3a1a2256e26f4c7b022f3d47ce858dc5e56052df9b561f1","9ad1fc2282f497eb7f7ad69fac1f5af64b322ad085522a196ce45166eaf0bcb1"
"DA-01185","B","1186","1153","señal compatible pero no concluyente","señal compatible pero no concluyente","PRESENTE","PRESENTE","ACTUALIZADA","Fila final emparejada por identidad de dominio; cambios fijados por huellas inicial/final.","1e37150e6028905ffa4c77a70f4e6ecd68d8d47be475a5b387d9a2007ce3e8e7","c638f631187b27d008382eb940a08d514f12940443c0bb3b2f4fb1e2152fbfa4"
"DA-01186","B","1187","1154","evidencia parcial de ciclo sexual","evidencia parcial de ciclo sexual","PRESENTE","PRESENTE","ACTUALIZADA","Fila final emparejada por identidad de dominio; cambios fijados por huellas inicial/final.","916c237cd8364bb45b9449adc5e0311879c89832319b4b7ff3e132f460514f6a","2ed4475f8e1e79f07e9ea8eba362f2e4d98e62909146f73e08894e10bf6b7990"
"DA-01187","B","1188","1155","nombre nomenclatural","nombre nomenclatural","PRESENTE","PRESENTE","ACTUALIZADA","Fila final emparejada por identidad de dominio; cambios fijados por huellas inicial/final.","1015c209b8795bc18a73c651265d5de79275821459c1b98c59391914fa4b32f2","8d6b4a7b15a55e8961a24d412aa84304303c2cab8463f28477314aa423a16512"
"DA-01188","B","1189","1156","nombre disponible o válidamente publicado","nombre disponible o válidamente publicado","PRESENTE","PRESENTE","ACTUALIZADA","Fila final emparejada por identidad de dominio; cambios fijados por huellas inicial/final.","9dd62abc2bfa2cc49e479d577b93396ead08e561e63810657ad2e3eb0288ee9a","dddd0d36d2e267793d67ee8b4c48ada21b7d011126996e053aa33592b0a664f2"
"DA-01189","B","1190","1157","taxón aceptado","taxón aceptado","PRESENTE","PRESENTE","ACTUALIZADA","Fila final emparejada por identidad de dominio; cambios fijados por huellas inicial/final.","9ed8fd1a44d81be44f90c73b5e95844b3765f0a7d2d0338ce50e861f3680532c","23e34c1803bac6510da0c099c53d9e82491b09c79e6ad393e60acea3febd5b52"
"DA-01190","B","1191","1158","taxón aceptado por clasificación o base de datos","taxón aceptado por clasificación o base de datos","PRESENTE","PRESENTE","ACTUALIZADA","Fila final emparejada por identidad de dominio; cambios fijados por huellas inicial/final.","0cac37103de882d0520bae9a8c68d364030a45d63523dab00fb7809667c1fb8e","c6052273ca80e0532d676e4eddbac34129535759486217169286dab66fac8db5"
"DA-01191","B","1192","1159","clado filogenéticamente respaldado","clado filogenéticamente respaldado","PRESENTE","PRESENTE","ACTUALIZADA","Fila final emparejada por identidad de dominio; cambios fijados por huellas inicial/final.","e5cf3c0ac6a3a0cd55b1d167c028a828c12ccb82f842b89d814e67f9be6791ea","fcc9fb7c9a08420e3fd124eff1a555762e70356cbe0677bf1e4bc8c492552b0f"
"DA-01192","B","1193","1160","clado filogenético","clado filogenético","PRESENTE","PRESENTE","ACTUALIZADA","Fila final emparejada por identidad de dominio; cambios fijados por huellas inicial/final.","3728a667d7412d8f180135b19bcddd732204a37fd5e63f4f3d3ced347237cc95","4e8882955f6e346f65d74de38a7185a5985e9e5995f3c3206472ae21891e1a2a"
"DA-01193","B","1194","1161","rótulo informal de clasificación","rótulo informal de clasificación","PRESENTE","PRESENTE","ACTUALIZADA","Fila final emparejada por identidad de dominio; cambios fijados por huellas inicial/final.","9cd16ead1ecccab52c54f335652b63bf17770a2b17aa3100a37e35deb56a8a3d","1a8c1533fa606f02201cd114143b267c80388b4bee400efe5394eead3fb256e7"
"DA-01194","B","1195","1162","clado respaldado filogenéticamente","clado respaldado filogenéticamente","PRESENTE","PRESENTE","ACTUALIZADA","Fila final emparejada por identidad de dominio; cambios fijados por huellas inicial/final.","e8d3b26736ec299f9b49e0ddbef1b8ab7a5c7411b2f75ee0a803af36e717e6f3","7fba7575c0960291e7107e26a8edd423ff6a025a09ff709909ae8907f8fa787a"
"DA-01195","B","1196","1163","nombre establecido bajo PhyloCode","nombre establecido bajo PhyloCode","PRESENTE","PRESENTE","ACTUALIZADA","Fila final emparejada por identidad de dominio; cambios fijados por huellas inicial/final.","51923589c86c50c795f9b311dd0180865317c72e8ffc62829c3f1f52a343bbe0","9d849f7acd4e8a86603f6706ca238ae6bf74d2e9164ccac12308ee7f551dcd9b"
"DA-01196","B","1197","1164","PhyloCode","PhyloCode","PRESENTE","PRESENTE","ACTUALIZADA","Fila final emparejada por identidad de dominio; cambios fijados por huellas inicial/final.","f6d93fa752d092549a3f2340d4f81211fa99bbc0d7bcd10028f70f744625eef8","33fe7cd1c5de050c2bbf1f752c96c037263716492e0a54a944d2da0c10418fd5"
"DA-01197","B","1198","1165","corpus Eukaryota→Holozoa","corpus Eukaryota→Holozoa","PRESENTE","PRESENTE","ACTUALIZADA","Fila final emparejada por identidad de dominio; cambios fijados por huellas inicial/final.","7e529cf224db14651206cda9c34df4d17a5fd75937d09bc54e21a998da1416a7","a357161db1e4fc7728222f07e30933f7a33e7c4b4daf226407a38f67543f6d2a"
"DA-01198","B","1199","NO_APLICA","Eukaryota","NO_APLICA","PRESENTE","RETIRADA","RETIRADA","Instantánea externa y linaje de auditoría; retirada o consolidada sin reasignar silenciosamente la fila.","9d552b3b99a6e01722acb7e840e459882c735b9469fee1511748f2bc0eb42714","NO_APLICA"
"DA-01199","B","1200","1166","ICZN","ICZN","PRESENTE","PRESENTE","ACTUALIZADA","Fila final emparejada por identidad de dominio; cambios fijados por huellas inicial/final.","259ff75f07d08aad6b48db3262d54579fef46d3b8ee0f44b4a6331221fecab22","dabb377ad97545dd4ccddfbc60262bf4e2d3c431b236ceb5acf30b01eeb74368"
"DA-01200","B","1201","1167","nombre zoológico disponible","nombre zoológico disponible","PRESENTE","PRESENTE","ACTUALIZADA","Fila final emparejada por identidad de dominio; cambios fijados por huellas inicial/final.","67ae26c9562ff6bedf794b1abdc1e981cae7d3a53379fea37e52fa3384e3b8bb","02a3fad973e6a7880af832aecc2077ed917557ee2114be0fc46640aeb45542f0"
"DA-01201","B","1202","1168","nombre zoológico válido","nombre zoológico válido","PRESENTE","PRESENTE","ACTUALIZADA","Fila final emparejada por identidad de dominio; cambios fijados por huellas inicial/final.","61dcdf6bc2c48056ed975acbf898cd6d4639e3673c5f253179bdfd22da013a9b","54e1bbec5db18ae23f4288a399b8efebdbd54728b31a718eb4b8b6cee0fc6961"
"DA-01202","B","1203","1169","validez bajo ICZN","validez bajo ICZN","PRESENTE","PRESENTE","ACTUALIZADA","Fila final emparejada por identidad de dominio; cambios fijados por huellas inicial/final.","51796e8ef7448ba7dac2d6ee03dcf4af13004608d6d39c6118d9e9089020d59b","51c06774fd8995e5d7758aa05cc47903a18d80dbeef8b03db81badbd357dade9"
"DA-01203","B","1204","1170","Metazoa y Animalia","Metazoa y Animalia","PRESENTE","PRESENTE","ACTUALIZADA","Fila final emparejada por identidad de dominio; cambios fijados por huellas inicial/final.","17c708d2c71efa769bf9d490657a274ed133a638b701d4f255a0ff7a220d6cb8","4d64e5758933f6cca2572b66f797375a049d9067fbc61304d6c56a594eb6fd1b"
"DA-01204","B","1205","1171","ICN","ICN","PRESENTE","PRESENTE","ACTUALIZADA","Fila final emparejada por identidad de dominio; cambios fijados por huellas inicial/final.","261be5a557fb9eb431f3d4e728845bdfe42f12076d6fe30660a15488a365618e","f3ceb185522b618adb8c0e595aceb46b1a13c30d0032d0eae72fe1387dbea8ee"
"DA-01205","B","1206","1172","Madrid Code","Madrid Code","PRESENTE","PRESENTE","ACTUALIZADA","Fila final emparejada por identidad de dominio; cambios fijados por huellas inicial/final.","b46955bec6b69a836e290c8321aa0ace8c9b37f268cc68f14664fdeba9a31c6e","b1d563d49843ee7dc114c0ca83f8630f1e201f9a8039b3a3d63ec990bee26cae"
"DA-01206","B","1207","1173","alga","alga","PRESENTE","PRESENTE","ACTUALIZADA","Fila final emparejada por identidad de dominio; cambios fijados por huellas inicial/final.","adbc9d344fd54397d1f0de57576b52d7f4a09bbc2b79ed7364f4fcd0797a55d2","5692bc8f7a14ce470954858cffc62905303b0d6f4a2a8c52681b1d0dd72f85d4"
"DA-01207","B","1208","1174","aplicación del ICN","aplicación del ICN","PRESENTE","PRESENTE","ACTUALIZADA","Fila final emparejada por identidad de dominio; cambios fijados por huellas inicial/final.","5f54cc99f9e8e39679fbeb50bd5338089332704d30641401ad11dc9465bff4ea","378fe4b21873f3551a3f46ef17b3d9943f0c5cf308c7206e94776c5afadc836e"
"DA-01208","B","1209","1175","nombre de oomiceto","nombre de oomiceto","PRESENTE","PRESENTE","ACTUALIZADA","Fila final emparejada por identidad de dominio; cambios fijados por huellas inicial/final.","5105c503b463ffd41c521f2342d80dd985bb31a88e4b3677fa1edb6ea4c8ec7a","ef8035afa78023cf489c927b09282d9a2db13ccf014a9ecd6cd1de963488a3a9"
"DA-01209","B","1210","1176","Oomycota","Oomycota","PRESENTE","PRESENTE","ACTUALIZADA","Fila final emparejada por identidad de dominio; cambios fijados por huellas inicial/final.","af3f69de866a27e4e8a5457cca736b5c545ed5f1f60fe59a4f058e88affc7531","18e2e78bc65bc88fcf772cb8cb733204924cc7f2b1d88bdc0c74c950e63dda85"
"DA-01210","B","1211","1177","ICNP","ICNP","PRESENTE","PRESENTE","ACTUALIZADA","Fila final emparejada por identidad de dominio; cambios fijados por huellas inicial/final.","adf849fcde87cc50197047f8ce4d54db972dcb204f4b15ce3d93b8b98595ba20","80b151161cf2b4a8b461a411e32861b4960fcc0e7ab7eac5564ff9c4730ce8f4"
"DA-01211","B","1212","1178","ICNP 2025 Revision","ICNP 2025 Revision","PRESENTE","PRESENTE","ACTUALIZADA","Fila final emparejada por identidad de dominio; cambios fijados por huellas inicial/final.","99c924a9c235d5408e7bdadfd950231b6f0595b2c5ca47ed2446ed1b5efca66b","310b20b1c8d745cf699542231579bc2751068070c2408a1083d584911ed51769"
"DA-01212","B","1213","1179","procariota","procariota","PRESENTE","PRESENTE","ACTUALIZADA","Fila final emparejada por identidad de dominio; cambios fijados por huellas inicial/final.","32ca5c654415512e731b12a259fa653930fb2ab1b060f68d0cb66c3e3873c7be","f5d9ad6203718e1208f88a14086417e7578832c6216789c68c893191c374d38e"
"DA-01213","B","1214","1180","nombres procarióticos del corredor","nombres procarióticos del corredor","PRESENTE","PRESENTE","ACTUALIZADA","Fila final emparejada por identidad de dominio; cambios fijados por huellas inicial/final.","0894414ffbeb3be7cd5a4f71fa7b9e94a8b2c7c1ec10a5eddb28104f9f2ccdf6","7e9c188ca3d5baec7cc4cbc0d707dfaa8144b2d232644357a922c73a2afa959b"
"DA-01214","B","1215","1181","PhyloCode versión 6","PhyloCode versión 6","PRESENTE","PRESENTE","ACTUALIZADA","Fila final emparejada por identidad de dominio; cambios fijados por huellas inicial/final.","a172a3fdd0b21deb7b2e6f395af63ce5f63b4c8766b18d958d989f0e9ae84dbf","9b67cfe1f8ed0a04377ab1164e1ec04b3e9f9d6515c15aaac348cbf528a45866"
"DA-01215","B","1216","1182","RegNum","RegNum","PRESENTE","PRESENTE","ACTUALIZADA","Fila final emparejada por identidad de dominio; cambios fijados por huellas inicial/final.","a94b2a7c98f6ba7d05aa11a8ff8f12adb8e4c1023f2699fb0956afad8e2c21a8","776d253086c64f5eae8f06d965c83d36ba4382f49d2d7789d17e2a063b517586"
"DA-01216","B","1217","1183","búsqueda negativa en RegNum","búsqueda negativa en RegNum","PRESENTE","PRESENTE","ACTUALIZADA","Fila final emparejada por identidad de dominio; cambios fijados por huellas inicial/final.","ab5320be45578251f0e38edd24af08c54811d775c4d66511820f827c71024d08","e0441778b18ad4074e11c2e8043b1dce0033c0becccf247e4fd63dad43c8ab35"
"DA-01217","B","1218","1184","Phylonyms","Phylonyms","PRESENTE","PRESENTE","ACTUALIZADA","Fila final emparejada por identidad de dominio; cambios fijados por huellas inicial/final.","b2d7c3169b5687514fd27da313884a00cae0583489cc795226c0a7429e25e7f8","f70bbf4732edbb08045c6caa5172e4450cd83a3668a66f52db0d37d173946df2"
"DA-01218","B","1219","1185","Eukarya sensu Phylonyms","Eukarya sensu Phylonyms","PRESENTE","PRESENTE","ACTUALIZADA","Fila final emparejada por identidad de dominio; cambios fijados por huellas inicial/final.","7aec7434765ebd345177e6e9c228a0c228726be77ed0159312307809bd4daa07","8c63885005343d6d20658cfd8ce97516a115f481c9fcd833a7d2bb3332f5241b"
"DA-01219","B","1220","NO_APLICA","Amorphea","NO_APLICA","PRESENTE","RETIRADA","RETIRADA","Instantánea externa y linaje de auditoría; retirada o consolidada sin reasignar silenciosamente la fila.","19c104528eef4604e0f9547f82e139591331b3af990fe21b48cdae6a0539ea0b","NO_APLICA"
"DA-01220","B","1221","1186","Amorphea sensu Phylonyms","Amorphea sensu Phylonyms","PRESENTE","PRESENTE","ACTUALIZADA","Fila final emparejada por identidad de dominio; cambios fijados por huellas inicial/final.","4b0b74fb0b8fbf445df94499736753b1d1a13f2088fd50b2decd71ac4d3c4943","f7bea2f30c2cc601d3cfffb8f1ea6d0629b7f67b1d9688a064462506a32e2099"
"DA-01221","B","1222","1187","Opisthokonta sensu Phylonyms","Opisthokonta sensu Phylonyms","PRESENTE","PRESENTE","ACTUALIZADA","Fila final emparejada por identidad de dominio; cambios fijados por huellas inicial/final.","7cee0ca8db2c03e65b37963f41ee73b273426ae16212b45f8acb413da4967818","68b4c303bbe5d9ce9bb225a1edbaa3fe02d9e75b591148995fda76a8c5773a6f"
"DA-01222","B","1223","1188","nombres del corredor buscados en Phylonyms y RegNum","nombres del corredor buscados en Phylonyms y RegNum","PRESENTE","PRESENTE","ACTUALIZADA","Fila final emparejada por identidad de dominio; cambios fijados por huellas inicial/final.","8fc3e4e95edd865afd9fe26735cd6edf9e09896961b61942d2af6958ed5624dc","16f07e375de821d58bb0d2798535628e21514f2606e45f1bebd10e187c181683"
"DA-01223","B","1224","1189","clasificación de Adl et al. 2019","clasificación de Adl et al. 2019","PRESENTE","PRESENTE","ACTUALIZADA","Fila final emparejada por identidad de dominio; cambios fijados por huellas inicial/final.","c485db8a0fa1a28a17eb9b6f86891b2610dcd485c8bb646310cce88b9017b98e","cfde12113d799b4046bdd3d3b2157fa554f020572730d54cfe85e02b165f7095"
"DA-01224","B","1225","NO_APLICA","Choanozoa sensu stricto","NO_APLICA","PRESENTE","RETIRADA","RETIRADA","Instantánea externa y linaje de auditoría; retirada o consolidada sin reasignar silenciosamente la fila.","123a4b34350d77443374f526aefc06586cbc5e6f02bf5255311d8a6e0931269b","NO_APLICA"
"DA-01225","B","1226","1190","nombres principales del corredor","nombres principales del corredor","PRESENTE","PRESENTE","ACTUALIZADA","Fila final emparejada por identidad de dominio; cambios fijados por huellas inicial/final.","c4b029d53d868fd5b520f6dda763afc0faed28b1c182fddc0ca47b84abd87ae6","96b2ee49693d669f81261a19a6630df292ede8899baaab478967a240bcaf79f5"
"DA-01226","B","1227","1191","nombres de género y especie","nombres de género y especie","PRESENTE","PRESENTE","ACTUALIZADA","Fila final emparejada por identidad de dominio; cambios fijados por huellas inicial/final.","5c7e2a0675ac46f554b8f035d2bd166be477a15ba6e9727f38efef4fe7be2576","9e65f66efef9799cf1f05555b77f271e212d60e77081f829bf6c8541095d343d"
"DA-01227","B","1228","1192","Fungi como reino","Fungi como reino","PRESENTE","PRESENTE","ACTUALIZADA","Fila final emparejada por identidad de dominio; cambios fijados por huellas inicial/final.","e739d386f5057f8a36c6d9209c41044fbc5cc89ca208ed904e84a52007b472d9","b11f5d26962f98a2889aa172459bc96243386cdcf685e4c6ff6e51bdaee0d2d6"
"DA-01228","B","1229","1193","reino","reino","PRESENTE","PRESENTE","ACTUALIZADA","Fila final emparejada por identidad de dominio; cambios fijados por huellas inicial/final.","75c5da4001ad3e28ed01bf51c059d8a8cdbfd3c9a1f59aa0dd91a4a42f09c50f","505848385b53d4e779f717dc39fd95b03cd0011cbeb08cf0571f57d7a1157b0d"
"DA-01229","B","1230","1194","Animalia o Metazoa como reino","Animalia o Metazoa como reino","PRESENTE","PRESENTE","ACTUALIZADA","Fila final emparejada por identidad de dominio; cambios fijados por huellas inicial/final.","f1d749063a70f67779ea4d356eea0a77b00f8668a2c41ec848c81b061cd494c4","9edb8193cac6e027f93751efe0464102af0ef451190c4d7f5a1a7737209a3cee"
"DA-01230","B","1231","1195","marca ⚠","marca ⚠","PRESENTE","PRESENTE","ACTUALIZADA","Fila final emparejada por identidad de dominio; cambios fijados por huellas inicial/final.","c530137231bcaa398d52ec78b9d892d8c06fe0936471830beed2de46433de58d","917d07422b0e2e16cf0ab42e9c773e453ab7806e8adcf8a8ca10a0aa9997b460"
"DA-01231","B","1232","1196","marca [F]","marca [F]","PRESENTE","PRESENTE","ACTUALIZADA","Fila final emparejada por identidad de dominio; cambios fijados por huellas inicial/final.","b119238ae3434d13caad95963c6afad820ec8a055f15898debfc7c40e5e8600f","d02602f322e01e43beca0156e8ba0937a6e4b10f075a36fe1d0a08de0afd02dd"
"DA-01232","B","1233","1197","marca [H]","marca [H]","PRESENTE","PRESENTE","ACTUALIZADA","Fila final emparejada por identidad de dominio; cambios fijados por huellas inicial/final.","a84831b397e5f922a80343b5624102c4b73eb26f19b8b4ee9425be7b205098d6","6fbf0df967c3dfedefe46f676413ad4dcd13af5da488d5fbdd472b2ddacfa28c"
"DA-01233","B","1234","1198","población ancestral reconstruida","población ancestral reconstruida","PRESENTE","PRESENTE","ACTUALIZADA","Fila final emparejada por identidad de dominio; cambios fijados por huellas inicial/final.","7b98655ff72bded14ce3ad07d979f5160051af5cef390f8ad5476f3b96659319","c7aef102873367644ec786c50b3ba7a46c57e032b5c87cb78d79a48b10728840"
"DA-01234","B","1235","1199","fósil antiguo","fósil antiguo","PRESENTE","PRESENTE","ACTUALIZADA","Fila final emparejada por identidad de dominio; cambios fijados por huellas inicial/final.","27f7eb1eed9ec00ce98e23e393faef5fe297445c698531f6eb70ba5540652bc2","e4dba3d19cc0f8bbc540b343990ccf3bcd3c0b07c1fb40bc0af5b2de0aea1a8e"
"DA-01235","B","1236","1200","linaje viviente","linaje viviente","PRESENTE","PRESENTE","ACTUALIZADA","Fila final emparejada por identidad de dominio; cambios fijados por huellas inicial/final.","581d49512f43c8ba5d8a3321f903ec60747149c10828644c595bce54f6f9db41","374e15c82cea494e73993bf12f8c2de44a344d78a56763eab083fb34201806ac"
"DA-01236","B","1237","1201","Eukaryota en el corpus","Eukaryota en el corpus","PRESENTE","PRESENTE","ACTUALIZADA","Fila final emparejada por identidad de dominio; cambios fijados por huellas inicial/final.","fdde86931109833b404124600498455cceafa42a087d10e52235cbedec46aa98","758be1857dd924ad3c64bedce3b27bc6f8fc4776f2c8f24b11887db4e3ca0af3"
"DA-01237","B","1238","1202","tallo FECA–LECA","tallo FECA–LECA","PRESENTE","PRESENTE","ACTUALIZADA","Fila final emparejada por identidad de dominio; cambios fijados por huellas inicial/final.","7072a13219f9617658aaa726ce94684278ea02ed6113b800c3f8abf5c7ca54ed","448214a2374d9dda7b944b230da4650af49c36f2bf01b5671bd7a8c52128fae7"
"DA-01238","B","1239","1203","fósil del grupo total de Eukaryota","fósil del grupo total de Eukaryota","PRESENTE","PRESENTE","ACTUALIZADA","Fila final emparejada por identidad de dominio; cambios fijados por huellas inicial/final.","db2d2e61b0983f812d2595076bc4707bb10006f360798629a7f603f705686958","f59f268d6e648122090d0fb8289fd8dd1d258fb309ebadbd3228f141a5f378b3"
"DA-01239","B","1240","1204","desacuerdo entre relojes y fósiles","desacuerdo entre relojes y fósiles","PRESENTE","PRESENTE","ACTUALIZADA","Fila final emparejada por identidad de dominio; cambios fijados por huellas inicial/final.","257fe324e668a802882e8c02d686b5cfd604b8b58447a6fa0fe3821d9bcf8d01","2af6c9af2f2e5677ed0a30980f48bbd6fd05fd1e7ec1c4908f96dfc2cc56b7b1"
"DA-01240","B","1241","1205","fósil holozoo","fósil holozoo","PRESENTE","PRESENTE","ACTUALIZADA","Fila final emparejada por identidad de dominio; cambios fijados por huellas inicial/final.","cae603e184ca70c33723c1d1834caf1eae45cd6971413b2f6d981c0bbdc9aacc","8cea203ee84e124f74764f9396a9c74a9f1aed39bbfc60c456e8aad2d38a5512"
"DA-01241","B","1242","1206","Eucarya sensu Woese et al.","Eucarya sensu Woese et al.","PRESENTE","PRESENTE","ACTUALIZADA","Fila final emparejada por identidad de dominio; cambios fijados por huellas inicial/final.","6cc0dd883413c306ac9fb43641c28621b1756fd261563bdc3607d1ec81963f86","aebeef5f8395352f7514c6babddda902b63f55cb3c2d86f1ec4b1f389810be33"
"DA-01242","B","1243","1207","Eukaryota sensu Adl et al. 2019","Eukaryota sensu Adl et al. 2019","PRESENTE","PRESENTE","ACTUALIZADA","Fila final emparejada por identidad de dominio; cambios fijados por huellas inicial/final.","9c86d7fec9b16f12362234bef4955213976c67d53a7f858513adbc7e6734d49b","b24da787fc407261368396743929084edb5747d809f26a8d05b28bad82c65565"
"DA-01243","B","1244","1208","Eucarya, Eukarya y Eukaryota","Eucarya, Eukarya y Eukaryota","PRESENTE","PRESENTE","ACTUALIZADA","Fila final emparejada por identidad de dominio; cambios fijados por huellas inicial/final.","09b562014ecac99df8935f274bdfbeb7027f6eb4319710d2781b2b5485fa0545","1531f32ba8ea9cb2082f52e3888e63f9674ab6d43c1536c004f1ee5e3504e4bc"
"DA-01244","B","1245","1209","Unikonta sensu histórico","Unikonta sensu histórico","PRESENTE","PRESENTE","ACTUALIZADA","Fila final emparejada por identidad de dominio; cambios fijados por huellas inicial/final.","9779532196b4e6cbbd83bde5077e1c51a564540e5e34d1b8f19110a624de420c","51edac4f18df073355244642009b6832b767e28f3b9750cd7dfea5db6ade520d"
"DA-01245","B","1246","1210","Unikonta–Bikonta","Unikonta–Bikonta","PRESENTE","PRESENTE","ACTUALIZADA","Fila final emparejada por identidad de dominio; cambios fijados por huellas inicial/final.","5ade1553e5f0f0790b9bd10db261b21e7ad281286e4083b7d66f7b0e2bea15b3","9ae5d2e4bd86d195b6c8a7e650645c449bf9b72dae58da2db5e419988b2a6529"
"DA-01246","B","1247","1211","Amorphea sensu Adl et al. 2012","Amorphea sensu Adl et al. 2012","PRESENTE","PRESENTE","ACTUALIZADA","Fila final emparejada por identidad de dominio; cambios fijados por huellas inicial/final.","1c3d2a552e8949b7c9e3fcabab178eb6f1943a1d6685123c99453cc649686d49","27f4f79e3ca47458e1a9deca1108c625805e9057a13e42ddc6715b301aaf44a8"
"DA-01247","B","1248","1212","Podiata","Podiata","PRESENTE","PRESENTE","ACTUALIZADA","Fila final emparejada por identidad de dominio; cambios fijados por huellas inicial/final.","1e2069b397166a1505f46e52264e213782aa231f8bbde6fec6d5053085673899","75433eb14c250779b9dbe77d6bb0453785ab25195976d74fd8a929c7ec815d16"
"DA-01248","B","1249","NO_APLICA","Holomycota","NO_APLICA","PRESENTE","RETIRADA","RETIRADA","Instantánea externa y linaje de auditoría; retirada o consolidada sin reasignar silenciosamente la fila.","e12ca3de8303e08f857ddfae8fa2040036dc69b80705c5adbae5436ba4b3a65d","NO_APLICA"
"DA-01249","B","1250","1213","Opisthokonta sensu moderno","Opisthokonta sensu moderno","PRESENTE","PRESENTE","ACTUALIZADA","Fila final emparejada por identidad de dominio; cambios fijados por huellas inicial/final.","4784d05df84480b72c000be7bc2588f1ca98e86f4fae56f9c43aede3087a7405","bf3d45a78de966cf69dfaf7bae07a2920afd64218e7b56dac25c37c7aac3de63"
"DA-01250","B","1251","1214","Opisthokonta sensu Copeland 1956","Opisthokonta sensu Copeland 1956","PRESENTE","PRESENTE","ACTUALIZADA","Fila final emparejada por identidad de dominio; cambios fijados por huellas inicial/final.","a0632a9bbe61bf4f7e2ff44c0179d1d2219f88decb7a1ee77fbd66abc9b7aa3d","0b2140d2d394fe1a30c438f4e4a3218237f39429233b44c4cfb11d2c6ab1711b"
"DA-01251","B","1252","1215","Holomycota y Nucletmycea","Holomycota y Nucletmycea","PRESENTE","PRESENTE","ACTUALIZADA","Fila final emparejada por identidad de dominio; cambios fijados por huellas inicial/final.","7703ee0fbc8712195f9622310ed5ef19184c410cc9a9651a64022fe26f46f7f6","5d7403324b3b6b971eed1816b6da07e5b99a4f59df4b8764c4619e225b488ff7"
"DA-01252","B","1253","1216","primera introducción de Holozoa","primera introducción de Holozoa","PRESENTE","PRESENTE","ACTUALIZADA","Fila final emparejada por identidad de dominio; cambios fijados por huellas inicial/final.","dca0b43fb30c100a498aab5f63148471c3a3bf43a76d5071ebe558a27a72479f","b837c970ff9120be7a090df109de9690f18b865b7b1169596beb4a1be18e73e7"
"DA-01253","B","1254","NO_APLICA","Apoikozoa sensu Budd y Jensen","NO_APLICA","PRESENTE","RETIRADA","RETIRADA","Instantánea externa y linaje de auditoría; retirada o consolidada sin reasignar silenciosamente la fila.","706836c0157cb14886a4781c3cec37591accfa8bde7da8f6ac8e1b025f43679c","NO_APLICA"
"DA-01254","B","1255","1217","Choanozoa sensu stricto ≈ Apoikozoa","Choanozoa sensu stricto ≈ Apoikozoa","PRESENTE","PRESENTE","ACTUALIZADA","Fila final emparejada por identidad de dominio; cambios fijados por huellas inicial/final.","9f9affab72211a802a79d410464ab41c99f7071a5db335d2d6cb0235ee9b3b9c","c41f549668b2ddc6b35c2de6fb6d0b0cd8b8dda2dac18fc6762480f509563272"
"DA-01255","B","1256","1218","Pluriformea/Corallochytrea sensu Liu et al.","Pluriformea/Corallochytrea sensu Liu et al.","PRESENTE","PRESENTE","ACTUALIZADA","Fila final emparejada por identidad de dominio; cambios fijados por huellas inicial/final.","d71f7f6b0ecd6e0b55ace72cf7ef6234e55cf309204e0f489a9c5a29c84b5d5e","9737c5aee94f404ad925787df05da4a23c872d4ddc14370d54eaf679bc77969d"
"DA-01256","B","1257","1219","Pluriformea, Corallochytrea y Corallochytrium","Pluriformea, Corallochytrea y Corallochytrium","PRESENTE","PRESENTE","ACTUALIZADA","Fila final emparejada por identidad de dominio; cambios fijados por huellas inicial/final.","d69afc2ddc83e0c00dce5b41cb81ba6f83d6f3583ce82cbf64e71d3b90bb974e","b874fafbfa425953719659a1e60da04df3cfdf720851032fb9287258d71352f3"
"DA-01257","B","1258","1220","Protista","Protista","PRESENTE","PRESENTE","ACTUALIZADA","Fila final emparejada por identidad de dominio; cambios fijados por huellas inicial/final.","7ae54f66d26cc00453e8fb49566358ba5afbf739a7ce8e98adb60a31640ef23d","dbece40c73545a0892cc0e60d92c6bbdbb3fd818f7aaf1f12656cbd70dc4ad83"
"DA-01258","B","1259","1221","Protista sensu Haeckel","Protista sensu Haeckel","PRESENTE","PRESENTE","ACTUALIZADA","Fila final emparejada por identidad de dominio; cambios fijados por huellas inicial/final.","dde0215d25258232c192d3860c01061550697eecfb59ff08cccac9d853c53ba9","348843965471781fe293554b3f08f4136cae101c0fd1ac958274aa21730126f7"
"DA-01259","B","1260","1222","Protista residual","Protista residual","PRESENTE","PRESENTE","ACTUALIZADA","Fila final emparejada por identidad de dominio; cambios fijados por huellas inicial/final.","53562acf44a91729a0a34cc91c9dc4cffdd59cdbfa584c7f75f86e510a7cc134","21a970cf95c228bbb66a384f79d86f4606f1b8ebdf2369aa7842ae2a9f271980"
"DA-01260","B","1261","1223","protista informal","protista informal","PRESENTE","PRESENTE","ACTUALIZADA","Fila final emparejada por identidad de dominio; cambios fijados por huellas inicial/final.","76dc76875f78645327d3c87c13f45f8792761a6c24fef9755c9bd2befae6563f","e6ebed243498312c029820449a4524a7a3a767f8e21137c62c9f8718383245fb"
"DA-01261","B","1262","1224","Protozoa sensu Goldfuss","Protozoa sensu Goldfuss","PRESENTE","PRESENTE","ACTUALIZADA","Fila final emparejada por identidad de dominio; cambios fijados por huellas inicial/final.","ef4d6b06e829b75e99dd3800fb4a9084be2f3aa89b09420040d5273ca612ef94","43474c8affc71c32a39945367a1021b4c094b1165dd1e67d9d12e5ed71614024"
"DA-01262","B","1263","1225","Protozoa histórico","Protozoa histórico","PRESENTE","PRESENTE","ACTUALIZADA","Fila final emparejada por identidad de dominio; cambios fijados por huellas inicial/final.","a2da6e998f4ea532d64e8bc62526487fffb003671a8577d6e362b4ac1cbdd25b","f21f48c58993831fb287c148a5c5de72e62d13f06f9888c37606fc0fbf75b40f"
"DA-01263","B","1264","1226","protozoo","protozoo","PRESENTE","PRESENTE","ACTUALIZADA","Fila final emparejada por identidad de dominio; cambios fijados por huellas inicial/final.","cff8ff895163f37fd416d18bce4403ac78d206a6588dbc5c46faec881e877f62","57e716ff0fd167706df1c7c03232e380adb8ded4fcbbd8980f8c7f98f61fc389"
"DA-01264","B","1265","1227","protozoo informal","protozoo informal","PRESENTE","PRESENTE","ACTUALIZADA","Fila final emparejada por identidad de dominio; cambios fijados por huellas inicial/final.","75659bdb2a86a1895b7a688c378efe975166f2d61d41f9625fab56c235648a1b","d694e5b229931c90bf888b73f1cc6f0e14d47ea75f995cba5ce3ffff2fa5231e"
"DA-01265","B","1266","1228","algas en Guiry 2024","algas en Guiry 2024","PRESENTE","PRESENTE","ACTUALIZADA","Fila final emparejada por identidad de dominio; cambios fijados por huellas inicial/final.","07c503d00b04880cec9eae370a60c7316db49444eae3015d0a7a3955275c352a","f4c733717c9763f2f47531f240b6ecb76f31e61bfe5c3f409de06f7db7892d9d"
"DA-01266","B","1267","1229","AlgaeBase en Guiry 2024","AlgaeBase en Guiry 2024","PRESENTE","PRESENTE","ACTUALIZADA","Fila final emparejada por identidad de dominio; cambios fijados por huellas inicial/final.","b4179910f708dfebf34583393571277a5566dd0aacee0b95397b3fcb6b7c0d7f","21c50b84ffb3a8702e27fa13c188d28058a8d3eb9b9d724e63055d94f538c0f6"
"DA-01267","B","1268","1230","algas verdeazules","algas verdeazules","PRESENTE","PRESENTE","ACTUALIZADA","Fila final emparejada por identidad de dominio; cambios fijados por huellas inicial/final.","868ad8df4bd2afd09d32def68fefdc60cca98acf69e1091ae6aaf3b6bdab2627","a7acd096ea0e978e57592618f9b4f374749c5f3304e403cf077eaa32fc70ef91"
"DA-01268","B","1269","1231","Cyanobacteria","Cyanobacteria","PRESENTE","PRESENTE","ACTUALIZADA","Fila final emparejada por identidad de dominio; cambios fijados por huellas inicial/final.","35941a2067e65b6efbe730d55a884079f16c0ec81df5a1b0d6693169670278a1","93e8a637a03880bb119cf6c444ee21325d1c82280d7fa675ce6c6bb703dddcd5"
"DA-01269","B","1270","1232","invertebrado","invertebrado","PRESENTE","PRESENTE","ACTUALIZADA","Fila final emparejada por identidad de dominio; cambios fijados por huellas inicial/final.","ad23388e4103412e99c6d133b5ee3780bcec8df38443e2043b9363df96feb1e4","59dce736c362fb093a626eee626e9c619e49f89d2f7664d3035eb35c49fe3bf5"
"DA-01270","B","1271","1233","invertebrados","invertebrados","PRESENTE","PRESENTE","ACTUALIZADA","Fila final emparejada por identidad de dominio; cambios fijados por huellas inicial/final.","63cd7f6d22581b91e5dccefb0d800263afe7cc87f6595cfe55e70e236bda2943","a6d536b606bacc31e15ce4bcc7774fca6f702b22e0b83be76e7c5a4e7ed59306"
"DA-01271","B","1272","1234","invertebrados sensu Lamarck","invertebrados sensu Lamarck","PRESENTE","PRESENTE","ACTUALIZADA","Fila final emparejada por identidad de dominio; cambios fijados por huellas inicial/final.","269d44781c6f919c3de0f44491c3d1a9d5d95d3767cda3000132ffd164222d6a","9e6ddd38e2b9611a92439772439289b4405077f2641c3869039d31c3fd9d0e76"
"DA-01272","B","1273","1235","procariota y eucariota","procariota y eucariota","PRESENTE","PRESENTE","ACTUALIZADA","Fila final emparejada por identidad de dominio; cambios fijados por huellas inicial/final.","a4f959676745a579cb669b3dff44478529b9f0ba0308092f7c58274f8cce56fa","d49041b1783b8c747edf87ff6289622df1046eceecf544c30e4f542f298aea70"
"DA-01273","B","1274","1236","dicotomía procariota–eucariota","dicotomía procariota–eucariota","PRESENTE","PRESENTE","ACTUALIZADA","Fila final emparejada por identidad de dominio; cambios fijados por huellas inicial/final.","8ffe4f5a1d14d0e02f489be4ab39fdd9dece0736f10d1566630688e8f0c90484","751a15ef4808082491204668e2dff6da53937d6e456ca5373a26f74779fbb3da"
"DA-01274","B","1275","1237","procariotas como Bacteria+Archaea sin Eukaryota","procariotas como Bacteria+Archaea sin Eukaryota","PRESENTE","PRESENTE","ACTUALIZADA","Fila final emparejada por identidad de dominio; cambios fijados por huellas inicial/final.","655829ae06a5da09013fd4a16aee714bf036afe260d34cf753c462ca93352fe6","7071c1875f1935fe8215b3a5c815485b294653c7b6f9f95b6e3549dacc694a5d"
"DA-01275","B","1276","1238","procariota taxonómico","procariota taxonómico","PRESENTE","PRESENTE","ACTUALIZADA","Fila final emparejada por identidad de dominio; cambios fijados por huellas inicial/final.","6e0519509ca46053762189535d58bc9cbf46ea6a30e8a5395476e2d333fc27e2","69b8e06c5d2b560f29ec7ad46bd9a2f253b7473e0ea2048e4af5f2d499e20a65"
"DA-01276","B","1277","1239","procariota descriptivo","procariota descriptivo","PRESENTE","PRESENTE","ACTUALIZADA","Fila final emparejada por identidad de dominio; cambios fijados por huellas inicial/final.","e6334abbb076dcb666a1c7c60e5c5aee5d31f412d75e8202c51d8b51fd9e5e45","9936c47e6fdd37646266ece9b07e0bb5b3c47592243b1d741679e05dd1b787e6"
"DA-01277","B","1278","NO_APLICA","acritarco","NO_APLICA","PRESENTE","RETIRADA","RETIRADA","Instantánea externa y linaje de auditoría; retirada o consolidada sin reasignar silenciosamente la fila.","f1537deb29098b6ab36237bfc6f8d9a2b71eb537378d7aca37a890efb0289e7b","NO_APLICA"
"DA-01278","B","1279","1240","acritarco identificado","acritarco identificado","PRESENTE","PRESENTE","ACTUALIZADA","Fila final emparejada por identidad de dominio; cambios fijados por huellas inicial/final.","1e90f7d3073ffa927ce12a04c63718a3f31ee9df1c4f9954996c5974ed1e38d5","74900d0acffb3bc7b35a489748738f17ec0d39e5fdf672709143cffd4c26d1d0"
"DA-01279","B","1280","1241","sistema de cinco reinos","sistema de cinco reinos","PRESENTE","PRESENTE","ACTUALIZADA","Fila final emparejada por identidad de dominio; cambios fijados por huellas inicial/final.","b3e6f9eb655b2b702087d0086297db986d9599306d1ba222f08e499d217f1d87","30d8b8ba28112c35c0563a68e0db1d85c37dbabd67c2e8795a4034daa5d38a8f"
"DA-01280","B","1281","1242","sistema de seis reinos","sistema de seis reinos","PRESENTE","PRESENTE","ACTUALIZADA","Fila final emparejada por identidad de dominio; cambios fijados por huellas inicial/final.","aa2719eee4a5b49065c377bcbaa06ee08361e13e0153f010a433126728217248","193f63bb1e2907fd769cfac8d558918d8465fa35e464aaaecab40946ab1dd21e"
"DA-01281","B","1282","1243","sistema de siete reinos","sistema de siete reinos","PRESENTE","PRESENTE","ACTUALIZADA","Fila final emparejada por identidad de dominio; cambios fijados por huellas inicial/final.","78c36d1123cb241bbefb831642e092ce11e159660cfabd67ff0947b802b7c844","2a46c031fb4e2de751e25addf2396d62ea0ce76f636643289117edc234a25756"
"DA-01282","B","1283","1244","número de reinos","número de reinos","PRESENTE","PRESENTE","ACTUALIZADA","Fila final emparejada por identidad de dominio; cambios fijados por huellas inicial/final.","618a64802e5c5c98f1cbc866c802383f29319d5e220fb2d720cc76f45170bcae","d5714258a2ed40c53f3cf05f21cfeddb92f1ec3ce97f8e12ab0329be2ff4301f"
"DA-01283","B","1284","1245","Archezoa","Archezoa","PRESENTE","PRESENTE","ACTUALIZADA","Fila final emparejada por identidad de dominio; cambios fijados por huellas inicial/final.","b8d1c5b60c3c87b349b61e1325be8904baa1375dbf1f6447e35f068a07651534","e15633cfc231d7db2bab48d1d5ff5d30cc666b4e546ba79d75259fe30b462b99"
"DA-01284","B","1285","1246","linajes arquezoos históricos","linajes arquezoos históricos","PRESENTE","PRESENTE","ACTUALIZADA","Fila final emparejada por identidad de dominio; cambios fijados por huellas inicial/final.","ac8efca8feda897f1193c3fe29f9e450b791d80d9313139069efc380de9faeba","2d6d2d467e79728931f793c21322e3351504407ee5bffd5493f953d87c0327b7"
"DA-01285","B","1286","1247","hidrogenosomas y mitosomas","hidrogenosomas y mitosomas","PRESENTE","PRESENTE","ACTUALIZADA","Fila final emparejada por identidad de dominio; cambios fijados por huellas inicial/final.","cbba58736b3c451da066a43e252c3740ac015f11bc828531417e4defb6a9b0de","d58da249b0a50c180a75e344d567b58a68ca36838c596fca987974a3c6842841"
"DA-01286","B","1287","1248","hipótesis Archezoa amitochondrial","hipótesis Archezoa amitochondrial","PRESENTE","PRESENTE","ACTUALIZADA","Fila final emparejada por identidad de dominio; cambios fijados por huellas inicial/final.","b3fde0102cc8afcf6675367fe3a61f13403cd268274a97ceb5c2c54ba2362924","ecb4fb6f0820af0e145a8fde6faa5f31dfee7399a0df8b35860fb718d4867452"
"DA-01287","B","1288","1249","Excavata","Excavata","PRESENTE","PRESENTE","ACTUALIZADA","Fila final emparejada por identidad de dominio; cambios fijados por huellas inicial/final.","a12fa785a2e49c1627576c1dad45302eaa1e0e1bb56dbc7715c3b2c33e87397f","fd4420130e1a2a6910f3dff763fec86aaf3f7526395b4a6d47313fbd469773cd"
"DA-01288","B","1289","1250","Excavata sensu histórico","Excavata sensu histórico","PRESENTE","PRESENTE","ACTUALIZADA","Fila final emparejada por identidad de dominio; cambios fijados por huellas inicial/final.","fa1e3b2d38be5e534c292a224e0e2149c4210b34ed626cb707d4b4632a724674","d03a05aea41de06a132ab001d832ff4eb291bf301ce5dfdce1015546e430db18"
"DA-01289","B","1290","1251","análisis de Excavata de Hampl et al.","análisis de Excavata de Hampl et al.","PRESENTE","PRESENTE","ACTUALIZADA","Fila final emparejada por identidad de dominio; cambios fijados por huellas inicial/final.","fbba468bd6919be8f955e88a66c39743a17142df71846caada3d695cda0014c7","6e179fdb47c589614d2c2cbf8b79c095ed43708d7f43c6cc5ea7efe3a203f141"
"DA-01290","B","1291","1252","Chromalveolata","Chromalveolata","PRESENTE","PRESENTE","ACTUALIZADA","Fila final emparejada por identidad de dominio; cambios fijados por huellas inicial/final.","7228b91e5258c309dbb74b9ad5c3e5b891446d5df1aa28f1b9653907fc905f0d","32a077099d69a127cc5e4167ec118547f40b8693cda530885c5b202df8b7aec1"
"DA-01291","B","1292","1253","hipótesis Chromalveolata","hipótesis Chromalveolata","PRESENTE","PRESENTE","ACTUALIZADA","Fila final emparejada por identidad de dominio; cambios fijados por huellas inicial/final.","206def8ab282ca9c6f591236542b1f54867605dd7837ba8d2d9f56d92d38cd24","afc694f913cfb05b164732f067c39cba974dc2172aa97a8776cb7d2086c0430e"
"DA-01292","B","1293","1254","monofilia plastidial de Chromalveolata","monofilia plastidial de Chromalveolata","PRESENTE","PRESENTE","ACTUALIZADA","Fila final emparejada por identidad de dominio; cambios fijados por huellas inicial/final.","1fe0fba9f95eddf1f33e6894c35f01cc623fc2288cf65e9c92c138c3438f7d98","9bdb1a0a63d1c1b2b46b6692dd53f949f5e99194d59da5248bd26c492c60a844"
"DA-01293","B","1294","1255","rechazo de Chromalveolata","rechazo de Chromalveolata","PRESENTE","PRESENTE","ACTUALIZADA","Fila final emparejada por identidad de dominio; cambios fijados por huellas inicial/final.","671a3ce72ba3cccece65e990b6c97a65acee68f62106429169375f4a6f84c56b","e911ecd96b3e2fe41ae147e309fb0e93244912cf5a9be97e824ac10d8947ee6d"
"DA-01294","B","1295","1256","Unikonta y Bikonta","Unikonta y Bikonta","PRESENTE","PRESENTE","ACTUALIZADA","Fila final emparejada por identidad de dominio; cambios fijados por huellas inicial/final.","b7c8201aae36690af1d68534f8f015e1e2319ba1945e626ec8b1fb847971ff82","d63d070e2250cde4cd3c0cfb5d5f677f80bc6b1809b4a462a453f6bbee769a10"
"DA-01295","B","1296","1257","raíz Unikonta–Bikonta","raíz Unikonta–Bikonta","PRESENTE","PRESENTE","ACTUALIZADA","Fila final emparejada por identidad de dominio; cambios fijados por huellas inicial/final.","daab1a2bde68eee028ef6b31fb4645fc0e0ec761abc75fbfd4ff3d68af3a4e8c","517af1c3694beadfa89f5afe4098cd80f85bba60eea644bd2876bc3771b2a3da"
"DA-01296","B","1297","1258","oomicetos llamados hongos","oomicetos llamados hongos","PRESENTE","PRESENTE","ACTUALIZADA","Fila final emparejada por identidad de dominio; cambios fijados por huellas inicial/final.","852fe83c545ce63e45fed34f5b80ace27750da97ed3ff05445cb99d06ef87de4","e4a8a590a346b238de7e835084b7a1c53fb84caf1b8b7f5519ff837f39cd45c8"
"DA-01297","B","1298","1259","mohos mucilaginosos","mohos mucilaginosos","PRESENTE","PRESENTE","ACTUALIZADA","Fila final emparejada por identidad de dominio; cambios fijados por huellas inicial/final.","47977631dcb45a60c93082a50e471b4d19df795df166891c5279bcb2f435bb6b","f9806a1830fefcb416eef4178ea9d13c08531c1ab72d420205dd2ae9fda0fade"
"DA-01298","B","1299","1260","mohos mucilaginosos estudiados","mohos mucilaginosos estudiados","PRESENTE","PRESENTE","ACTUALIZADA","Fila final emparejada por identidad de dominio; cambios fijados por huellas inicial/final.","0b7598951be38da86abdce4a81755b63833888b4ea57e0fedebf210be26500f5","09308f8d77067283e7dcea58c0d50bc9699891fca437122030f43871cd0771ce"
"DA-01299","B","1300","1261","hongo vernacular","hongo vernacular","PRESENTE","PRESENTE","ACTUALIZADA","Fila final emparejada por identidad de dominio; cambios fijados por huellas inicial/final.","a88cb0acdff7cdcf364c75c6f0487c612adc735aacc7b3a75362676dab50c4f3","0effbdf3a447e51ce063da16a78b68052e08987a50cd97f14a3c220e22c70a3f"
"DA-01300","B","1301","1262","organismo semejante a hongo","organismo semejante a hongo","PRESENTE","PRESENTE","ACTUALIZADA","Fila final emparejada por identidad de dominio; cambios fijados por huellas inicial/final.","923fc2d64828592ebfa0eb20d5833245c23317e5843ec7c68157b713b90b5215","2c24033b0b60330541b6b5dc3514e5e8b4515320a9591eacf9d4158375b78b2f"
"DA-01301","B","1302","NO_APLICA","flagelo","NO_APLICA","PRESENTE","RETIRADA","RETIRADA","Instantánea externa y linaje de auditoría; retirada o consolidada sin reasignar silenciosamente la fila.","1504ef1e071264c6ffb95254f056314fa91bd5787d73b78f5aeff0bc58b9ac4b","NO_APLICA"
"DA-01302","B","1303","1263","flagelo bacteriano","flagelo bacteriano","PRESENTE","PRESENTE","ACTUALIZADA","Fila final emparejada por identidad de dominio; cambios fijados por huellas inicial/final.","107abcf50a5d28e396fae395aee066d9e942db5d63b8b026fdd53ccfcc38c7d4","7b152ebf0c53b2285cd5115cba9bef14b614a14fbf69a7877108408221f61293"
"DA-01303","B","1304","NO_APLICA","cilio eucariota","NO_APLICA","PRESENTE","RETIRADA","RETIRADA","Instantánea externa y linaje de auditoría; retirada o consolidada sin reasignar silenciosamente la fila.","6ce0da08bd955d7e3cc14fae61ba060c429b4236519780e1206afa48d90913e9","NO_APLICA"
"DA-01304","B","1305","1264","terminología de motilidad del corpus","terminología de motilidad del corpus","PRESENTE","PRESENTE","ACTUALIZADA","Fila final emparejada por identidad de dominio; cambios fijados por huellas inicial/final.","4962f124c6ebc8d7439a542ae32454f649c5a60a6aab816a6bfb66bb7da8605e","6836e04c900d3ace6aeeebd84c3269e185c4ed25fedfa193c6b31ccbecb27965"
"DA-01305","B","1306","1265","mutualismo","mutualismo","PRESENTE","PRESENTE","ACTUALIZADA","Fila final emparejada por identidad de dominio; cambios fijados por huellas inicial/final.","153561abc661e56b0ce17024a5ab4205a6e0aa5111d8aa0ed339746b51422d92","1923b9a2026945a9a4d4cdb3e6e7edf8ad5e634f9e6a5e24d359d973b6f01127"
"DA-01306","B","1307","NO_APLICA","parasitismo","NO_APLICA","PRESENTE","RETIRADA","RETIRADA","Instantánea externa y linaje de auditoría; retirada o consolidada sin reasignar silenciosamente la fila.","b2bb44d9986811e1c086e551daadd621ed59d086bda96d6995eda623dcd77d9d","NO_APLICA"
"DA-01307","B","1308","NO_APLICA","simbiosis","NO_APLICA","PRESENTE","RETIRADA","RETIRADA","Instantánea externa y linaje de auditoría; retirada o consolidada sin reasignar silenciosamente la fila.","78b2a86db7176899b376c06eac715b47ce0530320607b50f2784fe3d0973616f","NO_APLICA"
"DA-01308","B","1309","1266","simbiosis sensu lato","simbiosis sensu lato","PRESENTE","PRESENTE","ACTUALIZADA","Fila final emparejada por identidad de dominio; cambios fijados por huellas inicial/final.","30457dd6f2926e3c64bfa79ac16dc878f8c165c5dff24c08c64c77352a94b5be","ba0285ad4e34b04d4479389c6a7dae4a85cbbe55c90cb37d71337727e5607167"
"DA-01309","B","1310","1267","simbiosis en el corpus","simbiosis en el corpus","PRESENTE","PRESENTE","ACTUALIZADA","Fila final emparejada por identidad de dominio; cambios fijados por huellas inicial/final.","0337ad083708965ea739fdcf29a1c0f3b97bfe131e6eeabecaacf0fc3bab0bcc","457127a67a33213f49e72218f08bda6792cbe5009754f937e6ca385e678f0714"
"DA-01310","B","1311","1268","endosimbiosis seriada","endosimbiosis seriada","PRESENTE","PRESENTE","ACTUALIZADA","Fila final emparejada por identidad de dominio; cambios fijados por huellas inicial/final.","923efc6a3058421597db43cab5e4b30d8449aca38801e2583b86f47627d01d4e","323c8771973be6484a5a2ac068d3fc6180411812d64c0c4d75e320bedc886563"
"DA-01311","B","1312","1269","teoría de endosimbiosis seriada","teoría de endosimbiosis seriada","PRESENTE","PRESENTE","ACTUALIZADA","Fila final emparejada por identidad de dominio; cambios fijados por huellas inicial/final.","0e790c1f0546942c75aedd4429d4bb8178c92d08d927e082afc63ae01e75efd4","b9a7057c55003da5e8be2ed678ce0f6d9128144031350c522c29718d4385897b"
"DA-01312","B","1313","1270","origen endosimbiótico de mitocondrias","origen endosimbiótico de mitocondrias","PRESENTE","PRESENTE","ACTUALIZADA","Fila final emparejada por identidad de dominio; cambios fijados por huellas inicial/final.","c2c4debbd675e3ac935a8df4dc275b9d8dfa6a4fdc78c49453b00abf6b6c8546","c135e1d8e71b9349de2ae8c57a80dae92eda7c0afeb38c8df6555547f4e90306"
"DA-01313","B","1314","1271","origen endosimbiótico de plastos primarios","origen endosimbiótico de plastos primarios","PRESENTE","PRESENTE","ACTUALIZADA","Fila final emparejada por identidad de dominio; cambios fijados por huellas inicial/final.","1d90d262d644fd500e0ebac88a31c26d72e4f2a43c598d21d9bda7f1f82bad44","6f526dde6bdc49ab7fbec836a9b1294c22e761ad2cfe3df25f2093052ed7f741"
"DA-01314","B","1315","1272","hipótesis espiroquetal de cilios","hipótesis espiroquetal de cilios","PRESENTE","PRESENTE","ACTUALIZADA","Fila final emparejada por identidad de dominio; cambios fijados por huellas inicial/final.","393e0f6b8c88885f504f26892849477caa7fbc9b478173217c4b5c8c5c752bc9","977d49956b24a8c87329526b1761460184cb091f19a41cf32a44ee4b5b9b56dd"
"DA-01315","B","1316","1273","eucariota primitivo","eucariota primitivo","PRESENTE","PRESENTE","ACTUALIZADA","Fila final emparejada por identidad de dominio; cambios fijados por huellas inicial/final.","d8d3486b5008afa9cf09e95de23d9141c7c4932cfe4b23e43db1a3064e7f15dc","e1d85a58ec171e95febb1fc24d6cb2c013c7eaf8948f1b54e5e78c720d9c7bbd"
"DA-01316","B","1317","1274","complejidad biológica","complejidad biológica","PRESENTE","PRESENTE","ACTUALIZADA","Fila final emparejada por identidad de dominio; cambios fijados por huellas inicial/final.","a923331335e6d169c38d823ce61b4d9c623baff6ec7c62db0b5f04d1b66f7e1d","347fb134a5471882c4c14c865821d49980ae5cbea3ff0b81908464b158ae8f1a"
"DA-01317","B","1318","1275","organismo simple","organismo simple","PRESENTE","PRESENTE","ACTUALIZADA","Fila final emparejada por identidad de dominio; cambios fijados por huellas inicial/final.","d8c7d4cf7688a2c0c0bc97cc25f0abb9f5f088c0d5a04cc2f98c98966afcedca","9788903aa33015855973a9d18c3253e822d8afe62c6a0a558c354567a7d7fc20"
"DA-01318","B","1319","1276","simple","simple","PRESENTE","PRESENTE","ACTUALIZADA","Fila final emparejada por identidad de dominio; cambios fijados por huellas inicial/final.","0620c766dade6c904100e5bd1554d1ef13dd9d27abc82afecaa85d39d61f9265","87741ad3bef9557b36fcc44d483f4a78b9c7d36419dd39fae088e4cc00af6b74"
"DA-01319","B","1320","1277","organismo unicelular","organismo unicelular","PRESENTE","PRESENTE","ACTUALIZADA","Fila final emparejada por identidad de dominio; cambios fijados por huellas inicial/final.","c118dacc6785d97db770e782f822cc15f88c46bc5c842d49c7a6928463a3a894","4681cce830a0de08a3c0377df0e00f50aa13d9a11a4bc9cc57a885ff2ab59775"
"DA-01320","B","1321","1278","fósil viviente","fósil viviente","PRESENTE","PRESENTE","ACTUALIZADA","Fila final emparejada por identidad de dominio; cambios fijados por huellas inicial/final.","f73c1f1b5f8080840bea12e748d614fb7b6e40c3df541bff369eac0dec067724","95109899a676187dfb58be4dba7fcfda023cc738564379df85bbc2ea569cdbe9"
"DA-01321","B","1322","1279","linaje llamado fósil viviente","linaje llamado fósil viviente","PRESENTE","PRESENTE","ACTUALIZADA","Fila final emparejada por identidad de dominio; cambios fijados por huellas inicial/final.","10f313fabaa0513e0d6d43443c3effe44be418afa77864719711fe70c7a7e360","df4029743059d6fe3a0c568083d2a97313bdb4fdc6e9a7cfa16869edd1ed132c"
"DA-01322","B","1323","1280","eslabón perdido","eslabón perdido","PRESENTE","PRESENTE","ACTUALIZADA","Fila final emparejada por identidad de dominio; cambios fijados por huellas inicial/final.","64929b535cb9405a93cf65909f13a30290a87fb4e3e817768dd94aa580e820eb","0cf2af17142a45d1c2f73d0c7bde59ba7f41d20714d6143ef451c6323a6d94fe"
"DA-01323","B","1324","1281","fósil transicional","fósil transicional","PRESENTE","PRESENTE","ACTUALIZADA","Fila final emparejada por identidad de dominio; cambios fijados por huellas inicial/final.","4b7c67e82c2d3d6c04c0b40f3c60d71b2f0d571e9ea96bdf88188bdab1700bd8","c8c32672d6ad05ee3a5164c9fd77a291f7ec107513793cb91de51d9c48fe5854"
"DA-01324","B","1325","1282","primera acuñación de missing link","primera acuñación de missing link","PRESENTE","PRESENTE","ACTUALIZADA","Fila final emparejada por identidad de dominio; cambios fijados por huellas inicial/final.","ae7bc5021dc0efab23c0c50f5f71dc39e34530f2c6ad66e17839f0b4bc19293e","b6b2a73df7a53692d3b4456b1960e7a0dcd362590a4022f27a850eb343d1c993"
"DA-01325","B","1326","1283","basal","basal","PRESENTE","PRESENTE","ACTUALIZADA","Fila final emparejada por identidad de dominio; cambios fijados por huellas inicial/final.","04ff98362fedef25572228b1459f74c1790d07e9a7f14e7f3a8da1111c4cf824","6aa99b4b5a3c0ad0a9eb3e92f63007a0764a7bfec1137dc80a4bc666a430291a"
"DA-01326","B","1327","1284","nodo basal","nodo basal","PRESENTE","PRESENTE","ACTUALIZADA","Fila final emparejada por identidad de dominio; cambios fijados por huellas inicial/final.","3c8b2695fd5faa5a1f8276f5c45f17044aae99469ee253d10965326c6829557b","259398fd57d03faf4508fc2d88f456dde0c80990b2461a5c8b8c7361c224886a"
"DA-01327","B","1328","1285","basal aplicado a un linaje viviente","basal aplicado a un linaje viviente","PRESENTE","PRESENTE","ACTUALIZADA","Fila final emparejada por identidad de dominio; cambios fijados por huellas inicial/final.","91781fa5fbf7c6102a53643e88d0fb7e15665f157a9a3f23e82229c943bae006","e55b3f8bcd43a6d7b7869e46fb03e8ef97bde309e3e8a854691024bfc4e9af4c"
"DA-01328","B","1329","1286","linaje viviente basal","linaje viviente basal","PRESENTE","PRESENTE","ACTUALIZADA","Fila final emparejada por identidad de dominio; cambios fijados por huellas inicial/final.","a15e0994f82ac04f7ec8c483bd0f329da6e2c7e3ef90a09ac1e391161a80eacd","f26461bed983c759fd4a92928c98c42aa22c4ede22148ba1cb145eb00585f4f7"
"DA-01329","B","1330","1287","linajes vivientes hermanos","linajes vivientes hermanos","PRESENTE","PRESENTE","ACTUALIZADA","Fila final emparejada por identidad de dominio; cambios fijados por huellas inicial/final.","9587591824c7b6d86c2d6b39140b3fb9f905e539eafd3a9acae8faffa871d22c","65877ed2227d66405b68d28acce59e87ca6a46be9307a9c08678b3d433746220"
"DA-01330","B","1331","1288","linaje pobre en especies","linaje pobre en especies","PRESENTE","PRESENTE","ACTUALIZADA","Fila final emparejada por identidad de dominio; cambios fijados por huellas inicial/final.","b3aeed2ad636488b08d2b8b7959af374ccae723e3dfa82936755f9dc4b4b7beb","4c9ce06b4a253d8df00c58aa2b7bafbe4b713cebd8a999a43c0e683e26fa26f7"
"DA-01331","B","1332","1289","linaje basal","linaje basal","PRESENTE","PRESENTE","ACTUALIZADA","Fila final emparejada por identidad de dominio; cambios fijados por huellas inicial/final.","774d6aad176319c21bdf87ba61bbb1f7e4b8cd5170792048f6e86d89ce3a46ed","109784b0ff1c931839d0afb8f1dee7cf81261ee2f004d75a22c9aafce6a0a794"
"DA-01332","B","1333","1290","términos no cladísticos del corpus","términos no cladísticos del corpus","PRESENTE","PRESENTE","ACTUALIZADA","Fila final emparejada por identidad de dominio; cambios fijados por huellas inicial/final.","14817cd924bc2b55223e8bc40ce3ec7b5c1cf54d940689185be5ef3f106b18b8","dd5790dfbce45f7c65635b9e77d2fd228dd2d94fa23889436d244c4dfd5ef114"
"DA-01333","B","1334","1291","Protista e invertebrado","Protista e invertebrado","PRESENTE","PRESENTE","ACTUALIZADA","Fila final emparejada por identidad de dominio; cambios fijados por huellas inicial/final.","be9ff895d0a270ac2e00db7adec4c9ddf1cc9221bb3ca68686ec732f68b3ee88","a6edc3fc14a30bfa38666d8f44bc860f052e9230246ddbe5acc3b34ed127008a"
"DA-01334","B","1335","1292","alga y protozoo","alga y protozoo","PRESENTE","PRESENTE","ACTUALIZADA","Fila final emparejada por identidad de dominio; cambios fijados por huellas inicial/final.","97a9e1b160d92891d7db29cd1541db51c967940165e06ce8ac41436369d5484e","dbd5c7d6773328fc53a85728b9be332f55482b51e2029324fc238e19c710ca5d"
"DA-01335","B","1336","1293","Archezoa y Chromalveolata","Archezoa y Chromalveolata","PRESENTE","PRESENTE","ACTUALIZADA","Fila final emparejada por identidad de dominio; cambios fijados por huellas inicial/final.","faecc655146f1a51c065dff19a6bac12f9d6a36aa59d14692ee9b425d2269ea4","f11d4d5dc8c6523e0374b29e2e9b64f093d71dac7cff02fb3e678aa80a976773"
"DA-01336","B","1337","1294","lenguaje escalonado","lenguaje escalonado","PRESENTE","PRESENTE","ACTUALIZADA","Fila final emparejada por identidad de dominio; cambios fijados por huellas inicial/final.","fd47a0b07c4b68468365c6793be95d55c7430565de65240f501939cb25e3b72b","ec0619b7c3ca191f652a599e204361d39be18e8118b51588dbeb4fb05384c1bb"
"DA-01337","B","1338","1295","lenguaje del corpus","lenguaje del corpus","PRESENTE","PRESENTE","ACTUALIZADA","Fila final emparejada por identidad de dominio; cambios fijados por huellas inicial/final.","8c51e1025942e811a4881da7dfd50d880f89904b369adc234979bb8a8446ba4d","b611bca58c07a9dd45348412ff02d0efa30982ba5d7d3120635f8fae7c1a4e45"
"DA-01338","B","1339","1296","asignación de código a todos los protistas ambiregnales","asignación de código a todos los protistas ambiregnales","PRESENTE","PRESENTE","ACTUALIZADA","Fila final emparejada por identidad de dominio; cambios fijados por huellas inicial/final.","9e7d5752b2a86ea919ebbf8169918429786c95f68778ec285ec7ff5354b2f11f","1a410e19d2dfe3d4c5f969ae7b9ba71b883fbfe0fad87c3680a9345d9f57351b"
"DA-01339","B","1340","1297","estatuto de cada nombre específico del corpus","estatuto de cada nombre específico del corpus","PRESENTE","PRESENTE","ACTUALIZADA","Fila final emparejada por identidad de dominio; cambios fijados por huellas inicial/final.","246f85e590ed25b374303d64e9a4739f9d93dffcc3cab8e7ff824d011fd8245e","93d5823c78a6264fcb2781ffd6d3a2aa9f1bad9098350e0c1cc6940ccaeb4dfb"
"DA-01340","B","1341","1298","EGTA","EGTA","PRESENTE","PRESENTE","ACTUALIZADA","Fila final emparejada por identidad de dominio; cambios fijados por huellas inicial/final.","c44dfda0c74b48e40850075505305462b6d902261944d50694c30cf6cbb2aaba","01556136394ac630d7a9c0b6a5eaaa751304439169e82c2f2d9b8c3ad43cd956"
"DA-01341","B","1342","1299","aphidicolina","aphidicolina","PRESENTE","PRESENTE","ACTUALIZADA","Fila final emparejada por identidad de dominio; cambios fijados por huellas inicial/final.","312818a72167e9a07dbb5b8442b3501ea00f9d75258b8a5a9e2188feac23677b","1be676c7506832fd891c6ff304a3d7cdb77c05ff07c7d796b057374d48da4dc4"
"DA-01342","B","1343","1300","relación núcleo-citoplasma","relación núcleo-citoplasma","PRESENTE","PRESENTE","ACTUALIZADA","Fila final emparejada por identidad de dominio; cambios fijados por huellas inicial/final.","fdcec5821900c0365ca088102f7b6b4e6ea915d7f5f888cf2aee635dac196edf","5c2b225843c9c6c3eef686df07cfa116397909fd718b8e480d8e1293227ae0b5"
"DA-01343","B","1344","1301","matriz extracelular","matriz extracelular","PRESENTE","PRESENTE","ACTUALIZADA","Fila final emparejada por identidad de dominio; cambios fijados por huellas inicial/final.","c24a84cdf2fdfcdad2dde46a2641e8407ccfd7720e5e5157bd16ffb604b6ba45","2ed6742fa20d2377f12a16515511e8752e453c71c7884f59a2e533a118e447ac"
"DA-01344","B","1345","1302","multicelularidad clonal-agregativa","multicelularidad clonal-agregativa","PRESENTE","PRESENTE","ACTUALIZADA","Fila final emparejada por identidad de dominio; cambios fijados por huellas inicial/final.","2c80ccfc027756b8c1f39fdb71312e65fc8f3bd37f13b3c1790f96e90759cbe9","64088f5926305dfb0ea16138b9b691ad439ef804b7d7925999f1e85da2dbacf5"
"DA-01345","B","1346","1303","hipótesis temporal-a-espacial","hipótesis temporal-a-espacial","PRESENTE","PRESENTE","ACTUALIZADA","Fila final emparejada por identidad de dominio; cambios fijados por huellas inicial/final.","a9745d632e47938d92eb2e0c23a49c2bb275b12d9e36164c84b276f10c16dd45","b369307fe110af72ee4d6fa7e9aa5aabf7a516953b958536e9a77de2747d3c31"
"DA-01346","B","1347","1304","levadura snowflake","levadura snowflake","PRESENTE","PRESENTE","ACTUALIZADA","Fila final emparejada por identidad de dominio; cambios fijados por huellas inicial/final.","5a14506dbaacd91754253bb1c1d91d9510508d4d7b2f54eacdb0c65aa9ad87bf","dae62c774f3bd8f3e3d3830a30f63a848ce28b9d6abe0be19bc910e409bb57ad"
"DA-01347","B","1348","1305","división sin separación","división sin separación","PRESENTE","PRESENTE","ACTUALIZADA","Fila final emparejada por identidad de dominio; cambios fijados por huellas inicial/final.","ed58a259320644b4a2be13761c96065203f967b1ff945b532b3a6a0655b132c7","9bfeccc2c6fba6ded22deef5ac742378b73ffad4dd56eb9dd2c296d1b9c0d0ed"
"DA-01348","B","1349","1306","agregación de células independientes","agregación de células independientes","PRESENTE","PRESENTE","ACTUALIZADA","Fila final emparejada por identidad de dominio; cambios fijados por huellas inicial/final.","c8f2b0158e6ba773ad6c65225f001a0fdf5c324e849fd8aa190dd9ed9f9a977e","03da0a12042fac5a8870d251c5b62705c6a78c2ee7857f6632c2b17d33725844"
"DA-01349","B","1350","1307","cenocito","cenocito","PRESENTE","PRESENTE","ACTUALIZADA","Fila final emparejada por identidad de dominio; cambios fijados por huellas inicial/final.","8eb7ed88f72bb6498f14c362b7fab769ef5f93fa82fb6c59321b0b539d43965c","af1a7b38551e5a07557610efba4e9e6c385b54dceede5eb5fd7c6ef505ce8abe"
"DA-01350","B","1351","1308","múltiples núcleos en citoplasma continuo","múltiples núcleos en citoplasma continuo","PRESENTE","PRESENTE","ACTUALIZADA","Fila final emparejada por identidad de dominio; cambios fijados por huellas inicial/final.","44168006c92a5470d8f4fa584aa78250e650cb0fe70061bc39b78076c0e63ae4","a0708ed822ad2c4b978c66dc3e99d1d1c4aeb45335145d7da5a3e72cc9620f62"
"DA-01351","B","1352","1309","celularización","celularización","PRESENTE","PRESENTE","ACTUALIZADA","Fila final emparejada por identidad de dominio; cambios fijados por huellas inicial/final.","d6533ddb6b3981f5afa0c430dae6abd7efde144da6e05e4f3c5245a05099bf48","c828a4d0351442f6cc2d0261fe41dc1c30db7eef74266f2a3e00b5308ec909f0"
"DA-01352","B","1353","1310","células a partir de un cenocito","células a partir de un cenocito","PRESENTE","PRESENTE","ACTUALIZADA","Fila final emparejada por identidad de dominio; cambios fijados por huellas inicial/final.","17c07a3723f1ef86243b5cb702197a3e5f72e0f2995d72f7c4148d6cddd06984","1e27e8e0da265523f641fe31a41076452f9944f70aa920e4314dd87f36c42882"
"DA-01353","B","1354","1311","rutas de multicelularidad","rutas de multicelularidad","PRESENTE","PRESENTE","ACTUALIZADA","Fila final emparejada por identidad de dominio; cambios fijados por huellas inicial/final.","82cfe96d7121a109605f81e2a8701db4ca8e6751a7a1c3a18cc2a1ebdffe23aa","44be00217aade84818cb3d55fd0abf9ab521801d3c5a60a99e62ade2365c3f67"
"DA-01354","B","1355","1312","niveles de progreso","niveles de progreso","PRESENTE","PRESENTE","ACTUALIZADA","Fila final emparejada por identidad de dominio; cambios fijados por huellas inicial/final.","926d8832d41a2b758f094b94870328fd71348a96d98ae22b4587b598ab179acb","e49b0e303dbe67b4b71c2ef197d160ff8fd36fbdfb399e286ffb1b4560b5acc3"
"DA-01355","B","1356","1313","afirmación de exclusión universal entre clonación y agregación","afirmación de exclusión universal entre clonación y agregación","PRESENTE","PRESENTE","ACTUALIZADA","Fila final emparejada por identidad de dominio; cambios fijados por huellas inicial/final.","f4408f8ffc6c49bf42f9f3a810909afc855d0b93bec83751fd19d1561f6f0ce8","76ef237a031db2511db8965e60f2080ff86a704fc6d3d9769800d101942a5c57"
"DA-01356","B","1357","1314","ruta clonal","ruta clonal","PRESENTE","PRESENTE","ACTUALIZADA","Fila final emparejada por identidad de dominio; cambios fijados por huellas inicial/final.","905faf9ec63a1e7086842ee32f120e47a4f2ea4b89a9475f7828a8fbe8696d57","398876e40a791c0ad7e1b26f94dca3e24f629a22bba02822a1251fefecbc518d"
"DA-01357","B","1358","1315","relación genética y conflicto","relación genética y conflicto","PRESENTE","PRESENTE","ACTUALIZADA","Fila final emparejada por identidad de dominio; cambios fijados por huellas inicial/final.","a18d73e4698c78b1f3b52f0ca2c170c9838e31563c7dd0cfd7e30020ea32ded1","8412fb640118d12c5ad4deef5d063246a7a87eee44a70dbb4558519744c49b70"
"DA-01358","B","1359","1316","ruta agregativa","ruta agregativa","PRESENTE","PRESENTE","ACTUALIZADA","Fila final emparejada por identidad de dominio; cambios fijados por huellas inicial/final.","f9ddf38f33e5eb4676bd134120b75c9017c09b33e5dfcbc8b763a766df71e4c4","d010ba4815ca64d52ff2374321aa21c65805f19f4a33bffdd6fe520b53db79eb"
"DA-01359","B","1360","1317","quimerismo","quimerismo","PRESENTE","PRESENTE","ACTUALIZADA","Fila final emparejada por identidad de dominio; cambios fijados por huellas inicial/final.","a750daf7c28b30c3bd36447db45f792bfc3ab03cb4bb2f4541cb5d31656b115f","2fb710daeca87ebdc0fecde58c32e7d092d9f196db75d1ea50573df6a13040b0"
"DA-01360","B","1361","1318","desarrollo clonal de rosetas","desarrollo clonal de rosetas","PRESENTE","PRESENTE","ACTUALIZADA","Fila final emparejada por identidad de dominio; cambios fijados por huellas inicial/final.","fcd07d2586f34dbd0cd3efb01e8ddbb139523a4ad18233175ada1ad2dd6fb6da","5d5a63fc75c65092db59483505169b0f7a4688d68dd014db718525e89e637354"
"DA-01361","B","1362","1319","roseta de Salpingoeca rosetta","roseta de Salpingoeca rosetta","PRESENTE","PRESENTE","ACTUALIZADA","Fila final emparejada por identidad de dominio; cambios fijados por huellas inicial/final.","3ff7e038676bb906ec490c590aca42b096974cca416897aa7f59b68308c3ed97","6865f244e456785343776b7c3bb5e4451915121fca854d0ea7dd2d4bc919e61a"
"DA-01362","B","1363","1320","puentes intercelulares y matriz extracelular","puentes intercelulares y matriz extracelular","PRESENTE","PRESENTE","ACTUALIZADA","Fila final emparejada por identidad de dominio; cambios fijados por huellas inicial/final.","8cefaca8293342c35065904cf594e4d957cbfb942a0a300b56417139d08c9efb","590df2953c14ec72b49d7ff2afe0c1cb4b722c6ae22f54829c5600efb82ce468"
"DA-01363","B","1364","1321","rosetas de Salpingoeca rosetta","rosetas de Salpingoeca rosetta","PRESENTE","PRESENTE","ACTUALIZADA","Fila final emparejada por identidad de dominio; cambios fijados por huellas inicial/final.","95a0e8eb9379d2ef619edd469846add92f9da1eaf54253ed343bfc0671ba1a5f","12ae55b8ffe13fdfc66fe936071fee6d54c83280777a2deccf3b51873b4e3488"
"DA-01364","B","1365","1322","señal bacteriana RIF","señal bacteriana RIF","PRESENTE","PRESENTE","ACTUALIZADA","Fila final emparejada por identidad de dominio; cambios fijados por huellas inicial/final.","9ee8a1f00919fd940be691ec8cf03990de285751486033efcc167172b01abe94","45b2f8114af4c4ba6effe50bed5bb7bf84a09d3ea42bcefcefee6af0d7700c15"
"DA-01365","B","1366","1323","programa de desarrollo clonal","programa de desarrollo clonal","PRESENTE","PRESENTE","ACTUALIZADA","Fila final emparejada por identidad de dominio; cambios fijados por huellas inicial/final.","394a19c067c2a870946a15d1d7afd16db8ee78eab4da2da7ed8fd1e1f86b7abe","d93667635ccd9e598533acd29bb0df22fa1ec583e0925ca41d07d303de00c787"
"DA-01366","B","1367","1324","coste de mantener una roseta de Salpingoeca rosetta","coste de mantener una roseta de Salpingoeca rosetta","PRESENTE","PRESENTE","ACTUALIZADA","Fila final emparejada por identidad de dominio; cambios fijados por huellas inicial/final.","3e831d9442a08173d47f1bf7be57c5b5d81e8307dcf386c20a43157eba28cc99","44b2568401fb9ce172a847b8523e0e7bcc4a04940e7f3d75c026867448c5d3e5"
"DA-01367","B","1368","1325","láminas polarizadas con contactos collar-collar","láminas polarizadas con contactos collar-collar","PRESENTE","PRESENTE","ACTUALIZADA","Fila final emparejada por identidad de dominio; cambios fijados por huellas inicial/final.","e612e9292a57735c78804c9de40fb897f765afecff4647e495c0a91fa0a775d3","20c4f3f0ad317bff211f0635dae1b2e371743eb568775ce0bc89d91b834b85ca"
"DA-01368","B","1369","1326","transición luz-oscuridad mediante inversión de lámina","transición luz-oscuridad mediante inversión de lámina","PRESENTE","PRESENTE","ACTUALIZADA","Fila final emparejada por identidad de dominio; cambios fijados por huellas inicial/final.","e583b6af1d8c757cd783fac71709e0172ca45e1d1c54d2e3799457475beb4548","17ae1f74698ae5f1742788f021faea6ab58a5bf17ce34d0935fc77c216f8a0fb"
"DA-01369","B","1370","1327","división cada aproximadamente 8–10 h","división cada aproximadamente 8–10 h","PRESENTE","PRESENTE","ACTUALIZADA","Fila final emparejada por identidad de dominio; cambios fijados por huellas inicial/final.","eeba50d68653965fde045bb98a6a55de17382f3edc03ee2e59b7db4dcb306ef6","8f13aab9d4ba9b0057238a5fc53f62811beecaecacbe6df423fb8710a56b9261"
"DA-01370","B","1371","1328","inicio de agregación en minutos","inicio de agregación en minutos","PRESENTE","PRESENTE","ACTUALIZADA","Fila final emparejada por identidad de dominio; cambios fijados por huellas inicial/final.","860dd793f95c7a760eb028e0fe890cd77ef264a8dbe1a956cd9741b4b600c53b","a3cc1edcd0d37e9e2908a0c70acc22a6188551e26ca885c5764fb8d26e6a0e77"
"DA-01371","B","1372","1329","maduración de agregado dentro de 24 h","maduración de agregado dentro de 24 h","PRESENTE","PRESENTE","ACTUALIZADA","Fila final emparejada por identidad de dominio; cambios fijados por huellas inicial/final.","fea7ca1e715ebcdc984a8aee1247f354445b464546c92e6ef9a7258da105e3a1","411a6f522142ffe572ae2868c6ffe23f4e51bb60eab88de9f5388fd7e2a888c3"
"DA-01372","B","1373","1330","láminas agregativas de Choanoeca flexa","láminas agregativas de Choanoeca flexa","PRESENTE","PRESENTE","ACTUALIZADA","Fila final emparejada por identidad de dominio; cambios fijados por huellas inicial/final.","3439b3806a62f158eae55cbf07c15b4ef232b2f2fa0ab0020036bb17571606da","03452f5a8831d22518149aaa330043143834512ef5b8727567d6bcfd9600eb74"
"DA-01373","B","1374","1331","aproximadamente 50 células de media y hasta aproximadamente 120","aproximadamente 50 células de media y hasta aproximadamente 120","PRESENTE","PRESENTE","ACTUALIZADA","Fila final emparejada por identidad de dominio; cambios fijados por huellas inicial/final.","643781b2c3ddba8d548757be7d60b9abf53c24947fe016ad6a477889e7c189d0","d2b6d40523ece2560f436321843ba1c59ad537400cf859e2b5bc2f321a65ba8b"
"DA-01374","B","1375","1332","Choanoeca flexa tratada con aphidicolina","Choanoeca flexa tratada con aphidicolina","PRESENTE","PRESENTE","ACTUALIZADA","Fila final emparejada por identidad de dominio; cambios fijados por huellas inicial/final.","217dffe789d20c84c76f83aca2d1c676e90d6013e942333a78246cd1d6a54b28","6a6d822f4316a034678383ae9e83e39804df3a6ec0fa2fbbe01c961cf0539d53"
"DA-01375","B","1376","1333","agregación independiente de replicación","agregación independiente de replicación","PRESENTE","PRESENTE","ACTUALIZADA","Fila final emparejada por identidad de dominio; cambios fijados por huellas inicial/final.","b1c9fba69be308292dd6f2eea5cfcece2ae6dbe661a5870fef6e3ac376cbb6ad","83b1b705018a1a512880bebf0a591e546bc7e19a9a097357b3d9ca44aee54f3d"
"DA-01376","B","1377","1334","Choanoeca flexa en pozas costeras","Choanoeca flexa en pozas costeras","PRESENTE","PRESENTE","ACTUALIZADA","Fila final emparejada por identidad de dominio; cambios fijados por huellas inicial/final.","4a0eb8629610a1e502e88fc409ad4a99cfd91bc878248fc6e52b09f96d46c076","7294ad6d5bfc1b4245d9db77a2b1b913705f6ed4764b8b7a66cf11f3369960ce"
"DA-01377","B","1378","1335","ausencia observada de láminas activas por encima de 94 ppt","ausencia observada de láminas activas por encima de 94 ppt","PRESENTE","PRESENTE","ACTUALIZADA","Fila final emparejada por identidad de dominio; cambios fijados por huellas inicial/final.","f45a7c48a9dae5b8f1a5e250301b8d470213811cee10669e9a7834b255c5cdd3","051e1349a512b8c47b409ea2a3364b8e7afacd27b4f187ad2ae28db3f0513172"
"DA-01378","B","1379","1336","presencia de láminas de Choanoeca flexa","presencia de láminas de Choanoeca flexa","PRESENTE","PRESENTE","ACTUALIZADA","Fila final emparejada por identidad de dominio; cambios fijados por huellas inicial/final.","e1897dc9ae8f693ae8e0c9a6792ce74034c538f0d4f29c071573655ec03cedf8","fe07c96c9946a9fdc413d9772098d33b1a5b4ef3cbb37e185e16f5efa752bf8d"
"DA-01379","B","1380","1337","62.1 ± 24.8 ppt frente a 146.3 ± 95.7 ppt","62.1 ± 24.8 ppt frente a 146.3 ± 95.7 ppt","PRESENTE","PRESENTE","ACTUALIZADA","Fila final emparejada por identidad de dominio; cambios fijados por huellas inicial/final.","6f30c5f353f875b5e560702f9e2d7344d98ce41d5823dd078773f08fa3bd5b20","7c9bb47211eb2bcf80fc05ab6ee882269dc62a4af6c5532583a0f58a93822214"
"DA-01380","B","1381","1338","evaporación y rehidratación reversibles","evaporación y rehidratación reversibles","PRESENTE","PRESENTE","ACTUALIZADA","Fila final emparejada por identidad de dominio; cambios fijados por huellas inicial/final.","0976ec3db5b117199c8a8abf6deda6a88d9396d2a5a7031b4ffe644c962bfe46","837474b5ab3b4e3e0999d438e0981a6ee9394e4e9145f04ad1347a60c904e489"
"DA-01381","B","1382","1339","reconocimiento de parentesco o cepa en agregación","reconocimiento de parentesco o cepa en agregación","PRESENTE","PRESENTE","ACTUALIZADA","Fila final emparejada por identidad de dominio; cambios fijados por huellas inicial/final.","bcd224922be26a19f2a72ccac831ad3e6221280c2e39b88f1990d9aee0fd49d9","776d231130844d8f70c4ab34ee35dca965952f955efb42d9b25d3746ff723c05"
"DA-01382","B","1383","1340","crecimiento cenocítico seguido de celularización","crecimiento cenocítico seguido de celularización","PRESENTE","PRESENTE","ACTUALIZADA","Fila final emparejada por identidad de dominio; cambios fijados por huellas inicial/final.","16ac3dc3ed54bc08389f65bf9632f140afca8f8a7433328ad271fdceecf51774","f61819fb52c05745ac918f7e375d377961060e2b23bfffa647fd741dd971981f"
"DA-01383","B","1384","1341","ciclos nucleares de aproximadamente 11–12 h","ciclos nucleares de aproximadamente 11–12 h","PRESENTE","PRESENTE","ACTUALIZADA","Fila final emparejada por identidad de dominio; cambios fijados por huellas inicial/final.","2dba3a83f246392bfbb33059d7783f377a134436d6e4be2bb5e4475adedf9667","02d979b263bc098ae64b567556234c27cb337949bfcbc0dfe3e547dba1724828"
"DA-01384","B","1385","1342","desacoplamiento entre división nuclear y tamaño celular","desacoplamiento entre división nuclear y tamaño celular","PRESENTE","PRESENTE","ACTUALIZADA","Fila final emparejada por identidad de dominio; cambios fijados por huellas inicial/final.","2bb4dfd9c41bdeb5b1649b05392f3936c0a5f1da00d5678746c5bc166441030f","3253641f90177fd15f3f9b9ed05e827f789218d47a2a16c48aeef07b3a3bbbbc"
"DA-01385","B","1386","1343","hasta 128 núcleos antes de celularización","hasta 128 núcleos antes de celularización","PRESENTE","PRESENTE","ACTUALIZADA","Fila final emparejada por identidad de dominio; cambios fijados por huellas inicial/final.","96b9a996614137658bfd7a2a5d912b11e6464820c7ab54b597ebe192bf289576","b244981eb59eef430cfff31ad5f326df85defe4205017bf0f27016f39f018551"
"DA-01386","B","1387","1344","celularización dependiente de actomiosina","celularización dependiente de actomiosina","PRESENTE","PRESENTE","ACTUALIZADA","Fila final emparejada por identidad de dominio; cambios fijados por huellas inicial/final.","8f7f6631c6bcf53f88ee2623c7c114b4f65d75a6c887a6287a391fcaad93dbcc","962e826f6206e5d9b3151cad4f59ff0699634962875d2ac4847a1eb4a5edb480"
"DA-01387","B","1388","1345","capa epitelial en organización, no en identidad taxonómica","capa epitelial en organización, no en identidad taxonómica","PRESENTE","PRESENTE","ACTUALIZADA","Fila final emparejada por identidad de dominio; cambios fijados por huellas inicial/final.","816b3fc0854a9b318f0f9bbcefd188f3753f206b90cca77ff74f0013c706e45b","e52df455701356c91dbc5aeb36236b778409d611ce5c57f244ded9d935c6c6cb"
"DA-01388","B","1389","1346","relación núcleo-citoplasma en Sphaeroforma arctica","relación núcleo-citoplasma en Sphaeroforma arctica","PRESENTE","PRESENTE","ACTUALIZADA","Fila final emparejada por identidad de dominio; cambios fijados por huellas inicial/final.","dedd07391b4945775a1f7b4490283c71c9e03fa3bcd7e6e087788f73a79bf779","3b0d98960c8b7fd1d80077dd4ce1bf023b7f3b28c15fa95df5f32ed8675f3053"
"DA-01389","B","1390","1347","inicio de celularización","inicio de celularización","PRESENTE","PRESENTE","ACTUALIZADA","Fila final emparejada por identidad de dominio; cambios fijados por huellas inicial/final.","dee7faab53bfcfb88c049a616f565257785778748d7a1f4921a13f1ffc04f864","da5c06a49db3d6d894c094d825ca17083bca039b8cb2a713d5972744772cfd99"
"DA-01390","B","1391","1348","mecanismo de Sphaeroforma arctica","mecanismo de Sphaeroforma arctica","PRESENTE","PRESENTE","ACTUALIZADA","Fila final emparejada por identidad de dominio; cambios fijados por huellas inicial/final.","c9d7af2770e94cfeb6e401a133771f60d1158cd358b9bd8a603154e7e1dd527c","1bddd41bdc00784c8b68e0098c4aa4529247983e10bfe544b61bb1f9e1c654bf"
"DA-01391","B","1392","1349","mecanismo ancestral de Metazoa","mecanismo ancestral de Metazoa","PRESENTE","PRESENTE","ACTUALIZADA","Fila final emparejada por identidad de dominio; cambios fijados por huellas inicial/final.","f1d7e421af1f68fc6cabb5136ad0d3a8a10521fd32f032172df0bdabbc964b3c","a74ca3df8ae02d83dffc838c42460df5c8c87e56cc6e5f54f056f4191ff2017c"
"DA-01392","B","1393","1350","ciclo con amebas y cenocito","ciclo con amebas y cenocito","PRESENTE","PRESENTE","ACTUALIZADA","Fila final emparejada por identidad de dominio; cambios fijados por huellas inicial/final.","3fc3f2bbcdcc6322023ea7765a686ff9ace28e94b13c00103ce4e55a6073a679","5f9f4919764712f2ec4f88c96cc418fbee4ab4ef3f3dfe6258041b3cecf6488f"
"DA-01393","B","1394","1351","genoma de Creolimax fragrantissima","genoma de Creolimax fragrantissima","PRESENTE","PRESENTE","ACTUALIZADA","Fila final emparejada por identidad de dominio; cambios fijados por huellas inicial/final.","43cdbd207f97e07af9d6499ad4c414e4b9018ef8b5b1c904c148ac7b195d283f","ef7466745f58bffb14d9533bba29a44aa0a73bf6e7649a0b32c2b5decc5d71e7"
"DA-01394","B","1395","1352","aproximadamente 45 Mb y 82 scaffolds","aproximadamente 45 Mb y 82 scaffolds","PRESENTE","PRESENTE","ACTUALIZADA","Fila final emparejada por identidad de dominio; cambios fijados por huellas inicial/final.","cb4c8ea79dab49f219a949533f1f412c8f2d14cd178f20150c618d68a3445191","61fbd488983c26fba178015fa6269205bf704cf65614d32cc015c2172ac3ae63"
"DA-01395","B","1396","1353","8,695 genes y 6.5 intrones por gen","8,695 genes y 6.5 intrones por gen","PRESENTE","PRESENTE","ACTUALIZADA","Fila final emparejada por identidad de dominio; cambios fijados por huellas inicial/final.","ab0f01e38c937d792664a42e02734d87ca84d95381f4c7d626eafb46a53601f4","2fc03bb4a7e551b5ef1ee2e5c1148cc720e3b029ba12521534f76954fabc16ce"
"DA-01396","B","1397","1354","regulación transcripcional dependiente del estadio","regulación transcripcional dependiente del estadio","PRESENTE","PRESENTE","ACTUALIZADA","Fila final emparejada por identidad de dominio; cambios fijados por huellas inicial/final.","e44fb21eb047e789563cfbf5b66eb3587efc082f23cc4d3d582f54877998c5d5","d1cd3dcb2e26b8ef4db52f6ff81c5922a5fb13893fa6e609df82bdab285ef652"
"DA-01397","B","1398","1355","Ichthyosporea cenocíticos","Ichthyosporea cenocíticos","PRESENTE","PRESENTE","ACTUALIZADA","Fila final emparejada por identidad de dominio; cambios fijados por huellas inicial/final.","3c86822753f850b50a1253e9e44ec654ab68a9e0b3651bbf1898270359de37da","fa3b7277fa14463212f020817ce0db9ec9d3f31abecb8795fba216fd313c6d19"
"DA-01398","B","1399","1356","divisiones tipo clivaje e intrones escasos","divisiones tipo clivaje e intrones escasos","PRESENTE","PRESENTE","ACTUALIZADA","Fila final emparejada por identidad de dominio; cambios fijados por huellas inicial/final.","14ae4f8bac1fb448553d308793abdbfb64971378ba674c4ccb21200083496fb0","956a484bc9bbb16afeb2211c6bea99ee3638ae6f2bd3b6c2a3c671b031f6f60c"
"DA-01399","B","1400","1357","genoma de Corallochytrium limacisporum","genoma de Corallochytrium limacisporum","PRESENTE","PRESENTE","ACTUALIZADA","Fila final emparejada por identidad de dominio; cambios fijados por huellas inicial/final.","3f9c4fbbb5f049037c999c05f51fdf9d0ae5ced9dc70f5bd92f0ee20c3606682","2e8d1bad4bb73cf592bf5f0cac2f45b69161128c7dda7a6aaf07cfca2485f847"
"DA-01400","B","1401","1358","24.1 Mb y 7,535 genes","24.1 Mb y 7,535 genes","PRESENTE","PRESENTE","ACTUALIZADA","Fila final emparejada por identidad de dominio; cambios fijados por huellas inicial/final.","573d6c125226979b54ed47078940655465221d6019f8c1a857465fe0006e0d7a","79828683eb095dc2d95f32dfc2d7eb6d8da2062766d6fbd427c639eecf7f6141"
"DA-01401","B","1402","1359","0.0 intrones por kbp de CDS","0.0 intrones por kbp de CDS","PRESENTE","PRESENTE","ACTUALIZADA","Fila final emparejada por identidad de dominio; cambios fijados por huellas inicial/final.","732154665b48f3ecfaa7f843cb5ba24cff5938fe71d1a9fc601b8b3424061c5b","996b398cc044744ab7551846067d2e91e2f81f7279585613ba7a8239d2d1eb52"
"DA-01402","B","1403","1360","ciclo de tres estadios","ciclo de tres estadios","PRESENTE","PRESENTE","ACTUALIZADA","Fila final emparejada por identidad de dominio; cambios fijados por huellas inicial/final.","87bac3e04072a6b8520e0aaeeab789974f3f3f27f34af6142ff9819979440bd4","3e201b7d70116e972c961fca6cc55a02bba5f07a593d0c86beed360e248512b6"
"DA-01403","B","1404","1361","agregado de Capsaspora owczarzaki","agregado de Capsaspora owczarzaki","PRESENTE","PRESENTE","ACTUALIZADA","Fila final emparejada por identidad de dominio; cambios fijados por huellas inicial/final.","60a1d9cab120c4d56f5f315c3837b45d91fb73951b206a0b30723fd5b75cb087","a051570629c8c44b69a447974bc6cfa30d164ca9767e2797d9ce4d911bbb9882"
"DA-01404","B","1405","1362","matriz extracelular entre células","matriz extracelular entre células","PRESENTE","PRESENTE","ACTUALIZADA","Fila final emparejada por identidad de dominio; cambios fijados por huellas inicial/final.","b41897c86849ae75d3717db579ca9f243e902a6b33df2a8d04bc4829a98a1699","bfa6fb899da1e610c519eb35841534c09ffd27fb8d4b060d3e553e76b3974f56"
"DA-01405","B","1406","1363","calcio y factores lipoproteicos","calcio y factores lipoproteicos","PRESENTE","PRESENTE","ACTUALIZADA","Fila final emparejada por identidad de dominio; cambios fijados por huellas inicial/final.","332d8f3c3487d4a04257755e9c1e3a7056d9ad836535f73e86217b595f1a903b","bdd3f8f3de7741223a732547560b98e4e995630988f782a8c90fbd2b6694d770"
"DA-01406","B","1407","1364","EGTA mediante reducción de agregación","EGTA mediante reducción de agregación","PRESENTE","PRESENTE","ACTUALIZADA","Fila final emparejada por identidad de dominio; cambios fijados por huellas inicial/final.","8c5c8b720da60126cdc730eff4d1b4226f0448aafc5dc93e2b6ed8a3d1f291f3","ae0a5cfe26d333f9e6571ddd8778ba969bee1ecd11f29572560bccc1e4f8de74"
"DA-01407","B","1408","1365","lípidos endocitados","lípidos endocitados","PRESENTE","PRESENTE","ACTUALIZADA","Fila final emparejada por identidad de dominio; cambios fijados por huellas inicial/final.","88103da9b4e5d682e59023ec87244922a60fcddb876d8f0de07de0b366509a38","51e023b4f7bdeca03129ee4818d622639e105f4c986108906827151fd48445cc"
"DA-01408","B","1409","1366","respuesta morfológica en segundos","respuesta morfológica en segundos","PRESENTE","PRESENTE","ACTUALIZADA","Fila final emparejada por identidad de dominio; cambios fijados por huellas inicial/final.","4d0ddeed55775f927062320a02bc45c426982bd072ab0d9d28fce90e73000fcf","ba741d50c79a79d91b388aa250b4add9a876a01076eae9e55a9942556ee5b84f"
"DA-01409","B","1410","1367","agregación inducida en cultivo monoxénico","agregación inducida en cultivo monoxénico","PRESENTE","PRESENTE","ACTUALIZADA","Fila final emparejada por identidad de dominio; cambios fijados por huellas inicial/final.","d7ebfd6122382b7d0909cb082f6fae94e9d4b3a464473d3e5636ccdda7e17859","f28db17ee56c449ac50aa0c8330801f28d65c59816a6c9b8c55118e3e27a1b70"
"DA-01410","B","1411","1368","Thalassospira en cultivo de Ministeria vibrans","Thalassospira en cultivo de Ministeria vibrans","PRESENTE","PRESENTE","ACTUALIZADA","Fila final emparejada por identidad de dominio; cambios fijados por huellas inicial/final.","d58c880829196fe2ff21f18ac00feb09c6dc19532bc01b5dbb063ea5d34a5c33","0c9c929eb243dc5f0002a1d50f2ad1016a9664763b856ceca552ad22bdc226cc"
"DA-01411","B","1412","1369","63% de abundancia relativa","63% de abundancia relativa","PRESENTE","PRESENTE","ACTUALIZADA","Fila final emparejada por identidad de dominio; cambios fijados por huellas inicial/final.","2f55052846d08ff33f578f2d419ed34e2cf7f0bb5e8897d8a8f6e11d1dd87dd6","5c7bf89bf8181d06689e6d1f25aabf821091eba41888ceefc67550e6d3abbc15"
"DA-01412","B","1413","1370","decenas de células en 24 h y cientos en agregados maduros","decenas de células en 24 h y cientos en agregados maduros","PRESENTE","PRESENTE","ACTUALIZADA","Fila final emparejada por identidad de dominio; cambios fijados por huellas inicial/final.","838211aca7cd606a7330ab27c8b7d2baf01a70137f019b4a4a5f6fef9b0e7d09","91cec5d0b009125e6c99ccc433a70607a4c8d3879281bd045309760eb0bda2f2"
"DA-01413","B","1414","1371","Ministeria vibrans tratada con aphidicolina","Ministeria vibrans tratada con aphidicolina","PRESENTE","PRESENTE","ACTUALIZADA","Fila final emparejada por identidad de dominio; cambios fijados por huellas inicial/final.","8872def483f764346e7e5690d5a48f005cad2341edb5ad2d7e5ca234cedc8d56","dd814868dbb30b168ce0a2c72c1c64c605c411fd89af4f47e3cf9978a36b888b"
"DA-01414","B","1415","1372","agregación de Ministeria vibrans","agregación de Ministeria vibrans","PRESENTE","PRESENTE","ACTUALIZADA","Fila final emparejada por identidad de dominio; cambios fijados por huellas inicial/final.","7e8907802173c57cf4a676b9966bda89cf91fc0fadc6c09d61061e2ec3c8b7d0","1703a7affec29f61ceac7c0bf8ae487eb9ed5d7b4c21a48c3457b082791d114f"
"DA-01415","B","1416","1373","beneficios actuales de alimentación y apareamiento propuestos","beneficios actuales de alimentación y apareamiento propuestos","PRESENTE","PRESENTE","ACTUALIZADA","Fila final emparejada por identidad de dominio; cambios fijados por huellas inicial/final.","3cc841cfe63949e3e9e59d229c095364a664fc8b1dd80c31abb96c955bcb2c7f","b4359433491a7bc873d8595c34af8e686cfae683127564097c8b6b6a81149e68"
"DA-01416","B","1417","1374","multicelularidad agregativa y cuerpo fructífero","multicelularidad agregativa y cuerpo fructífero","PRESENTE","PRESENTE","ACTUALIZADA","Fila final emparejada por identidad de dominio; cambios fijados por huellas inicial/final.","560d25fe2b69d09b383c302972e93b59a987231b6fc3af4e08227d2d4208f262","83659dbd6fe13a0fa4a2ece6b278dce5ff2f7b81ded5dbbe14282b681d4601e8"
"DA-01417","B","1418","1375","colonias bacterianas mediante colectivo","colonias bacterianas mediante colectivo","PRESENTE","PRESENTE","ACTUALIZADA","Fila final emparejada por identidad de dominio; cambios fijados por huellas inicial/final.","511af86c5dd21cc74c14debfd1ac9b88485d8f47a94b6c2648edb61255411eb9","21f5a96fac72d61b6f02a10d61a3b3568c2b7db3c456334f309d967817c93698"
"DA-01418","B","1419","1376","agregación por inanición y diferenciación espora-tallo","agregación por inanición y diferenciación espora-tallo","PRESENTE","PRESENTE","ACTUALIZADA","Fila final emparejada por identidad de dominio; cambios fijados por huellas inicial/final.","293fffffc746e0117294e471c318e5376ae4a5d02bd55652bd5d6668d7b459c3","ef1daf5b285a4a2389988fa1a828554f8717bdac0b8839bbd760f5e6a155e878"
"DA-01419","B","1420","1377","orígenes en Filasterea, Holomycota y Amoebozoa","orígenes en Filasterea, Holomycota y Amoebozoa","PRESENTE","PRESENTE","ACTUALIZADA","Fila final emparejada por identidad de dominio; cambios fijados por huellas inicial/final.","628fc72af1a342fb43bfe55fb5fcd56e6e368f0735beaec695019c8aab5c9e2c","2d33182a4f49bcc722e3404c0ccb2e9e53261a105095dcbbef8968a64145640e"
"DA-01420","B","1421","1378","genotipos tramposos de Dictyostelium discoideum","genotipos tramposos de Dictyostelium discoideum","PRESENTE","PRESENTE","ACTUALIZADA","Fila final emparejada por identidad de dominio; cambios fijados por huellas inicial/final.","44b18f90ff21eabb4ad6df2703c653cbf29ffcf21b906cefb5d0ce07cfb4b95c","bb3d2ff554a2da77444e9f2f6a5ee79dd54049b390ff7add5ccbbf8ec514687c"
"DA-01421","B","1422","1379","genotipos cooperadores","genotipos cooperadores","PRESENTE","PRESENTE","ACTUALIZADA","Fila final emparejada por identidad de dominio; cambios fijados por huellas inicial/final.","6d20ecca4f262f68234e2837291481957f279cee5f0a25c3065ae86322aab764","7dc7d8fd6a7cc6bade394a77ad9a88a840f09fdb4f22cec11110b0e0af3199b8"
"DA-01422","B","1423","1380","células de tallo de Dictyostelium discoideum","células de tallo de Dictyostelium discoideum","PRESENTE","PRESENTE","ACTUALIZADA","Fila final emparejada por identidad de dominio; cambios fijados por huellas inicial/final.","b7af5fa67a7ffc704e302a36972ee2efcd1f48b9232e5e05643c6f41f2eaefe4","29f8c9389d3ec993869a82a8d80a5f6c02c198f6f105e2b3fa79fdaad13159f3"
"DA-01423","B","1424","1381","muerte asociada con soporte de esporas","muerte asociada con soporte de esporas","PRESENTE","PRESENTE","ACTUALIZADA","Fila final emparejada por identidad de dominio; cambios fijados por huellas inicial/final.","ee433b42126e84eaa79da513e5136020aa1a75f39081b9ef62b13281446cc508","d89c531a6b0d16a2f698b68a50047ca1524cb99b7ea4bbf3edb7da09f5138315"
"DA-01424","B","1425","1382","Dictyostelium discoideum a baja relación genética","Dictyostelium discoideum a baja relación genética","PRESENTE","PRESENTE","ACTUALIZADA","Fila final emparejada por identidad de dominio; cambios fijados por huellas inicial/final.","c6bb62ebe6b902531b4634b6d9d67bfe2b938e9b4f23264e387e5daaad06fb5e","95a31d6dd0a223d7bd203a0e6390028ba425680b2cf5a6ec2ddaea2b23217042"
"DA-01425","B","1426","1383","evolución de engaño destructivo","evolución de engaño destructivo","PRESENTE","PRESENTE","ACTUALIZADA","Fila final emparejada por identidad de dominio; cambios fijados por huellas inicial/final.","74a7db6e16cce056a2e7b0d6e5aac256bb52167668dcf5e437d1854ffc603a99","b56d609c18015bdfb6adc6648e2eaa41d9727a5dfa08c8887ae95325ae09c4ff"
"DA-01426","B","1427","1384","Dictyostelium discoideum a alta relación genética","Dictyostelium discoideum a alta relación genética","PRESENTE","PRESENTE","ACTUALIZADA","Fila final emparejada por identidad de dominio; cambios fijados por huellas inicial/final.","371cc7e074f33d084266fe58bbc9743e7432e8cf5dd69e7c70a4b9047cf3154d","b225446f633688d256fccd43407a276fcdc81f393deecdac91385138b03c9f9e"
"DA-01427","B","1428","1385","mantenimiento de cooperación multicelular","mantenimiento de cooperación multicelular","PRESENTE","PRESENTE","ACTUALIZADA","Fila final emparejada por identidad de dominio; cambios fijados por huellas inicial/final.","614fd83148d4933205d107c75e67f1987d70c10d38f7d605756e6d4c331dd015","052a01cf13723f344b08c093c4e46e4b0dc108ea981d07b27ff3243f5c6c05f9"
"DA-01428","B","1429","1386","reconocimiento de parentesco en Dictyostelium discoideum","reconocimiento de parentesco en Dictyostelium discoideum","PRESENTE","PRESENTE","ACTUALIZADA","Fila final emparejada por identidad de dominio; cambios fijados por huellas inicial/final.","908e5461609e3ec40acb5485abf84c361831749ca4272953ab1e0bf0af6ffeb1","7a74bc0c82dfbb66d67a0bc060700c1fd6943f801575c90e4b44f646f16d9049"
"DA-01429","B","1430","1387","explotación por tramposos","explotación por tramposos","PRESENTE","PRESENTE","ACTUALIZADA","Fila final emparejada por identidad de dominio; cambios fijados por huellas inicial/final.","be48939dda375a493aa70812f1ecf9477fe0b6f4246a9b15c437e1e47ea51292","fefffda1a86c616f050c8b0123ebb70062750e5270d0f5dda5115800a6093f2c"
"DA-01430","B","1431","1388","rutas clonal y agregativa","rutas clonal y agregativa","PRESENTE","PRESENTE","ACTUALIZADA","Fila final emparejada por identidad de dominio; cambios fijados por huellas inicial/final.","56ce865b197dceb4786221df4d72ede6e1c2790b219f727b29ed56bb6ee98ed9","e103caa13c2091f42ecf092b1b11267ecefab647fe07c32bb5329cb6019400b6"
"DA-01431","B","1432","1389","riesgo de quimerismo","riesgo de quimerismo","PRESENTE","PRESENTE","ACTUALIZADA","Fila final emparejada por identidad de dominio; cambios fijados por huellas inicial/final.","49914af1afce1d96b3c1c39113f4092fac5fd06ffebba8c16c1b605ee3201597","2cc1f51711b02798da81fa6c1b86bda9d36ad2a38e0505b7496b7f5b36efa1a0"
"DA-01432","B","1433","1390","conflicto dentro de agregados de Capsaspora owczarzaki","conflicto dentro de agregados de Capsaspora owczarzaki","PRESENTE","PRESENTE","ACTUALIZADA","Fila final emparejada por identidad de dominio; cambios fijados por huellas inicial/final.","a6f1bfd90e4d1a3a88e94cee9435493d0eca9ddc7366255c5f10bf5f3384d71b","2e69c8a9736ed4db3809fef96400974bc375b9d4c0e0cf53f73e6dd8e3fb9a4a"
"DA-01433","B","1434","1391","conflicto dentro de agregados de Ministeria vibrans","conflicto dentro de agregados de Ministeria vibrans","PRESENTE","PRESENTE","ACTUALIZADA","Fila final emparejada por identidad de dominio; cambios fijados por huellas inicial/final.","75f7b7b65bf0138d0330a541a92f2ec154defd3a3095ae0c7c62678d48327dcf","6ee7a7c66f77d1838008d3ff37d3d557e5390057b75598a83c018a8def460f54"
"DA-01434","B","1435","1392","Saccharomyces cerevisiae experimental","Saccharomyces cerevisiae experimental","PRESENTE","PRESENTE","ACTUALIZADA","Fila final emparejada por identidad de dominio; cambios fijados por huellas inicial/final.","4d1b088bb80148fe715de4c0f3e4505f66ffb6c63f31ab55ac70e0ceb110e413","c532e295de7a9380f51694ab17e63aa70a87d9c255c0649d06a1c2b262904b6a"
"DA-01435","B","1436","1393","multicelularidad snowflake","multicelularidad snowflake","PRESENTE","PRESENTE","ACTUALIZADA","Fila final emparejada por identidad de dominio; cambios fijados por huellas inicial/final.","2e5c5f61649d0c436508e0d277fc5a8d1377d72a2669f9fb7fdd0b86d00652fa","6d6482409622acbd516c924a1075f3b278a99147ee21515e425815c90cab5b57"
"DA-01436","B","1437","1394","división clonal con separación incompleta","división clonal con separación incompleta","PRESENTE","PRESENTE","ACTUALIZADA","Fila final emparejada por identidad de dominio; cambios fijados por huellas inicial/final.","866ff943dffa88bdaa36ed090120648e84e18e76ba2120b399ef685ef05cef6a","4a42780aa3e0893ac704dfc22e3409b5d8ded8852daa80dde6ffeefc67b4b967"
"DA-01437","B","1438","1395","34% de ventaja de aptitud","34% de ventaja de aptitud","PRESENTE","PRESENTE","ACTUALIZADA","Fila final emparejada por identidad de dominio; cambios fijados por huellas inicial/final.","c8b7cb90bc5e4083e2010f30e515e76afe8c8d6547a664e88f5c34a2e945c757","dadd0f47823c4f84c47f81a08e2b2c41aa008a80b1e2807f33dd053643784861"
"DA-01438","B","1439","1396","muerte celular asociada con reproducción de grupos","muerte celular asociada con reproducción de grupos","PRESENTE","PRESENTE","ACTUALIZADA","Fila final emparejada por identidad de dominio; cambios fijados por huellas inicial/final.","ccb77d989767838f980b235317d736f223ff35cee4a2e14686cd5597467df19d","df6ffa184ffb54731fed89ad00b044202770ee2960d62acf3ddcc6303264c06a"
"DA-01439","B","1440","1397","levadura snowflake anaerobia","levadura snowflake anaerobia","PRESENTE","PRESENTE","ACTUALIZADA","Fila final emparejada por identidad de dominio; cambios fijados por huellas inicial/final.","e534037ef27518cd16b96f96c29d852a2e542ebb5df739f2888fa0cd1b2a9bb1","5693745cb543c69c152b917830866ec7e675e12389c7fe7ab9217e22b3915527"
"DA-01440","B","1441","1398","600 rondas en cinco poblaciones","600 rondas en cinco poblaciones","PRESENTE","PRESENTE","ACTUALIZADA","Fila final emparejada por identidad de dominio; cambios fijados por huellas inicial/final.","d605a2feb603cf53f987b7f1dcb5f69c2389865922219f6c1f6068bd2137a38f","541f9338d5f23aea6d70ec657d070aaf4367f2a76f5650588d4a6e86127223ff"
"DA-01441","B","1442","1399","aproximadamente 2 × 10^4 veces mayor y escala milimétrica","aproximadamente 2 × 10^4 veces mayor y escala milimétrica","PRESENTE","PRESENTE","ACTUALIZADA","Fila final emparejada por identidad de dominio; cambios fijados por huellas inicial/final.","9412debad5dda942e47500efec4e42fa30b37271d3a467b2b1b2fc5cc78f0a94","5c19ec76740a114fc6559e353f2e6381f01c5e7e5d56ce7d354cd8efc0dbb118"
"DA-01442","B","1443","1400","aproximadamente 10^4 veces mayor tenacidad","aproximadamente 10^4 veces mayor tenacidad","PRESENTE","PRESENTE","ACTUALIZADA","Fila final emparejada por identidad de dominio; cambios fijados por huellas inicial/final.","e5aeb0dacc6e640c4c2acfafd7fe7e6ca165722c757f76e16d32c4d44d1e99b8","2bbccead06ff5f0a7201274d958406520b60040e957afb3da6642bb559a5a1b3"
"DA-01443","B","1444","1401","células elongadas y entrelazamiento de ramas","células elongadas y entrelazamiento de ramas","PRESENTE","PRESENTE","ACTUALIZADA","Fila final emparejada por identidad de dominio; cambios fijados por huellas inicial/final.","0e9e14b5f6ee3dd170a9778def33fe0ec3f71d3ba3be513a016c5d1fe09c146e","881168071a856adafcf1720ce32c9045150214eeb6959500316ff701749b33a2"
"DA-01444","B","1445","1402","levadura snowflake con competencia por oxígeno","levadura snowflake con competencia por oxígeno","PRESENTE","PRESENTE","ACTUALIZADA","Fila final emparejada por identidad de dominio; cambios fijados por huellas inicial/final.","4b8afb77de91cc17cde0833e5f9a6f6aacca3b0d422c38b6970444a43fd66299","391a632ee6496fc814615990ff07e19db9e7980d42b09160845963caad039334"
"DA-01445","B","1446","1403","aproximadamente seis veces mayor","aproximadamente seis veces mayor","PRESENTE","PRESENTE","ACTUALIZADA","Fila final emparejada por identidad de dominio; cambios fijados por huellas inicial/final.","4c54bc686a6e0d9f7fe264d0b07f6e2aa1614de071fa6357e69719d0ede404d7","6ef497fc2298812dd812ec8069b33e5106a0b141a9e10a2091121e688d254764"
"DA-01446","B","1447","1404","trayectoria histórica de Holozoa","trayectoria histórica de Holozoa","PRESENTE","PRESENTE","ACTUALIZADA","Fila final emparejada por identidad de dominio; cambios fijados por huellas inicial/final.","3ff0e0bf61fd42615b4566c5c19648af2c123c5d6e9a4b50033afb69ed66c941","1a8f55e67a5c9492f2a44d881e8a1f3226c21e119101cfada9398d98bff7fd0e"
"DA-01447","B","1448","1405","genoma de Monosiga brevicollis","genoma de Monosiga brevicollis","PRESENTE","PRESENTE","ACTUALIZADA","Fila final emparejada por identidad de dominio; cambios fijados por huellas inicial/final.","c1fb98bd0115c0c15bc700ffd7834fc1af330a857b9cf6ff2500b994708395b4","502fd132efd2d9addf4dbc4820c99dd539837faa93c11bf49887fc66c6a9259e"
"DA-01448","B","1449","1406","aproximadamente 41.6 Mb y aproximadamente 9,200 genes","aproximadamente 41.6 Mb y aproximadamente 9,200 genes","PRESENTE","PRESENTE","ACTUALIZADA","Fila final emparejada por identidad de dominio; cambios fijados por huellas inicial/final.","16c8db5a428c6d56da6b3e724069e7d13799a0b9f2c6aec01d8712e16c13894f","2c1500fcd4c4c1c9c16e0903fb92a8729ebd08492b6515d08568a966888e8969"
"DA-01449","B","1450","1407","6.6 intrones por gen y 174 bp por intrón","6.6 intrones por gen y 174 bp por intrón","PRESENTE","PRESENTE","ACTUALIZADA","Fila final emparejada por identidad de dominio; cambios fijados por huellas inicial/final.","6ca7a3e2d29639de92e307bede6ed1d88fedfaa18acb6c0720cf1c3827232296","3d0771cae1be48199da9445644f8d7f9063fade5dea9e9c6a78aa0d6e6116e9e"
"DA-01450","B","1451","1408","genoma de Salpingoeca rosetta","genoma de Salpingoeca rosetta","PRESENTE","PRESENTE","ACTUALIZADA","Fila final emparejada por identidad de dominio; cambios fijados por huellas inicial/final.","494f069a323ba6ae1c0b8da2498799894910780aff0e64291530741bef54c5fe","ae41113f185b5c62f2e451e30ad133316033550eae78702a97c6e894dda6b512"
"DA-01451","B","1452","1409","aproximadamente 55 Mb, 154 scaffolds y N50 1.52 Mb","aproximadamente 55 Mb, 154 scaffolds y N50 1.52 Mb","PRESENTE","PRESENTE","ACTUALIZADA","Fila final emparejada por identidad de dominio; cambios fijados por huellas inicial/final.","a39579d486b6a3325a1c17e1de57938de7feebccaa2b93964c7d12a3cd099e57","497ce935d3014b0d99b58fad89919aa30464097dfc9a8547f35632504850df79"
"DA-01452","B","1453","1410","11,629 genes y 98% con apoyo transcriptómico","11,629 genes y 98% con apoyo transcriptómico","PRESENTE","PRESENTE","ACTUALIZADA","Fila final emparejada por identidad de dominio; cambios fijados por huellas inicial/final.","d58a16c914ad0a1ac666d1fa84ac273603bc8f88ea90ace7b77d0347e14141d2","8a4620ee56777842f270605c0c90ea2c9e095b97399569c9f03d92ac20cf46c5"
"DA-01453","B","1454","1411","genoma de Capsaspora owczarzaki","genoma de Capsaspora owczarzaki","PRESENTE","PRESENTE","ACTUALIZADA","Fila final emparejada por identidad de dominio; cambios fijados por huellas inicial/final.","7d16cf6aee73467745c6b611e61a171c314cf8de02729674a530febf1ffc0dbc","5031f452f5b588f9bd0d4ae38cebbcd7cd67367d97fffdb01c39ffb7f1822646"
"DA-01454","B","1455","1412","28 Mb, 84 scaffolds y 8,657 genes","28 Mb, 84 scaffolds y 8,657 genes","PRESENTE","PRESENTE","ACTUALIZADA","Fila final emparejada por identidad de dominio; cambios fijados por huellas inicial/final.","f447a4fd5e00fb2582c682b16f54b7054fda8da87b50217f1550a899f02d3540","d1c77667a18789e4d2d901048cb897486cc9031f6a32af549edf204f7efdcfa3"
"DA-01455","B","1456","1413","3.8 intrones por gen y 166 bp por intrón","3.8 intrones por gen y 166 bp por intrón","PRESENTE","PRESENTE","ACTUALIZADA","Fila final emparejada por identidad de dominio; cambios fijados por huellas inicial/final.","efdc9423dbb534d1d81a80a6351347e74ce29ec48e99e6a34483175d5d3756e2","0b63e17f02203b18cab67d02c52157ddf32b8f7302c0d7daff46d86f13b7ee77"
"DA-01456","B","1457","1414","genoma de Ministeria vibrans","genoma de Ministeria vibrans","PRESENTE","PRESENTE","ACTUALIZADA","Fila final emparejada por identidad de dominio; cambios fijados por huellas inicial/final.","afc49d6b982c7f6dd52ebc34cdd6501651844e5a93796091089fd789f35767ed","8e41b5dc9fc6d118755c3c26951933136f054532ac2404a9d1cf0b167e378b98"
"DA-01457","B","1458","1415","12,127 genes anotados","12,127 genes anotados","PRESENTE","PRESENTE","ACTUALIZADA","Fila final emparejada por identidad de dominio; cambios fijados por huellas inicial/final.","0bf54566f9bc68495dec7b0ae096f2cfa9274b014834d3677c6a1430b7965b27","ec60b4c2e3486a57bc244ee3174460e857a505d5233800c0f69418a85ef748c2"
"DA-01458","B","1459","1416","genoma de Sphaeroforma arctica","genoma de Sphaeroforma arctica","PRESENTE","PRESENTE","ACTUALIZADA","Fila final emparejada por identidad de dominio; cambios fijados por huellas inicial/final.","0e6d8eb1ea5223859894e1919bdcb9d3c30a33ef9ecac6ef6155a732a80e94f0","0468396f2e8135dd903ba9d9697b902de98174c87b9073914487012a8b1e025e"
"DA-01459","B","1460","1417","121.6 Mb","121.6 Mb","PRESENTE","PRESENTE","ACTUALIZADA","Fila final emparejada por identidad de dominio; cambios fijados por huellas inicial/final.","22403b507d1c12b89bdc3e9aa1a14ed3502356bb8636de3340ff5d6cb86f7211","56abc41151de22fb3eb45307dee8212e53eb0004820427bd510ca4a66e45d323"
"DA-01460","B","1461","1418","Ichthyophonida y Corallochytrium","Ichthyophonida y Corallochytrium","PRESENTE","PRESENTE","ACTUALIZADA","Fila final emparejada por identidad de dominio; cambios fijados por huellas inicial/final.","b27a68d355261d6fa3f03007732ab7d21add84fdb1013bada90239b30d2bbfa1","aa0f7290c4178e303800ae25946c3988e7428705091ce6a6b1668ba2730d96e7"
"DA-01461","B","1462","1419","densidad de intrones","densidad de intrones","PRESENTE","PRESENTE","ACTUALIZADA","Fila final emparejada por identidad de dominio; cambios fijados por huellas inicial/final.","773420db3c91e8352cfb640f690c781d1b6fdc1cd7544b007a5454a2323374b4","1158bf4e50764b43ebe89f88e3d1685c58d4a2962a1758a1b28ecee99e36aee3"
"DA-01462","B","1463","1420","Thecamonas trahens","Thecamonas trahens","PRESENTE","PRESENTE","ACTUALIZADA","Fila final emparejada por identidad de dominio; cambios fijados por huellas inicial/final.","8ea2bf8a2372af87fe05bf112af3dce5ab77c2b411ca5c88cf104e480646bf55","43c0436d5f2690f750c0937f60febb1185b3924d2d4d35966cb45f4e57874f07"
"DA-01463","B","1464","1421","ensamblaje genómico GCA_000142905.1","ensamblaje genómico GCA_000142905.1","PRESENTE","PRESENTE","ACTUALIZADA","Fila final emparejada por identidad de dominio; cambios fijados por huellas inicial/final.","bc1525453bf41cce8690fecfad9524e5df37ff3238831f9f96ebf35920603a57","463f3765cd5e18e8be991eb30c3c92a965b47141223abcec27ecb90bb0328843"
"DA-01464","B","1465","1422","genoma de Thecamonas trahens","genoma de Thecamonas trahens","PRESENTE","PRESENTE","ACTUALIZADA","Fila final emparejada por identidad de dominio; cambios fijados por huellas inicial/final.","a64f9b59736b39765a8c1e4e52aab4e41a9a97b53ae14733ea71327a2e5c8f6d","c991242f7e0c4fa75254f50657b6c98df88690d27b18e78243264a51d40cc5a8"
"DA-01465","B","1466","1423","23 genes con dominios de cadherina","23 genes con dominios de cadherina","PRESENTE","PRESENTE","ACTUALIZADA","Fila final emparejada por identidad de dominio; cambios fijados por huellas inicial/final.","f79adbcfe47a3c9a4a0b92f5e8c57d0fb51a4a256780b6e426b51072a98f214b","15d929c4b3557fa8aa5fa2f82db15181edba416bbecc0abccf76d0b819646eda"
"DA-01466","B","1467","1424","dominios de integrina alfa sin integrina beta canónica detectada","dominios de integrina alfa sin integrina beta canónica detectada","PRESENTE","PRESENTE","ACTUALIZADA","Fila final emparejada por identidad de dominio; cambios fijados por huellas inicial/final.","7bb945777e0cda2083c133e0f76348adf32ecceb408b4cfca119c556f70183d2","0f4635f67d0cc328d061250a60823ed6ba594204c1bc142c7db630987bd184bd"
"DA-01467","B","1468","1425","cinco genes con dominios de colágeno y dos con repeticiones Gly-X-Y","cinco genes con dominios de colágeno y dos con repeticiones Gly-X-Y","PRESENTE","PRESENTE","ACTUALIZADA","Fila final emparejada por identidad de dominio; cambios fijados por huellas inicial/final.","fc20f7e6560922d739a388c58cbfb41c2286979ba88b7a8f2648c3e0e1e5e485","ff7be95710770ee4414754f80924e9d391bb269aba6ac5e1fe0508903e9cf6cf"
"DA-01468","B","1469","1426","maquinaria de adhesión mediada por integrinas","maquinaria de adhesión mediada por integrinas","PRESENTE","PRESENTE","ACTUALIZADA","Fila final emparejada por identidad de dominio; cambios fijados por huellas inicial/final.","55a0a013f7ef3c87e80be01520e3826c535ff172a954d790365c6a8c8e184aa9","6461000436cc125d2de69f82c452114b67b6bce2472a4f0035b41ae249ca24fe"
"DA-01469","B","1470","1427","despliegue regulado del adhesoma","despliegue regulado del adhesoma","PRESENTE","PRESENTE","ACTUALIZADA","Fila final emparejada por identidad de dominio; cambios fijados por huellas inicial/final.","2e0af0f7ff2cd45906be288f6997215dd1ce29be14ca8760da343b32072af664","eaed70d925eb248f618cb1152a711d2e94aebc0174effe6a5c2fe0588624216f"
"DA-01470","B","1471","1428","integrinas preanimales","integrinas preanimales","PRESENTE","PRESENTE","ACTUALIZADA","Fila final emparejada por identidad de dominio; cambios fijados por huellas inicial/final.","4b758d61a861650fd501a12f1571424fc9420609f6da1fa6b854e712e32542ee","ba6d0990134d76654827fbbe4a5f51645be5780099e47b38ab1eed5908ac71be"
"DA-01471","B","1472","1429","ganancias, pérdidas y arquitecturas mosaico","ganancias, pérdidas y arquitecturas mosaico","PRESENTE","PRESENTE","ACTUALIZADA","Fila final emparejada por identidad de dominio; cambios fijados por huellas inicial/final.","da0e1ac802828ec9217f9ddb3a8c51b2c00dc97c44b2b8b52613115e5a8c5618","15fa4b4abad5f1905b5c67376747869b7716992be4dbb1c990b3a217980c35a7"
"DA-01472","B","1473","1430","dominios preanimales de adhesión y matriz","dominios preanimales de adhesión y matriz","PRESENTE","PRESENTE","ACTUALIZADA","Fila final emparejada por identidad de dominio; cambios fijados por huellas inicial/final.","a2ca57cd426405430f70a4f18c71257250739bd80336f305fffa086617e76533","012ab2fc127900e5514d862e8f245830ca293169582b838e8328836aad1c45b7"
"DA-01473","B","1474","1431","función animal completa","función animal completa","PRESENTE","PRESENTE","ACTUALIZADA","Fila final emparejada por identidad de dominio; cambios fijados por huellas inicial/final.","b1dded4666c6bea7ec38e6f0d45b0fe821cf3c58d2b86eb00b914231b6647af9","1a7ad157b5830eaa829f66eeb702f62fcb0a02f6c1a7721eb5ea1e492f4e6eb9"
"DA-01474","B","1475","1432","producción de matriz extracelular preanimal","producción de matriz extracelular preanimal","PRESENTE","PRESENTE","ACTUALIZADA","Fila final emparejada por identidad de dominio; cambios fijados por huellas inicial/final.","1edf84944816fac596ea8e8e99497f59c872063548ad5b4a71ea307b080bf6a6","610d761868fb595ced176aaba6c52cd26627d478cd8906e23281f0cf4707ce59"
"DA-01475","B","1476","1433","aproximadamente 120 TK, 30 PTP y 80 proteínas SH2","aproximadamente 120 TK, 30 PTP y 80 proteínas SH2","PRESENTE","PRESENTE","ACTUALIZADA","Fila final emparejada por identidad de dominio; cambios fijados por huellas inicial/final.","25948694d90209577c0c81b03956791a1b79916c55decdebe4cb6f1c8591ef49","0a554d7b51c5823478fb63e1519d27297a7ff59de1580fc46cacf88fe5fddb04"
"DA-01476","B","1477","1434","señalización por fosfotirosina","señalización por fosfotirosina","PRESENTE","PRESENTE","ACTUALIZADA","Fila final emparejada por identidad de dominio; cambios fijados por huellas inicial/final.","b0455a8571ab9a64e13112795ec198128a681e1fcf1fede89fbe8130374a294d","d53ac0b594b88bd925b5e435e4625f1a97724c24249476a4817e6e409660aba3"
"DA-01477","B","1478","1435","origen preanimal y reconfiguración posterior","origen preanimal y reconfiguración posterior","PRESENTE","PRESENTE","ACTUALIZADA","Fila final emparejada por identidad de dominio; cambios fijados por huellas inicial/final.","ac4b1c33979b019c14c52bd7a090014cad004398af71a71df7ffeb44a0ae98f7","003349dc43f67dde20822615ee0219190be065b100f6029f328b819d804f4a78"
"DA-01478","B","1479","1436","Src de Capsaspora owczarzaki","Src de Capsaspora owczarzaki","PRESENTE","PRESENTE","ACTUALIZADA","Fila final emparejada por identidad de dominio; cambios fijados por huellas inicial/final.","bec8cc6eeca6892c7e02052140ba070c530493e0636a9c9a2a72c6d6f96f5f21","c5731b9672967936419c026183940bc2287b734e9ea13a48cf7f093f54270262"
"DA-01479","B","1480","1437","Src animal","Src animal","PRESENTE","PRESENTE","ACTUALIZADA","Fila final emparejada por identidad de dominio; cambios fijados por huellas inicial/final.","b9b764f91bbbaef3a9c4f5a9ee9e7fadf745741e6df0bd9b5ff82c6033b66bfb","3cf793947c0c67499e352d5d54b49c7f5a803d4cf862e5a227758d12831f88d5"
"DA-01480","B","1481","1438","componentes de Notch y Delta distribuidos de forma parcheada","componentes de Notch y Delta distribuidos de forma parcheada","PRESENTE","PRESENTE","ACTUALIZADA","Fila final emparejada por identidad de dominio; cambios fijados por huellas inicial/final.","2cfd2d34700e973353788cb64e4e87d8b1272f5d7d7319fe4f61e123b9be2b02","8d21fa084849f4b9b4b520e9bfce22b8ac4776164390dd43514197468b71b39c"
"DA-01481","B","1482","1439","componentes preanimales de Notch y Hedgehog","componentes preanimales de Notch y Hedgehog","PRESENTE","PRESENTE","ACTUALIZADA","Fila final emparejada por identidad de dominio; cambios fijados por huellas inicial/final.","e35f2392ca68d9006a5ee68de76d7b46ceb2da30abca9dce71614ac5e8c9faf2","3b27e8196a20da45c9774064296500aaa9cb0913c37da5b1063593b0591f573d"
"DA-01482","B","1483","1440","vía animal completa","vía animal completa","PRESENTE","PRESENTE","ACTUALIZADA","Fila final emparejada por identidad de dominio; cambios fijados por huellas inicial/final.","8bd3a38637e76b9a75a1dc9b8a1fcb25bf1da12bd0ab4db1b88ecf0408846b55","cc7800b2f78f8c9155dbe3e8b963c192a2bbe5b6ec464f0a8634367153fd4555"
"DA-01483","B","1484","1441","familias de señalización preanimales","familias de señalización preanimales","PRESENTE","PRESENTE","ACTUALIZADA","Fila final emparejada por identidad de dominio; cambios fijados por huellas inicial/final.","9db12550b4d95e92a28ef7d0f8ea37385b8730268ab02170505632894ae44fa6","2117966d1973d10cdcab3b58998f15c097fd9a5ac661da9db483297730c0842b"
"DA-01484","B","1485","1442","origen antiguo con evolución mosaico","origen antiguo con evolución mosaico","PRESENTE","PRESENTE","ACTUALIZADA","Fila final emparejada por identidad de dominio; cambios fijados por huellas inicial/final.","a88cf94706eeb481a836b104aa97bc3e839d097749b66798316bbbae2f4d865d","bc96443b9d9427cc08e5c66aafdf111270abfc0f46441cdd592cb452058e319b"
"DA-01485","B","1486","1443","tallo de Metazoa","tallo de Metazoa","PRESENTE","PRESENTE","ACTUALIZADA","Fila final emparejada por identidad de dominio; cambios fijados por huellas inicial/final.","e3acb00d36e29435467a299a16e66053e8a99a71fcc7ef1bb2f8097153fccd58","e22ba5b825bc3a420cace3e2402b698f414c6cfc1096194dafd826cf2910ea41"
"DA-01486","B","1487","1444","235 dominios clasificados como metazoanos en el análisis","235 dominios clasificados como metazoanos en el análisis","PRESENTE","PRESENTE","ACTUALIZADA","Fila final emparejada por identidad de dominio; cambios fijados por huellas inicial/final.","831cd42136d0eb16b51fdd30703181929f7eacad14144e9648e1d4b193728425","690af8c73e174e340dbf28aacac36f95a24d5acabdacff376b172b4bd8a3f206"
"DA-01487","B","1488","1445","dos Runx sin CBFβ ni motivo WRPY","dos Runx sin CBFβ ni motivo WRPY","PRESENTE","PRESENTE","ACTUALIZADA","Fila final emparejada por identidad de dominio; cambios fijados por huellas inicial/final.","7ed58a0c2e4d6a2e1ff6609d0f8ad314c7e559841c1b13df443f47d5bd3c7e48","5d3e6a56a16c278178983a9680cde1201647d912a0445a987c3c61ca86a6d17d"
"DA-01488","B","1489","1446","tres genes T-box","tres genes T-box","PRESENTE","PRESENTE","ACTUALIZADA","Fila final emparejada por identidad de dominio; cambios fijados por huellas inicial/final.","b9028a4d4b4c1bd558f70412012f4a8f49c51b1a72a1ca7f245b0cb86f049aa5","98c98b19efe8f408dfc8d510913dbf66490493ada09ef4db47c7526fc2ce908b"
"DA-01489","B","1490","1447","T-box de Capsaspora owczarzaki","T-box de Capsaspora owczarzaki","PRESENTE","PRESENTE","ACTUALIZADA","Fila final emparejada por identidad de dominio; cambios fijados por huellas inicial/final.","cd64610b74bf4b76367e87253fef65e35f5f26fd8171cd44919a646dc971807d","51946b680aa8922df1f2470cd53124c25e2d8f04c147b958979d682834df463b"
"DA-01490","B","1491","1448","Brachyury con bootstrap 50%","Brachyury con bootstrap 50%","PRESENTE","PRESENTE","ACTUALIZADA","Fila final emparejada por identidad de dominio; cambios fijados por huellas inicial/final.","173bdb7adf54fa8c07b654fc187013801f07e092ce08774655d8b6ef65d460b1","732aef8f0f65bd04fc2fb0a7ff3a831980cbb37b66495e69e85cf302c8d8177b"
"DA-01491","B","1492","1449","Brachyury","Brachyury","PRESENTE","PRESENTE","ACTUALIZADA","Fila final emparejada por identidad de dominio; cambios fijados por huellas inicial/final.","25ee5cc8ea4af76aa57133b38916ee4b761bcd32ef4857b79d512ebb98b02ee5","79a65a3ddf98dd6d1b77f2c979172c6f3545d9eae0a0f3ae475d04e7957b7328"
"DA-01492","B","1493","1450","origen premetazoano y unión a ADN conservada","origen premetazoano y unión a ADN conservada","PRESENTE","PRESENTE","ACTUALIZADA","Fila final emparejada por identidad de dominio; cambios fijados por huellas inicial/final.","402bccee33e07e512333c3cb0b69e7439184eb2d38155ad765545564c6d69a8a","b1e7f2d50da606622667a9ac6a8384ca4b3310ae84e1b1d8cb5b2657dc75f999"
"DA-01493","B","1494","1451","Myc y Max","Myc y Max","PRESENTE","PRESENTE","ACTUALIZADA","Fila final emparejada por identidad de dominio; cambios fijados por huellas inicial/final.","8d0b3b9a94cc8738f35d6857a961f0d98aef537de8ce3c01d7e43495ec5a68bd","4690f78cc70e8d4b6aa6739b7d1c785bd2d4c5095b855350c76aca9eb70b1330"
"DA-01494","B","1495","1452","repertorio preanimal de regulación","repertorio preanimal de regulación","PRESENTE","PRESENTE","ACTUALIZADA","Fila final emparejada por identidad de dominio; cambios fijados por huellas inicial/final.","3c807ea7d90a8cd014d52dc0ea728c2cae60793bc121685fe31162335a3132e7","80891646459217c9a9439727ad16faf4dcd30380677408d2b7ae553ac4a39cea"
"DA-01495","B","1496","1453","Myc–Max de Monosiga brevicollis","Myc–Max de Monosiga brevicollis","PRESENTE","PRESENTE","ACTUALIZADA","Fila final emparejada por identidad de dominio; cambios fijados por huellas inicial/final.","8f29a491dc92c93ec6222c1a1dbd8024d5f211dff5af91e85806170f0400d3de","a360f45e32446a83b208f30a76bfb8b0eec71e381be4926dcde363c3d09b019e"
"DA-01496","B","1497","1454","heterodimerización y unión a E-box","heterodimerización y unión a E-box","PRESENTE","PRESENTE","ACTUALIZADA","Fila final emparejada por identidad de dominio; cambios fijados por huellas inicial/final.","ae4b1bda86aa21aae2c3c36e20c69869e286bdb01f96b9179e6b68307fbe458e","916595dfee3099b98eed7444a044d7b63ce4678bcf3933b0fc2f50cdd32ee43d"
"DA-01497","B","1498","1455","familias de homeodominio preanimales","familias de homeodominio preanimales","PRESENTE","PRESENTE","ACTUALIZADA","Fila final emparejada por identidad de dominio; cambios fijados por huellas inicial/final.","7349b5634c0e308ad06215cc9fcd3ac269b765268620aa39888bfcf354e03d1a","4cbb5e3db0d1d4020301bb88ee64ddd6d71f2fcc4613ea7a856d986a2fa2e258"
"DA-01498","B","1499","1456","distribución mosaico","distribución mosaico","PRESENTE","PRESENTE","ACTUALIZADA","Fila final emparejada por identidad de dominio; cambios fijados por huellas inicial/final.","fdb0da234bd5b7f0801385c3f289c0517feea1d993bcc99ff8c7ffccd31480b9","674f3cd654f3b0cb101d8de90f203ff83eb4537d4e7d74d8172c58510873e1f6"
"DA-01499","B","1500","1457","p53/p63/p73 y Runx","p53/p63/p73 y Runx","PRESENTE","PRESENTE","ACTUALIZADA","Fila final emparejada por identidad de dominio; cambios fijados por huellas inicial/final.","3449fc3350772889558af4ed4a1a4d7be3d9fcb91d9f8b2b062977f552ae81c7","35404ae005b4d9e0684fedbb8b2282c0f165407a94bba251e6969e338018cc09"
"DA-01500","B","1501","1458","ascendencia premetazoana inferida","ascendencia premetazoana inferida","PRESENTE","PRESENTE","ACTUALIZADA","Fila final emparejada por identidad de dominio; cambios fijados por huellas inicial/final.","2b506f3aa1923f6c7730396beb62dcccbbca21849955eb5dec8e36bb0ac02c35","d8f267b22dc2eb8fcf2396fc9e651445191fa8d21fc780c41d063e9d2bb07ca0"
"DA-01501","B","1502","1459","factor de transcripción preanimal","factor de transcripción preanimal","PRESENTE","PRESENTE","ACTUALIZADA","Fila final emparejada por identidad de dominio; cambios fijados por huellas inicial/final.","781b1e744e3c11ec93b4ec97c39fac7453250d74887582993006c3aab7e62cdb","76e9b1d64335e7bf59de72f96daaaec563007afe75717f6750215ba5e5b54ed5"
"DA-01502","B","1503","1460","regulación espacial de tipos celulares","regulación espacial de tipos celulares","PRESENTE","PRESENTE","ACTUALIZADA","Fila final emparejada por identidad de dominio; cambios fijados por huellas inicial/final.","7c6cfd1cb6d394d73f64bc66b7b7c41c49466c8d8283b599a156a10d847aab89","80c704f6126644157ac1041ffc04d1a1d1ec961fa2e21085fdcec34726e0ff26"
"DA-01503","B","1504","1461","programas transcriptómicos dependientes del estadio","programas transcriptómicos dependientes del estadio","PRESENTE","PRESENTE","ACTUALIZADA","Fila final emparejada por identidad de dominio; cambios fijados por huellas inicial/final.","bb03c8bbcdce0c2a3d38bbdb331e52b4a3493b6cf1af80f2894c2686284cb9ef","95b4913647f21d02c34c0069552c6c5edb8a53ea83027b19c6af005c798b33bf"
"DA-01504","B","1505","1462","regulación dinámica de cromatina","regulación dinámica de cromatina","PRESENTE","PRESENTE","ACTUALIZADA","Fila final emparejada por identidad de dominio; cambios fijados por huellas inicial/final.","05e4985f195194486612b246580ee3399350c3189a26b568553b1618cd43f2f6","f102b3bcef8840e0d2e90be13d3bcd7d66ea1028b8341f2b508ec39d1a88efc0"
"DA-01505","B","1506","1463","genes preanimales de adhesión y señalización","genes preanimales de adhesión y señalización","PRESENTE","PRESENTE","ACTUALIZADA","Fila final emparejada por identidad de dominio; cambios fijados por huellas inicial/final.","9326af4aca7d65c2a0d78cbefc75c1535e53441401338876e9110e795e0572d5","605429849bf91a7347dcacbe629e63718b6819896dae310250edb4be5a10cbed"
"DA-01506","B","1507","1464","expresión diferencial temporal","expresión diferencial temporal","PRESENTE","PRESENTE","ACTUALIZADA","Fila final emparejada por identidad de dominio; cambios fijados por huellas inicial/final.","a94a7071b8d216d6f0203296f25ace5db35342b7ed09cdd303e2e668da250a53","72c96aa7e82fd667fa4bcb309169c8ee6354f9b58c782b7580de2e35dbf904a0"
"DA-01507","B","1508","1465","cooptación de programas de ciclo vital","cooptación de programas de ciclo vital","PRESENTE","PRESENTE","ACTUALIZADA","Fila final emparejada por identidad de dominio; cambios fijados por huellas inicial/final.","19dcd60edf3adf4091ae9912aca4d69bdf5139fd4e9ad67be8e2cf95b22180f9","a20541fb9277435a55e68886a8fea306d398d33689948619d5757cfdf0ae346c"
"DA-01508","B","1509","1466","expresión diferencial en Capsaspora","expresión diferencial en Capsaspora","PRESENTE","PRESENTE","ACTUALIZADA","Fila final emparejada por identidad de dominio; cambios fijados por huellas inicial/final.","8751197c3a96f9ef12e5e8d923763fa4372ea252c43839bbdbb551e00ec7f7f8","f39c688d5f010fafdd380d654d3cb5fb5caed28675be7a24302f8b35f6720502"
"DA-01509","B","1510","1467","4,884 genes diferencialmente expresados","4,884 genes diferencialmente expresados","PRESENTE","PRESENTE","ACTUALIZADA","Fila final emparejada por identidad de dominio; cambios fijados por huellas inicial/final.","7c1beb6164236bb2837438b7745d40a80add12b01926888d45490780bd33e5aa","31410696360ca7071ab957fd015543b5b88e7b750bfba4409c61916f2e2e2f0a"
"DA-01510","B","1511","1468","521 homólogos: 68 adhesión, 400 señalización y 53 regulación","521 homólogos: 68 adhesión, 400 señalización y 53 regulación","PRESENTE","PRESENTE","ACTUALIZADA","Fila final emparejada por identidad de dominio; cambios fijados por huellas inicial/final.","8651fe85342e16c2e59691a955ec78463b846359d1575749e4b71b0a1625fff7","3e8ef5aa4c66f60c7b8658c8b196aa2baffcbb157bc7063ecebb6ddda081a7f3"
"DA-01511","B","1512","1469","332 homólogos con cambio significativo","332 homólogos con cambio significativo","PRESENTE","PRESENTE","ACTUALIZADA","Fila final emparejada por identidad de dominio; cambios fijados por huellas inicial/final.","6905a2bfbc3a6ac71f44658363288a423f1e6eaa96efa55e506be3dd557de234","e9e9d85c417c3d7683fbe08395c23f317c1749be77531df3019c12458bfcb058"
"DA-01512","B","1513","1470","agregación filasterea","agregación filasterea","PRESENTE","PRESENTE","ACTUALIZADA","Fila final emparejada por identidad de dominio; cambios fijados por huellas inicial/final.","4507d3102fb9b125dd10317c8e4dfad6c5ea77805eac1232714acd5fdefa8f50","33089e76d9a1eaf758fae7016450a77b1946a9d27a0f53381cb0608d5b7e90f9"
"DA-01513","B","1514","1471","despliegue regulado de repertorios preanimales","despliegue regulado de repertorios preanimales","PRESENTE","PRESENTE","ACTUALIZADA","Fila final emparejada por identidad de dominio; cambios fijados por huellas inicial/final.","cf13f32e61ec847947610cc7b48c8e33020fa4bd3555c5401f86b0980e0a8435","af950d1af990aecadbffedf9cf6be39cce2a849d0b7e4a2351901156e2b9cd48"
"DA-01514","B","1515","1472","ancestro común de Filozoa","ancestro común de Filozoa","PRESENTE","PRESENTE","ACTUALIZADA","Fila final emparejada por identidad de dominio; cambios fijados por huellas inicial/final.","e489f734d17519e2700018da3bdde24fdc760cfade1a9253de247834131ce72c","62f4b16a6b11622bcca122c16445d19571679f799b1d526da947e13ea9e193e2"
"DA-01515","B","1516","1473","coste comparado de rutas de multicelularidad","coste comparado de rutas de multicelularidad","PRESENTE","PRESENTE","ACTUALIZADA","Fila final emparejada por identidad de dominio; cambios fijados por huellas inicial/final.","3f5e793e8122758470aac15e4235d86dffbc20fbb2742ae72bc7c58a734954ae","244599ed841824c398869d4238ebaad2abd3d70b10e72d76a7d6b7dc062ce94d"
"DA-01516","B","1517","1474","Capsaspora y tipos celulares animales","Capsaspora y tipos celulares animales","PRESENTE","PRESENTE","ACTUALIZADA","Fila final emparejada por identidad de dominio; cambios fijados por huellas inicial/final.","c0245453bd54e0dc4725ce0ed4d9ab2ad0cf07126feb3d7fcedcb602835c4250","1c52174c36f82fd2eb8366065d9d95bd0fd562c10901538edba4168fe6284a23"
"DA-01517","B","1518","1475","correspondencia uno a uno no demostrada","correspondencia uno a uno no demostrada","PRESENTE","PRESENTE","ACTUALIZADA","Fila final emparejada por identidad de dominio; cambios fijados por huellas inicial/final.","1a99e980475d44df0a2651c4e902b75272a1e9a1083fe02b8260e16db0bf3f65","7b11a5f05af530f56d674b6ae248dad4c2f8eda30a1edd2525acdad41deca38c"
"DA-01518","B","1519","1476","ausencia de familia génica en un holozoo unicelular","ausencia de familia génica en un holozoo unicelular","PRESENTE","PRESENTE","ACTUALIZADA","Fila final emparejada por identidad de dominio; cambios fijados por huellas inicial/final.","8e1c1607a0453ce70500163698cd05349eb10e19854993f964ca9359aa30807e","33d693190bcf3f671b009efa986f4ca96bb228a1fc1b8f55a9c3df02d41af9b5"
"DA-01519","B","1520","1477","origen posterior de la familia","origen posterior de la familia","PRESENTE","PRESENTE","ACTUALIZADA","Fila final emparejada por identidad de dominio; cambios fijados por huellas inicial/final.","8218d40848593c835b9c8c202b30e7b57a0f48b010250ba0d0b125a9843b4b99","6d4eadc56e89ce4594c53044fcf3d74207868b2ca82adeb8ebc74b038e9a3391"
"DA-01520","B","1521","1478","orígenes independientes de multicelularidad","orígenes independientes de multicelularidad","PRESENTE","PRESENTE","ACTUALIZADA","Fila final emparejada por identidad de dominio; cambios fijados por huellas inicial/final.","536202330a2af9b1240b51190ef6883f401e4726fa9b98a1b160e5c5c8efd5f7","ef3be6b6b5a02ac3345779a9ab6b3e4e665889e934b1a108ef006341dfcce9d9"
"DA-01521","B","1522","1479","rapidez experimental y tiempo macroevolutivo","rapidez experimental y tiempo macroevolutivo","PRESENTE","PRESENTE","ACTUALIZADA","Fila final emparejada por identidad de dominio; cambios fijados por huellas inicial/final.","7aa3e88f9e4aa14e7e8804ff998cf027862b03eac01b4579dbdc2a16e1744c05","49aa46818a77669fec0d89be1b036f91c0906cbc67da488c4380f6c35d57b107"
"DA-01522","B","1523","1480","escalas temporales","escalas temporales","PRESENTE","PRESENTE","ACTUALIZADA","Fila final emparejada por identidad de dominio; cambios fijados por huellas inicial/final.","afb1db07ff1c391c1118aa44df1a38ce062a46e27abab3ce4d154fb619580e53","189a266d5869077a1d3cc3b19d403790332aaf75b68be9a7009f64b981660f31"
"DA-01523","B","1524","1481","punto de Pasteur","punto de Pasteur","PRESENTE","PRESENTE","ACTUALIZADA","Fila final emparejada por identidad de dominio; cambios fijados por huellas inicial/final.","65097f56ca6a249936d1ae2cd2480206a0a7e14976e1620891a9bcf9d47b9892","bbb51feb0baaa8cff2088ae823526bf27321be87be4db7b532904bb12c223448"
"DA-01524","B","1525","1482","glaciaciones huronianas","glaciaciones huronianas","PRESENTE","PRESENTE","ACTUALIZADA","Fila final emparejada por identidad de dominio; cambios fijados por huellas inicial/final.","066003fb6bceb7efd67cb9c57c6332870134e0a8842beba4e283782929ead377","00fe69198c6cc8d377eae845c7699c13ec984b8c70828a1ba5b463b951fdf1d8"
"DA-01525","B","1526","1483","excursión Shuram","excursión Shuram","PRESENTE","PRESENTE","ACTUALIZADA","Fila final emparejada por identidad de dominio; cambios fijados por huellas inicial/final.","651e791743681a3cdb68a3bee7b78a410c148fd7884e686e90d07488b2d61795","283fac2f915e50e2a2545e9d1494cb9b81726306908f2fd41c7996073d08c2d8"
"DA-01526","B","1527","1484","Abeoforma whisleri","Abeoforma whisleri","PRESENTE","PRESENTE","ACTUALIZADA","Fila final emparejada por identidad de dominio; cambios fijados por huellas inicial/final.","7f9e5e4e3d72a98121d62abc3ca89c86a1ffc735a203ab00bf2e31a38ee12375","6cb94b4601210caa8271c43b6d214eab77a8dd9146299799850120edb350618a"
"DA-01527","B","1528","1485","Pirum gemmata","Pirum gemmata","PRESENTE","PRESENTE","ACTUALIZADA","Fila final emparejada por identidad de dominio; cambios fijados por huellas inicial/final.","e3aa91829e0483e40bb30581f9e5df839d9ec4b297e93995a41bf710132ce5c2","ac1a9c69872560505c00be37370ff9bed6908be7b6d12995904953b57319dd33"
"DA-01528","B","1529","1486","Ichthyophonus","Ichthyophonus","PRESENTE","PRESENTE","ACTUALIZADA","Fila final emparejada por identidad de dominio; cambios fijados por huellas inicial/final.","e2d85522e14917c4131237403eb6ea51f1abab17c4bb6b9696a44195ae922e49","8322c96c4934f36820f4f1f9cc76fe3447a7228f295e6446a121055cdc0cd9db"
"DA-01529","B","1530","NO_APLICA","Corallochytrium limacisporum","NO_APLICA","PRESENTE","RETIRADA","RETIRADA","Instantánea externa y linaje de auditoría; retirada o consolidada sin reasignar silenciosamente la fila.","3657816bc3661ab871a9ce408b90258ffde509dd2b4ce5284df0deddcacbf15e","NO_APLICA"
"DA-01530","B","1531","NO_APLICA","Thecamonas trahens","NO_APLICA","PRESENTE","RETIRADA","RETIRADA","Instantánea externa y linaje de auditoría; retirada o consolidada sin reasignar silenciosamente la fila.","5a626d817446709e31247d686e0dee9b3d5cae758e8dd658852555c91bf6b5e0","NO_APLICA"
"DA-01531","B","1532","1487","Breviata anathema","Breviata anathema","PRESENTE","PRESENTE","ACTUALIZADA","Fila final emparejada por identidad de dominio; cambios fijados por huellas inicial/final.","40b305dc9f1d0433f16d85ed3cbe8dfc4ca3569869f052db5e8fab7b0cc6fc58","9a4eeaa6bf2911e4846d62fb2212e7a8dde5a33c125126e1a19c00a3d2e85c8e"
"DA-01532","B","1533","1488","Nuclearia delicatula","Nuclearia delicatula","PRESENTE","PRESENTE","ACTUALIZADA","Fila final emparejada por identidad de dominio; cambios fijados por huellas inicial/final.","96bad55e7c2c81fa6425af4f2257e0b6deb4ddef8fc338ae3a1bfac4ef9e74c5","2f4dd01000de70c1f1b94370c5fb0c26bd041e4e26a2b19cb54768752ee80587"
"DA-01533","B","1534","1489","Rhizophydium planktonicum","Rhizophydium planktonicum","PRESENTE","PRESENTE","ACTUALIZADA","Fila final emparejada por identidad de dominio; cambios fijados por huellas inicial/final.","8631f2093927f21b73cda6f65d33bf68d19141228c7cd02062afa35a2125d4e3","cf83c35e8b7b1d30926c4bca33c8e5c20baefc0b04d5c632df2931b21a824472"
"DA-01534","B","1535","1490","Entamoeba histolytica","Entamoeba histolytica","PRESENTE","PRESENTE","ACTUALIZADA","Fila final emparejada por identidad de dominio; cambios fijados por huellas inicial/final.","a21aa84b49aff82725be08d783f30720630949e26170bfe746d36861830a2ae8","f4fd6cae385168bc869d0c31b60166b182e4341e46b35e6c78491216a7d085c2"
"DA-01535","B","1536","1491","Pelomyxa","Pelomyxa","PRESENTE","PRESENTE","ACTUALIZADA","Fila final emparejada por identidad de dominio; cambios fijados por huellas inicial/final.","0a69262cb15c43b0a43fa198ad1c4b2de457548d16871d91b4659c634425f0ad","8fe5cdbdc6ea508a62b0c527d356027d689f92e99b0c3fd7ac6a63ed520c5c9d"
"DA-01536","B","1537","1492","Mastigamoeba balamuthi","Mastigamoeba balamuthi","PRESENTE","PRESENTE","ACTUALIZADA","Fila final emparejada por identidad de dominio; cambios fijados por huellas inicial/final.","c297dd2bd599818714a021533664ad91daa0efcdeecc23dc3382588412f48db5","b2971fe85b71182dcbf7e0f14b3f586244e346c79cccb701c7ba937229e2462b"
"DA-01537","B","NO_APLICA","372","NO_APLICA","afirmación C-1015","AUSENTE","PRESENTE","ALTA","Fila nueva del apéndice final; huella final fijada.","NO_APLICA","ca626fa8d69e04b1c39a9c8e3ee6bbffc6f3d8207b28985dae68de48679ba726"
"DA-01538","B","NO_APLICA","666","NO_APLICA","afirmación C-1195","AUSENTE","PRESENTE","ALTA","Fila nueva del apéndice final; huella final fijada.","NO_APLICA","3a8d5f915c63f491d48c426cab9edc04121eceffbf244b54b9dfcf1a57bda21f"
"DA-01539","C","2","2","E01","E01","PRESENTE","PRESENTE","ACTUALIZADA","Fila final emparejada por identidad de dominio; cambios fijados por huellas inicial/final.","3b7cd5576838aa99ef22916e24884e072aed8bd394b6a90a9da6b2f37efedfea","51b97c5122e9d0ab30de59562cb2b589144bcdcc9330763348d3bde5a097febd"
"DA-01540","C","3","3","E02","E02","PRESENTE","PRESENTE","ACTUALIZADA","Fila final emparejada por identidad de dominio; cambios fijados por huellas inicial/final.","909d7fce6b3017ff185f7f545b3a688982f392be50e97b9be9a3a20b21af6464","fef119b79915e005589b79130282a8e0465e6d1fc691f123083673d308b9f727"
"DA-01541","C","4","4","E03","E03","PRESENTE","PRESENTE","ACTUALIZADA","Fila final emparejada por identidad de dominio; cambios fijados por huellas inicial/final.","89af67d2bbe44eb04e4ce2f94b0c1a46618e8dc951833932d9632a87638e21ed","13c8ccfe08d483669f5d165c5ea1e8270784fc2bbcef6f9c61b9aeca641b023b"
"DA-01542","C","5","5","E04","E04","PRESENTE","PRESENTE","ACTUALIZADA","Fila final emparejada por identidad de dominio; cambios fijados por huellas inicial/final.","cc05f3730c00e35f9fc0110d46085584368949c60559131ef2e1d674c17665d4","9b78da24df99a6d6bb1ab427eab23de54885487da04536a1c79631542dd099c8"
"DA-01543","C","6","6","E05","E05","PRESENTE","PRESENTE","ACTUALIZADA","Fila final emparejada por identidad de dominio; cambios fijados por huellas inicial/final.","764c3cd01e2537d6c26f592b6ef9278913c150e94323204f5cbde9223fa0825f","489c81b14ddfbd357eaf36be895ec2a74d83042d0a4aa6186165a1b5afc666d8"
"DA-01544","C","7","7","E06","E06","PRESENTE","PRESENTE","ACTUALIZADA","Fila final emparejada por identidad de dominio; cambios fijados por huellas inicial/final.","c83f86eef9d2f0428d52edb91e6a46f21d8f46be577d03ecef0dd7a6043b30c3","4b7864e7f4463792b110382843bd496518f4ad8d05228ca7cddb50176b9eacce"
"DA-01545","C","8","8","E07","E07","PRESENTE","PRESENTE","ACTUALIZADA","Fila final emparejada por identidad de dominio; cambios fijados por huellas inicial/final.","2ab80065f360c0d4b76b2a94c0aef282614c7db83bd44c4e96c0882a5395607b","762745cbff2f763b948791e1acebe5236839e637e7f4f8d71383a920ece543d0"
"DA-01546","C","9","9","E08","E08","PRESENTE","PRESENTE","ACTUALIZADA","Fila final emparejada por identidad de dominio; cambios fijados por huellas inicial/final.","3bff8f4ba2aa8794b714010f1a96660ae411cd412afdbd669b3b6e7a5df962db","753ae27dc0a1b5c857dc52b4a1ba157b4119aa0709e34eb89de7a5f0545e96c9"
"DA-01547","C","10","10","E09","E09","PRESENTE","PRESENTE","ACTUALIZADA","Fila final emparejada por identidad de dominio; cambios fijados por huellas inicial/final.","50d546f4ee99bf922ab2b42f0ecc28b6cb60ccdf6c25f189c420f4e0da300ba1","1d55deb047ce99742c7832d33afcba7e21892b295c239550b619afd101003a01"
"DA-01548","C","11","11","E10","E10","PRESENTE","PRESENTE","ACTUALIZADA","Fila final emparejada por identidad de dominio; cambios fijados por huellas inicial/final.","92b8511ac1c5c0109a19cac2184c5e4f004e45abc61ab2cd02f624c963d16287","7f0e784dd9129022076b84b0b7925a4af5f621693d096e33d7bda9916cb9c3dc"
"DA-01549","C","12","12","E11","E11","PRESENTE","PRESENTE","ACTUALIZADA","Fila final emparejada por identidad de dominio; cambios fijados por huellas inicial/final.","e182fed71a136b99e4773efab0986c7bc42b053b52d362a3211d2fb0e7f44349","a6e683e5fbcb9806e1803cfcdaeda9635f05112c95200571508a1445bb678abe"
"DA-01550","C","13","13","E12","E12","PRESENTE","PRESENTE","ACTUALIZADA","Fila final emparejada por identidad de dominio; cambios fijados por huellas inicial/final.","c3f7e16556a428ea020fe18d0478f13812f1f44427c245d35f7696bd97d5767d","306d37a35355b15cf0f84cc7e9cd8b1c4292f681a4ea8fd17c1568404fd0dc4f"
"DA-01551","C","14","14","E13","E13","PRESENTE","PRESENTE","ACTUALIZADA","Fila final emparejada por identidad de dominio; cambios fijados por huellas inicial/final.","0282662272d6afe269a251906fd8ad3d2451ccfbd82ba2d70d96b1c1e85a9541","9a0b200f707858578025c060575c1aafe8f858a694eb6cf6d38e1c4b057dd142"
"DA-01552","C","15","15","E14","E14","PRESENTE","PRESENTE","ACTUALIZADA","Fila final emparejada por identidad de dominio; cambios fijados por huellas inicial/final.","4329f36ca36d7c53ce65445eef547772eff9236ad5c4a6296947935bc79e161b","6b8e15b91199b95aa726c259353cc6534b0c963aed2e8c3e73fa50d2b80b7d40"
"DA-01553","C","16","16","E15","E15","PRESENTE","PRESENTE","ACTUALIZADA","Fila final emparejada por identidad de dominio; cambios fijados por huellas inicial/final.","72da337826457414c1990246b406f5dce380b26af59f666d91ed179ecdd9968a","fc85bd50458ad89172b2f262910914bce574194795d31ebe4dbcac0d00d17b85"
"DA-01554","C","17","17","E16","E16","PRESENTE","PRESENTE","ACTUALIZADA","Fila final emparejada por identidad de dominio; cambios fijados por huellas inicial/final.","a5d22e71b298b2e25368e832f61b20766c1a8a94c0ed99fc629428bccc9720dd","3bf19d8c35f8efddfc578d58c58c289dc71cf19b61c3c1f87eaf8a857a601664"
"DA-01555","C","18","18","E17","E17","PRESENTE","PRESENTE","ACTUALIZADA","Fila final emparejada por identidad de dominio; cambios fijados por huellas inicial/final.","3dafc275813ff6241ba5efb1a87c38f1b821fafcd2c8ea7454b0ac28ff2c2385","fe9139a6fc1aa1fd0ef663587430370fa579181fbd60d54c52e3b9267da7cb46"
"DA-01556","C","19","19","E18","E18","PRESENTE","PRESENTE","ACTUALIZADA","Fila final emparejada por identidad de dominio; cambios fijados por huellas inicial/final.","acc81231d7b150e27aee0d96a878e5568e2c1e1bcdc2fe452adc1e11265fbf9f","4941e7998e668adf4b828623b3f1998f02c0af3aa5fe0ec6a2a24e76f4d89005"
"DA-01557","C","20","20","E19","E19","PRESENTE","PRESENTE","ACTUALIZADA","Fila final emparejada por identidad de dominio; cambios fijados por huellas inicial/final.","5fd39decbdb12a022b3fe231378c39b87f3a86b97df21fcd31c0646ffb82cbec","c4613067e5a7cb2745d58fc726d01c4d317f76ba271cb81831b82abd851e36e4"
"DA-01558","C","21","21","E20","E20","PRESENTE","PRESENTE","ACTUALIZADA","Fila final emparejada por identidad de dominio; cambios fijados por huellas inicial/final.","d865580bf1da95bfb5bbd7e71066b5c22c12127331ba614b2bb8a0465a6d87a1","2e3af0d410be310b1181a9d23c8018ee5bf18f69e6ef86d0f4b3e3f5df49f599"
"DA-01559","C","22","22","E21","E21","PRESENTE","PRESENTE","ACTUALIZADA","Fila final emparejada por identidad de dominio; cambios fijados por huellas inicial/final.","4ec79309064080f62453fffa2aedd6ade218fa75e5513b4c6a9da2627ecffbb8","948086e92ccff35a0dab3db6646bfde69bd649b0f3a2aa81d2470b6fba32d8af"
"DA-01560","C","23","23","E22","E22","PRESENTE","PRESENTE","ACTUALIZADA","Fila final emparejada por identidad de dominio; cambios fijados por huellas inicial/final.","51b44d80ecf133ded53cbd4c178762902cd4a29ea88219df6cb946e45c99ca9e","4480ac526125a5028b5cfaf5a91c2ee13def0baebda519084fc79d9f049b6825"
"DA-01561","C","24","24","E23","E23","PRESENTE","PRESENTE","ACTUALIZADA","Fila final emparejada por identidad de dominio; cambios fijados por huellas inicial/final.","41b1a1af5e2df6e6dab01effa81ddd83b2d95bb3d62def7665a281a24424f6d8","c67a50e1e72ed684642f0bad65f58bf85da5e4f7b40050665421d018ea0e0fb5"
"DA-01562","C","25","25","E24","E24","PRESENTE","PRESENTE","ACTUALIZADA","Fila final emparejada por identidad de dominio; cambios fijados por huellas inicial/final.","1abdac49e1dbd3a7cc4d721ddc2691e9828a1d0d93809e00c492d132ad12e866","e7af6f2db432afa5cf0cd94fddcb35515aebde512ee55bb02039cff7fe004eeb"
"DA-01563","C","26","26","E25","E25","PRESENTE","PRESENTE","ACTUALIZADA","Fila final emparejada por identidad de dominio; cambios fijados por huellas inicial/final.","49c914ef7a743a95141c59476105e306aa1525010254820b49eb0ae05b977a9d","d81b938aef9d3ed0ec428428cdb3c339dcd138ec61f308674ed52e36fbbb71d2"
"DA-01564","C","27","27","E26","E26","PRESENTE","PRESENTE","ACTUALIZADA","Fila final emparejada por identidad de dominio; cambios fijados por huellas inicial/final.","d78a47df1e81c70154848b399c25ca6f174974a7b887c722f9832dbf5f349ce8","af154bd9a114296048199ae524dda3c508fef4d51785c717ee46cec1c4678cbd"
"DA-01565","C","28","28","E27","E27","PRESENTE","PRESENTE","ACTUALIZADA","Fila final emparejada por identidad de dominio; cambios fijados por huellas inicial/final.","e40246460b2c71d8816e79cc0884b603f79d97459507292e9f3432faaad84789","482084118b71880d1fb5f23f884058f8a170f6bef224e54e48a83701dd12035b"
"DA-01566","C","29","29","E28","E28","PRESENTE","PRESENTE","ACTUALIZADA","Fila final emparejada por identidad de dominio; cambios fijados por huellas inicial/final.","0178f390bd2a60cdff1d31909ad9e909a0ee056bcf30cc84cf71116fa5f1ba18","f5feed99be53cf08b57bff67b9621b90c6b0fc72eb4d34d1232af41ce6bb3e1f"
"DA-01567","C","30","30","E29","E29","PRESENTE","PRESENTE","ACTUALIZADA","Fila final emparejada por identidad de dominio; cambios fijados por huellas inicial/final.","386f9f8fad576fe1aee116c84df4205cd4946ceba7286f81b4b33097f65c7bfb","440a455372e3d8174cb96221f71958447993bb0f70c6ad1c291fb711450a231c"
"DA-01568","C","31","31","E30","E30","PRESENTE","PRESENTE","ACTUALIZADA","Fila final emparejada por identidad de dominio; cambios fijados por huellas inicial/final.","618457347baee32810e56667abd9c049be50f0a6c0c2ea757ff79109595cd7e2","1ca7d32e0fd2135642e9af0da72fd99fd90a7fddcc82eb88b84235010a3c7786"
"DA-01569","C","32","32","E31","E31","PRESENTE","PRESENTE","ACTUALIZADA","Fila final emparejada por identidad de dominio; cambios fijados por huellas inicial/final.","e854a1918d48e2fa1a2e8367a8b0f2ac4ffc6d232d90c3f7d9a8c9a6a325a7d6","95462ec6e46ccb108151de9a7fa5fc44419503c85263b0ec333e79c8796f9632"
"DA-01570","C","33","33","E32","E32","PRESENTE","PRESENTE","ACTUALIZADA","Fila final emparejada por identidad de dominio; cambios fijados por huellas inicial/final.","21d25be88b83c8f46d8c91f8a10b4d95cfe420397397f76d6a7e047620de9012","7fa36d4b8b399a9dc3d7d10f2085462686e2f82979dc3e095bf27078d713df2f"
"DA-01571","C","34","34","E33","E33","PRESENTE","PRESENTE","ACTUALIZADA","Fila final emparejada por identidad de dominio; cambios fijados por huellas inicial/final.","1086e98bb5ad6a1224667c1224f25225f3bf63ecf9f53a177df153a390e1da50","427e1941222736bc435a16c0b5487f89c6eff68ebc747647576d5693988587a7"
"DA-01572","C","35","35","E34","E34","PRESENTE","PRESENTE","ACTUALIZADA","Fila final emparejada por identidad de dominio; cambios fijados por huellas inicial/final.","207f09df788dc15e3290ffd39e29282ec6aaac9d142bc0f454b57c95c76e116c","e281cbab2716aad16d9a4096632129549d3fbc68ce97c77bfb7c7bff0c528b8a"
"DA-01573","C","36","36","E35","E35","PRESENTE","PRESENTE","ACTUALIZADA","Fila final emparejada por identidad de dominio; cambios fijados por huellas inicial/final.","caccfab7f48029c31964c01b637c2f234baa115273d1090f24be73ce1ddd6f68","01d8efff1c1fedd099d682211ec65cd5910d47575acf2e4563d2a92f70ec9e5b"
"DA-01574","C","37","37","E36","E36","PRESENTE","PRESENTE","ACTUALIZADA","Fila final emparejada por identidad de dominio; cambios fijados por huellas inicial/final.","ee830f10cb5179b06fa1b21b9306c7ec69f8804b1e2b7011312e6965ad247b02","a42018a9d5d31e23ce2de18472736a6ced18fe48bc7f2775854a0cf3a926a913"
"DA-01575","C","38","38","E37","E37","PRESENTE","PRESENTE","ACTUALIZADA","Fila final emparejada por identidad de dominio; cambios fijados por huellas inicial/final.","dd1f5df9eab21231ddc3095ec984d24de4343c101b9ba0f6e7234e7d59ca913f","d91d3c8a7f3aeba6611b9b6c31f3be7f9c9edca8a64360b9a745c57648cee395"
"DA-01576","C","39","39","E38","E38","PRESENTE","PRESENTE","ACTUALIZADA","Fila final emparejada por identidad de dominio; cambios fijados por huellas inicial/final.","8c2fe523e0803a5e07d9a29692b71c989a62fee7c17882c23a214d63b829cdb6","0a55aff66c89395502271b20b40b7a76d97b81fa7484e09f9e60f61eb995e6ea"
"DA-01577","C","40","40","E39","E39","PRESENTE","PRESENTE","ACTUALIZADA","Fila final emparejada por identidad de dominio; cambios fijados por huellas inicial/final.","207bc98e7e4413fc9e51b6a1029e3172925780972a31caeda6076642c65fe447","39838a0d362f9db3e6d17237014fa56824be2cd97da25d578b121ce43353fcde"
"DA-01578","C","41","41","E40","E40","PRESENTE","PRESENTE","ACTUALIZADA","Fila final emparejada por identidad de dominio; cambios fijados por huellas inicial/final.","4b1fce82e3c965b368b28c39438080c24387e1b4cdfec40cc54aded161d4d3fc","2691825ef8e4e657ff97ff02fc58b668c51f08b46c4cfc8a62e50fc49d0ce070"
"DA-01579","C","42","42","E41","E41","PRESENTE","PRESENTE","ACTUALIZADA","Fila final emparejada por identidad de dominio; cambios fijados por huellas inicial/final.","02521784bb154c172fc2941557cd5f9a8373df3969384aef6fa132dd82e32a26","118fdc19ab4bc7db6b81c1c113bc8a93c5b293f84fd3fef650ad1b64825d3bd2"
"DA-01580","C","43","43","E42","E42","PRESENTE","PRESENTE","ACTUALIZADA","Fila final emparejada por identidad de dominio; cambios fijados por huellas inicial/final.","6f0737b696aee627d58ed3d0993b8bc33c514b5a7143e10acf710978a7539f05","16c43f105d916bf0ae9f90d2e92e73c58cc301b3ecf2638587e8665e9d34feda"
"DA-01581","C","44","44","E43","E43","PRESENTE","PRESENTE","ACTUALIZADA","Fila final emparejada por identidad de dominio; cambios fijados por huellas inicial/final.","52cb1acb0bb78f16635a182ea31bd4d4355ffc9acba794179de87b2f2633ca83","77781dd404288d57b8e06c779f7b49a35f9279c8087ac2ceadc8c9b5f59024e8"
"DA-01582","C","45","45","E44","E44","PRESENTE","PRESENTE","ACTUALIZADA","Fila final emparejada por identidad de dominio; cambios fijados por huellas inicial/final.","54de99a8d670412ae2b3ebca473cc30967f7deefad533f09085f4aea2bde7e07","79007d75783593490bcf918f707b0469362f1627a08ab4edf5b05e6c564e179e"
"DA-01583","C","46","46","E45","E45","PRESENTE","PRESENTE","ACTUALIZADA","Fila final emparejada por identidad de dominio; cambios fijados por huellas inicial/final.","8f0e44a1fc1746dc7e321c4e001a65e22d85f57a13e20d9f1a89a55ea75e4ee1","2939ca059856ad6646562a5e48e7c6f98a89787efab8e169a1e65fdf56a31d41"
"DA-01584","C","47","47","E46","E46","PRESENTE","PRESENTE","ACTUALIZADA","Fila final emparejada por identidad de dominio; cambios fijados por huellas inicial/final.","71072823172be3ba78575174ad00dc1ab493dcceb748ae15ed4f4da757c63065","3884424f3caa4124ebcd872499fb585e1f1761dfa2b754c0d954013a4f6ad32e"
"DA-01585","C","48","48","E47","E47","PRESENTE","PRESENTE","ACTUALIZADA","Fila final emparejada por identidad de dominio; cambios fijados por huellas inicial/final.","393e1ef8aa154080c43fb109cbbdcafc5e766f6bcb2a408157ceef1d61a651fe","488b73dce63b470d1b11adfeccdb258c4aefe8c1b9be86f57bf03cd252a244db"
"DA-01586","C","49","49","E48","E48","PRESENTE","PRESENTE","ACTUALIZADA","Fila final emparejada por identidad de dominio; cambios fijados por huellas inicial/final.","728f8a8580d265fb6a6c2ef6413c7bc03db71dff4fb456f404be542365489396","c4e8f5fa7b8278238462eb865f5b4b31799b08175c0cd5d4b229a79f0dec896e"
"DA-01587","C","50","50","E49","E49","PRESENTE","PRESENTE","ACTUALIZADA","Fila final emparejada por identidad de dominio; cambios fijados por huellas inicial/final.","81db12970056cfa859e8b5aed892d5e134138ca5c122fba3253bf478c2ac0673","3509300b30317156ffaa0849273f5db8cc51efc65d3b0dfd12d360b41428a0e9"
"DA-01588","C","51","51","E50","E50","PRESENTE","PRESENTE","ACTUALIZADA","Fila final emparejada por identidad de dominio; cambios fijados por huellas inicial/final.","e5690d74fa3194e7e40aeebbe5b078744cec15013a71a78dc6513502ef6163f3","5c3b7808a9e087f6fc4b28b2ec4f969aa94c53312004ae34cbb1e7e1af2dc8a4"
"DA-01589","C","52","52","E51","E51","PRESENTE","PRESENTE","ACTUALIZADA","Fila final emparejada por identidad de dominio; cambios fijados por huellas inicial/final.","f1cfaf8c8c2edd196305ba04f8f4b80d06fac8950b0a54b52e49cab94661a828","4045d9ccfb05d8ee8f2d94cb88b7977b8f8565eb79eed295da89ba87372743b2"
"DA-01590","C","53","53","E52","E52","PRESENTE","PRESENTE","ACTUALIZADA","Fila final emparejada por identidad de dominio; cambios fijados por huellas inicial/final.","05ec28984b4ac7c0f7577a5e96a6bf28f2a6cee7a5badd3f3d2bcda1f276baae","fd28903380ccdbca012d8e39876115b98333ddefa9993093a9d61d5c678aa2bc"
"DA-01591","C","54","54","E53","E53","PRESENTE","PRESENTE","ACTUALIZADA","Fila final emparejada por identidad de dominio; cambios fijados por huellas inicial/final.","1fb4167b3ab34c9f8180b28d46e73cf3ca13f60c3f2823ca647eb0f0a42822f2","9d9f1b0ca95464c5c08020dbebb9af2234d02acf16cb51cd5b1b8e7e7b3bf5e0"
"DA-01592","C","55","55","E54","E54","PRESENTE","PRESENTE","ACTUALIZADA","Fila final emparejada por identidad de dominio; cambios fijados por huellas inicial/final.","ccbbbcee178b5421502656ff2de24bc558830965b89d4692811d0b7b54d99b28","96217ef081eaacc428124229dd38f756f60849dbdf7423a56641e6c1177e0afe"
"DA-01593","C","56","56","E55","E55","PRESENTE","PRESENTE","ACTUALIZADA","Fila final emparejada por identidad de dominio; cambios fijados por huellas inicial/final.","912b90e9a773d20bd8255ce5e50f3b963248958d0dc50f4b92188ce0bba62819","acbfb6881c2a2b42598a2f280670e36000680c7effe8d3f717bc41c60258d833"
"DA-01594","C","57","57","E56","E56","PRESENTE","PRESENTE","ACTUALIZADA","Fila final emparejada por identidad de dominio; cambios fijados por huellas inicial/final.","08881194646057804b50ee4901749af3997eb6e8b8b83e1e107ad810aa58d429","559c9c8f870d974fc91836c4ff571b7750ec4f5160bd7b609954c9a9500277f2"
"DA-01595","C","58","58","E57","E57","PRESENTE","PRESENTE","ACTUALIZADA","Fila final emparejada por identidad de dominio; cambios fijados por huellas inicial/final.","3a82a74620b036ac57990ef9078065449098f576c0876dcbd91e357c483483f6","c52a85969080c1305463fec75579482c75688ae471829593e95b892f74a6bc3e"
"DA-01596","C","59","59","E58","E58","PRESENTE","PRESENTE","ACTUALIZADA","Fila final emparejada por identidad de dominio; cambios fijados por huellas inicial/final.","81a212c32387431cb9bf68102bc02c9f488f404fd54b20676ed37e4ea48033de","1b0d1183a744cd5df1d0cfe85302e87fc8c33d2691ce7ecdf8017b3356b00aff"
"DA-01597","C","60","60","E59","E59","PRESENTE","PRESENTE","ACTUALIZADA","Fila final emparejada por identidad de dominio; cambios fijados por huellas inicial/final.","75ca0870ab242ac75a649ad821becd01669d0b5701fe4b791275b15ff77eccd9","8f1b94bc82617faed64c9b9068d983c744691a608e17e42deb55105123b6af51"
"DA-01598","C","61","61","E60","E60","PRESENTE","PRESENTE","ACTUALIZADA","Fila final emparejada por identidad de dominio; cambios fijados por huellas inicial/final.","930b918ac7aa4246d5f45c729c2858d9bc0ace856832b9960a34e8366b6fe1fa","68ff5094a1cede89ec9e09affc5e7e961debf4cd5bb80e984f03eadc708298ae"
"DA-01599","C","62","62","E61","E61","PRESENTE","PRESENTE","ACTUALIZADA","Fila final emparejada por identidad de dominio; cambios fijados por huellas inicial/final.","785ecbb648a08c6b1bb86907206d40d4da9e03f8b0721308d9a3e86ecb3bc1e9","12689364ccd6d69154fb6319d6a4d27540b6c3b7c63ddf45bd0733a3bac1e74f"
"DA-01600","C","63","63","E62","E62","PRESENTE","PRESENTE","ACTUALIZADA","Fila final emparejada por identidad de dominio; cambios fijados por huellas inicial/final.","67fa9135baacb6f0930f82e4d720abaabc64d0c87454be0fa302548c227ed236","95eb182387a6b056f2d3e4016d648ead36b350704722b5004b8256e1c24e3945"
"DA-01601","C","64","64","E63","E63","PRESENTE","PRESENTE","ACTUALIZADA","Fila final emparejada por identidad de dominio; cambios fijados por huellas inicial/final.","434014c6988c4366b1b8dcfe41cc537e1481990ba018a386b41f3a9ecfd84e33","937b49e7d83f8497ed2836c057b9090c255c70df6c116179c71fa70fe557490d"
"DA-01602","C","65","65","E64","E64","PRESENTE","PRESENTE","ACTUALIZADA","Fila final emparejada por identidad de dominio; cambios fijados por huellas inicial/final.","42a8d62831b916597db98b47977d68e4a0ca960742e37c582c2f22e68b3fd709","07f730da202694066b1a1bef33275d393f44f0733d96d0f3a36370dcd1c03e53"
"DA-01603","C","66","66","E65","E65","PRESENTE","PRESENTE","ACTUALIZADA","Fila final emparejada por identidad de dominio; cambios fijados por huellas inicial/final.","5967eff8a05ad1c27901b77b4d99d1898b68a9c06549419f9f0732f1099d3123","b081ff040fe12b339b7b5b58096209507a898b402a0111fe8171670d026f0350"
"DA-01604","C","67","67","E66","E66","PRESENTE","PRESENTE","ACTUALIZADA","Fila final emparejada por identidad de dominio; cambios fijados por huellas inicial/final.","1a5f22bc5a5305aaf29ea19f2363e23f4fd538326a3de86bde54ff5ac0ca430b","913ce56efd8c371e432b543a7c070351519c84fe7f4d60b7afdf6d8aed29a9f2"
"DA-01605","C","68","68","E67","E67","PRESENTE","PRESENTE","ACTUALIZADA","Fila final emparejada por identidad de dominio; cambios fijados por huellas inicial/final.","15daa6cb84d36c41ed4c9d121b153f2b30a076717fbd50005a14aacc3b6dba54","9e707e2ed025d40edd57746bafe6239ebdef6f8e6529f71df087c0d802a952b6"
"DA-01606","C","69","69","E68","E68","PRESENTE","PRESENTE","ACTUALIZADA","Fila final emparejada por identidad de dominio; cambios fijados por huellas inicial/final.","eb57bbc53dc0b5451fa146441224794f8dbb89fb8b9e18ddd0088165607ab8d8","8ec07a34f9addef2092d0c27fdb1d804a7391f04d22743232fe514a13a99200b"
"DA-01607","C","70","70","E69","E69","PRESENTE","PRESENTE","ACTUALIZADA","Fila final emparejada por identidad de dominio; cambios fijados por huellas inicial/final.","16c1cf137799a0434fd2b8d6561acb561aef86141fb181037bc4dfcb3c0e6e7a","ec4a8e6cc63211211fe71a75e632a613c657a33da9fe483f21cf22596282b921"
"DA-01608","C","71","71","E70","E70","PRESENTE","PRESENTE","ACTUALIZADA","Fila final emparejada por identidad de dominio; cambios fijados por huellas inicial/final.","deb3f54cfec01b3d27556d0dec0819924f555cbf56594e9b9d97b64731b11f0d","568a7fc28b558344029c8b96970e1a3012001d0d00205f70c13d4c457ad0d973"
"DA-01609","C","72","72","E71","E71","PRESENTE","PRESENTE","ACTUALIZADA","Fila final emparejada por identidad de dominio; cambios fijados por huellas inicial/final.","0cf52b17ac9b8bebb7b45e311671626791deaf12d20573b125956966e552c71f","03f5555edafe4f90b4dbc843e6dd804e18f0caa3ebd634feede475ec60821040"
"DA-01610","C","73","73","E72","E72","PRESENTE","PRESENTE","ACTUALIZADA","Fila final emparejada por identidad de dominio; cambios fijados por huellas inicial/final.","612e28a9b2668d4cdb551d6adf46695b60aa5e63dce50eee9bbee6dacb623d4a","b763bcaac7edb561d10c417eed1922509d44785f2f75beafcfed84318145848d"
"DA-01611","C","74","74","E73","E73","PRESENTE","PRESENTE","ACTUALIZADA","Fila final emparejada por identidad de dominio; cambios fijados por huellas inicial/final.","ca9d8f2cd71c8c49c9d62aad2b069b7f89c34472896b35cee8263309d76c2ec0","d2b8923e07c79b62480a1e9982b298077a43c02ec565acdba6b3a61a83891e48"
"DA-01612","C","75","75","E74","E74","PRESENTE","PRESENTE","ACTUALIZADA","Fila final emparejada por identidad de dominio; cambios fijados por huellas inicial/final.","ce67b7afe53d4ae568042ab61e9e6e4111dd68625187e771ba6b1c343c119793","ab3178268daa47db9332823fb040daa5e964c7cca0b3bc724b6e5c5ba853a0d5"
"DA-01613","C","76","76","E75","E75","PRESENTE","PRESENTE","ACTUALIZADA","Fila final emparejada por identidad de dominio; cambios fijados por huellas inicial/final.","11dc7072c5fc287c50b53f94cff42af8011019727681b38788940085a6f5197b","381b8195d3731cefd3939f17460fef503eda7c9b86ffbcab1821c830287cee3c"
"DA-01614","C","77","77","E76","E76","PRESENTE","PRESENTE","ACTUALIZADA","Fila final emparejada por identidad de dominio; cambios fijados por huellas inicial/final.","7315b084cb09d1d47cd938cb068e8704c6c022ddf2ca45e909231b2e19022a05","9b7d899248a50cbf5c54967af7ea2ec240395af37199fb2c4fa49e73ac6d71f6"
"DA-01615","C","78","78","E77","E77","PRESENTE","PRESENTE","ACTUALIZADA","Fila final emparejada por identidad de dominio; cambios fijados por huellas inicial/final.","3e34af0b52be05f07d7336e40918ecdbd1d43cad09a169cd6bb8db3cff37249b","eb13e975957c83b82dba6a80bd16bc60caaf0a5e085fd561937bcee6c5657f5b"
"DA-01616","C","79","79","E78","E78","PRESENTE","PRESENTE","ACTUALIZADA","Fila final emparejada por identidad de dominio; cambios fijados por huellas inicial/final.","0e07439a752453cffa7c5507999b811a18a2ceffeca701e41ba7c9097bf126a3","09e8c747a6cbcfc6cf8c9dd099bb506eb37b719501f39461be9caa4708f850ac"
"DA-01617","C","80","80","E79","E79","PRESENTE","PRESENTE","ACTUALIZADA","Fila final emparejada por identidad de dominio; cambios fijados por huellas inicial/final.","e7dcce3d21e9b1562646c371d6fd89263b806a723f1c804440b1f4b5f3af325c","a886cd0196a2635ed8d6c6e154760d254a2f7d14897264511f0e1b409149a603"
"DA-01618","C","81","81","E80","E80","PRESENTE","PRESENTE","ACTUALIZADA","Fila final emparejada por identidad de dominio; cambios fijados por huellas inicial/final.","ed920949b5843d15273e2181cee9bc68b1a32e40e7b5e94ffdd4d5b99859fe8e","340bac5993831c905986986aa2b8f6ffba9709cb8c2969b4600ff2a50b3a1603"
"DA-01619","C","82","82","E81","E81","PRESENTE","PRESENTE","ACTUALIZADA","Fila final emparejada por identidad de dominio; cambios fijados por huellas inicial/final.","89322bd1a0446ff2e1e4fb3ae8e347454a0bfb1f6ec381a3617fe21478075867","5261e9204aeaa782cf3d843e40ebc1bbd3910e9ba986c0685067641326a07902"
"DA-01620","C","83","83","E82","E82","PRESENTE","PRESENTE","ACTUALIZADA","Fila final emparejada por identidad de dominio; cambios fijados por huellas inicial/final.","9ec84ad3984f77428e41c4ffac34efeba7302af5bd2249299479201da912f2db","7d8b0132b4155edb9f9058fea810b2da13786ddaa67dce427e84d9197723c79e"
"DA-01621","C","84","84","E83","E83","PRESENTE","PRESENTE","ACTUALIZADA","Fila final emparejada por identidad de dominio; cambios fijados por huellas inicial/final.","a2774dcf1ab93cce68e25a53489725df2d22bfce55aadc893feaf310231d6cf0","9b528fee2cdf69fbb116a7e752a85093683d372af107807903de48fa76345966"
"DA-01622","C","85","85","E84","E84","PRESENTE","PRESENTE","ACTUALIZADA","Fila final emparejada por identidad de dominio; cambios fijados por huellas inicial/final.","c3a8b3a945adce6a5d5b42c23bd92e4569b786286043102cb2678623a6956858","5cd5b50428f63b53a06a413e04e6e76810dfc80e66e721acb0f1e3a9284ccb65"
"DA-01623","C","86","86","E85","E85","PRESENTE","PRESENTE","ACTUALIZADA","Fila final emparejada por identidad de dominio; cambios fijados por huellas inicial/final.","657be057393be626ba90b404733d8951706609dad828b31e80b0edd4600f62e2","f5a153c595f2847a7fe7a964c00c233ef9d4c500ed6c1ab8abf316f92deae095"
"DA-01624","C","87","87","E86","E86","PRESENTE","PRESENTE","ACTUALIZADA","Fila final emparejada por identidad de dominio; cambios fijados por huellas inicial/final.","c7ffff223fd646d1588788cbc7a6cef771781e3b3d6814d23114d10b7c748745","5d2cd15cbba7f79b6df0883ed9266e0d2bf1289909186fe43f60377708c3069f"
"DA-01625","C","88","88","E87","E87","PRESENTE","PRESENTE","ACTUALIZADA","Fila final emparejada por identidad de dominio; cambios fijados por huellas inicial/final.","a19d8d07e6bd6582af78fa2add6fe9a9e0bc14f38fec710eea464ef1ac7ae5c2","a9bb580895d95c348397536d16837a1376daaeeadd743af5364bbcf215a554a7"
"DA-01626","C","89","89","E88","E88","PRESENTE","PRESENTE","ACTUALIZADA","Fila final emparejada por identidad de dominio; cambios fijados por huellas inicial/final.","d842a7d41bba12490e501570879bbeb134827059d088f4d113235b4f8f539452","94e293645206c2660d9b395b698cb2b216b710cd5c31a53f31f5068c5de96169"
"DA-01627","C","90","90","E89","E89","PRESENTE","PRESENTE","ACTUALIZADA","Fila final emparejada por identidad de dominio; cambios fijados por huellas inicial/final.","bca01cf115f4f0d18d336d3414e805abfb9e7695f1d7569836af88383c251d01","4c0ad135334ee0d1ff30e088cd859e721e4da911290e99e7b938fb77448a72f0"
"DA-01628","C","91","91","E90","E90","PRESENTE","PRESENTE","ACTUALIZADA","Fila final emparejada por identidad de dominio; cambios fijados por huellas inicial/final.","1c96ff74a765f70006b8a8eb6b89201e0fe577b2ef26059ce19eb56ce7aff58b","6b180f42257d40afd95824c17c59d47d0565e28bbce908e528fc50516dd8b873"
"DA-01629","C","92","92","E91","E91","PRESENTE","PRESENTE","ACTUALIZADA","Fila final emparejada por identidad de dominio; cambios fijados por huellas inicial/final.","33f9ed77a1b0374b02f6534c9bb789e25fbd04fecea251a179e9a15feba68cd0","fecb0ae1e0653cb54eacea745a5df19b5fab32efe38eca62ae521c7537606e0f"
"DA-01630","C","93","93","E92","E92","PRESENTE","PRESENTE","ACTUALIZADA","Fila final emparejada por identidad de dominio; cambios fijados por huellas inicial/final.","b4c0a49263fe7f5e5538dc4290aee7531a47818564774bbb2c69f2007e3b149a","81e1fde640fc65db902ed471247da3d72be9e3808f25d734e5db351702173524"
"DA-01631","C","94","94","E93","E93","PRESENTE","PRESENTE","ACTUALIZADA","Fila final emparejada por identidad de dominio; cambios fijados por huellas inicial/final.","515b31b23d0c00af51a81880ef7144ba4e6ccf160baae629e6b3f1ee14e2224f","8279f97f264df1242b7f71db8272bfcf0b2eff554ffc0195af57140f4af151a9"
"DA-01632","C","95","95","E94","E94","PRESENTE","PRESENTE","ACTUALIZADA","Fila final emparejada por identidad de dominio; cambios fijados por huellas inicial/final.","e31f766f45266d00f79a872f89c4dfcc95218c4f54b2335f736bbf01545b03a9","a0b3a4361396d68daf23099f9840c23e22c1ff21f9cfb69a763ca502f05272cf"
"DA-01633","C","96","96","E95","E95","PRESENTE","PRESENTE","ACTUALIZADA","Fila final emparejada por identidad de dominio; cambios fijados por huellas inicial/final.","1b9f34ef597ef2a16796f75967f434aa0fea42a8520f47aa87489351ee28def4","e3156df83a0a3756f825c9408ca070f9f4509ce3fe205084167f59ea1244006b"
"DA-01634","C","97","97","E96","E96","PRESENTE","PRESENTE","ACTUALIZADA","Fila final emparejada por identidad de dominio; cambios fijados por huellas inicial/final.","9181dfb07f5ed9d56530a14361d95dff49dec8d5adf60c5b6cd34648fce8d525","4890dcc8d379583e92b2e64ba4e0e8b6892373432adf67d14aeb6a2b219c304c"
"DA-01635","C","98","98","E97","E97","PRESENTE","PRESENTE","ACTUALIZADA","Fila final emparejada por identidad de dominio; cambios fijados por huellas inicial/final.","a27dd6218ca2fbc23da88d8dd1b56dcce48be47c56be1fa5dad5f37b59be5022","a0c2dea27e1db460bbb5c5648f1850b26c180118285452a5dbcc43b2388180ad"
"DA-01636","C","99","99","E98","E98","PRESENTE","PRESENTE","ACTUALIZADA","Fila final emparejada por identidad de dominio; cambios fijados por huellas inicial/final.","370029409b618b075bd5a150c1dc2911a64efc8e6fc7a93dc6ab2b6265a29470","85bbaaf879216336652a2fab8ae1152714e3333308966b96a56daaa4faba8237"
"DA-01637","C","100","100","E99","E99","PRESENTE","PRESENTE","ACTUALIZADA","Fila final emparejada por identidad de dominio; cambios fijados por huellas inicial/final.","91f7654fc1ff309a376e85d332d7101b5ead2f87866e40db46c44ba377173fb8","a84d13694e369c94ae82117c61710dc85a25b79ddc86dce3bc7d861ac34b4de8"
"DA-01638","C","101","101","E100","E100","PRESENTE","PRESENTE","ACTUALIZADA","Fila final emparejada por identidad de dominio; cambios fijados por huellas inicial/final.","6a671fc7c72d6d347989864e405130cf16f01400db8b82d1cffffcaf750bec0d","25b7426d6ffb4862923055fc282f60ab733e3dec27bdfc1b6a73d3c17f3d4b92"
"DA-01639","C","102","102","E101","E101","PRESENTE","PRESENTE","ACTUALIZADA","Fila final emparejada por identidad de dominio; cambios fijados por huellas inicial/final.","0708f168848268b9d5061a8b6c8d0ac8d3ae20bbe7af94f0e7b05790cc0cdff6","c7a5e7ca3193751135cd94d5cbb1299c05f88e3e6b55caca052e0db935d4f39f"
"DA-01640","C","103","103","E102","E102","PRESENTE","PRESENTE","ACTUALIZADA","Fila final emparejada por identidad de dominio; cambios fijados por huellas inicial/final.","ac27a44d2fc00070619dd07f0bf9cd5e6ab42c3b59f70085c3282c6f1e87a1b1","9ec40dbb6de1d388fe6f60eda34205060bb6c06a0a4812fd3ba1264f0614643f"
"DA-01641","C","104","104","E103","E103","PRESENTE","PRESENTE","ACTUALIZADA","Fila final emparejada por identidad de dominio; cambios fijados por huellas inicial/final.","9058c5496c355d82ffc06ae1d5d587d8ddd7a9543724dc9786f0f412bc95d91f","c989934e9ad064bb43412cf174eee2c6dad7539c76b19afa124c965c90c028e1"
"DA-01642","C","105","105","E104","E104","PRESENTE","PRESENTE","ACTUALIZADA","Fila final emparejada por identidad de dominio; cambios fijados por huellas inicial/final.","5377ab97fae626f07c6b3d169019614c4183ca2403312608281d0cf27b232f3b","36e5cdcfbbcc26e703589eb8ba9c414b571f08859a6fab9d55e48b5d718904da"
"DA-01643","C","106","106","E105","E105","PRESENTE","PRESENTE","ACTUALIZADA","Fila final emparejada por identidad de dominio; cambios fijados por huellas inicial/final.","6a1d5d5d41c831303eec64cf6c16ba4869eeffcbac099eb99e098d6efc7626cf","a0cbc3bddd28f761af801a1402030ce0e6008783ff9838e54594388d92547466"
"DA-01644","C","107","107","E106","E106","PRESENTE","PRESENTE","ACTUALIZADA","Fila final emparejada por identidad de dominio; cambios fijados por huellas inicial/final.","9559d0c02056ab86b53778dcc60b5ceb04eae68041986a23733c8e9d58a028b5","5f05bef0fe77b25e908e3544adefac49eecc39e92d79e98d522eb47c38325199"
"DA-01645","C","108","NO_APLICA","E107","NO_APLICA","PRESENTE","RETIRADA","RETIRADA","Instantánea externa y linaje de auditoría; retirada o consolidada sin reasignar silenciosamente la fila.","e4d5386ea59e18050b6548b24b126a824bf092cb97dd8660c62ea8d7ac9963da","NO_APLICA"
"DA-01646","C","109","NO_APLICA","E108","NO_APLICA","PRESENTE","RETIRADA","RETIRADA","Instantánea externa y linaje de auditoría; retirada o consolidada sin reasignar silenciosamente la fila.","0c8de3163a950a6c0f73fded1e7af02eecef7e0ad589a2e28eae832a7db50eaa","NO_APLICA"
"DA-01647","C","110","108","E109","E109","PRESENTE","PRESENTE","ACTUALIZADA","Fila final emparejada por identidad de dominio; cambios fijados por huellas inicial/final.","465f7a2604cfcd7863a98a85953e7e4c51e13eb486fe251db92deb73e88bbb4f","b16b45102a3d5843ea1f2d656aae210ac134300a8585dac29cbf570f5a181604"
"DA-01648","C","111","109","E110","E110","PRESENTE","PRESENTE","ACTUALIZADA","Fila final emparejada por identidad de dominio; cambios fijados por huellas inicial/final.","82b2ab2fbd3b23546188ac3072488f8e9b4bf2b0d4d4a4acc56b58e6cca82350","8d00219bfaaab6b13964211dbecc4e4df4a713cc039519816f2bf721f904a49f"
"DA-01649","C","112","110","E111","E111","PRESENTE","PRESENTE","ACTUALIZADA","Fila final emparejada por identidad de dominio; cambios fijados por huellas inicial/final.","286eeac53625d4e1c0ea14d9ab739e4ed6b98c0885b2cada222b9aef5c1977b9","89d8c5d428c897382a1e032476a38388c6fded3042c10f531fd0479ec3977af8"
"DA-01650","D","2","2","publicación de Revisions to the Classification, Nomenclature, and Diversity of Eukaryotes","publicación de Revisions to the Classification, Nomenclature, and Diversity of Eukaryotes","PRESENTE","PRESENTE","SIN_CAMBIO","Misma fila final, identidad y contenido conservados.","9801019753f0a7eaaa5a510617394644f0068ee2ba20bdbb2de5cda68c8597ea","9801019753f0a7eaaa5a510617394644f0068ee2ba20bdbb2de5cda68c8597ea"
"DA-01651","D","3","3","publicación de International Chronostratigraphic Chart, version 2026/06","publicación de International Chronostratigraphic Chart, version 2026/06","PRESENTE","PRESENTE","SIN_CAMBIO","Misma fila final, identidad y contenido conservados.","5959afc87ac352d86b8e529c83701d8777ef45640e34db7f30d1d5e4a515274f","5959afc87ac352d86b8e529c83701d8777ef45640e34db7f30d1d5e4a515274f"
"DA-01652","D","4","4","publicación de EukProt: a database of genome-scale predicted proteins across the diversity of eukaryotes","publicación de EukProt: a database of genome-scale predicted proteins across the diversity of eukaryotes","PRESENTE","PRESENTE","SIN_CAMBIO","Misma fila final, identidad y contenido conservados.","98ecc9642cb06499623ef085d1f1e2e5bfa3695b20956a76b4ddace337903aa5","98ecc9642cb06499623ef085d1f1e2e5bfa3695b20956a76b4ddace337903aa5"
"DA-01653","D","5","5","publicación de The Protist Ribosomal Reference database (PR2): a catalog of unicellular eukaryote Small Sub-Unit rRNA sequences with curated taxonomy","publicación de The Protist Ribosomal Reference database (PR2): a catalog of unicellular eukaryote Small Sub-Unit rRNA sequences with curated taxonomy","PRESENTE","PRESENTE","SIN_CAMBIO","Misma fila final, identidad y contenido conservados.","b6c86d5431bcdcf76da976d4fd03f632a4634a21d4733cb25e448167c52b1adb","b6c86d5431bcdcf76da976d4fd03f632a4634a21d4733cb25e448167c52b1adb"
"DA-01654","D","6","6","publicación de UniEuk: Time to Speak a Common Language in Protistology!","publicación de UniEuk: Time to Speak a Common Language in Protistology!","PRESENTE","PRESENTE","SIN_CAMBIO","Misma fila final, identidad y contenido conservados.","19e829a719a5b272f555f6bbba371d4402777a2bec65d7a927a79436d81e73e7","19e829a719a5b272f555f6bbba371d4402777a2bec65d7a927a79436d81e73e7"
"DA-01655","D","7","7","publicación de Towards a natural system of organisms: proposal for the domains Archaea, Bacteria, and Eucarya","publicación de Towards a natural system of organisms: proposal for the domains Archaea, Bacteria, and Eucarya","PRESENTE","PRESENTE","ACTUALIZADA","Fila final emparejada por identidad de dominio; cambios fijados por huellas inicial/final.","76e7026e3d5a7eaaf163abf2bd2491ca46635ab1abb5ea43bba2a98a052a37d5","6055620f14c9a527a0f996247484b88abca1e61934d3357525bcb94f14de8a4e"
"DA-01656","D","8","8","publicación de Eocytes: a new ribosome structure indicates a kingdom with a close relationship to eukaryotes","publicación de Eocytes: a new ribosome structure indicates a kingdom with a close relationship to eukaryotes","PRESENTE","PRESENTE","ACTUALIZADA","Fila final emparejada por identidad de dominio; cambios fijados por huellas inicial/final.","0dc90515ad6fdbf39b573f15065e850545c80760719f0814c26ae0084d45c993","64e91dbc00412886ccc3825508209c4ae4ad2662675767fcc2221946133759ef"
"DA-01657","D","9","9","publicación de The archaebacterial origin of eukaryotes","publicación de The archaebacterial origin of eukaryotes","PRESENTE","PRESENTE","ACTUALIZADA","Fila final emparejada por identidad de dominio; cambios fijados por huellas inicial/final.","500294616bf180f6a553115609e91af96f3b72953abfd9e131330916c604dc39","efc98556515976c06bee3dd410ecb6459e26ba171c8f5f380432c952f4e2a756"
"DA-01658","D","10","10","publicación de An archaeal origin of eukaryotes supports only two primary domains of life","publicación de An archaeal origin of eukaryotes supports only two primary domains of life","PRESENTE","PRESENTE","ACTUALIZADA","Fila final emparejada por identidad de dominio; cambios fijados por huellas inicial/final.","40dbec5075efcf90614958af6415b5dd9725a3b7d82dd8cfab95890367685b89","130f265b6efd68a77eeb0310d04752f16ae5c34e2e90dc9a4d2dbebf2b6576e3"
"DA-01659","D","11","11","publicación de Phylogenomics provides robust support for a two-domains tree of life","publicación de Phylogenomics provides robust support for a two-domains tree of life","PRESENTE","PRESENTE","ACTUALIZADA","Fila final emparejada por identidad de dominio; cambios fijados por huellas inicial/final.","aca3a124c773a07153f03b2a3ccdcd2821f1a94e9a7f11a9f4ef3f9c56d7bbc6","32a68e95210213b865ee12f55fcaad0a07fb7d3f10b6b0d3860ddf71bc66b00e"
"DA-01660","D","12","12","publicación de Lokiarchaea are close relatives of Euryarchaeota, not bridging the gap between prokaryotes and eukaryotes","publicación de Lokiarchaea are close relatives of Euryarchaeota, not bridging the gap between prokaryotes and eukaryotes","PRESENTE","PRESENTE","ACTUALIZADA","Fila final emparejada por identidad de dominio; cambios fijados por huellas inicial/final.","e3258ca182ac74e0f2b480eaa8f7beadad20a280144162ea6564f5e4a0d76e7a","0e1b418e6ff80b72630def4b9c3d4b21ff576856a5074dbfd7a12c7ad69ae44a"
"DA-01661","D","13","13","publicación de Asgard archaea are the closest prokaryotic relatives of eukaryotes","publicación de Asgard archaea are the closest prokaryotic relatives of eukaryotes","PRESENTE","PRESENTE","ACTUALIZADA","Fila final emparejada por identidad de dominio; cambios fijados por huellas inicial/final.","6e79415c9da0215cbd41f140272af6d754420d3035e2061168a613e939d83a40","4f3e1a30396ff158341e9b9e7f65cb9ac523ac9d154e2d4d988f5b8aa3b64abf"
"DA-01662","D","14","14","publicación de Multidomain ribosomal protein trees and the planctobacterial origin of neomura (eukaryotes, archaebacteria)","publicación de Multidomain ribosomal protein trees and the planctobacterial origin of neomura (eukaryotes, archaebacteria)","PRESENTE","PRESENTE","ACTUALIZADA","Fila final emparejada por identidad de dominio; cambios fijados por huellas inicial/final.","cd3d977c66ae2590ea83247e28c33e25ad0bc995ef3ce0f88cebdeb0e1f861ed","257bd742dcd54f98fbf4a537a91f27c401a5680dd543b3ed4a6a4c385f179cb1"
"DA-01663","D","15","15","publicación de A Briefly Argued Case That Asgard Archaea Are Part of the Eukaryote Tree","publicación de A Briefly Argued Case That Asgard Archaea Are Part of the Eukaryote Tree","PRESENTE","PRESENTE","ACTUALIZADA","Fila final emparejada por identidad de dominio; cambios fijados por huellas inicial/final.","af39aae5b27a662cc1e8ec824a82ef3e59865be37e8083231f4a337ff4bfa5c8","88dea1264fb4db4175ecd16b5004cd88da08066fdf60827015afab49ef4c17e2"
"DA-01664","D","16","16","publicación de Bridging the membrane lipid divide: bacteria of the FCB group superphylum have the potential to synthesise archaeal ether lipids","publicación de Bridging the membrane lipid divide: bacteria of the FCB group superphylum have the potential to synthesise archaeal ether lipids","PRESENTE","PRESENTE","ACTUALIZADA","Fila final emparejada por identidad de dominio; cambios fijados por huellas inicial/final.","36e1064fd4e1f951ab2fc54971ef0ddde3342207da7fbe6d868d81c4dbe5d4c7","f31bf2fc84a64c2fc1581b3e2dc09ea3bdbfe592eba10665ad28fd6f3921120e"
"DA-01665","D","17","17","publicación de Converting Escherichia coli into an archaebacterium with a hybrid heterochiral membrane","publicación de Converting Escherichia coli into an archaebacterium with a hybrid heterochiral membrane","PRESENTE","PRESENTE","ACTUALIZADA","Fila final emparejada por identidad de dominio; cambios fijados por huellas inicial/final.","4dde0eeb3454d114a321aca4e17bf94178195536eb8a3c4cd30a71c9caa27357","61469aadf08f6b8672deeb6004b514fcc15820c22a3b09f47034397bfdb2f2c6"
"DA-01666","D","18","18","publicación de A tuneable minimal cell membrane reveals that two lipid species suffice for life","publicación de A tuneable minimal cell membrane reveals that two lipid species suffice for life","PRESENTE","PRESENTE","ACTUALIZADA","Fila final emparejada por identidad de dominio; cambios fijados por huellas inicial/final.","c4ff5c8471c446ef2458315cc229939631efa7358bb71fbdf485d0c0a50277ab","d9d7d61c5e65ab6e0a1784e31927d6854c5a18cd39e054f9a57e6e65fbda3121"
"DA-01667","D","19","19","publicación de Genomic evidence for two functionally distinct gene classes","publicación de Genomic evidence for two functionally distinct gene classes","PRESENTE","PRESENTE","ACTUALIZADA","Fila final emparejada por identidad de dominio; cambios fijados por huellas inicial/final.","e339aefcf178a9b982bc86bf0ee2d843e5edc4cb65888e5550084d2d70f61fd6","2ce99a5695d4bc4047bb71b71c7f6a03ed3ace089ea822c1d9321292236c49aa"
"DA-01668","D","20","20","publicación de Eukaryotic genes of archaebacterial origin are more important than the more numerous eubacterial genes, irrespective of function","publicación de Eukaryotic genes of archaebacterial origin are more important than the more numerous eubacterial genes, irrespective of function","PRESENTE","PRESENTE","ACTUALIZADA","Fila final emparejada por identidad de dominio; cambios fijados por huellas inicial/final.","8ea2e4cb8799657283794bc957739357076ef97a4039c92af5e1eda0aadf44d7","be64e477c1665ff4d0ad9f56e7b9f2533a810087e3566c665e20b5fd835ad2ed"
"DA-01669","D","21","21","publicación de Bacterial Genes Outnumber Archaeal Genes in Eukaryotic Genomes","publicación de Bacterial Genes Outnumber Archaeal Genes in Eukaryotic Genomes","PRESENTE","PRESENTE","ACTUALIZADA","Fila final emparejada por identidad de dominio; cambios fijados por huellas inicial/final.","485555587faf742b2f497385a3ae97ddb8564c75f125b677cc7b7662392bbeeb","08f3c132f5c668be03cd4a202c80dbdddcc0ece8e86bb17ba4c2cf8afe270a77"
"DA-01670","D","22","22","publicación de Dominant contribution of Asgard archaea to eukaryogenesis","publicación de Dominant contribution of Asgard archaea to eukaryogenesis","PRESENTE","PRESENTE","ACTUALIZADA","Fila final emparejada por identidad de dominio; cambios fijados por huellas inicial/final.","c358e1edd743406fd31895b245c20d533f3b46bf51defe0b693067dfaeb9ce71","b735d8716804e4d3546e94b79c8476a1e4c25fcf7c71ef42f1e0100df0b9ab59"
"DA-01671","D","23","23","publicación de Complex archaea that bridge the gap between prokaryotes and eukaryotes","publicación de Complex archaea that bridge the gap between prokaryotes and eukaryotes","PRESENTE","PRESENTE","ACTUALIZADA","Fila final emparejada por identidad de dominio; cambios fijados por huellas inicial/final.","aafb542c74ce9b97538877759eef05f460606a99acb1112b6858f0333cf02e54","8cbed4a52c666bc7424f57957a8a1d35a68cf18fdb94225e8daed9453335ab79"
"DA-01672","D","24","24","publicación de Asgard archaea illuminate the origin of eukaryotic cellular complexity","publicación de Asgard archaea illuminate the origin of eukaryotic cellular complexity","PRESENTE","PRESENTE","ACTUALIZADA","Fila final emparejada por identidad de dominio; cambios fijados por huellas inicial/final.","1d21576bc05e5114fb99db59dbbd439e8e317db29e98a6f50022a446cfe97f68","2c8f430d53505b2fcd4011914e9440aa3668803222864ca05ae0a9fe9ffa0414"
"DA-01673","D","25","25","publicación de Expanded diversity of Asgard archaea and their relationships with eukaryotes","publicación de Expanded diversity of Asgard archaea and their relationships with eukaryotes","PRESENTE","PRESENTE","ACTUALIZADA","Fila final emparejada por identidad de dominio; cambios fijados por huellas inicial/final.","5512648973985abd3b4d7abc0389a31c1950a92d4fdcdf755e231f555779346c","9875befb980145164d38f0efaf4cfee7e768afb4b2b5ddcbdaebb148d03f8f07"
"DA-01674","D","26","26","publicación de Inference and reconstruction of the heimdallarchaeial ancestry of eukaryotes","publicación de Inference and reconstruction of the heimdallarchaeial ancestry of eukaryotes","PRESENTE","PRESENTE","ACTUALIZADA","Fila final emparejada por identidad de dominio; cambios fijados por huellas inicial/final.","7ff06784e43f756c29f2062ede1974f8f416fc3155b9e0b4ce36dd4dfd7363f1","34037dc5d36200624e94d1efa7ef2a45ba5e06015893cc62ede40d0de5af858f"
"DA-01675","D","27","27","publicación de Deep origin of eukaryotes outside Heimdallarchaeia within Asgardarchaeota","publicación de Deep origin of eukaryotes outside Heimdallarchaeia within Asgardarchaeota","PRESENTE","PRESENTE","ACTUALIZADA","Fila final emparejada por identidad de dominio; cambios fijados por huellas inicial/final.","ce46df7c1eaab717dbb3e2b895a867b12227719f22af0e6f36563e9dcc24bb92","ad9297ce48c20dbb1473ae41f24cf12c75e269b414651def022f833a9bc1dba0"
"DA-01676","D","28","28","publicación de Oxygen metabolism in descendants of the archaeal-eukaryotic ancestor","publicación de Oxygen metabolism in descendants of the archaeal-eukaryotic ancestor","PRESENTE","PRESENTE","ACTUALIZADA","Fila final emparejada por identidad de dominio; cambios fijados por huellas inicial/final.","9e8d20af615d62ceebf0385d8b015d6634116950cf133ffc69c049701dc5a001","e36f8e87e814af7d9db74092fe3765749fba3d9d5f4d87f7d786c32061a69de1"
"DA-01677","D","29","29","publicación de Genomic reconstruction of a novel, deeply branched sediment archaeal phylum with pathways for acetogenesis and sulfur reduction","publicación de Genomic reconstruction of a novel, deeply branched sediment archaeal phylum with pathways for acetogenesis and sulfur reduction","PRESENTE","PRESENTE","ACTUALIZADA","Fila final emparejada por identidad de dominio; cambios fijados por huellas inicial/final.","e951ab0ccb0010e24ec4d52d9801896d54fb0e68cf1baa1ee4384cf926fc3b79","cc58409277ce48156cae8cdb878d3b3a4c8b682881878f98d471ad7446f1b02f"
"DA-01678","D","30","30","publicación de Asgard archaea capable of anaerobic hydrocarbon cycling","publicación de Asgard archaea capable of anaerobic hydrocarbon cycling","PRESENTE","PRESENTE","ACTUALIZADA","Fila final emparejada por identidad de dominio; cambios fijados por huellas inicial/final.","4bfbe0db1babf8b892e5c157cfed06c993e1165deb83bfd1bfbac20f37afb2e9","dd51398f3800dd5c5c06b3b77c1d2fb9e1026ec43b26efdf47993817a215ed90"
"DA-01679","D","31","31","publicación de Casting light on Asgardarchaeota metabolism in a sunlit microoxic niche","publicación de Casting light on Asgardarchaeota metabolism in a sunlit microoxic niche","PRESENTE","PRESENTE","ACTUALIZADA","Fila final emparejada por identidad de dominio; cambios fijados por huellas inicial/final.","96eda0b0291a7be5ed4482c322575bcf27b34513c773e6c33f039c85a4b34c53","d8fb84a6d720c98f2efca98eb9887785a5a89712fa7f8a31a58822d65218d692"
"DA-01680","D","32","32","publicación de Diverse Asgard archaea including the novel phylum Gerdarchaeota participate in organic matter degradation","publicación de Diverse Asgard archaea including the novel phylum Gerdarchaeota participate in organic matter degradation","PRESENTE","PRESENTE","ACTUALIZADA","Fila final emparejada por identidad de dominio; cambios fijados por huellas inicial/final.","1115112476bbadab293e101b491193fbcdd83e83566240d0009d2bf973738558","20dd7d744d8ac8b17cc16cfdba8531b9379eda3175f7fb6b2b9ad43c0070c2d9"
"DA-01681","D","33","33","publicación de Sifarchaeota, a Novel Asgard Phylum from Costa Rican Sediment Capable of Polysaccharide Degradation and Anaerobic Methylotrophy","publicación de Sifarchaeota, a Novel Asgard Phylum from Costa Rican Sediment Capable of Polysaccharide Degradation and Anaerobic Methylotrophy","PRESENTE","PRESENTE","ACTUALIZADA","Fila final emparejada por identidad de dominio; cambios fijados por huellas inicial/final.","f3bc515a93126272af5fd610216531a68d7ba5b1f22df516b7448a55487e0781","ec2304ec1f1b9d4e306c19a5b324aa078423929bb0e3d3d240e770ad0a6353b0"
"DA-01682","D","34","34","publicación de Newly discovered Asgard archaea Hermodarchaeota potentially degrade alkanes and aromatics via alkyl/benzyl-succinate synthase and benzoyl-CoA pathway","publicación de Newly discovered Asgard archaea Hermodarchaeota potentially degrade alkanes and aromatics via alkyl/benzyl-succinate synthase and benzoyl-CoA pathway","PRESENTE","PRESENTE","ACTUALIZADA","Fila final emparejada por identidad de dominio; cambios fijados por huellas inicial/final.","ce0dda56b89b135acfa69303a0bc694d3353593656d7bdb45135a8ee770c9193","55fc767b53a408d318bf7bcaf2ffb6a142588ece6fb5e4daf85d2c6528d4113c"
"DA-01683","D","35","35","publicación de Isolation of an archaeon at the prokaryote–eukaryote interface","publicación de Isolation of an archaeon at the prokaryote–eukaryote interface","PRESENTE","PRESENTE","ACTUALIZADA","Fila final emparejada por identidad de dominio; cambios fijados por huellas inicial/final.","49f80e73a35b924674599c0a172e906881a32807cc409b0e6cbc385773175385","9fe60ff32beecfe592b915ad6c48a59f492f50c7530c8fe22f6e385a521b710b"
"DA-01684","D","36","36","publicación de Promethearchaeum syntrophicum gen. nov., sp. nov., an anaerobic, obligately syntrophic archaeon, the first isolate of the lineage ‘Asgard’ archaea, and proposal of the new archaeal phylum Promethearchaeota phyl. nov. and kingdom Promethearchaeati regn. nov.","publicación de Promethearchaeum syntrophicum gen. nov., sp. nov., an anaerobic, obligately syntrophic archaeon, the first isolate of the lineage ‘Asgard’ archaea, and proposal of the new archaeal phylum Promethearchaeota phyl. nov. and kingdom Promethearchaeati regn. nov.","PRESENTE","PRESENTE","ACTUALIZADA","Fila final emparejada por identidad de dominio; cambios fijados por huellas inicial/final.","83cb05b6d4946e29c73ee443ca2b8ce8ca6ea160f55c6a1022caeab3cddab64b","2e28b268b282cb52920e2356247a0a2dd7fdcb61a467ccc5b8131b88b2684ffa"
"DA-01685","D","37","37","publicación de Actin cytoskeleton and complex cell architecture in an Asgard archaeon","publicación de Actin cytoskeleton and complex cell architecture in an Asgard archaeon","PRESENTE","PRESENTE","ACTUALIZADA","Fila final emparejada por identidad de dominio; cambios fijados por huellas inicial/final.","2b2515d1e0f1a802f403e4834a35a119857c7155eebaf2785af8d9d31373eda7","36b86b0da0b4da3aa8870140db2e5142fe0cb1ec24260fd6c34777f2e1d9206d"
"DA-01686","D","38","38","publicación de Peculiar morphology of Asgard archaeal cells close to the prokaryote-eukaryote boundary","publicación de Peculiar morphology of Asgard archaeal cells close to the prokaryote-eukaryote boundary","PRESENTE","PRESENTE","ACTUALIZADA","Fila final emparejada por identidad de dominio; cambios fijados por huellas inicial/final.","ea8fb8709e74061df8486ed5e3e088de3ac89eae6c52d2b8fca6504e1e39cd20","232c33d7a744752078206eef2176cd9fa0a5a3fb90ae9061f2b4f0cac611881e"
"DA-01687","D","39","39","publicación de An Asgard archaeon from a modern analog of ancient microbial mats","publicación de An Asgard archaeon from a modern analog of ancient microbial mats","PRESENTE","PRESENTE","ACTUALIZADA","Fila final emparejada por identidad de dominio; cambios fijados por huellas inicial/final.","46447ef531132d5b65f13f59c384f85736dca681614f45fea766b7e87068f03f","79feb457f52a9cfa2fabe8eb0ae50224f619bf1c8c02110e3cedc62cbd83803e"
"DA-01688","D","40","40","publicación de Genomes of Asgard archaea encode profilins that regulate actin","publicación de Genomes of Asgard archaea encode profilins that regulate actin","PRESENTE","PRESENTE","ACTUALIZADA","Fila final emparejada por identidad de dominio; cambios fijados por huellas inicial/final.","6bb06f670f4e086707438b2fe6db2fd801ab74c59e94424874987ec878139797","d33135ebd688835ec0859fd425322c62c82c30870f6d5fa74c44f738059f0f9d"
"DA-01689","D","41","41","publicación de Insights into the evolution of regulated actin dynamics via characterization of primitive gelsolin/cofilin proteins from Asgard archaea","publicación de Insights into the evolution of regulated actin dynamics via characterization of primitive gelsolin/cofilin proteins from Asgard archaea","PRESENTE","PRESENTE","ACTUALIZADA","Fila final emparejada por identidad de dominio; cambios fijados por huellas inicial/final.","35624093fafeaecbfb258a9499a5fff6fe5aa99328d1562f96f1722e3eb79e19","f1153ed0dbf7b8d90572e2e57ebdc831244d46bcd91fed0de7ba36efc93014d6"
"DA-01690","D","42","42","publicación de Coevolution of eukaryote-like Vps4 and ESCRT-III subunits in the Asgard archaea","publicación de Coevolution of eukaryote-like Vps4 and ESCRT-III subunits in the Asgard archaea","PRESENTE","PRESENTE","ACTUALIZADA","Fila final emparejada por identidad de dominio; cambios fijados por huellas inicial/final.","dcf3e19b332d35433aed3678f499e8b5577a5cc285f37ef8eea067c7388386ac","3e45661ccfb572cf1368f296049475183ac57fef975adceea101a9a2b3061dc5"
"DA-01691","D","43","43","publicación de Asgard archaea shed light on the evolutionary origins of the eukaryotic ubiquitin-ESCRT machinery","publicación de Asgard archaea shed light on the evolutionary origins of the eukaryotic ubiquitin-ESCRT machinery","PRESENTE","PRESENTE","ACTUALIZADA","Fila final emparejada por identidad de dominio; cambios fijados por huellas inicial/final.","a25463abcad3700ca758a1329e0716e13b405a22f52ef0228dc90b49652a4504","80d7972e8efc48fb35598944e851ec2a4196402a0fd873e0ed93af1515f2901b"
"DA-01692","D","44","44","publicación de Structure and dynamics of Odinarchaeota tubulin and the implications for eukaryotic microtubule evolution","publicación de Structure and dynamics of Odinarchaeota tubulin and the implications for eukaryotic microtubule evolution","PRESENTE","PRESENTE","ACTUALIZADA","Fila final emparejada por identidad de dominio; cambios fijados por huellas inicial/final.","be34d0c0ffbf1d621e71ff466b71f05e772a93453f7de85a0a3e54d8140158d8","6cc1c008e0584b39ddb6e391fdca4f83b236bd8dde730562242217f029a94826"
"DA-01693","D","45","45","publicación de The eukaryotic-like characteristics of small GTPase, roadblock and TRAPPC3 proteins from Asgard archaea","publicación de The eukaryotic-like characteristics of small GTPase, roadblock and TRAPPC3 proteins from Asgard archaea","PRESENTE","PRESENTE","ACTUALIZADA","Fila final emparejada por identidad de dominio; cambios fijados por huellas inicial/final.","e0122869939f66962fef7e2ddf1060471bca99cd33afb5843f81707c537b9617","ba5c6c5d971aa5dc0ac6ef2bbe58c8788bd9fb8cbf021e2d86c6682410eee532"
"DA-01694","D","46","46","publicación de The genome sequence of Rickettsia prowazekii and the origin of mitochondria","publicación de The genome sequence of Rickettsia prowazekii and the origin of mitochondria","PRESENTE","PRESENTE","ACTUALIZADA","Fila final emparejada por identidad de dominio; cambios fijados por huellas inicial/final.","ddead853b12fcb5f471c1b955c6375963105849f464deeb836af9d7c49ca2098","147d57882a0d81e0d289cef2e5af6f68a8a1fc0dcb401379884c00cf484450df"
"DA-01695","D","47","47","publicación de Deep mitochondrial origin outside the sampled alphaproteobacteria","publicación de Deep mitochondrial origin outside the sampled alphaproteobacteria","PRESENTE","PRESENTE","ACTUALIZADA","Fila final emparejada por identidad de dominio; cambios fijados por huellas inicial/final.","a6468d00e208a96a26227451b58b7d75de84c09c8dc6a1a9cb8da4d119d7117f","3255b8a13e106fca8e6247d5dbe3bbe07bd8a319586d56993d8ef9d16214b381"
"DA-01696","D","48","48","publicación de Phylogenetic analyses with systematic taxon sampling show that mitochondria branch within Alphaproteobacteria","publicación de Phylogenetic analyses with systematic taxon sampling show that mitochondria branch within Alphaproteobacteria","PRESENTE","PRESENTE","ACTUALIZADA","Fila final emparejada por identidad de dominio; cambios fijados por huellas inicial/final.","b76e88497f9ae7a713523fbab48ff9dfeec1d988656cb847df4e4be2b173eeff","61946374724ddbeeba3607d93c65f93bc5054df4ba2ba279174e66a044b55f1b"
"DA-01697","D","49","49","publicación de Site-and-branch-heterogeneous analyses of an expanded dataset favour mitochondria as sister to known Alphaproteobacteria","publicación de Site-and-branch-heterogeneous analyses of an expanded dataset favour mitochondria as sister to known Alphaproteobacteria","PRESENTE","PRESENTE","ACTUALIZADA","Fila final emparejada por identidad de dominio; cambios fijados por huellas inicial/final.","cd2d2f50e6f43d0f8858d9c6806040cb2bfd63c086c13c48a6b28c3fbba8e752","0da744a4ce26df20004299e38b02c9d3e68a7a6bcd1f8630b236a8ff3de387c7"
"DA-01698","D","50","50","publicación de Multiple approaches of cellular metabolism define the bacterial ancestry of mitochondria","publicación de Multiple approaches of cellular metabolism define the bacterial ancestry of mitochondria","PRESENTE","PRESENTE","ACTUALIZADA","Fila final emparejada por identidad de dominio; cambios fijados por huellas inicial/final.","868b20ade8a6dbcdc39f173749a73477c4981deb2bde994e8a3fd57d353972ba","b61eea233c8cc8494dad7150cc35675bbf9b3bc6e67fc8f486272f353ef5280a"
"DA-01699","D","51","51","publicación de Asgardarchaeota: nomenclatural record and child taxa","publicación de Asgardarchaeota: nomenclatural record and child taxa","PRESENTE","PRESENTE","ACTUALIZADA","Fila final emparejada por identidad de dominio; cambios fijados por huellas inicial/final.","0a76987fb39f8a0991a5e64074cd579fb17d2e571c6e788a5876e28de3b50afe","f80bcbd23ba92a437b71a705677711ad7f9788b88544bd411ca4826f5f012726"
"DA-01700","D","52","NO_APLICA","crecimiento completo de Promethearchaeum syntrophicum","NO_APLICA","PRESENTE","RETIRADA","RETIRADA","Instantánea externa y linaje de auditoría; retirada o consolidada sin reasignar silenciosamente la fila.","a4ce72aa86efaeea77df03401561542c02046864f65cdadc7b946ca8b9433ed2","NO_APLICA"
"DA-01701","D","53","NO_APLICA","fecha de corte bibliográfico de la Parte 1A","NO_APLICA","PRESENTE","RETIRADA","RETIRADA","Instantánea externa; era metadato de publicación o fecha interna de corte sin C, no una estimación científica.","c921f29051d9700af4f3080a817935bf3c3c450bc25e1468e68b75894a82e76d","NO_APLICA"
"DA-01702","D","54","NO_APLICA","publicación de Revisions to the Classification, Nomenclature, and Diversity of Eukaryotes","NO_APLICA","PRESENTE","RETIRADA","RETIRADA","Instantánea externa; era metadato de publicación o fecha interna de corte sin C, no una estimación científica.","1e6f34b4e4af6a6891dafe8e8dc2de6fdcd3e29ceebed571bb269e3cd2205a8b","NO_APLICA"
"DA-01703","D","55","NO_APLICA","publicación de International Chronostratigraphic Chart, version 2026/06","NO_APLICA","PRESENTE","RETIRADA","RETIRADA","Instantánea externa; era metadato de publicación o fecha interna de corte sin C, no una estimación científica.","2aa6a89b23ad4a53999cae2a393e470f22be246f5d48ad4034b98d2d5efd353b","NO_APLICA"
"DA-01704","D","56","NO_APLICA","publicación de Ancestral paralogs and pseudoparalogs and their role in the emergence of the eukaryotic cell","NO_APLICA","PRESENTE","RETIRADA","RETIRADA","Instantánea externa; era metadato de publicación o fecha interna de corte sin C, no una estimación científica.","b8baa1cd5f48a302e1b26ec03fb0e84fbf74590a2a8fe2cead9e6099efa5d8b2","NO_APLICA"
"DA-01705","D","57","NO_APLICA","publicación de Concepts of the last eukaryotic common ancestor","NO_APLICA","PRESENTE","RETIRADA","RETIRADA","Instantánea externa; era metadato de publicación o fecha interna de corte sin C, no una estimación científica.","602500d53d90a6aaf98af66ec44e1166cef90ce375570c01e6346e9a609c7792","NO_APLICA"
"DA-01706","D","58","NO_APLICA","publicación de The Unfinished Reconstructed Nature of the Last Universal Common Ancestor","NO_APLICA","PRESENTE","RETIRADA","RETIRADA","Instantánea externa; era metadato de publicación o fecha interna de corte sin C, no una estimación científica.","044577c48ef2677a8fd5661afd9731d43cf8f11b4f9d6894d0b3cac9f8c4faa6","NO_APLICA"
"DA-01707","D","59","NO_APLICA","publicación de Archaea: what can we learn from their sequences?","NO_APLICA","PRESENTE","RETIRADA","RETIRADA","Instantánea externa; era metadato de publicación o fecha interna de corte sin C, no una estimación científica.","491137f938dbf826aeaafade7d36eb6c6c20961fe8c00fbecc321df8211baedc","NO_APLICA"
"DA-01708","D","60","NO_APLICA","publicación de The nature of the last universal common ancestor and its impact on the early Earth system","NO_APLICA","PRESENTE","RETIRADA","RETIRADA","Instantánea externa; era metadato de publicación o fecha interna de corte sin C, no una estimación científica.","d204fe2734da90edbbd2fa762f7c3877d782e99dbcb899b97c48329f7bb15fca","NO_APLICA"
"DA-01709","D","61","NO_APLICA","publicación de Reconstructing the last common ancestor of all eukaryotes","NO_APLICA","PRESENTE","RETIRADA","RETIRADA","Instantánea externa; era metadato de publicación o fecha interna de corte sin C, no una estimación científica.","25aa6cb69868d3d639a5195a8f8e8035b844eea802de5f828d02020a7266dc7e","NO_APLICA"
"DA-01710","D","62","NO_APLICA","publicación de The emerging view on the origin and early evolution of eukaryotic cells","NO_APLICA","PRESENTE","RETIRADA","RETIRADA","Instantánea externa; era metadato de publicación o fecha interna de corte sin C, no una estimación científica.","043cd3be211609cd0c2289c33ffa512390b228fdb7899610106188f5ef1caa97","NO_APLICA"
"DA-01711","D","63","NO_APLICA","publicación de Dated gene duplications elucidate the evolutionary assembly of eukaryotes","NO_APLICA","PRESENTE","RETIRADA","RETIRADA","Instantánea externa; era metadato de publicación o fecha interna de corte sin C, no una estimación científica.","a18d56a81bd562e058ef7160c8ca7bd5d13d63a028e4a0d7eb0c40edf15141c8","NO_APLICA"
"DA-01712","D","64","NO_APLICA","publicación de Gene ancestries reveal diverse microbial associations during eukaryogenesis","NO_APLICA","PRESENTE","RETIRADA","RETIRADA","Instantánea externa; era metadato de publicación o fecha interna de corte sin C, no una estimación científica.","6f624f4013dc1518125fc774c6d17ace6df26e2829c31d782e21accfe3db1c30","NO_APLICA"
"DA-01713","D","65","NO_APLICA","publicación de Molecular paleontology and complexity in the last eukaryotic common ancestor","NO_APLICA","PRESENTE","RETIRADA","RETIRADA","Instantánea externa; era metadato de publicación o fecha interna de corte sin C, no una estimación científica.","553d44517901a12219f71a00b5e0ec6f2618b19d8b1d985ba1f7605f612ce2dd","NO_APLICA"
"DA-01714","D","66","NO_APLICA","publicación de Comparative genomic evidence for a complete nuclear pore complex in the last eukaryotic common ancestor","NO_APLICA","PRESENTE","RETIRADA","RETIRADA","Instantánea externa; era metadato de publicación o fecha interna de corte sin C, no una estimación científica.","ce456c6ac0a2bf396d52fd11b3604a81c96ccf0fd8559a0400bc4f677cc80500","NO_APLICA"
"DA-01715","D","67","NO_APLICA","publicación de The evolution of the cytoskeleton","NO_APLICA","PRESENTE","RETIRADA","RETIRADA","Instantánea externa; era metadato de publicación o fecha interna de corte sin C, no una estimación científica.","17d08ac68b1a00af812bc6cd1a9e5ea716b77dc2db972089b9ee3f790902e4a7","NO_APLICA"
"DA-01716","D","68","NO_APLICA","publicación de A complex cell division machinery was present in the last common ancestor of eukaryotes","NO_APLICA","PRESENTE","RETIRADA","RETIRADA","Instantánea externa; era metadato de publicación o fecha interna de corte sin C, no una estimación científica.","4abb33e4c1d709594d199aeebb2fdbfd0d2d55a83ae395a18612e673de473b6c","NO_APLICA"
"DA-01717","D","69","NO_APLICA","publicación de The phylogenomic analysis of the anaphase promoting complex and its targets points to complex and modern-like control of the cell cycle in the last common ancestor of eukaryotes","NO_APLICA","PRESENTE","RETIRADA","RETIRADA","Instantánea externa; era metadato de publicación o fecha interna de corte sin C, no una estimación científica.","ce1d55a2de111c3f3c9f5a43a3f69bd0ec0970610800c8e44f1351d808b98417","NO_APLICA"
"DA-01718","D","70","NO_APLICA","publicación de Sculpting the endomembrane system in deep time: high resolution phylogenetics of Rab GTPases","NO_APLICA","PRESENTE","RETIRADA","RETIRADA","Instantánea externa; era metadato de publicación o fecha interna de corte sin C, no una estimación científica.","752209e4bd6f12b50390aae6dc20a141f18ef1919ed29338be71b0a139fbb7e4","NO_APLICA"
"DA-01719","D","71","NO_APLICA","publicación de An elaborate classification of SNARE proteins sheds light on the conservation of the eukaryotic endomembrane system","NO_APLICA","PRESENTE","RETIRADA","RETIRADA","Instantánea externa; era metadato de publicación o fecha interna de corte sin C, no una estimación científica.","d8c1892de675ada269c4b98fd9e4fb7ca77c39a2dffb1a00f125c3f97c7ae990","NO_APLICA"
"DA-01720","D","72","NO_APLICA","publicación de Complex spliceosomal organization ancestral to extant eukaryotes","NO_APLICA","PRESENTE","RETIRADA","RETIRADA","Instantánea externa; era metadato de publicación o fecha interna de corte sin C, no una estimación científica.","734aaa9c1acd644e660fe7e4c1235227a399333b4b136365bb4dbe671b2ccba1","NO_APLICA"
"DA-01721","D","73","NO_APLICA","publicación de The spread of the first introns in proto-eukaryotic paralogs","NO_APLICA","PRESENTE","RETIRADA","RETIRADA","Instantánea externa; era metadato de publicación o fecha interna de corte sin C, no una estimación científica.","155acd86d08e6920d06eee1c37ff84962c41e588bd2e6339c3de175fed1c9bcb","NO_APLICA"
"DA-01722","D","74","NO_APLICA","publicación de Tracing the origins of centrioles, cilia, and flagella","NO_APLICA","PRESENTE","RETIRADA","RETIRADA","Instantánea externa; era metadato de publicación o fecha interna de corte sin C, no una estimación científica.","398d580be0953836958d47d45e1c94c529dfca7399b385d7ff799f0049c6b467","NO_APLICA"
"DA-01723","D","75","NO_APLICA","publicación de Evolution of intraflagellar transport from coated vesicles and autogenous origin of the eukaryotic cilium","NO_APLICA","PRESENTE","RETIRADA","RETIRADA","Instantánea externa; era metadato de publicación o fecha interna de corte sin C, no una estimación científica.","d718e07806ebd1559832d88edd1f8b3f0953dc53d54295abf0032610e172b54c","NO_APLICA"
"DA-01724","D","76","NO_APLICA","publicación de Evolution of modular intraflagellar transport from a coatomer-like progenitor","NO_APLICA","PRESENTE","RETIRADA","RETIRADA","Instantánea externa; era metadato de publicación o fecha interna de corte sin C, no una estimación científica.","d059b3843537f2287cf8440fdcc59f5054f6e458191456135db5f8bb00e189c6","NO_APLICA"
"DA-01725","D","77","NO_APLICA","publicación de The origin of mitochondrial cristae from alphaproteobacteria","NO_APLICA","PRESENTE","RETIRADA","RETIRADA","Instantánea externa; era metadato de publicación o fecha interna de corte sin C, no una estimación científica.","2501d133a7f7a4100bf9b2a1e95a2f83599404bec5a519e1fdad682bdd5e0823","NO_APLICA"
"DA-01726","D","78","NO_APLICA","publicación de Comparative Genomics of Peroxisome Biogenesis Proteins: Making Sense of the PEX Proteins","NO_APLICA","PRESENTE","RETIRADA","RETIRADA","Instantánea externa; era metadato de publicación o fecha interna de corte sin C, no una estimación científica.","a7aae8611022878edeeb080568d948c6efb28682c40db8edef86b4941c270a6d","NO_APLICA"
"DA-01727","D","79","NO_APLICA","publicación de Origin and evolution of the peroxisomal proteome","NO_APLICA","PRESENTE","RETIRADA","RETIRADA","Instantánea externa; era metadato de publicación o fecha interna de corte sin C, no una estimación científica.","2a3e3c06286992ccb8227617a7c9cbb30089ecabbbe50a5d780e25a9cde23f1e","NO_APLICA"
"DA-01728","D","80","NO_APLICA","publicación de The Ancestral Mitotic State: Closed Orthomitosis With Intranuclear Spindles in the Syncytial Last Eukaryotic Common Ancestor","NO_APLICA","PRESENTE","RETIRADA","RETIRADA","Instantánea externa; era metadato de publicación o fecha interna de corte sin C, no una estimación científica.","03a4d1fe2b8866c51c3a89e4b89bd85386a89e717c8e88934e07e2d3f82437e2","NO_APLICA"
"DA-01729","D","81","NO_APLICA","publicación de Evidence for a syncytial origin of eukaryotes from ancestral state reconstruction","NO_APLICA","PRESENTE","RETIRADA","RETIRADA","Instantánea externa; era metadato de publicación o fecha interna de corte sin C, no una estimación científica.","6d75b5c5f0d3f3a45907955ebf2488b17d283abe6e729df49d0e6bd9b7ad627e","NO_APLICA"
"DA-01730","D","82","NO_APLICA","publicación de A phylogenomic inventory of meiotic genes: evidence for sex in Giardia and an early eukaryotic origin of meiosis","NO_APLICA","PRESENTE","RETIRADA","RETIRADA","Instantánea externa; era metadato de publicación o fecha interna de corte sin C, no una estimación científica.","bb5b62ec16b3527bef514db3fb745c14fedd4947f60e329b6b5664bb42b59d99","NO_APLICA"
"DA-01731","D","83","NO_APLICA","publicación de Sex is a ubiquitous, ancient, and inherent attribute of eukaryotic life","NO_APLICA","PRESENTE","RETIRADA","RETIRADA","Instantánea externa; era metadato de publicación o fecha interna de corte sin C, no una estimación científica.","f7bc2f2cf24454b33e2b60e41dc10dc59c23185e70f869dc281a58cf7fff4ea6","NO_APLICA"
"DA-01732","D","84","NO_APLICA","publicación de Ancestral State Reconstructions Trace Mitochondria But Not Phagocytosis to the Last Eukaryotic Common Ancestor","NO_APLICA","PRESENTE","RETIRADA","RETIRADA","Instantánea externa; era metadato de publicación o fecha interna de corte sin C, no una estimación científica.","6e4437f35212f69ba0386fcba108d10ed489615645e1998c4f3e51ab3e5eb95b","NO_APLICA"
"DA-01733","D","85","NO_APLICA","publicación de Timing the origin of eukaryotic cellular complexity with ancient duplications","NO_APLICA","PRESENTE","RETIRADA","RETIRADA","Instantánea externa; era metadato de publicación o fecha interna de corte sin C, no una estimación científica.","8ac69e330498181dc4ca2e47b1006b2bf83ef64b7cf33a69bd416a9fe792d1b4","NO_APLICA"
"DA-01734","D","86","NO_APLICA","publicación de Gene duplications trace mitochondria to the onset of eukaryote complexity","NO_APLICA","PRESENTE","RETIRADA","RETIRADA","Instantánea externa; era metadato de publicación o fecha interna de corte sin C, no una estimación científica.","8e3072ccf51775d1cde0e92fb8c0415c08a80ed368fb7f0dcd646331dd64b31f","NO_APLICA"
"DA-01735","D","87","NO_APLICA","publicación de Late acquisition of mitochondria by a host with chimaeric prokaryotic ancestry","NO_APLICA","PRESENTE","RETIRADA","RETIRADA","Instantánea externa; era metadato de publicación o fecha interna de corte sin C, no una estimación científica.","873738105b1b54f17cc4e4523ad2ca85c216bd9b524834fca5a11a2cf2130ce6","NO_APLICA"
"DA-01736","D","88","NO_APLICA","publicación de Late mitochondrial origin is an artefact","NO_APLICA","PRESENTE","RETIRADA","RETIRADA","Instantánea externa; era metadato de publicación o fecha interna de corte sin C, no una estimación científica.","46b6710d1a9affec6c6962a2ab602ed55d194a88f1bd32496fcf1396a132a5cb","NO_APLICA"
"DA-01737","D","89","NO_APLICA","publicación de The physiology of phagocytosis in the context of mitochondrial origin","NO_APLICA","PRESENTE","RETIRADA","RETIRADA","Instantánea externa; era metadato de publicación o fecha interna de corte sin C, no una estimación científica.","78460d36b7f61753a92870dd2ce540a8cac7b57f3299a03674ba6b3606714e49","NO_APLICA"
"DA-01738","D","90","NO_APLICA","publicación de The hydrogen hypothesis for the first eukaryote","NO_APLICA","PRESENTE","RETIRADA","RETIRADA","Instantánea externa; era metadato de publicación o fecha interna de corte sin C, no una estimación científica.","bec3648ed1198e0316bbc9dd9c448cd6d4b0616da9546b9829ea023e6c63293c","NO_APLICA"
"DA-01739","D","91","NO_APLICA","publicación de Symbiosis between methanogenic archaea and delta-proteobacteria as the origin of eukaryotes: the syntrophic hypothesis","NO_APLICA","PRESENTE","RETIRADA","RETIRADA","Instantánea externa; era metadato de publicación o fecha interna de corte sin C, no una estimación científica.","8ee84f1c7efa4f663467c60d58b355251036cb5fe6d7d1fb881747cf612717e9","NO_APLICA"
"DA-01740","D","92","NO_APLICA","publicación de The Syntrophy hypothesis for the origin of eukaryotes revisited","NO_APLICA","PRESENTE","RETIRADA","RETIRADA","Instantánea externa; era metadato de publicación o fecha interna de corte sin C, no una estimación científica.","eb1181f54d378cc5788e284f75f3197498f7ecbc3de9500399323e9db85f8391","NO_APLICA"
"DA-01741","D","93","NO_APLICA","publicación de An inside-out origin for the eukaryotic cell","NO_APLICA","PRESENTE","RETIRADA","RETIRADA","Instantánea externa; era metadato de publicación o fecha interna de corte sin C, no una estimación científica.","fb5d8b37dacd55bc7c3d4014b39e0ce33cc07758f1f79aec854d1c16b50ef12c","NO_APLICA"
"DA-01742","D","94","NO_APLICA","publicación de The phagotrophic origin of eukaryotes and phylogenetic classification of Protozoa","NO_APLICA","PRESENTE","RETIRADA","RETIRADA","Instantánea externa; era metadato de publicación o fecha interna de corte sin C, no una estimación científica.","58de35730abbf6affd57e97d96f693efe7dd77a6581adad26bbf3034faea1767","NO_APLICA"
"DA-01743","D","95","NO_APLICA","publicación de Proposal of the reverse flow model for the origin of the eukaryotic cell based on comparative analyses of Asgard archaeal metabolism","NO_APLICA","PRESENTE","RETIRADA","RETIRADA","Instantánea externa; era metadato de publicación o fecha interna de corte sin C, no una estimación científica.","a7342c75a9e277bc272265eb4dca5c4fa87a1341288dde47fe249fe5097e7d03","NO_APLICA"
"DA-01744","D","96","NO_APLICA","publicación de Isolation of an archaeon at the prokaryote–eukaryote interface","NO_APLICA","PRESENTE","RETIRADA","RETIRADA","Instantánea externa; era metadato de publicación o fecha interna de corte sin C, no una estimación científica.","a347e5d17222c0804e695c269520c434fe81ba88f1eb3515ced92eb41dce434f","NO_APLICA"
"DA-01745","D","97","NO_APLICA","publicación de Introns and the origin of nucleus–cytosol compartmentalization","NO_APLICA","PRESENTE","RETIRADA","RETIRADA","Instantánea externa; era metadato de publicación o fecha interna de corte sin C, no una estimación científica.","39079de9b0b73a44bf342e20cc5b602d773c06cd82e0bb799376340d497ef935","NO_APLICA"
"DA-01746","D","98","NO_APLICA","publicación de Viral eukaryogenesis: was the ancestor of the nucleus a complex DNA virus?","NO_APLICA","PRESENTE","RETIRADA","RETIRADA","Instantánea externa; era metadato de publicación o fecha interna de corte sin C, no una estimación científica.","f36e9e30175ffbf29915964e0e6ad703c7b6f9a1586ccb066a731a7372489bb4","NO_APLICA"
"DA-01747","D","99","NO_APLICA","publicación de Poxviruses and the origin of the eukaryotic nucleus","NO_APLICA","PRESENTE","RETIRADA","RETIRADA","Instantánea externa; era metadato de publicación o fecha interna de corte sin C, no una estimación científica.","c74edb24e874dfda15690afedc2e20018321cd05769726a27fa433b5f54e6da5","NO_APLICA"
"DA-01748","D","100","NO_APLICA","publicación de Evidence supporting a viral origin of the eukaryotic nucleus","NO_APLICA","PRESENTE","RETIRADA","RETIRADA","Instantánea externa; era metadato de publicación o fecha interna de corte sin C, no una estimación científica.","8e7eb66e229c1e292272051ba19ef99a55090026b5df3f7c4ea03302e83afd01","NO_APLICA"
"DA-01749","D","101","NO_APLICA","publicación de Medusavirus ancestor in a proto-eukaryotic cell: updating the hypothesis for the viral origin of the nucleus","NO_APLICA","PRESENTE","RETIRADA","RETIRADA","Instantánea externa; era metadato de publicación o fecha interna de corte sin C, no una estimación científica.","ca69b9ea20621eade8f3faf3eea60a6c66000286b5fb0289d56abcccb45a564e","NO_APLICA"
"DA-01750","D","102","NO_APLICA","publicación de The origin of nuclei and of eukaryotic cells","NO_APLICA","PRESENTE","RETIRADA","RETIRADA","Instantánea externa; era metadato de publicación o fecha interna de corte sin C, no una estimación científica.","8f1e4b4fb9711e32c7ab2dcb5f18064c97ff7bbf44beaec88c6d4f91b066ef3e","NO_APLICA"
"DA-01751","D","103","NO_APLICA","publicación de Components of coated vesicles and nuclear pore complexes share a common molecular architecture","NO_APLICA","PRESENTE","RETIRADA","RETIRADA","Instantánea externa; era metadato de publicación o fecha interna de corte sin C, no una estimación científica.","85df598ac707e9959bc744483ceaa517597ab7394d1ff6ae1a07b803ab89bc7c","NO_APLICA"
"DA-01752","D","104","NO_APLICA","publicación de The structure of the nuclear pore complex: enlightening the role of the protocoatomer","NO_APLICA","PRESENTE","RETIRADA","RETIRADA","Instantánea externa; era metadato de publicación o fecha interna de corte sin C, no una estimación científica.","6850a2ce837b49a7d6eaa7b08bed28ecdd6485fcf4c34baf61b08f5e834d1389","NO_APLICA"
"DA-01753","D","105","NO_APLICA","publicación de Coatomer in the universe of cellular complexity","NO_APLICA","PRESENTE","RETIRADA","RETIRADA","Instantánea externa; era metadato de publicación o fecha interna de corte sin C, no una estimación científica.","885fe5c45ba348c442f35d9d85f8a0f58acb96e15f72f4cbc05da241122ca4af","NO_APLICA"
"DA-01754","D","106","NO_APLICA","publicación de Eukaryogenesis From FECA to LECA: Radical Steps Along the Way","NO_APLICA","PRESENTE","RETIRADA","RETIRADA","Instantánea externa; era metadato de publicación o fecha interna de corte sin C, no una estimación científica.","870159c77ffe3591af87e70b43b1b1d2b49d34c81845c7a252fc4fdde391a8ff","NO_APLICA"
"DA-01755","D","107","NO_APLICA","publicación de The metabolic network of the last bacterial common ancestor","NO_APLICA","PRESENTE","RETIRADA","RETIRADA","Instantánea externa; era metadato de publicación o fecha interna de corte sin C, no una estimación científica.","7037b166c7b9eab806e0e910453b53a15b6c3749923e47b2fe515c7bc973468c","NO_APLICA"
"DA-01756","D","108","53","nFECA","nFECA","PRESENTE","PRESENTE","ACTUALIZADA","Fila final emparejada por identidad de dominio; cambios fijados por huellas inicial/final.","09f3ff02b96ed3456e4168df175129aaa51ceff9fedd3b83153ee756333377e0","f071e0a824a75b62677b6389df396eafee6ddea99555404c9570c1cd7a189e59"
"DA-01757","D","109","54","mFECA","mFECA","PRESENTE","PRESENTE","ACTUALIZADA","Fila final emparejada por identidad de dominio; cambios fijados por huellas inicial/final.","e71f083fcca1ba7b87370432798aa59278b99c36272bbf384fae9f7b703ff79d","2fd09e3dafee56eaa2133fb02026b3a7a5498bb7055b3998cf232e6874c2cdae"
"DA-01758","D","110","55","radiación de LECA","radiación de LECA","PRESENTE","PRESENTE","ACTUALIZADA","Fila final emparejada por identidad de dominio; cambios fijados por huellas inicial/final.","8c9c017d853082657cb9d0ea0e484966b9f23d89320bb0b2e1b5be5b459b9183","d1bbc1447efa00a835548d0126e2516ad7ed306a744f8f45fd10d2e4007b22b9"
"DA-01759","D","111","56","duración mediana del tallo nuclear nFECA–LECA","duración mediana del tallo nuclear nFECA–LECA","PRESENTE","PRESENTE","ACTUALIZADA","Fila final emparejada por identidad de dominio; cambios fijados por huellas inicial/final.","f66acd45ee20128ae2f46c28d0eb8f881d979e4929cf49a0b13579103e0f7716","26fdd6c414e6f7b1a3badf9474f25f21b9ff834a207f4305816a934931e6b8ba"
"DA-01760","D","112","57","duración mediana del tallo mitocondrial mFECA–LECA","duración mediana del tallo mitocondrial mFECA–LECA","PRESENTE","PRESENTE","ACTUALIZADA","Fila final emparejada por identidad de dominio; cambios fijados por huellas inicial/final.","f343f1da779f744fdd76b3d4c4c488a166798e27c0d2f41b4eb565d3fb43bd0d","48789a2823ee6591cb976bd52429db10611f4d4e0c683b25bd424169467f6018"
"DA-01761","D","113","58","rango de estimaciones previas de LECA citado por Kay et al.","rango de estimaciones previas de LECA citado por Kay et al.","PRESENTE","PRESENTE","ACTUALIZADA","Fila final emparejada por identidad de dominio; cambios fijados por huellas inicial/final.","017c7c7b8eb6ad3aac9b36d998919edae26d59c17a3487c859e3e4894806a6ad","cba9e5bfe5e17dc238530fabc29860eb5f41d9a2a9b119425a4fdba2d4646fb6"
"DA-01762","D","114","NO_APLICA","ambiente paleoproterozoico postulado por la sintrofía revisada","NO_APLICA","PRESENTE","RETIRADA","RETIRADA","Instantánea externa y linaje de auditoría; retirada o consolidada sin reasignar silenciosamente la fila.","7d6381a36dcd99af931bcc6902e41ccb99d0d5cc3a175cbcb578ba32c370a2b2","NO_APLICA"
"DA-01763","D","115","NO_APLICA","publicación de A robustly rooted tree of eukaryotes reveals their excavate ancestry","NO_APLICA","PRESENTE","RETIRADA","RETIRADA","Instantánea externa; era metadato de publicación o fecha interna de corte sin C, no una estimación científica.","1d7ceb954f1f98fae572b52f2d3b7202b2e9d04e1e140e9e3a1439c12a630c1c","NO_APLICA"
"DA-01764","D","116","NO_APLICA","publicación de An excavate root for the eukaryote Tree of Life","NO_APLICA","PRESENTE","RETIRADA","RETIRADA","Instantánea externa; era metadato de publicación o fecha interna de corte sin C, no una estimación científica.","dbd73442cbfadaf30af996b3de16c47e55bd94130b76948d4409efb0cfc7b638","NO_APLICA"
"DA-01765","D","117","NO_APLICA","publicación de Conflict over the eukaryote root resides in strong outliers, mosaics and missing data sensitivity of site-specific (CAT) mixture models","NO_APLICA","PRESENTE","RETIRADA","RETIRADA","Instantánea externa; era metadato de publicación o fecha interna de corte sin C, no una estimación científica.","a6911f5909f2509022694a2782fa1ed53933db3e13b735c2d2b4b9c9f2b5f176","NO_APLICA"
"DA-01766","D","118","NO_APLICA","publicación de Bacterial proteins pinpoint a single eukaryotic root","NO_APLICA","PRESENTE","RETIRADA","RETIRADA","Instantánea externa; era metadato de publicación o fecha interna de corte sin C, no una estimación científica.","f3f3175fdef27048734c93e5c260005271b0d0550f5ca7b1252c722f79efeb4f","NO_APLICA"
"DA-01767","D","119","NO_APLICA","publicación de An alternative root for the eukaryote tree of life","NO_APLICA","PRESENTE","RETIRADA","RETIRADA","Instantánea externa; era metadato de publicación o fecha interna de corte sin C, no una estimación científica.","357a182250d69c0c89ad8483123f31562b69b7b11ed48c9b868d12f78f53ea56","NO_APLICA"
"DA-01768","D","120","NO_APLICA","publicación de Phylogenomic analyses of 2,786 genes in 158 lineages support a root of the eukaryotic tree of life between Opisthokonts and all other lineages","NO_APLICA","PRESENTE","RETIRADA","RETIRADA","Instantánea externa; era metadato de publicación o fecha interna de corte sin C, no una estimación científica.","40b971768743c1638ea33022aae8bc5f71a3bdf65c979b6bbf0930e79154bb97","NO_APLICA"
"DA-01769","D","121","NO_APLICA","publicación de Phylogenomics places orphan protistan lineages in a novel eukaryotic super-group","NO_APLICA","PRESENTE","RETIRADA","RETIRADA","Instantánea externa; era metadato de publicación o fecha interna de corte sin C, no una estimación científica.","2f0252dc99e88f926693e5ce0f49277aa2989a577df518b7dcc2485269b80cfb","NO_APLICA"
"DA-01770","D","122","NO_APLICA","publicación de Phylogenomics of neglected flagellated protists supports a revised eukaryotic tree of life","NO_APLICA","PRESENTE","RETIRADA","RETIRADA","Instantánea externa; era metadato de publicación o fecha interna de corte sin C, no una estimación científica.","bd60641c7f91fcc8747230d32366548c93300578e35132a5c8cbd361350bf0f9","NO_APLICA"
"DA-01771","D","123","NO_APLICA","publicación de Glissandra oviformis n. sp.: a novel predatory flagellate sheds light on deep eukaryote relationships","NO_APLICA","PRESENTE","RETIRADA","RETIRADA","Instantánea externa; era metadato de publicación o fecha interna de corte sin C, no una estimación científica.","03b3ef5db1e27d1ebadfb1d9a068b803ccabfc6f93d2b5675cff9b236c47ad05","NO_APLICA"
"DA-01772","D","124","NO_APLICA","publicación de Phylogenomics demonstrates that breviate flagellates are related to opisthokonts and apusomonads","NO_APLICA","PRESENTE","RETIRADA","RETIRADA","Instantánea externa; era metadato de publicación o fecha interna de corte sin C, no una estimación científica.","d16e33e972d86b90800ea1fea6618e97a945203c3c5ad1e1ff3c5a84ef92499b","NO_APLICA"
"DA-01773","D","125","NO_APLICA","publicación de Between a Pod and a Hard Test: The Deep Evolution of Amoebozoa","NO_APLICA","PRESENTE","RETIRADA","RETIRADA","Instantánea externa; era metadato de publicación o fecha interna de corte sin C, no una estimación científica.","437236110a0a183e47210415da83318015e5744a779d71e2ae789bea91aea7b7","NO_APLICA"
"DA-01774","D","126","NO_APLICA","publicación de The microtubular cytoskeleton of the apusomonad Thecamonas, a sister lineage to the opisthokonts","NO_APLICA","PRESENTE","RETIRADA","RETIRADA","Instantánea externa; era metadato de publicación o fecha interna de corte sin C, no una estimación científica.","6c984897d6d41dace9957c76abdbfa1aa76e7023a52c664654e68488dff859b5","NO_APLICA"
"DA-01775","D","127","NO_APLICA","publicación de The ultrastructure of Breviata anathema, an anaerobic amoeboid flagellate","NO_APLICA","PRESENTE","RETIRADA","RETIRADA","Instantánea externa; era metadato de publicación o fecha interna de corte sin C, no una estimación científica.","71dc5711ac1635c2ee920e5ff66d21a8b86976148e72e67fecedcaf8369b8bfd","NO_APLICA"
"DA-01776","D","128","NO_APLICA","publicación de Combined morphological and phylogenomic re-examination of malawimonads, a critical taxon for inferring the evolutionary history of eukaryotes","NO_APLICA","PRESENTE","RETIRADA","RETIRADA","Instantánea externa; era metadato de publicación o fecha interna de corte sin C, no una estimación científica.","d14494e909831e4a571e768c213539686b69c1c34bf572e78aa70942c2f12731","NO_APLICA"
"DA-01777","D","129","NO_APLICA","publicación de Rooting the eukaryote tree by using a derived gene fusion","NO_APLICA","PRESENTE","RETIRADA","RETIRADA","Instantánea externa; era metadato de publicación o fecha interna de corte sin C, no una estimación científica.","16e339f39f2dcd5f41dc261ab501c1013705b639570a94763e23ec0a856093b9","NO_APLICA"
"DA-01778","D","130","NO_APLICA","publicación de Complex Patterns of Gene Fission in the Eukaryotic Folate Biosynthesis Pathway","NO_APLICA","PRESENTE","RETIRADA","RETIRADA","Instantánea externa; era metadato de publicación o fecha interna de corte sin C, no una estimación científica.","e893086f2f6bab2420d07cfff3e698b2386ece6b9c67546294499df8f886c519","NO_APLICA"
"DA-01779","D","131","NO_APLICA","publicación de Myosin domain evolution and the primary divergence of eukaryotes","NO_APLICA","PRESENTE","RETIRADA","RETIRADA","Instantánea externa; era metadato de publicación o fecha interna de corte sin C, no una estimación científica.","c451153b05ea31eb534fa59cad9eb2e5567ebcbaa29a37f0ae4012d23dab2214","NO_APLICA"
"DA-01780","D","132","NO_APLICA","publicación de Evolution and Classification of Myosins, a Paneukaryotic Whole-Genome Approach","NO_APLICA","PRESENTE","RETIRADA","RETIRADA","Instantánea externa; era metadato de publicación o fecha interna de corte sin C, no una estimación científica.","281b7bd22fe72c60dd277fe524e54629accd68934069ed7f9d4807c5dc832fa7","NO_APLICA"
"DA-01781","D","133","NO_APLICA","publicación de Analysis of Rare Genomic Changes Does Not Support the Unikont–Bikont Phylogeny and Suggests Cyanobacterial Symbiosis as the Point of Primary Radiation of Eukaryotes","NO_APLICA","PRESENTE","RETIRADA","RETIRADA","Instantánea externa; era metadato de publicación o fecha interna de corte sin C, no una estimación científica.","d049a64111d66c5f382f4b30954ec8314b62d4c9916f5d85aa398a0051e60de3","NO_APLICA"
"DA-01782","D","134","NO_APLICA","publicación de Remarkable interkingdom conservation of intron positions and massive, lineage-specific intron loss and gain in eukaryotic evolution","NO_APLICA","PRESENTE","RETIRADA","RETIRADA","Instantánea externa; era metadato de publicación o fecha interna de corte sin C, no una estimación científica.","5540730980d8d701133e96b4fc8732b903edb00d52e27222ef833294f03fc87b","NO_APLICA"
"DA-01783","D","135","NO_APLICA","publicación de Animals and fungi are each other’s closest relatives: congruent evidence from multiple proteins","NO_APLICA","PRESENTE","RETIRADA","RETIRADA","Instantánea externa; era metadato de publicación o fecha interna de corte sin C, no una estimación científica.","e9a639af3333fef2f81833c65e891bb02f35f30e4f33087b3203f5e88ae53452","NO_APLICA"
"DA-01784","D","136","NO_APLICA","publicación de Rare genomic changes as a tool for phylogenetics","NO_APLICA","PRESENTE","RETIRADA","RETIRADA","Instantánea externa; era metadato de publicación o fecha interna de corte sin C, no una estimación científica.","d06b9e96b221df52f9cd0e2b3e4b889c411f18266ecd09c7d3cfa46c24352778","NO_APLICA"
"DA-01785","D","137","NO_APLICA","publicación de The phagotrophic origin of eukaryotes and phylogenetic classification of Protozoa","NO_APLICA","PRESENTE","RETIRADA","RETIRADA","Instantánea externa; era metadato de publicación o fecha interna de corte sin C, no una estimación científica.","163678ec198a481fe91311bb6e75d5a5e1269f7b566b54c462195983a4c45fa5","NO_APLICA"
"DA-01786","D","138","NO_APLICA","publicación de The Revised Classification of Eukaryotes","NO_APLICA","PRESENTE","RETIRADA","RETIRADA","Instantánea externa; era metadato de publicación o fecha interna de corte sin C, no una estimación científica.","a432d56cd23ec545e0e34546e3e6e954632c8889d300cb541c5b4fd92238510a","NO_APLICA"
"DA-01787","D","139","NO_APLICA","publicación de Early evolution of eukaryote feeding modes, cell structural diversity, and classification of the protozoan phyla Loukozoa, Sulcozoa, and Choanozoa","NO_APLICA","PRESENTE","RETIRADA","RETIRADA","Instantánea externa; era metadato de publicación o fecha interna de corte sin C, no una estimación científica.","9486ede50ff2b8c9b9c67d6c2980b7f96921a0333ffd918068bd3b9f9385b33f","NO_APLICA"
"DA-01788","D","140","NO_APLICA","publicación de A taxon-rich and genome-scale phylogeny of Opisthokonta","NO_APLICA","PRESENTE","RETIRADA","RETIRADA","Instantánea externa; era metadato de publicación o fecha interna de corte sin C, no una estimación científica.","192e6704f3bf3acac7ca8fad05292b383789ff9969ebdfb82ec4f63a7eb1365a","NO_APLICA"
"DA-01789","D","141","NO_APLICA","publicación de Gene content evolution in the ancestry of eukaryotes and the origin of animal multicellularity","NO_APLICA","PRESENTE","RETIRADA","RETIRADA","Instantánea externa; era metadato de publicación o fecha interna de corte sin C, no una estimación científica.","490b133be4114e4d94ba521455ccaedd1909d1cb95a316d28e8cc3c9f10efcb6","NO_APLICA"
"DA-01790","D","142","NO_APLICA","publicación de Phylogenomics reveals convergent evolution of lifestyles in close relatives of animals and fungi","NO_APLICA","PRESENTE","RETIRADA","RETIRADA","Instantánea externa; era metadato de publicación o fecha interna de corte sin C, no una estimación científica.","c63bae4e0f8c2e6faeca6907416feabb22b61d8ffd62d4bc96df650d56ef0faa","NO_APLICA"
"DA-01791","D","143","NO_APLICA","publicación de Novel Predators Reshape Holozoan Phylogeny and Reveal the Presence of a Two-Component Signaling System in the Ancestor of Animals","NO_APLICA","PRESENTE","RETIRADA","RETIRADA","Instantánea externa; era metadato de publicación o fecha interna de corte sin C, no una estimación científica.","c89ad4131bd2da0c7cbf3f9973dd264f628a027097f162a3ce397e0eba550b3f","NO_APLICA"
"DA-01792","D","144","NO_APLICA","publicación de Multigene Phylogeny of Choanozoa and the Origin of Animals","NO_APLICA","PRESENTE","RETIRADA","RETIRADA","Instantánea externa; era metadato de publicación o fecha interna de corte sin C, no una estimación científica.","49f830b2db2c46c0770de37237276cb456db62a7166b2b106095675807f4dc8e","NO_APLICA"
"DA-01793","D","145","NO_APLICA","publicación de New lineage of microbial predators adds complexity to reconstructing the evolutionary origin of animals","NO_APLICA","PRESENTE","RETIRADA","RETIRADA","Instantánea externa; era metadato de publicación o fecha interna de corte sin C, no una estimación científica.","f5edc16a0659f9ab44e3f0319ed4c070333b95d7719b7b72dcb04b9099be217b","NO_APLICA"
"DA-01794","D","146","NO_APLICA","publicación de Predatory opisthokonts reveal novel modes of cell division and complex life cycles","NO_APLICA","PRESENTE","RETIRADA","RETIRADA","Instantánea externa; era metadato de publicación o fecha interna de corte sin C, no una estimación científica.","ba5947f8f1fb1e922f89c0b23ce29b93764ab6b28529fd9f047b9a60b1df887d","NO_APLICA"
"DA-01795","D","147","NO_APLICA","publicación de The diversity and evolution of Ichthyosporea","NO_APLICA","PRESENTE","RETIRADA","RETIRADA","Instantánea externa; era metadato de publicación o fecha interna de corte sin C, no una estimación científica.","917ffb6c69d99dd0b02c2e5c931f745805e5a3591df28c3f3c493bcfd6e4768f","NO_APLICA"
"DA-01796","D","148","NO_APLICA","publicación de The Origin of Animal Multicellularity and Cell Differentiation","NO_APLICA","PRESENTE","RETIRADA","RETIRADA","Instantánea externa; era metadato de publicación o fecha interna de corte sin C, no una estimación científica.","0795cefcbc42f6556d833eca640b2bf6790df59a7b0b348a30bd27231bb65217","NO_APLICA"
"DA-01797","D","149","NO_APLICA","publicación de The origin of the animals and a “Savannah” hypothesis for early bilaterian evolution","NO_APLICA","PRESENTE","RETIRADA","RETIRADA","Instantánea externa; era metadato de publicación o fecha interna de corte sin C, no una estimación científica.","d7a210163628eb738c1fb0862d725e7150a2a99ac2e3a9ea6f00ccb30a991d5b","NO_APLICA"
"DA-01798","D","150","NO_APLICA","publicación de Molecular phylogeny of choanoflagellates, the sister group to Metazoa","NO_APLICA","PRESENTE","RETIRADA","RETIRADA","Instantánea externa; era metadato de publicación o fecha interna de corte sin C, no una estimación científica.","0eaf5deb18a93c02a62afe9cbd03359b3e9689ea506066f2c07c5f51246b7d28","NO_APLICA"
"DA-01799","D","151","NO_APLICA","publicación de The New Tree of Eukaryotes","NO_APLICA","PRESENTE","RETIRADA","RETIRADA","Instantánea externa; era metadato de publicación o fecha interna de corte sin C, no una estimación científica.","baaa3cc09c6a8fbb5e69778f9040b55aab24cbd8b6c274b5933c32de8f6ea41d","NO_APLICA"
"DA-01800","D","152","NO_APLICA","publicación de Evolution: revisiting the root of the eukaryote tree","NO_APLICA","PRESENTE","RETIRADA","RETIRADA","Instantánea externa; era metadato de publicación o fecha interna de corte sin C, no una estimación científica.","4dd5ae148aefc6470685d5ba0d7776fcb2dffa6369a46fac28ad000328b5342e","NO_APLICA"
"DA-01801","D","153","NO_APLICA","publicación de Reconstructing the last common ancestor of all eukaryotes","NO_APLICA","PRESENTE","RETIRADA","RETIRADA","Instantánea externa; era metadato de publicación o fecha interna de corte sin C, no una estimación científica.","e39dc4366894d237e009f0c01a19e56762fc8c689ffc628320fa910f09410dd6","NO_APLICA"
"DA-01802","D","154","NO_APLICA","publicación de Estimating the timing of early eukaryotic diversification with multigene molecular clocks","NO_APLICA","PRESENTE","RETIRADA","RETIRADA","Instantánea externa; era metadato de publicación o fecha interna de corte sin C, no una estimación científica.","c5a7e384fa3fdfc8b62c33dfc146697fe98bff635b12baa40267548607e965e9","NO_APLICA"
"DA-01803","D","155","NO_APLICA","publicación de A molecular timescale for eukaryote evolution with implications for the origin of red algal-derived plastids","NO_APLICA","PRESENTE","RETIRADA","RETIRADA","Instantánea externa; era metadato de publicación o fecha interna de corte sin C, no una estimación científica.","d9eb204ced251d983b9e806ddb94d14796bd2f7385a77d1bdd3a5b2504f06ad8","NO_APLICA"
"DA-01804","D","156","NO_APLICA","publicación de On the age of eukaryotes: evaluating evidence from fossils and molecular clocks","NO_APLICA","PRESENTE","RETIRADA","RETIRADA","Instantánea externa; era metadato de publicación o fecha interna de corte sin C, no una estimación científica.","5b8b426008766f7ebe9303fd57032a1775397d6007c4550e320f04de436ffd69","NO_APLICA"
"DA-01805","D","157","NO_APLICA","publicación de The timing of eukaryotic evolution: does a relaxed molecular clock reconcile proteins and fossils?","NO_APLICA","PRESENTE","RETIRADA","RETIRADA","Instantánea externa; era metadato de publicación o fecha interna de corte sin C, no una estimación científica.","9b3d8e4e0ca409af35b7dee2e977f0fd1f396a0b6eaa4f89273e5f7133d96fac","NO_APLICA"
"DA-01806","D","158","NO_APLICA","publicación de Genomes of fungi and their relatives reveal the early evolution of the fungal kingdom","NO_APLICA","PRESENTE","RETIRADA","RETIRADA","Instantánea externa; era metadato de publicación o fecha interna de corte sin C, no una estimación científica.","9dd148f96bec358ef3b5b200084ecf42b403255c07111e13a4493fb278215e9f","NO_APLICA"
"DA-01807","D","159","NO_APLICA","publicación de Phylogenetic relationships within the Opisthokonta based on phylogenomic analyses of conserved single-copy protein domains","NO_APLICA","PRESENTE","RETIRADA","RETIRADA","Instantánea externa; era metadato de publicación o fecha interna de corte sin C, no una estimación científica.","bdb791568f2a9228b00bab820510674930aa9fcc8e173b2acdc0cb62074d28f5","NO_APLICA"
"DA-01808","D","160","NO_APLICA","publicación de Multigene eukaryote phylogeny reveals the likely protozoan ancestors of opisthokonts and Amoebozoa","NO_APLICA","PRESENTE","RETIRADA","RETIRADA","Instantánea externa; era metadato de publicación o fecha interna de corte sin C, no una estimación científica.","138f12b44c9478391dca1b9056df252b9d169231c4a73e8de4e6ba08ae59cb0c","NO_APLICA"
"DA-01809","D","161","NO_APLICA","publicación de Monophyletic origins of the Metazoa: an evolutionary link with fungi","NO_APLICA","PRESENTE","RETIRADA","RETIRADA","Instantánea externa; era metadato de publicación o fecha interna de corte sin C, no una estimación científica.","e447d08466db861d2f1034466fcefc4a44f4fb190d1b14a7dc44e90f5ee16b7b","NO_APLICA"
"DA-01810","D","162","NO_APLICA","publicación de The genome of the choanoflagellate Monosiga brevicollis and the origin of metazoans","NO_APLICA","PRESENTE","RETIRADA","RETIRADA","Instantánea externa; era metadato de publicación o fecha interna de corte sin C, no una estimación científica.","a26836364aa117019538fd20ac9e3459caa4fd3fe7ff9ed46bd148772fa8f68e","NO_APLICA"
"DA-01811","D","163","NO_APLICA","publicación de Evolutionary position of breviate amoebae and the primary eukaryote divergence","NO_APLICA","PRESENTE","RETIRADA","RETIRADA","Instantánea externa; era metadato de publicación o fecha interna de corte sin C, no una estimación científica.","21aa07d8a7994143d18c40e8f04d862412732511f90f2fbc75bb5ab482889cec","NO_APLICA"
"DA-01812","D","164","NO_APLICA","publicación de The analysis of 100 genes supports the grouping of three highly divergent amoebae: Dictyostelium, Entamoeba, and Mastigamoeba","NO_APLICA","PRESENTE","RETIRADA","RETIRADA","Instantánea externa; era metadato de publicación o fecha interna de corte sin C, no una estimación científica.","62a01c7078c54cb739fc88712654dbf958f6d7ccd9aedb507995f919b99e2d65","NO_APLICA"
"DA-01813","D","165","60","divergencia de Eukaryota según Parfrey et al.","divergencia de Eukaryota según Parfrey et al.","PRESENTE","PRESENTE","ACTUALIZADA","Fila final emparejada por identidad de dominio; cambios fijados por huellas inicial/final.","78bbac4470b981342627d027dee7aef379f22d78aefae8152ca6870ee46406b8","80be323149efdd17910ea1a33d491f1a713ce386c831a67535109080bf07bf64"
"DA-01814","D","166","61","divergencia de Eukaryota según Strassert et al.","divergencia de Eukaryota según Strassert et al.","PRESENTE","PRESENTE","ACTUALIZADA","Fila final emparejada por identidad de dominio; cambios fijados por huellas inicial/final.","88d0482337ce95cf6aaa8af5042c60daf8349b6a96fa6ef58ea744311848b4e0","ee86f7f77c726fbd1c02c39e6a3356739120d69f5fb630058248aca366759b0c"
"DA-01815","D","167","62","Opisthokonta","Opisthokonta","PRESENTE","PRESENTE","ACTUALIZADA","Fila final emparejada por identidad de dominio; cambios fijados por huellas inicial/final.","4a62e9154b8c140b6d3d3433ad3eed3034a31b00c8908bafb11922aa68ce8a41","05f341475d4dc8434603bd7968ada5da938b4630768c22281ff68a8c68b69e13"
"DA-01816","D","168","63","Holomycota","Holomycota","PRESENTE","PRESENTE","ACTUALIZADA","Fila final emparejada por identidad de dominio; cambios fijados por huellas inicial/final.","ee9af8cb52918100e120430a1f3803bc8f05536167295ab9df866591efaa9c8b","75dff17d397f6451fbccfb50da1302c5a47643ebf69b7eff92f1b6ce1f2218a5"
"DA-01817","D","169","64","Holozoa","Holozoa","PRESENTE","PRESENTE","ACTUALIZADA","Fila final emparejada por identidad de dominio; cambios fijados por huellas inicial/final.","771c99761214f94b4b3da5baf9072871327c0b881f88b14df95e7c52437c3e02","3be6d0073e6ffe8c064981443f79c64846e097959428f15c6c9425b78b113574"
"DA-01818","D","170","NO_APLICA","Amorphea","NO_APLICA","PRESENTE","RETIRADA","RETIRADA","Instantánea externa y linaje de auditoría; retirada o consolidada sin reasignar silenciosamente la fila.","a556fa06d8cff59cc884036072045238bb81514c36953e522ffcceb3a72462b3","NO_APLICA"
"DA-01819","D","171","NO_APLICA","Amoebozoa corona","NO_APLICA","PRESENTE","RETIRADA","RETIRADA","Instantánea externa y linaje de auditoría; retirada o consolidada sin reasignar silenciosamente la fila.","9181861c7b05c111924696e4cbce6593c4eb61d69c715096f8209c39f5b2c8b3","NO_APLICA"
"DA-01820","D","172","NO_APLICA","Obazoa","NO_APLICA","PRESENTE","RETIRADA","RETIRADA","Instantánea externa y linaje de auditoría; retirada o consolidada sin reasignar silenciosamente la fila.","190e0dd1f4ce35c1da563d0ae7efaba1b30f19675b1c9abf06f80eb40fdf4a58","NO_APLICA"
"DA-01821","D","173","NO_APLICA","tallo Apusomonadida–Opisthokonta; no corona Apusomonadida","NO_APLICA","PRESENTE","RETIRADA","RETIRADA","Instantánea externa y linaje de auditoría; retirada o consolidada sin reasignar silenciosamente la fila.","b5b5b1e77f0d0ad1d0bb9a8863c1a406dd138c1c07c10483d40950f116cbd80f","NO_APLICA"
"DA-01822","D","174","NO_APLICA","Breviatea corona","NO_APLICA","PRESENTE","RETIRADA","RETIRADA","Instantánea externa y linaje de auditoría; retirada o consolidada sin reasignar silenciosamente la fila.","1c83434400f4ab7c05b272d0d081c0861c4d4cf286be03419797791e693967b2","NO_APLICA"
"DA-01823","D","175","NO_APLICA","Ichthyosporea corona","NO_APLICA","PRESENTE","RETIRADA","RETIRADA","Instantánea externa y linaje de auditoría; retirada o consolidada sin reasignar silenciosamente la fila.","d59169c41e96ff8c6212b34784554456c5ddb0131bc89d7608cf3379f3c50e97","NO_APLICA"
"DA-01824","D","176","NO_APLICA","Pluriformea corona muestreada","NO_APLICA","PRESENTE","RETIRADA","RETIRADA","Instantánea externa y linaje de auditoría; retirada o consolidada sin reasignar silenciosamente la fila.","14314c2f27228708d8043c61c20c74484bfed1374909a39cda9c4c50c6ab9d40","NO_APLICA"
"DA-01825","D","177","NO_APLICA","nodo 115 usado operacionalmente como Pluriformea/Corallochytrea; no corona Corallochytrea estricta","NO_APLICA","PRESENTE","RETIRADA","RETIRADA","Instantánea externa y linaje de auditoría; retirada o consolidada sin reasignar silenciosamente la fila.","3b9127ff176daf021bd38d1d29a8f34b27340fc2a88668c245e7f2f5f688c63a","NO_APLICA"
"DA-01826","D","178","NO_APLICA","Filasterea corona","NO_APLICA","PRESENTE","RETIRADA","RETIRADA","Instantánea externa y linaje de auditoría; retirada o consolidada sin reasignar silenciosamente la fila.","ba65fec9492ae3d544acc40a0a56ef398952f0aba9eb5330dee520f6a02b1548","NO_APLICA"
"DA-01827","D","179","NO_APLICA","Filozoa","NO_APLICA","PRESENTE","RETIRADA","RETIRADA","Instantánea externa y linaje de auditoría; retirada o consolidada sin reasignar silenciosamente la fila.","f926283c334ba30655549ef8ee9aa17148d887b6fbad7ef257a5818f52837de5","NO_APLICA"
"DA-01828","D","180","74","divergencia Choanoflagellata–Metazoa según S142","divergencia Choanoflagellata–Metazoa según S142","PRESENTE","PRESENTE","ACTUALIZADA","Fila final emparejada por identidad de dominio; cambios fijados por huellas inicial/final.","a94ba4142df833ebb25e74d747ec57f0e8f6ad06afa246481fdd7a396c8f3c39","f46c66e9ad6673305ebdaa89b4fc8c575c9ee77f73384d097b637f483bc6d8b2"
"DA-01829","D","181","NO_APLICA","fecha de corte bibliográfico de la Parte 1C","NO_APLICA","PRESENTE","RETIRADA","RETIRADA","Instantánea externa; era metadato de publicación o fecha interna de corte sin C, no una estimación científica.","1f02d951b48f73b97cb04495cedcde9d0086c76d0383a02228266dfe990106ea","NO_APLICA"
"DA-01830","D","182","75","Grupo Roper","Grupo Roper","PRESENTE","PRESENTE","ACTUALIZADA","Fila final emparejada por identidad de dominio; cambios fijados por huellas inicial/final.","6a5a2487cff3cf51a3b39c45f6813c1ac1b78690716d860233d9a305b06c4a98","5c9d5c56da49023ce68b1e23286fe129ed3946d43a856b7e693613129ac0f38e"
"DA-01831","D","183","76","Formación Chuanlinggou y *Qingshania magnifica*","Formación Chuanlinggou y *Qingshania magnifica*","PRESENTE","PRESENTE","ACTUALIZADA","Fila final emparejada por identidad de dominio; cambios fijados por huellas inicial/final.","0222803f28a61f4e1294232a3faab18309a5fc9b3242ef37c124d035fa46b8a7","041e166794a8caf13ca053b9dde47c0edfbd3fb7bc91e819b9b3b94b97cdd51c"
"DA-01832","D","184","77","Formación de Hierro Negaunee y *Grypania spiralis*","Formación de Hierro Negaunee y *Grypania spiralis*","PRESENTE","PRESENTE","ACTUALIZADA","Fila final emparejada por identidad de dominio; cambios fijados por huellas inicial/final.","95b0243728c5d9369013179a91092724a4666bdc96cc6db960dcfff974b06600","2f3c4ad2e58d54f5304c489cc7edb07e4ccb276b416ff48f4b3684c9dfde81b3"
"DA-01833","D","185","78","Dolomía Tirohan y *Rafatazmia chitrakootensis*","Dolomía Tirohan y *Rafatazmia chitrakootensis*","PRESENTE","PRESENTE","ACTUALIZADA","Fila final emparejada por identidad de dominio; cambios fijados por huellas inicial/final.","05f40b105bb26aedc85d364aa69e7c2c17942f60b2fcd8c7909929ba58eb4f36","6c541462f4222c81d418e27d83576265758a8b32384bb6e84393e2a7588b391f"
"DA-01834","D","186","79","unidades perforadas del Grupo Chuar","unidades perforadas del Grupo Chuar","PRESENTE","PRESENTE","ACTUALIZADA","Fila final emparejada por identidad de dominio; cambios fijados por huellas inicial/final.","73c512a344f89fc0ac4e1e6c0bcbd1827747b404a908dd64cb5dc4efac3ab278","7095997e086600fede8eb37ea31f8336a543199a5b061307cc24c72d14e9ed56"
"DA-01835","D","187","80","*Bangiomorpha pubescens*","*Bangiomorpha pubescens*","PRESENTE","PRESENTE","ACTUALIZADA","Fila final emparejada por identidad de dominio; cambios fijados por huellas inicial/final.","728d51a8cf1dba0af4fab19bfc34aa591651cfe18dbe973aa4c2cff7e8c9c20f","776ce18e31ab5905d2507e3622fffd2b894c059f343c96be268d6cac27b179a8"
"DA-01836","D","188","81","*Ourasphaira giraldae*","*Ourasphaira giraldae*","PRESENTE","PRESENTE","ACTUALIZADA","Fila final emparejada por identidad de dominio; cambios fijados por huellas inicial/final.","d6f83e28c26483a78272e5a6e0f1680b252ed808d8d42f636b91b0ec06d0fc3d","99ee277cfed195669c66983dc667e84338ffb307ec27baf0e6e85d51af7da9ad"
"DA-01837","D","189","82","*Bicellum brasieri*","*Bicellum brasieri*","PRESENTE","PRESENTE","ACTUALIZADA","Fila final emparejada por identidad de dominio; cambios fijados por huellas inicial/final.","42345ebad4c22d7e7931c4fdbaab286b49725f86301f906b8190ebe6cf259a4d","78a23b95c3bc0ff03f1b70f53e9e0e423d68c34de9fde81733acbf52e4b222d8"
"DA-01838","D","190","83","Formación Doushantuo","Formación Doushantuo","PRESENTE","PRESENTE","ACTUALIZADA","Fila final emparejada por identidad de dominio; cambios fijados por huellas inicial/final.","5813896d082976d0603e9cf93b9df63c80e18905dc58c505540d67edd4e97cf2","921c3b1096482a64b6fc24af3f18987468c20a932ab168cfb0d2b5d8603bcd1b"
"DA-01839","D","191","84","biota de Weng’an","biota de Weng’an","PRESENTE","PRESENTE","ACTUALIZADA","Fila final emparejada por identidad de dominio; cambios fijados por huellas inicial/final.","dd619711b6bfa781444454e0e7d2c9f99b4dca525066e0937d7e6d2619dc2ad1","0c1f9068283a626ce1113d62cd5c838573379ba25db0b79fb9dcf5119b556af9"
"DA-01840","D","192","85","divergencias eucariotas de Douzery et al.","divergencias eucariotas de Douzery et al.","PRESENTE","PRESENTE","ACTUALIZADA","Fila final emparejada por identidad de dominio; cambios fijados por huellas inicial/final.","05c7046920bd681526ceda15e3bcae4e4bb06814a39812fc38aa3ce9183dbebd","06c63fa8b8141f90f0c4ce1866a92d9164a5a43fc9f07382553eb420def9908d"
"DA-01841","D","193","86","Choanoflagellata–Metazoa, Douzery et al.","Choanoflagellata–Metazoa, Douzery et al.","PRESENTE","PRESENTE","ACTUALIZADA","Fila final emparejada por identidad de dominio; cambios fijados por huellas inicial/final.","dbe054ce17be2cc0d41c4b31002a16ea397880dc86cabb70b4ddce7869aff175","dfcad839085b1978d26d5c305f22caf3ae2b15e069baf716c96fb8ba7cdeacdd"
"DA-01842","D","194","87","LECA, Parfrey et al.","LECA, Parfrey et al.","PRESENTE","PRESENTE","ACTUALIZADA","Fila final emparejada por identidad de dominio; cambios fijados por huellas inicial/final.","5edb59b6de20d4da5a9d4b8588c99bd796964bfa0ff5e71a85757cdd88ad3709","6a06965340b0ce5cf48548e1f70ac58f715c203b159a8dbaca83bda398aba73f"
"DA-01843","D","195","88","LECA, Eme et al.","LECA, Eme et al.","PRESENTE","PRESENTE","ACTUALIZADA","Fila final emparejada por identidad de dominio; cambios fijados por huellas inicial/final.","dd2b48615ccfeee136c6d31dde7e8a96c490b098ca9992adbef230cae6fbe63e","13dac1a82072c6cdd5b6039b69327d5b344077f5943527cbf83eaae16177cfd6"
"DA-01844","D","196","89","Opisthokonta, Eme et al.","Opisthokonta, Eme et al.","PRESENTE","PRESENTE","ACTUALIZADA","Fila final emparejada por identidad de dominio; cambios fijados por huellas inicial/final.","a197a113c8628f664a6730ee4b8d61c0156c77de8b46e9652540cc99a410e2cb","bc3529d8088fe67b79a2d3cc54da2fc58bbd05a8fb4d962cbe1ef0f5acd59960"
"DA-01845","D","197","90","tallo entre LECA y Opisthokonta en Eme et al.","tallo entre LECA y Opisthokonta en Eme et al.","PRESENTE","PRESENTE","ACTUALIZADA","Fila final emparejada por identidad de dominio; cambios fijados por huellas inicial/final.","c2879e87d263c01eb24c44dd21948052aaaa0d2c34c6dd84afcf798afbd76121","1710c8c4252b77128713cd5ee5a7d9574d0d13e42d62d7546e8abc622bf422a6"
"DA-01846","D","198","91","LECA, Strassert et al.","LECA, Strassert et al.","PRESENTE","PRESENTE","ACTUALIZADA","Fila final emparejada por identidad de dominio; cambios fijados por huellas inicial/final.","8e7079cdea46bef793817a43ba8cc24a171be605bf267b4ec926e38291859861","c74cac3a429ce9204f3bce08e8102189ed1009ec7456e7cab4fe555c2b906fe3"
"DA-01847","D","199","92","fósiles inequívocos de grupos corona de supergrupos según Porter","fósiles inequívocos de grupos corona de supergrupos según Porter","PRESENTE","PRESENTE","ACTUALIZADA","Fila final emparejada por identidad de dominio; cambios fijados por huellas inicial/final.","344858ac14edf3e9d1a738b334d238645f50066ab73091d96252230c967214c6","d715864b0039e053e025bbc8d3ee437a25dbc4125583b283a0f1cefcfb7fa80c"
"DA-01848","D","200","93","límite mínimo propuesto para LECA en preprint de 2026","límite mínimo propuesto para LECA en preprint de 2026","PRESENTE","PRESENTE","ACTUALIZADA","Fila final emparejada por identidad de dominio; cambios fijados por huellas inicial/final.","779f9af65ebcb4089bfb3e23a67dc313adb2f00b61a318b6ed6c91f597bb7bda","b520afb2dc934ce7806c4873699d0f306dedc6c8d23822402c470f9cd19a79f4"
"DA-01849","D","201","94","envolvente recuperada de estimaciones de LECA","envolvente recuperada de estimaciones de LECA","PRESENTE","PRESENTE","ACTUALIZADA","Fila final emparejada por identidad de dominio; cambios fijados por huellas inicial/final.","4a4337b8a3b70af091217de3510007fe386d7865b0e0c3843e37cccd757146e7","084f72e24d9582c0414668f6cd40c0c134444dd12168562f7e510883f72ae5e7"
"DA-01850","D","202","95","Gran Oxidación","Gran Oxidación","PRESENTE","PRESENTE","ACTUALIZADA","Fila final emparejada por identidad de dominio; cambios fijados por huellas inicial/final.","df38b67df28ddfb83be258d19dea1d8ef02b8f9b3bf044999a538486de9d4379","94f8fc43ccb0eb80b9c226018dcb8ff5ff7cd856f60a46e78f63a3334888e1a7"
"DA-01851","D","203","96","excursión Lomagundi–Jatuli","excursión Lomagundi–Jatuli","PRESENTE","PRESENTE","ACTUALIZADA","Fila final emparejada por identidad de dominio; cambios fijados por huellas inicial/final.","6f6b9dac31f0356a9acfbb3c0fbe51b996352e37bc336418d86525710d5d077e","1ce66ea1073c3090be95fb9cd9aa633eeceafa7029f37013ebad2f1795c2eafa"
"DA-01852","D","204","97","Formación Xiamaling usada para pO₂","Formación Xiamaling usada para pO₂","PRESENTE","PRESENTE","ACTUALIZADA","Fila final emparejada por identidad de dominio; cambios fijados por huellas inicial/final.","e96472980c39dfe2d90794dda59c54b756ea724f6419b73b7cdddca0e15e9217","5308f3ab395f4f61fa986e9a5808ca8ba8de96aa37c7ecb8e5efb535aa080a2b"
"DA-01853","D","205","98","compilación de especiación de hierro","compilación de especiación de hierro","PRESENTE","PRESENTE","ACTUALIZADA","Fila final emparejada por identidad de dominio; cambios fijados por huellas inicial/final.","da9ac470be502496b16b3ccc4f0d0fb4740697be9c8248344064811948aebacd","0405d8d8f0f728331eca9dd1e8aae48a9c821b1a6d87895271f685eb9a06d47c"
"DA-01854","D","206","99","expansión propuesta del reservorio marino de fósforo","expansión propuesta del reservorio marino de fósforo","PRESENTE","PRESENTE","ACTUALIZADA","Fila final emparejada por identidad de dominio; cambios fijados por huellas inicial/final.","dde24b1371736ef1dbc7ec74401312d49b272577587891da14d0ccba033a55ad","a24c0d859c54a73c14d2fc5f18b11ade8e2ab24bf1e062958e46952d50a3d525"
"DA-01855","D","207","100","«aburrido millardo»","«aburrido millardo»","PRESENTE","PRESENTE","ACTUALIZADA","Fila final emparejada por identidad de dominio; cambios fijados por huellas inicial/final.","da7c22f3160445097d4f502778c1ff36295904c26eddff007ae792de3dc243bd","68a16f35882038c3c6769d5101adf7954e408ce4f42cb06e41a0d82eaec398ee"
"DA-01856","D","208","101","glaciación Sturtiana","glaciación Sturtiana","PRESENTE","PRESENTE","ACTUALIZADA","Fila final emparejada por identidad de dominio; cambios fijados por huellas inicial/final.","d0e3a5a07fc37bfbe5a72026b38425c3c0ae9554be3c57a796053b493d119734","93049daabe25d7abdf18a0b3f2e17c18d155fc839d311ed9ec6e2ba5e8a886e9"
"DA-01857","D","209","102","terminación de la glaciación Marinoana","terminación de la glaciación Marinoana","PRESENTE","PRESENTE","ACTUALIZADA","Fila final emparejada por identidad de dominio; cambios fijados por huellas inicial/final.","1e7a921018d992431e302ef2e5ba7a2bc4cd2af8d9986d5b7e239a316bc5fb02","2492d087e3dad5df655fa6de2993f5f7c21bdd40238a96f3dd14a1dba3ebf64a"
"DA-01858","D","210","103","inicio de la glaciación Marinoana en fuentes recuperadas","inicio de la glaciación Marinoana en fuentes recuperadas","PRESENTE","PRESENTE","ACTUALIZADA","Fila final emparejada por identidad de dominio; cambios fijados por huellas inicial/final.","6fe08a1a66728342ca25014b7ccf7469c5d7507f60d86773ad6d572f983c7fa4","ad0e5e07424d461b693967ecd61db79c39bbf570b70d56c737259133410429e9"
"DA-01859","D","211","104","origen de cuerpos esferoidales de Rhopalodiaceae","origen de cuerpos esferoidales de Rhopalodiaceae","PRESENTE","PRESENTE","ACTUALIZADA","Fila final emparejada por identidad de dominio; cambios fijados por huellas inicial/final.","582bbe2dc8c273eefdbba51aafd22a17f4112ba09320a3363041068d99ad2dd6","eb99ad5ef8d746742ab1770dcda07e7674434e3c503a5d1cabe2a222a10c9aab"
"DA-01860","D","212","105","divergencia UCYN-A1–UCYN-A2","divergencia UCYN-A1–UCYN-A2","PRESENTE","PRESENTE","ACTUALIZADA","Fila final emparejada por identidad de dominio; cambios fijados por huellas inicial/final.","6e23b76e7b1da672ff6aff9293873c883f36704ad26da0d1708cff9f78dcdab8","67a9cc2443382875a341f3587fe3b1ce39ed5fa7e1c7cd42ce5285e8cb39ae27"
"DA-01861","D","213","106","ancestro común de endosimbiosis de Epithemia muestreadas por Frail et al.","ancestro común de endosimbiosis de Epithemia muestreadas por Frail et al.","PRESENTE","PRESENTE","ACTUALIZADA","Fila final emparejada por identidad de dominio; cambios fijados por huellas inicial/final.","80e83fe552f50543e6712c5f645667b1402a40a71871446f333b5b810040f9d1","1482a73aa078a829139480f0293f9202bf2e2ff2fede69098d03aa2b37c835f5"
"DA-01862","D","214","107","enjambrazón de *Salpingoeca rosetta* tras *Vibrio fischeri*","enjambrazón de *Salpingoeca rosetta* tras *Vibrio fischeri*","PRESENTE","PRESENTE","ACTUALIZADA","Fila final emparejada por identidad de dominio; cambios fijados por huellas inicial/final.","3487c964cec38b4f3304ca5cb9708140f94551da0aa6d43b70667e13ed7b5f75","39451a00952036465ad1e6839333239c42b19a43d50d897ed87fa91306c3a4ac"
"DA-01863","D","215","108","enjambres de *Salpingoeca rosetta*","enjambres de *Salpingoeca rosetta*","PRESENTE","PRESENTE","ACTUALIZADA","Fila final emparejada por identidad de dominio; cambios fijados por huellas inicial/final.","c0e3f7427572a122f6f74fc9e6f100f735089922b8f7d8dbbcad7505433e556c","84bf1fc8b501db4c1198c3f4dbb44fb526fe46b4b6421e09f28e691b1ce8c3f9"
"DA-01864","D","216","109","inversión de *Choanoeca flexa*","inversión de *Choanoeca flexa*","PRESENTE","PRESENTE","ACTUALIZADA","Fila final emparejada por identidad de dominio; cambios fijados por huellas inicial/final.","bf95fef88b1ce102a37601ec6b31815c905ae77083d2fd12d917178ab9999337","00cef2c798b537f22dbcbd58128705b45d145e3b42cf2c28858d8da96a30b5e4"
"DA-01865","D","217","110","inducción de agregación de *Capsaspora owczarzaki*","inducción de agregación de *Capsaspora owczarzaki*","PRESENTE","PRESENTE","ACTUALIZADA","Fila final emparejada por identidad de dominio; cambios fijados por huellas inicial/final.","b22cfbf28e729940727026375084262c871f2bbc27a5e8165620e07a7452e0ae","a01cd917fd9a82eb71873c8b3cb27c780b0d412848279e87facea13539b4c005"
"DA-01866","D","218","111","obtención de quistes de *Capsaspora owczarzaki*","obtención de quistes de *Capsaspora owczarzaki*","PRESENTE","PRESENTE","ACTUALIZADA","Fila final emparejada por identidad de dominio; cambios fijados por huellas inicial/final.","efac7d919aed787135b86d1d6f74373f3f29f621f784e4d8b1182ad5f1d680ef","9f67f48b5b9823c0f10c8d97f17da25013cdfa2bc36b652defc7c80434059f7d"
"DA-01867","D","219","112","intervalo de divisiones nucleares de *Sphaeroforma arctica*","intervalo de divisiones nucleares de *Sphaeroforma arctica*","PRESENTE","PRESENTE","ACTUALIZADA","Fila final emparejada por identidad de dominio; cambios fijados por huellas inicial/final.","f8a4d9c3344664ab6d81d876f08785a57bc62597db486801a659f67ac5577312","8462a4d2e50fa5c6166886cf5858031669d7ef3f84c17e131e77e0a601105aac"
"DA-01868","D","220","113","*Paulinella chromatophora*–cromatóforo","*Paulinella chromatophora*–cromatóforo","PRESENTE","PRESENTE","ACTUALIZADA","Fila final emparejada por identidad de dominio; cambios fijados por huellas inicial/final.","36967cb1ec6a1be2c2cf8c8ab16242e60315f137877bca482db9a250d6bc7aa7","519425507caa33d97dd26a668dc3dcc5882b38ac8d115d4ff97dd233555c6de0"
"DA-01869","D","221","114","divergencia de cepas de *Buchnera* comparadas","divergencia de cepas de *Buchnera* comparadas","PRESENTE","PRESENTE","ACTUALIZADA","Fila final emparejada por identidad de dominio; cambios fijados por huellas inicial/final.","578c0b413a8e1041085a137dd5b44e65e6c2f8156d46a79b5d9dc7458eef86a9","3e87a0500e4627451f17ade24fdbd81d06b6d763fb12c11bd2e44a49c2ad558e"
"DA-01870","D","222","NO_APLICA","publicación del aislamiento histórico atribuido a *Pelomyxa*","NO_APLICA","PRESENTE","RETIRADA","RETIRADA","Instantánea externa y linaje de auditoría; retirada o consolidada sin reasignar silenciosamente la fila.","5204d88144f84ee51ed9a28b25def740af881def788eee88c53b859d9f49a618","NO_APLICA"
"DA-01871","D","223","NO_APLICA","reexamen de endosimbiontes de *Pelomyxa palustris*","NO_APLICA","PRESENTE","RETIRADA","RETIRADA","Instantánea externa y linaje de auditoría; retirada o consolidada sin reasignar silenciosamente la fila.","5e4d0c10bdede7be3a9b4d5dcc7d4d643cd5cbfb016680e94720f038282c37b2","NO_APLICA"
"DA-01872","D","224","NO_APLICA","reclamo de HGT extensa en tardígrado","NO_APLICA","PRESENTE","RETIRADA","RETIRADA","Instantánea externa y linaje de auditoría; retirada o consolidada sin reasignar silenciosamente la fila.","c8038cb0637fba2190835de7bc4364f6bce1313613f2ce8f6ae26b295c7f269b","NO_APLICA"
"DA-01873","D","225","NO_APLICA","reensamblaje que cuestionó HGT extensa en tardígrado","NO_APLICA","PRESENTE","RETIRADA","RETIRADA","Instantánea externa y linaje de auditoría; retirada o consolidada sin reasignar silenciosamente la fila.","2d9b139d772755adb401d76ac1c98e4406c6a068e8f5502ac315411adce25065","NO_APLICA"
"DA-01874","D","226","NO_APLICA","formulación poblacional de origen de complejidad","NO_APLICA","PRESENTE","RETIRADA","RETIRADA","Instantánea externa y linaje de auditoría; retirada o consolidada sin reasignar silenciosamente la fila.","affb5ca706221163e45b67d58304f899ce0987523a3cef2f029917bfc7834c17","NO_APLICA"
"DA-01875","D","227","NO_APLICA","hipótesis energética mitocondrial","NO_APLICA","PRESENTE","RETIRADA","RETIRADA","Instantánea externa y linaje de auditoría; retirada o consolidada sin reasignar silenciosamente la fila.","6bf732ffbf06a06d37f733fe0e72bd9fa47990279dce05e91b53d5c3bfcc938c","NO_APLICA"
"DA-01876","D","228","NO_APLICA","estimación de costes de un gen","NO_APLICA","PRESENTE","RETIRADA","RETIRADA","Instantánea externa y linaje de auditoría; retirada o consolidada sin reasignar silenciosamente la fila.","7a718e184593957fdd7f1005661eefd95c3dab412934dc7b95fe90a8c39c36ad","NO_APLICA"
"DA-01877","D","229","NO_APLICA","réplica y contrarréplica energética","NO_APLICA","PRESENTE","RETIRADA","RETIRADA","Instantánea externa y linaje de auditoría; retirada o consolidada sin reasignar silenciosamente la fila.","a5ada017129cbe8a8928a5b9c63fcb3edb1feb139b352473e7dfb221c6681174","NO_APLICA"
"DA-01878","D","230","NO_APLICA","modelo de membranas eucariotas","NO_APLICA","PRESENTE","RETIRADA","RETIRADA","Instantánea externa y linaje de auditoría; retirada o consolidada sin reasignar silenciosamente la fila.","00418c821409c4b55ec38b76d5743d767b1a6abfc55b7af44215bafff56918a4","NO_APLICA"
"DA-01879","D","231","NO_APLICA","auditoría y respuesta sobre datos","NO_APLICA","PRESENTE","RETIRADA","RETIRADA","Instantánea externa y linaje de auditoría; retirada o consolidada sin reasignar silenciosamente la fila.","471bce2940377e7a15ee531549eb97a163daab11f82b47ea470ee0804ed8d67b","NO_APLICA"
"DA-01880","D","232","NO_APLICA","reanálisis de energetics mitocondrial","NO_APLICA","PRESENTE","RETIRADA","RETIRADA","Instantánea externa y linaje de auditoría; retirada o consolidada sin reasignar silenciosamente la fila.","ada5dc56e003a91a605c62f2b3db93ca22197fb12f0d634b65ffa9b5832fb6e0","NO_APLICA"
"DA-01881","D","233","NO_APLICA","síntesis de costes celulares","NO_APLICA","PRESENTE","RETIRADA","RETIRADA","Instantánea externa y linaje de auditoría; retirada o consolidada sin reasignar silenciosamente la fila.","4dcbf9e9f82d7cc984164ec251a704deecc80fb2d24578df197fdb9c7bbc3aaa","NO_APLICA"
"DA-01882","D","234","NO_APLICA","comparación de Ne en eucariotas","NO_APLICA","PRESENTE","RETIRADA","RETIRADA","Instantánea externa y linaje de auditoría; retirada o consolidada sin reasignar silenciosamente la fila.","7d61b98cad732d8dddb2c830af3d5d9890743d31d024fa6bca7cfa0da3a3d951","NO_APLICA"
"DA-01883","D","235","NO_APLICA","meiosis o programa sexual de LECA","NO_APLICA","PRESENTE","RETIRADA","RETIRADA","Instantánea externa y linaje de auditoría; retirada o consolidada sin reasignar silenciosamente la fila.","c481612faa3febf644fa78ab83a3a2ac6c8d853be6ef4abaaeb1243e20968a03","NO_APLICA"
"DA-01884","D","236","128","primera aparición de Bangiomorpha pubescens","primera aparición de Bangiomorpha pubescens","PRESENTE","PRESENTE","ACTUALIZADA","Fila final emparejada por identidad de dominio; cambios fijados por huellas inicial/final.","9d4e4b999fc9dce4a6c82f2314c0372324a08b4901faa7080f24b0836085b78f","f70e6a3f2193e7b1e6893ce3dd10ed6865f844adefc763741c2e27530dcd8336"
"DA-01885","D","237","129","formación de enjambres de Salpingoeca rosetta tras Vibrio fischeri","formación de enjambres de Salpingoeca rosetta tras Vibrio fischeri","PRESENTE","PRESENTE","ACTUALIZADA","Fila final emparejada por identidad de dominio; cambios fijados por huellas inicial/final.","3ece721a8d59532075fe9570f23445f589a80a6bf97267981eb9eadb05071597","65b9b288b9a419a40ac1c5535f58a8901c59b88897e495627b86d1d37fb89987"
"DA-01886","D","238","130","fusión celular de Salpingoeca rosetta","fusión celular de Salpingoeca rosetta","PRESENTE","PRESENTE","ACTUALIZADA","Fila final emparejada por identidad de dominio; cambios fijados por huellas inicial/final.","abf9fcec643bc08f6547055f67bf62f9f6d6cba28b5af40e0ec934a281c7ba66","1256c2b8d39466f558b31759c19789beed17185982d9408737bb9da16d39906c"
"DA-01887","D","239","131","publicación de Eucarya como dominio","publicación de Eucarya como dominio","PRESENTE","PRESENTE","ACTUALIZADA","Fila final emparejada por identidad de dominio; cambios fijados por huellas inicial/final.","141412ee3481da1c366ec68cc12ec1ee4cf9b25606bf51001021b3b48889f3eb","0cd3ebfeef12f05803b7a6f8a298d1fc2bc9118e863690e786a90539cf12bd0b"
"DA-01888","D","240","NO_APLICA","publicación del Madrid Code","NO_APLICA","PRESENTE","RETIRADA","RETIRADA","Instantánea externa y linaje de auditoría; retirada o consolidada sin reasignar silenciosamente la fila.","34dce1d65193fb1008c767f5606c3d8d73d14a8c6468adcfebff3a409c905b78","NO_APLICA"
"DA-01889","D","241","133","publicación del ICNP 2025 Revision","publicación del ICNP 2025 Revision","PRESENTE","PRESENTE","ACTUALIZADA","Fila final emparejada por identidad de dominio; cambios fijados por huellas inicial/final.","7084f5f92534aee0f8e2f2de45738dc5bc65f95ac641e1c144daeb96f5a51e7f","2c0291e5e7295a7fb2e670cc6323483181a98d93132efb163ba70a19d30ae115"
"DA-01890","D","242","NO_APLICA","publicación de PhyloCode versión 6","NO_APLICA","PRESENTE","RETIRADA","RETIRADA","Instantánea externa y linaje de auditoría; retirada o consolidada sin reasignar silenciosamente la fila.","967ae9c9e286a4c81f45187ecf36f273e0309ee56f35b9d24ff053596b915092","NO_APLICA"
"DA-01891","D","243","135","publicación de Phylonyms","publicación de Phylonyms","PRESENTE","PRESENTE","ACTUALIZADA","Fila final emparejada por identidad de dominio; cambios fijados por huellas inicial/final.","157a02e605d7d3ce00d7676607e13b3d84ec78b759de96b3524defbb13af7f3c","4acb0d787cadc7d53268d3a3da853db41059b9f52e4a882545ffba09b44ef23b"
"DA-01892","D","244","136","introducción de Unikonta en la fuente citada","introducción de Unikonta en la fuente citada","PRESENTE","PRESENTE","ACTUALIZADA","Fila final emparejada por identidad de dominio; cambios fijados por huellas inicial/final.","17eb52342ecb35aecdc8b87011c2794cdd41760c4e05080b6d830b5cb6278f51","be62cbb771b61fd4d4a899eecb2cf776c535c435c8a865a6bb751788c0c198ed"
"DA-01893","D","245","137","introducción de Amorphea en Adl et al.","introducción de Amorphea en Adl et al.","PRESENTE","PRESENTE","ACTUALIZADA","Fila final emparejada por identidad de dominio; cambios fijados por huellas inicial/final.","4a879d9487f27668bec6cab67043b28eadcb9e785073ca428127f6ad0df2e223","194ed973051c24ef5f450ad6328bd828d32798b55405e2d529d84829c767b6cf"
"DA-01894","D","246","138","propuesta de Obazoa","propuesta de Obazoa","PRESENTE","PRESENTE","ACTUALIZADA","Fila final emparejada por identidad de dominio; cambios fijados por huellas inicial/final.","46e3360b73e7bb4cc1d226165075f0afd2de9ca00dfa135dce426719a4d4c7cb","b266a77db11c415bec9056ad00b6e78c81ddb8c9e445d8533027d2c020f548a1"
"DA-01895","D","247","139","propuesta de Filozoa","propuesta de Filozoa","PRESENTE","PRESENTE","ACTUALIZADA","Fila final emparejada por identidad de dominio; cambios fijados por huellas inicial/final.","21f62f434e5f047337dcae8b4cd9ba68c26a7728ecb4ceee717493263fb87dbe","e15a7a5597a48e36b06b32800da6cd6b478778b95591c6059ce46a45a6c673eb"
"DA-01896","D","248","140","uso de Choanozoa sensu stricto por Brunet y King","uso de Choanozoa sensu stricto por Brunet y King","PRESENTE","PRESENTE","ACTUALIZADA","Fila final emparejada por identidad de dominio; cambios fijados por huellas inicial/final.","ba0c7e9aa609b813b6cf8807da973ea768709d76815ce6e4741714d0e6f9f950","1ee1e2cb563bad51f7d26c8a61e7c7b29132dae6ec32cb3358eb023bbf2bdac7"
"DA-01897","D","249","141","propuesta de Apoikozoa","propuesta de Apoikozoa","PRESENTE","PRESENTE","ACTUALIZADA","Fila final emparejada por identidad de dominio; cambios fijados por huellas inicial/final.","28a2df89a1dcb35c3637fad3762db4ca842a36e74fb061e6b79525d1d62c5487","1d362039536b2d240246b5176c84ce983aeeaaee53aa376ee76db842e1e4538c"
"DA-01898","D","250","142","propuesta de Pluriformea","propuesta de Pluriformea","PRESENTE","PRESENTE","ACTUALIZADA","Fila final emparejada por identidad de dominio; cambios fijados por huellas inicial/final.","fb39ad7a2c12bffc6447d0124181137219e5b6155442aa4a7e0daa5907758626","1cd3201dac875256bb253e9b1c0c7791fc75ddf116f8a50c875a423c26f15724"
"DA-01899","D","251","NO_APLICA","propuesta de Protista por Haeckel","NO_APLICA","PRESENTE","RETIRADA","RETIRADA","Instantánea externa y linaje de auditoría; retirada o consolidada sin reasignar silenciosamente la fila.","73655f66251acc8a5ef20eba1ce3a357923a5786b6ebcf00c937e64fcf3c3281","NO_APLICA"
"DA-01900","D","252","NO_APLICA","propuesta de Protozoa por Goldfuss","NO_APLICA","PRESENTE","RETIRADA","RETIRADA","Instantánea externa y linaje de auditoría; retirada o consolidada sin reasignar silenciosamente la fila.","f5a6e60358da80c69a3dcd07f1adaafaf016f954404ac589428ec4f3683cb7aa","NO_APLICA"
"DA-01901","D","253","NO_APLICA","publicación de Système des animaux sans vertèbres","NO_APLICA","PRESENTE","RETIRADA","RETIRADA","Instantánea externa y linaje de auditoría; retirada o consolidada sin reasignar silenciosamente la fila.","90dee47efbf64ca6756cf02b8ef18a3c84fe1242d59e7c8d52a9f522eabb8ec1","NO_APLICA"
"DA-01902","D","254","NO_APLICA","reintroducción de procariota–eucariota por Stanier y van Niel","NO_APLICA","PRESENTE","RETIRADA","RETIRADA","Instantánea externa y linaje de auditoría; retirada o consolidada sin reasignar silenciosamente la fila.","8d4177d7166c37fad64eb4ed2bbd86a5dbfdaaa730917ec5752d8a7c1469946d","NO_APLICA"
"DA-01903","D","255","147","propuesta de acritarch","propuesta de acritarch","PRESENTE","PRESENTE","ACTUALIZADA","Fila final emparejada por identidad de dominio; cambios fijados por huellas inicial/final.","1daede8c1d89e80131d2ba0190c4c4aaf79a2f82029141b03b71a699d34b13ff","38bc9b4050ff919c428a1786830fe85198a77f9929f4920e9da6689ce1bca6dc"
"DA-01904","D","256","148","sistema de cinco reinos","sistema de cinco reinos","PRESENTE","PRESENTE","ACTUALIZADA","Fila final emparejada por identidad de dominio; cambios fijados por huellas inicial/final.","0d85ef6d0646cfe114ce87867de7e0f1f244ed70a429364144369be3022dad14","a63917c81d8ee6edbcac72a3d46c64e5a5bb68cb50f596a60e989f7463022732"
"DA-01905","D","257","149","sistema de seis reinos","sistema de seis reinos","PRESENTE","PRESENTE","ACTUALIZADA","Fila final emparejada por identidad de dominio; cambios fijados por huellas inicial/final.","52c60e4f52c48e0c85ab8a0a6f338ca358e91ea7dc083a8a0ac06e00bbda6181","5c9750134fbe5fb2463ed5e36453aa353849de167ca1dec78a9bfad2506911ea"
"DA-01906","D","258","150","sistema de siete reinos","sistema de siete reinos","PRESENTE","PRESENTE","ACTUALIZADA","Fila final emparejada por identidad de dominio; cambios fijados por huellas inicial/final.","354fabef18e0c159efa31aeda66c017aa911d7b6d18832b3b247d4f009073b61","c30a8967a126237c6f523123a341e2299523eeb95b2e26a9e0d3c9d1be9e4133"
"DA-01907","D","259","151","revisión crítica de Archezoa","revisión crítica de Archezoa","PRESENTE","PRESENTE","ACTUALIZADA","Fila final emparejada por identidad de dominio; cambios fijados por huellas inicial/final.","06410139c1725129548b4fbab1927d765c5ceec9b70c9808b26547d555500623","75b64ab90e575582f3839365ccd0aa4a55c6d069e82b966b505c2ae953e2ee1d"
"DA-01908","D","260","152","análisis filogenómico de Excavata","análisis filogenómico de Excavata","PRESENTE","PRESENTE","ACTUALIZADA","Fila final emparejada por identidad de dominio; cambios fijados por huellas inicial/final.","352fd114756ede8982e18fdfbdb69f3876940fc27b769492c0408d2f8c575d51","ea72652ea5fc94155f04441ca7fed052abdcf2d44c9042f25e943328c00f432b"
"DA-01909","D","261","153","formulación chromalveolate citada","formulación chromalveolate citada","PRESENTE","PRESENTE","ACTUALIZADA","Fila final emparejada por identidad de dominio; cambios fijados por huellas inicial/final.","ccaa954fc2dce491bf1fd630d61766fdd7c66473b273d023e0b059bf9c6e7680","1bc51355e8dc5431e6e0c9291656abb549093de2213e67485066a61510cadc63"
"DA-01910","D","262","154","formulación de endosimbiosis seriada citada","formulación de endosimbiosis seriada citada","PRESENTE","PRESENTE","ACTUALIZADA","Fila final emparejada por identidad de dominio; cambios fijados por huellas inicial/final.","828c12c7e5e14c25c8ec5230a13e87030a7c40346893f35bc6975401057e070c","1cbf62cea370d3ae1f4e3923d3457eea4167123be91ed50158b699a97176ee1a"
"DA-01911","D","263","NO_APLICA","fecha de corte bibliográfico de la Parte 1D","NO_APLICA","PRESENTE","RETIRADA","RETIRADA","Instantánea externa; era metadato de publicación o fecha interna de corte sin C, no una estimación científica.","8b9534c377acc6e5502f5df26a9c0b705b4626248ee73b94acc3ae2d30eaa64e","NO_APLICA"
"DA-01912","D","264","155","división clonal de Choanoeca flexa","división clonal de Choanoeca flexa","PRESENTE","PRESENTE","ACTUALIZADA","Fila final emparejada por identidad de dominio; cambios fijados por huellas inicial/final.","de16f683b0203afb4ad937f04eccc9b66be6910f6423fa414232365162df0f9c","c4f9c353d298e92b9efc0c4107141ee182576e42d341362f70ea43cc5736708f"
"DA-01913","D","265","156","maduración agregativa de Choanoeca flexa","maduración agregativa de Choanoeca flexa","PRESENTE","PRESENTE","ACTUALIZADA","Fila final emparejada por identidad de dominio; cambios fijados por huellas inicial/final.","ce7afebc41c0584716acfd5979f45cc887daac77a6a399339691724043ec7bd2","31e14666c6c38c2d24a4232fbd4aa86b84be1ff00ef93a0c0c0c208520eac6b4"
"DA-01914","D","266","157","evaporación experimental de Choanoeca flexa","evaporación experimental de Choanoeca flexa","PRESENTE","PRESENTE","ACTUALIZADA","Fila final emparejada por identidad de dominio; cambios fijados por huellas inicial/final.","18070bb009170463cf2bce935dcb32096d982f70fc22d54db53d09247e238d50","cde2b4c8e87bde5339bcdb2a6616999e90f84cb9d46889647d911acf8a081d72"
"DA-01915","D","267","158","respuesta inicial de Capsaspora a lípidos","respuesta inicial de Capsaspora a lípidos","PRESENTE","PRESENTE","ACTUALIZADA","Fila final emparejada por identidad de dominio; cambios fijados por huellas inicial/final.","a79e92de8cd8d612ead78aa44452a2c045f16ee761fa718bfc3a8a9c0d0c2d5a","3b363ee05ebf105d2042ce40df7c07ee4454a80a1f13025d18276bc7ad91d879"
"DA-01916","D","268","159","formación temprana de agregados de Ministeria vibrans","formación temprana de agregados de Ministeria vibrans","PRESENTE","PRESENTE","ACTUALIZADA","Fila final emparejada por identidad de dominio; cambios fijados por huellas inicial/final.","da5de92f04c291f3670e187bcd30604617fc083a5c802305f7e79d380ab8a071","0bc828ff9959c54b6abe48ef2b26602b1f48d896fbc7c5bf74d7ab08c481f0b3"
"DA-01917","D","269","160","aparición de levadura snowflake","aparición de levadura snowflake","PRESENTE","PRESENTE","ACTUALIZADA","Fila final emparejada por identidad de dominio; cambios fijados por huellas inicial/final.","5d0ba90f005c00ec0ced337b663063323fdd84b55af27b86c069d6c1aad2dc3e","990bfa2ae378e2ce7359f9142dd67a3729a5f7a74f76eddaddba288dbb265eef"
"DA-01918","D","270","161","evolución macroscópica de levadura snowflake","evolución macroscópica de levadura snowflake","PRESENTE","PRESENTE","ACTUALIZADA","Fila final emparejada por identidad de dominio; cambios fijados por huellas inicial/final.","7e1a9b4f8ced9714bd88b2342cf445369e4e8254e93d1cccff135207ae376085","415cf1afacaf14e7d1648cdb84293287c7906675d7b3bde3343d2cf80f8086a3"
"DA-01919","D","271","162","inicio observado de agregación de Choanoeca flexa tras disociación","inicio observado de agregación de Choanoeca flexa tras disociación","PRESENTE","PRESENTE","ACTUALIZADA","Fila final emparejada por identidad de dominio; cambios fijados por huellas inicial/final.","52a9889dd2e7bbea956d8e34cc5b4b964d6b71e64a4428650f220c62c0291aed","28ab2eb153445af2999a8fc3e3bc26764fbce1929de5697a26015a26f6bf78b9"
"DA-01920","D","272","163","recuento de células de láminas agregativas de Choanoeca flexa","recuento de células de láminas agregativas de Choanoeca flexa","PRESENTE","PRESENTE","ACTUALIZADA","Fila final emparejada por identidad de dominio; cambios fijados por huellas inicial/final.","1741f828635aae4f34fb328c13f5385f489fb167a07542a8164863633e9ec748","00c1da724c8d4212af6fd81e277cb8b19df6235583e09fd7f9a3cda8a48e5ea8"
"DA-01921","D","273","164","depósitos glaciares paleoproterozoicos huronianos y correlativos","depósitos glaciares paleoproterozoicos huronianos y correlativos","PRESENTE","PRESENTE","ACTUALIZADA","Fila final emparejada por identidad de dominio; cambios fijados por huellas inicial/final.","a4b5287e0e0171f03b06576a2a08d2b390dfe648745013e8f142903f05e5bc6b","4c2cdece0a5aef0f682ee03c7ffc0f41783a604b2d07493a2c8d6a482f2ede4b"
"DA-01922","D","274","165","tres episodios glaciares paleoproterozoicos tempranos","tres episodios glaciares paleoproterozoicos tempranos","PRESENTE","PRESENTE","ACTUALIZADA","Fila final emparejada por identidad de dominio; cambios fijados por huellas inicial/final.","1a7b55684dd448f1aca26f1ac9b304e58ed091852bf29c62da56e78ef911b8f4","03be7f6246e3302935fdc814f1ff8a62c4f9bd5ea040e6acb34d1fd107789136"
"DA-01923","D","275","166","episodio glacial paleoproterozoico final sudafricano","episodio glacial paleoproterozoico final sudafricano","PRESENTE","PRESENTE","ACTUALIZADA","Fila final emparejada por identidad de dominio; cambios fijados por huellas inicial/final.","71e3644277385b44bd2be0ca13882e62a8b6f63696c7a530613755d2088c4345","742937bfc0354935497397d9c9255780d2ed47b625956e8cbe95581ee0b6cccb"
"DA-01924","D","276","167","sedimento de permafrost que contenía *Pithovirus sibericum*","sedimento de permafrost que contenía *Pithovirus sibericum*","PRESENTE","PRESENTE","ACTUALIZADA","Fila final emparejada por identidad de dominio; cambios fijados por huellas inicial/final.","292a54b0f456d3c3d4665aadcc317677309c317360f200c35444fed99294435b","685f0419aa277d268c6487d16074a5e9368af5d27787b2e2180c1e87dbf476da"
"DA-01925","D","277","168","uso científico más antiguo de missing link verificado en esta revisión","uso científico más antiguo de missing link verificado en esta revisión","PRESENTE","PRESENTE","ACTUALIZADA","Fila final emparejada por identidad de dominio; cambios fijados por huellas inicial/final.","b35adbfa737c7e873282da24abf79b6869b62f57fb9ba26fa155c5ed13a11a99","f53cdfe954a7c8d227369e28218ce68bdfcb0b351fce49f76ef635f32414830a"
"DA-01926","D","278","169","uso filogenético más antiguo de basal lineage verificado en esta revisión","uso filogenético más antiguo de basal lineage verificado en esta revisión","PRESENTE","PRESENTE","ACTUALIZADA","Fila final emparejada por identidad de dominio; cambios fijados por huellas inicial/final.","d47139110de3c299b94616ca3309c06e6a4af6aa060060548d13357e5ce746cd","83ec04c3a9dabdfffc394220c892be938bbae0bd8d85580662fb67b551fe4048"
"DA-01927","D","279","NO_APLICA","material putativo de coanoflagelado de la Formación Capas Blancas","NO_APLICA","PRESENTE","RETIRADA","RETIRADA","Instantánea externa y linaje de auditoría; retirada o consolidada sin reasignar silenciosamente la fila.","45cab1cab94e651e7d15e6a9ebcff1d8c84272e673e1ed168dfc9cae0a0f10ea","NO_APLICA"
"DA-01928","D","280","171","Formación Xiamaling usada para termometría de isótopos agrupados","Formación Xiamaling usada para termometría de isótopos agrupados","PRESENTE","PRESENTE","ACTUALIZADA","Fila final emparejada por identidad de dominio; cambios fijados por huellas inicial/final.","72103aa8f55e4585d853c06f3c7ed784bca245e00e9e2e41e1acb6d6c094bdcc","894ff179213b8de1c8d638a3608d53cc15ec3e08b280c47630069a9434671ede"
"DA-01929","D","281","172","Miembro III de Gaoyuzhuang usado para el modelo de fondo marino oxigenado","Miembro III de Gaoyuzhuang usado para el modelo de fondo marino oxigenado","PRESENTE","PRESENTE","ACTUALIZADA","Fila final emparejada por identidad de dominio; cambios fijados por huellas inicial/final.","be2da59708e91134e66656307cbe816fed7dd1116dba8426012c63329cf5aab1","cca49fe199282d5c9160b3994b92dea90cdc391e246c8e4e74735ca794724a2a"
"DA-01930","D","282","173","intervalo de oxigenación relativamente sostenida sintetizado por Jia et al.","intervalo de oxigenación relativamente sostenida sintetizado por Jia et al.","PRESENTE","PRESENTE","ACTUALIZADA","Fila final emparejada por identidad de dominio; cambios fijados por huellas inicial/final.","aa1b87dba6a80683c80c9615225bb7b202c649cf8abfcc990dd93de524d79e54","e331294a2bf239bef4b1191575b111e2ddab7b042e1ec5b88951bcd7b8b06985"
"DA-01931","D","283","174","origen probable de cuatro grupos con especialización osmotrófica","origen probable de cuatro grupos con especialización osmotrófica","PRESENTE","PRESENTE","ACTUALIZADA","Fila final emparejada por identidad de dominio; cambios fijados por huellas inicial/final.","5543caa3ebad78c9a8a8ce9cff6774dc4c619af31086e27bfba0cf9483ee8cd8","c9f1a552fb9cd9edc617c29f4060e2bceaf65253c11de27ac9342e697c16646b"
"DA-01932","D","NO_APLICA","52","NO_APLICA","crecimiento completo de Promethearchaeum syntrophicum","AUSENTE","PRESENTE","ALTA","Fila nueva del apéndice final; huella final fijada.","NO_APLICA","4e7aad20fb3b4776749dd30004e37a1dd4c56740bd48bffc7d76713d2615c386"
"DA-01933","D","NO_APLICA","59","NO_APLICA","ambiente paleoproterozoico postulado por la sintrofía revisada","AUSENTE","PRESENTE","ALTA","Fila nueva del apéndice final; huella final fijada.","NO_APLICA","d821b7850393429c71a5a5df17cb3f8b12a1e779c39c7f48c69cf8029555b64f"
"DA-01934","D","NO_APLICA","65","NO_APLICA","Amorphea","AUSENTE","PRESENTE","ALTA","Fila nueva del apéndice final; huella final fijada.","NO_APLICA","54a2f5720cbdd3b34aa75892aab1dbaa764e4218ffd19fe3b0e830117049d218"
"DA-01935","D","NO_APLICA","66","NO_APLICA","Amoebozoa corona","AUSENTE","PRESENTE","ALTA","Fila nueva del apéndice final; huella final fijada.","NO_APLICA","a51b74e83084a75b5af9c422a5e51fd0637911a2256ec165421b4bc39a702923"
"DA-01936","D","NO_APLICA","67","NO_APLICA","Obazoa","AUSENTE","PRESENTE","ALTA","Fila nueva del apéndice final; huella final fijada.","NO_APLICA","0b7f34abeff8fcfeb6b3066cc89bda39d1bf78cccd2113fd45d15a1227460d97"
"DA-01937","D","NO_APLICA","68","NO_APLICA","tallo Apusomonadida–Opisthokonta; no corona Apusomonadida","AUSENTE","PRESENTE","ALTA","Fila nueva del apéndice final; huella final fijada.","NO_APLICA","2f9b23a3940f61bee3b845562cac0a4d68f4183ae289bff560b651fe9c4a9085"
"DA-01938","D","NO_APLICA","69","NO_APLICA","Breviatea corona","AUSENTE","PRESENTE","ALTA","Fila nueva del apéndice final; huella final fijada.","NO_APLICA","b50ddd758dca9190ccd3a55d3cebc51eefbbb4dfa3367ab393ae069fcdfca54a"
"DA-01939","D","NO_APLICA","70","NO_APLICA","Ichthyosporea corona","AUSENTE","PRESENTE","ALTA","Fila nueva del apéndice final; huella final fijada.","NO_APLICA","6491cfb3be8413569c6e7ca5a3ffd6c4e21743205e2a267a62d110a7caa9ee33"
"DA-01940","D","NO_APLICA","71","NO_APLICA","Pluriformea corona muestreada","AUSENTE","PRESENTE","ALTA","Fila nueva del apéndice final; huella final fijada.","NO_APLICA","1ad6d8ea36d522822fe87c4adce8bab5ccc3d26dd004447be368b7fa1979a5ac"
"DA-01941","D","NO_APLICA","72","NO_APLICA","Filasterea corona","AUSENTE","PRESENTE","ALTA","Fila nueva del apéndice final; huella final fijada.","NO_APLICA","d2bae454a08f7d0497c7528d3b674d36927c2a45796215e5c817ae8691ca451d"
"DA-01942","D","NO_APLICA","73","NO_APLICA","Filozoa","AUSENTE","PRESENTE","ALTA","Fila nueva del apéndice final; huella final fijada.","NO_APLICA","21727d1003dbb34407169891a537938a23b6b9a2adae0281f1fad0fd1d80391c"
"DA-01943","D","NO_APLICA","115","NO_APLICA","publicación del aislamiento histórico atribuido a *Pelomyxa*","AUSENTE","PRESENTE","ALTA","Fila nueva del apéndice final; huella final fijada.","NO_APLICA","9f41bf081943f4c547d7bd7cbafc5c2ff55c7244c549a733cfccdb633cb8e002"
"DA-01944","D","NO_APLICA","116","NO_APLICA","reexamen de endosimbiontes de *Pelomyxa palustris*","AUSENTE","PRESENTE","ALTA","Fila nueva del apéndice final; huella final fijada.","NO_APLICA","5ecbb977c91f207b5c932bedfd0920434b748be30bc00da0af0ebc6a52b8792a"
"DA-01945","D","NO_APLICA","117","NO_APLICA","reclamo de HGT extensa en tardígrado","AUSENTE","PRESENTE","ALTA","Fila nueva del apéndice final; huella final fijada.","NO_APLICA","24b87a5b6799209984f5593431aae7773709bcfe00b3a6193b50bb2d44458c09"
"DA-01946","D","NO_APLICA","118","NO_APLICA","reensamblaje que cuestionó HGT extensa en tardígrado","AUSENTE","PRESENTE","ALTA","Fila nueva del apéndice final; huella final fijada.","NO_APLICA","f051ac4a35f329fa7a54ca60fcf9337ad16ab6062b3e463eb53140e76333cf04"
"DA-01947","D","NO_APLICA","119","NO_APLICA","formulación poblacional de origen de complejidad","AUSENTE","PRESENTE","ALTA","Fila nueva del apéndice final; huella final fijada.","NO_APLICA","4af459f986816c82f1a7d5145d0616cd3f4f5ade368c911b2d2d0b213571b551"
"DA-01948","D","NO_APLICA","120","NO_APLICA","hipótesis energética mitocondrial","AUSENTE","PRESENTE","ALTA","Fila nueva del apéndice final; huella final fijada.","NO_APLICA","b6096853ccd70fa02aa82043b0abbb54217d7057c800eeb02e1275ef727946ce"
"DA-01949","D","NO_APLICA","121","NO_APLICA","estimación de costes de un gen","AUSENTE","PRESENTE","ALTA","Fila nueva del apéndice final; huella final fijada.","NO_APLICA","debefe164d3b3f0f72b7fd6c9f266cc1f8cb1b546d405bb3011ee9a3555628f8"
"DA-01950","D","NO_APLICA","122","NO_APLICA","réplica y contrarréplica energética","AUSENTE","PRESENTE","ALTA","Fila nueva del apéndice final; huella final fijada.","NO_APLICA","9eabb0a77705da06c5adcc28f6e73c90d9235b0a8fd6bc2cd6ff66ff8cbf206d"
"DA-01951","D","NO_APLICA","123","NO_APLICA","modelo de membranas eucariotas","AUSENTE","PRESENTE","ALTA","Fila nueva del apéndice final; huella final fijada.","NO_APLICA","a4e0f23d4c2afd08832a6393bb5e0e2da65782d1b813bd173922a53b560d41f3"
"DA-01952","D","NO_APLICA","124","NO_APLICA","auditoría y respuesta sobre datos","AUSENTE","PRESENTE","ALTA","Fila nueva del apéndice final; huella final fijada.","NO_APLICA","cf9468c5ce1fc281041d913e594c4e6e2c4087a4d4afeb29a70040c2bd2f8ab5"
"DA-01953","D","NO_APLICA","125","NO_APLICA","reanálisis de energetics mitocondrial","AUSENTE","PRESENTE","ALTA","Fila nueva del apéndice final; huella final fijada.","NO_APLICA","6f3d24a535939c0fbd290cec8e78d9fca012d346a9b0ae584fbb4085598da806"
"DA-01954","D","NO_APLICA","126","NO_APLICA","síntesis de costes celulares","AUSENTE","PRESENTE","ALTA","Fila nueva del apéndice final; huella final fijada.","NO_APLICA","e89336d14c32503cb7fdef250d404ce768dae89417302b5c78cfa74b62f44314"
"DA-01955","D","NO_APLICA","127","NO_APLICA","comparación de Ne en eucariotas","AUSENTE","PRESENTE","ALTA","Fila nueva del apéndice final; huella final fijada.","NO_APLICA","c1d1914a99991740425c729ef16f60548958902dd95f7c5a3b23dfb2c86b9f9b"
"DA-01956","D","NO_APLICA","132","NO_APLICA","publicación del Madrid Code","AUSENTE","PRESENTE","ALTA","Fila nueva del apéndice final; huella final fijada.","NO_APLICA","4d2d5450de5080d87040fe3f40788923454c6532ec1d0be20930025e084e4bf6"
"DA-01957","D","NO_APLICA","134","NO_APLICA","publicación de PhyloCode versión 6","AUSENTE","PRESENTE","ALTA","Fila nueva del apéndice final; huella final fijada.","NO_APLICA","82d8cb4e74460840e0f4cba09ce4572030f422692056d4c3b7e88a5235582f20"
"DA-01958","D","NO_APLICA","143","NO_APLICA","propuesta de Protista por Haeckel","AUSENTE","PRESENTE","ALTA","Fila nueva del apéndice final; huella final fijada.","NO_APLICA","4dff242d6be386468766c5a60259c9c6a65c4b3847706e0c5b92fab45d4ab95d"
"DA-01959","D","NO_APLICA","144","NO_APLICA","aparición y sistematización inicial de Protozoa por Goldfuss","AUSENTE","PRESENTE","ALTA","Fila nueva del apéndice final; huella final fijada.","NO_APLICA","709e71666eecc354f9e5280826d1614917fbc2a1ceb3ec2156dc705fad20091b"
"DA-01960","D","NO_APLICA","145","NO_APLICA","publicación de Système des animaux sans vertèbres","AUSENTE","PRESENTE","ALTA","Fila nueva del apéndice final; huella final fijada.","NO_APLICA","4f04f23aa0ac2be13b4983f6f08d1f12cca68a021dadf687d2ceb441f6c1d56f"
"DA-01961","D","NO_APLICA","146","NO_APLICA","reintroducción de procariota–eucariota por Stanier y van Niel","AUSENTE","PRESENTE","ALTA","Fila nueva del apéndice final; huella final fijada.","NO_APLICA","0fb22e86728d13992a773577c8333eaa2090296adc190dc7fd44e454842ff6e9"
"DA-01962","D","NO_APLICA","170","NO_APLICA","material putativo de coanoflagelado de la Formación Capas Blancas","AUSENTE","PRESENTE","ALTA","Fila nueva del apéndice final; huella final fijada.","NO_APLICA","080c5c1c890e02ecceaa4c6680bbf8d83bfd92abfaae5b710409bcd3a2ebc8ac"
"DA-01963","D","NO_APLICA","175","NO_APLICA","fósiles eucariotas más antiguos del conjunto de Lechte et al.","AUSENTE","PRESENTE","ALTA","Fila nueva del apéndice final; huella final fijada.","NO_APLICA","0f12d61d95e393e94354b49b92a79abb21d37fbd25b98a732ae8b05731cfb5d1"
"DA-01964","D","NO_APLICA","176","NO_APLICA","raíz Discoba en Sandin et al.","AUSENTE","PRESENTE","ALTA","Fila nueva del apéndice final; huella final fijada.","NO_APLICA","e40ba0cef8d8c32759292e56e4ab0dc5b110fdb708eb406ae27cd89038500617"
"DA-01965","D","NO_APLICA","177","NO_APLICA","Amorphea en Sandin et al.","AUSENTE","PRESENTE","ALTA","Fila nueva del apéndice final; huella final fijada.","NO_APLICA","cfe335a2a56e7efdadb345b8d594a0bafeb7871358a6e1e4f97b7f46ce7610de"
"DA-01966","D","NO_APLICA","178","NO_APLICA","LECA en el escenario Rafatazmia dudosa de Sandin et al.","AUSENTE","PRESENTE","ALTA","Fila nueva del apéndice final; huella final fijada.","NO_APLICA","7e0fc085a34c00622572c487b37d1817fca3c0afbbea56811e14f9a825cde294"
"DA-01967","D","NO_APLICA","179","NO_APLICA","Amorphea, sensibilidad de raíz de S126","AUSENTE","PRESENTE","ALTA","Fila nueva del apéndice final; huella final fijada.","NO_APLICA","fb84ff438fb71f50eeb47021727ab714b266f17f41e10280e8c10667130cd87c"
"DA-01968","D","NO_APLICA","180","NO_APLICA","Amoebozoa corona, sensibilidad de raíz de S126","AUSENTE","PRESENTE","ALTA","Fila nueva del apéndice final; huella final fijada.","NO_APLICA","498e3410f3baad0df35c3f801f39dd34d174618fdcfa38a5fa27530059a52c59"
"DA-01969","D","NO_APLICA","181","NO_APLICA","Obazoa, sensibilidad de raíz de S126","AUSENTE","PRESENTE","ALTA","Fila nueva del apéndice final; huella final fijada.","NO_APLICA","f5410efb0e2bf305824d4508d45cdb869b693de54d8e0905a7d365ee5911adc9"
"DA-01970","D","NO_APLICA","182","NO_APLICA","tallo Apusomonadida–Opisthokonta, sensibilidad de raíz de S126","AUSENTE","PRESENTE","ALTA","Fila nueva del apéndice final; huella final fijada.","NO_APLICA","e57f91c032bcd5d45d8dc2504d2ca2133b6a05080a2cca36697a7e04e39ec110"
"DA-01971","D","NO_APLICA","183","NO_APLICA","Breviatea corona, sensibilidad de raíz de S126","AUSENTE","PRESENTE","ALTA","Fila nueva del apéndice final; huella final fijada.","NO_APLICA","b0513ae9fdc41f6c72cea248dff5b86bff3e8fc19487d2afb105f83022ef78dd"
"DA-01972","D","NO_APLICA","184","NO_APLICA","Ichthyosporea corona, sensibilidad de raíz de S126","AUSENTE","PRESENTE","ALTA","Fila nueva del apéndice final; huella final fijada.","NO_APLICA","aa6919a09b0fc4a187f27ca7601f5e25aac1c50265449eeee15f4dc0d817a2c1"
"DA-01973","D","NO_APLICA","185","NO_APLICA","Pluriformea corona muestreada, sensibilidad de raíz de S126","AUSENTE","PRESENTE","ALTA","Fila nueva del apéndice final; huella final fijada.","NO_APLICA","6becb2847f42a149765746efef31161b75aec6ec196f05c0e6d5c4abb37bf88c"
"DA-01974","D","NO_APLICA","186","NO_APLICA","Filasterea corona, sensibilidad de raíz de S126","AUSENTE","PRESENTE","ALTA","Fila nueva del apéndice final; huella final fijada.","NO_APLICA","98fafc018e2b29e04e8bd04f4874208fdbc1492af87bfd96ba23d03fd146a5e5"
"DA-01975","D","NO_APLICA","187","NO_APLICA","Filozoa, sensibilidad de raíz de S126","AUSENTE","PRESENTE","ALTA","Fila nueva del apéndice final; huella final fijada.","NO_APLICA","4bedf6b4443313c278f988f3cc5bcb4b97ca15d09f69ea6ecca60c629b79a8a8"
"DA-01976","D","NO_APLICA","188","NO_APLICA","uso por Chatton de las formas procaryotes y eucaryotes","AUSENTE","PRESENTE","ALTA","Fila nueva del apéndice final; huella final fijada.","NO_APLICA","9a736750afce014c0dbf814ab54b2ade4609ecc5236bb09c7f9c88ebf73599cd"
"DA-01977","D","NO_APLICA","189","NO_APLICA","publicación del compendio posterior de Chatton","AUSENTE","PRESENTE","ALTA","Fila nueva del apéndice final; huella final fijada.","NO_APLICA","317928ce3820dae442d0fe0a03021fc82670ef261607d1a38059c8ba41da4cdd"
"DA-01978","D","NO_APLICA","190","NO_APLICA","sustitución nomenclatural de Candidatus Prometheoarchaeum syntrophicum por Promethearchaeum syntrophicum","AUSENTE","PRESENTE","ALTA","Fila nueva del apéndice final; huella final fijada.","NO_APLICA","a2c641ed4a93c95155c580a2b8b2d8e828b9f810db107adb8dbd520ef581612f"
"DA-01979","D","NO_APLICA","191","NO_APLICA","versión de la Tabla Cronoestratigráfica Internacional usada","AUSENTE","PRESENTE","ALTA","Fila nueva del apéndice final; huella final fijada.","NO_APLICA","0dcaa31a949d3ac7e49889ff92356875631d5a6e74df589f000a5d1f857a6365"
"DA-01980","D","NO_APLICA","192","NO_APLICA","propuesta atribuida del acrónimo LUCA","AUSENTE","PRESENTE","ALTA","Fila nueva del apéndice final; huella final fijada.","NO_APLICA","b73e48091169c0db0ad3e4ad8c3a2cd86a8221a60435577dd128c6ec92c9dad2"
"DA-01981","D","NO_APLICA","193","NO_APLICA","uso conjunto localizado de LUCA, LBCA, LACA, FECA y LECA","AUSENTE","PRESENTE","ALTA","Fila nueva del apéndice final; huella final fijada.","NO_APLICA","e1ee0bc42992b27f716be6ee2ad317785da834fe974f5b2c08863c0f85f18c88"
"DA-01982","D","NO_APLICA","194","NO_APLICA","designación explícita de LBCA y LACA por Wächtershäuser","AUSENTE","PRESENTE","ALTA","Fila nueva del apéndice final; huella final fijada.","NO_APLICA","874691fc4e41864305b88ae6c71a5754fcb6ee24a3fa8280a19144fe0e832946"
"DA-01983","D","NO_APLICA","195","NO_APLICA","propuesta de la hipótesis del hidrógeno","AUSENTE","PRESENTE","ALTA","Fila nueva del apéndice final; huella final fijada.","NO_APLICA","1bd47ace75e8e2aeb388874ff5f30ecc8f9de8266c62b606b0924afcd03bcf04"
"DA-01984","D","NO_APLICA","196","NO_APLICA","propuesta de la hipótesis sintrófica original","AUSENTE","PRESENTE","ALTA","Fila nueva del apéndice final; huella final fijada.","NO_APLICA","cba9524f89ccbf276f8c9ffe843b8e371f58b2e416163c0c0bcc5ee1e74919b7"
"DA-01985","D","NO_APLICA","197","NO_APLICA","reformulación de la hipótesis sintrófica con Asgardarchaeota","AUSENTE","PRESENTE","ALTA","Fila nueva del apéndice final; huella final fijada.","NO_APLICA","181f65c3653cbb73944d12d79748898bb0019655160124d67debbbe52b3f91e2"
"DA-01986","D","NO_APLICA","198","NO_APLICA","propuesta del modelo inside-out","AUSENTE","PRESENTE","ALTA","Fila nueva del apéndice final; huella final fijada.","NO_APLICA","a92eb9fcc68a67b572dd7b669d7fc96837b88c6cf8ab291e9dce9a555262ee0d"
"DA-01987","D","NO_APLICA","199","NO_APLICA","propuesta del modelo de flujo inverso","AUSENTE","PRESENTE","ALTA","Fila nueva del apéndice final; huella final fijada.","NO_APLICA","47efeb4f9b8adede858eb9447abdadf4daa231fa0808820b7f29d7523949a725"
"DA-01988","D","NO_APLICA","200","NO_APLICA","propuesta del modelo E3","AUSENTE","PRESENTE","ALTA","Fila nueva del apéndice final; huella final fijada.","NO_APLICA","9f8577265697ed7d0090d24d00f6bec9283e4d169d45d48f2a7deff2a37dbeed"
"DA-01989","D","NO_APLICA","201","NO_APLICA","propuesta de la hipótesis de invasión de intrones","AUSENTE","PRESENTE","ALTA","Fila nueva del apéndice final; huella final fijada.","NO_APLICA","ac19a386cb5fa9b0b8c96ba707278733a6b892c4a831fee52e44d5303687db4f"
"DA-01990","D","NO_APLICA","202","NO_APLICA","propuesta de la hipótesis viral del núcleo por Bell","AUSENTE","PRESENTE","ALTA","Fila nueva del apéndice final; huella final fijada.","NO_APLICA","a29c807604fc795423ab5c22db2a0331fa96401aaec0484562af974e4b9e74e4"
"DA-01991","D","NO_APLICA","203","NO_APLICA","propuesta de la variante poxviral del núcleo por Takemura","AUSENTE","PRESENTE","ALTA","Fila nueva del apéndice final; huella final fijada.","NO_APLICA","e8c37312fe6544f23debee8f1cae88a7281701ae7a5519ef1bcf845bb0b2803d"
"DA-01992","D","NO_APLICA","204","NO_APLICA","actualización de la hipótesis viral mediante virus gigantes de ADN","AUSENTE","PRESENTE","ALTA","Fila nueva del apéndice final; huella final fijada.","NO_APLICA","ec1d73e6723cf4ce34cfbd69ab4027109585b15106babea79eebcbae7c1f8b86"
"DA-01993","D","NO_APLICA","205","NO_APLICA","actualización medusaviral de la hipótesis viral del núcleo","AUSENTE","PRESENTE","ALTA","Fila nueva del apéndice final; huella final fijada.","NO_APLICA","515ca01c7f5d0949aac5618d136f05cc7810dfb711ea548e7ca9c4ea20660c9b"
"DA-01994","D","NO_APLICA","206","NO_APLICA","propuesta autógena de invaginación de núcleo y endomembranas","AUSENTE","PRESENTE","ALTA","Fila nueva del apéndice final; huella final fijada.","NO_APLICA","c6ea05f6d394aaac8dad79f56174d884b7e101ce65684b95872546033d36b1da"
"DA-01995","D","NO_APLICA","207","NO_APLICA","propuesta de la hipótesis del protocoatómero","AUSENTE","PRESENTE","ALTA","Fila nueva del apéndice final; huella final fijada.","NO_APLICA","05c485a44b18cd54ae7d774d9362a39163e9f98a4cac7b5de6f6dc8a5e8a2efe"
"DA-01996","D","NO_APLICA","208","NO_APLICA","designación explícita de FECA por Makarova et al.","AUSENTE","PRESENTE","ALTA","Fila nueva del apéndice final; huella final fijada.","NO_APLICA","acf8516f90bbeff392a3ffdeeae62ed18a86c542303b144b58f205f5981f0e38"
"DA-01997","D","NO_APLICA","209","NO_APLICA","circunscripciones originales de Opimoda y Diphoda usadas para la comparación","AUSENTE","PRESENTE","ALTA","Fila nueva del apéndice final; huella final fijada.","NO_APLICA","01ddf2979ca3aef7844876e2eadad6a3100eb54909800989f41ebb4275c8db5d"
"DA-01998","D","NO_APLICA","210","NO_APLICA","propuesta de Sulcozoa en la clasificación citada","AUSENTE","PRESENTE","ALTA","Fila nueva del apéndice final; huella final fijada.","NO_APLICA","75b8f6f84f8c572170cfdedeed21010fac736fb5c509cdee3a7121be666457e9"
"DA-01999","D","NO_APLICA","211","NO_APLICA","uso de Amorphea en la clasificación de Adl et al.","AUSENTE","PRESENTE","ALTA","Fila nueva del apéndice final; huella final fijada.","NO_APLICA","31bd5758dd2febc13a04460cd914516402fe8444a748889d88fba4b1e3ae98bb"
"DA-02000","D","NO_APLICA","212","NO_APLICA","circunscripción original de Pluriformea de Hehenberger et al.","AUSENTE","PRESENTE","ALTA","Fila nueva del apéndice final; huella final fijada.","NO_APLICA","c181039f779297f58aa20d615821ba2170796da6e1105054b7a49bcc6547384b"
"DA-02001","D","NO_APLICA","213","NO_APLICA","preferencia de Adl et al. por Choanozoa frente a Apoikozoa","AUSENTE","PRESENTE","ALTA","Fila nueva del apéndice final; huella final fijada.","NO_APLICA","b6f28eb473dbcd834c77677cadd41309978c93dfaba95205409ec656f9678821"
"DA-02002","E","2","2","H01","H01","PRESENTE","PRESENTE","ACTUALIZADA","Fila final emparejada por identidad de dominio; cambios fijados por huellas inicial/final.","3761675a0479f0e7e53d6e065db5540d033375afc29d7baa4bb56e68f99e5cdb","dd4a7ea0bc31b722c6036158362ac19313082279c048b01af96a535300836b14"
"DA-02003","E","3","3","H02","H02","PRESENTE","PRESENTE","ACTUALIZADA","Fila final emparejada por identidad de dominio; cambios fijados por huellas inicial/final.","1a985fe41adc6303cd3fd622793d7c1730227aedffa587fdf73e09be11d6ccc4","b1c35d369f8bdf2ad8560dd66a227b9cc6d14827fb8412c41b4bb1d95c751c19"
"DA-02004","E","4","4","H03","H03","PRESENTE","PRESENTE","ACTUALIZADA","Fila final emparejada por identidad de dominio; cambios fijados por huellas inicial/final.","42fe18ef3e149e9971c00d68fe17913181e421bc957866734caccfe3ecca59ca","ffae28f39d8a487e7d606c1b07ca423008c27fe8bfa64806823254909308cb1b"
"DA-02005","E","5","5","H04","H04","PRESENTE","PRESENTE","ACTUALIZADA","Fila final emparejada por identidad de dominio; cambios fijados por huellas inicial/final.","cd155f416cbadd897c1d7ba1f4a538a1d095698f9382a292a8c57fa2eb400ade","c165189e760dc14f300dbd3288529f0e34659136c56cb7685b3a1f30bd850144"
"DA-02006","E","6","6","H05","H05","PRESENTE","PRESENTE","ACTUALIZADA","Fila final emparejada por identidad de dominio; cambios fijados por huellas inicial/final.","a8bdf856edc0e9227eab803211b4ae418ea97d6ea1c7e96429105fde4ba26679","945c3e8e8cb9e84a43c9a7c5d00fbd4235ad978d51e3167c64ea61f27d96a37c"
"DA-02007","E","7","7","H06","H06","PRESENTE","PRESENTE","ACTUALIZADA","Fila final emparejada por identidad de dominio; cambios fijados por huellas inicial/final.","90e6a62a1416934d64906d24ee95d9b4eef8af749685a2bac19348983f747005","dae6a0e57303ac4d7b8eaa2543aa33c86fc95a7d308656bd35c286fda803d3fd"
"DA-02008","E","8","8","H07","H07","PRESENTE","PRESENTE","ACTUALIZADA","Fila final emparejada por identidad de dominio; cambios fijados por huellas inicial/final.","a338665993e6f5c1c526678502c9163719614ba34c5078d5aa6248debccb6603","1ea2c3b6c4e4ad32453906c952e8e5ae5421fc974a9ebaff25e49334c28e8d1a"
"DA-02009","E","9","9","H08","H08","PRESENTE","PRESENTE","ACTUALIZADA","Fila final emparejada por identidad de dominio; cambios fijados por huellas inicial/final.","e7a60a6983fe351f8dd1f866a11f8b8f4c4ca315e11105015e99eac35c764fd2","376070467e685122d06888937a7bf5205e424e7ac6e7f1329ae83f54c812973e"
"DA-02010","E","10","10","H09","H09","PRESENTE","PRESENTE","ACTUALIZADA","Fila final emparejada por identidad de dominio; cambios fijados por huellas inicial/final.","30587d99d0c610aaed3f5abea780ad36dcb6da6b47f350a2d7abac1a99bc824f","e7ef676b03ef947ba04d0f3ef498e8dfd8545d8e8b468906e324db0342d3eb2d"
"DA-02011","E","11","11","H10","H10","PRESENTE","PRESENTE","ACTUALIZADA","Fila final emparejada por identidad de dominio; cambios fijados por huellas inicial/final.","03933757743fe7f211c3e093a94030a26e4165cdda14000a112458a9f92c8512","6cf02bcfeb24248681e9f2faf8625d57c92195804895b4802639feb4a883887f"
"DA-02012","E","12","12","H11","H11","PRESENTE","PRESENTE","ACTUALIZADA","Fila final emparejada por identidad de dominio; cambios fijados por huellas inicial/final.","c55b823172f67be03269fed609347293450242d1cf9949663ca3bf0ecdac6dc2","210b13475a4094ce55943cd4c4b8b0f4603c891432b6be225a7634b50a2a9da2"
"DA-02013","E","13","13","H12","H12","PRESENTE","PRESENTE","ACTUALIZADA","Fila final emparejada por identidad de dominio; cambios fijados por huellas inicial/final.","52db7a8a60782f6846b9afcf9b297546c9fb765061ed1ae919f4193f2de12a86","c61720241636cdc1eec53a246163a22fd490353f013f2da8ce7d6f2ea37a29d5"
"DA-02014","E","14","14","H13","H13","PRESENTE","PRESENTE","ACTUALIZADA","Fila final emparejada por identidad de dominio; cambios fijados por huellas inicial/final.","0515288e79b71e92e5e14d370819a1dbdbd93fc77f2ff91411c7b593d5568df7","4113357f9f7bd8dd80f5b04f1ba77169f98857b6d8c51a76f95766818951cd70"
"DA-02015","E","15","15","H14","H14","PRESENTE","PRESENTE","ACTUALIZADA","Fila final emparejada por identidad de dominio; cambios fijados por huellas inicial/final.","e0e5647499496b3f3257d74decb45c6dc8e29f22f213cebaac5f601cc909176d","6d8f184e7692e46c1c085544cf762a2076ed1dbe2d215905d30db04361f6ecf3"
"DA-02016","E","16","16","H15","H15","PRESENTE","PRESENTE","ACTUALIZADA","Fila final emparejada por identidad de dominio; cambios fijados por huellas inicial/final.","9a9cf3856bd14b6775224a9ca57dd8e396d291752e1bdea55c6e4966cc7d05de","fe86bfc4ce748b10924e104ba1db60f4872c0c42186b2d22df367d42e865d9d4"
"DA-02017","E","17","17","H16","H16","PRESENTE","PRESENTE","ACTUALIZADA","Fila final emparejada por identidad de dominio; cambios fijados por huellas inicial/final.","1ef217cf87d9029b03d742a1848ee189ff0d308ab2c800dd7509f4f5870fe385","a1e326a3d8582873809f19da46000278a4124e74de9326c6c65247ffa54c4815"
"DA-02018","E","18","18","H17","H17","PRESENTE","PRESENTE","ACTUALIZADA","Fila final emparejada por identidad de dominio; cambios fijados por huellas inicial/final.","c51774550cba9fffdfa105f2937bdc1e767ecfc84f11cbda1209e75994724311","3014582b71c6d7a8fa6fb3318d65f0ce003ae6db7d81fa9601e28718d2ec5846"
"DA-02019","E","19","19","H18","H18","PRESENTE","PRESENTE","ACTUALIZADA","Fila final emparejada por identidad de dominio; cambios fijados por huellas inicial/final.","39b54e68cb8bf401312aa3dc9fdfcc0f0c525e1b6185c07121057dcb15a802fa","723a9a73e6bd6472fd8a2b38867fb01bb1826f65e1d070ef0e58fb50c80d19e9"
"DA-02020","E","20","20","H19","H19","PRESENTE","PRESENTE","ACTUALIZADA","Fila final emparejada por identidad de dominio; cambios fijados por huellas inicial/final.","e8f7f962453a606d671bbf7b854a534f62f408e02b68475614d9d23f2473b7c5","920b9c4f6f0968b2c38b74d6fd871e65add57fb7f5067e82cd7af08536f51da6"
"DA-02021","E","21","21","H20","H20","PRESENTE","PRESENTE","ACTUALIZADA","Fila final emparejada por identidad de dominio; cambios fijados por huellas inicial/final.","f6dbc496b42f73e8cbba4d5c55d299c0294bf8234ede5109174eb3edbb1cff03","a8a42117e96df44019dd652b3bb7c1011364d6a84f059f24cf609fe68525678e"
"DA-02022","E","22","22","H21","H21","PRESENTE","PRESENTE","ACTUALIZADA","Fila final emparejada por identidad de dominio; cambios fijados por huellas inicial/final.","f19e835c8f0eb4f1ac64b4ed2851ecba1dc77fc78f153a7aa2756ae63b042538","6e9f890556314e79263efb53b6ae1a3a0b843f7eb3d524721b844b13e2a8e3e9"
"DA-02023","E","23","23","H22","H22","PRESENTE","PRESENTE","ACTUALIZADA","Fila final emparejada por identidad de dominio; cambios fijados por huellas inicial/final.","4ed75cc142ac1b37f0753286a6b5a12746a0a4b91f2769636d62bdb60559a79a","5d7c18f92d32a779577a7ec2b71e92b57a2590f94e5427d1fc996ad8a8fc76b1"
"DA-02024","E","24","24","H23","H23","PRESENTE","PRESENTE","ACTUALIZADA","Fila final emparejada por identidad de dominio; cambios fijados por huellas inicial/final.","dfaefe6e599033162fec3f484a66066e6cb7b46ac02eb1a45d2103a6f97b02cb","e287643b2e4f505bc395bd9a8acc1affd76ddfcd13332810c36e3db16a37c678"
"DA-02025","E","25","25","H24","H24","PRESENTE","PRESENTE","ACTUALIZADA","Fila final emparejada por identidad de dominio; cambios fijados por huellas inicial/final.","0fc8897a57064ae817e3c93f606647233974dbcee660b52000299d369a1181ce","0a6688321ec6739def31f93a3e63f7bcb70a65d478d075357fb118a8a2783176"
"DA-02026","E","26","26","H25","H25","PRESENTE","PRESENTE","ACTUALIZADA","Fila final emparejada por identidad de dominio; cambios fijados por huellas inicial/final.","dbe3d1769eaa535498d404c4b33a3bb35f9945c8a5a0df0b5aba13fa5d34b960","1b0183864ad9040c22851b0f07f845440532f42356db72ce175f8e2b93170a98"
"DA-02027","E","27","27","H26","H26","PRESENTE","PRESENTE","ACTUALIZADA","Fila final emparejada por identidad de dominio; cambios fijados por huellas inicial/final.","19062dd77f14586680124e9d8b3aacc4cf51ecc1d9b62e4277e42bdf289baffa","cd895c454da4d3ae0fcfd97b77130b096d8b3acd3917697243a151fd951dbfdd"
"DA-02028","E","28","28","H27","H27","PRESENTE","PRESENTE","ACTUALIZADA","Fila final emparejada por identidad de dominio; cambios fijados por huellas inicial/final.","52a08af62e2046f794df730015bd2d405559797edf76666bfef2c17b423ae0db","ba3fb6f803860201c82cd0afb2d12da9409210435861ace223bc20571ec6c649"
"DA-02029","E","29","29","H28","H28","PRESENTE","PRESENTE","ACTUALIZADA","Fila final emparejada por identidad de dominio; cambios fijados por huellas inicial/final.","2ac0eca15ec7ecf9976955c81c1e08c6d5b3168e7c7056ca8e418b441f3d0880","c46a33be7936bdd7fa31f62e6eb77ba700715c8619d4d84796c56cce3d8ae236"
"DA-02030","E","30","30","H29","H29","PRESENTE","PRESENTE","ACTUALIZADA","Fila final emparejada por identidad de dominio; cambios fijados por huellas inicial/final.","f71f46d10dc082b760bf40adba6a2a1e6a31594dc3f67f80c5ebcf7fe1eef631","2a1585901a4d9189cc69c69790454f25f4e8970089fdb7af5856807dd47b7988"
"DA-02031","E","31","31","H30","H30","PRESENTE","PRESENTE","ACTUALIZADA","Fila final emparejada por identidad de dominio; cambios fijados por huellas inicial/final.","56e7aa09cfe7c1f453edd275e14fa5cf7cc9ca6f12f0a2c412636ebea90b8e43","9e49645f02d81bbcb72315e339ca3c14e87e007adf1ca0520993d98e728199b5"
"DA-02032","E","32","32","H31","H31","PRESENTE","PRESENTE","ACTUALIZADA","Fila final emparejada por identidad de dominio; cambios fijados por huellas inicial/final.","4828cc4636d5915e1dc92ed7f214f2302a8c94296c0b61ce2ceb42061ed1ee07","2cb0989d89c214da8aa58595e969079aadf907f789d69387b6a477b6710d461e"
"DA-02033","E","33","33","H32","H32","PRESENTE","PRESENTE","ACTUALIZADA","Fila final emparejada por identidad de dominio; cambios fijados por huellas inicial/final.","eda4a98343486c9ee3cf18b8059faefa94b8a24531fe5f269f9a2da98282d5b8","f633af2934cf2e9a717aa1ddaeabb8a4be76ba3203aa5f1f5b3bebe7747a3d32"
"DA-02034","E","34","34","H33","H33","PRESENTE","PRESENTE","ACTUALIZADA","Fila final emparejada por identidad de dominio; cambios fijados por huellas inicial/final.","3420764639ae613d4dba4cdc7a01616888b2716722b03a7d076f8b59397c34b7","a0497353716d03b519d8af6752d5f87298c96ae6a632d9860d274bb7bb3b553e"
"DA-02035","E","35","35","H34","H34","PRESENTE","PRESENTE","ACTUALIZADA","Fila final emparejada por identidad de dominio; cambios fijados por huellas inicial/final.","32c89894e1e61b46ad8b38a499e42359d9b9d91b5c19c5e7e693f7b54699cc7e","993f2e61d7272b9c6e8acd3ad66df0f512d64e40f392e3092aa3ced095bc476c"
"DA-02036","E","36","36","H35","H35","PRESENTE","PRESENTE","ACTUALIZADA","Fila final emparejada por identidad de dominio; cambios fijados por huellas inicial/final.","6f5ad9275f7509f290cbbd3edc28c6981ef6f86fcd524a97d777405ce07c1793","c7986efe53dc66d134acc632ebd156a99bb052a403e0f4a15874522c4bdd983f"
"DA-02037","E","37","37","H36","H36","PRESENTE","PRESENTE","ACTUALIZADA","Fila final emparejada por identidad de dominio; cambios fijados por huellas inicial/final.","4c7fca40e6d5f4f25b3d45f2da90b4e16204cef0e4ac12ed03e0799d15362a81","a1172b71c96025895d956ab6dcb51e234188f6d555d59a3805128c94e6fa6183"
"DA-02038","E","38","38","H37","H37","PRESENTE","PRESENTE","ACTUALIZADA","Fila final emparejada por identidad de dominio; cambios fijados por huellas inicial/final.","1abfd1cad1ff42d2a029ceb06720880a074161ffdf460560ff20872089f68940","f7cfd9c821c9f00efb5fa854cec06d33014df5940d28fd7b91ccd8a3b02f45b5"
"DA-02039","E","39","39","H38","H38","PRESENTE","PRESENTE","ACTUALIZADA","Fila final emparejada por identidad de dominio; cambios fijados por huellas inicial/final.","bf0689f602a205816c8ad76d626e956d664d2aa12774bb8e9c6cff24bb62eeae","12999c83687dd1ee69788aca23ddca007e494277243106027fbfa8a7d3f3a76a"
"DA-02040","E","40","40","H39","H39","PRESENTE","PRESENTE","ACTUALIZADA","Fila final emparejada por identidad de dominio; cambios fijados por huellas inicial/final.","5f1d8cb6aed82b200818d40bdbdc2503d0322ff2e24eb21046322d70ef523833","a1a85d792a2e3415306998eef098a54bf867bc2f21976070e7929e4e2e8c4a83"
"DA-02041","E","41","41","H40","H40","PRESENTE","PRESENTE","ACTUALIZADA","Fila final emparejada por identidad de dominio; cambios fijados por huellas inicial/final.","44652e18af7ca2ae90896f41e5e086280a15fbe5bc0e27a1515da7d3636aca93","b0c4faf99eea7e1cde7d84d7dc986a932968f8c3b329dba3d6ed7f821bee5181"
"DA-02042","E","42","42","H41","H41","PRESENTE","PRESENTE","ACTUALIZADA","Fila final emparejada por identidad de dominio; cambios fijados por huellas inicial/final.","c732ea39f3356d10d066d34edeb1196e427c99bcf962fd93eb2d733e79a7ddb9","30f41681d6b2a6c57c3a4a15bfbee67ff1dfac5b65d4d52c082651f9bb2e4f84"
"DA-02043","E","43","43","H42","H42","PRESENTE","PRESENTE","ACTUALIZADA","Fila final emparejada por identidad de dominio; cambios fijados por huellas inicial/final.","6f2891a8b1df2d423be3e6b66bc92d13ce9a2bd7cac3865e54922a42a9cf4e48","fb0cb57dc18576aeccf2df05c958c5cc16ea8a3b7323f511383233d66f7ce0fe"
"DA-02044","E","44","44","H43","H43","PRESENTE","PRESENTE","ACTUALIZADA","Fila final emparejada por identidad de dominio; cambios fijados por huellas inicial/final.","cd40ccb5e47212e2bb55fe94c62ac3f9999a69ba888418a6b9b61d0e6f0863bd","48fc14bad969d8f2dad2ebbec34e049d7455487b31d415a33cf1203bc4a3c750"
"DA-02045","E","45","45","H44","H44","PRESENTE","PRESENTE","ACTUALIZADA","Fila final emparejada por identidad de dominio; cambios fijados por huellas inicial/final.","472fac27f8f24f77e62ffde1532c8c2fcc98ad6ed033595299ed286cf7414a2b","bee19ea7002b320e74a233589f0a385cb6e66ad7372504565810418744b2927f"
"DA-02046","E","46","46","H45","H45","PRESENTE","PRESENTE","ACTUALIZADA","Fila final emparejada por identidad de dominio; cambios fijados por huellas inicial/final.","331bc36563a451b0dfd4d86b07371006331ef1d76d69596fe63d00a2c6ab9ee3","f102294f3b6863bdc923e92e666d6d0bf9b835ee3b7f62d3b4e6ee4104c8349e"
"DA-02047","E","47","47","H46","H46","PRESENTE","PRESENTE","ACTUALIZADA","Fila final emparejada por identidad de dominio; cambios fijados por huellas inicial/final.","d78e950043b6c2380c96ffea2f49e96b2590f82a98d52495e7b112ba48250fc9","03e40bf90c5e2cd6b42bfc068d82d52545ada080b3bc92bd1749a92ce81399cd"
"DA-02048","E","48","48","H47","H47","PRESENTE","PRESENTE","ACTUALIZADA","Fila final emparejada por identidad de dominio; cambios fijados por huellas inicial/final.","425c4e7f7bedb7657bbf621c448cd68ba09f3cba2abddf17e372b5d79ff45d8a","198643da323c7461b359af6e647dda70e00b51a6ffa8e72604da0b198e191e54"
"DA-02049","E","49","49","H48","H48","PRESENTE","PRESENTE","ACTUALIZADA","Fila final emparejada por identidad de dominio; cambios fijados por huellas inicial/final.","2be718b01a9da383b6dcc8b03d37a11edb8df7bca4d3b1bb7d2ad62db70333d9","b7393bb9215e1d20511719b890c995ce9668edd2b563426a5d96428c316258af"
"DA-02050","E","50","50","H49","H49","PRESENTE","PRESENTE","ACTUALIZADA","Fila final emparejada por identidad de dominio; cambios fijados por huellas inicial/final.","3504110873c15e10f0679be8b24e5b59eea01b97ff50c06f5103f5b42306f2bd","ab0dec6ee45f7d02b0f1de9ac95659c6755f403058ca34c1e08241e4f5da13a5"
"DA-02051","E","51","51","H50","H50","PRESENTE","PRESENTE","ACTUALIZADA","Fila final emparejada por identidad de dominio; cambios fijados por huellas inicial/final.","04d78d5aec555d59120f205c6162075e88e77eff03fafcbcaf8302ea47b7db05","379752871d2a0eba77fd27854be0f2bf687c302cf415e2d2bb1bb2093c6af8d6"
"DA-02052","E","52","52","H51","H51","PRESENTE","PRESENTE","ACTUALIZADA","Fila final emparejada por identidad de dominio; cambios fijados por huellas inicial/final.","9809c890ed74bc704b921474a3e5d6310f4bd7add9b9ecde79b4e00018d2138a","785c049b50b19a77d2f788a62d555b9ae4895a6c9a24265d401aad077eeeff7e"
"DA-02053","E","53","53","H52","H52","PRESENTE","PRESENTE","ACTUALIZADA","Fila final emparejada por identidad de dominio; cambios fijados por huellas inicial/final.","a56cf1442e97eefcfd26ca6dd62a61cd070fd11162e2b46d7b5620a28c9f08c5","a7d04635c0f507d9ccc525c1d4723dbb345403997b2e46ebdb460415769225a7"
"DA-02054","E","54","54","H53","H53","PRESENTE","PRESENTE","ACTUALIZADA","Fila final emparejada por identidad de dominio; cambios fijados por huellas inicial/final.","2e4e71b053dd92a77c04b1c02b03979e36ab442e50b6d6372fcfe95cb6645414","aa4f6d75b17bba58050fbbab13c1cf8290414f56c5eef3629c805308c4847f5a"
"DA-02055","E","55","55","H54","H54","PRESENTE","PRESENTE","ACTUALIZADA","Fila final emparejada por identidad de dominio; cambios fijados por huellas inicial/final.","0f5062c3d3dc1b7092d19518a90e19794f456f67fa96454f0e3e2b5f4fb57b18","33830fc29a88df5ffc71e72ad331880981bce9ecb9c7e4c61e7983e97cc816b3"
"DA-02056","E","56","56","H55","H55","PRESENTE","PRESENTE","ACTUALIZADA","Fila final emparejada por identidad de dominio; cambios fijados por huellas inicial/final.","7753e0888d10a0d254ce9d088dba9fa45d55f466a4c84114dc319531adc7613d","a848749464ec9451a799967c22de0c6cdf4afe86f0802b34d821d4496dbeb120"
"DA-02057","E","57","57","H56","H56","PRESENTE","PRESENTE","ACTUALIZADA","Fila final emparejada por identidad de dominio; cambios fijados por huellas inicial/final.","1be627ea68fa0a6924dddea11aa3700aaa83291fefb782325326c81c1f4b7870","5c039740b3f911797aade374441d0daec5317ecf940e0c348ae9ee91fd28231e"
"DA-02058","E","58","58","H57","H57","PRESENTE","PRESENTE","ACTUALIZADA","Fila final emparejada por identidad de dominio; cambios fijados por huellas inicial/final.","cc207d6a90ec8b0cbe20343ede54c819b405b2095e33cc3f98a2e55aa5529091","90c101e3df1f26a6d4f5ac99034f489d4e9a0cf7d9f88365886a0380b6567389"
"DA-02059","E","59","59","H58","H58","PRESENTE","PRESENTE","ACTUALIZADA","Fila final emparejada por identidad de dominio; cambios fijados por huellas inicial/final.","b4cbd49ef79b90defb927a04a85677679039adde73b4e842c63a8832fb5cb784","c7d33f26875c7df5f88615c45f7b86dee7761c7f2e66c4e56ed4c6724cc27063"
"DA-02060","E","60","60","H59","H59","PRESENTE","PRESENTE","ACTUALIZADA","Fila final emparejada por identidad de dominio; cambios fijados por huellas inicial/final.","00c55212d81dc405a406e99b2884d4785abad588046f05fa73618a76c6191442","a0f8c5ddbf373fd0115e16ccceba42aa04def07fd0dee0e6fe385452eb0454af"
"DA-02061","E","61","61","H60","H60","PRESENTE","PRESENTE","ACTUALIZADA","Fila final emparejada por identidad de dominio; cambios fijados por huellas inicial/final.","0ece66d9cfe1f0f3fc3807b8bc49a67e44b0a3227052908766c8487273e0158b","de9ac859d0aedfd7d55c1a8fb2dc1ee6df898be3f6090eaea069c4640e7dbcbf"
"DA-02062","E","62","62","H61","H61","PRESENTE","PRESENTE","ACTUALIZADA","Fila final emparejada por identidad de dominio; cambios fijados por huellas inicial/final.","676cce051231b1421b53a8766475bfb0d39f1e33c94c088620f103f24142bcf1","02d40ea6d0fe8ea74bbd5058208ebdd51b50e8e354c6ea44ddebaaa99dda23e3"
"DA-02063","E","63","63","H62","H62","PRESENTE","PRESENTE","ACTUALIZADA","Fila final emparejada por identidad de dominio; cambios fijados por huellas inicial/final.","545d6ea2a3d8ea8f190beaa24a1d7425f4f4fc9cb04b6b77cc78c1bed00cd362","5e74951fc71e623403436565d014f10fedae09bb146d9c19e124bde83bfd3285"
"DA-02064","E","64","64","H63","H63","PRESENTE","PRESENTE","ACTUALIZADA","Fila final emparejada por identidad de dominio; cambios fijados por huellas inicial/final.","118401cd2074dc3c335958bb30f9b4565724e0522f13e82f86d339f832ef8579","c66fd9e14ae0a505ebe128a4b6c23c66de4d3886a1e083eba289810f2e6bd705"
"DA-02065","E","65","65","H64","H64","PRESENTE","PRESENTE","ACTUALIZADA","Fila final emparejada por identidad de dominio; cambios fijados por huellas inicial/final.","391504d7281aba2fbfa469eefe9445609f153d234ec1d68adf36076a5d513beb","03835ce6c3afc951fb1b05300c4e80b4007ea83a4427c8f74ef9927229599be0"
"DA-02066","E","66","66","H65","H65","PRESENTE","PRESENTE","ACTUALIZADA","Fila final emparejada por identidad de dominio; cambios fijados por huellas inicial/final.","3b3e74c2e42771467cae70d91453f2e63a4fef5a668fc678574dc214e25a3692","cdabf0556f0c3a7ed38581013c1d129df92381caf260435bc10aef95dfa507f3"
"DA-02067","E","67","67","H66","H66","PRESENTE","PRESENTE","ACTUALIZADA","Fila final emparejada por identidad de dominio; cambios fijados por huellas inicial/final.","4f10726508516c3a32d0d26639a27665abd020c21a3d1a54bca4d32ffd76bdf6","7e7be363b26674ddbcd0254110eeaac732546c499aff62d204a67df05bde9a90"
"DA-02068","E","68","68","H67","H67","PRESENTE","PRESENTE","ACTUALIZADA","Fila final emparejada por identidad de dominio; cambios fijados por huellas inicial/final.","8c87db3bb980f829370956ea23528d80e9701596ec4d105a631e7a4e0c737a25","108538055e3f9eb3ab414ff5ebecf883a25bca80e45d169d35e879d8f2bbfd85"
"DA-02069","E","69","69","H68","H68","PRESENTE","PRESENTE","ACTUALIZADA","Fila final emparejada por identidad de dominio; cambios fijados por huellas inicial/final.","fa9248740005be9bf566981ee841fcaecafcabe28b55f24f7106e152e4d557a3","aa30e18d7ed689a694868bdacf39fc780744f314e48b78053280519229dfc67e"
"DA-02070","E","70","70","H69","H69","PRESENTE","PRESENTE","ACTUALIZADA","Fila final emparejada por identidad de dominio; cambios fijados por huellas inicial/final.","82245b33bd0137410f950fc552d6abe3a0a4333c1a600c078b1945c92f6ffef5","a0a11fdf3ed405838483359bc29873ea99521b82b11bec88ba5bb7f740f904b3"
"DA-02071","E","71","71","H70","H70","PRESENTE","PRESENTE","ACTUALIZADA","Fila final emparejada por identidad de dominio; cambios fijados por huellas inicial/final.","8aab717a1f49f27326ffaf2347a3c5a4f6146b51ec4bc54789e38f1df1d5f92a","ec03fe30220ac78f2aace9fdfb0e133a4ef3c2df44d025e871b91c1f00f9fd23"
"DA-02072","E","72","72","H71","H71","PRESENTE","PRESENTE","ACTUALIZADA","Fila final emparejada por identidad de dominio; cambios fijados por huellas inicial/final.","0eccb37c12a429124c24425054ce5f75deb6593ad30954ae43d4d0099d73bb0e","a177cb8173e9bddc169a4983a9d1045074c2ca6cbc9bdd0cf34dcbdfea8cb332"
"DA-02073","E","73","73","H72","H72","PRESENTE","PRESENTE","ACTUALIZADA","Fila final emparejada por identidad de dominio; cambios fijados por huellas inicial/final.","91ded28d67e41f62a92cdd4dfeb53884f333e5f35ef2c5a3f8f18bd964a6fab6","99e40ecda4df883e31b428173f130d4a0f038ff88bcc7897759fe0b97eb46881"
"DA-02074","E","74","74","H73","H73","PRESENTE","PRESENTE","ACTUALIZADA","Fila final emparejada por identidad de dominio; cambios fijados por huellas inicial/final.","b38ac14b0fe80e43040abf532548a904e5e361ab0579cbc52c9bfca8e4c832a9","d75fe5f9c98a7a861459a61fe4ca768f50a767ddc188c130007ab893b2efdff5"
"DA-02075","E","75","75","H74","H74","PRESENTE","PRESENTE","ACTUALIZADA","Fila final emparejada por identidad de dominio; cambios fijados por huellas inicial/final.","59de3b6c118f59f1aaa9cda7b88a6704cd2fe083bd4a8c1c3472ad58c7263a40","88cd81f7aef2c8022bb39626258850d03c086f3fdeb01c7217d17acf4088c8a3"
"DA-02076","E","76","76","H75","H75","PRESENTE","PRESENTE","ACTUALIZADA","Fila final emparejada por identidad de dominio; cambios fijados por huellas inicial/final.","9533e6a7d08945c3eda9e7cc0c4845f773a3722c9958df3476f4e79ef387d145","6a0266230e6f8c62cda5ff2ce23b02b886724943053e4f10d0d788591bfc5e71"
"DA-02077","E","77","77","H76","H76","PRESENTE","PRESENTE","ACTUALIZADA","Fila final emparejada por identidad de dominio; cambios fijados por huellas inicial/final.","180cf0b8f42b048a5a4728220239f5c3e6d3813794817aa919789a828133e095","74bfe42790da52ff6d6900d707bd838859534e68b39ed6f6db95662340db4be4"
"DA-02078","E","78","78","H77","H77","PRESENTE","PRESENTE","ACTUALIZADA","Fila final emparejada por identidad de dominio; cambios fijados por huellas inicial/final.","247a80e92dd44325aad4314059ce172df519be01918a03133f998cfe24548cc7","4643ad8402dd794536f129e1c7957bf5784e42ba5c662030b7bd390ea6084025"
"DA-02079","E","79","79","H78","H78","PRESENTE","PRESENTE","ACTUALIZADA","Fila final emparejada por identidad de dominio; cambios fijados por huellas inicial/final.","9477d81fa09dddeb84d1214301c3fa7a04c2e4e9acb6e91c5d8575013670d4a9","411771fa48df06fdfbc4ef9478d2def76b1456936af5adbe04e4e539b0b5efde"
"DA-02080","E","80","80","H79","H79","PRESENTE","PRESENTE","ACTUALIZADA","Fila final emparejada por identidad de dominio; cambios fijados por huellas inicial/final.","469b63cac5b348896f8028499cb01fb0cd5367ebd61f4e7691fb57c515dba2af","e8e06b8281c373668b1dce3452829ac1c292efcbbe6fe2a7e5baf6421b5796cf"
"DA-02081","E","81","81","H80","H80","PRESENTE","PRESENTE","ACTUALIZADA","Fila final emparejada por identidad de dominio; cambios fijados por huellas inicial/final.","5cdc9bb695b0e61cc360be7f01d83a9fdc80a848724e510d1a3145be33cefe5b","ff4ba502034c3f8e94efcecfa6da35b2ee9bea5163765464a6a7231a132d8ff7"
"DA-02082","E","82","82","H81","H81","PRESENTE","PRESENTE","ACTUALIZADA","Fila final emparejada por identidad de dominio; cambios fijados por huellas inicial/final.","728ab7dd0ca0f0be94e5e19b7189793820cf5d19febd1f51f4b59a4e60a8ec45","9f9213190a8672248ef861ecbb93830f0fa063654794eafd6fec02d4ed41c00b"
"DA-02083","F","2","2","especies incluidas en la versión descrita de EukProt","especies incluidas en la versión descrita de EukProt","PRESENTE","PRESENTE","SIN_CAMBIO","Misma fila final, identidad y contenido conservados.","e0d70ddd0f43f928a47983e958991839ee14f43b8a7982baa0df0a8257f917fb","e0d70ddd0f43f928a47983e958991839ee14f43b8a7982baa0df0a8257f917fb"
"DA-02084","F","3","3","genes analizados por Cox et al.","genes analizados por Cox et al.","PRESENTE","PRESENTE","ACTUALIZADA","Fila final emparejada por identidad de dominio; cambios fijados por huellas inicial/final.","6b46158f716dd094531f27ece8d1205cec34562761caf2e8c9ab4c8eb9ffd6db","a575d96b9bf9cca03aa069774450469d83725afe2c030bc9b119a46660b8e8ba"
"DA-02085","F","4","4","taxones en la matriz combinada de rRNA","taxones en la matriz combinada de rRNA","PRESENTE","PRESENTE","ACTUALIZADA","Fila final emparejada por identidad de dominio; cambios fijados por huellas inicial/final.","a4d4c29e60c884a622fa93d28e7f8377d03a334d5798e10034d747e2f1a98de1","5eec98684a70a7040023ecbba98e4139d188c8f5d5187303878ea468973c5180"
"DA-02086","F","5","5","caracteres en la matriz combinada de rRNA","caracteres en la matriz combinada de rRNA","PRESENTE","PRESENTE","ACTUALIZADA","Fila final emparejada por identidad de dominio; cambios fijados por huellas inicial/final.","329821596a9f7b78e73f1ff8c577b5867edec789230d8d9ecf00eca338f9f6f9","30197881ed0084da8761ea3c6bff45aa2144da6345a83d870500ccd96282c9fa"
"DA-02087","F","6","6","genes de la matriz original de Williams et al.","genes de la matriz original de Williams et al.","PRESENTE","PRESENTE","ACTUALIZADA","Fila final emparejada por identidad de dominio; cambios fijados por huellas inicial/final.","da12cf21eaed97c86fdf90fa051e12fe247612bd6990c02e64ed6edaedddc5ec","e003c7c5a10e9d6f2a9366efb6de8d03e1687b49c35cd32230c3eaf6198d776a"
"DA-02088","F","7","7","log-verosimilitud de dos dominios bajo LG+G4+F","log-verosimilitud de dos dominios bajo LG+G4+F","PRESENTE","PRESENTE","ACTUALIZADA","Fila final emparejada por identidad de dominio; cambios fijados por huellas inicial/final.","9b42a28eeedf27e9b6455c39de8fd8f22cd71b31fbf62dddf15246a37ad0c8da","ad8284e2f82d3397063241e01ba7ae6700270f2077f41e5e5507227ad1d0725b"
"DA-02089","F","8","8","log-verosimilitud de tres dominios bajo LG+G4+F","log-verosimilitud de tres dominios bajo LG+G4+F","PRESENTE","PRESENTE","ACTUALIZADA","Fila final emparejada por identidad de dominio; cambios fijados por huellas inicial/final.","654e602391a2656db4bdbc8bcc17c6ac3e3ea1d05c4da8d6910b5567a78bc4f4","73cc4e2fd980e96d90236b03d8407ba680cfe46e0333eb5e749cd74e5a04e02d"
"DA-02090","F","9","9","p de prueba AU para dos dominios bajo LG+G4+F","p de prueba AU para dos dominios bajo LG+G4+F","PRESENTE","PRESENTE","ACTUALIZADA","Fila final emparejada por identidad de dominio; cambios fijados por huellas inicial/final.","b361f7d7386c183baaaae6ae460b09694e68b61afb94c67700f3c8e93950be41","a89191e4e368112eda24405a3d835305a6fc5a73a8e491809bbcde0453226bf2"
"DA-02091","F","10","10","p de prueba AU para tres dominios bajo LG+G4+F","p de prueba AU para tres dominios bajo LG+G4+F","PRESENTE","PRESENTE","ACTUALIZADA","Fila final emparejada por identidad de dominio; cambios fijados por huellas inicial/final.","bf0a08a2f92354e3c70a71066c1bb2c2f1750b97e4ab4a2731d5fad6f1189fbe","76d4e116705c4f2be636943709f71547c820d7996d5877bb8ff686b4d6f993d0"
"DA-02092","F","11","11","p de prueba AU para tres dominios bajo LG+C60+G4+F","p de prueba AU para tres dominios bajo LG+C60+G4+F","PRESENTE","PRESENTE","ACTUALIZADA","Fila final emparejada por identidad de dominio; cambios fijados por huellas inicial/final.","087a40ae66bf1d212b4a65f0fccf0754db98347a1616563e70d28b13822f65fc","686799a87e2bcc1bea44ee059fd72f3d08e079b78863db43804c676085cf2f6b"
"DA-02093","F","12","12","probabilidad posterior de dos dominios bajo CAT y SR4","probabilidad posterior de dos dominios bajo CAT y SR4","PRESENTE","PRESENTE","ACTUALIZADA","Fila final emparejada por identidad de dominio; cambios fijados por huellas inicial/final.","ddda0cf95114572368968fb7c9b4885655e37f0a99597cd4d12dfa0c837e298d","3288a31b69cbdc52655b9e1c4bf8e5293e35bcbd669c85e012f4a273592c9141"
"DA-02094","F","13","13","proteínas universales en matriz ampliada","proteínas universales en matriz ampliada","PRESENTE","PRESENTE","ACTUALIZADA","Fila final emparejada por identidad de dominio; cambios fijados por huellas inicial/final.","8ac8719b94027b44c4876b63a9f7b9e83785e4aa71d4a7bdebd726ff2fcf3e8e","824e4a37902347502eb1ed93ee8dbbc7349726ff344a64edaef230ba45585ac9"
"DA-02095","F","14","14","proteínas arqueano-eucariotas en matriz ampliada","proteínas arqueano-eucariotas en matriz ampliada","PRESENTE","PRESENTE","ACTUALIZADA","Fila final emparejada por identidad de dominio; cambios fijados por huellas inicial/final.","aeb517d1e36a4b7991fdbb862c5feae78c755581c239791d352f3e3444f93f21","12b6fc531d8174c30f37b54c7d29fa4eadacb9e0ba7ed15f862fbbd30a0c71d7"
"DA-02096","F","15","15","genomas en matrices ampliadas","genomas en matrices ampliadas","PRESENTE","PRESENTE","ACTUALIZADA","Fila final emparejada por identidad de dominio; cambios fijados por huellas inicial/final.","cc850381df712c6974f0149636bcc0b2a1c63641e14500e8b4725722b7c0edf9","502c6830cf7f75d8f61e1dfa340e642d4a3558275f486316646870f3980e0924"
"DA-02097","F","16","16","probabilidad posterior del clado LC3","probabilidad posterior del clado LC3","PRESENTE","PRESENTE","ACTUALIZADA","Fila final emparejada por identidad de dominio; cambios fijados por huellas inicial/final.","b961fbea00676e71ea33cfc06270f45826aa2f4f76b7bbdc4a8885f23afa9ea3","6037fa674be9b13f1f1fdf267e62fa7c29e664793bf903b311ead7a5b1a0ccef"
"DA-02098","F","17","17","proteínas universales reanalizadas por Da Cunha et al.","proteínas universales reanalizadas por Da Cunha et al.","PRESENTE","PRESENTE","ACTUALIZADA","Fila final emparejada por identidad de dominio; cambios fijados por huellas inicial/final.","6f0ef48a74a4c6465f8ea9c6c7e4b071ad60dd0b866ef3b42b10c7a5fa47400c","cb293f52971b1d23992059af92340170b3a7e586fbea4982a50417c45a95693f"
"DA-02099","F","18","18","Woese proteins","Woese proteins","PRESENTE","PRESENTE","ACTUALIZADA","Fila final emparejada por identidad de dominio; cambios fijados por huellas inicial/final.","6f4c4121478660275025c6d10dfc83d93bce3c1eee9dfd65ae77a7cd149d51af","fd6e34b22bf4330583382db988db402e56c2bed2adcbb07f3515c16fe7fc8fcd"
"DA-02100","F","19","19","eocyte proteins","eocyte proteins","PRESENTE","PRESENTE","ACTUALIZADA","Fila final emparejada por identidad de dominio; cambios fijados por huellas inicial/final.","9445649a54a2b86a3fcda3888e7f41307ed02306268a3461274a7d0baa07ccae","215c92d12c8e149646ae1d771dd47927bcba0dfa4f50871736446a53c256134f"
"DA-02101","F","20","20","posiciones en Woese proteins","posiciones en Woese proteins","PRESENTE","PRESENTE","ACTUALIZADA","Fila final emparejada por identidad de dominio; cambios fijados por huellas inicial/final.","49380fd451346bbaf2bde0432d3ad8f970d3e8b76ccc8a82fc64da9ed78a2817","176a31507118d6389f73950df8e7780ce3dca95368e16735905f64deebdb3129"
"DA-02102","F","21","21","posiciones en eocyte proteins","posiciones en eocyte proteins","PRESENTE","PRESENTE","ACTUALIZADA","Fila final emparejada por identidad de dominio; cambios fijados por huellas inicial/final.","8e94042d358e6c8f610f0a7559431631180dc99d98de23ce90646ae3adbb3e26","923c8f4ffe11f187db0dd8a09077e2722914a43fb21a4d4a6e51522f9dd130de"
"DA-02103","F","22","22","bootstrap de monofilia arqueana","bootstrap de monofilia arqueana","PRESENTE","PRESENTE","ACTUALIZADA","Fila final emparejada por identidad de dominio; cambios fijados por huellas inicial/final.","f6400a3a8011af075f3516d799ea8835a375a66a70fbaab9185de9f8ae1ebac8","e90af27e7187cc6fd9f73c3f43bc259b47700b67ba1ad37e6a9f0e35bfd56f29"
"DA-02104","F","23","23","bootstrap Eukaryota–Lokiarchaeota para SecY","bootstrap Eukaryota–Lokiarchaeota para SecY","PRESENTE","PRESENTE","ACTUALIZADA","Fila final emparejada por identidad de dominio; cambios fijados por huellas inicial/final.","80457e5f4045ddd5685eec53dd312d09aaf9d2f9af06a2c3310cd51d8271405c","a55801b78b4b246f6ccfea3bdac7932361f2eb36989e470d5bf4590954f81c0f"
"DA-02105","F","24","24","bootstrap Eukaryota–Lokiarchaeota para EF2","bootstrap Eukaryota–Lokiarchaeota para EF2","PRESENTE","PRESENTE","ACTUALIZADA","Fila final emparejada por identidad de dominio; cambios fijados por huellas inicial/final.","74de3c38b6722930a64974b09701696a2329643f617745a5852c8a8c14b0e100","be616bf79f9b7e1d978ed2adfbd38d86e66c32ab7021ad555a5766d789a4ca71"
"DA-02106","F","25","25","fracción máxima de lípidos arqueanos en E. coli modificada","fracción máxima de lípidos arqueanos en E. coli modificada","PRESENTE","PRESENTE","ACTUALIZADA","Fila final emparejada por identidad de dominio; cambios fijados por huellas inicial/final.","21aeecfb88534c4bf416b064119563358c058c0e23e1a88ed90d8555f4a6e127","abc47bcea8b0814c58ca9005224be9c8eed8d1109eac1a95ff16ac63c07ee790"
"DA-02107","F","26","26","genomas eucariotas comparados por Brueckner y Martin","genomas eucariotas comparados por Brueckner y Martin","PRESENTE","PRESENTE","ACTUALIZADA","Fila final emparejada por identidad de dominio; cambios fijados por huellas inicial/final.","e4114aa5dad473a9955ed50395b180208e83fd267bdc85ebd53a0df4398b73be","2595ce62ffbd62c61ca4887343868a888b36a62806b8fb0ae640575c419f9500"
"DA-02108","F","27","27","proteínas procarióticas comparadas","proteínas procarióticas comparadas","PRESENTE","PRESENTE","ACTUALIZADA","Fila final emparejada por identidad de dominio; cambios fijados por huellas inicial/final.","977a8dc7896c33c72e27b2e642ba21be7aa3a886fd8e3169cfd10a123eac0109","62d29cfeed2ce909c4927c935dd990771664f97e32bbd0596a7c58bee536218c"
"DA-02109","F","28","28","genomas bacterianos comparados","genomas bacterianos comparados","PRESENTE","PRESENTE","ACTUALIZADA","Fila final emparejada por identidad de dominio; cambios fijados por huellas inicial/final.","408c05e377ca5f4a6c32e888de44a599682e5b66326ffbc5f0d68d83c428b11f","2e2ddcc2693e96616483edf122cf6d38c37831db54d18af981a436f4af018c62"
"DA-02110","F","29","29","genomas arqueanos comparados","genomas arqueanos comparados","PRESENTE","PRESENTE","ACTUALIZADA","Fila final emparejada por identidad de dominio; cambios fijados por huellas inicial/final.","2f57d0215f4a78bbba198857fef9ac80f46b1be80cf6a4f5ec510f234e8fee02","23084440dbec8e35b1d941672674faed33e80440d763a3416ef95041570e55a2"
"DA-02111","F","30","30","genes identificables de afinidad arqueana","genes identificables de afinidad arqueana","PRESENTE","PRESENTE","ACTUALIZADA","Fila final emparejada por identidad de dominio; cambios fijados por huellas inicial/final.","c6d42a2230ba0870f65612a9b3eef270865540ef164d8d789ed83149fa396bb4","d8a2792601cdce6ef7faa2fb61e55939de462c735c6d97d6fac1df7264875cb2"
"DA-02112","F","31","31","genes identificables de afinidad bacteriana","genes identificables de afinidad bacteriana","PRESENTE","PRESENTE","ACTUALIZADA","Fila final emparejada por identidad de dominio; cambios fijados por huellas inicial/final.","088b1dae72bb656e563c51a0392d65489449f14e4ab680e763e8a789bad87984","af50ace531de8e474491dc4b81817f2a407b41f02ec1966f7289c7bcbaa98370"
"DA-02113","F","32","32","afinidad bacteriana al excluir linajes plastidiales","afinidad bacteriana al excluir linajes plastidiales","PRESENTE","PRESENTE","ACTUALIZADA","Fila final emparejada por identidad de dominio; cambios fijados por huellas inicial/final.","ef5548d538ce76ce29b63f4140d2cbdebc69b2e596d5a1e00e5e857bcb21b9d5","093c4c8d3b8b6cfe6ceb72c2a94d56e343deb706007890a3ddf7dddb64c045bb"
"DA-02114","F","33","33","proteínas procarióticas analizadas por Tobiasson et al.","proteínas procarióticas analizadas por Tobiasson et al.","PRESENTE","PRESENTE","ACTUALIZADA","Fila final emparejada por identidad de dominio; cambios fijados por huellas inicial/final.","cd7c08d16c29828cf55a129c588c839b6db9d8f8f7af13bca683403934682c84","39db37fa48586da5852c54759a0117be04fdd75955dc82572eaff5862a1f1fc7"
"DA-02115","F","34","34","genomas procarióticos analizados por Tobiasson et al.","genomas procarióticos analizados por Tobiasson et al.","PRESENTE","PRESENTE","ACTUALIZADA","Fila final emparejada por identidad de dominio; cambios fijados por huellas inicial/final.","8a4060dc054f623d99565cdfe6af5c3916d0608783ffffc850b5a1f5979bd4a4","948d56377ab8b916f2d70e67c219c96d2ee533b053a29c9b75e09a8987bb0155"
"DA-02116","F","35","35","genomas asgard en Tobiasson et al.","genomas asgard en Tobiasson et al.","PRESENTE","PRESENTE","ACTUALIZADA","Fila final emparejada por identidad de dominio; cambios fijados por huellas inicial/final.","c66b45347bade3fd4fcedd7ea5739330a7b284a2310dfc65d4bdc3268ec07295","e529a9f2947cb14131bd4f9854ee329ac71c3901d0fb4895c845d4f075466fe7"
"DA-02117","F","36","36","secuencias eucariotas en Tobiasson et al.","secuencias eucariotas en Tobiasson et al.","PRESENTE","PRESENTE","ACTUALIZADA","Fila final emparejada por identidad de dominio; cambios fijados por huellas inicial/final.","9278dfce2d25c528567042efd73367694f0026150abe4e5ec6873923634913ac","a93e13bd34b0467ea312cc126a1eccff44f9edb17a729c870d7a0586e3f3071c"
"DA-02118","F","37","37","especies eucariotas en Tobiasson et al.","especies eucariotas en Tobiasson et al.","PRESENTE","PRESENTE","ACTUALIZADA","Fila final emparejada por identidad de dominio; cambios fijados por huellas inicial/final.","6cce3ab254cd5593d1f275a339dcd3c910de7777996daac48431fcbbdeba5865","5f93fdc30e16d28669883e1782ef6473112c768ce63addfeba1b27ea8801846d"
"DA-02119","F","38","NO_APLICA","clases hijas en el registro SeqCode de Asgardarchaeota","NO_APLICA","PRESENTE","RETIRADA","RETIRADA","Instantánea externa y linaje de auditoría; retirada o consolidada sin reasignar silenciosamente la fila.","6a16f17a6a83a83d6bb6b179ee22e485dca07eed0e7678f578ad3b0cd64b2185","NO_APLICA"
"DA-02120","F","39","39","MAG asgard nuevos en Zhang et al.","MAG asgard nuevos en Zhang et al.","PRESENTE","PRESENTE","ACTUALIZADA","Fila final emparejada por identidad de dominio; cambios fijados por huellas inicial/final.","2a1267f6953fefe9849692acbea05a8e9a143ac85f9f7f51d07a081254197d7c","9b1a64209a1c9af83fb232c7d82e96e3820322cf0d23858c0c795040695bb819"
"DA-02121","F","40","40","linajes asgard nuevos propuestos","linajes asgard nuevos propuestos","PRESENTE","PRESENTE","ACTUALIZADA","Fila final emparejada por identidad de dominio; cambios fijados por huellas inicial/final.","9bb1dc175403b41030093981ec4c19aabe44cde1692a439be80640dad99776c7","611198611d6ebba0ec1be7c973c508d17cc2a3cdcf46ac7d5283de12b182e421"
"DA-02122","F","41","41","muestras procesadas por Zhang et al.","muestras procesadas por Zhang et al.","PRESENTE","PRESENTE","ACTUALIZADA","Fila final emparejada por identidad de dominio; cambios fijados por huellas inicial/final.","b288ad2050129efa5e59936221a29ab34cbcad5076d41215874ffad8007a9028","c0bd5c22ff445950d52ea4b0fc47870bb38268f1d89e22a8c700df6f180d8e1b"
"DA-02123","F","42","42","MAG reconstruidos inicialmente por Zhang et al.","MAG reconstruidos inicialmente por Zhang et al.","PRESENTE","PRESENTE","ACTUALIZADA","Fila final emparejada por identidad de dominio; cambios fijados por huellas inicial/final.","d0e2b604fbb0993277e40efb97d053b63dd153a3b1cdfbb50b590c784640617a","317a4af773655a46e10e6769832c06d471dc42068a95bc85cce39d6fb95e6cc3"
"DA-02124","F","43","43","genomas asgard en colección principal","genomas asgard en colección principal","PRESENTE","PRESENTE","ACTUALIZADA","Fila final emparejada por identidad de dominio; cambios fijados por huellas inicial/final.","b1258a082ff2015007cc3d0b199660eb33cfb0af5a9286935fd2513900464bb2","9737694a771ead99596115ffdddf37168f8c1f0e858756c13f2427017e07c69c"
"DA-02125","F","44","44","eucariotas en colección principal asgard","eucariotas en colección principal asgard","PRESENTE","PRESENTE","ACTUALIZADA","Fila final emparejada por identidad de dominio; cambios fijados por huellas inicial/final.","72f2edc437345928d1c54f6a79eb5f851edb1ce07aff34d73ed2b3708f1faaa6","1dd66050037dd95fd06ae16a2842537b7255c407aed215314d999a36098e59a2"
"DA-02126","F","45","45","genomas asgard procedentes de cultivos","genomas asgard procedentes de cultivos","PRESENTE","PRESENTE","ACTUALIZADA","Fila final emparejada por identidad de dominio; cambios fijados por huellas inicial/final.","a7126902d5b54426287d076f19a3ec289a8a537dc5c4e271a053834eee8eea48","5d68bd7c748bc43ae0ce7af86ebeec351f9b35bdf774b2b1954afe73c1514b16"
"DA-02127","F","46","46","genomas asgard procedentes de MAG","genomas asgard procedentes de MAG","PRESENTE","PRESENTE","ACTUALIZADA","Fila final emparejada por identidad de dominio; cambios fijados por huellas inicial/final.","b7e2677f6eac81885598c01f49f40e010390ff4bc9a54c5915040452257b3984","1af46ea7e91dea092d5877c8cce2a6cf9700d6c2e3857e4f75a8b2f54e85120a"
"DA-02128","F","47","47","completitud media de genomas asgard","completitud media de genomas asgard","PRESENTE","PRESENTE","ACTUALIZADA","Fila final emparejada por identidad de dominio; cambios fijados por huellas inicial/final.","d6cf1f185319aab653c65b5b3a63649a9c16a0a0f74515522712b530e10c3a77","cda2574cad552e59d71a0127351f2a2cc6bc2db8c5c7f26d23e06451c801ea28"
"DA-02129","F","48","48","contaminación media de genomas asgard","contaminación media de genomas asgard","PRESENTE","PRESENTE","ACTUALIZADA","Fila final emparejada por identidad de dominio; cambios fijados por huellas inicial/final.","e75531f5dda12f0a9218da34ccf6694a80443856d4a3814cb3beb07c3061d618","0b90e85d9b15ac1170eaaf41d8d9c5a0c36e06280effc94de66289445c1e0102"
"DA-02130","F","49","NO_APLICA","tamaño celular de Promethearchaeum syntrophicum","NO_APLICA","PRESENTE","RETIRADA","RETIRADA","Instantánea externa y linaje de auditoría; retirada o consolidada sin reasignar silenciosamente la fila.","fbb0266855cd62e0312850f073be07305da618e609d9b2d23b42f03e5962cc92","NO_APLICA"
"DA-02131","F","50","NO_APLICA","rango de crecimiento de Promethearchaeum syntrophicum","NO_APLICA","PRESENTE","RETIRADA","RETIRADA","Instantánea externa y linaje de auditoría; retirada o consolidada sin reasignar silenciosamente la fila.","efe3d30d33c2c28a01f3b454bb6405818182a3b3519e2abef4179cdd11fed602","NO_APLICA"
"DA-02132","F","51","NO_APLICA","óptimo de crecimiento de Promethearchaeum syntrophicum","NO_APLICA","PRESENTE","RETIRADA","RETIRADA","Instantánea externa y linaje de auditoría; retirada o consolidada sin reasignar silenciosamente la fila.","f49a45ad03e3f0e1cb8464c45dcce15f69cc635804926ab25ab46cacf8819fcd","NO_APLICA"
"DA-02133","F","52","NO_APLICA","duración de crecimiento completo","NO_APLICA","PRESENTE","RETIRADA","RETIRADA","Instantánea externa y linaje de auditoría; retirada o consolidada sin reasignar silenciosamente la fila.","e7d9c8987573bf9c8fbb69b7b631359c8503bc481cf0d22506cbd3f430249136","NO_APLICA"
"DA-02134","F","53","NO_APLICA","abundancia máxima del cultivo","NO_APLICA","PRESENTE","RETIRADA","RETIRADA","Instantánea externa y linaje de auditoría; retirada o consolidada sin reasignar silenciosamente la fila.","81606ef9a9dd5c4b607b49955d5288ef68231d2efc4bf71bbf14f9ae349b3f51","NO_APLICA"
"DA-02135","F","54","NO_APLICA","tamaño del cromosoma","NO_APLICA","PRESENTE","RETIRADA","RETIRADA","Instantánea externa y linaje de auditoría; retirada o consolidada sin reasignar silenciosamente la fila.","442371b15b4526eb9c1b24a8cc136566cd73be27af1e15163a607e7ed4f59350","NO_APLICA"
"DA-02136","F","55","NO_APLICA","contenido GC","NO_APLICA","PRESENTE","RETIRADA","RETIRADA","Instantánea externa y linaje de auditoría; retirada o consolidada sin reasignar silenciosamente la fila.","0b1c5677bc2a289bca4b4c185f79a2c40e2d3271dc0e1da713e5f15480351953","NO_APLICA"
"DA-02137","F","56","56","abundancia relativa de lecturas Hodarchaeales","abundancia relativa de lecturas Hodarchaeales","PRESENTE","PRESENTE","ACTUALIZADA","Fila final emparejada por identidad de dominio; cambios fijados por huellas inicial/final.","58f09a35a4d3a3e474976e72d5e4817e5e3bfac1a2102131cb5a5976419012c4","a4eeb2381c4e1c2fd3a9353beb06bbe949c332333d7427ac125ec2285a39f677"
"DA-02138","F","57","57","longitud media celular Hodarchaeales","longitud media celular Hodarchaeales","PRESENTE","PRESENTE","ACTUALIZADA","Fila final emparejada por identidad de dominio; cambios fijados por huellas inicial/final.","a40adf698d6b478fdccd70c528a563ae2ae1a813f2affa2cc8157ddf61c5be16","14fe0f744fb23b4d254a3cb75b20e8202db5e23f31e4883043d191bee204d82e"
"DA-02139","F","58","58","rango de longitud celular Hodarchaeales","rango de longitud celular Hodarchaeales","PRESENTE","PRESENTE","ACTUALIZADA","Fila final emparejada por identidad de dominio; cambios fijados por huellas inicial/final.","6e4ba81653ba905535c5d6560f42388175506a5051dd6857b007be6874d3f71d","d5d9a06030db8f4485f9f3cd3a65ff02b6440e5623f5b483816cd76fcf4262ae"
"DA-02140","F","59","59","fracción de Nerearchaeum en enriquecimiento","fracción de Nerearchaeum en enriquecimiento","PRESENTE","PRESENTE","ACTUALIZADA","Fila final emparejada por identidad de dominio; cambios fijados por huellas inicial/final.","3cae23280531f00a8f2ea460fecc2f7d3eef6794bffe44641749d03e8c49b61f","e2c58d6aa7987fea1a85757e5127e9e0ae49d3cd4baacac099e5d25a9d5e7510"
"DA-02141","F","60","60","MAG asgard analizados por Appler et al.","MAG asgard analizados por Appler et al.","PRESENTE","PRESENTE","ACTUALIZADA","Fila final emparejada por identidad de dominio; cambios fijados por huellas inicial/final.","fc6fad558b48b715fb0d6b6215865c552ecf09d37ffcc3b9f0b470e433c1f0dc","05fa6b6c73def9272a3e22ab2958175c84517713ae353b5b878f9ac44b631901"
"DA-02142","F","61","61","Heimdallarchaeia nuevos en Appler et al.","Heimdallarchaeia nuevos en Appler et al.","PRESENTE","PRESENTE","ACTUALIZADA","Fila final emparejada por identidad de dominio; cambios fijados por huellas inicial/final.","febcecd1ebe68745bc0a6743fcaddf59c82d82cc1dd86caf0b622e0a708b8c64","87bdea51fe5b3c5fe6b31cd49034adc32f1f56729d9a62917b1e0233ba438322"
"DA-02143","F","62","62","proteínas de NM54","proteínas de NM54","PRESENTE","PRESENTE","ACTUALIZADA","Fila final emparejada por identidad de dominio; cambios fijados por huellas inicial/final.","ce1be392f0f95b05a21e274c1f20fcef7806607ca4046530e87ab147a84c7697","256faa6ed47bbe5389f7d2fed279bd5f37265c744aa97cc2c81c476bda369572"
"DA-02144","F","63","63","taxones arqueanos de NM54","taxones arqueanos de NM54","PRESENTE","PRESENTE","ACTUALIZADA","Fila final emparejada por identidad de dominio; cambios fijados por huellas inicial/final.","88fc1f7327363224cc7301104f28f9a8cecaf2c2dc190e0ec4038db8152aeaca","f598b3b3e11661b58023c4ea31350d2d561e81002419b984facf45e5803ed6dc"
"DA-02145","F","64","64","posiciones de NM54","posiciones de NM54","PRESENTE","PRESENTE","ACTUALIZADA","Fila final emparejada por identidad de dominio; cambios fijados por huellas inicial/final.","bb0dd58c72b06cc2d214bd325c8d0028419823aef5354f88073d602287445235","2d9b69288a38033913378037bc22d715e25b9587d5d5121775a2da25501efbbd"
"DA-02146","F","65","65","tamaño genómico mediano Njordarchaeales","tamaño genómico mediano Njordarchaeales","PRESENTE","PRESENTE","ACTUALIZADA","Fila final emparejada por identidad de dominio; cambios fijados por huellas inicial/final.","fbced91820e5500a8208f994f016b70b74e7b644c8660185403043d1ea16ecb2","fd264c1d55ad41aff4eef1c39759567ad6413e458dc0648218afa98e70060632"
"DA-02147","F","66","66","tamaño genómico mediano Kariarchaeales","tamaño genómico mediano Kariarchaeales","PRESENTE","PRESENTE","ACTUALIZADA","Fila final emparejada por identidad de dominio; cambios fijados por huellas inicial/final.","d98072f2f428193e94326683ef6b16f6c7dd4efbeec67bdd41ca2662a5234be8","e7a25a515e64979235ae911b12376f3b5270bb8073fc69115dd03971795537b8"
"DA-02148","F","67","67","tamaño genómico mediano Gerdarchaeales","tamaño genómico mediano Gerdarchaeales","PRESENTE","PRESENTE","ACTUALIZADA","Fila final emparejada por identidad de dominio; cambios fijados por huellas inicial/final.","84b3f70e34967dd98ad758e0e20404f36def096e1a8ad2f15c318195ec4d077e","244f488d49110cad16e9ec8b15ecad141a91d380c17cd252f81577907bcb645d"
"DA-02149","F","68","68","tamaño genómico mediano Heimdallarchaeales","tamaño genómico mediano Heimdallarchaeales","PRESENTE","PRESENTE","ACTUALIZADA","Fila final emparejada por identidad de dominio; cambios fijados por huellas inicial/final.","3475fdade1c46dfc78e1d8cf90a09998b99174f46ff3d45a35f13242f9988857","b4ecd0a7a4216989416a1dc5a3099071ebc54178a673cac088afcf8a042b3679"
"DA-02150","F","69","69","tamaño genómico mediano Hodarchaeales","tamaño genómico mediano Hodarchaeales","PRESENTE","PRESENTE","ACTUALIZADA","Fila final emparejada por identidad de dominio; cambios fijados por huellas inicial/final.","2fcf857e1ab7fa49f092320a85babd9ab45a6863066681c501b373e90a2c0fb6","b02b6d5060728ede8b35e9635cee80cd69b3bd26e32d7246764720fcc467c15e"
"DA-02151","F","70","70","familias proteicas reconstruidas para ancestro Hodarchaeales","familias proteicas reconstruidas para ancestro Hodarchaeales","PRESENTE","PRESENTE","ACTUALIZADA","Fila final emparejada por identidad de dominio; cambios fijados por huellas inicial/final.","723e4c34a369844b87145d427f66b697b0f7dd551bb7acc363a1ed3965d8b501","05299b956f486061784a3b5e665fcf4a12db2b8c2dca2c7e07dc1307be0de59f"
"DA-02152","F","71","71","familias proteicas reconstruidas para ancestro asgard","familias proteicas reconstruidas para ancestro asgard","PRESENTE","PRESENTE","ACTUALIZADA","Fila final emparejada por identidad de dominio; cambios fijados por huellas inicial/final.","135fa2120e5a75a57496d882d14cc9b3766f0938d33283cb7df1c765547824fd","119833a436c04d7a29770cbeb3e3af058586bf6832d6114fd9a099707f8c5b8b"
"DA-02153","F","72","72","temperatura óptima mediana inferida","temperatura óptima mediana inferida","PRESENTE","PRESENTE","ACTUALIZADA","Fila final emparejada por identidad de dominio; cambios fijados por huellas inicial/final.","33e98fce8d6ceb784ff8a7a1ca657d28f29593802c31b189bd10b66f4a332e2a","a2bd02db921543c98835f61f596b5452858ba1c2f09a65c0b76e06ab5ffc9156"
"DA-02154","F","73","73","proteínas en la matriz de 97 proteínas","proteínas en la matriz de 97 proteínas","PRESENTE","PRESENTE","ACTUALIZADA","Fila final emparejada por identidad de dominio; cambios fijados por huellas inicial/final.","60ac7db89010bc0f8eff2e0e7b3f035791b31d01acb6314cf752fc42c83994d2","b9feeb1ffdacba3aa9b162b1299845555f5e8d78b60ab6acbd754bd116155ac3"
"DA-02155","F","74","74","taxones asgard en la matriz de 97 proteínas","taxones asgard en la matriz de 97 proteínas","PRESENTE","PRESENTE","ACTUALIZADA","Fila final emparejada por identidad de dominio; cambios fijados por huellas inicial/final.","d915ecc05cabe901768800881bbebe7c53971e0f09870cb5dde785bf98ede161","2367e0cacd73d668807c70c8d5e025cc2f9c9aaa1e62bc2cb0a6b351572d2b78"
"DA-02156","F","75","75","eucariotas en la matriz de 97 proteínas","eucariotas en la matriz de 97 proteínas","PRESENTE","PRESENTE","ACTUALIZADA","Fila final emparejada por identidad de dominio; cambios fijados por huellas inicial/final.","848bf8df909224ccb2ef4a2e22f362813a2a48e411b96b7605524c3bdf32e7c3","3121be5d0531eb061091576a076e92ae6eb20a3a341d589c617dc30bc155c68a"
"DA-02157","F","76","76","posiciones en la matriz de 97 proteínas","posiciones en la matriz de 97 proteínas","PRESENTE","PRESENTE","ACTUALIZADA","Fila final emparejada por identidad de dominio; cambios fijados por huellas inicial/final.","dff8801c3fa72c1fb882669b014de565b056572cf2ad585d9c8a909067df7033","5ddca2f6830dda4fd177a871048cb2c190e3ba8d3005d23d35a639650b818545"
"DA-02158","F","77","77","probabilidad posterior de la matriz de 97 proteínas","probabilidad posterior de la matriz de 97 proteínas","PRESENTE","PRESENTE","ACTUALIZADA","Fila final emparejada por identidad de dominio; cambios fijados por huellas inicial/final.","9b31f9439570adcdc9ffc5c8912b972dc5863942f1fe9e2ec972b3eb2850c837","b1ce0a8b6611040349c617b0b9c06fbca3be6ab622a7eca9c6b488aedd49822d"
"DA-02159","F","78","78","probabilidad posterior de la matriz de 150 proteínas","probabilidad posterior de la matriz de 150 proteínas","PRESENTE","PRESENTE","ACTUALIZADA","Fila final emparejada por identidad de dominio; cambios fijados por huellas inicial/final.","890eb5c3302951f9d7f1d79b5af99fdbde78dbbebb186aa671de332d12041c5e","24ac4cc6928b9b9bb1a5dd43b41429e0bfb5c6b4a1668b2b2a3cd4c882522488"
"DA-02160","F","79","79","probabilidad posterior NM57","probabilidad posterior NM57","PRESENTE","PRESENTE","ACTUALIZADA","Fila final emparejada por identidad de dominio; cambios fijados por huellas inicial/final.","225c644f09d1c4d7dd1938986919377dfce024962709a3938ab8bc81d5e21e58","40f86e220587f52db3bb1379fe2a5dce34ba2a7342b835c9a643b00eee9febf4"
"DA-02161","F","80","80","fracción TACK en MAG Njordarchaeota cuestionados","fracción TACK en MAG Njordarchaeota cuestionados","PRESENTE","PRESENTE","ACTUALIZADA","Fila final emparejada por identidad de dominio; cambios fijados por huellas inicial/final.","4de41fcb3f519f1c5ae480774035ae4df9cc14474166f4e5a013a4a7fd7817f8","e65603c8afe7ee4173cf44bac8d4aa14cc50444656ca4597cfd993c650987197"
"DA-02162","F","81","81","clados alfa divergentes añadidos por Martijn et al.","clados alfa divergentes añadidos por Martijn et al.","PRESENTE","PRESENTE","ACTUALIZADA","Fila final emparejada por identidad de dominio; cambios fijados por huellas inicial/final.","6ab381f2dd6953cc5c01f26d483b13487e8e51582e892d5794b38e11a60656ad","34f020563dd0b77590464f0c897c7ca448f962e670d4eaef0b63f7e5b38be8ed"
"DA-02163","F","82","82","proteínas mitocondriales analizadas por Muñoz-Gómez et al.","proteínas mitocondriales analizadas por Muñoz-Gómez et al.","PRESENTE","PRESENTE","ACTUALIZADA","Fila final emparejada por identidad de dominio; cambios fijados por huellas inicial/final.","740b672609dd18582662389e20e5f624439d3590b363ac9ea7f6771003e5ffb5","8223c15fbb0b76864e356de1b08c972abe2e90e69b92baf837a653517bd9bef2"
"DA-02164","F","83","83","edad de nFECA","edad de nFECA","PRESENTE","PRESENTE","ACTUALIZADA","Fila final emparejada por identidad de dominio; cambios fijados por huellas inicial/final.","fb009cc89148129125a78673fbd226788e583c214276580643a102d2fafc7af7","a5e9dd4f88b29fbdea2bda2fb92a553c739ba3a5374f2e7218fb5ee2c2adeb50"
"DA-02165","F","84","84","edad de mFECA","edad de mFECA","PRESENTE","PRESENTE","ACTUALIZADA","Fila final emparejada por identidad de dominio; cambios fijados por huellas inicial/final.","4480cf4b6b259ad42073f0baff14fde4edea296bd089d70bd0bc19d8794d5b3d","904725d1481c1fd25fd503dad8ec2b5d388f0fb35764d8d1cffc195ec47c0e32"
"DA-02166","F","85","85","edad de LECA","edad de LECA","PRESENTE","PRESENTE","ACTUALIZADA","Fila final emparejada por identidad de dominio; cambios fijados por huellas inicial/final.","06bdca50f37b66bba1b8ce159420c11aa79021e966f08823e60e3a5cd7996677","1825e8debeb2dd4d48d13d2dba3a0b28bd6e2ab135f75d8adc02ee20674abb51"
"DA-02167","F","86","86","duración mediana del tallo nuclear","duración mediana del tallo nuclear","PRESENTE","PRESENTE","ACTUALIZADA","Fila final emparejada por identidad de dominio; cambios fijados por huellas inicial/final.","3c9d270829a500d6047163273c4708e18771813f3d31e28649433c841190b3b9","b3d62149ef5d6bbbbe5a685af11106c93579bfe7a8d4a5580c8e9f85f1ba26ba"
"DA-02168","F","87","87","duración mediana del tallo mitocondrial","duración mediana del tallo mitocondrial","PRESENTE","PRESENTE","ACTUALIZADA","Fila final emparejada por identidad de dominio; cambios fijados por huellas inicial/final.","b7b2f66e4033ab6e799cf01f285d535ede22ccb8a6266efeb2ad79912a2dd287","8fd14b90ad8c3ec54811af0144ae07e3b6ea8b63bacf6f8e72ee2af4dde3cac8"
"DA-02169","F","88","88","calibraciones fósiles del reloj de especies","calibraciones fósiles del reloj de especies","PRESENTE","PRESENTE","ACTUALIZADA","Fila final emparejada por identidad de dominio; cambios fijados por huellas inicial/final.","5e5d7a3469349da6430cc2990e9526e5f53d34961980262b9291c0668f8c27c6","2cfcf51203b2a62b02e30e74a05bd6fd38b9e4769d0237212dc25bd56cd1f632"
"DA-02170","F","89","89","árboles génicos fechados","árboles génicos fechados","PRESENTE","PRESENTE","ACTUALIZADA","Fila final emparejada por identidad de dominio; cambios fijados por huellas inicial/final.","48b210b7e0fbafc1b56a028e080d56731b13c3c7a6670c8315bc1901c11eb5eb","573473f4338c86c1ebde0d014c372b8195be358e91d0fd959b91bacb29e69d75"
"DA-02171","F","90","90","árboles de ascendencia arqueana","árboles de ascendencia arqueana","PRESENTE","PRESENTE","ACTUALIZADA","Fila final emparejada por identidad de dominio; cambios fijados por huellas inicial/final.","c1bd2ac31c98f5d095e6226e23091b76036b8239a60548c32f156d8ed0458cfd","80cc4fab65f6b806dd286dd01aab30a09f2fbaab031887bc0b78983d528fbbf3"
"DA-02172","F","91","91","árboles de ascendencia bacteriana","árboles de ascendencia bacteriana","PRESENTE","PRESENTE","ACTUALIZADA","Fila final emparejada por identidad de dominio; cambios fijados por huellas inicial/final.","12db2e7c0bb5b5476e2002ad73813e4ceef153138210a93066dbe56d38eaaf4e","755f6ff2731258414811bac8cbd4c463c4777e0a1f49f3d71a11714ade46ade2"
"DA-02173","F","92","92","familias bacterianas sin apoyo alfa fuerte","familias bacterianas sin apoyo alfa fuerte","PRESENTE","PRESENTE","ACTUALIZADA","Fila final emparejada por identidad de dominio; cambios fijados por huellas inicial/final.","10862f9414287b2aeda0f8ef65753bdf904e65ee89d5412b9294258e5ca56afb","ba8818ba6c85e9de8b2e28cac075ef8b6db4779d77e5958f10034665f6d474c4"
"DA-02174","F","93","93","familias arqueanas sin apoyo asgard","familias arqueanas sin apoyo asgard","PRESENTE","PRESENTE","ACTUALIZADA","Fila final emparejada por identidad de dominio; cambios fijados por huellas inicial/final.","e6a45bb87105f03d6f22ada50b297a3ef6426b253049510670d255634c52c6e9","e5796392736564bf6825ee0488b44816111f627a4723139d82f6b087b8a089df"
"DA-02175","F","94","94","conjuntos de proteomas","conjuntos de proteomas","PRESENTE","PRESENTE","ACTUALIZADA","Fila final emparejada por identidad de dominio; cambios fijados por huellas inicial/final.","c7d8459068c54f85628c23dc13cc259bb705166d829e01a4a766897c31e59aab","1173ffba38cd6bfda85ee015fee164320d80def763280fc8c4e3f1488fa62b03"
"DA-02176","F","95","95","proteomas por conjunto","proteomas por conjunto","PRESENTE","PRESENTE","ACTUALIZADA","Fila final emparejada por identidad de dominio; cambios fijados por huellas inicial/final.","9d939fc846459a00485851194d516f07cf2b9800f6f7f8e0217009f0f90ff989","f20d1b2f58e154ab020a8a394ef025b21210ed041967f3bdb2d001c6712421e6"
"DA-02177","F","96","96","especies totales representadas","especies totales representadas","PRESENTE","PRESENTE","ACTUALIZADA","Fila final emparejada por identidad de dominio; cambios fijados por huellas inicial/final.","7d11359ec377fc707fc3ea265027c90afd4b55505bb9fb994647f9f0811770d1","b4c9f698d722b5f1cd9466391ce9286e1753c9e1a399bf04ef29795594c5751f"
"DA-02178","F","97","97","solapamiento proteico medio","solapamiento proteico medio","PRESENTE","PRESENTE","ACTUALIZADA","Fila final emparejada por identidad de dominio; cambios fijados por huellas inicial/final.","f43f1484630c21cd5a2b14228634ecd696afdfa0bbea1ae14d50c3e6f383d636","60887ef11ea440e87f8cdf9fb60a50bb994e1b6f3dea8332ccbd573f0bf6c9ee"
"DA-02179","F","98","98","proteomas tras filtros","proteomas tras filtros","PRESENTE","PRESENTE","ACTUALIZADA","Fila final emparejada por identidad de dominio; cambios fijados por huellas inicial/final.","84392bdd466b0eee995d982b6d993f56d6b2511fd0dde4ec49c0d85b2a685125","4ddb7620a2ff78ca9f333c87324621c8f338b812ad781659339c737e1a8480ff"
"DA-02180","F","99","99","ortogrupos de LECA con criterio relajado","ortogrupos de LECA con criterio relajado","PRESENTE","PRESENTE","ACTUALIZADA","Fila final emparejada por identidad de dominio; cambios fijados por huellas inicial/final.","7bd3f85c927ca7a4008d833d24a3eb85932a281820b92e08a1e0a609ee5f403b","1ad911b232ef69c36a64fde40a79307c71e6d1709e7ecf9dfaf0cf96acf0c5c1"
"DA-02181","F","100","100","ortogrupos de LECA con criterio estricto","ortogrupos de LECA con criterio estricto","PRESENTE","PRESENTE","ACTUALIZADA","Fila final emparejada por identidad de dominio; cambios fijados por huellas inicial/final.","a8b32cf1050072e1e3dcb2b8d9fb8669fc8b0b5bb4e5ad84644773f21e367d6f","7baaa8cb305d366e01c8516585bc7e1b953d730ba1efb537e846a36ee1603baf"
"DA-02182","F","101","101","consistencia media de ortogrupos","consistencia media de ortogrupos","PRESENTE","PRESENTE","ACTUALIZADA","Fila final emparejada por identidad de dominio; cambios fijados por huellas inicial/final.","5dd23a14ab7c39e494f63fad51b502b44bbffd74ffc14e7f157425bf698609d2","b3b3f7d31afbf30dc5e8241b0a28609fff014cc2652c72c53536d75dca4eb3c6"
"DA-02183","F","102","102","ortogrupos potencialmente explicables por HGT entre supergrupos","ortogrupos potencialmente explicables por HGT entre supergrupos","PRESENTE","PRESENTE","ACTUALIZADA","Fila final emparejada por identidad de dominio; cambios fijados por huellas inicial/final.","7a57d7e8e1b636dc45f18d7c991fdfb785ebf10e139e99b7812193d7840f776b","41832a2368e43eed52d321ea6963151c95a3f91517f513759cb88365c709d266"
"DA-02184","F","103","103","términos KEGG Orthology","términos KEGG Orthology","PRESENTE","PRESENTE","ACTUALIZADA","Fila final emparejada por identidad de dominio; cambios fijados por huellas inicial/final.","ef4172158f1baa0d59c5ef1d42e8bcea54b8815730138c30d160701787441135","d341e4f9860d52af1ad6f09c38abcba53b815d2d8251bea761bd97659adf8e8c"
"DA-02185","F","104","104","genomas en análisis de poro nuclear","genomas en análisis de poro nuclear","PRESENTE","PRESENTE","ACTUALIZADA","Fila final emparejada por identidad de dominio; cambios fijados por huellas inicial/final.","36d0bb37343456295f0c7553d6541c9cb4d13c3881c895bd00a10cff2473681e","0e9959be95bddd5535bdbc08fccf5a653445924beda53de29ffb7459bc4811a4"
"DA-02186","F","105","105","nucleoporinas con representación profunda","nucleoporinas con representación profunda","PRESENTE","PRESENTE","ACTUALIZADA","Fila final emparejada por identidad de dominio; cambios fijados por huellas inicial/final.","5e80dda0a0558bc4873d5d19ec0f4e9546085092f2e77692540929650b3a0aea","491b5fff66e4c2853cf56f7ceff5926d7ae5dcf0e9bd71c1fd6e31a900d8bc31"
"DA-02187","F","106","106","nucleoporinas atribuidas a LECA","nucleoporinas atribuidas a LECA","PRESENTE","PRESENTE","ACTUALIZADA","Fila final emparejada por identidad de dominio; cambios fijados por huellas inicial/final.","c3b5605429ee14d1e4ad9daf5b92643891c8a4db3d3f523cfd28223179860dc7","639161401a13105bbc3f336d30a2251fd9b0eb537326d6a7a1082e7da77e697c"
"DA-02188","F","107","107","Rab GTPasas atribuidas a LECA","Rab GTPasas atribuidas a LECA","PRESENTE","PRESENTE","ACTUALIZADA","Fila final emparejada por identidad de dominio; cambios fijados por huellas inicial/final.","9bde673f0a6cd6526001ce27fe488f59e1676560948bf582722274e85cadcea5","1f971d43489b58d984f700d38ed28ea128f92b7270cc5bbba769bbc32d908521"
"DA-02189","F","108","108","secuencias SNARE analizadas","secuencias SNARE analizadas","PRESENTE","PRESENTE","ACTUALIZADA","Fila final emparejada por identidad de dominio; cambios fijados por huellas inicial/final.","a1e0e49d097aaad0e806c7dfa3638ddb7d0f3073354eda2d696ed488c5e9ec22","bdbe18bc963d531f336878356c3712ce4f8bd9104867e1c0d5e577977f800056"
"DA-02190","F","109","109","especies del análisis SNARE","especies del análisis SNARE","PRESENTE","PRESENTE","ACTUALIZADA","Fila final emparejada por identidad de dominio; cambios fijados por huellas inicial/final.","4d7ec4805ca256468464824884db75735e4f54c63f7870166fc60e8bd5571768","6b09e3e86d6721fca97e7442072b96198268c9f88e967e73b11a3b9a55578946"
"DA-02191","F","110","110","subclases SNARE ancestrales","subclases SNARE ancestrales","PRESENTE","PRESENTE","ACTUALIZADA","Fila final emparejada por identidad de dominio; cambios fijados por huellas inicial/final.","21301305a6360712acd7d61e91c9c90fd2de3d59c25374514dc801babeaad9bc","99c0832d5a76bc06de34cf767f0efed2db4fbdac73329c9859f5aed5ab283373"
"DA-02192","F","111","111","PEX comparados","PEX comparados","PRESENTE","PRESENTE","ACTUALIZADA","Fila final emparejada por identidad de dominio; cambios fijados por huellas inicial/final.","a180b486f26abc4c55ae30f5ec3e501e694120e28fda00a4e9da57001f9e63b3","10cbf997b78b818b66d9ab611cf51a459a3d78f2444819cb65c78ee72cf2aad6"
"DA-02193","F","112","112","proteínas peroxisomales de origen eucariota","proteínas peroxisomales de origen eucariota","PRESENTE","PRESENTE","ACTUALIZADA","Fila final emparejada por identidad de dominio; cambios fijados por huellas inicial/final.","6d74b9f106eb0e32670f21a5374f20363a08cb6872672a5fd08b515fc30536b3","f298389707644922e7f6b5e68496062698485c544d9d828e4890e1de68f9fea6"
"DA-02194","F","113","113","proteínas peroxisomales de origen alfa-proteobacteriano","proteínas peroxisomales de origen alfa-proteobacteriano","PRESENTE","PRESENTE","ACTUALIZADA","Fila final emparejada por identidad de dominio; cambios fijados por huellas inicial/final.","8a49f087fbce1e6ed759bc2bed1797ff6acfdb8be8085b0b97b5b78b72c2ed32","192c0fc26a8728dd124a4d06d4e1065508bac95b82e61f173cdd72f936073109"
"DA-02195","F","114","114","intrones de LECA compartidos entre paralogos","intrones de LECA compartidos entre paralogos","PRESENTE","PRESENTE","ACTUALIZADA","Fila final emparejada por identidad de dominio; cambios fijados por huellas inicial/final.","68a5f18670716e05d550da8be50916b74d84b4e2698cedef090a633398b12eb5","90719353136be61c689aa94c6904bb8ba8ca5045f41c700660a8da0aab2c3dfb"
"DA-02196","F","115","115","árboles génicos en reconstrucción de Bremer et al. 2022","árboles génicos en reconstrucción de Bremer et al. 2022","PRESENTE","PRESENTE","ACTUALIZADA","Fila final emparejada por identidad de dominio; cambios fijados por huellas inicial/final.","0609cdc9bd0c88f8480c7582d1ea19a40bd39496c5c8aecef16f86c911f5f185","ae2a7c632c814063bda0049cf53b0691f51055494ab006753e6b8ed7cdf66d6c"
"DA-02197","F","116","116","duplicaciones analizadas por Tria et al.","duplicaciones analizadas por Tria et al.","PRESENTE","PRESENTE","ACTUALIZADA","Fila final emparejada por identidad de dominio; cambios fijados por huellas inicial/final.","7fd91201fcb33e9203257c93185d4d1cbf87c912106804cfccb38bd6c75114e6","096e3231dc0ce0399912fd3060a009d759cf1375979bebed0f8bef351e1189c1"
"DA-02198","F","117","117","árboles génicos analizados por Tria et al.","árboles génicos analizados por Tria et al.","PRESENTE","PRESENTE","ACTUALIZADA","Fila final emparejada por identidad de dominio; cambios fijados por huellas inicial/final.","c14dfb2eb51a41ae272a401a06239372062974943340606922fdd4e15fbc2a88","de590154c82a11e7feee91d231701afa73539492a0db073b8e5553705a789e68"
"DA-02199","F","118","118","genomas eucariotas de Tria et al.","genomas eucariotas de Tria et al.","PRESENTE","PRESENTE","ACTUALIZADA","Fila final emparejada por identidad de dominio; cambios fijados por huellas inicial/final.","1db6068dab79c842f678c97a5670c7ffec6b1f597811c47791b2aab6ea970b99","34b653ae37ab91b2f0957b474b22e3fbc87156fdf2a7c35d3c24288260852f7b"
"DA-02200","F","119","119","duplicaciones pre-LECA retenidas","duplicaciones pre-LECA retenidas","PRESENTE","PRESENTE","ACTUALIZADA","Fila final emparejada por identidad de dominio; cambios fijados por huellas inicial/final.","151cb48a7f48ac10a0484f7d35ba36ee162757a9310f5a3fcd114809cebe1aa1","1bb95ddb17f08148c65c68ce4cbd6f61fa1524539c5546f2bd9264b678143321"
"DA-02201","F","120","120","proteínas estructurales comparadas por Devos et al.","proteínas estructurales comparadas por Devos et al.","PRESENTE","PRESENTE","ACTUALIZADA","Fila final emparejada por identidad de dominio; cambios fijados por huellas inicial/final.","af2e4fa91a625ad3fb6f5da8f71b9dc80f8b4d3997220c05ffdc1791086dd0fd","e54cdb1f45c868536e3dbda3bd84a5763ca2843278c74385ad78623287e8a00a"
"DA-02202","F","121","121","proteínas arqueanas en S103","proteínas arqueanas en S103","PRESENTE","PRESENTE","ACTUALIZADA","Fila final emparejada por identidad de dominio; cambios fijados por huellas inicial/final.","b86916296b64f3f1bebb55b69f5bc1a864f69e71ef86b6de3d6e78b86e14c286","6c63b026e26b4048460b690310e4fb346af13018bbedfccabd1d5e8190357bfb"
"DA-02203","F","122","122","familias génicas reconciliadas","familias génicas reconciliadas","PRESENTE","PRESENTE","ACTUALIZADA","Fila final emparejada por identidad de dominio; cambios fijados por huellas inicial/final.","692d6f78cc30a20764499ae4ca408502051bd1c1e67678781c0a684ce3de1dbc","87e5881e6157fcaaee4d6cafe836e81a58a2736b2cc68f3b1b0e3ae699ef6db8"
"DA-02204","F","123","123","linajes en S107","linajes en S107","PRESENTE","PRESENTE","ACTUALIZADA","Fila final emparejada por identidad de dominio; cambios fijados por huellas inicial/final.","31c6aa404d06367092b42973086c1e37cf55999b562c9993de0c0f7baf5d04b9","74c41b09d28efdd21fae1311ad99b466fb1ee21511e50e037dfd6da3b247a965"
"DA-02205","F","124","124","taxones en S102","taxones en S102","PRESENTE","PRESENTE","ACTUALIZADA","Fila final emparejada por identidad de dominio; cambios fijados por huellas inicial/final.","1c257d6240aa4d80cb381fb3491ec3d94d9eba418f31a842adbc34fae9dd9327","4cf73c7a1fcc0a14297d99ec41dfadc70cb3c424ece07bde5ba5bb65568ed3a2"
"DA-02206","F","125","125","proteínas mitocondriales en S102","proteínas mitocondriales en S102","PRESENTE","PRESENTE","ACTUALIZADA","Fila final emparejada por identidad de dominio; cambios fijados por huellas inicial/final.","6789f702cbf41f859a3f719b3d92d06d8cc631fa98fae1f86209657f37d5a826","99dcaab852b32c37f82fc83f2f38318347ce72b8d8802b75f8a246fb3d75c1a3"
"DA-02207","F","126","126","PP Opimoda–Diphoda bajo CAT-GTR","PP Opimoda–Diphoda bajo CAT-GTR","PRESENTE","PRESENTE","ACTUALIZADA","Fila final emparejada por identidad de dominio; cambios fijados por huellas inicial/final.","9f4b8d8165e2e76f453fa83b70f0a805642a59d7f524d07f2226654b6c15d7ff","96ef1a2b40d364a7b80aca754551bf7226fe0ec94db0f44b3e87b49d6b20ee65"
"DA-02208","F","127","127","PP Opimoda–Diphoda bajo CAT","PP Opimoda–Diphoda bajo CAT","PRESENTE","PRESENTE","ACTUALIZADA","Fila final emparejada por identidad de dominio; cambios fijados por huellas inicial/final.","41836e9b2f61802ea3f523a1b85e9f4bebe53b14c3583110fec1bc1b4dd13084","1855954d951acf4d1bb34f3e69093157401062537a50fa77896620291bde8f63"
"DA-02209","F","128","NO_APLICA","combinaciones de dominios de miosina","NO_APLICA","PRESENTE","RETIRADA","RETIRADA","Instantánea externa y linaje de auditoría; retirada o consolidada sin reasignar silenciosamente la fila.","68962f4f88817a9d94774aaa483f81d7230488fcf32577058f830e38b177ba0c","NO_APLICA"
"DA-02210","F","129","129","tipos de miosina atribuidos a LECA por S118","tipos de miosina atribuidos a LECA por S118","PRESENTE","PRESENTE","ACTUALIZADA","Fila final emparejada por identidad de dominio; cambios fijados por huellas inicial/final.","49a83c3684f96f2166a2ed1f29d1fc62efe9ca5c09813ec67ec5b90fc141cddf","f7e18462e9a2bf5bf85442223a5f9cc9cbe0aa8489b5af4c79d19e0ebbd90e6b"
"DA-02211","F","130","130","indels animales–hongos","indels animales–hongos","PRESENTE","PRESENTE","ACTUALIZADA","Fila final emparejada por identidad de dominio; cambios fijados por huellas inicial/final.","a6de75b0cea5a69e6dea638e1736704fb7eaa2dea959bb145534b5ebc0cd8b90","d6e7080ac8dbbb4d1f320a9da183b12ecb4f324255fe5a4ddc0629f20a503154"
"DA-02212","F","131","131","inserción en eEF1A","inserción en eEF1A","PRESENTE","PRESENTE","ACTUALIZADA","Fila final emparejada por identidad de dominio; cambios fijados por huellas inicial/final.","8212111b5bab1ceb51c657387591c1ed3660c63ea32bcd85cd5fb057e758006f","1697df36bc36b5ee4febe928d94c5b77942729d91ffe45b3ff6105d57af21788"
"DA-02213","F","132","132","proteínas de Brown et al.","proteínas de Brown et al.","PRESENTE","PRESENTE","ACTUALIZADA","Fila final emparejada por identidad de dominio; cambios fijados por huellas inicial/final.","f2e6f4cd1644d0ab0ff7225c72d6e5bfa164060121ec9ba36fff5833f28a2b5f","7b18c41387f32c6a9bc98dd122673b411959aea50639ee215d600720e930da16"
"DA-02214","F","133","133","taxones de Brown et al.","taxones de Brown et al.","PRESENTE","PRESENTE","ACTUALIZADA","Fila final emparejada por identidad de dominio; cambios fijados por huellas inicial/final.","3243adbb66a5dc40b403edc22391d73007a03cfd1e5ef319bc0c82219bfe0005","77ae4f09de4747c1b2f52e77094fabca4b8ac654787e83e6f8ed4c6013303630"
"DA-02215","F","134","134","posiciones de Brown et al.","posiciones de Brown et al.","PRESENTE","PRESENTE","ACTUALIZADA","Fila final emparejada por identidad de dominio; cambios fijados por huellas inicial/final.","58d91d5b39ca9f17d380ec4d418104e8acf29e51c55e4e5ecb3e659266d1ad51","260805a310aece728801e6050db42b71409ec971aa1755c37a314bd6f12f4625"
"DA-02216","F","135","135","bootstrap Ancyromonadida+Malawimonadida","bootstrap Ancyromonadida+Malawimonadida","PRESENTE","PRESENTE","ACTUALIZADA","Fila final emparejada por identidad de dominio; cambios fijados por huellas inicial/final.","0a31949de0a34acd44ce5a7a14db0eff422328510cc897192f12ac34ab78ee9c","96223ae3e161b2053beac69cace7f2d6b23604eeb20f8099bd378c7a0d8e342c"
"DA-02217","F","136","136","PP Malawimonadida+(CRuMs+Amorphea)","PP Malawimonadida+(CRuMs+Amorphea)","PRESENTE","PRESENTE","ACTUALIZADA","Fila final emparejada por identidad de dominio; cambios fijados por huellas inicial/final.","cd998d4b8792a1bf6bf5c324c162fb75dc4dcc162354435a52dcd9988c4e0738","055f850cc52f1c4f24d8eb13f8a3534c67f240639c9529937dec64d6d814141b"
"DA-02218","F","137","137","proteínas de Obazoa en S111","proteínas de Obazoa en S111","PRESENTE","PRESENTE","ACTUALIZADA","Fila final emparejada por identidad de dominio; cambios fijados por huellas inicial/final.","0dbadefbac41fd92f214369b47deddb708e523fc5c11053c31c4d3923763b918","a246b860fa652921f582c61e5df603a31c078aec471440eb33de2895917ef560"
"DA-02219","F","138","138","posiciones de Obazoa en S111","posiciones de Obazoa en S111","PRESENTE","PRESENTE","ACTUALIZADA","Fila final emparejada por identidad de dominio; cambios fijados por huellas inicial/final.","edd74cf521875b3cb089bf38531c99e867b4d8a8773e43ef71f8339892a7e6f2","06029c32e84003455928214d13ced05452ce94c97c194b652d5e567376fea2b0"
"DA-02220","F","139","139","genes de Amoebozoa en S112","genes de Amoebozoa en S112","PRESENTE","PRESENTE","ACTUALIZADA","Fila final emparejada por identidad de dominio; cambios fijados por huellas inicial/final.","b6d9a2fbe2575685d32d141edecba44e8dea0e29787a1d47347acf95fa6dc441","bb3b7161c912c755205596df294169b66ef56074533843ae101a5b1e38913603"
"DA-02221","F","140","140","posiciones de Amoebozoa en S112","posiciones de Amoebozoa en S112","PRESENTE","PRESENTE","ACTUALIZADA","Fila final emparejada por identidad de dominio; cambios fijados por huellas inicial/final.","0233d103ba200315fd59d39ab3d40750d676abb2c78196c8b7b47ea40122a58b","489f682582768ccbfafb965a3a2af682ccf868ece2d0c705a9e7262b2507b651"
"DA-02222","F","141","141","BPP de respaldo principal Amoebozoa","BPP de respaldo principal Amoebozoa","PRESENTE","PRESENTE","ACTUALIZADA","Fila final emparejada por identidad de dominio; cambios fijados por huellas inicial/final.","b0930a231233e0274dbd5bea0a1915bb7624d31803ff2a9f385c12b80be4e54a","682dd925bdccaa8d9527f1d1bee8c3d32afc5b7e1435f0e5f09b92900bfb1e85"
"DA-02223","F","142","142","MLBS de respaldo principal Amoebozoa","MLBS de respaldo principal Amoebozoa","PRESENTE","PRESENTE","ACTUALIZADA","Fila final emparejada por identidad de dominio; cambios fijados por huellas inicial/final.","dc3c3f66d943b93a391973eb86505f8a10d02d2cdf7b6426a53de91fcb10643b","6bfb16990a223592a7295ef68cbdbec3ddd77cd0fe4f300b3b076e585ca3fedc"
"DA-02224","F","143","143","taxones de Liu et al.","taxones de Liu et al.","PRESENTE","PRESENTE","ACTUALIZADA","Fila final emparejada por identidad de dominio; cambios fijados por huellas inicial/final.","c70194ca556ab9921d49cac96e57756ca036ac97ce1eb91488499628d5aabf22","c21d1189a8b4dfa25ff294912e080c40c3e72c2c5788e7f0cff763dcd71bd54c"
"DA-02225","F","144","144","linajes principales de Liu et al.","linajes principales de Liu et al.","PRESENTE","PRESENTE","ACTUALIZADA","Fila final emparejada por identidad de dominio; cambios fijados por huellas inicial/final.","3a2f0fb7cd55c27ac36dffeb4393d210e7645c6423f28fd7881e4e88e22a7e85","7b2f1d6a79ae3cf2cc111d084e18714949ae2118682fa38249c763352de2852d"
"DA-02226","F","145","145","genes BUSCO","genes BUSCO","PRESENTE","PRESENTE","ACTUALIZADA","Fila final emparejada por identidad de dominio; cambios fijados por huellas inicial/final.","62269b616972d4e6bad3653641673f4d70e0be074ec9b692a8e57660d1584b18","233439dd6d38fdbeb42ca26f273c711eb797af1be0764c149f5ff6d52a9e62cc"
"DA-02227","F","146","146","genes OrthoFinder","genes OrthoFinder","PRESENTE","PRESENTE","ACTUALIZADA","Fila final emparejada por identidad de dominio; cambios fijados por huellas inicial/final.","c5b133509a7ea2ba7d7efb08454a1620bc0609bc96fed7d11722d6f3258c25f2","eebb94f54445529d7aa8c389218105f353aabec6f8064396760006aeff6e0877"
"DA-02228","F","147","147","genes Tikhonenkov_2020","genes Tikhonenkov_2020","PRESENTE","PRESENTE","ACTUALIZADA","Fila final emparejada por identidad de dominio; cambios fijados por huellas inicial/final.","357f7eb8a1668234d91e0a9ae628a80622f596ded865c2f394bb07d2a38ff2a6","3bac960f1db57b0224725363768c30e52302b709a919215c2907009264cb5331"
"DA-02229","F","148","148","árboles comparados por Liu et al.","árboles comparados por Liu et al.","PRESENTE","PRESENTE","ACTUALIZADA","Fila final emparejada por identidad de dominio; cambios fijados por huellas inicial/final.","93d99a553f796d2cb6ab74a0707eda1a55b71ea241babc8cd8b86bee67410a97","e4977dcbde1c64904929f569d0926b4eb56e749c4b8bc560736b6dac4d8ebddf"
"DA-02230","F","149","149","ramas congruentes","ramas congruentes","PRESENTE","PRESENTE","ACTUALIZADA","Fila final emparejada por identidad de dominio; cambios fijados por huellas inicial/final.","a3771fd1fd795ff7a6a20d23caecc630174a5580cd67ee0542825e92ae126a44","f04d65e0f75b9a07bd84a473c509ffa10c5189f999661719ad993b16e273d4ba"
"DA-02231","F","150","150","congruencia mismo conjunto de ortólogos","congruencia mismo conjunto de ortólogos","PRESENTE","PRESENTE","ACTUALIZADA","Fila final emparejada por identidad de dominio; cambios fijados por huellas inicial/final.","b31a9a05995350d6ed5fa6746d145ce141159df38ee8cea2e3844e2e4195911e","9accb38ace9d64361a769a51f81fa372a82e45493a562876b23c52dcdb7373a7"
"DA-02232","F","151","151","congruencia conjuntos distintos","congruencia conjuntos distintos","PRESENTE","PRESENTE","ACTUALIZADA","Fila final emparejada por identidad de dominio; cambios fijados por huellas inicial/final.","4f8ab578626b34639cfc308684ee037488c3e9a42007e141e7fe5e2ae9e9c0e9","a286b694311f6ee0782f84d078cc181185177e2c8ab9e115e25b50fefca1357b"
"DA-02233","F","152","NO_APLICA","UFB Teretosporea BUSCO GTR+CAT","NO_APLICA","PRESENTE","RETIRADA","RETIRADA","Instantánea externa y linaje de auditoría; retirada o consolidada sin reasignar silenciosamente la fila.","c509636d28cfd7c5e7560553553adbb9737acb85ce5971a6c668c27f16985b5f","NO_APLICA"
"DA-02234","F","153","153","taxones de submuestreo","taxones de submuestreo","PRESENTE","PRESENTE","ACTUALIZADA","Fila final emparejada por identidad de dominio; cambios fijados por huellas inicial/final.","d40eb48c61d26d30dd11c56b125759f06b202216540c3c61285e51d6836c24d1","ceb793e775ac87b635c60c25e3f67e7be8d17b3baccce8a1baac6c49a5dae039"
"DA-02235","F","154","154","muestreos densos","muestreos densos","PRESENTE","PRESENTE","ACTUALIZADA","Fila final emparejada por identidad de dominio; cambios fijados por huellas inicial/final.","e722b36b8ae7d326171833fdff4261ea07bf0b7b699ca524e81331eb0a462697","47612a96d082f315668dc10a97459aec25b33d9fbee46a507cd2507623701371"
"DA-02236","F","155","155","UFB Teretosporea OrthoFinder#2","UFB Teretosporea OrthoFinder#2","PRESENTE","PRESENTE","ACTUALIZADA","Fila final emparejada por identidad de dominio; cambios fijados por huellas inicial/final.","655a46b4c82436b7ec5391b752f8a7894c6194f6cc1ec790b83757b8babbb520","b54bec31301ad464b4b34d590781a6609fe146dd8945ca69cd9d61e8fd97b22e"
"DA-02237","F","156","156","gCF Teretosporea","gCF Teretosporea","PRESENTE","PRESENTE","ACTUALIZADA","Fila final emparejada por identidad de dominio; cambios fijados por huellas inicial/final.","d80ba731fb3698800c9d8b611c619959cb5c972f4b43a287cde26ebcde6aa9b5","05ea97df1b72c94c47a5f38a0ec4cb27bc834692c8bc4017e2dfbfd2d7d9f2e2"
"DA-02238","F","157","157","loci que apoyan Teretosporea","loci que apoyan Teretosporea","PRESENTE","PRESENTE","ACTUALIZADA","Fila final emparejada por identidad de dominio; cambios fijados por huellas inicial/final.","934c581430d34916a7c47d300d95b9519dfd8a4aa04c45dd6ebe03f4310cc5c6","d8ff0c2649a2d052a66d8d3f5e954fbf058ebce75c76b77ad83cdd7491c6360d"
"DA-02239","F","158","158","árboles fuera de tres candidatas","árboles fuera de tres candidatas","PRESENTE","PRESENTE","ACTUALIZADA","Fila final emparejada por identidad de dominio; cambios fijados por huellas inicial/final.","5df7c4443ba33797975e3e0a4bf7f6f80973718915217166a15a0891d80d04d3","2f63bf4370d15692cf39f23503a0e97b120ff0b8790070060e7f3b9df5fb2e0e"
"DA-02240","F","159","159","árboles fuera de tres candidatas","árboles fuera de tres candidatas","PRESENTE","PRESENTE","ACTUALIZADA","Fila final emparejada por identidad de dominio; cambios fijados por huellas inicial/final.","65bd8a17a7a6540c04f4ced1dc92b223397c9f23203d0aa807b68a81b00c0cd9","0ea34049317c8851b15bd97cd48f1219810e15c8832ba3a899f256ae3653b8c2"
"DA-02241","F","160","160","sCF de tres topologías","sCF de tres topologías","PRESENTE","PRESENTE","ACTUALIZADA","Fila final emparejada por identidad de dominio; cambios fijados por huellas inicial/final.","85be4fe3c9a7e9b10e68f298360702793ac1237ba90e2041ed20848a4f85b744","4895d11295126a79924e5f2249736fdb6b86387b920e82cef9ab9b6b737231a6"
"DA-02242","F","161","161","edad de Opisthokonta","edad de Opisthokonta","PRESENTE","PRESENTE","ACTUALIZADA","Fila final emparejada por identidad de dominio; cambios fijados por huellas inicial/final.","490674af3f212b42aabd39db5adc2cc7159ec3078876f985b10ad694a8600f20","c352a821162475d6c30a78c3418cfec7c5ed548e5a642d8ec344d26175d7c28e"
"DA-02243","F","162","162","edad de Holomycota","edad de Holomycota","PRESENTE","PRESENTE","ACTUALIZADA","Fila final emparejada por identidad de dominio; cambios fijados por huellas inicial/final.","eb5fbb796044df90d2a7c5f70da17eabfe130517748a1486219e64893cbfa26f","ad7a68765f99b4a7ccd4596924e1db707737114dc923e206d361bf2c65bca923"
"DA-02244","F","163","163","edad de Holozoa","edad de Holozoa","PRESENTE","PRESENTE","ACTUALIZADA","Fila final emparejada por identidad de dominio; cambios fijados por huellas inicial/final.","31599998011b97a21e68b5048ab4036989149c9297bbf99d83b8ab0152133472","dfe197e4f3659c6f4e512de59f09e0837841c20692a0128ad6807a4316645ad8"
"DA-02245","F","164","NO_APLICA","punto medio derivado de la edad de Amorphea","NO_APLICA","PRESENTE","RETIRADA","RETIRADA","Instantánea externa y linaje de auditoría; retirada o consolidada sin reasignar silenciosamente la fila.","05eeee9c3294efbd767fc422ac15370e80ef1de4e58b88d341891a7cad69fd10","NO_APLICA"
"DA-02246","F","165","NO_APLICA","punto medio derivado de la edad de Amoebozoa","NO_APLICA","PRESENTE","RETIRADA","RETIRADA","Instantánea externa y linaje de auditoría; retirada o consolidada sin reasignar silenciosamente la fila.","abe1d9a88cc0aa3015df471210119496c6721b9e43c882cf2338dd1ed1d37293","NO_APLICA"
"DA-02247","F","166","NO_APLICA","punto medio derivado de la edad de Obazoa","NO_APLICA","PRESENTE","RETIRADA","RETIRADA","Instantánea externa y linaje de auditoría; retirada o consolidada sin reasignar silenciosamente la fila.","0f161227cd279acbf5efc67465074b3b3ac88b7b7d1e413741ad48fab58e695b","NO_APLICA"
"DA-02248","F","167","NO_APLICA","punto medio derivado del tallo Apusomonadida–Opisthokonta","NO_APLICA","PRESENTE","RETIRADA","RETIRADA","Instantánea externa y linaje de auditoría; retirada o consolidada sin reasignar silenciosamente la fila.","1b19effce48bedd51b2efeeb36ae5cdd62d9bd77ae10aaf857545faade1a7865","NO_APLICA"
"DA-02249","F","168","NO_APLICA","punto medio derivado de la edad de Breviatea","NO_APLICA","PRESENTE","RETIRADA","RETIRADA","Instantánea externa y linaje de auditoría; retirada o consolidada sin reasignar silenciosamente la fila.","863ca5db55b6c6ad4938c812c40498e0e5f49c6b96c90af13f6f165d65b093fd","NO_APLICA"
"DA-02250","F","169","NO_APLICA","punto medio derivado de la edad de Ichthyosporea","NO_APLICA","PRESENTE","RETIRADA","RETIRADA","Instantánea externa y linaje de auditoría; retirada o consolidada sin reasignar silenciosamente la fila.","f99ceba08bee504fcb7bc176efdb69e3faf589c136106e991dda95e335b065a8","NO_APLICA"
"DA-02251","F","170","NO_APLICA","punto medio derivado de la edad de Pluriformea","NO_APLICA","PRESENTE","RETIRADA","RETIRADA","Instantánea externa y linaje de auditoría; retirada o consolidada sin reasignar silenciosamente la fila.","9be3563c90faa1889f88d912cbf4b57fd67aef0642f4b49dbbac9bf3366d27fe","NO_APLICA"
"DA-02252","F","171","NO_APLICA","punto medio derivado del nodo 115 operacional Pluriformea/Corallochytrea","NO_APLICA","PRESENTE","RETIRADA","RETIRADA","Instantánea externa y linaje de auditoría; retirada o consolidada sin reasignar silenciosamente la fila.","c92368baf7797e674a3f9ec6130f0935533022751d874435b471250c2412d57d","NO_APLICA"
"DA-02253","F","172","NO_APLICA","punto medio derivado de la edad de Filasterea","NO_APLICA","PRESENTE","RETIRADA","RETIRADA","Instantánea externa y linaje de auditoría; retirada o consolidada sin reasignar silenciosamente la fila.","a5115843dd0e5b393a8f22b29cb07d6d170df23228e0afb76cdc87306290cd34","NO_APLICA"
"DA-02254","F","173","NO_APLICA","punto medio derivado de la edad de Filozoa","NO_APLICA","PRESENTE","RETIRADA","RETIRADA","Instantánea externa y linaje de auditoría; retirada o consolidada sin reasignar silenciosamente la fila.","6950c172feabc5d27b0522d60a886c1e34f7c5f78d25bbfde23115970fef5224","NO_APLICA"
"DA-02255","F","174","164","divergencia animal–coanoflagelado","divergencia animal–coanoflagelado","PRESENTE","PRESENTE","ACTUALIZADA","Fila final emparejada por identidad de dominio; cambios fijados por huellas inicial/final.","eb5d83f7d2bb108a323a42c4d35ee6eb12eb206467fdb113c7fc87130e0b1b38","43cb5e64a8a25408fc496ebe0b5c6332c0ac07d3f4f4817d7d740051df59ea9e"
"DA-02256","F","175","165","proteínas de S130","proteínas de S130","PRESENTE","PRESENTE","ACTUALIZADA","Fila final emparejada por identidad de dominio; cambios fijados por huellas inicial/final.","9d4720c39821461b838efbcc32a1b4477deef92a6e0e27bc3a9a8aea117a19c1","805909b7b8ad150b2250a8e22e8a7a0a4ed5d72aa4eab086f1b76c07ec476f01"
"DA-02257","F","176","166","taxones de S130","taxones de S130","PRESENTE","PRESENTE","ACTUALIZADA","Fila final emparejada por identidad de dominio; cambios fijados por huellas inicial/final.","6b09abfc7ec33c67ee32edd926b6cee59e24630f1aacc278e8c6e424685f1957","26c58650b9b3a504156d2f31ac91dd966cdf5df0c967a93572d1be9c94ac0eb7"
"DA-02258","F","177","167","posiciones de S130","posiciones de S130","PRESENTE","PRESENTE","ACTUALIZADA","Fila final emparejada por identidad de dominio; cambios fijados por huellas inicial/final.","a97ad6ff393f1ef86965107a53d92b33c8e08b586c8ef9bf7c837915113d6bb5","cfd677d7bab28f00f330d155e493c21127844ed781acad1acdc3848135c49a50"
"DA-02259","F","178","168","genes de S129","genes de S129","PRESENTE","PRESENTE","ACTUALIZADA","Fila final emparejada por identidad de dominio; cambios fijados por huellas inicial/final.","81c2db6cb2849cd2adeb78477e944711645b80600272c0123287e6a6f8623007","e37c45ff4f1ed8af77cbabcde26f0c877bb560de539c2e41dc5cc5ca28bfc31b"
"DA-02260","F","179","169","posiciones de S129","posiciones de S129","PRESENTE","PRESENTE","ACTUALIZADA","Fila final emparejada por identidad de dominio; cambios fijados por huellas inicial/final.","a1ff0e675b3e0fc1ef59988b45c37e1e78fe3f02aab404c9f207ea427f2b998b","c946229a26eb1e29ab842f03ae409f6c6227491e903a9364129205ea526ffbf4"
"DA-02261","F","180","170","taxones de S129","taxones de S129","PRESENTE","PRESENTE","ACTUALIZADA","Fila final emparejada por identidad de dominio; cambios fijados por huellas inicial/final.","2430e4d2386f1afd9d1a39b6b5c024dde47ead6310b4f8989b3989d86e556e38","033a45eca4664e2511eb245d3d0f143731f4c8e57235d9357fce8b73143f026b"
"DA-02262","F","181","171","MLBS de Ichthyosporea profunda en S129","MLBS de Ichthyosporea profunda en S129","PRESENTE","PRESENTE","ACTUALIZADA","Fila final emparejada por identidad de dominio; cambios fijados por huellas inicial/final.","35b01a16d95409786afedaa2aa2723e895fb6e220ffd23ee1d480299aa1bd65c","fbd915f524bde722508040abfa5442a433c1883f85a25d2f6e3c9448001c836b"
"DA-02263","F","182","172","calibraciones de S126","calibraciones de S126","PRESENTE","PRESENTE","ACTUALIZADA","Fila final emparejada por identidad de dominio; cambios fijados por huellas inicial/final.","a90ae1d45f631f5f8e2ff5916c8d2708e1513ce627ae945a28c48de1908f2677","cb93d0c4f57f9ac17616beadfc44369c20fa46294e9271709dfdc6c1134e7300"
"DA-02264","F","183","173","linajes excavados sucesivos de S103","linajes excavados sucesivos de S103","PRESENTE","PRESENTE","ACTUALIZADA","Fila final emparejada por identidad de dominio; cambios fijados por huellas inicial/final.","19bb2a1903c157fafffa722e2f851ccbc9cca225da82b296f9e4d4477ffa9855","8512dc4948b8b87b3249aa7e9510b3405c66f08862f241e71af4778438809716"
"DA-02265","F","184","NO_APLICA","hendiduras de enolasa examinadas como cambios raros","NO_APLICA","PRESENTE","RETIRADA","RETIRADA","Instantánea externa y linaje de auditoría; retirada o consolidada sin reasignar silenciosamente la fila.","b423d617e1c96465720fceab6b4dd63959e01df6c4a0a59f517fc801d6fd668d","NO_APLICA"
"DA-02266","F","185","175","restricción de edad de la raíz en S126","restricción de edad de la raíz en S126","PRESENTE","PRESENTE","ACTUALIZADA","Fila final emparejada por identidad de dominio; cambios fijados por huellas inicial/final.","7072c1bf7a06f408d39c790b9831debc991a281567bb6e26e6f1f16862551b24","9b438fb2fbd60c44079d01ca7d41f8d0485d53e3ea144f62d7d498ec19ed8cfc"
"DA-02267","F","186","176","rango geocronológico del Grupo Roper","rango geocronológico del Grupo Roper","PRESENTE","PRESENTE","ACTUALIZADA","Fila final emparejada por identidad de dominio; cambios fijados por huellas inicial/final.","1d8a51a45945f57fdb4d91b1bd062bd11274a1b07b2b43bc91c04361ce107a6d","615d3a1f77bdb9c10bdb69f769f9bb90266da7b94378094ac0f8a254ca977483"
"DA-02268","F","187","177","edad de la Formación Chuanlinggou","edad de la Formación Chuanlinggou","PRESENTE","PRESENTE","ACTUALIZADA","Fila final emparejada por identidad de dominio; cambios fijados por huellas inicial/final.","d3f3f0307cb11431401caf813eb4a46bd46f2c92dabed808cbaad6287f399279","b66150db158756f4bb025a2a1e71049ff67a4854b66abbcc4f88af4ecd2e10d7"
"DA-02269","F","188","178","diámetro celular máximo","diámetro celular máximo","PRESENTE","PRESENTE","ACTUALIZADA","Fila final emparejada por identidad de dominio; cambios fijados por huellas inicial/final.","df6c4de8520a2046f922c31ee960ca569a6b725cd342677d1d9b6112cd2f6a28","40a9977dfb5395756e1afa2b5de02cfedd9d9abc4a25f18fd58b23da47eabeac"
"DA-02270","F","189","179","edad de la Formación de Hierro Negaunee","edad de la Formación de Hierro Negaunee","PRESENTE","PRESENTE","ACTUALIZADA","Fila final emparejada por identidad de dominio; cambios fijados por huellas inicial/final.","9374da1c0388e405b5bf330b234ea3e7c6878cb20668fbaa29c4da8141ae1463","c70c5e12fdd234a047de12bb39bdcd6b8ffaf4cea67aaecd8887b241df661eda"
"DA-02271","F","190","180","edad atribuida a la Dolomía Tirohan","edad atribuida a la Dolomía Tirohan","PRESENTE","PRESENTE","ACTUALIZADA","Fila final emparejada por identidad de dominio; cambios fijados por huellas inicial/final.","4642cf894fed1ac0920a57ea10a7a052d354f08e35f9801a26677d40d6f32fad","9eebad9a8bc13173fbba4990391a1edc368231c088bb774a9bcb6e4cddba1eb3"
"DA-02272","F","191","181","edad de unidades perforadas del Grupo Chuar","edad de unidades perforadas del Grupo Chuar","PRESENTE","PRESENTE","ACTUALIZADA","Fila final emparejada por identidad de dominio; cambios fijados por huellas inicial/final.","8d1cf927e815f2a6ae037425401ccc71cd13d8001feb623749751d15704b349a","ba130f9d64de593ccd66f001c797c0016cad6ee7a7612880ddde0c0c9f3a83b7"
"DA-02273","F","192","182","diámetro de perforaciones en acritarcos","diámetro de perforaciones en acritarcos","PRESENTE","PRESENTE","ACTUALIZADA","Fila final emparejada por identidad de dominio; cambios fijados por huellas inicial/final.","bb27392d48210eb1e789236c5fb153b3e95223abe20c4787fc229b51321ed686","600d3313cccf47a4d910b4dee4f7d8951e0f67655754f893afb114abc77ad550"
"DA-02274","F","193","183","número de especies con perforaciones medidas","número de especies con perforaciones medidas","PRESENTE","PRESENTE","ACTUALIZADA","Fila final emparejada por identidad de dominio; cambios fijados por huellas inicial/final.","1fbda4f193c16f7a9b7c3e37a9f1050de47e5a809c01c1022ee896e1d3a7bd2e","4896e5db0504428682bd5d0cfaaef319b41d72b8140dab8b03dcb008e67cfdc6"
"DA-02275","F","194","184","diámetro de perforaciones en VSM","diámetro de perforaciones en VSM","PRESENTE","PRESENTE","ACTUALIZADA","Fila final emparejada por identidad de dominio; cambios fijados por huellas inicial/final.","23c93049105c71161d64b4b589c8477a9f3fab3e11d0a1bf65e6ceb663141ade","b42bcf6ceff394a3d185b1b7d32c3f617dd5e17ff71b2590303b928fbcb16fb1"
"DA-02276","F","195","185","edad de *Bangiomorpha pubescens*","edad de *Bangiomorpha pubescens*","PRESENTE","PRESENTE","ACTUALIZADA","Fila final emparejada por identidad de dominio; cambios fijados por huellas inicial/final.","9fdad25302623df4e9b09e18301af3137c4a74238b32e777fbc2f5549ea6412a","4d40cafd65d9306aa8cedf2dcbbb020855a83393d8426fcc671a5f64ed8f54c3"
"DA-02277","F","196","186","rango de edad de *Ourasphaira giraldae*","rango de edad de *Ourasphaira giraldae*","PRESENTE","PRESENTE","ACTUALIZADA","Fila final emparejada por identidad de dominio; cambios fijados por huellas inicial/final.","7622a6dda00b37076b11409ece97c3a650e0401fb50c49ab5700143723c9bb9a","283cda7f2ea620d4044d370ca7f0cfcdba99c662ae48b5ce2a7bf426245a0293"
"DA-02278","F","197","187","edad de *Bicellum brasieri*","edad de *Bicellum brasieri*","PRESENTE","PRESENTE","ACTUALIZADA","Fila final emparejada por identidad de dominio; cambios fijados por huellas inicial/final.","38ac42024c3078673c82c33af9502c13f41cab9c9ace5f7370c33e7319df6c96","c12097f2c909a2887262e5981db1fb9c836d3a57a48f56545de343cd1537843a"
"DA-02279","F","198","188","rango de deposición de Doushantuo","rango de deposición de Doushantuo","PRESENTE","PRESENTE","ACTUALIZADA","Fila final emparejada por identidad de dominio; cambios fijados por huellas inicial/final.","0b4cc937dcf6efc48bfce736d3c707461e1cff002a6278827c523c2b137c0818","bec803175f7622dae9f1d2510ef4383405e359f26d16f1c0ccf2308fe9e68793"
"DA-02280","F","199","189","edad de la biota de Weng’an","edad de la biota de Weng’an","PRESENTE","PRESENTE","ACTUALIZADA","Fila final emparejada por identidad de dominio; cambios fijados por huellas inicial/final.","7edd2487a75eacc41a65ae8744bb0c7ecf37c615a919d529ae9aafecd7a5a077","58bbf2e5d24d92ccc52cf2313de3b2e53f6a710546649a030aeb151fe350d94b"
"DA-02281","F","200","190","número de carbonos nominal del biomarcador","número de carbonos nominal del biomarcador","PRESENTE","PRESENTE","ACTUALIZADA","Fila final emparejada por identidad de dominio; cambios fijados por huellas inicial/final.","9e9dcd76d90294ebcfd88e4d7f62a8c438a649fa874b288c27777d40cd2e63f6","6706be80675217261b91dba945345cfc8b2a4afc02329d45014cd5d9a357db98"
"DA-02282","F","201","191","número de carbonos de esteroles analizados","número de carbonos de esteroles analizados","PRESENTE","PRESENTE","ACTUALIZADA","Fila final emparejada por identidad de dominio; cambios fijados por huellas inicial/final.","e70ee164835e439d3ad603a34623d6f451ebda35195bf29cbc7b0d980aa05e50","b735830b7d5ad6b7a0c038379ddc1bd74c40e9d1a313c71f75900546172a2ed5"
"DA-02283","F","202","192","concentración mínima experimental de O₂ con biosíntesis de esteroles","concentración mínima experimental de O₂ con biosíntesis de esteroles","PRESENTE","PRESENTE","ACTUALIZADA","Fila final emparejada por identidad de dominio; cambios fijados por huellas inicial/final.","0a14e87cb2ff75c876b927a27cac009941a932e49b0eb912845aaf7caec7b6ac","05ae94d1ae54538a6301ffdb9405d3fcf79fae5890a1a26719e0dc52435133f6"
"DA-02284","F","203","193","edad de principales divergencias eucariotas","edad de principales divergencias eucariotas","PRESENTE","PRESENTE","ACTUALIZADA","Fila final emparejada por identidad de dominio; cambios fijados por huellas inicial/final.","d9780b3af91193cf40e3cfce18e44a41c4bca985dd4709cabf97852097fd218d","b923ce4ad6f815b2c35c85aad7213b71f28538a30570dc09d59497c9181e409e"
"DA-02285","F","204","194","edad de divergencia Choanoflagellata–Metazoa","edad de divergencia Choanoflagellata–Metazoa","PRESENTE","PRESENTE","ACTUALIZADA","Fila final emparejada por identidad de dominio; cambios fijados por huellas inicial/final.","0887822375a7289fc927cc37a6a63375de331179dd146bc1de26bba2bbd9d4e9","63d85fd55c118dac03595e2cfbb2660fce8cb64605b7f409a76ee4a072520b65"
"DA-02286","F","205","195","edad de LECA","edad de LECA","PRESENTE","PRESENTE","ACTUALIZADA","Fila final emparejada por identidad de dominio; cambios fijados por huellas inicial/final.","1a36c9eeda2083303738026797791dc011005e6f21dd32910c0a024729121547","59ce7a2b89d2aed565d84737062b4e3db80283919dfa20fb568f6573d331ffd5"
"DA-02287","F","206","196","edad de LECA","edad de LECA","PRESENTE","PRESENTE","ACTUALIZADA","Fila final emparejada por identidad de dominio; cambios fijados por huellas inicial/final.","902bca14be6aa8f5b039d1f7d677ed4a4ad482bdf5d58a60e12bc4af8d55aa5a","2e995589c700d7622d1f4e48d26637311a3f2cde4a86918e8865f9a3bb15f5d6"
"DA-02288","F","207","197","edad de Opisthokonta","edad de Opisthokonta","PRESENTE","PRESENTE","ACTUALIZADA","Fila final emparejada por identidad de dominio; cambios fijados por huellas inicial/final.","2a8e30936db6b441bb70253b64dd9ba58c9ce53d2fcf4414b4b20b13601cb31f","9bd43d02b8c6493e179f8c310efb7adca25d0147b14a1d8bdd95e278714b5f1a"
"DA-02289","F","208","198","duración entre LECA y Opisthokonta","duración entre LECA y Opisthokonta","PRESENTE","PRESENTE","ACTUALIZADA","Fila final emparejada por identidad de dominio; cambios fijados por huellas inicial/final.","b79712d5d68d084f3e5b5bea4b05aba978ce321380652c004d67427d6353453f","18fd18f9a87d1a00851cc2acfae517ab6417d0f68e2bea4afed9854e181b40fb"
"DA-02290","F","209","199","edad de LECA","edad de LECA","PRESENTE","PRESENTE","ACTUALIZADA","Fila final emparejada por identidad de dominio; cambios fijados por huellas inicial/final.","57db680030abcc9ef0c501f0865517393d755fb08634a62b22a5b5b16a9f2a00","f26eb586aae161843c9c8ae1000fa4cbb1763a8f6eb1d3779a26073423501678"
"DA-02291","F","210","200","edad antes de la que Porter no reconoce fósiles inequívocos de coronas de supergrupos","edad antes de la que Porter no reconoce fósiles inequívocos de coronas de supergrupos","PRESENTE","PRESENTE","ACTUALIZADA","Fila final emparejada por identidad de dominio; cambios fijados por huellas inicial/final.","23f454c57028b88f8ae08231ae0b4b93e4be0c26208ab2ca6fde9eb33344c870","bc6f9ad0e93fb24ca2494389d8d43cb8f867ec823eb742b810a6f5561c4195d3"
"DA-02292","F","211","201","límite mínimo propuesto para LECA","límite mínimo propuesto para LECA","PRESENTE","PRESENTE","ACTUALIZADA","Fila final emparejada por identidad de dominio; cambios fijados por huellas inicial/final.","5a9ecbd7c18ba29ce3c39f8e2ef215c6c66b4b276099631b755dff07e2a61d88","7730abd056379a8d90d7f6ea59633facbc04c71ab672717c300c1d46180e2689"
"DA-02293","F","212","202","envolvente de edades recuperadas de LECA","envolvente de edades recuperadas de LECA","PRESENTE","PRESENTE","ACTUALIZADA","Fila final emparejada por identidad de dominio; cambios fijados por huellas inicial/final.","c7e11e0d7fa74633eedd002363e2111807ecbaf76c254d8aadaddaa99bae36a2","a26be2da6f619730870a6d257a7b619669057267dba9f0fcba00ac05fd417313"
"DA-02294","F","213","NO_APLICA","amplitud de la envolvente de LECA","NO_APLICA","PRESENTE","RETIRADA","RETIRADA","Instantánea externa y linaje de auditoría; retirada o consolidada sin reasignar silenciosamente la fila.","ee3a668b6e29f99c79b1e4989a937e02f40184a62932fd8178a2cdf7b7f10015","NO_APLICA"
"DA-02295","F","214","203","intervalo de la Gran Oxidación","intervalo de la Gran Oxidación","PRESENTE","PRESENTE","ACTUALIZADA","Fila final emparejada por identidad de dominio; cambios fijados por huellas inicial/final.","d3ae7a0d83542b0e1f3e1d17607f5df362e4427be7e6e248947111bdf8b96978","0eb370a1723ffb508360c818fa69027dd9efa7344e75b27c5009c0fe79c659d7"
"DA-02296","F","215","204","intervalo Lomagundi–Jatuli","intervalo Lomagundi–Jatuli","PRESENTE","PRESENTE","ACTUALIZADA","Fila final emparejada por identidad de dominio; cambios fijados por huellas inicial/final.","367d37e6d775b5a68ad536567b00602507172b5abe6ed0ec2fc8f01218f952e9","815b15b5bdd05c0e3635b8fb1cc40704cb9ea3045abfa488b1bc3629b1a17ba3"
"DA-02297","F","216","205","máximo de δ13C durante Lomagundi–Jatuli","máximo de δ13C durante Lomagundi–Jatuli","PRESENTE","PRESENTE","ACTUALIZADA","Fila final emparejada por identidad de dominio; cambios fijados por huellas inicial/final.","89ea64d3e0e794df8a29f7a9266b9c5d5281eaae06c1ce9b13a067b344677e68","4729a27efa124d4fa0bec0e547d15f95b105af6894475fe1d678130e287093c7"
"DA-02298","F","217","206","pO₂ mesoproterozoica","pO₂ mesoproterozoica","PRESENTE","PRESENTE","ACTUALIZADA","Fila final emparejada por identidad de dominio; cambios fijados por huellas inicial/final.","c9e0037ef2bb8aa966fa61c4f17ac97e650695749a7d16624627a17a8a321537","385a531630542ee4350e6de76e5b6b08ae97ae7e120a5bcc7ef1548fbe6e0cf4"
"DA-02299","F","218","207","pO₂ alrededor de 1.4 Ga","pO₂ alrededor de 1.4 Ga","PRESENTE","PRESENTE","ACTUALIZADA","Fila final emparejada por identidad de dominio; cambios fijados por huellas inicial/final.","c712976f72ce8d8c786037b29420799304d6c09a0a12747d22e769440e779efd","c5be74754b8941c25a7ed98cfff7c1787482d98a061dce41351a88f14a8b66f7"
"DA-02300","F","219","208","edad del intervalo Xiamaling modelado","edad del intervalo Xiamaling modelado","PRESENTE","PRESENTE","ACTUALIZADA","Fila final emparejada por identidad de dominio; cambios fijados por huellas inicial/final.","ee95c99bc20c1e381771277550714f1879f35fae41301598b83c49ca391b4ec7","6715f0b026450d2609467e39d3e023fe3079ee71bee95e4e23fe14e8f7b68add"
"DA-02301","F","220","209","pO₂ de la edad media de la Tierra","pO₂ de la edad media de la Tierra","PRESENTE","PRESENTE","ACTUALIZADA","Fila final emparejada por identidad de dominio; cambios fijados por huellas inicial/final.","e924057de4ed1c2911e9c1bb5a7daa679d734d8a3c6ab6f523880faef5c91ecf","a3f77f230aee80e86a3675d7dd403d33d3fdd019be576ab3b4d763b2945cd522"
"DA-02302","F","221","210","pO₂ mesoproterozoica","pO₂ mesoproterozoica","PRESENTE","PRESENTE","ACTUALIZADA","Fila final emparejada por identidad de dominio; cambios fijados por huellas inicial/final.","3f3ae41def56b180fac5eeac3851f256e8b8076b815c8b9bdb8d782c77d940de","8b3dd7fa68706c266de3254ad5a3c5fb715b04fe742d279a0f9f46f798cdf8a3"
"DA-02303","F","222","NO_APLICA","envolvente de pO₂ mesoproterozoica recuperada","NO_APLICA","PRESENTE","RETIRADA","RETIRADA","Instantánea externa y linaje de auditoría; retirada o consolidada sin reasignar silenciosamente la fila.","511b5e672e8a88178fa35b25652e0a9bdc63adc04722ebfffc841179f7d8d858","NO_APLICA"
"DA-02304","F","223","212","número de mediciones de especiación de hierro","número de mediciones de especiación de hierro","PRESENTE","PRESENTE","ACTUALIZADA","Fila final emparejada por identidad de dominio; cambios fijados por huellas inicial/final.","14c5d6b0c3f9f5a85e40d2bb539a7ea7c421b831a3cd2663433007d7103ec220","237027c11160f148327a27dc2a553432075d1b75891d0700ad27825b52c7aa18"
"DA-02305","F","224","213","rango temporal de la compilación de Fe","rango temporal de la compilación de Fe","PRESENTE","PRESENTE","ACTUALIZADA","Fila final emparejada por identidad de dominio; cambios fijados por huellas inicial/final.","36d7ccb03a98856c7e24ac93b692609f5d38fc5053ab631bb921c65b375153f7","5cc21f094e5f9d74989a31906122c49d817967d4f6233f4f7bf760f605676582"
"DA-02306","F","225","214","expansión propuesta del reservorio de P","expansión propuesta del reservorio de P","PRESENTE","PRESENTE","ACTUALIZADA","Fila final emparejada por identidad de dominio; cambios fijados por huellas inicial/final.","5d516d5f8c6e6b278e019bb6d25260673d03932fd29220716352e6e5d554cc41","e7e54a9c8c6e3829bc7da3e3488424ff34ee90ea4bbdfb7da951285960e911d0"
"DA-02307","F","226","215","duración nominal del «aburrido millardo»","duración nominal del «aburrido millardo»","PRESENTE","PRESENTE","ACTUALIZADA","Fila final emparejada por identidad de dominio; cambios fijados por huellas inicial/final.","af50836892a2fd65ac0c1fe0d798a080a44fd22ab3475fb4d308fb1f13529511","3ace4ee5fd175663fbdb13b2eb6c3a0a6d811afe32fba1660524088addf6b344"
"DA-02308","F","227","216","intervalo de la glaciación Sturtiana","intervalo de la glaciación Sturtiana","PRESENTE","PRESENTE","ACTUALIZADA","Fila final emparejada por identidad de dominio; cambios fijados por huellas inicial/final.","1f631bfb09cea818a7b3f47506c544c4d6fea730fd0d964ce8ca333a74a93f05","fef59c6dfc42155a24254b335c97186da3fdd7c3bfaef7cc803147736cc01471"
"DA-02309","F","228","217","terminación Marinoana","terminación Marinoana","PRESENTE","PRESENTE","ACTUALIZADA","Fila final emparejada por identidad de dominio; cambios fijados por huellas inicial/final.","bf760df400503a4cc24e4df43fe87475bab332b1e3cb063bc1955648d7b4b56b","a5f2ef1a1d6a3625bab95f37065c2c755f57b2a51334aa497e0609d29cee5781"
"DA-02310","F","229","218","ventana recuperada para el inicio Marinoano","ventana recuperada para el inicio Marinoano","PRESENTE","PRESENTE","ACTUALIZADA","Fila final emparejada por identidad de dominio; cambios fijados por huellas inicial/final.","8d0ee7705884ac7d3c54713cf3b3b7861366ae8ad91a77ac0fb72ba967101a54","e23674b1796c71ab3ce718e93e7956b2c09433d0584372e7a6d8a42f548f7b8f"
"DA-02311","F","230","219","número aproximado de genes","número aproximado de genes","PRESENTE","PRESENTE","ACTUALIZADA","Fila final emparejada por identidad de dominio; cambios fijados por huellas inicial/final.","fb8ecc2dd570e91190db627141df516d541ae6abceb01404560591d69a379980","8585a688cade9da32c2c6da5e1ba6950e89f2deb024e174f20e9dac525692faa"
"DA-02312","F","231","220","concentración activa de RIF-1","concentración activa de RIF-1","PRESENTE","PRESENTE","ACTUALIZADA","Fila final emparejada por identidad de dominio; cambios fijados por huellas inicial/final.","f6df286bec841191fc9959e4cd2f34d7a7b2a00218a0516dcbe04ec682f785c9","3fa1ab4e7576f639e5fda35a2fd5be424acf337a57d5d75ab0a2522d80cb1f36"
"DA-02313","F","232","221","intervalo dinámico de respuesta a RIF-1","intervalo dinámico de respuesta a RIF-1","PRESENTE","PRESENTE","ACTUALIZADA","Fila final emparejada por identidad de dominio; cambios fijados por huellas inicial/final.","1d6d670688402a56e9d760e1d23b021a2273aa275cd5fa2d0616502a73c6c1ff","fdd51d14957456117fe3a9a02befe0af902485a7047f84d94e0fc23ade955697"
"DA-02314","F","233","222","inicio de enjambrazón","inicio de enjambrazón","PRESENTE","PRESENTE","ACTUALIZADA","Fila final emparejada por identidad de dominio; cambios fijados por huellas inicial/final.","125378a0dd5f5ce4bfd1f935462e71453f80a17309de00f3d15e48adb24f678e","abd548ca57a6593aecbbd58768397246f70988f1cfb4ec204884451c0ecef5f1"
"DA-02315","F","234","223","tiempo hasta enjambres observables","tiempo hasta enjambres observables","PRESENTE","PRESENTE","ACTUALIZADA","Fila final emparejada por identidad de dominio; cambios fijados por huellas inicial/final.","2c639563da68e34ba52f5c1dfe53135d74b02574b1e81c0acd14b2e095b67ec5","bae2c78a677dd9e8e0d9b9fd97b997de508402b956e3ece0e09cd8e1141ea4f1"
"DA-02316","F","235","224","tiempo de inversión de la lámina","tiempo de inversión de la lámina","PRESENTE","PRESENTE","ACTUALIZADA","Fila final emparejada por identidad de dominio; cambios fijados por huellas inicial/final.","152806c0945d386d145d948d3e5a3a625f138c5c5960eada976fc7d0c37c4214","735c5b6b4c1653a85c471faa4a9366daa534c78d5fd8308d5422a3830f3dbeb1"
"DA-02317","F","236","225","duración de inducción de agregación","duración de inducción de agregación","PRESENTE","PRESENTE","ACTUALIZADA","Fila final emparejada por identidad de dominio; cambios fijados por huellas inicial/final.","4426eac80168891dceb23062ed3d8927918f5ca73e623b331f404166016752f1","0f659667604b5529e8379395cff17fcf1f888f3365e678c36e74658b0c2cb55e"
"DA-02318","F","237","226","velocidad de agitación para agregación","velocidad de agitación para agregación","PRESENTE","PRESENTE","ACTUALIZADA","Fila final emparejada por identidad de dominio; cambios fijados por huellas inicial/final.","b4c64c65425a7e97cf52032666134ad0c1d9d7b6d6da05222977b02865e1ee84","8ba13bbf556890dc5b5210bd914a6a5f0c071515988debc663cf59fba9d71b32"
"DA-02319","F","238","227","edad del cultivo quístico","edad del cultivo quístico","PRESENTE","PRESENTE","ACTUALIZADA","Fila final emparejada por identidad de dominio; cambios fijados por huellas inicial/final.","861148057fdc485576033ea5eee9a3a0f983ff71cb8fae8f82565983db00e471","4f05db33e23d1dba5db90924612af3faa4f73377732fd5b760238908375f08e9"
"DA-02320","F","239","228","número máximo de núcleos antes de celularización","número máximo de núcleos antes de celularización","PRESENTE","PRESENTE","ACTUALIZADA","Fila final emparejada por identidad de dominio; cambios fijados por huellas inicial/final.","5abf63c921d09b595cf0e578eb6dd3e0ff807c9e094ef6ed86c79575fcadc92c","4b720cf76ed4f8f8521d192a50c0d0b9d2f0ec6531303aa13420fe615a8665f1"
"DA-02321","F","240","229","intervalo entre divisiones nucleares","intervalo entre divisiones nucleares","PRESENTE","PRESENTE","ACTUALIZADA","Fila final emparejada por identidad de dominio; cambios fijados por huellas inicial/final.","15481f8099cc55fb66a8af1f37933bb0ce6ea9a32dd05e1336c5fd92c6f253f4","991f3d663af82b5bb83f336b254171670d7780fc39c93547c8f88a53abbb9a73"
"DA-02322","F","241","230","tamaño celular","tamaño celular","PRESENTE","PRESENTE","ACTUALIZADA","Fila final emparejada por identidad de dominio; cambios fijados por huellas inicial/final.","f76f5c23efff5c528885e738789bd7ade119ba57be640115588dfa2b47978f89","9c28fb3db33289b7cd08b4e2872f847fb15cdc01825b2c233b31979aac57f3f8"
"DA-02323","F","242","231","relación lineal depredador:presa óptima","relación lineal depredador:presa óptima","PRESENTE","PRESENTE","ACTUALIZADA","Fila final emparejada por identidad de dominio; cambios fijados por huellas inicial/final.","f1f17a6407726c291d670ee71298561a7300324b0535fee0433fe12a4cbca62c","5a31b2b8895acc7c8c70459009b9cf38721236a65adad11c49d92b83411e0ed3"
"DA-02324","F","243","232","relación lineal depredador:presa óptima","relación lineal depredador:presa óptima","PRESENTE","PRESENTE","ACTUALIZADA","Fila final emparejada por identidad de dominio; cambios fijados por huellas inicial/final.","390e7efeee0f2a23520c9ded074e3efb0f6f0a66f032967769b054fcb0d15417","73e05d526fe4c6bf27da56ef267051cc123358ea0646a01f3865ca3c777d2848"
"DA-02325","F","244","233","relación lineal depredador:presa óptima","relación lineal depredador:presa óptima","PRESENTE","PRESENTE","ACTUALIZADA","Fila final emparejada por identidad de dominio; cambios fijados por huellas inicial/final.","3b08579631de2f751af2b7f00f9fb2c2986eb5e1c636eb40c0fc1504976ef907","7ae3d46c989ce238508d96e5e763f6e95d637c7ffd8c73c2a6628ae8bc7f8e5f"
"DA-02326","F","245","234","número de genomas virales asgard reconstruidos","número de genomas virales asgard reconstruidos","PRESENTE","PRESENTE","ACTUALIZADA","Fila final emparejada por identidad de dominio; cambios fijados por huellas inicial/final.","c4bfe0cd3ac834def824d540924d5efff4fe4c28b299579dd34e6dcaeffab837","1e210d4f653517bca3588cb7bed43825fa8059bef346193fcf0585660525efda"
"DA-02327","F","246","235","tamaño máximo de genoma viral asgard","tamaño máximo de genoma viral asgard","PRESENTE","PRESENTE","ACTUALIZADA","Fila final emparejada por identidad de dominio; cambios fijados por huellas inicial/final.","32f539504c9163aba2dca28c90c2871eb547df5009bcd47bc75209f466ccc620","55e2b5fecad35cee7916714c5fd70f4ccd84a8e916ce518123be9fc8a7f24b26"
"DA-02328","F","247","236","rendimiento fermentativo calculado con *Arcobacter*","rendimiento fermentativo calculado con *Arcobacter*","PRESENTE","PRESENTE","ACTUALIZADA","Fila final emparejada por identidad de dominio; cambios fijados por huellas inicial/final.","fe8a5ffbd0499d499bb5257a2b27a4c0fde42e8ad59126184184a40e128d6eef","b7a1e75595eba1831157b7534d5b5550822d74ccf086bf2fd249cd28e2afb68a"
"DA-02329","F","248","237","temperatura experimental del consorcio ANME-1–HotSeep-1","temperatura experimental del consorcio ANME-1–HotSeep-1","PRESENTE","PRESENTE","ACTUALIZADA","Fila final emparejada por identidad de dominio; cambios fijados por huellas inicial/final.","c48b60868422b5ce7da10def45c5a5509236a34bdef49a8e6216dd2738ef2983","17e359d257eb1ee4e81e10ee150cfffdef12f1b4a4c33297b1eb3dfd8e651488"
"DA-02330","F","249","NO_APLICA","tamaño del aislado metanógeno histórico","NO_APLICA","PRESENTE","RETIRADA","RETIRADA","Instantánea externa y linaje de auditoría; retirada o consolidada sin reasignar silenciosamente la fila.","00d898fa3029db0594edbf4d0b200a125f14fe77e5cf1a251bba6ab9b3f40b23","NO_APLICA"
"DA-02331","F","250","239","tiempo de generación con H₂/CO₂","tiempo de generación con H₂/CO₂","PRESENTE","PRESENTE","ACTUALIZADA","Fila final emparejada por identidad de dominio; cambios fijados por huellas inicial/final.","cef2e3ae76b7ad9498b9b61406aae6be20970591f5aa272283828ba4fd0e4edd","f9bcda5913ccdf6da2dd961f17e03502db3f4bed2bbe7a0545f096b2651eeca5"
"DA-02332","F","251","240","tiempo de generación con formiato","tiempo de generación con formiato","PRESENTE","PRESENTE","ACTUALIZADA","Fila final emparejada por identidad de dominio; cambios fijados por huellas inicial/final.","268e4b9acb6bd35f6ff5a1cf009a75ba6f300f20f4cdfbaaccd185526a3c4258","6bdbf814c888f288abaa4292fca5395053532e1d4600e2473e43e3a9b9f493db"
"DA-02333","F","252","241","especies de ciliados anaerobios muestreadas","especies de ciliados anaerobios muestreadas","PRESENTE","PRESENTE","ACTUALIZADA","Fila final emparejada por identidad de dominio; cambios fijados por huellas inicial/final.","55cf8084fd9b13c22b19787e29831671048e168ff3c78496b22ea31bed69d0f6","b23cebf180583e2183a3a4c7c16dd3d532a5f884ae597e6b035e5ed07be34214"
"DA-02334","F","253","242","tamaño de genoma de *Kinetoplastibacterium*","tamaño de genoma de *Kinetoplastibacterium*","PRESENTE","PRESENTE","ACTUALIZADA","Fila final emparejada por identidad de dominio; cambios fijados por huellas inicial/final.","ea727b767bfa78a98617d2d139dd352b4499cda0c9db7a9059d2f30e67bbc85a","752c86302e67f7db231196db04dc6f965dc7223d1ec5c865b80f7ef9a0d7a87a"
"DA-02335","F","254","243","tamaño del genoma nuclear de *Perkinsela*","tamaño del genoma nuclear de *Perkinsela*","PRESENTE","PRESENTE","ACTUALIZADA","Fila final emparejada por identidad de dominio; cambios fijados por huellas inicial/final.","25d90df228231e53be47a65d942a50ddda5961ba07bd68931e4e81f266d7b2df","e058043f2eb6213c37f81c67dc800acc8dbac6c651665b4d8d6743fded000f2f"
"DA-02336","F","255","244","genes proteicos del genoma mitocondrial de *Perkinsela*","genes proteicos del genoma mitocondrial de *Perkinsela*","PRESENTE","PRESENTE","ACTUALIZADA","Fila final emparejada por identidad de dominio; cambios fijados por huellas inicial/final.","9a826821ff574ac1a5a165ca87023fb4d5c852d8bc8d04e18c35df5876ffaaed","289e50a10f5af4c9d788da9490e2bece4339a3d3034b6381d439dddec9e35745"
"DA-02337","F","256","245","edad de endosimbiosis del cromatóforo","edad de endosimbiosis del cromatóforo","PRESENTE","PRESENTE","ACTUALIZADA","Fila final emparejada por identidad de dominio; cambios fijados por huellas inicial/final.","cfdc72be69a4b4fb439fe04fc8456e7db3e2e8146d61249a6a4c01a1f5a8bb08","e79db75d54227d831538802c3b9cfe7909c01c0c9ac23bef11193cf846a54bd0"
"DA-02338","F","257","246","tamaño del genoma del cromatóforo","tamaño del genoma del cromatóforo","PRESENTE","PRESENTE","ACTUALIZADA","Fila final emparejada por identidad de dominio; cambios fijados por huellas inicial/final.","c573746288216e379f156420111e266106f93fcebe31b180b2fb7d2d43521706","2143c0907d5e1c1db0622417fc9a6d18c881d48da6cfa82ed989ddb7a969b655"
"DA-02339","F","258","247","proteínas codificadas por cromatóforo","proteínas codificadas por cromatóforo","PRESENTE","PRESENTE","ACTUALIZADA","Fila final emparejada por identidad de dominio; cambios fijados por huellas inicial/final.","0bf3239bc7772df44ce16af4d98b19b759c74c3af4ae80011a25541e798d95cc","1d5b5b74f294e94bf8ad9cea4d0d48b0415e992422bb8a1f1d838f365c39f3e3"
"DA-02340","F","259","248","genes nucleares inicialmente atribuidos al cromatóforo","genes nucleares inicialmente atribuidos al cromatóforo","PRESENTE","PRESENTE","ACTUALIZADA","Fila final emparejada por identidad de dominio; cambios fijados por huellas inicial/final.","89088c24ee56e7209fb34c1e0087821b80e79b00905fe7cd33e44f72044a8d1d","849ab341e43040a5355c907a3312fccc4e46397e2f8fb34ebb6dec61b2a0fb9b"
"DA-02341","F","260","249","genes nucleares de origen plastidial comparativo","genes nucleares de origen plastidial comparativo","PRESENTE","PRESENTE","ACTUALIZADA","Fila final emparejada por identidad de dominio; cambios fijados por huellas inicial/final.","7c5a4ce36c21fd1880d3c2a87af251da473764f6dd22ce3789c273e4fbada222","39245a38f787bb7bf841aa6b389438c26da4c8f20801ba0ccdcb62519dea9225"
"DA-02342","F","261","250","tamaño de nucleomorfo","tamaño de nucleomorfo","PRESENTE","PRESENTE","ACTUALIZADA","Fila final emparejada por identidad de dominio; cambios fijados por huellas inicial/final.","cb5d2dd9e2548c8913c16145ce13c05087010fe464ddcff1d6d26de261d22e7c","5e72344c72af4c78974b9941f70121a199f80c11c03bb04f60cd62b0d48bcf06"
"DA-02343","F","262","251","genes del nucleomorfo","genes del nucleomorfo","PRESENTE","PRESENTE","ACTUALIZADA","Fila final emparejada por identidad de dominio; cambios fijados por huellas inicial/final.","0350af988f43d3c5cc4237bdeb42e45fc739cee95e478b072f1bf9fc84e95487","6b919e312b63fc5ba74de1490ffadf3c3ac4ea8e676a3fb0d39f165871bea97c"
"DA-02344","F","263","252","cromosomas del nucleomorfo","cromosomas del nucleomorfo","PRESENTE","PRESENTE","ACTUALIZADA","Fila final emparejada por identidad de dominio; cambios fijados por huellas inicial/final.","66fc4dcd6726ee6c689b9ffcf80052521bcd5f719efc7cf8daa1ea0f6e9f2f8d","ce415ac41d5f8528774cecccbbcde5cdaf3ec05f183ba0a57b2e665da139f0ea"
"DA-02345","F","264","253","tamaño de nucleomorfo","tamaño de nucleomorfo","PRESENTE","PRESENTE","ACTUALIZADA","Fila final emparejada por identidad de dominio; cambios fijados por huellas inicial/final.","9b164cd0147a086c75d1b6618256c6c90195c4751a78eb480089c4a6587d43f0","a3fa9ec78bc731853e6d5c50f708931368701e5e1160478f3d1e818b4cec0fff"
"DA-02346","F","265","254","intrones espliceosomales en nucleomorfo","intrones espliceosomales en nucleomorfo","PRESENTE","PRESENTE","ACTUALIZADA","Fila final emparejada por identidad de dominio; cambios fijados por huellas inicial/final.","4f3395ffb9428175fa2f67983b30f0d4eb424640b1664aad7d25483efc340b01","34cc1fbfa069baa4f5a8173bec0b7472b57818a692df42502874aef7a452ade6"
"DA-02347","F","266","255","genes solapados en nucleomorfo","genes solapados en nucleomorfo","PRESENTE","PRESENTE","ACTUALIZADA","Fila final emparejada por identidad de dominio; cambios fijados por huellas inicial/final.","c4a7601cda99419955135222c19f6bc6fc83609f647bccd5c70f8aa832cfc4df","d12b3ce0e738b53e2b590145912151b2736add16953b4bd5b9c512ba0ac89477"
"DA-02348","F","267","256","genoma de *Tremblaya princeps*","genoma de *Tremblaya princeps*","PRESENTE","PRESENTE","ACTUALIZADA","Fila final emparejada por identidad de dominio; cambios fijados por huellas inicial/final.","c2b0bf1b9dd2ad4089a561f8efa49cca4fc44205ae0b2506d15c7951aec8dd22","17f660cae12cf065a177fec5477c0351ae38fc04cb6e5f3e031807f3cbfe6e6d"
"DA-02349","F","268","257","genoma de *Moranella endobia*","genoma de *Moranella endobia*","PRESENTE","PRESENTE","ACTUALIZADA","Fila final emparejada por identidad de dominio; cambios fijados por huellas inicial/final.","53caf62bd2e4d63530b9710b3e6b900821b6639c8878870d80ffdfd2e682bd37","81ff837bfad81aafd37a4a83570f7e7fb0f5ffe29f7385891c61a70c64dba89f"
"DA-02350","F","269","258","cromosoma de *Buchnera* APS","cromosoma de *Buchnera* APS","PRESENTE","PRESENTE","ACTUALIZADA","Fila final emparejada por identidad de dominio; cambios fijados por huellas inicial/final.","c30be9cc14022cb33381975146ca5715f7a7487abed3e6eb1ff2a90bfcd6770d","f3b02ac4c12956e251eca1c031c521f4418321acd0da998e3e1491ebcc6873e5"
"DA-02351","F","270","259","divergencia de cepas de *Buchnera*","divergencia de cepas de *Buchnera*","PRESENTE","PRESENTE","ACTUALIZADA","Fila final emparejada por identidad de dominio; cambios fijados por huellas inicial/final.","452aee0aae881419b394f2374046f8de7af10362d12a9290359ff5a494449866","9fe146faef37017a6a02bd3adfcf066a62896235bf3469cbdfd92e261148f304"
"DA-02352","F","271","260","genes proteicos del ancestro reconstruido de *Buchnera*","genes proteicos del ancestro reconstruido de *Buchnera*","PRESENTE","PRESENTE","ACTUALIZADA","Fila final emparejada por identidad de dominio; cambios fijados por huellas inicial/final.","672605b06a4ab550340d7247cb5f6a62f73758047941d7b65e73737f79e5ce9f","183664e0dcda1e3d069cf2c9940fbeb90a54eee00df988ae0f2112863fd8dad0"
"DA-02353","F","272","261","genes de ARN del ancestro reconstruido de *Buchnera*","genes de ARN del ancestro reconstruido de *Buchnera*","PRESENTE","PRESENTE","ACTUALIZADA","Fila final emparejada por identidad de dominio; cambios fijados por huellas inicial/final.","2bed36f64faca97cb20f4bce71343759e9410bcf9b4034d4a3403410df34888c","e9ab97fedf0d868a61f19682bca1c16db8dc185d31aa756212ab88423dcd9dbf"
"DA-02354","F","273","262","tamaño de genomas modernos de *Buchnera*","tamaño de genomas modernos de *Buchnera*","PRESENTE","PRESENTE","ACTUALIZADA","Fila final emparejada por identidad de dominio; cambios fijados por huellas inicial/final.","286838bc601e903992098d314d1125acd34938d605b65ceee2d9cf6b0269a749","eac94332f5f6fdd73cb1f4941ba2d2b757ff3ad70c0b69a7b86dcf6125f6fc6f"
"DA-02355","F","274","263","genes proteicos en genomas modernos de *Buchnera*","genes proteicos en genomas modernos de *Buchnera*","PRESENTE","PRESENTE","ACTUALIZADA","Fila final emparejada por identidad de dominio; cambios fijados por huellas inicial/final.","ee31a573dd7e4fdb553be7a8b1edbac4e7319ec5f8e36eab269c4e6a0c1760c2","0be01f909b88a9fa9421adfa7140d72c2a29b9249fd3afdd77e45e36f5d91c64"
"DA-02356","F","275","NO_APLICA","elementos de inserción en algunos genomas de *Wolbachia*","NO_APLICA","PRESENTE","RETIRADA","RETIRADA","Instantánea externa y linaje de auditoría; retirada o consolidada sin reasignar silenciosamente la fila.","e1ee80fcd5fae17289291ab67fd2ca584821a99598e93a6fe92299afa96dc955","NO_APLICA"
"DA-02357","F","276","265","proteínas hidrogenosomales localizadas","proteínas hidrogenosomales localizadas","PRESENTE","PRESENTE","ACTUALIZADA","Fila final emparejada por identidad de dominio; cambios fijados por huellas inicial/final.","490c5ffa9f800dde5de5a9cbaae5ade32107f663f1cd359be0edfb42a314c658","99d89b2893214a0227e8dfe534bb3d2f96825bc7de79b6bdaca9c0aaa745b584"
"DA-02358","F","277","266","candidatos hidrogenosomales con presecuencia","candidatos hidrogenosomales con presecuencia","PRESENTE","PRESENTE","ACTUALIZADA","Fila final emparejada por identidad de dominio; cambios fijados por huellas inicial/final.","aae53ca451e300caddc57d090bedbb2f8b59b3188615caef1e7522cb368c2d5a","ce7fe2941b1e306315f5767bb4cd5102b92e6d64f45a635f8fe6cb494f980b55"
"DA-02359","F","278","267","tamaño de mitosomas","tamaño de mitosomas","PRESENTE","PRESENTE","ACTUALIZADA","Fila final emparejada por identidad de dominio; cambios fijados por huellas inicial/final.","071cd2c242235183f156b0d946c1d6d3189fc84fc3d0e4ae450ab0895754bdc7","ffbcf139516f7bb22e199722a20980b8079147d2bc73c93e185cea20ce641645"
"DA-02360","F","279","268","mitosomas por célula","mitosomas por célula","PRESENTE","PRESENTE","ACTUALIZADA","Fila final emparejada por identidad de dominio; cambios fijados por huellas inicial/final.","8557dc8a6c12bd0557d69db8e2a9cdb4d226447ec7d780d18d9e170978d92f4c","d165539e18fc6e79655b5408576a125638f09409ccf93591ea29ce6103d3386a"
"DA-02361","F","280","269","genes codificantes de proteínas en genomas mitocondriales","genes codificantes de proteínas en genomas mitocondriales","PRESENTE","PRESENTE","ACTUALIZADA","Fila final emparejada por identidad de dominio; cambios fijados por huellas inicial/final.","8d5e05ecc15e15cb41061e32f7a56fe0f5e3fd5c79409225d422821211543ed9","a6c5f6a998717a59acec255a771543a2f8336abbca85183f9971d6110931336f"
"DA-02362","F","281","270","genomas mitocondriales analizados","genomas mitocondriales analizados","PRESENTE","PRESENTE","ACTUALIZADA","Fila final emparejada por identidad de dominio; cambios fijados por huellas inicial/final.","fa2c538354e505485aaa0a66377d652f0614696f67a93808d58aeda71010aa6d","74f6bc31d51d10a7ecf058a66a6f52c4694d875e25b07608d7792d29c1d19b50"
"DA-02363","F","282","271","descendencia respiratoriamente deficiente en algunos cruzamientos petite","descendencia respiratoriamente deficiente en algunos cruzamientos petite","PRESENTE","PRESENTE","ACTUALIZADA","Fila final emparejada por identidad de dominio; cambios fijados por huellas inicial/final.","57d7c4a2ba71a55e92e2d0a341fd64ae7fb8606428c436f73806703268bc7d56","2d7fe004222c3bfb7857b3f29b856d15636a94b0b483e0cd30cb7fae8d914866"
"DA-02364","F","283","272","genotipos mitonucleares factoriales","genotipos mitonucleares factoriales","PRESENTE","PRESENTE","ACTUALIZADA","Fila final emparejada por identidad de dominio; cambios fijados por huellas inicial/final.","517d3aaec3f2fe7ca5e0f7ba31fa69b72ab69f31071956470a03bc70f7207a9b","36bbd53b75871ade39e9c0cd532f1fa877747abcf2e841988b537666201a72d7"
"DA-02365","F","284","273","fondos nucleares con mayor varianza masculina","fondos nucleares con mayor varianza masculina","PRESENTE","PRESENTE","ACTUALIZADA","Fila final emparejada por identidad de dominio; cambios fijados por huellas inicial/final.","5055953e23a18208551f5b0814814c421604ea244db2f79f409feae54b0cc357","c30b9946eed8777212f484dcaf04577a11acd41a137a5a838414c762ef5278ef"
"DA-02366","F","285","274","participantes de UK Biobank","participantes de UK Biobank","PRESENTE","PRESENTE","ACTUALIZADA","Fila final emparejada por identidad de dominio; cambios fijados por huellas inicial/final.","bd1bad6763baa54bfdc32ac73f15ecf4b01711a5ac40c0bf74cc505ebb276c0b","86de3838e28fe4bcdd680cbde1c6409974da56af771ffeb49f130b0b36285787"
"DA-02367","F","286","275","secuencias eucariotas analizadas","secuencias eucariotas analizadas","PRESENTE","PRESENTE","ACTUALIZADA","Fila final emparejada por identidad de dominio; cambios fijados por huellas inicial/final.","cfb51fd63d39e091789a80b4f0d8834b54c529e2b8dd4642ca87157797716b98","ced7d5a59b3d6d9ae0fd1b079d444d32ffec4411f0281bd522e2b27334b164ca"
"DA-02368","F","287","276","homólogos procariotas analizados","homólogos procariotas analizados","PRESENTE","PRESENTE","ACTUALIZADA","Fila final emparejada por identidad de dominio; cambios fijados por huellas inicial/final.","a6b021a5cd7b6bb32972ed43a004a621fff2ab3b57b95cf0cd3c18dce4a05651","d5c5e6a2615710c0e76a41992bbb7bce1141e5b201fc38641e7edb5c24264f4e"
"DA-02369","F","288","277","árboles génicos analizados","árboles génicos analizados","PRESENTE","PRESENTE","ACTUALIZADA","Fila final emparejada por identidad de dominio; cambios fijados por huellas inicial/final.","a082c81d20730b7320113e78fe26bbf31a6ccc8cb74340c562379390ec465087","d9c67d5ea2ef2a9b54f43736622c5131dfd6dfc9897ad12dbb1dc3bc77e51dbd"
"DA-02370","F","289","278","umbral de la regla de contaminación","umbral de la regla de contaminación","PRESENTE","PRESENTE","ACTUALIZADA","Fila final emparejada por identidad de dominio; cambios fijados por huellas inicial/final.","ad409753accb687762b61b51200ad0e93e63ab17cc79b36743d7367eda357471","001480adcd7263743aaf3f57a31bfb816ce2de354fbec414f4bb31654c48ec04"
"DA-02371","F","290","279","genes de tardígrado inicialmente atribuidos a HGT","genes de tardígrado inicialmente atribuidos a HGT","PRESENTE","PRESENTE","ACTUALIZADA","Fila final emparejada por identidad de dominio; cambios fijados por huellas inicial/final.","46a341ad1b522d78b473ae931d8bfe97715e79828ba2969d70985e1f92a71171","b356dd749f66c0294e6f58b37ff078b0a82fc450d32ea0e37ee31819f605afee"
"DA-02372","F","291","280","región codificante mitocondrial del endosimbionte","región codificante mitocondrial del endosimbionte","PRESENTE","PRESENTE","ACTUALIZADA","Fila final emparejada por identidad de dominio; cambios fijados por huellas inicial/final.","8c0f68e12e1bb080169adbbd5afc8ed40430bd4c4bb0886df67030ba73877932","340ee344e9a597d21682e88e706de943776685f6550487e33ede17dcd0f19846"
"DA-02373","F","292","281","región codificante mitocondrial del endosimbionte","región codificante mitocondrial del endosimbionte","PRESENTE","PRESENTE","ACTUALIZADA","Fila final emparejada por identidad de dominio; cambios fijados por huellas inicial/final.","c010b26a76332743db2441431e5b6aa342db5f8f18a6722cd9d7fac3be784b8a","0e197bae7e17937a6a9045e0dc67439947977ec9b60b5e0798f2a94682049183"
"DA-02374","F","293","282","genes mitocondriales endosimbiontes","genes mitocondriales endosimbiontes","PRESENTE","PRESENTE","ACTUALIZADA","Fila final emparejada por identidad de dominio; cambios fijados por huellas inicial/final.","5a5f301edcd9bf7da496d084d83656d24b2d7ab49010da1c1699d932a69bf7f0","304b11382280b84820611bb0b858199becbb04eb4521caad0c5c7b60567003fd"
"DA-02375","F","294","283","genes mitocondriales endosimbiontes","genes mitocondriales endosimbiontes","PRESENTE","PRESENTE","ACTUALIZADA","Fila final emparejada por identidad de dominio; cambios fijados por huellas inicial/final.","23bd9af5c0b80ef901630fc3ce6bebd4ecc2bf6349220c904bf518fec4f13540","00e522d5f7fe72fc2e173337526d3de0f9bca9f165c73195578e8eba83784e96"
"DA-02376","F","295","284","candidatos de EGT terciaria","candidatos de EGT terciaria","PRESENTE","PRESENTE","ACTUALIZADA","Fila final emparejada por identidad de dominio; cambios fijados por huellas inicial/final.","55b31b343b4d9687b908f6c962e81310819a6a111bf2a4f8b2d5ebf59669dfd9","b2f270e443bed2e65972c007f18b0fced086895af3704244a2f40f60e20ed430"
"DA-02377","F","296","285","candidatos de EGT terciaria","candidatos de EGT terciaria","PRESENTE","PRESENTE","ACTUALIZADA","Fila final emparejada por identidad de dominio; cambios fijados por huellas inicial/final.","f01d20f61d96771e73298196ebb3eaf0b96e6f6e7a01aaa84775470b62ed7bc0","eaa7cb9a8af3a9da23a39669d3e8fa71e1bd65417ab685a4c6dbfebf7cd3b6b9"
"DA-02378","F","297","286","genoma plastidial terciario","genoma plastidial terciario","PRESENTE","PRESENTE","ACTUALIZADA","Fila final emparejada por identidad de dominio; cambios fijados por huellas inicial/final.","3539163d047279deaab99b277918fdf132c6a4484926e8a6626f5f38a4f08b6a","52ac3deb1461885a3e4a27b836473caa417d368480b5e768cce4664da32cc4ba"
"DA-02379","F","298","287","proteínas codificadas por plasto terciario","proteínas codificadas por plasto terciario","PRESENTE","PRESENTE","ACTUALIZADA","Fila final emparejada por identidad de dominio; cambios fijados por huellas inicial/final.","5f16f9b805aa90811df6fee78d88c6a77ce3d0117f2e97b219b2242a892d862b","45222bc750c9d979aed9a70331ba113dcac323037d4bc4bae89f3611f3f284b8"
"DA-02380","F","299","288","ARNt codificados por plasto terciario","ARNt codificados por plasto terciario","PRESENTE","PRESENTE","ACTUALIZADA","Fila final emparejada por identidad de dominio; cambios fijados por huellas inicial/final.","7fb84b5b626fed155da5d50e461e34ff4bae6916d257def0eeeb0d9b56fde557","e67d2116533f27d051678bd1e4c05d929d572924e33265118c6c796cce8736a4"
"DA-02381","F","300","289","ARNr codificados por plasto terciario","ARNr codificados por plasto terciario","PRESENTE","PRESENTE","ACTUALIZADA","Fila final emparejada por identidad de dominio; cambios fijados por huellas inicial/final.","57e3f524681bcfc933af3fdd5bb0d12dc1d816922ecdfd994517b68cbe165005","9e708da821de9d5af821cf9c53a22fb86ca3d989d5b77fb3cdfd3ae5e9f484f4"
"DA-02382","F","301","290","soporte de origen haptófito del plasto","soporte de origen haptófito del plasto","PRESENTE","PRESENTE","ACTUALIZADA","Fila final emparejada por identidad de dominio; cambios fijados por huellas inicial/final.","50228aefe4f2d314945d3aab29886e40b8e5b0a396020c4ca7e3d390392b87a5","f86487f2dbbeb5243a2f2cefcbb5ed8a65bceeb77d3c47b0d82189ef24ffdb6a"
"DA-02383","F","302","291","familias completas de elementos transponibles","familias completas de elementos transponibles","PRESENTE","PRESENTE","ACTUALIZADA","Fila final emparejada por identidad de dominio; cambios fijados por huellas inicial/final.","ae666bef32487fc06eeb467cffd6561969e5de4f90532c54dc9132a3f1d5fcdd","d4dadf19259a7e65431245c3b905f1d630efb9bd7f4f8ced16198bdf696baaba"
"DA-02384","F","303","292","familias de transposones de ADN","familias de transposones de ADN","PRESENTE","PRESENTE","ACTUALIZADA","Fila final emparejada por identidad de dominio; cambios fijados por huellas inicial/final.","8466bbfef7363f4933f4a84329356c3996a5e30e03ddb9840fe93508bd8236ff","1641c8ab89e55d2fb03e565d4d20b0afb1edb6cf766f7e4a193dd0b495694628"
"DA-02385","F","304","293","familias de retrotransposones LTR","familias de retrotransposones LTR","PRESENTE","PRESENTE","ACTUALIZADA","Fila final emparejada por identidad de dominio; cambios fijados por huellas inicial/final.","3e521e3ef18e141354885b8b736ccfd8073cac8487c145fbe7daafc2514edeff","138cb2af7020d1a27415f0460f77230bc4a507655845495907bb5c8a3b7d8e92"
"DA-02386","F","305","294","candidatos de retrotransposones no-LTR","candidatos de retrotransposones no-LTR","PRESENTE","PRESENTE","ACTUALIZADA","Fila final emparejada por identidad de dominio; cambios fijados por huellas inicial/final.","9d8cb0c1b476e5653677eb87a533e09334148ffe4d7caea50f64045180439c10","5fce8712d202d3ebb1cd2c1ac4451aaca8912456fdf5a5a11216c947c49c5714"
"DA-02387","F","306","295","familias de retrotransposones LTR","familias de retrotransposones LTR","PRESENTE","PRESENTE","ACTUALIZADA","Fila final emparejada por identidad de dominio; cambios fijados por huellas inicial/final.","97f3f2970154a45d7330d9b19efec5f4078157c6adeb686e68f0c3ed96a2b604","dd6bbe8f32e287c2dbcad6b2d15843a83ca8f534f9b294fe1d1f4c4d545be4ae"
"DA-02388","F","307","296","coste membrana macronuclear","coste membrana macronuclear","PRESENTE","PRESENTE","ACTUALIZADA","Fila final emparejada por identidad de dominio; cambios fijados por huellas inicial/final.","832912b5f4f41e15048abc9a697df560e05c0e299994b9f5155cdf3781572f1b","4bac48d5540d2076fbcd86485322944a697aa53956f85096aa0bb7c52a911456"
"DA-02389","F","308","297","coste membrana micronuclear","coste membrana micronuclear","PRESENTE","PRESENTE","ACTUALIZADA","Fila final emparejada por identidad de dominio; cambios fijados por huellas inicial/final.","6e838302cec3eaa25ea608e73a33ec168c62423390805e0d666bc84815d50f66","539760b27c7dc4a50fe20fb30f8f69f1635d9da91156e4973d0af7a751146da5"
"DA-02390","F","309","298","coste membrana nuclear otros eucariotas","coste membrana nuclear otros eucariotas","PRESENTE","PRESENTE","ACTUALIZADA","Fila final emparejada por identidad de dominio; cambios fijados por huellas inicial/final.","836ae3c1e88427b7947a499401d2b7d965f4e2aefed845a4ef11522b4b0c5916","94c93c8f46065398852e777359dfbf00af6c2039c47ba4dc566e70659ed4f732"
"DA-02391","F","310","299","coste relativo macronúcleo","coste relativo macronúcleo","PRESENTE","PRESENTE","ACTUALIZADA","Fila final emparejada por identidad de dominio; cambios fijados por huellas inicial/final.","e1b341f9f6f5cd237c97b11148c1977d5f023e560a715b125e62df268c4695df","d377fee82b40e56994fbf6492e1d134c6a01ad0afa9e3705ed5e71dc740a3ca3"
"DA-02392","F","311","300","coste relativo micronúcleo","coste relativo micronúcleo","PRESENTE","PRESENTE","ACTUALIZADA","Fila final emparejada por identidad de dominio; cambios fijados por huellas inicial/final.","bf0127f5084d808c8e51774add6a7cd9c49a60be9c97bfdb76abb7b080d11451","81932e780bd30a350cf5e10afb189d55047c5a1506b7537646e78554fade9828"
"DA-02393","F","312","301","coste de NPC de levadura","coste de NPC de levadura","PRESENTE","PRESENTE","ACTUALIZADA","Fila final emparejada por identidad de dominio; cambios fijados por huellas inicial/final.","02a4f9e34e53c5aa95aeb35b053e626feb7f8678ac3e3426b4516532ccb4492c","56e31f3fc0a1273ef46335e7ec84088f31845dec9eedb211a85240deb559d8fe"
"DA-02394","F","313","302","coste de NPC de vertebrado","coste de NPC de vertebrado","PRESENTE","PRESENTE","ACTUALIZADA","Fila final emparejada por identidad de dominio; cambios fijados por huellas inicial/final.","c88703ca0e264152940dd2b27accf635482fc1209b1c03c97ad28b984eb7ef48","c975b557dddaad76a4afc21210d434ec129a18bf1e1e1f38436465c426c2b5e8"
"DA-02395","F","314","303","coste conjunto de NPC","coste conjunto de NPC","PRESENTE","PRESENTE","ACTUALIZADA","Fila final emparejada por identidad de dominio; cambios fijados por huellas inicial/final.","c70d6b6abd3c8d536035c37614ff345ea210a51061db87676048f00773bc15d3","a2035945bbeeb34cdc1cb5308d36c82ad0175a057540004b61473a23ba57672d"
"DA-02396","F","315","304","coste de vesícula en construcción","coste de vesícula en construcción","PRESENTE","PRESENTE","ACTUALIZADA","Fila final emparejada por identidad de dominio; cambios fijados por huellas inicial/final.","9b61bd9c66e7e87a50f4a8e2c77cd225baa047ead5c4e662b70a6c125152f3bb","173a03ce9e80e1c1862f04b780be0a5c747431d1d5c16765a085deb471cddb81"
"DA-02397","F","316","305","coste de vesícula citoplasmática","coste de vesícula citoplasmática","PRESENTE","PRESENTE","ACTUALIZADA","Fila final emparejada por identidad de dominio; cambios fijados por huellas inicial/final.","8c05c283b1184389faf46e0a000984020ebeb197ece43a195c3eb43bbad1f04c","6bfbc18a3e93a15ab3267f963b6c0cb79e83398f766d6c171a08a830ce879487"
"DA-02398","F","317","306","coste de membrana pura","coste de membrana pura","PRESENTE","PRESENTE","ACTUALIZADA","Fila final emparejada por identidad de dominio; cambios fijados por huellas inicial/final.","129a6e69b86d22f528f257e8b020d61c2a64c1b049832de019da89224bf74d6c","1cbe0eed912c240e35e36a4b9326f5feeaecb691d1a8f635a220cb6c4b6b54b6"
"DA-02399","F","318","307","coste de membrana con proteína","coste de membrana con proteína","PRESENTE","PRESENTE","ACTUALIZADA","Fila final emparejada por identidad de dominio; cambios fijados por huellas inicial/final.","33e5dbd97dc37a2b022a52a21e5d6b37b9e39c9067d844d2f3ddf0c9c17d253b","17243b818402db306afe98a1e17ba16e15ec90aba47cde84d8bd688f9c35ca95"
"DA-02400","F","319","308","coste ER+Golgi","coste ER+Golgi","PRESENTE","PRESENTE","ACTUALIZADA","Fila final emparejada por identidad de dominio; cambios fijados por huellas inicial/final.","e4c5a85bf10a4b062240d2b535a0fdfff605e8e081884eaf17cd16b6c42911ba","d2f4ba265ad9f87a5a75f449b85e204cb2b65d51485fc1879a57eb1eda9b87a1"
"DA-02401","F","320","309","coste ER+Golgi","coste ER+Golgi","PRESENTE","PRESENTE","ACTUALIZADA","Fila final emparejada por identidad de dominio; cambios fijados por huellas inicial/final.","8293310a753acffcaf5f2fcfe996d401d4c702d0d4235652e59c066525019d93","60ee8052c31b5b98958561f8ede66a317189fe6bf0a3bb595571399eb287aca9"
"DA-02402","F","321","310","coste ER+Golgi","coste ER+Golgi","PRESENTE","PRESENTE","ACTUALIZADA","Fila final emparejada por identidad de dominio; cambios fijados por huellas inicial/final.","82a01d7da22e33b22aa99fc5a35a1eac8a4f02117d9e771b701c18e42a1b62fb","de7f245216c52cf5bab0462ad72ec44ecf468c2e3e788fefeda95787858e29cf"
"DA-02403","F","322","311","coste ER+Golgi","coste ER+Golgi","PRESENTE","PRESENTE","ACTUALIZADA","Fila final emparejada por identidad de dominio; cambios fijados por huellas inicial/final.","847a220ef25781037e13044ace3be45c7f064e3019a6e2cfe3fb191188c1dff7","c86558146be6bb38b7ef57484631d9899995a9bb1c56e834a1dddf93c8e4b496"
"DA-02404","F","323","312","microtúbulos corticales","microtúbulos corticales","PRESENTE","PRESENTE","ACTUALIZADA","Fila final emparejada por identidad de dominio; cambios fijados por huellas inicial/final.","18d75bc096fad3d1ebc432a7e191add77842a1862bcebddbeace93bf0836637b","4079a8770acb363ae6bb7f5cfa905fcb2ce25a4b709690fe024850bcf22cbf97"
"DA-02405","F","324","313","actina+tubulina","actina+tubulina","PRESENTE","PRESENTE","ACTUALIZADA","Fila final emparejada por identidad de dominio; cambios fijados por huellas inicial/final.","317e57289284ed953b8ca67af4a4c375b122cd66884d715e69e8b8bde5ce20d6","c4aa19ba55dbcd04e333cf746aa6132576e0e6e3640c6b892300dd327f2d5c58"
"DA-02406","F","325","314","actina+tubulina","actina+tubulina","PRESENTE","PRESENTE","ACTUALIZADA","Fila final emparejada por identidad de dominio; cambios fijados por huellas inicial/final.","e579d14c3e78a2037bfba58cc91306c4317cb5a8469dd6790dbb9a09cae16fd6","391745f9f97f7c339f81e2404340502d7ddf66c7a68507b95a407f6383f87a45"
"DA-02407","F","326","315","actina+tubulina","actina+tubulina","PRESENTE","PRESENTE","ACTUALIZADA","Fila final emparejada por identidad de dominio; cambios fijados por huellas inicial/final.","f8aaabac8dc90548c0fd4238ffbcf864898de5caf9ed88f1f3c05d3012e7e41a","b545c03dae3071099650a7067f0e086bf7702d30be82a6c7fdb64aaa914b1bde"
"DA-02408","F","327","316","actina+tubulina","actina+tubulina","PRESENTE","PRESENTE","ACTUALIZADA","Fila final emparejada por identidad de dominio; cambios fijados por huellas inicial/final.","b18c3523068ae4376eae0a3f79042b8b962f75b9cfcc00a25647841cd690bb44","e1971c8e624d002a1e6ec69f5361958e5f50284d234f29cbe91851c10fc72976"
"DA-02409","F","328","317","F-actina tras inhibición CK-B","F-actina tras inhibición CK-B","PRESENTE","PRESENTE","ACTUALIZADA","Fila final emparejada por identidad de dominio; cambios fijados por huellas inicial/final.","a700289a67f876e4161ab1b9dbc3caa4054c07109a7ba832c20ff35478ab2c37","ded2fe3d9611722f98d13f5dda5d70e769f9e97a5109e8c65dd2a3b6b9584aa5"
"DA-02410","F","329","318","contenido ATP durante fagocitosis","contenido ATP durante fagocitosis","PRESENTE","PRESENTE","ACTUALIZADA","Fila final emparejada por identidad de dominio; cambios fijados por huellas inicial/final.","e679067544cd158b8b3bfcef3e020f4690dce2d6e849b43fd0b80664c0b46551","e3e1aa092b50cb9e658149089f4c86699c87e67fcb2d8e6bd9862af2d44d9cee"
"DA-02411","F","330","319","coste membranas mitocondriales","coste membranas mitocondriales","PRESENTE","PRESENTE","ACTUALIZADA","Fila final emparejada por identidad de dominio; cambios fijados por huellas inicial/final.","00c0c2c459c1b48df32ecc2ff9978c479dc8ca37ce27943a8188766996bda276","1bfe65e9546f7630e56c9409b0c05369fcd17180437f97123fc70f519bcb5e4e"
"DA-02412","F","331","320","coste membranas mitocondriales","coste membranas mitocondriales","PRESENTE","PRESENTE","ACTUALIZADA","Fila final emparejada por identidad de dominio; cambios fijados por huellas inicial/final.","3af73e4f76ed0cb9344f40df8019c8d8420072ca7e390780f4003c3e16c14ea7","15c67fc2960afdc3b9094749c97d19b7117392f8f73d31f167da66c5d02ad8e2"
"DA-02413","F","332","321","coste membranas mitocondriales","coste membranas mitocondriales","PRESENTE","PRESENTE","ACTUALIZADA","Fila final emparejada por identidad de dominio; cambios fijados por huellas inicial/final.","fea4da15e9de9193e6e4a4094d06e863835bc4ebacd177f7fe6354a0f0023393","e5f56100b57fd393085450907c41a5f0f365fdac2ba9747c36bb33e034900aa8"
"DA-02414","F","333","322","coste membranas mitocondriales","coste membranas mitocondriales","PRESENTE","PRESENTE","ACTUALIZADA","Fila final emparejada por identidad de dominio; cambios fijados por huellas inicial/final.","80002fa53deb2d89349929bee5d4809137a28cad50f1e355f496475cac2e5e25","d211a6604fa8c58d2c9ee80f058ff50890edd18b81296c2fe22633d9105d9490"
"DA-02415","F","334","NO_APLICA","área de membrana mitocondrial","NO_APLICA","PRESENTE","RETIRADA","RETIRADA","Instantánea externa y linaje de auditoría; retirada o consolidada sin reasignar silenciosamente la fila.","959ae3df490427587b8963ba1516224e1338e1c72c8796eb453baae7bbe7b12a","NO_APLICA"
"DA-02416","F","335","324","construcción flagelos Chlamydomonas","construcción flagelos Chlamydomonas","PRESENTE","PRESENTE","ACTUALIZADA","Fila final emparejada por identidad de dominio; cambios fijados por huellas inicial/final.","9ac26068b8a8a0c9a01a82394fe4278631798db497361ca901427c3dc0b4a533","be075e1b9c8bc0d2a004e46eae5001aaff8c37b701fe5563ae5e619728d12a08"
"DA-02417","F","336","325","construcción flagelos Chlamydomonas","construcción flagelos Chlamydomonas","PRESENTE","PRESENTE","ACTUALIZADA","Fila final emparejada por identidad de dominio; cambios fijados por huellas inicial/final.","8e01069774542ee43d5c9dafda3922e8b9e7d69b2949048c237d69d801c39820","ba136b72c81ebf9848d407a1996a44cd91fab9e50bc01a7d2906c90da5703847"
"DA-02418","F","337","326","operación flagelo Chlamydomonas","operación flagelo Chlamydomonas","PRESENTE","PRESENTE","ACTUALIZADA","Fila final emparejada por identidad de dominio; cambios fijados por huellas inicial/final.","7b3dafe709311d45a0aa78544fa6efa6f2dbd37d45908218154723c392eabfeb","176a3dca7a2e7dd1b82767637ff9f8bd21efab526c7783c692c605311a9436da"
"DA-02419","F","338","327","operación flagelos Chlamydomonas","operación flagelos Chlamydomonas","PRESENTE","PRESENTE","ACTUALIZADA","Fila final emparejada por identidad de dominio; cambios fijados por huellas inicial/final.","e809e1f35e5ccb8c0679066edf35a7263ed660f04e281356bd9ea94efc21fa29","cc084ce0fccfba7bbe3d8a0776e55e09693cbcae50508156ecfd35197274b2a9"
"DA-02420","F","339","328","coste total flagelos Chlamydomonas","coste total flagelos Chlamydomonas","PRESENTE","PRESENTE","ACTUALIZADA","Fila final emparejada por identidad de dominio; cambios fijados por huellas inicial/final.","1151ac4e1daf37b95cf4900b596fa1624ad459134cc5d96a2497078ae4fc3b51","7ab0b61823ae990cfea705f231447c9a7a959bc7968f2eba5b7cc9e6b6a5d8aa"
"DA-02421","F","340","NO_APLICA","coste relativo construcción de flagelos","NO_APLICA","PRESENTE","RETIRADA","RETIRADA","Instantánea externa y linaje de auditoría; retirada o consolidada sin reasignar silenciosamente la fila.","3752e2139440517a7bc6977fcee5368d4045d94c222542f6aca457bc7d8bd694","NO_APLICA"
"DA-02422","F","341","NO_APLICA","carga de adhesión","NO_APLICA","PRESENTE","RETIRADA","RETIRADA","Instantánea externa y linaje de auditoría; retirada o consolidada sin reasignar silenciosamente la fila.","70cb85daac2263f4bd0fab65d3ebfd85ce01a0ad06a0c27a5f28dd7c5a94900b","NO_APLICA"
"DA-02423","F","342","NO_APLICA","fortalecimiento de adhesión","NO_APLICA","PRESENTE","RETIRADA","RETIRADA","Instantánea externa y linaje de auditoría; retirada o consolidada sin reasignar silenciosamente la fila.","014c101a34b40564c6512e9947a46c084f0c045baf55c6614a1d3a20fd41bed9","NO_APLICA"
"DA-02424","F","343","332","energía por gen bacteria ampliada","energía por gen bacteria ampliada","PRESENTE","PRESENTE","ACTUALIZADA","Fila final emparejada por identidad de dominio; cambios fijados por huellas inicial/final.","62fa35c4c3d137f424487e04b0a6907f124c013d798cfa0e29dd98c61e28ad35","02f07496f177edb70820ebe6576190c8622661a40db82face93e2cf8ac295319"
"DA-02425","F","344","333","reducción de energía por gen","reducción de energía por gen","PRESENTE","PRESENTE","ACTUALIZADA","Fila final emparejada por identidad de dominio; cambios fijados por huellas inicial/final.","f100b62cf212fb09a9f1281ba53e90f42a42fc588a59e28f9367cb4149c64080","0c23e09166aaedbe85cf891f2a7a4b51f63b591af98b92661012c31f34b45beb"
"DA-02426","F","345","334","ventaja energía por gen eucariota","ventaja energía por gen eucariota","PRESENTE","PRESENTE","ACTUALIZADA","Fila final emparejada por identidad de dominio; cambios fijados por huellas inicial/final.","34b7059078a28046b4c510eb6caf1119ba062560659a1d86fc152d7724f5b353","5b43bc23902599ba5c350423535daf5de29ee54338926def1ac69fc2a70665b4"
"DA-02427","F","346","335","potencia por gen","potencia por gen","PRESENTE","PRESENTE","ACTUALIZADA","Fila final emparejada por identidad de dominio; cambios fijados por huellas inicial/final.","264aa58e5a7b4e085c3394b088c97dd4687fa8fbf58d26fa1096c7798e41a7f5","9cec44217347ac0115e9ba87d8898e3db74820ad0f86e4b44baff00dc2f9702e"
"DA-02428","F","347","336","valores no localizados en fuentes citadas","valores no localizados en fuentes citadas","PRESENTE","PRESENTE","ACTUALIZADA","Fila final emparejada por identidad de dominio; cambios fijados por huellas inicial/final.","d07090f4a0ca36743ea2b58ae32b30ca84c8c1508d58d071596bc09374ce298d","66fce8973f05044f0405056a8f8c3a2d97a085d439b36a447e7628143b78afff"
"DA-02429","F","348","NO_APLICA","umbral aproximado de selección","NO_APLICA","PRESENTE","RETIRADA","RETIRADA","Instantánea externa y linaje de auditoría; retirada o consolidada sin reasignar silenciosamente la fila.","87086dec7fa27125e8c733f7072b6c17929b8a8d781a714d4ae47b8d64b1709c","NO_APLICA"
"DA-02430","F","349","338","Ne procariotas histórico","Ne procariotas histórico","PRESENTE","PRESENTE","ACTUALIZADA","Fila final emparejada por identidad de dominio; cambios fijados por huellas inicial/final.","e5809e3d783bf3da8aa50004efb615bf1d247a58e2fee4997aa2c1f60a2259c0","0015341410cb07ac01fb42c9e0559cf411261d061fe982473f98e8acb478ea02"
"DA-02431","F","350","339","Ne eucariotas unicelulares histórico","Ne eucariotas unicelulares histórico","PRESENTE","PRESENTE","ACTUALIZADA","Fila final emparejada por identidad de dominio; cambios fijados por huellas inicial/final.","4f69cc34944ab2fd4a86553fb19f12f5ed5da7c47be10544b2f5fe9668f4ff0b","ec9ae238a7a99458f0c2c7b496214cdc477fcf7d96c28aa0eb4c9f0046d0505b"
"DA-02432","F","351","340","Ne invertebrados histórico","Ne invertebrados histórico","PRESENTE","PRESENTE","ACTUALIZADA","Fila final emparejada por identidad de dominio; cambios fijados por huellas inicial/final.","6042b539428bb84c1182896506d7231724845517f98dfe60f627a3183b7fb9fb","97a13c6a6f38fc2e971638d9cede74ddf6d7457d247124a5325cedbd38ba2562"
"DA-02433","F","352","341","Ne vertebrados histórico","Ne vertebrados histórico","PRESENTE","PRESENTE","ACTUALIZADA","Fila final emparejada por identidad de dominio; cambios fijados por huellas inicial/final.","19f7e0a048a70a7163da4280f2c1f5566fe7f5771e71dbf8b8e639a60c9aec10","f2b0e8f2107fce18ff864fb8e6f4c134d51c22caff3c1d29f5e00b96cd3d45ea"
"DA-02434","F","353","342","tasa mutacional media asumida","tasa mutacional media asumida","PRESENTE","PRESENTE","ACTUALIZADA","Fila final emparejada por identidad de dominio; cambios fijados por huellas inicial/final.","aa9da8b75307882ee362403b8c447e70e2ec00652b79c411a0ceb3a33681179a","4e9aedf59082b4848bb53784a8725c42013c252dcc950808f1917d9724787d34"
"DA-02435","F","354","343","diversidad neutral diploide","diversidad neutral diploide","PRESENTE","PRESENTE","ACTUALIZADA","Fila final emparejada por identidad de dominio; cambios fijados por huellas inicial/final.","b442365c147938c0385e388050ecc248478d68c255bad13e74668ca7566285da","7acc0126df3b3f1340a9b87d78b82f0f169484ec9c0eeb0ffa7a5792df0b2acd"
"DA-02436","F","355","NO_APLICA","Ne crítico retrotransposones","NO_APLICA","PRESENTE","RETIRADA","RETIRADA","Instantánea externa y linaje de auditoría; retirada o consolidada sin reasignar silenciosamente la fila.","16aca4963f21959a4da370fbc477b0e565c27e7c38ce94bc6034afc158798096","NO_APLICA"
"DA-02437","F","356","NO_APLICA","Ne crítico transposones ADN","NO_APLICA","PRESENTE","RETIRADA","RETIRADA","Instantánea externa y linaje de auditoría; retirada o consolidada sin reasignar silenciosamente la fila.","6b1d6dc8e4bf554c1803855f7ca221f43855da0ef8bd8e456b99ecef5e5375e5","NO_APLICA"
"DA-02438","F","357","346","muestreo Ne eucariotas","muestreo Ne eucariotas","PRESENTE","PRESENTE","ACTUALIZADA","Fila final emparejada por identidad de dominio; cambios fijados por huellas inicial/final.","728ab7445b9dcea3a1ad9bef02567175ffe899474ca07435f949daa9185e7658","800dbb095e37c1dd69d00b44011a78a3ae3af489dca08f5cbaad5a8a6051fa7a"
"DA-02439","F","358","347","variación Ne eucariotas","variación Ne eucariotas","PRESENTE","PRESENTE","ACTUALIZADA","Fila final emparejada por identidad de dominio; cambios fijados por huellas inicial/final.","c0da0ef225597811c580848b9725be39817ebe37bf09109feb09a53b8b07d291","770b06b85f2d9e30d3491690956727a9498d1a2312d07a2727c9d072e75147c7"
"DA-02440","F","359","348","muestreo prueba animal","muestreo prueba animal","PRESENTE","PRESENTE","ACTUALIZADA","Fila final emparejada por identidad de dominio; cambios fijados por huellas inicial/final.","3a27792eb6dcbd5e1fedb8241d0a5929715e960ef8ee75da107e0706f4cbda67","29dbbfa776dbe249a535febb1c048a480435722263c5a406447c03edc2189290"
"DA-02441","F","360","NO_APLICA","coste duplicación gen mediano","NO_APLICA","PRESENTE","RETIRADA","RETIRADA","Instantánea externa y linaje de auditoría; retirada o consolidada sin reasignar silenciosamente la fila.","f1769c5c0299331125775e44a6b18e527f6871c0d90eb71912109ce2aee450c5","NO_APLICA"
"DA-02442","F","361","NO_APLICA","cambio detectable de ARNm","NO_APLICA","PRESENTE","RETIRADA","RETIRADA","Instantánea externa y linaje de auditoría; retirada o consolidada sin reasignar silenciosamente la fila.","f8f7e79bb101888d72e551ad129557fa2548e6dd229decc44cb7635fd7eaef03","NO_APLICA"
"DA-02443","F","362","NO_APLICA","cambio detectable de proteína","NO_APLICA","PRESENTE","RETIRADA","RETIRADA","Instantánea externa y linaje de auditoría; retirada o consolidada sin reasignar silenciosamente la fila.","ff814524dc24ff763e4781b45a432b4ba8e6e1832d342c1f77731933b00af7b6","NO_APLICA"
"DA-02444","F","363","352","producción total de ATP por ciclo","producción total de ATP por ciclo","PRESENTE","PRESENTE","ACTUALIZADA","Fila final emparejada por identidad de dominio; cambios fijados por huellas inicial/final.","d1eb2c5e8be1d0781d57b2926d5881ffcfc479b48e866c2aa908b6dff55d8e9d","c51e42e4bcdcc8ae5820f1f715281c89187db17c1b55e0ee78dd05cbbfd4027f"
"DA-02445","F","364","NO_APLICA","fracción del presupuesto asignada","NO_APLICA","PRESENTE","RETIRADA","RETIRADA","Instantánea externa y linaje de auditoría; retirada o consolidada sin reasignar silenciosamente la fila.","e5c3d6ceab66576922487ee8986b526cd8197dee866d3e7d83ac2ab3a4ba30c4","NO_APLICA"
"DA-02446","F","365","353","fracción residual sin coste asignado","fracción residual sin coste asignado","PRESENTE","PRESENTE","ACTUALIZADA","Fila final emparejada por identidad de dominio; cambios fijados por huellas inicial/final.","049cb8d8dd6e0900350f4b4791eaed6bfa53d1dbf724abdf3e3070baace6a169","8dfbe6a3dade3bf294bd44dd16503f067e46ff900c68b41f06cd870bfb3a71e9"
"DA-02447","F","366","354","genes meióticos específicos identificados en Giardia","genes meióticos específicos identificados en Giardia","PRESENTE","PRESENTE","ACTUALIZADA","Fila final emparejada por identidad de dominio; cambios fijados por huellas inicial/final.","9f20788c90ba69f2e20bdf9ded539b66ee084c981eaef28f33dadd525539b88a","a2b806c73f079a5a3a5527fbf98f2d333ab37c3163714bbd59e21def7167a4e7"
"DA-02448","F","367","355","componentes meióticos identificados en Trichomonas vaginalis","componentes meióticos identificados en Trichomonas vaginalis","PRESENTE","PRESENTE","ACTUALIZADA","Fila final emparejada por identidad de dominio; cambios fijados por huellas inicial/final.","47e18d37869aabd0b6898a94362b21240de664f91bbedb67ae7b173f159c98f7","41e19ec6afbb61335ddeb1e7fb7f9b3585b98ed086f1a9854362843e63be6e5e"
"DA-02449","F","368","356","genes específicos de meiosis en Trichomonas vaginalis","genes específicos de meiosis en Trichomonas vaginalis","PRESENTE","PRESENTE","ACTUALIZADA","Fila final emparejada por identidad de dominio; cambios fijados por huellas inicial/final.","5ba4436e8c5ddb56eb4e007f5a5a0c3133b6df1d3cecd1aff7f4cb7836d53248","93f4c8e471cea5e951a3c01324a57fd090df055ee0b73b1293859940c0de6187"
"DA-02450","F","369","357","genes meióticos conservados identificados en coanoflagelados","genes meióticos conservados identificados en coanoflagelados","PRESENTE","PRESENTE","ACTUALIZADA","Fila final emparejada por identidad de dominio; cambios fijados por huellas inicial/final.","ed7779dd82c212cd34ebdc815148a7a38a5431c89bfb38be7b1a4f31625712b7","8b4e52459dc644cb339b8400926a9a581ada5311cb3604b352bd274722249e1a"
"DA-02451","F","370","358","alargamiento del cuerpo del gameto grande bajo inanición","alargamiento del cuerpo del gameto grande bajo inanición","PRESENTE","PRESENTE","ACTUALIZADA","Fila final emparejada por identidad de dominio; cambios fijados por huellas inicial/final.","8c63d5fc8f3dda4b055a23a2a3252ff0ae55f6f1973721d8ad48ad20f78b258d","44a976801601180ab742e35d3e3817a8fdf86d3448139cd5a2bc4469fe6453a9"
"DA-02452","F","371","359","alargamiento del collar del gameto grande bajo inanición","alargamiento del collar del gameto grande bajo inanición","PRESENTE","PRESENTE","ACTUALIZADA","Fila final emparejada por identidad de dominio; cambios fijados por huellas inicial/final.","2a08106cf52d9c6ac415e1284573ee518ed1f096b65eecf92cf482ff7c80dffc","f03c2004553ce54557ae7b76be44092c6926728551aa51ab00828ab81aacd68a"
"DA-02453","F","372","360","tipos de apareamiento de Dictyostelium discoideum","tipos de apareamiento de Dictyostelium discoideum","PRESENTE","PRESENTE","ACTUALIZADA","Fila final emparejada por identidad de dominio; cambios fijados por huellas inicial/final.","034e0792691c60683012c5374d72e3b386f80f22821090c01f3a497775865016","c6b8f35e9481b19924346ebd70ab3a4db1e652ff279be0bae9d057cb32cf73dc"
"DA-02454","F","373","361","fragmentos génicos resecuenciados","fragmentos génicos resecuenciados","PRESENTE","PRESENTE","ACTUALIZADA","Fila final emparejada por identidad de dominio; cambios fijados por huellas inicial/final.","054004836f2d0f37ad67da09dbf40cbbebefbf130c67fa5bfa131f9148cd1a88","d11e7f12e1670a9845cb2f1409a69f30ab506160672dac776dbe5f13a68e34b1"
"DA-02455","F","374","362","edad de Bangiomorpha pubescens","edad de Bangiomorpha pubescens","PRESENTE","PRESENTE","ACTUALIZADA","Fila final emparejada por identidad de dominio; cambios fijados por huellas inicial/final.","d874b3a88cc5bca27892d3d27f5c4a9f604c0245945c154c8db947895c9293a5","923cc54730793ca2e9c8d0ca801a72ceab2ba34b5c2d271fd4d2589c498d65e0"
"DA-02456","F","375","363","tiempo hasta enjambre tras Vibrio fischeri","tiempo hasta enjambre tras Vibrio fischeri","PRESENTE","PRESENTE","ACTUALIZADA","Fila final emparejada por identidad de dominio; cambios fijados por huellas inicial/final.","10bcec448df295563a85841f597774a0f717af6da0aea8e760864614e7b55094","a919a4095b68733c6ee6dc58992a926284fc9006c0271151e95b57df79168225"
"DA-02457","F","376","364","duración de fusión celular tras orientación basal","duración de fusión celular tras orientación basal","PRESENTE","PRESENTE","ACTUALIZADA","Fila final emparejada por identidad de dominio; cambios fijados por huellas inicial/final.","4a1c78f05afa729f3f2f28e6db188d5b703b3505777ea6344868002b96ca0404","acaab3ca9bb55093b857bac98aefefad429f907438c1d6c1204c1e78d4448ed0"
"DA-02458","F","377","365","concentración de EroS en ensayos de señales combinadas","concentración de EroS en ensayos de señales combinadas","PRESENTE","PRESENTE","ACTUALIZADA","Fila final emparejada por identidad de dominio; cambios fijados por huellas inicial/final.","aaa27db5f116681b42c6b398b4a3885d84540ede1de8a25470315a848a533a40","25ec4c6715972cc41bc6b397eacbcf6a1a55530c85b2e4d39f035523ae86b616"
"DA-02459","F","378","366","concentración molar aproximada de EroS","concentración molar aproximada de EroS","PRESENTE","PRESENTE","ACTUALIZADA","Fila final emparejada por identidad de dominio; cambios fijados por huellas inicial/final.","f0eba433cfa9f4d495c744c41352944e3662e117a645b7924cf3dc66b324e002","d91c6082187880d17991a0e12e580d35790075f002f7426fc9e60c5c0af00069"
"DA-02460","F","379","367","actividad de EroS","actividad de EroS","PRESENTE","PRESENTE","ACTUALIZADA","Fila final emparejada por identidad de dominio; cambios fijados por huellas inicial/final.","d0ba6c84c0c9957fb09ece57b3dc76156b0780cdf7095cfc7f8eea5e718571f1","3377bf11f851df8296ea6a1af707c27f5d73ce8eaa44bf6d743a2dffc51c33fc"
"DA-02461","F","380","368","células con doble tinción bajo agregación","células con doble tinción bajo agregación","PRESENTE","PRESENTE","ACTUALIZADA","Fila final emparejada por identidad de dominio; cambios fijados por huellas inicial/final.","43a9d0e0c3f15fe0991f6e3edb301e713c1f4f33893ea8f5af41708c3da179dd","4e366426bb90e96e2282752d2e9814868f9d3239c76589fe90a9a4e72d01bdea"
"DA-02462","F","381","369","células con doble tinción sin agregación","células con doble tinción sin agregación","PRESENTE","PRESENTE","ACTUALIZADA","Fila final emparejada por identidad de dominio; cambios fijados por huellas inicial/final.","9fa52b02f3e9fc58385f1b9956690c8be17715383f74e3a2e093c9aa734c9652","9fe1a19915efa21dcc81d4829088654e60d7cecc1ae81981d6ccaeadc5166075"
"DA-02463","F","382","370","significación de diferencia en doble tinción","significación de diferencia en doble tinción","PRESENTE","PRESENTE","ACTUALIZADA","Fila final emparejada por identidad de dominio; cambios fijados por huellas inicial/final.","186e42a50714a4d10828d5b35eb8169ded3b14bbf6bdf5df079a7c3964c7927c","cf4c7fff538c532cfae87a34df99b4f6b5ef79f56658573a32f546a34c818160"
"DA-02464","F","383","371","células revisadas para detectar fusión","células revisadas para detectar fusión","PRESENTE","PRESENTE","ACTUALIZADA","Fila final emparejada por identidad de dominio; cambios fijados por huellas inicial/final.","287fa52842f38281838da5827968e17c964570ebca0b7b38b677baccce623495","e9a70b36ed571aa840cc1edcd85405548a1cba9a0c7c56f7cc5bad1b7f5c9fce"
"DA-02465","F","384","372","duración de seguimiento por célula","duración de seguimiento por célula","PRESENTE","PRESENTE","ACTUALIZADA","Fila final emparejada por identidad de dominio; cambios fijados por huellas inicial/final.","ecee2746f33a3972d3026afd17082f325049c3cdf9644791e31ba19b82514b5b","8809d23a93201e80e8ce3e1062ce029c0b28d808a1ad1245ef3e6b2062f3db9e"
"DA-02466","F","385","373","fusiones claras observadas en el seguimiento","fusiones claras observadas en el seguimiento","PRESENTE","PRESENTE","ACTUALIZADA","Fila final emparejada por identidad de dominio; cambios fijados por huellas inicial/final.","248b6f2456d3a3364d167ec645568a5659112ebab6508268cf68e9bb78c85fbd","09b3bc21a653fd765c29690a1884823452112af23164098eeac049fe3b901109"
"DA-02467","F","386","NO_APLICA","edición vigente del Madrid Code","NO_APLICA","PRESENTE","RETIRADA","RETIRADA","Instantánea externa y linaje de auditoría; retirada o consolidada sin reasignar silenciosamente la fila.","94e76bd74f50446c78feac48a3a2525cb815c3a5eb9ed5012683d8214c22c9d6","NO_APLICA"
"DA-02468","F","387","NO_APLICA","versión publicada de PhyloCode","NO_APLICA","PRESENTE","RETIRADA","RETIRADA","Instantánea externa y linaje de auditoría; retirada o consolidada sin reasignar silenciosamente la fila.","e0d3ed611e2d3b38fdab243893be6791f1535eb99d242680ea8ddbfe393f162a","NO_APLICA"
"DA-02469","F","388","NO_APLICA","registro de Eukarya en Phylonyms","NO_APLICA","PRESENTE","RETIRADA","RETIRADA","Instantánea externa y linaje de auditoría; retirada o consolidada sin reasignar silenciosamente la fila.","5dabf95a3932fcde557f46a62cc86bfd8db4e286301ede0619a3f241202465eb","NO_APLICA"
"DA-02470","F","389","NO_APLICA","registro de Amorphea en Phylonyms","NO_APLICA","PRESENTE","RETIRADA","RETIRADA","Instantánea externa y linaje de auditoría; retirada o consolidada sin reasignar silenciosamente la fila.","a5f32e9d65ec05f2837728ff794f68bec8ba42814c7fac9953c924e22d459409","NO_APLICA"
"DA-02471","F","390","NO_APLICA","registro de Opisthokonta en Phylonyms","NO_APLICA","PRESENTE","RETIRADA","RETIRADA","Instantánea externa y linaje de auditoría; retirada o consolidada sin reasignar silenciosamente la fila.","215589b72ed093f72e4ae405e4c23e69b5c924fec9586cea5d24926521c97e02","NO_APLICA"
"DA-02472","F","391","379","reinos ocupados por algas en Guiry 2024","reinos ocupados por algas en Guiry 2024","PRESENTE","PRESENTE","ACTUALIZADA","Fila final emparejada por identidad de dominio; cambios fijados por huellas inicial/final.","5ee76dc7a7a370bcaf51dd2634c7262f92cd073dd6f780b1ba6b798a008f35bc","581818774b98d7a70e69be2b547ff90402ceaff3ae4a7063473bd5bbac61f75c"
"DA-02473","F","392","380","filos ocupados por algas en Guiry 2024","filos ocupados por algas en Guiry 2024","PRESENTE","PRESENTE","ACTUALIZADA","Fila final emparejada por identidad de dominio; cambios fijados por huellas inicial/final.","aaaeb002f73b774d43fa27705471e15c8b25a70c87c99ab061254457aad38a64","4aecc6116ed491763396694f5baa6976e20040aa4431706afd7c6e67b1ccb1dc"
"DA-02474","F","393","381","clases ocupadas por algas en Guiry 2024","clases ocupadas por algas en Guiry 2024","PRESENTE","PRESENTE","ACTUALIZADA","Fila final emparejada por identidad de dominio; cambios fijados por huellas inicial/final.","3ee3a23011385eb5f4974ba69addc16599a18d4167f9551c4b48295db1ffed32","482ed9be41125caf2bb50e2c8218e6cab586f2d9a505dca8b0e3c48c28eb5c10"
"DA-02475","F","394","382","especies vivientes de algas en AlgaeBase al 1-11-2023","especies vivientes de algas en AlgaeBase al 1-11-2023","PRESENTE","PRESENTE","ACTUALIZADA","Fila final emparejada por identidad de dominio; cambios fijados por huellas inicial/final.","f2db52dd55cc43e67af03b65cfafd2735b68dece1983b3f2fd564e3df5aed36f","6f061004df27c0523e6bee33ee08dbf38607ad2d8ca7d6dee755cfb32ba34051"
"DA-02476","F","395","383","especies fósiles de algas en AlgaeBase al 1-11-2023","especies fósiles de algas en AlgaeBase al 1-11-2023","PRESENTE","PRESENTE","ACTUALIZADA","Fila final emparejada por identidad de dominio; cambios fijados por huellas inicial/final.","f97fb4e8fe2a0c1e3dc6db8204a00feaa802c1752b5e2a748ba5746bf6b640f2","d6e165dcbe6992cdb486f5fa04d335d11c711f828ecbd0d4c8c07a219c1ea579"
"DA-02477","F","396","384","proteínas en Hampl et al. 2009","proteínas en Hampl et al. 2009","PRESENTE","PRESENTE","ACTUALIZADA","Fila final emparejada por identidad de dominio; cambios fijados por huellas inicial/final.","7f37f423a14f159f7221dbedacaff8956ac2438ba3b84d6ea79deeb34e9d7efb","a94ee8d00b9d874a88f00d11193edbe2fb264d75732e93db25005404bf0fe5a1"
"DA-02478","F","397","385","taxones en Hampl et al. 2009","taxones en Hampl et al. 2009","PRESENTE","PRESENTE","ACTUALIZADA","Fila final emparejada por identidad de dominio; cambios fijados por huellas inicial/final.","f659b0473857cd9e1448ba1107da2cb2ebff4ba2af8ab90f39e0340ef6d40116","0cebf577b0c04791da4811e92867087882fcccbc85aadf0c9bb0a4df020c2156"
"DA-02479","F","398","NO_APLICA","reinos en Whittaker 1969","NO_APLICA","PRESENTE","RETIRADA","RETIRADA","Instantánea externa y linaje de auditoría; retirada o consolidada sin reasignar silenciosamente la fila.","ebaf0a7a7bb706419cc93691fe97c8386d4f64d7a6b420dcfb1f03f9d11d836c","NO_APLICA"
"DA-02480","F","399","NO_APLICA","reinos en Cavalier-Smith 1998","NO_APLICA","PRESENTE","RETIRADA","RETIRADA","Instantánea externa y linaje de auditoría; retirada o consolidada sin reasignar silenciosamente la fila.","82f37037d244d5350ec1d5c85f141e8d981018d3488e565c947065a7d468eca2","NO_APLICA"
"DA-02481","F","400","NO_APLICA","reinos en Ruggiero et al. 2015","NO_APLICA","PRESENTE","RETIRADA","RETIRADA","Instantánea externa y linaje de auditoría; retirada o consolidada sin reasignar silenciosamente la fila.","64221c042d3c1f245ee8b396634c80fe898a19e4d9c1ccd41776d531e22b157c","NO_APLICA"
"DA-02482","F","401","389","intervalo de división clonal","intervalo de división clonal","PRESENTE","PRESENTE","ACTUALIZADA","Fila final emparejada por identidad de dominio; cambios fijados por huellas inicial/final.","c46554dccc35d8a54924cabf2995ec09f4383fa26d20039f0b02b71003af4005","79484067ee74a41f23bdded521bcc88bec50479adb1c5a669d9d8361e1bd9ff0"
"DA-02483","F","402","390","tiempo de maduración de lámina","tiempo de maduración de lámina","PRESENTE","PRESENTE","ACTUALIZADA","Fila final emparejada por identidad de dominio; cambios fijados por huellas inicial/final.","3c82662379339829064d72b01b4cb1a34635999531d41dace20b2fb437ca2b88","e6af5b4381de103a227c2ec6de9462a2b3fd8084398a4b2f8508da37efebb9e6"
"DA-02484","F","403","391","tamaño medio del agregado a 24 h","tamaño medio del agregado a 24 h","PRESENTE","PRESENTE","ACTUALIZADA","Fila final emparejada por identidad de dominio; cambios fijados por huellas inicial/final.","911e52258d5c5a40584fc95d487da7265aedf05a5d8cafb8defd7c8fb7337ba4","c020504f45f9e1182f8330aa7e90ce089cd5b4d966939ac9c893ef6a363f83b2"
"DA-02485","F","404","392","máximo observado aproximado a 24 h","máximo observado aproximado a 24 h","PRESENTE","PRESENTE","ACTUALIZADA","Fila final emparejada por identidad de dominio; cambios fijados por huellas inicial/final.","2fdd9cf5305ab7bf485ff6710fda1f033ed90f607e36da4d31faa78d24d7563f","969b28c27cabb3b53ec304ff82fdde30a96577791cc1d5c1a03b5af36eb93bb8"
"DA-02486","F","405","393","aphidicolina en ensayo de agregación","aphidicolina en ensayo de agregación","PRESENTE","PRESENTE","ACTUALIZADA","Fila final emparejada por identidad de dominio; cambios fijados por huellas inicial/final.","829ad716610454583424d1f80ad8ee091ce0a26363d7e4895ea0cc4922d17cbc","1410e61b42f4f40f632b64d62f517ed2e4b01265e02f837fb348fc271ff7fd85"
"DA-02487","F","406","394","salinidad máxima con láminas activas observadas","salinidad máxima con láminas activas observadas","PRESENTE","PRESENTE","ACTUALIZADA","Fila final emparejada por identidad de dominio; cambios fijados por huellas inicial/final.","24768424d7276814fcb66f8caf04f0d39dfbdec48c62542682d4a330ac6f9acb","e95c0da797f944504d1b44f8ec7c49d4f204303d2089f17fa2c7866819deddcc"
"DA-02488","F","407","395","salinidad de pozas con láminas","salinidad de pozas con láminas","PRESENTE","PRESENTE","ACTUALIZADA","Fila final emparejada por identidad de dominio; cambios fijados por huellas inicial/final.","f91ec947b041f813b4c1068e07c8c9e876d51c927b0f5a4f898ea04d6b43a028","01e947ffe2ec99f7692b2e320b4651bf01534eb52f1a824acc4aace218093ab9"
"DA-02489","F","408","396","salinidad de pozas sin láminas","salinidad de pozas sin láminas","PRESENTE","PRESENTE","ACTUALIZADA","Fila final emparejada por identidad de dominio; cambios fijados por huellas inicial/final.","f0237686705ee0b6438c8efdd32b95702d15cefbaedb3495b9a520453fceffe7","883198d07d060512e0a5419854f720fa1a52fad7d5165b81fa5a31e51d8e0bab"
"DA-02490","F","409","397","significación de diferencia de salinidad","significación de diferencia de salinidad","PRESENTE","PRESENTE","ACTUALIZADA","Fila final emparejada por identidad de dominio; cambios fijados por huellas inicial/final.","57b28a4c137e6022db67aa194dedb147c7e4267d2bbdcbc4700d9f2f64f5861a","024d6988035f2aad0beaf1edc0dd19713c279a125592b743312df9eedc10def9"
"DA-02491","F","410","398","duración de evaporación","duración de evaporación","PRESENTE","PRESENTE","ACTUALIZADA","Fila final emparejada por identidad de dominio; cambios fijados por huellas inicial/final.","c7886220419efa81234645c9127817e25e7a1198ee85b6dee20e997ac8a76781","58cee18f9e269b9a61ef7e090b7dc919167f7dbee587e465ebe26e9c2347a8ef"
"DA-02492","F","411","399","duración de ciclo nuclear","duración de ciclo nuclear","PRESENTE","PRESENTE","ACTUALIZADA","Fila final emparejada por identidad de dominio; cambios fijados por huellas inicial/final.","20f1479733c24c8e1d790159ac6779cb3a7f155793246b7c0ea0290d4927c2fd","3aaed89e59cd9f9561e46fbc1d333a6dc780d1459db0040286a3bf6a13cd8374"
"DA-02493","F","412","400","máximo de núcleos precelularización","máximo de núcleos precelularización","PRESENTE","PRESENTE","ACTUALIZADA","Fila final emparejada por identidad de dominio; cambios fijados por huellas inicial/final.","bdc696a0b341609ec1506e38962d2bdcc72aee175f9e0122d4ee087c1385bf5d","3fc3e5497a3b88922c093678332b81b77576d30fc5d20c96454c0f07bbd95986"
"DA-02494","F","413","401","tamaño genómico","tamaño genómico","PRESENTE","PRESENTE","ACTUALIZADA","Fila final emparejada por identidad de dominio; cambios fijados por huellas inicial/final.","531527826e4926ac93fd17be3ce19809b8151c6bec3acdee4946c5523df00042","f410e980d33ba396efee048cd37cfdac718f510c366935e1f31b72c3b1fbf455"
"DA-02495","F","414","402","número de scaffolds","número de scaffolds","PRESENTE","PRESENTE","ACTUALIZADA","Fila final emparejada por identidad de dominio; cambios fijados por huellas inicial/final.","d35d2383cbcc0a0349a8efb1a4bccf1d4ecac7146d69e7dd06bb1d993cb279a9","e02aa286f0324e0961caf146f5b4fe21ff076d5de4feb5b3872c70899b6664fd"
"DA-02496","F","415","403","genes predichos","genes predichos","PRESENTE","PRESENTE","ACTUALIZADA","Fila final emparejada por identidad de dominio; cambios fijados por huellas inicial/final.","bc553ac76229c6991a58d1135a1d9e1a174e6f93f79c08054e77633fc240e8b0","27c88c99f8692a275d7e285457cdcc65327921a3b35c306bc9698f460491023e"
"DA-02497","F","416","404","intrones por gen","intrones por gen","PRESENTE","PRESENTE","ACTUALIZADA","Fila final emparejada por identidad de dominio; cambios fijados por huellas inicial/final.","c30a530846df8954d83a1f2e8574f17f4e4874f1fd0f92ec191a924510040c06","727dca84dd90c827df35c43b1c44de0169c4577973bc9c36fd68a8651d215894"
"DA-02498","F","417","NO_APLICA","tamaño genómico","NO_APLICA","PRESENTE","RETIRADA","RETIRADA","Instantánea externa y linaje de auditoría; retirada o consolidada sin reasignar silenciosamente la fila.","f3bfa586111a6c6b7f2e1c2d7210de3ecb89051bcc6dda8840e5118a864bbfa8","NO_APLICA"
"DA-02499","F","418","NO_APLICA","genes predichos","NO_APLICA","PRESENTE","RETIRADA","RETIRADA","Instantánea externa y linaje de auditoría; retirada o consolidada sin reasignar silenciosamente la fila.","d355ed5827a6f5d807f3bcd591f61e3049b35a2f1ba17f1b21a2eec79d1fff41","NO_APLICA"
"DA-02500","F","419","407","densidad de intrones","densidad de intrones","PRESENTE","PRESENTE","ACTUALIZADA","Fila final emparejada por identidad de dominio; cambios fijados por huellas inicial/final.","6dc71d2dfd7f867d3f5de8286b4e64a9e8ef7ee1c329dfeec16c9f8a3434bc7c","2a1e16d9d92d2dc0b7900a7afb3e36534ec8287b84b287b9915bd31c1156b6a5"
"DA-02501","F","420","408","abundancia de Thalassospira","abundancia de Thalassospira","PRESENTE","PRESENTE","ACTUALIZADA","Fila final emparejada por identidad de dominio; cambios fijados por huellas inicial/final.","599358220f9904c39a2a5a507608da7498da1a15151804671024aa4457409247","e78c7b6d802653673cd7207c58b64182c7efcc6c2a6c8ffb3618e5eaba0f029e"
"DA-02502","F","421","409","tiempo a agregados de decenas de células","tiempo a agregados de decenas de células","PRESENTE","PRESENTE","ACTUALIZADA","Fila final emparejada por identidad de dominio; cambios fijados por huellas inicial/final.","9a453b63c5e3d5f0467b7d7cc7d0c90fbe3f372d56fa8329d682980bd00404a3","dfdd8ae7fcae8f5166919e0bc5e65ac781f6f9f7ae910ee7878fd205dad287d5"
"DA-02503","F","422","410","transferencias hasta fenotipo snowflake","transferencias hasta fenotipo snowflake","PRESENTE","PRESENTE","ACTUALIZADA","Fila final emparejada por identidad de dominio; cambios fijados por huellas inicial/final.","fc21c61fe175ad6515fae8d2ac5e0e1acbacdd691190b94ca0e3caf0954731f8","a5b85824cca3f4a24ba1e5f96c376c8399d69aa851a5a110d4f6ac48598b3b4e"
"DA-02504","F","423","411","ventaja de aptitud","ventaja de aptitud","PRESENTE","PRESENTE","ACTUALIZADA","Fila final emparejada por identidad de dominio; cambios fijados por huellas inicial/final.","0cfcb587f8089f873be9a9502d09f5c9c3f432057831edc33f012ddae6bbcf04","8ccc2e33236d4a18fea2e63e21bc0ea5cbf803818e2bf1b40023b5ff78ed6a8b"
"DA-02505","F","424","412","rondas de selección","rondas de selección","PRESENTE","PRESENTE","ACTUALIZADA","Fila final emparejada por identidad de dominio; cambios fijados por huellas inicial/final.","85aea54a5483a14fd2f59bd00f58693daaa76629750185b643ed2d900b161c12","f4ed4dffba24d053f9a4dbd7ecb0c27050d9764c4801a7a87d2bb8dde1e2e2b5"
"DA-02506","F","425","413","aumento de tamaño","aumento de tamaño","PRESENTE","PRESENTE","ACTUALIZADA","Fila final emparejada por identidad de dominio; cambios fijados por huellas inicial/final.","345e8592aff649ae60ee53d488b90cd7090fc09c2438fc6854eec5f1d45f459b","8e852a31b3af4f1df672de6049957cc06f06eaea4073e532c1d6a6542ba1f130"
"DA-02507","F","426","414","aumento de tenacidad","aumento de tenacidad","PRESENTE","PRESENTE","ACTUALIZADA","Fila final emparejada por identidad de dominio; cambios fijados por huellas inicial/final.","8c601b434da298af94d0679c4c9cb6abdb73d0cee86dc49dd87f8556e0a32544","74ecb09803d44c55bdc2907ace8e8b3164b20e5fe67eac3181e133ef6bf2f18c"
"DA-02508","F","427","415","aumento de tamaño bajo competencia por oxígeno","aumento de tamaño bajo competencia por oxígeno","PRESENTE","PRESENTE","ACTUALIZADA","Fila final emparejada por identidad de dominio; cambios fijados por huellas inicial/final.","53418de4ffa4d540fd8536ef2034a5442dee87fb4c02ec10fe5d98f43d5e6608","f4136bbc36cecdb39db834427901b3610b9de2de01532848d367f81414a43ffb"
"DA-02509","F","428","416","tamaño genómico","tamaño genómico","PRESENTE","PRESENTE","ACTUALIZADA","Fila final emparejada por identidad de dominio; cambios fijados por huellas inicial/final.","743727ed2687ac7fd8026eec197d0c20f8275c9edf73b1b11a0f899fea70830a","e9fcd268a13d53641d5a3899702a5d6fd4393de29a4912528f1108d02a6aef86"
"DA-02510","F","429","417","genes predichos","genes predichos","PRESENTE","PRESENTE","ACTUALIZADA","Fila final emparejada por identidad de dominio; cambios fijados por huellas inicial/final.","0cf26241825a3fdf3c6a004cb39959d5b3b8dc1195d490a54bc7c3a87b072475","0158b724e5b9aa9bc890b3be97fc5b7081d07aa80c9a998fe749b160887dec0b"
"DA-02511","F","430","418","intrones por gen","intrones por gen","PRESENTE","PRESENTE","ACTUALIZADA","Fila final emparejada por identidad de dominio; cambios fijados por huellas inicial/final.","237bd28d8622581732d5db4b36ce4e39f28174372b6e8cef72f66e0f60eb43db","38ee0c7fe6d8efb63c67b04845dbe3c9d7458fd2131c02efefa3d430b26025c0"
"DA-02512","F","431","419","longitud media de intrón","longitud media de intrón","PRESENTE","PRESENTE","ACTUALIZADA","Fila final emparejada por identidad de dominio; cambios fijados por huellas inicial/final.","2b7331b73731eada187e973c9a6335433c7b502bccf16355505c405e806b6a90","9620519fe3b4a6327b4b1d41f489925ddfe6e1c299bbd7047896da1ea8d6e31b"
"DA-02513","F","432","420","tamaño genómico","tamaño genómico","PRESENTE","PRESENTE","ACTUALIZADA","Fila final emparejada por identidad de dominio; cambios fijados por huellas inicial/final.","8c2db0604ffd07215c99b570fe709f21d55fb01637bef759046da521e0adb58b","4c29844208c41d27157cd52d988bd4988cb48ec7ff9b777172b04bd71c3c8233"
"DA-02514","F","433","421","scaffolds","scaffolds","PRESENTE","PRESENTE","ACTUALIZADA","Fila final emparejada por identidad de dominio; cambios fijados por huellas inicial/final.","767f12a7c0b1b6c7042be2d72a71256974ab2b5be6e010630f06baceac15621b","2f36af7b63e7624382d2f8801d72652485c0459aa874c2c44aab1f99e818db21"
"DA-02515","F","434","422","N50","N50","PRESENTE","PRESENTE","ACTUALIZADA","Fila final emparejada por identidad de dominio; cambios fijados por huellas inicial/final.","1cf71b55a24ef3951bacdf36a16d95132b3d72555472f9554354c249e89ad576","13732f7f71bbd8f6fed8da68bde62c1c19253f37fa5e92fcdab56ac375e916c9"
"DA-02516","F","435","423","genes predichos","genes predichos","PRESENTE","PRESENTE","ACTUALIZADA","Fila final emparejada por identidad de dominio; cambios fijados por huellas inicial/final.","e23749a63db2b10e7106b01f774b92939d6a9648d58690b73a1856131a223415","0dd858dc89ddc143cb5d5860780ac58e4f6737f088bd2d44510e65d9eab2fa4d"
"DA-02517","F","436","424","modelos con apoyo transcriptómico","modelos con apoyo transcriptómico","PRESENTE","PRESENTE","ACTUALIZADA","Fila final emparejada por identidad de dominio; cambios fijados por huellas inicial/final.","a2b9f7578680d02b950ddc3ddd7f41905333a56b65b98c431c225104eab393b3","3cfafeb145c606570bfab5aae22200480bf951786a8c4e45dde4e211e803f205"
"DA-02518","F","437","425","tamaño genómico","tamaño genómico","PRESENTE","PRESENTE","ACTUALIZADA","Fila final emparejada por identidad de dominio; cambios fijados por huellas inicial/final.","879a8b0ea5264c4c937fb28591d9ad8dfb8e9cd042ff71e59b634a4e3100c64e","a6057bf9654f2ceb65f7acef9c9f420714f2d39433a285ebb2c129e6cc80b6e3"
"DA-02519","F","438","426","scaffolds","scaffolds","PRESENTE","PRESENTE","ACTUALIZADA","Fila final emparejada por identidad de dominio; cambios fijados por huellas inicial/final.","105a31df6f8cada15f4b0c6b93eac0cdad2aef445168c38a87e2c9e463c2e54a","ee05bab5908e51f8199e8e9a63886548a9ebc9c866d1c77aea030a3b45bb2b23"
"DA-02520","F","439","427","genes codificantes","genes codificantes","PRESENTE","PRESENTE","ACTUALIZADA","Fila final emparejada por identidad de dominio; cambios fijados por huellas inicial/final.","a5fd698d885b6236a59a0498de49339d13785062ef6b359ec1439c9967b7746e","74cc640c924ee256a3d7cce1b9a81476e93c102bf5e0da217de8aeb8ab253024"
"DA-02521","F","440","428","intrones por gen","intrones por gen","PRESENTE","PRESENTE","ACTUALIZADA","Fila final emparejada por identidad de dominio; cambios fijados por huellas inicial/final.","433b7cdf6a6cb843bccec9fb4434a890c9ad8edac3e943b826025f7a0cfaff74","198c8619d3329ac6a956edd1caedc525aaf650dad72543b3f2d06c49b372b7a6"
"DA-02522","F","441","429","longitud media de intrón","longitud media de intrón","PRESENTE","PRESENTE","ACTUALIZADA","Fila final emparejada por identidad de dominio; cambios fijados por huellas inicial/final.","07664fd9d94cf55b414a59c5c28e7a7924f4811096b4f392d21dd8280f9bff6b","a63b650144d86b5777732b6c6832e7332e4838d664c1f284b5c82631f9249cea"
"DA-02523","F","442","430","genes anotados antes de filtros","genes anotados antes de filtros","PRESENTE","PRESENTE","ACTUALIZADA","Fila final emparejada por identidad de dominio; cambios fijados por huellas inicial/final.","8bfc5f51cee8b955ef62befb3fbc48efee64db9e7724c88ba911966fbb1146f7","2bfc55220ef2aad73b7b5fddcdd105b0d648e4fce1c4be36f9f2bb17963612b9"
"DA-02524","F","443","431","promedio de intrones","promedio de intrones","PRESENTE","PRESENTE","ACTUALIZADA","Fila final emparejada por identidad de dominio; cambios fijados por huellas inicial/final.","2f490fee3d92bb078d1186d3d4e734615624920dc3b2b7d528d756e8f294a659","0b93751dcf67695ddce4a917d1a709c68dce06bc44312bafb40a0e9e4a498887"
"DA-02525","F","444","432","tamaño genómico","tamaño genómico","PRESENTE","PRESENTE","ACTUALIZADA","Fila final emparejada por identidad de dominio; cambios fijados por huellas inicial/final.","5a6993dbd57c33178b20e54353d95f91c54f3adc37a822d959ff647d4c623ed2","faf6228caf314a523293982a3bf2632f9175b817788dcf8a3635ac2afbc7d59a"
"DA-02526","F","445","433","genes predichos","genes predichos","PRESENTE","PRESENTE","ACTUALIZADA","Fila final emparejada por identidad de dominio; cambios fijados por huellas inicial/final.","dbe40b7b880ddee0848e99e8b5bdbd060787e4f78d46b74fdf1a7ba894d4750a","555cf6d02cd622b8b5924520f65475b8211bb0226d366fc468b14bb99b81b4a3"
"DA-02527","F","446","434","promedio de intrones","promedio de intrones","PRESENTE","PRESENTE","ACTUALIZADA","Fila final emparejada por identidad de dominio; cambios fijados por huellas inicial/final.","7e5fa29c11a809768a0ed8856a5e78e35aba27611f012b6cc9ba88c624f55883","969e9b54061ae9636bcfa97cfb8c53ac617248fbf7856c7fc2abce4245d41df6"
"DA-02528","F","447","435","longitud media de intrón","longitud media de intrón","PRESENTE","PRESENTE","ACTUALIZADA","Fila final emparejada por identidad de dominio; cambios fijados por huellas inicial/final.","b0c1be906cdd1286628940cb0bb2bc911bdb9f7fe1793b035891f701a43edbb8","c65b4463cc4ec71ca363ab072a876196feb65545770d5c91467bd21e72e2a197"
"DA-02529","F","448","436","tamaño genómico","tamaño genómico","PRESENTE","PRESENTE","ACTUALIZADA","Fila final emparejada por identidad de dominio; cambios fijados por huellas inicial/final.","3166f67820ae8c1920c32f840e336aba6675d0f81012143034c3765738139ba7","6aa0a70787819e01e29bdeb3482aab9df5559d4670e8b9c3e7c1748b36e38bec"
"DA-02530","F","449","437","péptidos predichos","péptidos predichos","PRESENTE","PRESENTE","ACTUALIZADA","Fila final emparejada por identidad de dominio; cambios fijados por huellas inicial/final.","80425314a437298882fb6a15ee7cb938e7deb521316842673af8f434815cada5","b619bb5b4778d2616da9f3e36ca5f83acbe4e88b72b7087fe8337ac9bd7b1c27"
"DA-02531","F","450","438","promedio de intrones","promedio de intrones","PRESENTE","PRESENTE","ACTUALIZADA","Fila final emparejada por identidad de dominio; cambios fijados por huellas inicial/final.","f754a83549513b979c9290c131db15b30ac148eb8b038854bed4e847f8f5b4e5","5730cd93fa6f9ddf0d772c814e8e9b836b226de97336d490ddb9cbf09d28a58e"
"DA-02532","F","451","439","longitud media de intrón","longitud media de intrón","PRESENTE","PRESENTE","ACTUALIZADA","Fila final emparejada por identidad de dominio; cambios fijados por huellas inicial/final.","3d9890e659bbf761bff1fcba603357063f0f27e28b87784e7e418df12eeecadd","b264f2f156adb7550255f189d35cabeaf83b6cc93abcbd21ef83cd5e2154e171"
"DA-02533","F","452","NO_APLICA","tamaño genómico de ensamblaje","NO_APLICA","PRESENTE","RETIRADA","RETIRADA","Instantánea externa y linaje de auditoría; retirada o consolidada sin reasignar silenciosamente la fila.","852bf24116fc725f9a8cd27cc05bf5bc7a85910109ae31010dc88d025ebe0907","NO_APLICA"
"DA-02534","F","453","441","genes con dominios de cadherina","genes con dominios de cadherina","PRESENTE","PRESENTE","ACTUALIZADA","Fila final emparejada por identidad de dominio; cambios fijados por huellas inicial/final.","fa95c8828a94a48f82fb774671a1ad05f6298f3d754c1d9ca03ad4b198d3b173","a62bbaffb49aed0e8fa21a922aa03c6bad2e33ad8beae7bc08f679f868bb4541"
"DA-02535","F","454","442","genes con dominio de integrina alfa","genes con dominio de integrina alfa","PRESENTE","PRESENTE","ACTUALIZADA","Fila final emparejada por identidad de dominio; cambios fijados por huellas inicial/final.","29af787a2d4d70cfeae4f98918bee0811ee324741475e64733f6bc314b9e395a","af01db8d1c7f81904eca66b609ad426b668a0fc08381b29b47d196c211351fd7"
"DA-02536","F","455","443","genes con dominios de colágeno","genes con dominios de colágeno","PRESENTE","PRESENTE","ACTUALIZADA","Fila final emparejada por identidad de dominio; cambios fijados por huellas inicial/final.","3b267a73aa29415832e766fa38e0728791ad5280fc519fd190ae3490617ee6a3","279ab3e072882d88325f41cc4d081ebd6381c39c84e83261ebc046f9aa84cea1"
"DA-02537","F","456","444","proteínas con repeticiones Gly-X-Y extensas","proteínas con repeticiones Gly-X-Y extensas","PRESENTE","PRESENTE","ACTUALIZADA","Fila final emparejada por identidad de dominio; cambios fijados por huellas inicial/final.","bca94fb906fc57cdd1661cc9083556a5af1ae83028c5c2cadb305317f5906d8d","ca577314bd560b6addf8be962b0437046ff6b9615e409e85dfe5062f9d98cc29"
"DA-02538","F","457","445","tirosina quinasas","tirosina quinasas","PRESENTE","PRESENTE","ACTUALIZADA","Fila final emparejada por identidad de dominio; cambios fijados por huellas inicial/final.","16df2a3397189b1f9612f7232b38bc7557f0fd3cfc649492f0478de98040d2d4","37af6a2d7f15ce9d55c78a8de2592d98fb3db069ecdf6b8be16a55362a966e27"
"DA-02539","F","458","446","tirosina fosfatasas","tirosina fosfatasas","PRESENTE","PRESENTE","ACTUALIZADA","Fila final emparejada por identidad de dominio; cambios fijados por huellas inicial/final.","5fc3196ba8faee0af0e9e8a738093004037618b0af750650aa035566ef260fc9","2c4db9f6a564b00573afa969d1380bfc8393f4b5f40c6413dbdb236e3d3cc6da"
"DA-02540","F","459","447","proteínas con SH2","proteínas con SH2","PRESENTE","PRESENTE","ACTUALIZADA","Fila final emparejada por identidad de dominio; cambios fijados por huellas inicial/final.","328f066f96d4e2d74b641d184409178c752f20f6560cede4ce5685f20c1b62df","023ba6ef9152a0afdb493f1d3ae8c9b0d23d6cbef9363603410fda91fa4a8045"
"DA-02541","F","460","448","dominios clasificados como innovaciones del tallo metazoano","dominios clasificados como innovaciones del tallo metazoano","PRESENTE","PRESENTE","ACTUALIZADA","Fila final emparejada por identidad de dominio; cambios fijados por huellas inicial/final.","3ba38e9f8731970f4edc65afe7e9d48adbf25bfcd60ceb3bce38d19ab6df5e53","62d45d79d8bd9c6c6bbcbbf33ca2f47a6585a031c38aaaea666e79fa920f6e20"
"DA-02542","F","461","449","genes Runx","genes Runx","PRESENTE","PRESENTE","ACTUALIZADA","Fila final emparejada por identidad de dominio; cambios fijados por huellas inicial/final.","b2edbc0d64d16213b7882dddb7d5c695b3887164cf314b5e01feae32e7848d9a","fb0327fe2460e5269a7fa9aa67fa08ab90863b6a64d534c1daeeae957a7e1221"
"DA-02543","F","462","450","genes T-box","genes T-box","PRESENTE","PRESENTE","ACTUALIZADA","Fila final emparejada por identidad de dominio; cambios fijados por huellas inicial/final.","f9df8058acc0d0ac4a5d1f5237ccf3bca649729636fbe1b1d59635f8e932e555","212acc1d1949a1c548390b2be29287a5e2b551ec5210097bf320316395f05b42"
"DA-02544","F","463","451","bootstrap de clasificación inicial de Co-Bra","bootstrap de clasificación inicial de Co-Bra","PRESENTE","PRESENTE","ACTUALIZADA","Fila final emparejada por identidad de dominio; cambios fijados por huellas inicial/final.","919ee988c61487f307c2059cecdadfadda39d6cdf48afd2405ba0d320df8cb5e","332495c585104024b70f9804db605232aca29562f294a7583300eab25a4a2a7b"
"DA-02545","F","464","452","genes diferencialmente expresados","genes diferencialmente expresados","PRESENTE","PRESENTE","ACTUALIZADA","Fila final emparejada por identidad de dominio; cambios fijados por huellas inicial/final.","5c26ed3ec6460b3794deac2d75dd3a0d20a48a25c2fa5d2ae5a742540b8c881b","e5ec0629b503ee8882bab6fa3a77cc24d7830484aa915697357de86d1b34eb54"
"DA-02546","F","465","453","homólogos relacionados con multicelularidad","homólogos relacionados con multicelularidad","PRESENTE","PRESENTE","ACTUALIZADA","Fila final emparejada por identidad de dominio; cambios fijados por huellas inicial/final.","949182bf59a38a6c94ad9394a65d1f38526aae6080f82daec01b33798d960e46","3837920a53db34fb154601826da124d13bf9af40ad6838b7d4b6b17f9ce98c22"
"DA-02547","F","466","454","homólogos de adhesión","homólogos de adhesión","PRESENTE","PRESENTE","ACTUALIZADA","Fila final emparejada por identidad de dominio; cambios fijados por huellas inicial/final.","ace0a6a8c8dc976662dbc2cbe18cf6acb83b270bbeaa1f5290fe75c71b9acadc","4f7ee7c44b75a2225cf1577a99ba6c3fe522da33dc440d691eb5f28d8c8d6d8e"
"DA-02548","F","467","455","homólogos de señalización","homólogos de señalización","PRESENTE","PRESENTE","ACTUALIZADA","Fila final emparejada por identidad de dominio; cambios fijados por huellas inicial/final.","9d6e2dd96800c6299f1855ae75bf09141fa0d3b190b7954cc3bd3c31b32fca4d","d94ebd298e1a1901059ad62f186e1850de3692ad605d16a9408428fdaea05e24"
"DA-02549","F","468","456","factores de transcripción","factores de transcripción","PRESENTE","PRESENTE","ACTUALIZADA","Fila final emparejada por identidad de dominio; cambios fijados por huellas inicial/final.","d0ed1113e33b8c5ddcb46a3ee77d552e81821f0b15cc90b23a48e2bb49a29eab","71bfd99ab77b023eb34daa2739acecec6916f03945486323f0120096749044c7"
"DA-02550","F","469","457","homólogos con cambio significativo","homólogos con cambio significativo","PRESENTE","PRESENTE","ACTUALIZADA","Fila final emparejada por identidad de dominio; cambios fijados por huellas inicial/final.","256ecc86d756e0d58a5a01cce8db0533b63a62db56371defc622296285b70665","083de7a9124db2deeef8d151dd864b98dafd9bb370053664037f989dfa44198c"
"DA-02551","F","470","458","masa mínima de la fracción sérica o lipoproteica inductora","masa mínima de la fracción sérica o lipoproteica inductora","PRESENTE","PRESENTE","ACTUALIZADA","Fila final emparejada por identidad de dominio; cambios fijados por huellas inicial/final.","aa9a3a0de27756fc74f0000fcfe84f56bc58c3ce18c77374de05be1392b14681","cb76159083db7965c0962109f02580b1b8cf95d970069f5a89842e8236d16b39"
"DA-02552","F","471","459","transcriptomas choanoflagelados adicionales muestreados","transcriptomas choanoflagelados adicionales muestreados","PRESENTE","PRESENTE","ACTUALIZADA","Fila final emparejada por identidad de dominio; cambios fijados por huellas inicial/final.","970e6c94327beb08bd62f4b75c3522d3b26e4c586c9626c0ccfe6854a0367243","202e9b29363b5aceae45d0bf4581d50f690f3706a05951e33a56e0dc3d57b3fa"
"DA-02553","F","472","460","tiempo de duplicación poblacional","tiempo de duplicación poblacional","PRESENTE","PRESENTE","ACTUALIZADA","Fila final emparejada por identidad de dominio; cambios fijados por huellas inicial/final.","48de870141d9875f3e42a5f4545625601f13a14f4e75492a9ac98ace3bff1229","49129e3b1d6f23a25cbb6589921a31a6604fda30ad4de547d1b8f1687e0ac9f5"
"DA-02554","F","473","461","orden relativo de crecimiento NC4 frente a AX2","orden relativo de crecimiento NC4 frente a AX2","PRESENTE","PRESENTE","ACTUALIZADA","Fila final emparejada por identidad de dominio; cambios fijados por huellas inicial/final.","601b7e8b50ea8246f4cca154dfa2074f384ff043b8eae881aa9a77effebc4c7f","14b6b5fec21169aa2a704afe0f31b349227f1d860a9c49138237ae545b298e41"
"DA-02555","F","474","462","tasa de mutación nuclear","tasa de mutación nuclear","PRESENTE","PRESENTE","ACTUALIZADA","Fila final emparejada por identidad de dominio; cambios fijados por huellas inicial/final.","6752cb6f40315483eb44635386b3f85efa520fd4101c39c5c7b0f74668113022","22386ffa80dceb49e2f65c79dcbcd6b1741d03766df222820422849c899e6f6c"
"DA-02556","F","475","463","tasa de mutación mitocondrial","tasa de mutación mitocondrial","PRESENTE","PRESENTE","ACTUALIZADA","Fila final emparejada por identidad de dominio; cambios fijados por huellas inicial/final.","cf8b8e84b72189f1a5c9dcc9f3939c2bb74504506dc943736f8ca49be96c6f59","c4f8709376ed1169a985ae8bfab00bf1eb6f0a0fffe651b6fce3cdbd21322c02"
"DA-02557","F","476","464","tasa germinal de sustitución de bases","tasa germinal de sustitución de bases","PRESENTE","PRESENTE","ACTUALIZADA","Fila final emparejada por identidad de dominio; cambios fijados por huellas inicial/final.","fa70ecb99bf5e638e10aeb0fa611b1aed683f60a8ff93772ceaf999da167a102","4cefa8a13ae25962bf8e17859ff1ddc37d37440f3a2b0dae413f83f88956742f"
"DA-02558","F","477","465","tasa germinal de sustitución de bases","tasa germinal de sustitución de bases","PRESENTE","PRESENTE","ACTUALIZADA","Fila final emparejada por identidad de dominio; cambios fijados por huellas inicial/final.","2f2b360d0b2dde582c74023cb006b5398a12a6b4a09a9d4e5f20b3fc4b071baa","ab1f03f15913a48c63835bb9c3b0876a74b735a9acbc34c3bc7e0c89898ca6ae"
"DA-02559","F","478","466","tasa de sustitución de bases","tasa de sustitución de bases","PRESENTE","PRESENTE","ACTUALIZADA","Fila final emparejada por identidad de dominio; cambios fijados por huellas inicial/final.","0422e7386916fe6104b004d8a610d133c3db9289707f6f101fdb8898b95b0c8c","25d1de9736363267907a2c37331389bd3671870b2f7569800ac5a734b3986553"
"DA-02560","F","479","467","tasa de mutación por genoma","tasa de mutación por genoma","PRESENTE","PRESENTE","ACTUALIZADA","Fila final emparejada por identidad de dominio; cambios fijados por huellas inicial/final.","537a0b7f7f069aef04f959afb952527d0ef26512bd8ec453a9ab1ed3bef5ccf1","f533dda22c1f2ee6796fc2c67b6cbce3ffcecaefc1dd7226b7f55801865925bd"
"DA-02561","F","480","468","tasa de sustitución de bases","tasa de sustitución de bases","PRESENTE","PRESENTE","ACTUALIZADA","Fila final emparejada por identidad de dominio; cambios fijados por huellas inicial/final.","8ad759e636866eff7040aab5d9b314af27137155acb2cee43b6620f9e74462d6","7674366a2dd62adca4f799a99bdae2f29ef979aa8a9182c8cdf176e794b9e96d"
"DA-02562","F","481","469","tasa de inserción-deleción","tasa de inserción-deleción","PRESENTE","PRESENTE","ACTUALIZADA","Fila final emparejada por identidad de dominio; cambios fijados por huellas inicial/final.","ff38ee416da7f7a43ef996eed1b7345f145b693ed18b56cec9c954afb8174752","0a04e9cd3546261fa287d37582318f034b9ff1a072702aa20789debf69d04f73"
"DA-02563","F","482","470","duración del inicio de OAE2","duración del inicio de OAE2","PRESENTE","PRESENTE","ACTUALIZADA","Fila final emparejada por identidad de dominio; cambios fijados por huellas inicial/final.","ffa59bfb2e5c58bd1f34be2f483ef787d04b760b2399d3e0b79b9a25cb8b19a3","910e0a931c34ef78f23789fbc99b8d925d92d578c72317f77cd7d1e706a39274"
"DA-02564","F","483","471","duración del pico de OAE2","duración del pico de OAE2","PRESENTE","PRESENTE","ACTUALIZADA","Fila final emparejada por identidad de dominio; cambios fijados por huellas inicial/final.","09618c44959ee5cdbd687c6d75f8bcb53b5adee49bb2eb46b0d1e376add90793","b3c2fd8936306a5214eecf5d6936dc2a59d19d79d2d013a1e93c4923abfdff97"
"DA-02565","F","484","472","duración de la meseta de OAE2","duración de la meseta de OAE2","PRESENTE","PRESENTE","ACTUALIZADA","Fila final emparejada por identidad de dominio; cambios fijados por huellas inicial/final.","35ffc19ac160b908d27ac33ccc92a4586836acaec8b0b06ac57a8faec52add8e","69cd9b6be32b6962337a91f833586d1e1b7f1da9d2115029a55ba57b829b8cbd"
"DA-02566","F","485","473","duración de la recuperación de OAE2","duración de la recuperación de OAE2","PRESENTE","PRESENTE","ACTUALIZADA","Fila final emparejada por identidad de dominio; cambios fijados por huellas inicial/final.","86174995bfe7c474877aca5e9a7a99a782ff099ad3c56b02a2f1b8767d300be6","00e4ebd0a3a16462fe2825f5ac224ed324b551de1a99a09cacea73891f961d76"
"DA-02567","F","486","474","duración de excursión positiva δ13C de OAE2","duración de excursión positiva δ13C de OAE2","PRESENTE","PRESENTE","ACTUALIZADA","Fila final emparejada por identidad de dominio; cambios fijados por huellas inicial/final.","eb82f6a630b8db0cafa8909d0b1a03c9050c230fd06b77adcf693871375c8726","f373465e8e91cf69b43ecd57881f1d5405f5c74e2f6568798c4af6089a1b12b3"
"DA-02568","F","487","475","duraciones de inicio, pico, meseta y recuperación de OAE1a","duraciones de inicio, pico, meseta y recuperación de OAE1a","PRESENTE","PRESENTE","ACTUALIZADA","Fila final emparejada por identidad de dominio; cambios fijados por huellas inicial/final.","9385c773a093caaea11ae214af7acdc4dc66edc937f3a3a56e108e696b726fb6","2dc18f87be07b0f13fe70d203ef4dd1e4a205b397e3f3507a8df9c00eb72f06b"
"DA-02569","F","488","476","edad de origen de cuerpos esferoidales de Rhopalodiaceae","edad de origen de cuerpos esferoidales de Rhopalodiaceae","PRESENTE","PRESENTE","ACTUALIZADA","Fila final emparejada por identidad de dominio; cambios fijados por huellas inicial/final.","d307323df53006d8dd93d74e60da9910b9f2a9aa2f676fdad61f87ce353fea3e","7456d682313417c5224d46c70a82258a9d4de3ad3b3ef7db70b1b451fc0cb66b"
"DA-02570","F","489","477","edad de divergencia UCYN-A1–UCYN-A2","edad de divergencia UCYN-A1–UCYN-A2","PRESENTE","PRESENTE","ACTUALIZADA","Fila final emparejada por identidad de dominio; cambios fijados por huellas inicial/final.","4adecc006728cd48ac9797f92ab63d6389c44cfe0915441fb4652cf05a63f6fb","eb7ada10ee8d900eea7a84b25c287357c69174d310739ba500a702e12d026cfd"
"DA-02571","F","490","478","límite de edad del ancestro común de endosimbiosis muestreadas","límite de edad del ancestro común de endosimbiosis muestreadas","PRESENTE","PRESENTE","ACTUALIZADA","Fila final emparejada por identidad de dominio; cambios fijados por huellas inicial/final.","c43dc0b9a047cc012ba61ca3804cd8df891ee2e6fea55e8c87134e083f5c1940","bba682eda409e880a3c8f0329b7b15c23fc3ba01754213881907f5782f53106c"
"DA-02572","F","491","479","genes totales del genoma mitocondrial","genes totales del genoma mitocondrial","PRESENTE","PRESENTE","ACTUALIZADA","Fila final emparejada por identidad de dominio; cambios fijados por huellas inicial/final.","858e6779499230423adfcc34ea337b5482010282000afaf9c788ce71126ae39e","112045b4ec6a67405fe97eeb032d97ba87ad1a34bf5120e0ae7c0293cfddedec"
"DA-02573","F","492","NO_APLICA","adquisiciones primarias con orgánulo y EGT funcional","NO_APLICA","PRESENTE","RETIRADA","RETIRADA","Instantánea externa y linaje de auditoría; retirada o consolidada sin reasignar silenciosamente la fila.","b49c25e8733ac951cbe4c4ffca4b9d8460d9e3ae88ea99080713f9952e374eb8","NO_APLICA"
"DA-02574","F","493","480","orígenes mitocondriales por árbol","orígenes mitocondriales por árbol","PRESENTE","PRESENTE","ACTUALIZADA","Fila final emparejada por identidad de dominio; cambios fijados por huellas inicial/final.","a43f07a6c649d811698b2f122ef4a09adffff40467534b249956b02df73271f5","279f658cbdc68597eeef5a025a02e93e31e92dacbf5be26b208177fad2d48076"
"DA-02575","F","494","481","orígenes independientes mínimos de hidrogenosomas y mitosomas","orígenes independientes mínimos de hidrogenosomas y mitosomas","PRESENTE","PRESENTE","ACTUALIZADA","Fila final emparejada por identidad de dominio; cambios fijados por huellas inicial/final.","5f17b6a791fab84c866f4313f0672ac6008ab76bd3a8de8f7e9fc17c2c62d9c3","09b6ded3f7c05e5c98a92dcb6c59e8513acef1d953cd662fcd5c09f6d76a0cef"
"DA-02576","F","495","482","orígenes de fagocitosis en árboles de copia única","orígenes de fagocitosis en árboles de copia única","PRESENTE","PRESENTE","ACTUALIZADA","Fila final emparejada por identidad de dominio; cambios fijados por huellas inicial/final.","49cdab7997b84a53233e261bd60fcca602a2c7abc2e1a40456a29e82fe052869","5f4d548aa535ff69064fe38410e400ed715a1af075af227ab36018450cee86b5"
"DA-02577","F","496","483","orígenes de fagocitosis en árboles de copias múltiples","orígenes de fagocitosis en árboles de copias múltiples","PRESENTE","PRESENTE","ACTUALIZADA","Fila final emparejada por identidad de dominio; cambios fijados por huellas inicial/final.","d24ebee6ca8f568c787557a835e3112d2beecf07d786fb4e61ec2e8509e4877f","884721058695f19f6c4067cc391fc2f447276b1ba9924a9084719472482c658a"
"DA-02578","F","497","484","linajes multicelulares independientes y tipos","linajes multicelulares independientes y tipos","PRESENTE","PRESENTE","ACTUALIZADA","Fila final emparejada por identidad de dominio; cambios fijados por huellas inicial/final.","b13aa5f13532a34d410369614aae2bd1c019d117205fdcf1fa2a5f4c4188b69f","8af3f7aa74fb8919fec83c6044b4e7633d45146ee986ce6f782515d8002d6cec"
"DA-02579","F","498","485","instancias por no separación tras división","instancias por no separación tras división","PRESENTE","PRESENTE","ACTUALIZADA","Fila final emparejada por identidad de dominio; cambios fijados por huellas inicial/final.","d2e16e09aada244398b100bbdee924e5daf7bc46693ed7b984f6de6bf229928f","3bab341d286a84bd8307c7c4ff496851f9d955436d3c95376f68608bf8bd8d65"
"DA-02580","F","499","486","instancias por compartimentación de un plasmodio","instancias por compartimentación de un plasmodio","PRESENTE","PRESENTE","ACTUALIZADA","Fila final emparejada por identidad de dominio; cambios fijados por huellas inicial/final.","bf48b33dd63c04d8fa298d065e64a953152129c945c2f1cfaf99c3e407e2b21a","12f957132caef92586df64d0839dee261d795cbb567add439443d2f946c60413"
"DA-02581","F","500","487","instancias agregativas","instancias agregativas","PRESENTE","PRESENTE","ACTUALIZADA","Fila final emparejada por identidad de dominio; cambios fijados por huellas inicial/final.","6f2b0396a24ff77d17fcc0ba6f0dc5bc21f913c854a0a4f6403b07f7087639fe","9d7c07c0fab66a9f252f8ce76513758b3abf10531a8c1e4eb9547378af52898b"
"DA-02582","F","501","488","instancias por gemación endógena","instancias por gemación endógena","PRESENTE","PRESENTE","ACTUALIZADA","Fila final emparejada por identidad de dominio; cambios fijados por huellas inicial/final.","5ab8e35cdfec755fbbee2f533efdc8bf5bfb5283451d497654b5d7ccccb94ab2","aafe41aa470fc8222cb6e15da7acd71612bc1e72e21196780081961c113ce1d1"
"DA-02583","F","502","489","orígenes eucariotas en síntesis previas de multicelularidad","orígenes eucariotas en síntesis previas de multicelularidad","PRESENTE","PRESENTE","ACTUALIZADA","Fila final emparejada por identidad de dominio; cambios fijados por huellas inicial/final.","7f9c4ba306eb8f7668a548d5c5112c2c44ab642ab055e1c648b01268d823c8e8","ddf963a099149f064dd3c0f20e010b633852b27d866cc3535d3d3a11f5ad0ad2"
"DA-02584","F","503","490","orígenes independientes de multicelularidad agregativa","orígenes independientes de multicelularidad agregativa","PRESENTE","PRESENTE","ACTUALIZADA","Fila final emparejada por identidad de dominio; cambios fijados por huellas inicial/final.","1084a195942ecedcf5842db5a29eab23fd3d5c160cf4440288c010af95564f41","ea4cd15ddd9e3a2024028d7aae44707eaecfe2a9f7adcf1ec1966563d47bf041"
"DA-02585","F","504","491","concentración de O₂ compatible con crecimiento aerobio","concentración de O₂ compatible con crecimiento aerobio","PRESENTE","PRESENTE","ACTUALIZADA","Fila final emparejada por identidad de dominio; cambios fijados por huellas inicial/final.","347a19ece347912ebf2148e7d2e0df6d999152997b5793cf02f51a7044740737","00387ecf69f3c73eabbe83241400c5f1718beb1414a7a31cdef8fbd0299ebe57"
"DA-02586","F","505","492","intervalo experimental de O₂ tolerado","intervalo experimental de O₂ tolerado","PRESENTE","PRESENTE","ACTUALIZADA","Fila final emparejada por identidad de dominio; cambios fijados por huellas inicial/final.","7fb7f2bc6fc26777a4b8dfbdb3389a2fba46ad89c446bded8bc937ee7379d081","4452a867cbf14a0a618d545f8a46d1b37a8cf22c31e2b16e488c603efb4eef86"
"DA-02587","F","506","493","pO₂ inferida en paleosuelos","pO₂ inferida en paleosuelos","PRESENTE","PRESENTE","ACTUALIZADA","Fila final emparejada por identidad de dominio; cambios fijados por huellas inicial/final.","58d2ca51cdba1eb8bf01345999d37581bbf3b21b2b11fef0deaebda3d42b6f02","7678a0bde1b56443837581c7dd42fd16d27d1d0abb389a193ea50d4ee0da218b"
"DA-02588","F","507","494","extensión mínima de anoxia proterozoica","extensión mínima de anoxia proterozoica","PRESENTE","PRESENTE","ACTUALIZADA","Fila final emparejada por identidad de dominio; cambios fijados por huellas inicial/final.","722ba9dea18a780c286356843219c84de157cf79a946c2027120fa33f7e21b2e","a8de97002d559accdd3525d6ff24112ea8781210f3b2e9ce3b94e31754afc2b8"
"DA-02589","F","508","495","extensión de euxinia proterozoica","extensión de euxinia proterozoica","PRESENTE","PRESENTE","ACTUALIZADA","Fila final emparejada por identidad de dominio; cambios fijados por huellas inicial/final.","f215bc33efd4ca4ad5a8124e4a53ce98ab951e539a65691b9d662a342fafc394","da69133d8b8a0f1a447c48b63ad049731d0dc1d025c3e4eafbd296039565fc3c"
"DA-02590","F","509","496","intervalo de depósitos glaciares paleoproterozoicos correlacionados","intervalo de depósitos glaciares paleoproterozoicos correlacionados","PRESENTE","PRESENTE","ACTUALIZADA","Fila final emparejada por identidad de dominio; cambios fijados por huellas inicial/final.","356d339568fb3ed139dce923ed2cdbb65e367de75e116462d26886b4797ef9f2","8ad22ec093131a883acb047935345bbf8be8ab8e5c10319d9e3d0ef762e9a9e0"
"DA-02591","F","510","497","episodio glacial final sudafricano","episodio glacial final sudafricano","PRESENTE","PRESENTE","ACTUALIZADA","Fila final emparejada por identidad de dominio; cambios fijados por huellas inicial/final.","bfcbe9480219945e90374242f4c08c3347acd002b6a3efa4805aaa3066dee576","4d596e1b073c381d6f7979146de39c8c149047c3c7f1c04bfe55380fb17deabb"
"DA-02592","F","511","498","excursión de carbono Shuram","excursión de carbono Shuram","PRESENTE","PRESENTE","ACTUALIZADA","Fila final emparejada por identidad de dominio; cambios fijados por huellas inicial/final.","f17f0977524000c4f11bfa4e1643a1d7467f829bb44da4382d1c4e67b567d299","a69e5595483bc2cc3c3d02f045f9e90039994fd7cff68582ed9f1e67d6bb72ef"
"DA-02593","F","512","499","aparición de formas de *Ichthyophonus* tras exposición oral","aparición de formas de *Ichthyophonus* tras exposición oral","PRESENTE","PRESENTE","ACTUALIZADA","Fila final emparejada por identidad de dominio; cambios fijados por huellas inicial/final.","c2facdc9e0d4b2b3eb4c5aec4713c88d1cd64adaafd6c136a23023d57d666c10","eed0b18534539eeb74eeb9b6741a08216acd1c0f1240e0e5c6df92d8e206305d"
"DA-02594","F","513","500","ventana continua de cultivo sanguíneo positivo para *Ichthyophonus*","ventana continua de cultivo sanguíneo positivo para *Ichthyophonus*","PRESENTE","PRESENTE","ACTUALIZADA","Fila final emparejada por identidad de dominio; cambios fijados por huellas inicial/final.","08d63646c07cebc0a93f98a767c7ad1ee37295fab3651a360ee0085a0df30ff0","a2018c29d0ec0f1d90e86366115b1728d57e6a40f8ca5d1b2b8cb463976d243f"
"DA-02595","F","514","501","aparición histológica de esquizontes de *Ichthyophonus*","aparición histológica de esquizontes de *Ichthyophonus*","PRESENTE","PRESENTE","ACTUALIZADA","Fila final emparejada por identidad de dominio; cambios fijados por huellas inicial/final.","4f023fca7779037167effd2f9d428be66f1e2452bc5f3a1d6e88836276082113","46d650b1a5ac9a4bd2d3aab9174b7f4c1f4e2c27b8f7e67afa1fdc22e990c7f2"
"DA-02596","F","515","502","temperatura de cultivo de *Corallochytrium limacisporum*","temperatura de cultivo de *Corallochytrium limacisporum*","PRESENTE","PRESENTE","ACTUALIZADA","Fila final emparejada por identidad de dominio; cambios fijados por huellas inicial/final.","5d8825f25e6d6d278685e50e2463489b2e4022f0a5cbf431b691b5d8f486d3c6","75e7ab8cc89f95f9d3162241599b3afdfe3bf2628cf8d8002802bfa054f677ee"
"DA-02597","F","516","503","frecuencia de fisión binaria de *Corallochytrium*","frecuencia de fisión binaria de *Corallochytrium*","PRESENTE","PRESENTE","ACTUALIZADA","Fila final emparejada por identidad de dominio; cambios fijados por huellas inicial/final.","0359b31096aff021597f4cdd435cb3b1ae7cf9b4327ba8c4cac78b61dfc033de","a6465a9f9e32ec12413bd43a49701ce38f0497b28c251e50c34a36628ede5545"
"DA-02598","F","517","504","frecuencia de crecimiento cenocítico de *Corallochytrium*","frecuencia de crecimiento cenocítico de *Corallochytrium*","PRESENTE","PRESENTE","ACTUALIZADA","Fila final emparejada por identidad de dominio; cambios fijados por huellas inicial/final.","477fc47b6ed6d7ee718ab5714f0c66cafc618a2ec59853a70168fd7b640924fc","24d5a37a17fe9ae81d93d94216e2a8737b7e17f7c4f7a5f373085becc5499244"
"DA-02599","F","518","505","duración del ciclo de citocinesis binaria de *Corallochytrium*","duración del ciclo de citocinesis binaria de *Corallochytrium*","PRESENTE","PRESENTE","ACTUALIZADA","Fila final emparejada por identidad de dominio; cambios fijados por huellas inicial/final.","b6a847993f7dcf82d5c4df76dbea4b34c7f68aab5fac10b2c18f3debd012d6ad","0e305910ed34edf2949da229e2140a3155a0c9d1e6835f2ddcb4cd3cbe8bdaaf"
"DA-02600","F","519","506","núcleos máximos observados en cenocito de *Corallochytrium*","núcleos máximos observados en cenocito de *Corallochytrium*","PRESENTE","PRESENTE","ACTUALIZADA","Fila final emparejada por identidad de dominio; cambios fijados por huellas inicial/final.","14a20f454158e4dea39b1a45dc36ca23043a028d929911091f78c43f9e8acdef","02cec9f21870b038479b5d36e61fd8adeca1289f58a3b4fd49c6e9b8837a9f24"
"DA-02601","F","520","507","tamaño de zoosporas de quítrido","tamaño de zoosporas de quítrido","PRESENTE","PRESENTE","ACTUALIZADA","Fila final emparejada por identidad de dominio; cambios fijados por huellas inicial/final.","b3699092d1490f7c90e332a9b4d62bf8b1ff8ae487e5206b2dd8e758054c66b5","0fac48fad214f86188ff74963825e3b6bbae01e04268ca62cb34e61b1a8f5da9"
"DA-02602","F","521","508","carbono de diatomea transformado en zoosporas","carbono de diatomea transformado en zoosporas","PRESENTE","PRESENTE","ACTUALIZADA","Fila final emparejada por identidad de dominio; cambios fijados por huellas inicial/final.","ae1b19b9d9ea641f2ce3471b8a7d8a701a5f7724094159b4f09ac0c9eb905c55","0f0e85ba275fad65bda0d43dd0ab24d2e8eca27240a5a873ce65ea316360daf0"
"DA-02603","F","522","509","células engullidas con caspasa-3 activa","células engullidas con caspasa-3 activa","PRESENTE","PRESENTE","ACTUALIZADA","Fila final emparejada por identidad de dominio; cambios fijados por huellas inicial/final.","2ff44504d10c5bf3e1925035b1eeef2a8b45dcbb56a233ef9ae1f4aa67a7a141","d0665b169abb3a8d039c4bba84d0c57beefb390f218c2dd08910816a65e239a9"
"DA-02604","F","523","510","amebas que ingirieron células apoptóticas","amebas que ingirieron células apoptóticas","PRESENTE","PRESENTE","ACTUALIZADA","Fila final emparejada por identidad de dominio; cambios fijados por huellas inicial/final.","123238def690057e87aed5e137ab050673242bbb41e5dd1baead2384bbc069e2","e5cf63ca4861f51cd51e8322c641221edb53c82f5f83688b5a3e5802998dd235"
"DA-02605","F","524","511","amebas que ingirieron células sanas","amebas que ingirieron células sanas","PRESENTE","PRESENTE","ACTUALIZADA","Fila final emparejada por identidad de dominio; cambios fijados por huellas inicial/final.","79d954433939ce02896a9730330c748c458fdb131642fb86b586b2bafb133129","a12fb5259f8b371be8aa2f47c2f32fc787729cb395853a0a771681fb74e1cd91"
"DA-02606","F","525","512","diámetro de células flageladas","diámetro de células flageladas","PRESENTE","PRESENTE","ACTUALIZADA","Fila final emparejada por identidad de dominio; cambios fijados por huellas inicial/final.","b3b2b06e6272cb437c0e184539ac95bba70bc3a6d8b7518e13a3b53dac39c341","44fbfc7badaf0209287b71e354da5d835fa51e55072cdda6b337aed79132917d"
"DA-02607","F","526","513","ingestión de Choanoflagellida ambiental","ingestión de Choanoflagellida ambiental","PRESENTE","PRESENTE","ACTUALIZADA","Fila final emparejada por identidad de dominio; cambios fijados por huellas inicial/final.","d94b897b1d8d4293265cff8b0cccc11daa95c96caa400ca8b1ff1c53d1bf2e45","991b902514b2a95c030055c5e8b72c7d8b9cfdd1e4163ab088fae49cbe0a8bb2"
"DA-02608","F","527","514","diámetro de microesferas trazadoras","diámetro de microesferas trazadoras","PRESENTE","PRESENTE","ACTUALIZADA","Fila final emparejada por identidad de dominio; cambios fijados por huellas inicial/final.","619647a22e1f0cdcb3f3121fda37808b478d4b1362538d233de153e763fcb45f","62804fc5fdae527af80036d2521f162d7ca6574bd5be6f62a0895274e72fef23"
"DA-02609","F","528","515","incubación del ensayo de ingestión","incubación del ensayo de ingestión","PRESENTE","PRESENTE","ACTUALIZADA","Fila final emparejada por identidad de dominio; cambios fijados por huellas inicial/final.","b9678e1ea0d00ec4daa31b671ce7283af59c53e02b1e8322cd22672ce2bd7f01","09b7cf5c5b4d37dfd3a5e80ebc56583a64955b79d3d52658c8284bd9c5d28f21"
"DA-02610","F","529","516","genoma de Mimivirus","genoma de Mimivirus","PRESENTE","PRESENTE","ACTUALIZADA","Fila final emparejada por identidad de dominio; cambios fijados por huellas inicial/final.","02aa2771bc461df6750c3b8d25a95bde8bd789f0b6ea653d3327630b231534d2","af2788edae072347ca0a5a18c38bfc3f292437befaa9d4c33d7feef358d05037"
"DA-02611","F","530","517","ORF putativos de Mimivirus","ORF putativos de Mimivirus","PRESENTE","PRESENTE","ACTUALIZADA","Fila final emparejada por identidad de dominio; cambios fijados por huellas inicial/final.","c446e65e16b0b3a43b638ea0ac5c26d4097bc7a3e6adeef468ce9a1a76ca3cc8","ac8963f7c63819133e2320adbdcba825263b7de851a48004e125426d6bad8183"
"DA-02612","F","531","518","tamaño de partícula de Mimivirus","tamaño de partícula de Mimivirus","PRESENTE","PRESENTE","ACTUALIZADA","Fila final emparejada por identidad de dominio; cambios fijados por huellas inicial/final.","faaa2e7411b1835ed2812e90a2894e17a9d078f1850b36c9b132867cbaf78d6b","1395ad14bf251ef1f04fbdfd8209eb36f5b6ed3c53a7afa305b973366eba7c87"
"DA-02613","F","532","519","tamaño máximo de genoma de pandoravirus","tamaño máximo de genoma de pandoravirus","PRESENTE","PRESENTE","ACTUALIZADA","Fila final emparejada por identidad de dominio; cambios fijados por huellas inicial/final.","a0ea3d6deda885961eb54382309764068d99813cd5836ea92e4cd19084fd09bb","67ef2c2640e321e4163884305e43a01551ee9b412edc5865a2d4b1cd5507e398"
"DA-02614","F","533","520","genoma de Medusavirus","genoma de Medusavirus","PRESENTE","PRESENTE","ACTUALIZADA","Fila final emparejada por identidad de dominio; cambios fijados por huellas inicial/final.","8958500fb98ca77b928415d8dcc7a0cef4ba5ef58743455bab4481917f273293","2f50cb310fb13879194f07dabfa45d69e3f55daa8dac20401979cb74e2a5044d"
"DA-02615","F","534","521","proteínas putativas de Medusavirus","proteínas putativas de Medusavirus","PRESENTE","PRESENTE","ACTUALIZADA","Fila final emparejada por identidad de dominio; cambios fijados por huellas inicial/final.","284a5eb1711f2fbb40c24ebc78a839ec68eff9ece0cf61b096589e453a3a57fb","5ba70ff7993ec4e8f8fd4d275294b8ec104c6d8578e95a152dbb707b02d2805c"
"DA-02616","F","535","522","tamaño de cápside de Medusavirus","tamaño de cápside de Medusavirus","PRESENTE","PRESENTE","ACTUALIZADA","Fila final emparejada por identidad de dominio; cambios fijados por huellas inicial/final.","23d20c8ccdcb171b9331afc1a0cb68c977c57322a07c39d79207393b2cba51d5","2c0367abcfdc99c86b4fb7e5d6ef5c03e62036e754da5201c8c43db71d40b97e"
"DA-02617","F","536","523","tamaño de partícula de *Pithovirus sibericum*","tamaño de partícula de *Pithovirus sibericum*","PRESENTE","PRESENTE","ACTUALIZADA","Fila final emparejada por identidad de dominio; cambios fijados por huellas inicial/final.","055a464860a8da1c032d3858cca9536d783ae29c1c979382acc78834f6fa2cf4","e2d93fc38b76f4661526e7808388e28f0b543d38228d314a7c913909e08160c3"
"DA-02618","F","537","524","genoma de *Pithovirus sibericum*","genoma de *Pithovirus sibericum*","PRESENTE","PRESENTE","ACTUALIZADA","Fila final emparejada por identidad de dominio; cambios fijados por huellas inicial/final.","1cbcf42bb40248e9f152374fd70bcb260b82334ffe49d48fef3b93e0484fcf40","556bcf10c9b8e9b6dfa2a1a4f445049f215996df116238e6da381e396ad8a6d5"
"DA-02619","F","538","525","latencia hasta el inicio de agregación","latencia hasta el inicio de agregación","PRESENTE","PRESENTE","ACTUALIZADA","Fila final emparejada por identidad de dominio; cambios fijados por huellas inicial/final.","40e37c95a64fb6abb86c09e0f1f5308b9c843170f02afa252dbf65bb1582a6d9","ef68112c2cba73c8f891051df65e5bdaca25db2170ce23d96b2981a63f1ea5ee"
"DA-02620","F","539","526","latencia de retracción de filopodios","latencia de retracción de filopodios","PRESENTE","PRESENTE","ACTUALIZADA","Fila final emparejada por identidad de dominio; cambios fijados por huellas inicial/final.","1f4c53bbfe22090a9b00a58f86dc62f0a83ad6601646791277828580f3493b67","9d1efd33dfe98d4c3fb2ed9ec67481c1928ccb421b997d0d6f3e97d9c0e0fbb0"
"DA-02621","F","540","527","búsquedas negativas activas","búsquedas negativas activas","PRESENTE","PRESENTE","ACTUALIZADA","Fila final emparejada por identidad de dominio; cambios fijados por huellas inicial/final.","50f9699fffb22340682c0bf87b8c8b46c354fa6db81a70885c253221e82fc600","6a175ec7ab478a4ad9bd22faefb5e15fa9f9aff324fe2fb359012b1ada01a0c4"
"DA-02622","F","541","528","búsquedas con ausencia declarada","búsquedas con ausencia declarada","PRESENTE","PRESENTE","ACTUALIZADA","Fila final emparejada por identidad de dominio; cambios fijados por huellas inicial/final.","4f6cd3a6a7b410ad5910072a4c7dc92d1a9b403dafc63213df5be073f07f4672","7c8e6278890433005f9145a0a56b5a4a0ccb186242be4e9b27fac90426078df5"
"DA-02623","F","542","529","búsquedas sin resultado localizado","búsquedas sin resultado localizado","PRESENTE","PRESENTE","ACTUALIZADA","Fila final emparejada por identidad de dominio; cambios fijados por huellas inicial/final.","7aed01dfa641335348cf0f330b267acd6406aa0cf812a1bde4fc25b386beebe6","3afbf2924590fd71eac939ef806559d69bb4f85e88af2eb800e89a543212a250"
"DA-02624","F","543","530","búsquedas activas no buscadas","búsquedas activas no buscadas","PRESENTE","PRESENTE","ACTUALIZADA","Fila final emparejada por identidad de dominio; cambios fijados por huellas inicial/final.","2457616e7330e80471bbd659cc9069da5fae37ba2722bbce1d826d54574c4055","34004dd9e76739f3576364ab70fe819be90b6d36993c7015023ac9eb0fb293a2"
"DA-02625","F","544","531","temperatura reconstruida del agua marina local","temperatura reconstruida del agua marina local","PRESENTE","PRESENTE","ACTUALIZADA","Fila final emparejada por identidad de dominio; cambios fijados por huellas inicial/final.","b40235751bb57f8e72bb4a60114547afa9e967fa7e8e7e568b1203783684ef55","48483d7c5ba3d148e0bc5fe7491d9631316b7ffa6a8eff1503d86551aa032273"
"DA-02626","F","545","532","extensión de fondo marino bajo agua oxigenada","extensión de fondo marino bajo agua oxigenada","PRESENTE","PRESENTE","ACTUALIZADA","Fila final emparejada por identidad de dominio; cambios fijados por huellas inicial/final.","158da0c9d553facd13731138bfea0817a2cc0cd03bed13f4de148bb12b27b899","05f777d5a02e568bc39e50002fe295ebcfd2cf455b6dfc62e6a2b2632a0f0bd7"
"DA-02627","F","546","533","menor concentración activa de EroS ensayada","menor concentración activa de EroS ensayada","PRESENTE","PRESENTE","ACTUALIZADA","Fila final emparejada por identidad de dominio; cambios fijados por huellas inicial/final.","b0448f77e8ce156766e07fe1d5e8ba7341742f11b75fc02cd64656b54b1e0ec1","76bac21c4539af5571f98f9cc40ac70d9c52d6c9a50d32465acf1fb0d11dbbbf"
"DA-02628","F","547","534","ingestión de bacterias por *Salpingoeca* asociada a diatomeas","ingestión de bacterias por *Salpingoeca* asociada a diatomeas","PRESENTE","PRESENTE","ACTUALIZADA","Fila final emparejada por identidad de dominio; cambios fijados por huellas inicial/final.","1cceda35f758689667aaedf5b3e1c6028aa249f2b04869abc7d2b9b382964e56","653d9cdf6e3d4bb19af871ca79e867e497593f2131dcfa2b8c5f7989be55ec07"
"DA-02629","F","548","NO_APLICA","cinética de agregación, desagregación y reagregación","NO_APLICA","PRESENTE","RETIRADA","RETIRADA","Instantánea externa y linaje de auditoría; retirada o consolidada sin reasignar silenciosamente la fila.","a987835ec08e8609d2b0d2180361449d5ee6a4a58e67bde3556ab675627d7fc0","NO_APLICA"
"DA-02630","F","549","538","cepas bacterianas con inducción positiva frente a panel nulo","cepas bacterianas con inducción positiva frente a panel nulo","PRESENTE","PRESENTE","ACTUALIZADA","Fila final emparejada por identidad de dominio; cambios fijados por huellas inicial/final.","7fc8967a29683403e9b39d22fbf75999e2ab848af7eba92ffba08f5e2af3ee83","4b2388b6df76ae2bf44d4b0ebc152b9c8ec885754265ba2bd683c8bcd29f9d11"
"DA-02631","F","550","539","genes posibles de transferencia endosimbiótica","genes posibles de transferencia endosimbiótica","PRESENTE","PRESENTE","ACTUALIZADA","Fila final emparejada por identidad de dominio; cambios fijados por huellas inicial/final.","49f9a466e5b80920f20aae4368bb45147ca27a66027474592c1c66132f249ed4","75809e8c82f2d6aafaf9ab9e5e8f57d09403dcf54633d0c787a66f34c9272dec"
"DA-02632","F","551","540","genomas incluidos en filogenómica de reducción endosimbionte","genomas incluidos en filogenómica de reducción endosimbionte","PRESENTE","PRESENTE","ACTUALIZADA","Fila final emparejada por identidad de dominio; cambios fijados por huellas inicial/final.","a88d87a676d6942174886d2df49032535f82497c8ad2848cb9aac2384d12fac3","c88d4ba5644943de4cf4414dec79194d17f0a3400d853d74cdae2b794f7d15bd"
"DA-02633","F","552","541","simbiosis y familias de insectos del análisis de correlatos","simbiosis y familias de insectos del análisis de correlatos","PRESENTE","PRESENTE","ACTUALIZADA","Fila final emparejada por identidad de dominio; cambios fijados por huellas inicial/final.","c7075497ccb489a8b0e258ff1343ba5daac8397c51e95eaabb598d2eb6b7ee30","4a97ef332f25ff853704f8489af78519196747999635e95b4b85296dde83cd41"
"DA-02634","F","553","542","reciclaje modelado de N derivado del hospedador","reciclaje modelado de N derivado del hospedador","PRESENTE","PRESENTE","ACTUALIZADA","Fila final emparejada por identidad de dominio; cambios fijados por huellas inicial/final.","7fe9e2e417e3f7ffc036bd9204c389b1f99c02eed848d754ea61b0d2fa3ea8af","546c3b41aa56fae4ad23d5b61905c8bfa345124d802d525d8f90ce1233681a88"
"DA-02635","F","554","543","fracción genómica de elementos transponibles","fracción genómica de elementos transponibles","PRESENTE","PRESENTE","ACTUALIZADA","Fila final emparejada por identidad de dominio; cambios fijados por huellas inicial/final.","ef746bce5f4ef072e264095612a08262adf1413bf554d3ae697864b349bd1d25","3c6573b88ce8379e02d6be47e18844888e433562ff269be4a388a864a501895d"
"DA-02636","F","555","NO_APLICA","temperatura y mantenimiento de cultivo sin tasa de división","NO_APLICA","PRESENTE","RETIRADA","RETIRADA","Instantánea externa y linaje de auditoría; retirada o consolidada sin reasignar silenciosamente la fila.","9575d30f43a733e2178ab0d0a99b3cffa6be1576f5becd5f9a605f58903ceff1","NO_APLICA"
"DA-02637","F","556","545","transiciones independientes hacia especialización osmotrófica","transiciones independientes hacia especialización osmotrófica","PRESENTE","PRESENTE","ACTUALIZADA","Fila final emparejada por identidad de dominio; cambios fijados por huellas inicial/final.","23070128f3995e909b1ea456446e7199bca6492ca89f0c9126e298e8f9af9c5c","de739e98590d6daabe02389f37c8df2f616143e775c7043509f9c271baff3156"
"DA-02638","F","557","546","orígenes restringidos de parasitismo y simbiosis obligada","orígenes restringidos de parasitismo y simbiosis obligada","PRESENTE","PRESENTE","ACTUALIZADA","Fila final emparejada por identidad de dominio; cambios fijados por huellas inicial/final.","3aadcf0b2bd3ea49017573a61342ceb17e87d791efd1a869d695b19f5ab0e948","75e088498cb903d9de032718cb5f3f9bf1ab6aae0eea861a5f6ff19ac460dee9"
"DA-02639","F","NO_APLICA","38","NO_APLICA","clases hijas en el registro SeqCode de Asgardarchaeota","AUSENTE","PRESENTE","ALTA","Fila nueva del apéndice final; huella final fijada.","NO_APLICA","b98c9a8eb2f6dfde8898c8b87761ce9f95427aef61d963bd9ecc0f60a4147ff3"
"DA-02640","F","NO_APLICA","49","NO_APLICA","tamaño celular de Promethearchaeum syntrophicum","AUSENTE","PRESENTE","ALTA","Fila nueva del apéndice final; huella final fijada.","NO_APLICA","b2ead0434d3bd437f3b248438d16dc109fb33f494dbb5a5f22a0b88d7297e7b4"
"DA-02641","F","NO_APLICA","50","NO_APLICA","rango de crecimiento de Promethearchaeum syntrophicum","AUSENTE","PRESENTE","ALTA","Fila nueva del apéndice final; huella final fijada.","NO_APLICA","cad837d9a100d2aa122c07978ca019ef42f281ea0c4d9c27359600b873f124b8"
"DA-02642","F","NO_APLICA","51","NO_APLICA","óptimo de crecimiento de Promethearchaeum syntrophicum","AUSENTE","PRESENTE","ALTA","Fila nueva del apéndice final; huella final fijada.","NO_APLICA","96412a98b586a4a64fdce732c0d3cd3ef76ed078e8c5e8bbb818ce44c859ed8a"
"DA-02643","F","NO_APLICA","52","NO_APLICA","duración de crecimiento completo","AUSENTE","PRESENTE","ALTA","Fila nueva del apéndice final; huella final fijada.","NO_APLICA","8f591087d8c09ad9dc26eebb611b99d441dd1e4dd2c1841addb244326873e8ad"
"DA-02644","F","NO_APLICA","53","NO_APLICA","abundancia máxima del cultivo","AUSENTE","PRESENTE","ALTA","Fila nueva del apéndice final; huella final fijada.","NO_APLICA","93d8db6e20adfa303f204fbb0331692a726c7e701ea85da115900755bff2ddf6"
"DA-02645","F","NO_APLICA","54","NO_APLICA","tamaño del cromosoma","AUSENTE","PRESENTE","ALTA","Fila nueva del apéndice final; huella final fijada.","NO_APLICA","34388c867bb246514536a0cbfaf7c915cc99d04a7e663009244746ee48597f9a"
"DA-02646","F","NO_APLICA","55","NO_APLICA","contenido GC","AUSENTE","PRESENTE","ALTA","Fila nueva del apéndice final; huella final fijada.","NO_APLICA","e79d391de66479d2b4d63115dea4f6ce5ac38cc322ca2e8976648c61b3b650b3"
"DA-02647","F","NO_APLICA","128","NO_APLICA","combinaciones de dominios de miosina","AUSENTE","PRESENTE","ALTA","Fila nueva del apéndice final; huella final fijada.","NO_APLICA","bc10be1af58f9fbdf4c9e67bf054590b0b758bc02a253d6e44eda07f27ca90ff"
"DA-02648","F","NO_APLICA","152","NO_APLICA","UFB Teretosporea BUSCO GTR+CAT","AUSENTE","PRESENTE","ALTA","Fila nueva del apéndice final; huella final fijada.","NO_APLICA","62123cb37a60684d32f8ac24b5296fdf11172b45264e269c96caddeaa18dc286"
"DA-02649","F","NO_APLICA","174","NO_APLICA","hendiduras de enolasa examinadas como cambios raros","AUSENTE","PRESENTE","ALTA","Fila nueva del apéndice final; huella final fijada.","NO_APLICA","ca0f9a4339fe6153efa18092fc00d7dc09669c1d531da4dc41db5eb3ce5d3b46"
"DA-02650","F","NO_APLICA","211","NO_APLICA","envolvente de pO₂ mesoproterozoica recuperada","AUSENTE","PRESENTE","ALTA","Fila nueva del apéndice final; huella final fijada.","NO_APLICA","a4e1dc3b8551d35e456950c7a463f30fd9b2d8cebcfc8ca57e44a43cf02c1a3a"
"DA-02651","F","NO_APLICA","238","NO_APLICA","tamaño del aislado metanógeno histórico","AUSENTE","PRESENTE","ALTA","Fila nueva del apéndice final; huella final fijada.","NO_APLICA","e02fd65a27c7eb0c34fdf359f56132b95a3d50bbd4f4e48894e3915bc6286662"
"DA-02652","F","NO_APLICA","264","NO_APLICA","elementos de inserción en algunos genomas de *Wolbachia*","AUSENTE","PRESENTE","ALTA","Fila nueva del apéndice final; huella final fijada.","NO_APLICA","3cfe420bc6fbbc325a267cd4f2698bcd61009313d15a53c7a6f5527bf5e005c2"
"DA-02653","F","NO_APLICA","323","NO_APLICA","área de membrana mitocondrial","AUSENTE","PRESENTE","ALTA","Fila nueva del apéndice final; huella final fijada.","NO_APLICA","bed621185cf12a8df6624cc9c9aac50849d1c0d8215acc8c73fdb4d6742645d6"
"DA-02654","F","NO_APLICA","329","NO_APLICA","coste relativo construcción de flagelos","AUSENTE","PRESENTE","ALTA","Fila nueva del apéndice final; huella final fijada.","NO_APLICA","fd9705675461e821c59148007eb8a7daa681f05d1d654c80ad7c0fe79f56e148"
"DA-02655","F","NO_APLICA","330","NO_APLICA","fuerza adhesiva generada por un parche","AUSENTE","PRESENTE","ALTA","Fila nueva del apéndice final; huella final fijada.","NO_APLICA","a3497b25eecc08e291261c084dadc1a75e09467994cf1362c326bf1a9441c191"
"DA-02656","F","NO_APLICA","331","NO_APLICA","fortalecimiento de adhesión","AUSENTE","PRESENTE","ALTA","Fila nueva del apéndice final; huella final fijada.","NO_APLICA","0df6f3dac30a22cf9da819eae60b10bf0d384e2d54c0843d44258f8550a6e3ad"
"DA-02657","F","NO_APLICA","337","NO_APLICA","umbral aproximado de selección","AUSENTE","PRESENTE","ALTA","Fila nueva del apéndice final; huella final fijada.","NO_APLICA","fd00c4ef3b91e2e520d47e9324426ff9f851b77abb0616b43a060127b60280a4"
"DA-02658","F","NO_APLICA","344","NO_APLICA","Ne crítico retrotransposones","AUSENTE","PRESENTE","ALTA","Fila nueva del apéndice final; huella final fijada.","NO_APLICA","7facb1f07df713ae38406590f0b41837505bb495620845a551628e4efbfc4953"
"DA-02659","F","NO_APLICA","345","NO_APLICA","Ne crítico transposones ADN","AUSENTE","PRESENTE","ALTA","Fila nueva del apéndice final; huella final fijada.","NO_APLICA","fba6dcdd267cdc58ab5255504d1a4e3b4a9e2bc578eed2b87a5e49c6ddad4702"
"DA-02660","F","NO_APLICA","349","NO_APLICA","coste duplicación gen mediano","AUSENTE","PRESENTE","ALTA","Fila nueva del apéndice final; huella final fijada.","NO_APLICA","418e53bcc874bd9c2708e7b1d6767df520010356801dd830f38b6515c05468dc"
"DA-02661","F","NO_APLICA","350","NO_APLICA","cambio detectable de ARNm","AUSENTE","PRESENTE","ALTA","Fila nueva del apéndice final; huella final fijada.","NO_APLICA","66407a11ac3306fe72249faf2c24add6ee91af097cee03ea4912ebca18eae202"
"DA-02662","F","NO_APLICA","351","NO_APLICA","cambio detectable de proteína","AUSENTE","PRESENTE","ALTA","Fila nueva del apéndice final; huella final fijada.","NO_APLICA","d9587a13246e23e3129e57165e17503f891a30a2c12b2a17fa60e53720862342"
"DA-02663","F","NO_APLICA","374","NO_APLICA","edición vigente del Madrid Code","AUSENTE","PRESENTE","ALTA","Fila nueva del apéndice final; huella final fijada.","NO_APLICA","9579fc44240b5e1004769ecededa37e2acff43b4a28e73ca9c7370578d5a9442"
"DA-02664","F","NO_APLICA","375","NO_APLICA","versión publicada de PhyloCode","AUSENTE","PRESENTE","ALTA","Fila nueva del apéndice final; huella final fijada.","NO_APLICA","4beaad690520c08d3c3fbcea81c0b49689e48066fc18b5b7f746568b18c6cfb4"
"DA-02665","F","NO_APLICA","376","NO_APLICA","registro de Eukarya en Phylonyms","AUSENTE","PRESENTE","ALTA","Fila nueva del apéndice final; huella final fijada.","NO_APLICA","22115b8a6f517b90a00c5e7b96e514d7ee1a3b058ec1eca7f7dcf143998200fc"
"DA-02666","F","NO_APLICA","377","NO_APLICA","registro de Amorphea en Phylonyms","AUSENTE","PRESENTE","ALTA","Fila nueva del apéndice final; huella final fijada.","NO_APLICA","efe09167980ed50fc351a1059b8bd74db69a95865786a0f9ab2d01d8fad7805a"
"DA-02667","F","NO_APLICA","378","NO_APLICA","registro de Opisthokonta en Phylonyms","AUSENTE","PRESENTE","ALTA","Fila nueva del apéndice final; huella final fijada.","NO_APLICA","426ad318640e238226b5dcab453d9863c8a19cc99c05ffbd4ff95093873dfb21"
"DA-02668","F","NO_APLICA","386","NO_APLICA","reinos en Whittaker 1969","AUSENTE","PRESENTE","ALTA","Fila nueva del apéndice final; huella final fijada.","NO_APLICA","ee462d91992cea42458cceea47be042e9eecf419a7041dd6fd312e63f777935a"
"DA-02669","F","NO_APLICA","387","NO_APLICA","reinos en Cavalier-Smith 1998","AUSENTE","PRESENTE","ALTA","Fila nueva del apéndice final; huella final fijada.","NO_APLICA","1850107800af1c332ad4f169e9732b7d7008bd816b1efb9aa5f7534d6aeff75a"
"DA-02670","F","NO_APLICA","388","NO_APLICA","reinos en Ruggiero et al. 2015","AUSENTE","PRESENTE","ALTA","Fila nueva del apéndice final; huella final fijada.","NO_APLICA","ce90d5496499262e5bec5aaf12e4b90f5a3b09b3b88f33db010bb6636477b9ad"
"DA-02671","F","NO_APLICA","405","NO_APLICA","tamaño genómico","AUSENTE","PRESENTE","ALTA","Fila nueva del apéndice final; huella final fijada.","NO_APLICA","2f1b66ce3a1c464b9e88f3ab76230ccde1c0ef32bd37a4d7a2df5a7cad9db741"
"DA-02672","F","NO_APLICA","406","NO_APLICA","genes predichos","AUSENTE","PRESENTE","ALTA","Fila nueva del apéndice final; huella final fijada.","NO_APLICA","8478fc386744bc2de5e0ec4d8d443869810592f6e8588125ae14bb4ea065d3d6"
"DA-02673","F","NO_APLICA","440","NO_APLICA","tamaño genómico de ensamblaje","AUSENTE","PRESENTE","ALTA","Fila nueva del apéndice final; huella final fijada.","NO_APLICA","02437ad155cef04c99da003ef1d39a8c91ff768413f4405425c45b3931c00391"
"DA-02674","F","NO_APLICA","535","NO_APLICA","inicio de agregación de *Capsaspora*","AUSENTE","PRESENTE","ALTA","Fila nueva del apéndice final; huella final fijada.","NO_APLICA","0adc35e660e1db56eed30b8a7696c87a156a3ea208c92ab585bfb6fe6ffa2ba3"
"DA-02675","F","NO_APLICA","536","NO_APLICA","desagregación completa de *Capsaspora*","AUSENTE","PRESENTE","ALTA","Fila nueva del apéndice final; huella final fijada.","NO_APLICA","1a447cf9745b607c91ee1d9a06ac5d60f6a3714875c1451030487909e26e5a12"
"DA-02676","F","NO_APLICA","537","NO_APLICA","reagregación de *Capsaspora* tras reañadir suero","AUSENTE","PRESENTE","ALTA","Fila nueva del apéndice final; huella final fijada.","NO_APLICA","491ac8d6708d07dfdfe5399ffd4247c88e929cbd03f9010482e017e620b781a3"
"DA-02677","F","NO_APLICA","544","NO_APLICA","temperatura y mantenimiento de cultivo sin tasa de división","AUSENTE","PRESENTE","ALTA","Fila nueva del apéndice final; huella final fijada.","NO_APLICA","41ec3f753fcd053970a94b891c64fdadf489f550f4254b6bbe764689ebc71aa9"
"DA-02678","F","NO_APLICA","547","NO_APLICA","unidades taxonómicas operativas analizadas","AUSENTE","PRESENTE","ALTA","Fila nueva del apéndice final; huella final fijada.","NO_APLICA","c49cfdf909d5925443cd17981dcc285ea5c045c54972da686d463505e3a8d631"
"DA-02679","F","NO_APLICA","548","NO_APLICA","calibraciones temporales","AUSENTE","PRESENTE","ALTA","Fila nueva del apéndice final; huella final fijada.","NO_APLICA","7a7e131734fbc3337aad2a59d3bba1038c55cf88be9ecf133535c5069ef31e6f"
"DA-02680","F","NO_APLICA","549","NO_APLICA","árboles filogenéticos evaluados","AUSENTE","PRESENTE","ALTA","Fila nueva del apéndice final; huella final fijada.","NO_APLICA","b86b4912effdf5a30a2a97dd17f4b949be732238c425343807c161a63008465c"
"DA-02681","F","NO_APLICA","550","NO_APLICA","réplicas de TreePL","AUSENTE","PRESENTE","ALTA","Fila nueva del apéndice final; huella final fijada.","NO_APLICA","e978b7ed43c05fdb9ddab69b900563cb22dee4b49136bd9f815311e1e11bc262"
"DA-02682","F","NO_APLICA","551","NO_APLICA","condiciones del cultivo para ciclos nucleares","AUSENTE","PRESENTE","ALTA","Fila nueva del apéndice final; huella final fijada.","NO_APLICA","a7d46ac0c55dedcb741d27658d11aa2f44c3ef6dce2cd3522e84fe77915cf1e1"
"DA-02683","F","NO_APLICA","552","NO_APLICA","diseño de acumulación de mutaciones nuclear","AUSENTE","PRESENTE","ALTA","Fila nueva del apéndice final; huella final fijada.","NO_APLICA","5c6a71d35120af62e62efedc85532a887ff719a30c2c4ad74813f78d49b2abf3"
"DA-02684","F","NO_APLICA","553","NO_APLICA","diseño de acumulación de mutaciones germinal","AUSENTE","PRESENTE","ALTA","Fila nueva del apéndice final; huella final fijada.","NO_APLICA","19adc229e9a68ddfdf92b50195b3c15eeea0258d7bea477750e29dd6a2e27009"
"DA-02685","F","NO_APLICA","554","NO_APLICA","diseño de acumulación de mutaciones germinal","AUSENTE","PRESENTE","ALTA","Fila nueva del apéndice final; huella final fijada.","NO_APLICA","70688a252e7077a237d727fce46f1419a764e119ccb9476fd94ea1b184b21886"
"DA-02686","G","2","2","edad del origen mitocondrial","edad del origen mitocondrial","PRESENTE","PRESENTE","ACTUALIZADA","Fila final emparejada por identidad de dominio; cambios fijados por huellas inicial/final.","96ba9b158108f369b1ca780a516f8cf108d6c235d46ca8d4a2357bd8071c5a27","5ecdfcbabab02debc2925be2aa43b18f447260716c913108b20a28c6f9c6c7a1"
"DA-02687","G","3","3","virus de Asgardarchaeota","virus de Asgardarchaeota","PRESENTE","PRESENTE","ACTUALIZADA","Fila final emparejada por identidad de dominio; cambios fijados por huellas inicial/final.","bd582388d930803f7fbe68e040f992cd5d7c40c62042435f77eb9b8326485ec5","6bbd7e10cbc95bbbc0214792cadb7e3817dfeeea642b993668d0e8b1338d599e"
"DA-02688","G","4","4","reducción genómica mitocondrial, transferencia al núcleo e importación TOM/TIM","reducción genómica mitocondrial, transferencia al núcleo e importación TOM/TIM","PRESENTE","PRESENTE","ACTUALIZADA","Fila final emparejada por identidad de dominio; cambios fijados por huellas inicial/final.","227ce3bfb293432ccecf9ed04bd5b1df17cd6ef21ccbfc16fab8d31b23c760ce","8ff84b0d4ccfe38563423f853d4c5006aadbbe63f822d0d18921fe1eb45e614c"
"DA-02689","G","5","5","sexo, ciclos de ploidía y apareamiento","sexo, ciclos de ploidía y apareamiento","PRESENTE","PRESENTE","ACTUALIZADA","Fila final emparejada por identidad de dominio; cambios fijados por huellas inicial/final.","bd73374cf5ec1cec0164a447db36b124ed785da12e82231da32092d4df5d98b9","8dac9d87718047e89b33028ceb18aa3992848396f4300addeb76684ee67e698f"
"DA-02690","G","6","6","ecología cuantitativa de tapetes paleoproterozoicos","ecología cuantitativa de tapetes paleoproterozoicos","PRESENTE","PRESENTE","ACTUALIZADA","Fila final emparejada por identidad de dominio; cambios fijados por huellas inicial/final.","24ca4ed2fb4ee835f13819db674ab4f5cff1982481f5e436f41c7505fb823fc6","72ca2b1ab265b755c3b527009f298faf905a496271c5fa7b99499d7dc8b896c5"
"DA-02691","G","7","7","ecología detallada de ramas hermanas","ecología detallada de ramas hermanas","PRESENTE","PRESENTE","ACTUALIZADA","Fila final emparejada por identidad de dominio; cambios fijados por huellas inicial/final.","f588d0ca3a0b9354f7db2dd3b7a2c141561163c0a9810648fb097ff8c814aa37","697c25ced488667553e0ed538e7fb0c9391b5638c586317477602c9a04a5d757"
"DA-02692","G","8","8","repertorio preanimal","repertorio preanimal","PRESENTE","PRESENTE","ACTUALIZADA","Fila final emparejada por identidad de dominio; cambios fijados por huellas inicial/final.","18e23579f836d212d61af8c62225eb9790836ba7603c6a35fd9df11eb6a45fe0","e511938c3b3a768ee5af56e0b6e5303dbd789c4f052273b24280149cae264645"
"DA-02693","G","9","9","fechas nodales todavía no comparables","fechas nodales todavía no comparables","PRESENTE","PRESENTE","ACTUALIZADA","Fila final emparejada por identidad de dominio; cambios fijados por huellas inicial/final.","5c223952a01d612aff4390399c79767a8a991b59d3684b6560a53e48901e3f66","0a6ef75e3e61673c7548ac886a13b6d3eb8925d3a8acb356b5939bfe2d523018"
"DA-02694","G","10","10","topología interna de Metazoa","topología interna de Metazoa","PRESENTE","PRESENTE","SIN_CAMBIO","Misma fila final, identidad y contenido conservados.","0e96a588bbc821e09445e23a89ce41ccff1e08d754eb2d52ad34617f4e977088","0e96a588bbc821e09445e23a89ce41ccff1e08d754eb2d52ad34617f4e977088"
"DA-02695","G","11","11","La antigüedad de las asociaciones simbióticas actuales de la sección 8 no fue reconstruida aquí.","La antigüedad de las asociaciones simbióticas actuales de la sección 8 no fue reconstruida aquí.","PRESENTE","PRESENTE","ACTUALIZADA","Fila final emparejada por identidad de dominio; cambios fijados por huellas inicial/final.","14078582706c653d616c5059a54d9c7ed2903c1f4cc805c7ad32c8b30bde8929","eace6d1774fce1bf978ae1381f5330d6fdf4b21e8bb987336067b47007445d1e"
"DA-02696","G","12","12","La relación entre intrones de grupo II, telomerasa y cromosomas lineales quedó incompleta.","La relación entre intrones de grupo II, telomerasa y cromosomas lineales quedó incompleta.","PRESENTE","PRESENTE","ACTUALIZADA","Fila final emparejada por identidad de dominio; cambios fijados por huellas inicial/final.","cd2593db33c7ceec7fdef1f344d4a3cb571ee9f0fce8a1481a71f7b10e96245c","7982d7e00198704854ea343086d6378434be86244ba115d43eb6a1b539d4ee87"
"DA-02697","G","13","NO_APLICA","La cronología huroniana no se desarrolló en esta parte.","NO_APLICA","PRESENTE","RETIRADA","RETIRADA","Instantánea externa y linaje de auditoría; retirada o consolidada sin reasignar silenciosamente la fila.","67a66feb4e860844bb19f428afc5193820606380d13697d593fb998e206105d4","NO_APLICA"
"DA-02698","G","14","13","endosimbiosis terciarias","endosimbiosis terciarias","PRESENTE","PRESENTE","ACTUALIZADA","Fila final emparejada por identidad de dominio; cambios fijados por huellas inicial/final.","a3a90512f8633f60eba98e59efbb5b34ea4981db77059e9d07fb7439269aab37","3c3a2c461bb796d889cb6f44ce7b11a5a0635081727795b8181494eadb3e2ca6"
"DA-02699","G","15","14","anisogamia y origen de tipos sexuales","anisogamia y origen de tipos sexuales","PRESENTE","PRESENTE","ACTUALIZADA","Fila final emparejada por identidad de dominio; cambios fijados por huellas inicial/final.","cbb30e64103321dfdc6e4b1d1b98c86d8fff3c93d0644e94c18bca56b9fe62e5","155b531abd42da4d4a6b1a9be92f131b0bbe11d6d42dbe113706e540608536fb"
"DA-02700","G","16","15","carga genómica comparada de elementos móviles","carga genómica comparada de elementos móviles","PRESENTE","PRESENTE","ACTUALIZADA","Fila final emparejada por identidad de dominio; cambios fijados por huellas inicial/final.","035de3cf2b62a0b121d8c951cb1bcacfcd1fe2d9ffddd745f07d74c40b858b57","d71282463a074f4d4bdc70c3f839bf89a9dea7812fd61d8bd7b0bbc68179ffaa"
"DA-02701","G","17","16","coste de un trypanosoma","coste de un trypanosoma","PRESENTE","PRESENTE","ACTUALIZADA","Fila final emparejada por identidad de dominio; cambios fijados por huellas inicial/final.","7aaa7cd959aa2b26022216b6ea86e645484a90c73e047a0ee45678dfd3cd56fc","4a1c7a8ae124d1effe7f1da6ffff2e9a8921e153622d057e70b5ac923d0fadba"
"DA-02702","G","18","17","preprint de endomembranas","preprint de endomembranas","PRESENTE","PRESENTE","ACTUALIZADA","Fila final emparejada por identidad de dominio; cambios fijados por huellas inicial/final.","4e24d199a618425c9c028d231e3727557c45a0b0b2ce2a1702fa087e176e1262","19e01d0a7e27fabfb769f742d3b08b34e167b54908884feee6d0a41b2d3d15a9"
"DA-02703","G","19","18","Costes moleculares detallados de roturas y reparación meiótica","Costes moleculares detallados de roturas y reparación meiótica","PRESENTE","PRESENTE","ACTUALIZADA","Fila final emparejada por identidad de dominio; cambios fijados por huellas inicial/final.","4c8de29da3033b3ada0f722187e2b096b3b0e9ad5d4f21d184d8b47f1bf78b0f","7129b179750c28ba090a88c27276206e4f16989734e23645bbe2106cb0549468"
"DA-02704","G","20","19","Conflicto y cooperación durante macrocistos de Dictyostelium","Conflicto y cooperación durante macrocistos de Dictyostelium","PRESENTE","PRESENTE","ACTUALIZADA","Fila final emparejada por identidad de dominio; cambios fijados por huellas inicial/final.","ab9f132462d1ece9161a204d7f8eb2c64801265b0dd0994a9ab47fdb4d60f83e","aa5944d98e571c23dcfd1edc9d78bd5811b2b69c9795ac6f2ccaf6448c7dec69"
"DA-02705","G","21","20","Agregación y posible apareamiento de Ministeria vibrans","Agregación y posible apareamiento de Ministeria vibrans","PRESENTE","PRESENTE","ACTUALIZADA","Fila final emparejada por identidad de dominio; cambios fijados por huellas inicial/final.","4861038fa56d70ac1386a6837901f26c3fb9bb29406c87762050ab9dfe2d08eb","21919e320802cac582ede9e5966bbe467e47ec1c227ee5cf4db4f09cd4d3968d"
"DA-02706","G","22","21","Modelo de expansión genómica y sexo","Modelo de expansión genómica y sexo","PRESENTE","PRESENTE","ACTUALIZADA","Fila final emparejada por identidad de dominio; cambios fijados por huellas inicial/final.","ea1848a801ef613c457a3295feb3664f6fd8620ef060d4d65b61bf05cf35c3c3","a60c89faa8c6f0498be208d2058e8d7c46ef7cf6b0a8ee63edea5f086e3d6597"
"DA-02707","G","23","22","Costes moleculares de actina, adhesión y matriz","Costes moleculares de actina, adhesión y matriz","PRESENTE","PRESENTE","ACTUALIZADA","Fila final emparejada por identidad de dominio; cambios fijados por huellas inicial/final.","6e599f7e98813fb6e10062caa1fd7dab58cde00904079301bf227ad9161c6f55","d29ba51cb248f2c543f0ba15c633546590aa53c99dbfb73ecee08ccaa5b2e8e2"
"DA-02708","G","24","23","Conflicto mitonuclear","Conflicto mitonuclear","PRESENTE","PRESENTE","ACTUALIZADA","Fila final emparejada por identidad de dominio; cambios fijados por huellas inicial/final.","fc1b6ad9ead4940034618d9bf8fbfbe2b95240336cf0981048786798f57757ea","9fd500562b114fbc99710b8958fc884a10a96118f20a47e9310894e75d151e4f"
"DA-02709","G","25","24","Genomas con anotaciones cambiantes","Genomas con anotaciones cambiantes","PRESENTE","PRESENTE","ACTUALIZADA","Fila final emparejada por identidad de dominio; cambios fijados por huellas inicial/final.","432caa9cd070c762e8e775aba222492e99a2f1af6603efd6db4b4d6e9ddfb142","b16760f2847b5b896b5fd5ef5a22e573b0f2e63c0226eb75811c4cfe8837723c"
