"clave_bn","huella_fila_bn_sha256","clase_fecha","fecha_ejecucion","revisor_ejecutor","claim_id_residual","csv_bn","csv_celda","fila_celda","columna_celda","consulta_exacta","coincidencias_artefactos","artefactos_censados","huella_inventario_fuentes_sha256","huella_censo_residual_sha256","huella_script_consulta_sha256","metodo"
"BN-147","d294df1a133c2bc6efa63d3e271461232badb1ffef165c287a1c2c1109a1f276","REINSPECCION","2026-09-26T21:20:54Z","/root/revision_residuales","C-1996","data/busquedas_negativas/15_1_15-1-punto-de-partida-y-participantes-celulares.csv","data/tablas/02/table-06-2-8-2-el-grupo-vivo-mas-proximo-no-esta-resuelto.csv","2","ecología o hábitat por taxón","identidad=«Martijn et al. 2018»; campo=«ecología o hábitat por taxón»; valor=«no consta por cada clado en la evidencia resumida [BN-114]»","0","434","a08bc1a1584b2a31a0da0d84efd1de350abf318b9a2cfa7e0a94e0f34cb0f043","8a33be0a189a42fe8a6c4b14ae5e36aa8df9da89aa312c045c6fd99de3c3f355","d1e8d0a273fc5a24de14fe1b564211f1a9356d22d3b741a6de60f67245df19a4","ExactCooccurrenceIndex.count(nominal_components(nominal_query(fila_residual))); corpus fuente decodificado y normalizado por source_snapshot; resultado literal, no ausencia científica ni adjudicación de revisión."
"BN-148","7f24f33145b830916197e58b5fec31f27747b40ba666d8358142cc2f670d876f","REINSPECCION","2026-09-26T21:20:55Z","/root/revision_residuales","C-1997","data/busquedas_negativas/15_1_15-1-punto-de-partida-y-participantes-celulares.csv","data/tablas/02/table-06-2-8-2-el-grupo-vivo-mas-proximo-no-esta-resuelto.csv","3","ecología o hábitat por taxón","identidad=«Fan et al. 2020»; campo=«ecología o hábitat por taxón»; valor=«no consta por cada taxón en la evidencia resumida [BN-114]»","0","434","a08bc1a1584b2a31a0da0d84efd1de350abf318b9a2cfa7e0a94e0f34cb0f043","8a33be0a189a42fe8a6c4b14ae5e36aa8df9da89aa312c045c6fd99de3c3f355","d1e8d0a273fc5a24de14fe1b564211f1a9356d22d3b741a6de60f67245df19a4","ExactCooccurrenceIndex.count(nominal_components(nominal_query(fila_residual))); corpus fuente decodificado y normalizado por source_snapshot; resultado literal, no ausencia científica ni adjudicación de revisión."
"BN-149","4ae067f8818d4d0ab694321d48d70ea50f2f15aebac2c03ba024afbe7953a9e8","REINSPECCION","2026-09-26T21:20:55Z","/root/revision_residuales","C-1998","data/busquedas_negativas/15_1_15-1-punto-de-partida-y-participantes-celulares.csv","data/tablas/02/table-06-2-8-2-el-grupo-vivo-mas-proximo-no-esta-resuelto.csv","4","ecología o hábitat por taxón","identidad=«Muñoz-Gómez et al. 2022»; campo=«ecología o hábitat por taxón»; valor=«no consta por cada taxón en la evidencia resumida [BN-114]»","0","434","a08bc1a1584b2a31a0da0d84efd1de350abf318b9a2cfa7e0a94e0f34cb0f043","8a33be0a189a42fe8a6c4b14ae5e36aa8df9da89aa312c045c6fd99de3c3f355","d1e8d0a273fc5a24de14fe1b564211f1a9356d22d3b741a6de60f67245df19a4","ExactCooccurrenceIndex.count(nominal_components(nominal_query(fila_residual))); corpus fuente decodificado y normalizado por source_snapshot; resultado literal, no ausencia científica ni adjudicación de revisión."
"BN-150","fb3f8ffbeec5b571e350c945aef139226845d4aabfc443ea2f127a0801e74b2c","REINSPECCION","2026-09-26T21:20:56Z","/root/revision_residuales","C-2064","data/busquedas_negativas/15_1_15-1-punto-de-partida-y-participantes-celulares.csv","data/tablas/02/table-06-2-8-2-el-grupo-vivo-mas-proximo-no-esta-resuelto.csv","10","posición o alcance","identidad=«S49 tabla 2»; campo=«posición o alcance»; valor=«linaje metagenómico; criterio discriminatorio»","0","434","a08bc1a1584b2a31a0da0d84efd1de350abf318b9a2cfa7e0a94e0f34cb0f043","8a33be0a189a42fe8a6c4b14ae5e36aa8df9da89aa312c045c6fd99de3c3f355","d1e8d0a273fc5a24de14fe1b564211f1a9356d22d3b741a6de60f67245df19a4","ExactCooccurrenceIndex.count(nominal_components(nominal_query(fila_residual))); corpus fuente decodificado y normalizado por source_snapshot; resultado literal, no ausencia científica ni adjudicación de revisión."
"BN-151","837aa0c7d7fe62ea4381f14bf1873982d170137ac367421896baffcf67736944","REINSPECCION","2026-09-26T21:20:56Z","/root/revision_residuales","C-2086","data/busquedas_negativas/15_1_15-1-punto-de-partida-y-participantes-celulares.csv","data/tablas/02/table-06-2-8-2-el-grupo-vivo-mas-proximo-no-esta-resuelto.csv","12","posición o alcance","identidad=«S49 tabla 2»; campo=«posición o alcance»; valor=«linaje metagenómico; criterio discriminatorio»","0","434","a08bc1a1584b2a31a0da0d84efd1de350abf318b9a2cfa7e0a94e0f34cb0f043","8a33be0a189a42fe8a6c4b14ae5e36aa8df9da89aa312c045c6fd99de3c3f355","d1e8d0a273fc5a24de14fe1b564211f1a9356d22d3b741a6de60f67245df19a4","ExactCooccurrenceIndex.count(nominal_components(nominal_query(fila_residual))); corpus fuente decodificado y normalizado por source_snapshot; resultado literal, no ausencia científica ni adjudicación de revisión."
"BN-152","7287cb63cd245d6969572ed0295da919195b545017396c79d3e9a380e39452a8","REINSPECCION","2026-09-26T21:20:56Z","/root/revision_residuales","C-2119","data/busquedas_negativas/15_1_15-1-punto-de-partida-y-participantes-celulares.csv","data/tablas/02/table-06-2-8-2-el-grupo-vivo-mas-proximo-no-esta-resuelto.csv","15","posición o alcance","identidad=«S49 tabla 2»; campo=«posición o alcance»; valor=«linaje metagenómico; agrupa con Iodidimonas»","0","434","a08bc1a1584b2a31a0da0d84efd1de350abf318b9a2cfa7e0a94e0f34cb0f043","8a33be0a189a42fe8a6c4b14ae5e36aa8df9da89aa312c045c6fd99de3c3f355","d1e8d0a273fc5a24de14fe1b564211f1a9356d22d3b741a6de60f67245df19a4","ExactCooccurrenceIndex.count(nominal_components(nominal_query(fila_residual))); corpus fuente decodificado y normalizado por source_snapshot; resultado literal, no ausencia científica ni adjudicación de revisión."
"BN-153","c617f337af027a81436983ed96a9b5771ffe9b091ee6bc89ed479ae909a30661","REINSPECCION","2026-09-26T21:20:56Z","/root/revision_residuales","C-2222","data/busquedas_negativas/15_1_15-1-punto-de-partida-y-participantes-celulares.csv","data/tablas/02/table-06-2-8-2-el-grupo-vivo-mas-proximo-no-esta-resuelto.csv","25","posición o alcance","identidad=«S49 tabla 3»; campo=«posición o alcance»; valor=«distribución metabólica, no posición filogenética»","0","434","a08bc1a1584b2a31a0da0d84efd1de350abf318b9a2cfa7e0a94e0f34cb0f043","8a33be0a189a42fe8a6c4b14ae5e36aa8df9da89aa312c045c6fd99de3c3f355","d1e8d0a273fc5a24de14fe1b564211f1a9356d22d3b741a6de60f67245df19a4","ExactCooccurrenceIndex.count(nominal_components(nominal_query(fila_residual))); corpus fuente decodificado y normalizado por source_snapshot; resultado literal, no ausencia científica ni adjudicación de revisión."
"BN-154","a7b6bae9e47e770e14740a9bacbda05188c612b64e752ac0b83cd727d3845d4b","REINSPECCION","2026-09-26T21:20:56Z","/root/revision_residuales","C-2226","data/busquedas_negativas/15_1_15-1-punto-de-partida-y-participantes-celulares.csv","data/tablas/02/table-06-2-8-2-el-grupo-vivo-mas-proximo-no-esta-resuelto.csv","26","posición o alcance","identidad=«S49 tabla 3»; campo=«posición o alcance»; valor=«distribución metabólica, no posición filogenética»","0","434","a08bc1a1584b2a31a0da0d84efd1de350abf318b9a2cfa7e0a94e0f34cb0f043","8a33be0a189a42fe8a6c4b14ae5e36aa8df9da89aa312c045c6fd99de3c3f355","d1e8d0a273fc5a24de14fe1b564211f1a9356d22d3b741a6de60f67245df19a4","ExactCooccurrenceIndex.count(nominal_components(nominal_query(fila_residual))); corpus fuente decodificado y normalizado por source_snapshot; resultado literal, no ausencia científica ni adjudicación de revisión."
"BN-155","cf7c74d4932b30e751b8d55401c00420a291ef892d37ef48e15a96e6d760503e","REINSPECCION","2026-09-26T21:20:56Z","/root/revision_residuales","C-2230","data/busquedas_negativas/15_1_15-1-punto-de-partida-y-participantes-celulares.csv","data/tablas/02/table-06-2-8-2-el-grupo-vivo-mas-proximo-no-esta-resuelto.csv","27","posición o alcance","identidad=«S49 tabla 3»; campo=«posición o alcance»; valor=«distribución metabólica, no posición filogenética»","0","434","a08bc1a1584b2a31a0da0d84efd1de350abf318b9a2cfa7e0a94e0f34cb0f043","8a33be0a189a42fe8a6c4b14ae5e36aa8df9da89aa312c045c6fd99de3c3f355","d1e8d0a273fc5a24de14fe1b564211f1a9356d22d3b741a6de60f67245df19a4","ExactCooccurrenceIndex.count(nominal_components(nominal_query(fila_residual))); corpus fuente decodificado y normalizado por source_snapshot; resultado literal, no ausencia científica ni adjudicación de revisión."
"BN-156","57e350bce9b33060ef9d22b87b9b0d2c3819af0463856ea5afa982f124c6497a","REINSPECCION","2026-09-26T21:20:56Z","/root/revision_residuales","C-2234","data/busquedas_negativas/15_1_15-1-punto-de-partida-y-participantes-celulares.csv","data/tablas/02/table-06-2-8-2-el-grupo-vivo-mas-proximo-no-esta-resuelto.csv","28","posición o alcance","identidad=«S49 tabla 3»; campo=«posición o alcance»; valor=«distribución metabólica, no posición filogenética»","0","434","a08bc1a1584b2a31a0da0d84efd1de350abf318b9a2cfa7e0a94e0f34cb0f043","8a33be0a189a42fe8a6c4b14ae5e36aa8df9da89aa312c045c6fd99de3c3f355","d1e8d0a273fc5a24de14fe1b564211f1a9356d22d3b741a6de60f67245df19a4","ExactCooccurrenceIndex.count(nominal_components(nominal_query(fila_residual))); corpus fuente decodificado y normalizado por source_snapshot; resultado literal, no ausencia científica ni adjudicación de revisión."
"BN-157","044efa1f435ba2c78bd9489f44119b3b6d92177aa2c27fca769887cead9987f5","REINSPECCION","2026-09-26T21:20:56Z","/root/revision_residuales","C-2238","data/busquedas_negativas/15_1_15-1-punto-de-partida-y-participantes-celulares.csv","data/tablas/02/table-06-2-8-2-el-grupo-vivo-mas-proximo-no-esta-resuelto.csv","29","posición o alcance","identidad=«S49 tabla 3»; campo=«posición o alcance»; valor=«distribución metabólica, no posición filogenética»","0","434","a08bc1a1584b2a31a0da0d84efd1de350abf318b9a2cfa7e0a94e0f34cb0f043","8a33be0a189a42fe8a6c4b14ae5e36aa8df9da89aa312c045c6fd99de3c3f355","d1e8d0a273fc5a24de14fe1b564211f1a9356d22d3b741a6de60f67245df19a4","ExactCooccurrenceIndex.count(nominal_components(nominal_query(fila_residual))); corpus fuente decodificado y normalizado por source_snapshot; resultado literal, no ausencia científica ni adjudicación de revisión."
"BN-158","3e6c2e445d0d13be8576f2dfa7e4844208736913337a3e3b5793d72fb8b645ff","REINSPECCION","2026-09-26T21:20:56Z","/root/revision_residuales","C-2242","data/busquedas_negativas/15_1_15-1-punto-de-partida-y-participantes-celulares.csv","data/tablas/02/table-06-2-8-2-el-grupo-vivo-mas-proximo-no-esta-resuelto.csv","30","posición o alcance","identidad=«S49 tabla 3»; campo=«posición o alcance»; valor=«metabolismo anaerobio; no posición filogenética»","0","434","a08bc1a1584b2a31a0da0d84efd1de350abf318b9a2cfa7e0a94e0f34cb0f043","8a33be0a189a42fe8a6c4b14ae5e36aa8df9da89aa312c045c6fd99de3c3f355","d1e8d0a273fc5a24de14fe1b564211f1a9356d22d3b741a6de60f67245df19a4","ExactCooccurrenceIndex.count(nominal_components(nominal_query(fila_residual))); corpus fuente decodificado y normalizado por source_snapshot; resultado literal, no ausencia científica ni adjudicación de revisión."
"BN-159","dbbe19a69747a4cf32b477570cd9621f7d604334235bac7e6e471d9526278818","REINSPECCION","2026-09-26T21:20:56Z","/root/revision_residuales","C-2254","data/busquedas_negativas/15_1_15-1-punto-de-partida-y-participantes-celulares.csv","data/tablas/02/table-06-2-8-2-el-grupo-vivo-mas-proximo-no-esta-resuelto.csv","33","posición o alcance","identidad=«S49 tabla 3»; campo=«posición o alcance»; valor=«clasificación de membrana; no posición filogenética»","0","434","a08bc1a1584b2a31a0da0d84efd1de350abf318b9a2cfa7e0a94e0f34cb0f043","8a33be0a189a42fe8a6c4b14ae5e36aa8df9da89aa312c045c6fd99de3c3f355","d1e8d0a273fc5a24de14fe1b564211f1a9356d22d3b741a6de60f67245df19a4","ExactCooccurrenceIndex.count(nominal_components(nominal_query(fila_residual))); corpus fuente decodificado y normalizado por source_snapshot; resultado literal, no ausencia científica ni adjudicación de revisión."
"BN-160","33a15a43bef39ef876aef9e99b77366142fd350b563b7c95624da0cd2292640f","REINSPECCION","2026-09-26T21:20:56Z","/root/revision_residuales","C-2258","data/busquedas_negativas/15_1_15-1-punto-de-partida-y-participantes-celulares.csv","data/tablas/02/table-06-2-8-2-el-grupo-vivo-mas-proximo-no-esta-resuelto.csv","34","posición o alcance","identidad=«S49 tabla 3»; campo=«posición o alcance»; valor=«distribución metabólica, no posición filogenética»","0","434","a08bc1a1584b2a31a0da0d84efd1de350abf318b9a2cfa7e0a94e0f34cb0f043","8a33be0a189a42fe8a6c4b14ae5e36aa8df9da89aa312c045c6fd99de3c3f355","d1e8d0a273fc5a24de14fe1b564211f1a9356d22d3b741a6de60f67245df19a4","ExactCooccurrenceIndex.count(nominal_components(nominal_query(fila_residual))); corpus fuente decodificado y normalizado por source_snapshot; resultado literal, no ausencia científica ni adjudicación de revisión."
"BN-161","f0e993fb687139e82bfdf37ca712b285ea591c8b2eba0997fdcf6daa6cf95c7a","REINSPECCION","2026-09-26T21:20:56Z","/root/revision_residuales","C-2270","data/busquedas_negativas/15_1_15-1-punto-de-partida-y-participantes-celulares.csv","data/tablas/02/table-06-2-8-2-el-grupo-vivo-mas-proximo-no-esta-resuelto.csv","37","posición o alcance","identidad=«S49 tabla 3»; campo=«posición o alcance»; valor=«distribución metabólica, no posición filogenética»","0","434","a08bc1a1584b2a31a0da0d84efd1de350abf318b9a2cfa7e0a94e0f34cb0f043","8a33be0a189a42fe8a6c4b14ae5e36aa8df9da89aa312c045c6fd99de3c3f355","d1e8d0a273fc5a24de14fe1b564211f1a9356d22d3b741a6de60f67245df19a4","ExactCooccurrenceIndex.count(nominal_components(nominal_query(fila_residual))); corpus fuente decodificado y normalizado por source_snapshot; resultado literal, no ausencia científica ni adjudicación de revisión."
"BN-162","cb5d4bbd55b7e7045d22a08ded41f8d72ad8c6a10c6d77999e68ba01a7fdcaed","REINSPECCION","2026-09-26T21:20:56Z","/root/revision_residuales","C-2274","data/busquedas_negativas/15_1_15-1-punto-de-partida-y-participantes-celulares.csv","data/tablas/02/table-06-2-8-2-el-grupo-vivo-mas-proximo-no-esta-resuelto.csv","38","posición o alcance","identidad=«S49 tabla 3»; campo=«posición o alcance»; valor=«similitud de proteínas, no parentesco por sí sola»","0","434","a08bc1a1584b2a31a0da0d84efd1de350abf318b9a2cfa7e0a94e0f34cb0f043","8a33be0a189a42fe8a6c4b14ae5e36aa8df9da89aa312c045c6fd99de3c3f355","d1e8d0a273fc5a24de14fe1b564211f1a9356d22d3b741a6de60f67245df19a4","ExactCooccurrenceIndex.count(nominal_components(nominal_query(fila_residual))); corpus fuente decodificado y normalizado por source_snapshot; resultado literal, no ausencia científica ni adjudicación de revisión."
"BN-163","acdf10d7b5950ae659271d003b8ebfa8169aa398e8a23d687f2e979ae3e08bf7","REINSPECCION","2026-09-26T21:20:56Z","/root/revision_residuales","C-2275","data/busquedas_negativas/15_1_15-1-punto-de-partida-y-participantes-celulares.csv","data/tablas/02/table-06a-2-8-2-diversidad-ecologia-metabolismo-posicion-alphaproteobacteria.csv","2","diversidad interna documentada","identidad=«Rickettsiales»; campo=«diversidad interna documentada»; valor=«linaje temprano de las 15 unidades comparadas; incluye genomas reducidos»","0","434","a08bc1a1584b2a31a0da0d84efd1de350abf318b9a2cfa7e0a94e0f34cb0f043","8a33be0a189a42fe8a6c4b14ae5e36aa8df9da89aa312c045c6fd99de3c3f355","d1e8d0a273fc5a24de14fe1b564211f1a9356d22d3b741a6de60f67245df19a4","ExactCooccurrenceIndex.count(nominal_components(nominal_query(fila_residual))); corpus fuente decodificado y normalizado por source_snapshot; resultado literal, no ausencia científica ni adjudicación de revisión."
"BN-164","53f4c4e846b7c05c810cd223fe1e05dffa7c8e6af91f30b7e6d3cbd5e3b17b86","REINSPECCION","2026-09-26T21:20:56Z","/root/revision_residuales","C-2276","data/busquedas_negativas/15_1_15-1-punto-de-partida-y-participantes-celulares.csv","data/tablas/02/table-06a-2-8-2-diversidad-ecologia-metabolismo-posicion-alphaproteobacteria.csv","2","ecología o tipo de vida explícito","identidad=«Rickettsiales»; campo=«ecología o tipo de vida explícito»; valor=«no consta una ficha ecológica representativa del linaje en los pasajes de S49 usados aquí»","0","434","a08bc1a1584b2a31a0da0d84efd1de350abf318b9a2cfa7e0a94e0f34cb0f043","8a33be0a189a42fe8a6c4b14ae5e36aa8df9da89aa312c045c6fd99de3c3f355","d1e8d0a273fc5a24de14fe1b564211f1a9356d22d3b741a6de60f67245df19a4","ExactCooccurrenceIndex.count(nominal_components(nominal_query(fila_residual))); corpus fuente decodificado y normalizado por source_snapshot; resultado literal, no ausencia científica ni adjudicación de revisión."
"BN-165","74b5c8c19d5f8ad362d50c3b32b22cc003607ea4eeb584f7b0da7456b2767780","REINSPECCION","2026-09-26T21:20:56Z","/root/revision_residuales","C-2277","data/busquedas_negativas/15_1_15-1-punto-de-partida-y-participantes-celulares.csv","data/tablas/02/table-06a-2-8-2-diversidad-ecologia-metabolismo-posicion-alphaproteobacteria.csv","2","metabolismo documentado","identidad=«Rickettsiales»; campo=«metabolismo documentado»; valor=«puntuación acumulada de rasgos aerobios significativamente menor que la de mitocondrias aerobias; sin evidencia bioquímica de cardiolipina localizada por S49»","0","434","a08bc1a1584b2a31a0da0d84efd1de350abf318b9a2cfa7e0a94e0f34cb0f043","8a33be0a189a42fe8a6c4b14ae5e36aa8df9da89aa312c045c6fd99de3c3f355","d1e8d0a273fc5a24de14fe1b564211f1a9356d22d3b741a6de60f67245df19a4","ExactCooccurrenceIndex.count(nominal_components(nominal_query(fila_residual))); corpus fuente decodificado y normalizado por source_snapshot; resultado literal, no ausencia científica ni adjudicación de revisión."
"BN-166","ac0b58e91d9447c8ce781a2ac328d0d55ff5f12d89c6866c3b3de7410b30cdb8","REINSPECCION","2026-09-26T21:20:56Z","/root/revision_residuales","C-2278","data/busquedas_negativas/15_1_15-1-punto-de-partida-y-participantes-celulares.csv","data/tablas/02/table-06a-2-8-2-diversidad-ecologia-metabolismo-posicion-alphaproteobacteria.csv","2","posición filogenética o relación con mitocondrias","identidad=«Rickettsiales»; campo=«posición filogenética o relación con mitocondrias»; valor=«extremo temprano del muestreo de S49; la ausencia de la sintenia Cox11–COX3 y otros filtros llevaron a S49 a excluirlo como mejor candidato metabólico»","0","434","a08bc1a1584b2a31a0da0d84efd1de350abf318b9a2cfa7e0a94e0f34cb0f043","8a33be0a189a42fe8a6c4b14ae5e36aa8df9da89aa312c045c6fd99de3c3f355","d1e8d0a273fc5a24de14fe1b564211f1a9356d22d3b741a6de60f67245df19a4","ExactCooccurrenceIndex.count(nominal_components(nominal_query(fila_residual))); corpus fuente decodificado y normalizado por source_snapshot; resultado literal, no ausencia científica ni adjudicación de revisión."
"BN-167","dfffd678d23c263b1b6b79c1038bf663f0c4fa6a65951244623e0d0f1bddf9ad","REINSPECCION","2026-09-26T21:20:57Z","/root/revision_residuales","C-2280","data/busquedas_negativas/15_1_15-1-punto-de-partida-y-participantes-celulares.csv","data/tablas/02/table-06a-2-8-2-diversidad-ecologia-metabolismo-posicion-alphaproteobacteria.csv","3","diversidad interna documentada","identidad=«Holosporales»; campo=«diversidad interna documentada»; valor=«unidad analítica separada con genomas ricos en AT»","0","434","a08bc1a1584b2a31a0da0d84efd1de350abf318b9a2cfa7e0a94e0f34cb0f043","8a33be0a189a42fe8a6c4b14ae5e36aa8df9da89aa312c045c6fd99de3c3f355","d1e8d0a273fc5a24de14fe1b564211f1a9356d22d3b741a6de60f67245df19a4","ExactCooccurrenceIndex.count(nominal_components(nominal_query(fila_residual))); corpus fuente decodificado y normalizado por source_snapshot; resultado literal, no ausencia científica ni adjudicación de revisión."
"BN-168","82378d852f8f9794b428bbc0eb9a5028ca7bfdabc52544823090557d4c3e993f","REINSPECCION","2026-09-26T21:20:57Z","/root/revision_residuales","C-2281","data/busquedas_negativas/15_1_15-1-punto-de-partida-y-participantes-celulares.csv","data/tablas/02/table-06a-2-8-2-diversidad-ecologia-metabolismo-posicion-alphaproteobacteria.csv","3","ecología o tipo de vida explícito","identidad=«Holosporales»; campo=«ecología o tipo de vida explícito»; valor=«no consta una ficha ecológica representativa del linaje en los pasajes de S49 usados aquí»","0","434","a08bc1a1584b2a31a0da0d84efd1de350abf318b9a2cfa7e0a94e0f34cb0f043","8a33be0a189a42fe8a6c4b14ae5e36aa8df9da89aa312c045c6fd99de3c3f355","d1e8d0a273fc5a24de14fe1b564211f1a9356d22d3b741a6de60f67245df19a4","ExactCooccurrenceIndex.count(nominal_components(nominal_query(fila_residual))); corpus fuente decodificado y normalizado por source_snapshot; resultado literal, no ausencia científica ni adjudicación de revisión."
"BN-169","011e0972b0ebe925ef10b13192fb39e61119f47837eed3d8b08e7ea92dc8615f","REINSPECCION","2026-09-26T21:20:57Z","/root/revision_residuales","C-2282","data/busquedas_negativas/15_1_15-1-punto-de-partida-y-participantes-celulares.csv","data/tablas/02/table-06a-2-8-2-diversidad-ecologia-metabolismo-posicion-alphaproteobacteria.csv","3","posición filogenética o relación con mitocondrias","identidad=«Holosporales»; campo=«posición filogenética o relación con mitocondrias»; valor=«posición intermedia entre Rickettsiales y Rhodospirillales después de corregir composición rica en AT»","0","434","a08bc1a1584b2a31a0da0d84efd1de350abf318b9a2cfa7e0a94e0f34cb0f043","8a33be0a189a42fe8a6c4b14ae5e36aa8df9da89aa312c045c6fd99de3c3f355","d1e8d0a273fc5a24de14fe1b564211f1a9356d22d3b741a6de60f67245df19a4","ExactCooccurrenceIndex.count(nominal_components(nominal_query(fila_residual))); corpus fuente decodificado y normalizado por source_snapshot; resultado literal, no ausencia científica ni adjudicación de revisión."
"BN-170","fc61915068ccba6ff68c0c2ff7fcbb905f44378902ef4f86f0cd82f1c846a6c5","REINSPECCION","2026-09-26T21:20:57Z","/root/revision_residuales","C-2283","data/busquedas_negativas/15_1_15-1-punto-de-partida-y-participantes-celulares.csv","data/tablas/02/table-06a-2-8-2-diversidad-ecologia-metabolismo-posicion-alphaproteobacteria.csv","3","clase de evidencia y límite","identidad=«Holosporales»; campo=«clase de evidencia y límite»; valor=«posición y metabolismo proceden del esquema analítico de S49; no se extrapola ecología desde el nombre del clado»","0","434","a08bc1a1584b2a31a0da0d84efd1de350abf318b9a2cfa7e0a94e0f34cb0f043","8a33be0a189a42fe8a6c4b14ae5e36aa8df9da89aa312c045c6fd99de3c3f355","d1e8d0a273fc5a24de14fe1b564211f1a9356d22d3b741a6de60f67245df19a4","ExactCooccurrenceIndex.count(nominal_components(nominal_query(fila_residual))); corpus fuente decodificado y normalizado por source_snapshot; resultado literal, no ausencia científica ni adjudicación de revisión."
"BN-171","9a3b39b1b21097694f0263f0200f95187cd3cadd18bfd736905be1dac7b7cc99","REINSPECCION","2026-09-26T21:20:57Z","/root/revision_residuales","C-2284","data/busquedas_negativas/15_1_15-1-punto-de-partida-y-participantes-celulares.csv","data/tablas/02/table-06a-2-8-2-diversidad-ecologia-metabolismo-posicion-alphaproteobacteria.csv","4","metabolismo documentado","identidad=«Rhodospirillales, incluidas Methylocystaceae»; campo=«metabolismo documentado»; valor=«M16B próximo al operón COX con M32 en Rhodospirillales; SPT en algunos miembros; Methylocystaceae con SPT»","0","434","a08bc1a1584b2a31a0da0d84efd1de350abf318b9a2cfa7e0a94e0f34cb0f043","8a33be0a189a42fe8a6c4b14ae5e36aa8df9da89aa312c045c6fd99de3c3f355","d1e8d0a273fc5a24de14fe1b564211f1a9356d22d3b741a6de60f67245df19a4","ExactCooccurrenceIndex.count(nominal_components(nominal_query(fila_residual))); corpus fuente decodificado y normalizado por source_snapshot; resultado literal, no ausencia científica ni adjudicación de revisión."
"BN-172","466c08827a58cd90247a90a5b7d10923c62813b5f921e0fd5a2a72f89b8e5be6","REINSPECCION","2026-09-26T21:20:57Z","/root/revision_residuales","C-2285","data/busquedas_negativas/15_1_15-1-punto-de-partida-y-participantes-celulares.csv","data/tablas/02/table-06a-2-8-2-diversidad-ecologia-metabolismo-posicion-alphaproteobacteria.csv","4","posición filogenética o relación con mitocondrias","identidad=«Rhodospirillales, incluidas Methylocystaceae»; campo=«posición filogenética o relación con mitocondrias»; valor=«superorden diverso de posición intermedia; algunos grupos marinos y Holosporales se evalúan respecto de él»","0","434","a08bc1a1584b2a31a0da0d84efd1de350abf318b9a2cfa7e0a94e0f34cb0f043","8a33be0a189a42fe8a6c4b14ae5e36aa8df9da89aa312c045c6fd99de3c3f355","d1e8d0a273fc5a24de14fe1b564211f1a9356d22d3b741a6de60f67245df19a4","ExactCooccurrenceIndex.count(nominal_components(nominal_query(fila_residual))); corpus fuente decodificado y normalizado por source_snapshot; resultado literal, no ausencia científica ni adjudicación de revisión."
"BN-173","cb8941abf761fcaf4a37ad117c820641de1a1e73e966089f51a242ad20805266","REINSPECCION","2026-09-26T21:20:57Z","/root/revision_residuales","C-2286","data/busquedas_negativas/15_1_15-1-punto-de-partida-y-participantes-celulares.csv","data/tablas/02/table-06a-2-8-2-diversidad-ecologia-metabolismo-posicion-alphaproteobacteria.csv","5","metabolismo documentado","identidad=«MarineAlpha: HIMB59, TMED109 y TMED127»; campo=«metabolismo documentado»; valor=«puntuación acumulada de rasgos aerobios significativamente menor que la de mitocondrias aerobias»","0","434","a08bc1a1584b2a31a0da0d84efd1de350abf318b9a2cfa7e0a94e0f34cb0f043","8a33be0a189a42fe8a6c4b14ae5e36aa8df9da89aa312c045c6fd99de3c3f355","d1e8d0a273fc5a24de14fe1b564211f1a9356d22d3b741a6de60f67245df19a4","ExactCooccurrenceIndex.count(nominal_components(nominal_query(fila_residual))); corpus fuente decodificado y normalizado por source_snapshot; resultado literal, no ausencia científica ni adjudicación de revisión."
"BN-174","558c6c14d54076128f59a1fac657a6b0d7eb406dc3d7dfdbc3f9814f05e98c44","REINSPECCION","2026-09-26T21:20:57Z","/root/revision_residuales","C-2289","data/busquedas_negativas/15_1_15-1-punto-de-partida-y-participantes-celulares.csv","data/tablas/02/table-06a-2-8-2-diversidad-ecologia-metabolismo-posicion-alphaproteobacteria.csv","6","metabolismo documentado","identidad=«Sneathiellales y nuevos clados marinos»; campo=«metabolismo documentado»; valor=«Sneathiellales y clados relacionados mostraron puntuaciones aerobias comparables a mitocondrias; los nuevos clados concentran OFOR y otros rasgos anaerobios»","0","434","a08bc1a1584b2a31a0da0d84efd1de350abf318b9a2cfa7e0a94e0f34cb0f043","8a33be0a189a42fe8a6c4b14ae5e36aa8df9da89aa312c045c6fd99de3c3f355","d1e8d0a273fc5a24de14fe1b564211f1a9356d22d3b741a6de60f67245df19a4","ExactCooccurrenceIndex.count(nominal_components(nominal_query(fila_residual))); corpus fuente decodificado y normalizado por source_snapshot; resultado literal, no ausencia científica ni adjudicación de revisión."
"BN-175","f4e1d6b74fa781e7e1863fec94cbec59fd1e0dd20a87a4687a4d27b3497703bc","REINSPECCION","2026-09-26T21:20:57Z","/root/revision_residuales","C-2290","data/busquedas_negativas/15_1_15-1-punto-de-partida-y-participantes-celulares.csv","data/tablas/02/table-06a-2-8-2-diversidad-ecologia-metabolismo-posicion-alphaproteobacteria.csv","6","posición filogenética o relación con mitocondrias","identidad=«Sneathiellales y nuevos clados marinos»; campo=«posición filogenética o relación con mitocondrias»; valor=«región filogenética central próxima al conjunto SERIK; separación analítica por diversidad bioenergética»","0","434","a08bc1a1584b2a31a0da0d84efd1de350abf318b9a2cfa7e0a94e0f34cb0f043","8a33be0a189a42fe8a6c4b14ae5e36aa8df9da89aa312c045c6fd99de3c3f355","d1e8d0a273fc5a24de14fe1b564211f1a9356d22d3b741a6de60f67245df19a4","ExactCooccurrenceIndex.count(nominal_components(nominal_query(fila_residual))); corpus fuente decodificado y normalizado por source_snapshot; resultado literal, no ausencia científica ni adjudicación de revisión."
"BN-176","57c14b9659c4da4da6e5b1502ab73a1953ad8931a4d483f80984d8769f69ac0c","REINSPECCION","2026-09-26T21:20:58Z","/root/revision_residuales","C-2292","data/busquedas_negativas/15_1_15-1-punto-de-partida-y-participantes-celulares.csv","data/tablas/02/table-06a-2-8-2-diversidad-ecologia-metabolismo-posicion-alphaproteobacteria.csv","7","diversidad interna documentada","identidad=«Iodidimonadales: *Iodidimonas*, Q-1, J067, J084 y J134»; campo=«diversidad interna documentada»; valor=«orden del grupo SERIK; incluye cultivos y MAG que agrupan con *Iodidimonas*»","0","434","a08bc1a1584b2a31a0da0d84efd1de350abf318b9a2cfa7e0a94e0f34cb0f043","8a33be0a189a42fe8a6c4b14ae5e36aa8df9da89aa312c045c6fd99de3c3f355","d1e8d0a273fc5a24de14fe1b564211f1a9356d22d3b741a6de60f67245df19a4","ExactCooccurrenceIndex.count(nominal_components(nominal_query(fila_residual))); corpus fuente decodificado y normalizado por source_snapshot; resultado literal, no ausencia científica ni adjudicación de revisión."
"BN-177","b3b8121ed89e842f779d74f2bd19bfc5a0676a1c7f9079d1576a4ec5c1fbe6cf","REINSPECCION","2026-09-26T21:20:58Z","/root/revision_residuales","C-2293","data/busquedas_negativas/15_1_15-1-punto-de-partida-y-participantes-celulares.csv","data/tablas/02/table-06a-2-8-2-diversidad-ecologia-metabolismo-posicion-alphaproteobacteria.csv","7","metabolismo documentado","identidad=«Iodidimonadales: *Iodidimonas*, Q-1, J067, J084 y J134»; campo=«metabolismo documentado»; valor=«puntuación aerobia comparable a mitocondrias, sintenia M16B–ISP, máxima frecuencia de doble cardiolipina sintasa y combinación de rasgos aerobios y anaerobios»","0","434","a08bc1a1584b2a31a0da0d84efd1de350abf318b9a2cfa7e0a94e0f34cb0f043","8a33be0a189a42fe8a6c4b14ae5e36aa8df9da89aa312c045c6fd99de3c3f355","d1e8d0a273fc5a24de14fe1b564211f1a9356d22d3b741a6de60f67245df19a4","ExactCooccurrenceIndex.count(nominal_components(nominal_query(fila_residual))); corpus fuente decodificado y normalizado por source_snapshot; resultado literal, no ausencia científica ni adjudicación de revisión."
"BN-178","07e40b55a877c6c81f77def9e306d48f9d5897afb646973af93709cd7516f101","REINSPECCION","2026-09-26T21:20:58Z","/root/revision_residuales","C-2294","data/busquedas_negativas/15_1_15-1-punto-de-partida-y-participantes-celulares.csv","data/tablas/02/table-06a-2-8-2-diversidad-ecologia-metabolismo-posicion-alphaproteobacteria.csv","7","posición filogenética o relación con mitocondrias","identidad=«Iodidimonadales: *Iodidimonas*, Q-1, J067, J084 y J134»; campo=«posición filogenética o relación con mitocondrias»; valor=«linaje SERIK mantenido separado; S49 lo propone como mejor candidato funcional y espacio filogenético posible, no como grupo hermano demostrado»","0","434","a08bc1a1584b2a31a0da0d84efd1de350abf318b9a2cfa7e0a94e0f34cb0f043","8a33be0a189a42fe8a6c4b14ae5e36aa8df9da89aa312c045c6fd99de3c3f355","d1e8d0a273fc5a24de14fe1b564211f1a9356d22d3b741a6de60f67245df19a4","ExactCooccurrenceIndex.count(nominal_components(nominal_query(fila_residual))); corpus fuente decodificado y normalizado por source_snapshot; resultado literal, no ausencia científica ni adjudicación de revisión."
"BN-179","453a1cf7aba04fe53257b99c829acf15eb7125a8edd59e82a5e7029214bca248","REINSPECCION","2026-09-26T21:20:58Z","/root/revision_residuales","C-2295","data/busquedas_negativas/15_1_15-1-punto-de-partida-y-participantes-celulares.csv","data/tablas/02/table-06a-2-8-2-diversidad-ecologia-metabolismo-posicion-alphaproteobacteria.csv","7","clase de evidencia y límite","identidad=«Iodidimonadales: *Iodidimonas*, Q-1, J067, J084 y J134»; campo=«clase de evidencia y límite»; valor=«genomas de cultivo y MAG, operones, rasgos y árbol COX3; el hábitat no convierte la hipótesis de origen en demostración»","0","434","a08bc1a1584b2a31a0da0d84efd1de350abf318b9a2cfa7e0a94e0f34cb0f043","8a33be0a189a42fe8a6c4b14ae5e36aa8df9da89aa312c045c6fd99de3c3f355","d1e8d0a273fc5a24de14fe1b564211f1a9356d22d3b741a6de60f67245df19a4","ExactCooccurrenceIndex.count(nominal_components(nominal_query(fila_residual))); corpus fuente decodificado y normalizado por source_snapshot; resultado literal, no ausencia científica ni adjudicación de revisión."
"BN-180","80a4be782d1f5757caf6808565b94fa6c35e396f23e79231d51002181380f47d","REINSPECCION","2026-09-26T21:20:58Z","/root/revision_residuales","C-2296","data/busquedas_negativas/15_1_15-1-punto-de-partida-y-participantes-celulares.csv","data/tablas/02/table-06a-2-8-2-diversidad-ecologia-metabolismo-posicion-alphaproteobacteria.csv","8","diversidad interna documentada","identidad=«Rhodothalassiales + Kordiimonadales»; campo=«diversidad interna documentada»; valor=«unidades fusionadas en el análisis por rasgos comunes; *Kordiimonas pumila* figura nominalmente en tabla 2»","0","434","a08bc1a1584b2a31a0da0d84efd1de350abf318b9a2cfa7e0a94e0f34cb0f043","8a33be0a189a42fe8a6c4b14ae5e36aa8df9da89aa312c045c6fd99de3c3f355","d1e8d0a273fc5a24de14fe1b564211f1a9356d22d3b741a6de60f67245df19a4","ExactCooccurrenceIndex.count(nominal_components(nominal_query(fila_residual))); corpus fuente decodificado y normalizado por source_snapshot; resultado literal, no ausencia científica ni adjudicación de revisión."
"BN-181","7955bd9a7064160c8a24746adcf97c2d0975e2b30d3065acf505aa70f390023f","REINSPECCION","2026-09-26T21:20:58Z","/root/revision_residuales","C-2297","data/busquedas_negativas/15_1_15-1-punto-de-partida-y-participantes-celulares.csv","data/tablas/02/table-06a-2-8-2-diversidad-ecologia-metabolismo-posicion-alphaproteobacteria.csv","8","ecología o tipo de vida explícito","identidad=«Rhodothalassiales + Kordiimonadales»; campo=«ecología o tipo de vida explícito»; valor=«no consta una ficha ecológica representativa de toda la unidad en los pasajes de S49 usados aquí»","0","434","a08bc1a1584b2a31a0da0d84efd1de350abf318b9a2cfa7e0a94e0f34cb0f043","8a33be0a189a42fe8a6c4b14ae5e36aa8df9da89aa312c045c6fd99de3c3f355","d1e8d0a273fc5a24de14fe1b564211f1a9356d22d3b741a6de60f67245df19a4","ExactCooccurrenceIndex.count(nominal_components(nominal_query(fila_residual))); corpus fuente decodificado y normalizado por source_snapshot; resultado literal, no ausencia científica ni adjudicación de revisión."
"BN-182","603525498e9754875004f57fb72a01a99039251a6665f1d4b7ebd1ef6926c34a","REINSPECCION","2026-09-26T21:20:58Z","/root/revision_residuales","C-2298","data/busquedas_negativas/15_1_15-1-punto-de-partida-y-participantes-celulares.csv","data/tablas/02/table-06a-2-8-2-diversidad-ecologia-metabolismo-posicion-alphaproteobacteria.csv","8","metabolismo documentado","identidad=«Rhodothalassiales + Kordiimonadales»; campo=«metabolismo documentado»; valor=«Kordiimonadales mostró puntuación aerobia comparable a mitocondrias; tabla 2 registra sintenia ribosomal, SPT/KynU y ≥3 rasgos anaerobios en *K. pumila*»","0","434","a08bc1a1584b2a31a0da0d84efd1de350abf318b9a2cfa7e0a94e0f34cb0f043","8a33be0a189a42fe8a6c4b14ae5e36aa8df9da89aa312c045c6fd99de3c3f355","d1e8d0a273fc5a24de14fe1b564211f1a9356d22d3b741a6de60f67245df19a4","ExactCooccurrenceIndex.count(nominal_components(nominal_query(fila_residual))); corpus fuente decodificado y normalizado por source_snapshot; resultado literal, no ausencia científica ni adjudicación de revisión."
"BN-183","9abf8ea78992a76dc6c35aa37c021d58ef2982972b45d1100af8b89b60f09326","REINSPECCION","2026-09-26T21:20:58Z","/root/revision_residuales","C-2299","data/busquedas_negativas/15_1_15-1-punto-de-partida-y-participantes-celulares.csv","data/tablas/02/table-06a-2-8-2-diversidad-ecologia-metabolismo-posicion-alphaproteobacteria.csv","8","posición filogenética o relación con mitocondrias","identidad=«Rhodothalassiales + Kordiimonadales»; campo=«posición filogenética o relación con mitocondrias»; valor=«parte del conjunto SERIK; corona RIK comparada mediante COX3 con mitocondrias»","0","434","a08bc1a1584b2a31a0da0d84efd1de350abf318b9a2cfa7e0a94e0f34cb0f043","8a33be0a189a42fe8a6c4b14ae5e36aa8df9da89aa312c045c6fd99de3c3f355","d1e8d0a273fc5a24de14fe1b564211f1a9356d22d3b741a6de60f67245df19a4","ExactCooccurrenceIndex.count(nominal_components(nominal_query(fila_residual))); corpus fuente decodificado y normalizado por source_snapshot; resultado literal, no ausencia científica ni adjudicación de revisión."
"BN-184","58be05c54dd5984174b1c872ecfc78d1786fc2bd2bee933f3cacdcf64d3da3f4","REINSPECCION","2026-09-26T21:20:58Z","/root/revision_residuales","C-2300","data/busquedas_negativas/15_1_15-1-punto-de-partida-y-participantes-celulares.csv","data/tablas/02/table-06a-2-8-2-diversidad-ecologia-metabolismo-posicion-alphaproteobacteria.csv","8","clase de evidencia y límite","identidad=«Rhodothalassiales + Kordiimonadales»; campo=«clase de evidencia y límite»; valor=«fusión analítica de S49, no sinonimia taxonómica; las celdas vacías de tabla 2 no son ausencias»","0","434","a08bc1a1584b2a31a0da0d84efd1de350abf318b9a2cfa7e0a94e0f34cb0f043","8a33be0a189a42fe8a6c4b14ae5e36aa8df9da89aa312c045c6fd99de3c3f355","d1e8d0a273fc5a24de14fe1b564211f1a9356d22d3b741a6de60f67245df19a4","ExactCooccurrenceIndex.count(nominal_components(nominal_query(fila_residual))); corpus fuente decodificado y normalizado por source_snapshot; resultado literal, no ausencia científica ni adjudicación de revisión."
"BN-185","a8bc5eb763e2b513bbd7fcf3543848499e183678de0c9ad465adcd23ebb4edfa","REINSPECCION","2026-09-26T21:20:58Z","/root/revision_residuales","C-2301","data/busquedas_negativas/15_1_15-1-punto-de-partida-y-participantes-celulares.csv","data/tablas/02/table-06a-2-8-2-diversidad-ecologia-metabolismo-posicion-alphaproteobacteria.csv","9","ecología o tipo de vida explícito","identidad=«Pelagibacterales»; campo=«ecología o tipo de vida explícito»; valor=«no consta una ficha ecológica representativa en los pasajes de S49 usados aquí»","0","434","a08bc1a1584b2a31a0da0d84efd1de350abf318b9a2cfa7e0a94e0f34cb0f043","8a33be0a189a42fe8a6c4b14ae5e36aa8df9da89aa312c045c6fd99de3c3f355","d1e8d0a273fc5a24de14fe1b564211f1a9356d22d3b741a6de60f67245df19a4","ExactCooccurrenceIndex.count(nominal_components(nominal_query(fila_residual))); corpus fuente decodificado y normalizado por source_snapshot; resultado literal, no ausencia científica ni adjudicación de revisión."
"BN-186","e2ffa55842df0776e564ba446f4b6ee429d166c8dbe5fa478a778fe86ab0ef31","REINSPECCION","2026-09-26T21:20:58Z","/root/revision_residuales","C-2302","data/busquedas_negativas/15_1_15-1-punto-de-partida-y-participantes-celulares.csv","data/tablas/02/table-06a-2-8-2-diversidad-ecologia-metabolismo-posicion-alphaproteobacteria.csv","9","clase de evidencia y límite","identidad=«Pelagibacterales»; campo=«clase de evidencia y límite»; valor=«muestreo representativo limitado y comparación de rasgos; no se infiere ecología por el nombre»","0","434","a08bc1a1584b2a31a0da0d84efd1de350abf318b9a2cfa7e0a94e0f34cb0f043","8a33be0a189a42fe8a6c4b14ae5e36aa8df9da89aa312c045c6fd99de3c3f355","d1e8d0a273fc5a24de14fe1b564211f1a9356d22d3b741a6de60f67245df19a4","ExactCooccurrenceIndex.count(nominal_components(nominal_query(fila_residual))); corpus fuente decodificado y normalizado por source_snapshot; resultado literal, no ausencia científica ni adjudicación de revisión."
"BN-187","5f9c90216c98d6fab48a6649ff6ba6f4d63b1f956ac9b9be0ac23c5e199c8794","REINSPECCION","2026-09-26T21:20:59Z","/root/revision_residuales","C-2303","data/busquedas_negativas/15_1_15-1-punto-de-partida-y-participantes-celulares.csv","data/tablas/02/table-06a-2-8-2-diversidad-ecologia-metabolismo-posicion-alphaproteobacteria.csv","10","ecología o tipo de vida explícito","identidad=«Rhizobiales»; campo=«ecología o tipo de vida explícito»; valor=«no consta una ficha ecológica única del orden en los pasajes de S49 usados aquí»","0","434","a08bc1a1584b2a31a0da0d84efd1de350abf318b9a2cfa7e0a94e0f34cb0f043","8a33be0a189a42fe8a6c4b14ae5e36aa8df9da89aa312c045c6fd99de3c3f355","d1e8d0a273fc5a24de14fe1b564211f1a9356d22d3b741a6de60f67245df19a4","ExactCooccurrenceIndex.count(nominal_components(nominal_query(fila_residual))); corpus fuente decodificado y normalizado por source_snapshot; resultado literal, no ausencia científica ni adjudicación de revisión."
"BN-188","46b4d872620e169c0c28bfb80aaa830905a2fffeccab062e0ff51e9076f87d86","REINSPECCION","2026-09-26T21:20:59Z","/root/revision_residuales","C-2304","data/busquedas_negativas/15_1_15-1-punto-de-partida-y-participantes-celulares.csv","data/tablas/02/table-06a-2-8-2-diversidad-ecologia-metabolismo-posicion-alphaproteobacteria.csv","10","metabolismo documentado","identidad=«Rhizobiales»; campo=«metabolismo documentado»; valor=«puntuación aerobia comparable a mitocondrias; frecuencia máxima de ambos tipos de cardiolipina sintasa; SPT en pocos miembros y rasgos anaerobios en Azospirillaceae»","0","434","a08bc1a1584b2a31a0da0d84efd1de350abf318b9a2cfa7e0a94e0f34cb0f043","8a33be0a189a42fe8a6c4b14ae5e36aa8df9da89aa312c045c6fd99de3c3f355","d1e8d0a273fc5a24de14fe1b564211f1a9356d22d3b741a6de60f67245df19a4","ExactCooccurrenceIndex.count(nominal_components(nominal_query(fila_residual))); corpus fuente decodificado y normalizado por source_snapshot; resultado literal, no ausencia científica ni adjudicación de revisión."
"BN-189","8d71f2dc9fbeb35d24cc89adfe2e74479839b0efc23bfce6fc60d8be9ea14a9c","REINSPECCION","2026-09-26T21:20:59Z","/root/revision_residuales","C-2305","data/busquedas_negativas/15_1_15-1-punto-de-partida-y-participantes-celulares.csv","data/tablas/02/table-06a-2-8-2-diversidad-ecologia-metabolismo-posicion-alphaproteobacteria.csv","10","posición filogenética o relación con mitocondrias","identidad=«Rhizobiales»; campo=«posición filogenética o relación con mitocondrias»; valor=«posterior a Pelagibacterales en el orden adoptado; próximo a SERIK/Rhodospirillales en análisis COX3 sin ser candidato único»","0","434","a08bc1a1584b2a31a0da0d84efd1de350abf318b9a2cfa7e0a94e0f34cb0f043","8a33be0a189a42fe8a6c4b14ae5e36aa8df9da89aa312c045c6fd99de3c3f355","d1e8d0a273fc5a24de14fe1b564211f1a9356d22d3b741a6de60f67245df19a4","ExactCooccurrenceIndex.count(nominal_components(nominal_query(fila_residual))); corpus fuente decodificado y normalizado por source_snapshot; resultado literal, no ausencia científica ni adjudicación de revisión."
"BN-190","cb8fe4c2244f951f5d77cb30b8d7a614b02f82b6e67e8af210cec1971a4a2195","REINSPECCION","2026-09-26T21:20:59Z","/root/revision_residuales","C-2306","data/busquedas_negativas/15_1_15-1-punto-de-partida-y-participantes-celulares.csv","data/tablas/02/table-06a-2-8-2-diversidad-ecologia-metabolismo-posicion-alphaproteobacteria.csv","10","clase de evidencia y límite","identidad=«Rhizobiales»; campo=«clase de evidencia y límite»; valor=«genómica comparada; heterogeneidad interna explícita impide atribuir cada rasgo a todo el orden»","0","434","a08bc1a1584b2a31a0da0d84efd1de350abf318b9a2cfa7e0a94e0f34cb0f043","8a33be0a189a42fe8a6c4b14ae5e36aa8df9da89aa312c045c6fd99de3c3f355","d1e8d0a273fc5a24de14fe1b564211f1a9356d22d3b741a6de60f67245df19a4","ExactCooccurrenceIndex.count(nominal_components(nominal_query(fila_residual))); corpus fuente decodificado y normalizado por source_snapshot; resultado literal, no ausencia científica ni adjudicación de revisión."
"BN-191","ce6efdb12fd87a18c0a30085b82e3d160b8660f50d2911147f649c8a3a2adfed","REINSPECCION","2026-09-26T21:20:59Z","/root/revision_residuales","C-2307","data/busquedas_negativas/15_1_15-1-punto-de-partida-y-participantes-celulares.csv","data/tablas/02/table-06a-2-8-2-diversidad-ecologia-metabolismo-posicion-alphaproteobacteria.csv","11","ecología o tipo de vida explícito","identidad=«Sphingomonadales»; campo=«ecología o tipo de vida explícito»; valor=«no consta una ficha ecológica representativa en los pasajes de S49 usados aquí»","0","434","a08bc1a1584b2a31a0da0d84efd1de350abf318b9a2cfa7e0a94e0f34cb0f043","8a33be0a189a42fe8a6c4b14ae5e36aa8df9da89aa312c045c6fd99de3c3f355","d1e8d0a273fc5a24de14fe1b564211f1a9356d22d3b741a6de60f67245df19a4","ExactCooccurrenceIndex.count(nominal_components(nominal_query(fila_residual))); corpus fuente decodificado y normalizado por source_snapshot; resultado literal, no ausencia científica ni adjudicación de revisión."
"BN-192","e7dfcdb37f15b5daabe2039524a3ea2c064ed6fd2dc01f05d44ce9c315bc813c","REINSPECCION","2026-09-26T21:20:59Z","/root/revision_residuales","C-2308","data/busquedas_negativas/15_1_15-1-punto-de-partida-y-participantes-celulares.csv","data/tablas/02/table-06a-2-8-2-diversidad-ecologia-metabolismo-posicion-alphaproteobacteria.csv","11","metabolismo documentado","identidad=«Sphingomonadales»; campo=«metabolismo documentado»; valor=«puntuación aerobia comparable a mitocondrias y frecuencia alta esperada de genes de biosíntesis de esfingolípidos»","0","434","a08bc1a1584b2a31a0da0d84efd1de350abf318b9a2cfa7e0a94e0f34cb0f043","8a33be0a189a42fe8a6c4b14ae5e36aa8df9da89aa312c045c6fd99de3c3f355","d1e8d0a273fc5a24de14fe1b564211f1a9356d22d3b741a6de60f67245df19a4","ExactCooccurrenceIndex.count(nominal_components(nominal_query(fila_residual))); corpus fuente decodificado y normalizado por source_snapshot; resultado literal, no ausencia científica ni adjudicación de revisión."
"BN-193","b201ecf630dbd802ec9da8c8e8426fe801418b22d626f83e58da543d1d0d796a","REINSPECCION","2026-09-26T21:20:59Z","/root/revision_residuales","C-2309","data/busquedas_negativas/15_1_15-1-punto-de-partida-y-participantes-celulares.csv","data/tablas/02/table-06a-2-8-2-diversidad-ecologia-metabolismo-posicion-alphaproteobacteria.csv","11","posición filogenética o relación con mitocondrias","identidad=«Sphingomonadales»; campo=«posición filogenética o relación con mitocondrias»; valor=«linaje tardío representado por muestreo reducido; no se lo identifica como hermano mitocondrial»","0","434","a08bc1a1584b2a31a0da0d84efd1de350abf318b9a2cfa7e0a94e0f34cb0f043","8a33be0a189a42fe8a6c4b14ae5e36aa8df9da89aa312c045c6fd99de3c3f355","d1e8d0a273fc5a24de14fe1b564211f1a9356d22d3b741a6de60f67245df19a4","ExactCooccurrenceIndex.count(nominal_components(nominal_query(fila_residual))); corpus fuente decodificado y normalizado por source_snapshot; resultado literal, no ausencia científica ni adjudicación de revisión."
"BN-194","fb5c5dac5278b238d98e823309968a27dec6025f052faf0fddee70c7fad296ec","REINSPECCION","2026-09-26T21:20:59Z","/root/revision_residuales","C-2310","data/busquedas_negativas/15_1_15-1-punto-de-partida-y-participantes-celulares.csv","data/tablas/02/table-06a-2-8-2-diversidad-ecologia-metabolismo-posicion-alphaproteobacteria.csv","11","clase de evidencia y límite","identidad=«Sphingomonadales»; campo=«clase de evidencia y límite»; valor=«genómica de rasgos; la alta frecuencia de una vía no describe toda su ecología»","0","434","a08bc1a1584b2a31a0da0d84efd1de350abf318b9a2cfa7e0a94e0f34cb0f043","8a33be0a189a42fe8a6c4b14ae5e36aa8df9da89aa312c045c6fd99de3c3f355","d1e8d0a273fc5a24de14fe1b564211f1a9356d22d3b741a6de60f67245df19a4","ExactCooccurrenceIndex.count(nominal_components(nominal_query(fila_residual))); corpus fuente decodificado y normalizado por source_snapshot; resultado literal, no ausencia científica ni adjudicación de revisión."
"BN-195","e26cc02f2a429f02a19f7d28c741833166ae44403cf4ff5e9abce82d48df2e75","REINSPECCION","2026-09-26T21:20:59Z","/root/revision_residuales","C-2311","data/busquedas_negativas/15_1_15-1-punto-de-partida-y-participantes-celulares.csv","data/tablas/02/table-06a-2-8-2-diversidad-ecologia-metabolismo-posicion-alphaproteobacteria.csv","12","ecología o tipo de vida explícito","identidad=«Caulobacterales»; campo=«ecología o tipo de vida explícito»; valor=«no consta una ficha ecológica representativa en los pasajes de S49 usados aquí»","0","434","a08bc1a1584b2a31a0da0d84efd1de350abf318b9a2cfa7e0a94e0f34cb0f043","8a33be0a189a42fe8a6c4b14ae5e36aa8df9da89aa312c045c6fd99de3c3f355","d1e8d0a273fc5a24de14fe1b564211f1a9356d22d3b741a6de60f67245df19a4","ExactCooccurrenceIndex.count(nominal_components(nominal_query(fila_residual))); corpus fuente decodificado y normalizado por source_snapshot; resultado literal, no ausencia científica ni adjudicación de revisión."
"BN-196","865bbfdddfefdb29e2ced41253fd60498bee65d7105bdd2b4f620b1feb95af91","REINSPECCION","2026-09-26T21:20:59Z","/root/revision_residuales","C-2312","data/busquedas_negativas/15_1_15-1-punto-de-partida-y-participantes-celulares.csv","data/tablas/02/table-06a-2-8-2-diversidad-ecologia-metabolismo-posicion-alphaproteobacteria.csv","12","metabolismo documentado","identidad=«Caulobacterales»; campo=«metabolismo documentado»; valor=«puntuación aerobia comparable a mitocondrias, pero enzimas de cardiolipina distintas de PgsA esencialmente ausentes; SPT limitado y combinación SPT–KynU ausente»","0","434","a08bc1a1584b2a31a0da0d84efd1de350abf318b9a2cfa7e0a94e0f34cb0f043","8a33be0a189a42fe8a6c4b14ae5e36aa8df9da89aa312c045c6fd99de3c3f355","d1e8d0a273fc5a24de14fe1b564211f1a9356d22d3b741a6de60f67245df19a4","ExactCooccurrenceIndex.count(nominal_components(nominal_query(fila_residual))); corpus fuente decodificado y normalizado por source_snapshot; resultado literal, no ausencia científica ni adjudicación de revisión."
"BN-197","84cc83af2907612f855102b7fc7efb8e0b7420cbf18d1d2823f5e2f255df0569","REINSPECCION","2026-09-26T21:20:59Z","/root/revision_residuales","C-2313","data/busquedas_negativas/15_1_15-1-punto-de-partida-y-participantes-celulares.csv","data/tablas/02/table-06a-2-8-2-diversidad-ecologia-metabolismo-posicion-alphaproteobacteria.csv","12","posición filogenética o relación con mitocondrias","identidad=«Caulobacterales»; campo=«posición filogenética o relación con mitocondrias»; valor=«linaje tardío representado; algunos Parvularculales/Maricaulales agrupan con él y no se trataron aparte»","0","434","a08bc1a1584b2a31a0da0d84efd1de350abf318b9a2cfa7e0a94e0f34cb0f043","8a33be0a189a42fe8a6c4b14ae5e36aa8df9da89aa312c045c6fd99de3c3f355","d1e8d0a273fc5a24de14fe1b564211f1a9356d22d3b741a6de60f67245df19a4","ExactCooccurrenceIndex.count(nominal_components(nominal_query(fila_residual))); corpus fuente decodificado y normalizado por source_snapshot; resultado literal, no ausencia científica ni adjudicación de revisión."
"BN-198","ac64fd67050f6fd8d4be8ffcf5daa5714a73898b3889fc2f6fb2a1255ad2b16a","REINSPECCION","2026-09-26T21:21:00Z","/root/revision_residuales","C-2315","data/busquedas_negativas/15_1_15-1-punto-de-partida-y-participantes-celulares.csv","data/tablas/02/table-06a-2-8-2-diversidad-ecologia-metabolismo-posicion-alphaproteobacteria.csv","13","ecología o tipo de vida explícito","identidad=«Rhodobacterales»; campo=«ecología o tipo de vida explícito»; valor=«no consta una ficha ecológica representativa en los pasajes de S49 usados aquí»","0","434","a08bc1a1584b2a31a0da0d84efd1de350abf318b9a2cfa7e0a94e0f34cb0f043","8a33be0a189a42fe8a6c4b14ae5e36aa8df9da89aa312c045c6fd99de3c3f355","d1e8d0a273fc5a24de14fe1b564211f1a9356d22d3b741a6de60f67245df19a4","ExactCooccurrenceIndex.count(nominal_components(nominal_query(fila_residual))); corpus fuente decodificado y normalizado por source_snapshot; resultado literal, no ausencia científica ni adjudicación de revisión."
"BN-199","23ecc211aa79d363379c8cd6dca9333b85322d16294ae6054db8c91d0b96155b","REINSPECCION","2026-09-26T21:21:00Z","/root/revision_residuales","C-2321","data/busquedas_negativas/15_4_15-4-registro-material-tiempo-ambiente-y-ecologia.csv","data/tablas/05/table-34a-5-8-inventario-fosiles-proterozoicos.csv","2","asignación corona/tallo/indeterminada","identidad=«*Tappania plana*»; campo=«asignación corona/tallo/indeterminada»; valor=«posición indeterminada dentro de Eukaryota; no asignada a corona o tallo»","0","434","a08bc1a1584b2a31a0da0d84efd1de350abf318b9a2cfa7e0a94e0f34cb0f043","8a33be0a189a42fe8a6c4b14ae5e36aa8df9da89aa312c045c6fd99de3c3f355","d1e8d0a273fc5a24de14fe1b564211f1a9356d22d3b741a6de60f67245df19a4","ExactCooccurrenceIndex.count(nominal_components(nominal_query(fila_residual))); corpus fuente decodificado y normalizado por source_snapshot; resultado literal, no ausencia científica ni adjudicación de revisión."
"BN-200","10b2e5ae4fbde4e9b7ae5553661b18bbc585b40209eebaafce216892c09bf1c1","REINSPECCION","2026-09-26T21:21:00Z","/root/revision_residuales","C-2334","data/busquedas_negativas/15_4_15-4-registro-material-tiempo-ambiente-y-ecologia.csv","data/tablas/05/table-34a-5-8-inventario-fosiles-proterozoicos.csv","10","argumento contrario o límite","identidad=«*Bangiomorpha pubescens*»; campo=«argumento contrario o límite»; valor=«meiosis y gametos no se observan directamente; calibración depende de afinidad»","0","434","a08bc1a1584b2a31a0da0d84efd1de350abf318b9a2cfa7e0a94e0f34cb0f043","8a33be0a189a42fe8a6c4b14ae5e36aa8df9da89aa312c045c6fd99de3c3f355","d1e8d0a273fc5a24de14fe1b564211f1a9356d22d3b741a6de60f67245df19a4","ExactCooccurrenceIndex.count(nominal_components(nominal_query(fila_residual))); corpus fuente decodificado y normalizado por source_snapshot; resultado literal, no ausencia científica ni adjudicación de revisión."
"BN-201","5b42570f3228638eea9ba4d280b17f18fdcb1c28a97206616ef1eb38a80d1a48","REINSPECCION","2026-09-26T21:21:00Z","/root/revision_residuales","C-2336","data/busquedas_negativas/15_4_15-4-registro-material-tiempo-ambiente-y-ecologia.csv","data/tablas/05/table-34a-5-8-inventario-fosiles-proterozoicos.csv","13","carácter argumental","identidad=«*Tianzhushania* / ciclo *Megasphaera*»; campo=«carácter argumental»; valor=«divisiones palintómicas, núcleos/estructuras de germinación y diferenciación propuestas»","0","434","a08bc1a1584b2a31a0da0d84efd1de350abf318b9a2cfa7e0a94e0f34cb0f043","8a33be0a189a42fe8a6c4b14ae5e36aa8df9da89aa312c045c6fd99de3c3f355","d1e8d0a273fc5a24de14fe1b564211f1a9356d22d3b741a6de60f67245df19a4","ExactCooccurrenceIndex.count(nominal_components(nominal_query(fila_residual))); corpus fuente decodificado y normalizado por source_snapshot; resultado literal, no ausencia científica ni adjudicación de revisión."
"BN-202","a93be5008df53e7065322d1895834acd5b057bce42d3c8efc5a38407d15e6e92","REINSPECCION","2026-09-26T21:21:01Z","/root/revision_residuales","C-2339","data/busquedas_negativas/15_4_15-4-registro-material-tiempo-ambiente-y-ecologia.csv","data/tablas/06/table-36-6-1-estimaciones-publicadas.csv","2","genes y taxones muestreados","identidad=«Douzery et al. 2004»; campo=«genes y taxones muestreados»; valor=«genes y taxones no desglosados en las afirmaciones recuperadas [BN-117]»","0","434","a08bc1a1584b2a31a0da0d84efd1de350abf318b9a2cfa7e0a94e0f34cb0f043","8a33be0a189a42fe8a6c4b14ae5e36aa8df9da89aa312c045c6fd99de3c3f355","d1e8d0a273fc5a24de14fe1b564211f1a9356d22d3b741a6de60f67245df19a4","ExactCooccurrenceIndex.count(nominal_components(nominal_query(fila_residual))); corpus fuente decodificado y normalizado por source_snapshot; resultado literal, no ausencia científica ni adjudicación de revisión."
"BN-203","2d6fc94b6abd829888b1c79119ff404280b6a91fb2252f570955d50418a7e9f0","REINSPECCION","2026-09-26T21:21:01Z","/root/revision_residuales","C-2340","data/busquedas_negativas/15_4_15-4-registro-material-tiempo-ambiente-y-ecologia.csv","data/tablas/06/table-36-6-1-estimaciones-publicadas.csv","2","solapamiento publicado","identidad=«Douzery et al. 2004»; campo=«solapamiento publicado»; valor=«no hay valor publicado localizado para el solapamiento con los demás intervalos [BN-117]»","0","434","a08bc1a1584b2a31a0da0d84efd1de350abf318b9a2cfa7e0a94e0f34cb0f043","8a33be0a189a42fe8a6c4b14ae5e36aa8df9da89aa312c045c6fd99de3c3f355","d1e8d0a273fc5a24de14fe1b564211f1a9356d22d3b741a6de60f67245df19a4","ExactCooccurrenceIndex.count(nominal_components(nominal_query(fila_residual))); corpus fuente decodificado y normalizado por source_snapshot; resultado literal, no ausencia científica ni adjudicación de revisión."
"BN-204","1d61e385ea6fafd3972249e2c551e4a35617230b2c311fd7505b5f11eea7f321","REINSPECCION","2026-09-26T21:21:01Z","/root/revision_residuales","C-2341","data/busquedas_negativas/15_4_15-4-registro-material-tiempo-ambiente-y-ecologia.csv","data/tablas/06/table-36-6-1-estimaciones-publicadas.csv","3","genes y taxones muestreados","identidad=«Douzery et al. 2004»; campo=«genes y taxones muestreados»; valor=«mismo muestreo que la fila anterior; desglose no localizado [BN-117]»","0","434","a08bc1a1584b2a31a0da0d84efd1de350abf318b9a2cfa7e0a94e0f34cb0f043","8a33be0a189a42fe8a6c4b14ae5e36aa8df9da89aa312c045c6fd99de3c3f355","d1e8d0a273fc5a24de14fe1b564211f1a9356d22d3b741a6de60f67245df19a4","ExactCooccurrenceIndex.count(nominal_components(nominal_query(fila_residual))); corpus fuente decodificado y normalizado por source_snapshot; resultado literal, no ausencia científica ni adjudicación de revisión."
"BN-205","a9e8cab6da0c7fdb6c5d061464227cefc4d1bbfb2e0c5256cc8f45147b875f31","REINSPECCION","2026-09-26T21:21:01Z","/root/revision_residuales","C-2342","data/busquedas_negativas/15_4_15-4-registro-material-tiempo-ambiente-y-ecologia.csv","data/tablas/06/table-36-6-1-estimaciones-publicadas.csv","3","solapamiento publicado","identidad=«Douzery et al. 2004»; campo=«solapamiento publicado»; valor=«no hay valor publicado localizado para el solapamiento con los demás intervalos [BN-117]»","0","434","a08bc1a1584b2a31a0da0d84efd1de350abf318b9a2cfa7e0a94e0f34cb0f043","8a33be0a189a42fe8a6c4b14ae5e36aa8df9da89aa312c045c6fd99de3c3f355","d1e8d0a273fc5a24de14fe1b564211f1a9356d22d3b741a6de60f67245df19a4","ExactCooccurrenceIndex.count(nominal_components(nominal_query(fila_residual))); corpus fuente decodificado y normalizado por source_snapshot; resultado literal, no ausencia científica ni adjudicación de revisión."
"BN-206","aa0c6051891b5ff0ed5c76d3434458ad0fc8360adb30e307fd9ff85a4e7312bc","REINSPECCION","2026-09-26T21:21:01Z","/root/revision_residuales","C-2343","data/busquedas_negativas/15_4_15-4-registro-material-tiempo-ambiente-y-ecologia.csv","data/tablas/06/table-36-6-1-estimaciones-publicadas.csv","4","solapamiento publicado","identidad=«Parfrey et al. 2011»; campo=«solapamiento publicado»; valor=«no hay valor publicado localizado para el solapamiento con los demás intervalos [BN-117]»","0","434","a08bc1a1584b2a31a0da0d84efd1de350abf318b9a2cfa7e0a94e0f34cb0f043","8a33be0a189a42fe8a6c4b14ae5e36aa8df9da89aa312c045c6fd99de3c3f355","d1e8d0a273fc5a24de14fe1b564211f1a9356d22d3b741a6de60f67245df19a4","ExactCooccurrenceIndex.count(nominal_components(nominal_query(fila_residual))); corpus fuente decodificado y normalizado por source_snapshot; resultado literal, no ausencia científica ni adjudicación de revisión."
"BN-207","a5ef99fa048b27aae585ce085d4e122509e4ef87cededbddd6d18a9c3c28d83b","REINSPECCION","2026-09-26T21:21:01Z","/root/revision_residuales","C-2344","data/busquedas_negativas/15_4_15-4-registro-material-tiempo-ambiente-y-ecologia.csv","data/tablas/06/table-36-6-1-estimaciones-publicadas.csv","5","genes y taxones muestreados","identidad=«Eme et al. 2014»; campo=«genes y taxones muestreados»; valor=«genes y taxones no desglosados en las afirmaciones recuperadas [BN-117]»","0","434","a08bc1a1584b2a31a0da0d84efd1de350abf318b9a2cfa7e0a94e0f34cb0f043","8a33be0a189a42fe8a6c4b14ae5e36aa8df9da89aa312c045c6fd99de3c3f355","d1e8d0a273fc5a24de14fe1b564211f1a9356d22d3b741a6de60f67245df19a4","ExactCooccurrenceIndex.count(nominal_components(nominal_query(fila_residual))); corpus fuente decodificado y normalizado por source_snapshot; resultado literal, no ausencia científica ni adjudicación de revisión."
"BN-208","a8381461961f54ea8ad55f00a535dbed3a988cd6537ace2da55c40abdfba6b8e","REINSPECCION","2026-09-26T21:21:01Z","/root/revision_residuales","C-2345","data/busquedas_negativas/15_4_15-4-registro-material-tiempo-ambiente-y-ecologia.csv","data/tablas/06/table-36-6-1-estimaciones-publicadas.csv","5","solapamiento publicado","identidad=«Eme et al. 2014»; campo=«solapamiento publicado»; valor=«no hay valor publicado localizado para el solapamiento con los demás intervalos [BN-117]»","0","434","a08bc1a1584b2a31a0da0d84efd1de350abf318b9a2cfa7e0a94e0f34cb0f043","8a33be0a189a42fe8a6c4b14ae5e36aa8df9da89aa312c045c6fd99de3c3f355","d1e8d0a273fc5a24de14fe1b564211f1a9356d22d3b741a6de60f67245df19a4","ExactCooccurrenceIndex.count(nominal_components(nominal_query(fila_residual))); corpus fuente decodificado y normalizado por source_snapshot; resultado literal, no ausencia científica ni adjudicación de revisión."
"BN-209","da9a79542837c181469eed78734bf644a57bac1f7bd77e16a51270b3c57d8d3d","REINSPECCION","2026-09-26T21:21:01Z","/root/revision_residuales","C-2346","data/busquedas_negativas/15_4_15-4-registro-material-tiempo-ambiente-y-ecologia.csv","data/tablas/06/table-36-6-1-estimaciones-publicadas.csv","6","genes y taxones muestreados","identidad=«Eme et al. 2014»; campo=«genes y taxones muestreados»; valor=«mismo estudio; genes y taxones no desglosados [BN-117]»","0","434","a08bc1a1584b2a31a0da0d84efd1de350abf318b9a2cfa7e0a94e0f34cb0f043","8a33be0a189a42fe8a6c4b14ae5e36aa8df9da89aa312c045c6fd99de3c3f355","d1e8d0a273fc5a24de14fe1b564211f1a9356d22d3b741a6de60f67245df19a4","ExactCooccurrenceIndex.count(nominal_components(nominal_query(fila_residual))); corpus fuente decodificado y normalizado por source_snapshot; resultado literal, no ausencia científica ni adjudicación de revisión."
"BN-210","7222ae615ca46737d7ed950a2e480a62fde6243cf829fd346698282bbc43cb11","REINSPECCION","2026-09-26T21:21:01Z","/root/revision_residuales","C-2347","data/busquedas_negativas/15_4_15-4-registro-material-tiempo-ambiente-y-ecologia.csv","data/tablas/06/table-36-6-1-estimaciones-publicadas.csv","6","solapamiento publicado","identidad=«Eme et al. 2014»; campo=«solapamiento publicado»; valor=«no hay valor publicado localizado para el solapamiento con los demás intervalos [BN-117]»","0","434","a08bc1a1584b2a31a0da0d84efd1de350abf318b9a2cfa7e0a94e0f34cb0f043","8a33be0a189a42fe8a6c4b14ae5e36aa8df9da89aa312c045c6fd99de3c3f355","d1e8d0a273fc5a24de14fe1b564211f1a9356d22d3b741a6de60f67245df19a4","ExactCooccurrenceIndex.count(nominal_components(nominal_query(fila_residual))); corpus fuente decodificado y normalizado por source_snapshot; resultado literal, no ausencia científica ni adjudicación de revisión."
"BN-211","b212fff550f133349a7ff3152dfa10bbd175d46b795a31d254e2b43c99b2a610","REINSPECCION","2026-09-26T21:21:01Z","/root/revision_residuales","C-2349","data/busquedas_negativas/15_4_15-4-registro-material-tiempo-ambiente-y-ecologia.csv","data/tablas/06/table-36-6-1-estimaciones-publicadas.csv","7","genes y taxones muestreados","identidad=«Eme et al. 2014»; campo=«genes y taxones muestreados»; valor=«mismo estudio; genes y taxones no desglosados [BN-117]»","0","434","a08bc1a1584b2a31a0da0d84efd1de350abf318b9a2cfa7e0a94e0f34cb0f043","8a33be0a189a42fe8a6c4b14ae5e36aa8df9da89aa312c045c6fd99de3c3f355","d1e8d0a273fc5a24de14fe1b564211f1a9356d22d3b741a6de60f67245df19a4","ExactCooccurrenceIndex.count(nominal_components(nominal_query(fila_residual))); corpus fuente decodificado y normalizado por source_snapshot; resultado literal, no ausencia científica ni adjudicación de revisión."
"BN-212","f9971d3fc2ccf8554dcd76c97895255afd8ee3a48b3a9145629d20ca64d2253f","REINSPECCION","2026-09-26T21:21:01Z","/root/revision_residuales","C-2350","data/busquedas_negativas/15_4_15-4-registro-material-tiempo-ambiente-y-ecologia.csv","data/tablas/06/table-36-6-1-estimaciones-publicadas.csv","7","solapamiento publicado","identidad=«Eme et al. 2014»; campo=«solapamiento publicado»; valor=«no hay valor publicado localizado para compararla con otros estudios [BN-117]»","0","434","a08bc1a1584b2a31a0da0d84efd1de350abf318b9a2cfa7e0a94e0f34cb0f043","8a33be0a189a42fe8a6c4b14ae5e36aa8df9da89aa312c045c6fd99de3c3f355","d1e8d0a273fc5a24de14fe1b564211f1a9356d22d3b741a6de60f67245df19a4","ExactCooccurrenceIndex.count(nominal_components(nominal_query(fila_residual))); corpus fuente decodificado y normalizado por source_snapshot; resultado literal, no ausencia científica ni adjudicación de revisión."
"BN-213","2ef8ef9d859c5e4c949905d52e50cedd4451df3f5c04785a71dd304dd5140c72","REINSPECCION","2026-09-26T21:21:02Z","/root/revision_residuales","C-2351","data/busquedas_negativas/15_4_15-4-registro-material-tiempo-ambiente-y-ecologia.csv","data/tablas/06/table-36-6-1-estimaciones-publicadas.csv","8","genes y taxones muestreados","identidad=«Strassert et al. 2021»; campo=«genes y taxones muestreados»; valor=«genes y taxones no desglosados en las afirmaciones recuperadas [BN-117]»","0","434","a08bc1a1584b2a31a0da0d84efd1de350abf318b9a2cfa7e0a94e0f34cb0f043","8a33be0a189a42fe8a6c4b14ae5e36aa8df9da89aa312c045c6fd99de3c3f355","d1e8d0a273fc5a24de14fe1b564211f1a9356d22d3b741a6de60f67245df19a4","ExactCooccurrenceIndex.count(nominal_components(nominal_query(fila_residual))); corpus fuente decodificado y normalizado por source_snapshot; resultado literal, no ausencia científica ni adjudicación de revisión."
"BN-214","f2a97dc70635fd73e9a1922ecd88f9389977e12b7b3ea73a9de353e11afff683","REINSPECCION","2026-09-26T21:21:02Z","/root/revision_residuales","C-2352","data/busquedas_negativas/15_4_15-4-registro-material-tiempo-ambiente-y-ecologia.csv","data/tablas/06/table-36-6-1-estimaciones-publicadas.csv","8","solapamiento publicado","identidad=«Strassert et al. 2021»; campo=«solapamiento publicado»; valor=«no hay valor publicado localizado para el solapamiento con los demás intervalos [BN-117]»","0","434","a08bc1a1584b2a31a0da0d84efd1de350abf318b9a2cfa7e0a94e0f34cb0f043","8a33be0a189a42fe8a6c4b14ae5e36aa8df9da89aa312c045c6fd99de3c3f355","d1e8d0a273fc5a24de14fe1b564211f1a9356d22d3b741a6de60f67245df19a4","ExactCooccurrenceIndex.count(nominal_components(nominal_query(fila_residual))); corpus fuente decodificado y normalizado por source_snapshot; resultado literal, no ausencia científica ni adjudicación de revisión."
"BN-215","fab127bf23308288ff85b5ed92e596bfc09f051a0a571afc6555c8109b1a66f7","REINSPECCION","2026-09-26T21:21:02Z","/root/revision_residuales","C-2353","data/busquedas_negativas/15_4_15-4-registro-material-tiempo-ambiente-y-ecologia.csv","data/tablas/06/table-36-6-1-estimaciones-publicadas.csv","9","magnitud","identidad=«Betts et al. 2018»; campo=«magnitud»; valor=«no hay valor publicado localizado en esta tabla»","0","434","a08bc1a1584b2a31a0da0d84efd1de350abf318b9a2cfa7e0a94e0f34cb0f043","8a33be0a189a42fe8a6c4b14ae5e36aa8df9da89aa312c045c6fd99de3c3f355","d1e8d0a273fc5a24de14fe1b564211f1a9356d22d3b741a6de60f67245df19a4","ExactCooccurrenceIndex.count(nominal_components(nominal_query(fila_residual))); corpus fuente decodificado y normalizado por source_snapshot; resultado literal, no ausencia científica ni adjudicación de revisión."
"BN-216","4033ae17884f2aca0d9fd995f79c2c9d9dd4c7ddd3b30644f2d9d5c99a58cc9c","REINSPECCION","2026-09-26T21:21:02Z","/root/revision_residuales","C-2354","data/busquedas_negativas/15_4_15-4-registro-material-tiempo-ambiente-y-ecologia.csv","data/tablas/06/table-36-6-1-estimaciones-publicadas.csv","9","intervalo publicado","identidad=«Betts et al. 2018»; campo=«intervalo publicado»; valor=«no hay valor publicado localizado en esta tabla»","0","434","a08bc1a1584b2a31a0da0d84efd1de350abf318b9a2cfa7e0a94e0f34cb0f043","8a33be0a189a42fe8a6c4b14ae5e36aa8df9da89aa312c045c6fd99de3c3f355","d1e8d0a273fc5a24de14fe1b564211f1a9356d22d3b741a6de60f67245df19a4","ExactCooccurrenceIndex.count(nominal_components(nominal_query(fila_residual))); corpus fuente decodificado y normalizado por source_snapshot; resultado literal, no ausencia científica ni adjudicación de revisión."
"BN-217","830106581581cc8813afd059a84532b8462b36bc3d3f3a0a47471c750f5b7804","REINSPECCION","2026-09-26T21:21:02Z","/root/revision_residuales","C-2355","data/busquedas_negativas/15_4_15-4-registro-material-tiempo-ambiente-y-ecologia.csv","data/tablas/06/table-36-6-1-estimaciones-publicadas.csv","9","genes y taxones muestreados","identidad=«Betts et al. 2018»; campo=«genes y taxones muestreados»; valor=«muestreo no desglosado en las afirmaciones recuperadas [BN-117]»","0","434","a08bc1a1584b2a31a0da0d84efd1de350abf318b9a2cfa7e0a94e0f34cb0f043","8a33be0a189a42fe8a6c4b14ae5e36aa8df9da89aa312c045c6fd99de3c3f355","d1e8d0a273fc5a24de14fe1b564211f1a9356d22d3b741a6de60f67245df19a4","ExactCooccurrenceIndex.count(nominal_components(nominal_query(fila_residual))); corpus fuente decodificado y normalizado por source_snapshot; resultado literal, no ausencia científica ni adjudicación de revisión."
"BN-218","3432e72552381a30aca79d3e375a1a81b9820fcdecf4e7d110bb3eee8f1e971d","REINSPECCION","2026-09-26T21:21:02Z","/root/revision_residuales","C-2356","data/busquedas_negativas/15_4_15-4-registro-material-tiempo-ambiente-y-ecologia.csv","data/tablas/06/table-36-6-1-estimaciones-publicadas.csv","9","datación de nodo o evidencia total","identidad=«Betts et al. 2018»; campo=«datación de nodo o evidencia total»; valor=«clase exacta nodo/evidencia total no localizada [BN-117]»","0","434","a08bc1a1584b2a31a0da0d84efd1de350abf318b9a2cfa7e0a94e0f34cb0f043","8a33be0a189a42fe8a6c4b14ae5e36aa8df9da89aa312c045c6fd99de3c3f355","d1e8d0a273fc5a24de14fe1b564211f1a9356d22d3b741a6de60f67245df19a4","ExactCooccurrenceIndex.count(nominal_components(nominal_query(fila_residual))); corpus fuente decodificado y normalizado por source_snapshot; resultado literal, no ausencia científica ni adjudicación de revisión."
"BN-219","521bdb35ad15e76aca6f4def75c31057579a228e61bcb6ba5cad04e2bd5f4e24","REINSPECCION","2026-09-26T21:21:02Z","/root/revision_residuales","C-2357","data/busquedas_negativas/15_4_15-4-registro-material-tiempo-ambiente-y-ecologia.csv","data/tablas/06/table-36-6-1-estimaciones-publicadas.csv","9","solapamiento publicado","identidad=«Betts et al. 2018»; campo=«solapamiento publicado»; valor=«no aplica: no se conserva intervalo nominal»","0","434","a08bc1a1584b2a31a0da0d84efd1de350abf318b9a2cfa7e0a94e0f34cb0f043","8a33be0a189a42fe8a6c4b14ae5e36aa8df9da89aa312c045c6fd99de3c3f355","d1e8d0a273fc5a24de14fe1b564211f1a9356d22d3b741a6de60f67245df19a4","ExactCooccurrenceIndex.count(nominal_components(nominal_query(fila_residual))); corpus fuente decodificado y normalizado por source_snapshot; resultado literal, no ausencia científica ni adjudicación de revisión."
"BN-220","b413aebafdc399eb81156def5b661dad9f3c544fe4af89550e042dfd48931754","REINSPECCION","2026-09-26T21:21:02Z","/root/revision_residuales","C-2358","data/busquedas_negativas/15_4_15-4-registro-material-tiempo-ambiente-y-ecologia.csv","data/tablas/06/table-36-6-1-estimaciones-publicadas.csv","9","fuente y razón de diferencia","identidad=«Betts et al. 2018»; campo=«fuente y razón de diferencia»; valor=«S177; se conserva como contraste metodológico, no como intervalo vacío comparable»","0","434","a08bc1a1584b2a31a0da0d84efd1de350abf318b9a2cfa7e0a94e0f34cb0f043","8a33be0a189a42fe8a6c4b14ae5e36aa8df9da89aa312c045c6fd99de3c3f355","d1e8d0a273fc5a24de14fe1b564211f1a9356d22d3b741a6de60f67245df19a4","ExactCooccurrenceIndex.count(nominal_components(nominal_query(fila_residual))); corpus fuente decodificado y normalizado por source_snapshot; resultado literal, no ausencia científica ni adjudicación de revisión."
"BN-221","e572fbdb766ad1082db5d2087e5d95b2bfb7ec53741f4fa38133c9c3580fef03","REINSPECCION","2026-09-26T21:21:02Z","/root/revision_residuales","C-2359","data/busquedas_negativas/15_4_15-4-registro-material-tiempo-ambiente-y-ecologia.csv","data/tablas/06/table-36-6-1-estimaciones-publicadas.csv","10","genes y taxones muestreados","identidad=«Porter 2020»; campo=«genes y taxones muestreados»; valor=«conjunto fósil discutido por la fuente; desglose no localizado [BN-117]»","0","434","a08bc1a1584b2a31a0da0d84efd1de350abf318b9a2cfa7e0a94e0f34cb0f043","8a33be0a189a42fe8a6c4b14ae5e36aa8df9da89aa312c045c6fd99de3c3f355","d1e8d0a273fc5a24de14fe1b564211f1a9356d22d3b741a6de60f67245df19a4","ExactCooccurrenceIndex.count(nominal_components(nominal_query(fila_residual))); corpus fuente decodificado y normalizado por source_snapshot; resultado literal, no ausencia científica ni adjudicación de revisión."
"BN-222","79af58bf4346fddaad68d29486b112f29b7456a11e4227bd1c3adb62679e5620","REINSPECCION","2026-09-26T21:21:02Z","/root/revision_residuales","C-2360","data/busquedas_negativas/15_4_15-4-registro-material-tiempo-ambiente-y-ecologia.csv","data/tablas/06/table-36-6-1-estimaciones-publicadas.csv","10","solapamiento publicado","identidad=«Porter 2020»; campo=«solapamiento publicado»; valor=«no hay valor publicado localizado para el solapamiento con relojes [BN-117]»","0","434","a08bc1a1584b2a31a0da0d84efd1de350abf318b9a2cfa7e0a94e0f34cb0f043","8a33be0a189a42fe8a6c4b14ae5e36aa8df9da89aa312c045c6fd99de3c3f355","d1e8d0a273fc5a24de14fe1b564211f1a9356d22d3b741a6de60f67245df19a4","ExactCooccurrenceIndex.count(nominal_components(nominal_query(fila_residual))); corpus fuente decodificado y normalizado por source_snapshot; resultado literal, no ausencia científica ni adjudicación de revisión."
"BN-223","d59f83571fe9bdda038e291a722aa566dde131e7e0146ed624aff50d2a2e4209","REINSPECCION","2026-09-26T21:21:03Z","/root/revision_residuales","C-2361","data/busquedas_negativas/15_4_15-4-registro-material-tiempo-ambiente-y-ecologia.csv","data/tablas/06/table-36-6-1-estimaciones-publicadas.csv","11","intervalo publicado","identidad=«Chernikova et al. 2011 / posición de origen tardío»; campo=«intervalo publicado»; valor=«no hay valor publicado localizado en esta tabla»","0","434","a08bc1a1584b2a31a0da0d84efd1de350abf318b9a2cfa7e0a94e0f34cb0f043","8a33be0a189a42fe8a6c4b14ae5e36aa8df9da89aa312c045c6fd99de3c3f355","d1e8d0a273fc5a24de14fe1b564211f1a9356d22d3b741a6de60f67245df19a4","ExactCooccurrenceIndex.count(nominal_components(nominal_query(fila_residual))); corpus fuente decodificado y normalizado por source_snapshot; resultado literal, no ausencia científica ni adjudicación de revisión."
"BN-224","0b7e1f9eebe9d483fe366a7de1b716ee65b91bba97fb061b457273bb94252924","REINSPECCION","2026-09-26T21:21:03Z","/root/revision_residuales","C-2362","data/busquedas_negativas/15_4_15-4-registro-material-tiempo-ambiente-y-ecologia.csv","data/tablas/06/table-36-6-1-estimaciones-publicadas.csv","11","genes y taxones muestreados","identidad=«Chernikova et al. 2011 / posición de origen tardío»; campo=«genes y taxones muestreados»; valor=«registro fósil; muestreo exacto no localizado [BN-117]»","0","434","a08bc1a1584b2a31a0da0d84efd1de350abf318b9a2cfa7e0a94e0f34cb0f043","8a33be0a189a42fe8a6c4b14ae5e36aa8df9da89aa312c045c6fd99de3c3f355","d1e8d0a273fc5a24de14fe1b564211f1a9356d22d3b741a6de60f67245df19a4","ExactCooccurrenceIndex.count(nominal_components(nominal_query(fila_residual))); corpus fuente decodificado y normalizado por source_snapshot; resultado literal, no ausencia científica ni adjudicación de revisión."
"BN-225","b5e3268d2576d2777c1e286033641fa0fd8563ce86a111b899946fe7c3e28d28","REINSPECCION","2026-09-26T21:21:03Z","/root/revision_residuales","C-2363","data/busquedas_negativas/15_4_15-4-registro-material-tiempo-ambiente-y-ecologia.csv","data/tablas/06/table-36-6-1-estimaciones-publicadas.csv","11","solapamiento publicado","identidad=«Chernikova et al. 2011 / posición de origen tardío»; campo=«solapamiento publicado»; valor=«no aplica: no se conserva intervalo nominal»","0","434","a08bc1a1584b2a31a0da0d84efd1de350abf318b9a2cfa7e0a94e0f34cb0f043","8a33be0a189a42fe8a6c4b14ae5e36aa8df9da89aa312c045c6fd99de3c3f355","d1e8d0a273fc5a24de14fe1b564211f1a9356d22d3b741a6de60f67245df19a4","ExactCooccurrenceIndex.count(nominal_components(nominal_query(fila_residual))); corpus fuente decodificado y normalizado por source_snapshot; resultado literal, no ausencia científica ni adjudicación de revisión."
"BN-226","51b6c5b78e3e36f8973ef633dcbc787930aa62cbfda7ec0f5e9150ee54a01c85","REINSPECCION","2026-09-26T21:21:03Z","/root/revision_residuales","C-2364","data/busquedas_negativas/15_4_15-4-registro-material-tiempo-ambiente-y-ecologia.csv","data/tablas/06/table-36-6-1-estimaciones-publicadas.csv","12","genes y taxones muestreados","identidad=«preprint de dinámica de clados 2026»; campo=«genes y taxones muestreados»; valor=«muestreo no desglosado en las afirmaciones recuperadas [BN-117]»","0","434","a08bc1a1584b2a31a0da0d84efd1de350abf318b9a2cfa7e0a94e0f34cb0f043","8a33be0a189a42fe8a6c4b14ae5e36aa8df9da89aa312c045c6fd99de3c3f355","d1e8d0a273fc5a24de14fe1b564211f1a9356d22d3b741a6de60f67245df19a4","ExactCooccurrenceIndex.count(nominal_components(nominal_query(fila_residual))); corpus fuente decodificado y normalizado por source_snapshot; resultado literal, no ausencia científica ni adjudicación de revisión."
"BN-227","bd0fd5c3a502f432a9e429d00e2b29aae3d42e6a73b58115b6472366d9369422","REINSPECCION","2026-09-26T21:21:03Z","/root/revision_residuales","C-2365","data/busquedas_negativas/15_4_15-4-registro-material-tiempo-ambiente-y-ecologia.csv","data/tablas/06/table-36-6-1-estimaciones-publicadas.csv","12","datación de nodo o evidencia total","identidad=«preprint de dinámica de clados 2026»; campo=«datación de nodo o evidencia total»; valor=«clase exacta nodo/evidencia total no localizada [BN-117]»","0","434","a08bc1a1584b2a31a0da0d84efd1de350abf318b9a2cfa7e0a94e0f34cb0f043","8a33be0a189a42fe8a6c4b14ae5e36aa8df9da89aa312c045c6fd99de3c3f355","d1e8d0a273fc5a24de14fe1b564211f1a9356d22d3b741a6de60f67245df19a4","ExactCooccurrenceIndex.count(nominal_components(nominal_query(fila_residual))); corpus fuente decodificado y normalizado por source_snapshot; resultado literal, no ausencia científica ni adjudicación de revisión."
"BN-228","9123550d94d83e39070f36105961912e465d1c0f8a39191d31a68f809af3279f","REINSPECCION","2026-09-26T21:21:03Z","/root/revision_residuales","C-2366","data/busquedas_negativas/15_4_15-4-registro-material-tiempo-ambiente-y-ecologia.csv","data/tablas/06/table-36-6-1-estimaciones-publicadas.csv","12","solapamiento publicado","identidad=«preprint de dinámica de clados 2026»; campo=«solapamiento publicado»; valor=«no hay valor publicado localizado para el solapamiento con los demás intervalos [BN-117]»","0","434","a08bc1a1584b2a31a0da0d84efd1de350abf318b9a2cfa7e0a94e0f34cb0f043","8a33be0a189a42fe8a6c4b14ae5e36aa8df9da89aa312c045c6fd99de3c3f355","d1e8d0a273fc5a24de14fe1b564211f1a9356d22d3b741a6de60f67245df19a4","ExactCooccurrenceIndex.count(nominal_components(nominal_query(fila_residual))); corpus fuente decodificado y normalizado por source_snapshot; resultado literal, no ausencia científica ni adjudicación de revisión."
"BN-229","6cbc9fb307659d70753768ff808631cd659201ad59549b3f2f2c0b3eba00a01d","REINSPECCION","2026-09-26T21:21:03Z","/root/revision_residuales","C-2368","data/busquedas_negativas/15_4_15-4-registro-material-tiempo-ambiente-y-ecologia.csv","data/tablas/06/table-36-6-1-estimaciones-publicadas.csv","14","solapamiento publicado","identidad=«Sandin et al. 2026»; campo=«solapamiento publicado»; valor=«no hay valor publicado localizado para el solapamiento con los demás intervalos [BN-117]»","0","434","a08bc1a1584b2a31a0da0d84efd1de350abf318b9a2cfa7e0a94e0f34cb0f043","8a33be0a189a42fe8a6c4b14ae5e36aa8df9da89aa312c045c6fd99de3c3f355","d1e8d0a273fc5a24de14fe1b564211f1a9356d22d3b741a6de60f67245df19a4","ExactCooccurrenceIndex.count(nominal_components(nominal_query(fila_residual))); corpus fuente decodificado y normalizado por source_snapshot; resultado literal, no ausencia científica ni adjudicación de revisión."
"BN-230","563a4c1eb368890dc2e61d7fa9ce0dfe060ec000c25ff58c13379e26a6d80de8","REINSPECCION","2026-09-26T21:21:03Z","/root/revision_residuales","C-2369","data/busquedas_negativas/15_4_15-4-registro-material-tiempo-ambiente-y-ecologia.csv","data/tablas/06/table-36-6-1-estimaciones-publicadas.csv","15","solapamiento publicado","identidad=«Sandin et al. 2026»; campo=«solapamiento publicado»; valor=«no hay valor publicado localizado para el solapamiento con los demás intervalos [BN-117]»","0","434","a08bc1a1584b2a31a0da0d84efd1de350abf318b9a2cfa7e0a94e0f34cb0f043","8a33be0a189a42fe8a6c4b14ae5e36aa8df9da89aa312c045c6fd99de3c3f355","d1e8d0a273fc5a24de14fe1b564211f1a9356d22d3b741a6de60f67245df19a4","ExactCooccurrenceIndex.count(nominal_components(nominal_query(fila_residual))); corpus fuente decodificado y normalizado por source_snapshot; resultado literal, no ausencia científica ni adjudicación de revisión."
"BN-231","256e0d803d2d160818c4367160ba761cef8c894543373a3399306bdf5fcd7ca6","REINSPECCION","2026-09-26T21:21:03Z","/root/revision_residuales","C-2370","data/busquedas_negativas/15_4_15-4-registro-material-tiempo-ambiente-y-ecologia.csv","data/tablas/06/table-36-6-1-estimaciones-publicadas.csv","16","solapamiento publicado","identidad=«Sandin et al. 2026»; campo=«solapamiento publicado»; valor=«no hay valor publicado localizado para el solapamiento con los demás intervalos [BN-117]»","0","434","a08bc1a1584b2a31a0da0d84efd1de350abf318b9a2cfa7e0a94e0f34cb0f043","8a33be0a189a42fe8a6c4b14ae5e36aa8df9da89aa312c045c6fd99de3c3f355","d1e8d0a273fc5a24de14fe1b564211f1a9356d22d3b741a6de60f67245df19a4","ExactCooccurrenceIndex.count(nominal_components(nominal_query(fila_residual))); corpus fuente decodificado y normalizado por source_snapshot; resultado literal, no ausencia científica ni adjudicación de revisión."
"BN-232","5a44aa05f8ca6930860a9f96814a5ddb6a8ec737b1d22597effd48f07708235f","REINSPECCION","2026-09-26T21:21:04Z","/root/revision_residuales","C-2371","data/busquedas_negativas/15_4_15-4-registro-material-tiempo-ambiente-y-ecologia.csv","data/tablas/08/table-40a-8-3-censo-morfologia-genoma-cultivo.csv","2","estado de cultivo","identidad=«*Monosiga brevicollis*»; campo=«estado de cultivo»; valor=«cultivo no censado en esta tabla»","0","434","a08bc1a1584b2a31a0da0d84efd1de350abf318b9a2cfa7e0a94e0f34cb0f043","8a33be0a189a42fe8a6c4b14ae5e36aa8df9da89aa312c045c6fd99de3c3f355","d1e8d0a273fc5a24de14fe1b564211f1a9356d22d3b741a6de60f67245df19a4","ExactCooccurrenceIndex.count(nominal_components(nominal_query(fila_residual))); corpus fuente decodificado y normalizado por source_snapshot; resultado literal, no ausencia científica ni adjudicación de revisión."
"BN-233","ed949905cafc0f32cc8cb6efdde230f63366fba249c4c41c45d75cabd31526d5","REINSPECCION","2026-09-26T21:21:04Z","/root/revision_residuales","C-2372","data/busquedas_negativas/15_4_15-4-registro-material-tiempo-ambiente-y-ecologia.csv","data/tablas/08/table-40a-8-3-censo-morfologia-genoma-cultivo.csv","3","descripción solo morfológica","identidad=«*Salpingoeca rosetta*»; campo=«descripción solo morfológica»; valor=«no: hay ensayos celulares y genómicos»","0","434","a08bc1a1584b2a31a0da0d84efd1de350abf318b9a2cfa7e0a94e0f34cb0f043","8a33be0a189a42fe8a6c4b14ae5e36aa8df9da89aa312c045c6fd99de3c3f355","d1e8d0a273fc5a24de14fe1b564211f1a9356d22d3b741a6de60f67245df19a4","ExactCooccurrenceIndex.count(nominal_components(nominal_query(fila_residual))); corpus fuente decodificado y normalizado por source_snapshot; resultado literal, no ausencia científica ni adjudicación de revisión."
"BN-234","65e6c50fdccda7da3a9ca816a98195ba6be4ae977676186370188e355b258266","REINSPECCION","2026-09-26T21:21:04Z","/root/revision_residuales","C-2373","data/busquedas_negativas/15_4_15-4-registro-material-tiempo-ambiente-y-ecologia.csv","data/tablas/08/table-40a-8-3-censo-morfologia-genoma-cultivo.csv","3","estado de genoma","identidad=«*Salpingoeca rosetta*»; campo=«estado de genoma»; valor=«genoma documentado en el corpus»","0","434","a08bc1a1584b2a31a0da0d84efd1de350abf318b9a2cfa7e0a94e0f34cb0f043","8a33be0a189a42fe8a6c4b14ae5e36aa8df9da89aa312c045c6fd99de3c3f355","d1e8d0a273fc5a24de14fe1b564211f1a9356d22d3b741a6de60f67245df19a4","ExactCooccurrenceIndex.count(nominal_components(nominal_query(fila_residual))); corpus fuente decodificado y normalizado por source_snapshot; resultado literal, no ausencia científica ni adjudicación de revisión."
"BN-235","eba74a8fead6c1e85b62f6c5366f080ae41ba817be897f176d10e309b4e7aa4f","REINSPECCION","2026-09-26T21:21:04Z","/root/revision_residuales","C-2374","data/busquedas_negativas/15_4_15-4-registro-material-tiempo-ambiente-y-ecologia.csv","data/tablas/08/table-40a-8-3-censo-morfologia-genoma-cultivo.csv","3","estado de cultivo","identidad=«*Salpingoeca rosetta*»; campo=«estado de cultivo»; valor=«cultivo experimental documentado»","0","434","a08bc1a1584b2a31a0da0d84efd1de350abf318b9a2cfa7e0a94e0f34cb0f043","8a33be0a189a42fe8a6c4b14ae5e36aa8df9da89aa312c045c6fd99de3c3f355","d1e8d0a273fc5a24de14fe1b564211f1a9356d22d3b741a6de60f67245df19a4","ExactCooccurrenceIndex.count(nominal_components(nominal_query(fila_residual))); corpus fuente decodificado y normalizado por source_snapshot; resultado literal, no ausencia científica ni adjudicación de revisión."
"BN-236","bef0ad0b32690e7cc1d6c595cf975bb86a455dd5e8c30c74913ff8688ad5ac51","REINSPECCION","2026-09-26T21:21:04Z","/root/revision_residuales","C-2375","data/busquedas_negativas/15_4_15-4-registro-material-tiempo-ambiente-y-ecologia.csv","data/tablas/08/table-40a-8-3-censo-morfologia-genoma-cultivo.csv","3","resultado combinado","identidad=«*Salpingoeca rosetta*»; campo=«resultado combinado»; valor=«NO es caso solo morfológico sin genoma ni cultivo»","0","434","a08bc1a1584b2a31a0da0d84efd1de350abf318b9a2cfa7e0a94e0f34cb0f043","8a33be0a189a42fe8a6c4b14ae5e36aa8df9da89aa312c045c6fd99de3c3f355","d1e8d0a273fc5a24de14fe1b564211f1a9356d22d3b741a6de60f67245df19a4","ExactCooccurrenceIndex.count(nominal_components(nominal_query(fila_residual))); corpus fuente decodificado y normalizado por source_snapshot; resultado literal, no ausencia científica ni adjudicación de revisión."
"BN-237","478d4551060b91d6c4087bff3a45acf6c3d0b1d58a8cd2317ee1347676d38696","REINSPECCION","2026-09-26T21:21:04Z","/root/revision_residuales","C-2376","data/busquedas_negativas/15_4_15-4-registro-material-tiempo-ambiente-y-ecologia.csv","data/tablas/08/table-40a-8-3-censo-morfologia-genoma-cultivo.csv","4","estado de genoma","identidad=«*Choanoeca flexa*»; campo=«estado de genoma»; valor=«genoma NO LOCALIZADO EN ESTA SESIÓN»","0","434","a08bc1a1584b2a31a0da0d84efd1de350abf318b9a2cfa7e0a94e0f34cb0f043","8a33be0a189a42fe8a6c4b14ae5e36aa8df9da89aa312c045c6fd99de3c3f355","d1e8d0a273fc5a24de14fe1b564211f1a9356d22d3b741a6de60f67245df19a4","ExactCooccurrenceIndex.count(nominal_components(nominal_query(fila_residual))); corpus fuente decodificado y normalizado por source_snapshot; resultado literal, no ausencia científica ni adjudicación de revisión."
"BN-238","6661c716f59a199c57d5596f51ecb3a25fca013fec06ffa1d5d332bf31c83a7b","REINSPECCION","2026-09-26T21:21:04Z","/root/revision_residuales","C-2377","data/busquedas_negativas/15_4_15-4-registro-material-tiempo-ambiente-y-ecologia.csv","data/tablas/08/table-40a-8-3-censo-morfologia-genoma-cultivo.csv","4","estado de cultivo","identidad=«*Choanoeca flexa*»; campo=«estado de cultivo»; valor=«cultivo NO LOCALIZADO EN ESTA SESIÓN»","0","434","a08bc1a1584b2a31a0da0d84efd1de350abf318b9a2cfa7e0a94e0f34cb0f043","8a33be0a189a42fe8a6c4b14ae5e36aa8df9da89aa312c045c6fd99de3c3f355","d1e8d0a273fc5a24de14fe1b564211f1a9356d22d3b741a6de60f67245df19a4","ExactCooccurrenceIndex.count(nominal_components(nominal_query(fila_residual))); corpus fuente decodificado y normalizado por source_snapshot; resultado literal, no ausencia científica ni adjudicación de revisión."
"BN-239","4b8427ea17e90f93b685bb4229343648e2f70760dbc47921b94d1675a4f584ac","REINSPECCION","2026-09-26T21:21:04Z","/root/revision_residuales","C-2378","data/busquedas_negativas/15_4_15-4-registro-material-tiempo-ambiente-y-ecologia.csv","data/tablas/08/table-40a-8-3-censo-morfologia-genoma-cultivo.csv","4","resultado combinado","identidad=«*Choanoeca flexa*»; campo=«resultado combinado»; valor=«NO RESUELTO; no se infiere ausencia desde falta de localización»","0","434","a08bc1a1584b2a31a0da0d84efd1de350abf318b9a2cfa7e0a94e0f34cb0f043","8a33be0a189a42fe8a6c4b14ae5e36aa8df9da89aa312c045c6fd99de3c3f355","d1e8d0a273fc5a24de14fe1b564211f1a9356d22d3b741a6de60f67245df19a4","ExactCooccurrenceIndex.count(nominal_components(nominal_query(fila_residual))); corpus fuente decodificado y normalizado por source_snapshot; resultado literal, no ausencia científica ni adjudicación de revisión."
"BN-240","81c87107d978e33e3ef128cdea6b15e596ccbc30ca997cd01fdbf9fd928407ef","REINSPECCION","2026-09-26T21:21:04Z","/root/revision_residuales","C-2379","data/busquedas_negativas/15_4_15-4-registro-material-tiempo-ambiente-y-ecologia.csv","data/tablas/08/table-40a-8-3-censo-morfologia-genoma-cultivo.csv","5","descripción solo morfológica","identidad=«*Capsaspora owczarzaki*»; campo=«descripción solo morfológica»; valor=«no: cultivo y genómica documentados»","0","434","a08bc1a1584b2a31a0da0d84efd1de350abf318b9a2cfa7e0a94e0f34cb0f043","8a33be0a189a42fe8a6c4b14ae5e36aa8df9da89aa312c045c6fd99de3c3f355","d1e8d0a273fc5a24de14fe1b564211f1a9356d22d3b741a6de60f67245df19a4","ExactCooccurrenceIndex.count(nominal_components(nominal_query(fila_residual))); corpus fuente decodificado y normalizado por source_snapshot; resultado literal, no ausencia científica ni adjudicación de revisión."
"BN-241","ddd335eafe41fd8059ea23296288a6eeef4149dfd873c7116038470a61b043f8","REINSPECCION","2026-09-26T21:21:04Z","/root/revision_residuales","C-2380","data/busquedas_negativas/15_4_15-4-registro-material-tiempo-ambiente-y-ecologia.csv","data/tablas/08/table-40a-8-3-censo-morfologia-genoma-cultivo.csv","5","estado de genoma","identidad=«*Capsaspora owczarzaki*»; campo=«estado de genoma»; valor=«genoma documentado en el corpus»","0","434","a08bc1a1584b2a31a0da0d84efd1de350abf318b9a2cfa7e0a94e0f34cb0f043","8a33be0a189a42fe8a6c4b14ae5e36aa8df9da89aa312c045c6fd99de3c3f355","d1e8d0a273fc5a24de14fe1b564211f1a9356d22d3b741a6de60f67245df19a4","ExactCooccurrenceIndex.count(nominal_components(nominal_query(fila_residual))); corpus fuente decodificado y normalizado por source_snapshot; resultado literal, no ausencia científica ni adjudicación de revisión."
"BN-242","4dd2f4077e74fcbd60650ef95eebea33028f8e873876145b17ca5f8f19acd80e","REINSPECCION","2026-09-26T21:21:05Z","/root/revision_residuales","C-2381","data/busquedas_negativas/15_4_15-4-registro-material-tiempo-ambiente-y-ecologia.csv","data/tablas/08/table-40a-8-3-censo-morfologia-genoma-cultivo.csv","6","descripción solo morfológica","identidad=«*Ministeria vibrans*»; campo=«descripción solo morfológica»; valor=«no: microscopía y alimentación en cultivo»","0","434","a08bc1a1584b2a31a0da0d84efd1de350abf318b9a2cfa7e0a94e0f34cb0f043","8a33be0a189a42fe8a6c4b14ae5e36aa8df9da89aa312c045c6fd99de3c3f355","d1e8d0a273fc5a24de14fe1b564211f1a9356d22d3b741a6de60f67245df19a4","ExactCooccurrenceIndex.count(nominal_components(nominal_query(fila_residual))); corpus fuente decodificado y normalizado por source_snapshot; resultado literal, no ausencia científica ni adjudicación de revisión."
"BN-243","298d0420e353dfce010c74e346357194c8c8078606c79329b330077338e7f3d7","REINSPECCION","2026-09-26T21:21:05Z","/root/revision_residuales","C-2382","data/busquedas_negativas/15_4_15-4-registro-material-tiempo-ambiente-y-ecologia.csv","data/tablas/08/table-40a-8-3-censo-morfologia-genoma-cultivo.csv","6","estado de genoma","identidad=«*Ministeria vibrans*»; campo=«estado de genoma»; valor=«genoma NO LOCALIZADO EN ESTA SESIÓN»","0","434","a08bc1a1584b2a31a0da0d84efd1de350abf318b9a2cfa7e0a94e0f34cb0f043","8a33be0a189a42fe8a6c4b14ae5e36aa8df9da89aa312c045c6fd99de3c3f355","d1e8d0a273fc5a24de14fe1b564211f1a9356d22d3b741a6de60f67245df19a4","ExactCooccurrenceIndex.count(nominal_components(nominal_query(fila_residual))); corpus fuente decodificado y normalizado por source_snapshot; resultado literal, no ausencia científica ni adjudicación de revisión."
"BN-244","1dd13d989e82e234359ac1a5fd19435b49b875598af9d20c1c809b6e2cc62c54","REINSPECCION","2026-09-26T21:21:05Z","/root/revision_residuales","C-2383","data/busquedas_negativas/15_4_15-4-registro-material-tiempo-ambiente-y-ecologia.csv","data/tablas/08/table-40a-8-3-censo-morfologia-genoma-cultivo.csv","7","estado de genoma","identidad=«*Sphaeroforma arctica*»; campo=«estado de genoma»; valor=«genoma NO LOCALIZADO EN ESTA SESIÓN»","0","434","a08bc1a1584b2a31a0da0d84efd1de350abf318b9a2cfa7e0a94e0f34cb0f043","8a33be0a189a42fe8a6c4b14ae5e36aa8df9da89aa312c045c6fd99de3c3f355","d1e8d0a273fc5a24de14fe1b564211f1a9356d22d3b741a6de60f67245df19a4","ExactCooccurrenceIndex.count(nominal_components(nominal_query(fila_residual))); corpus fuente decodificado y normalizado por source_snapshot; resultado literal, no ausencia científica ni adjudicación de revisión."
"BN-245","accd42093ea66a24c570a10a9e451c77b2bd9c5422c90edc0baf3c14291dbf04","REINSPECCION","2026-09-26T21:21:05Z","/root/revision_residuales","C-2384","data/busquedas_negativas/15_4_15-4-registro-material-tiempo-ambiente-y-ecologia.csv","data/tablas/08/table-40a-8-3-censo-morfologia-genoma-cultivo.csv","7","estado de cultivo","identidad=«*Sphaeroforma arctica*»; campo=«estado de cultivo»; valor=«cultivo experimental implícito, condición nominal no censada»","0","434","a08bc1a1584b2a31a0da0d84efd1de350abf318b9a2cfa7e0a94e0f34cb0f043","8a33be0a189a42fe8a6c4b14ae5e36aa8df9da89aa312c045c6fd99de3c3f355","d1e8d0a273fc5a24de14fe1b564211f1a9356d22d3b741a6de60f67245df19a4","ExactCooccurrenceIndex.count(nominal_components(nominal_query(fila_residual))); corpus fuente decodificado y normalizado por source_snapshot; resultado literal, no ausencia científica ni adjudicación de revisión."
"BN-246","22f5b2ab8463798c14e9e82b6fe2d0bd6fcba80dcaf6d6a414059e1e031f69c5","REINSPECCION","2026-09-26T21:21:05Z","/root/revision_residuales","C-2385","data/busquedas_negativas/15_4_15-4-registro-material-tiempo-ambiente-y-ecologia.csv","data/tablas/08/table-40a-8-3-censo-morfologia-genoma-cultivo.csv","7","resultado combinado","identidad=«*Sphaeroforma arctica*»; campo=«resultado combinado»; valor=«NO RESUELTO; no se infiere ausencia»","0","434","a08bc1a1584b2a31a0da0d84efd1de350abf318b9a2cfa7e0a94e0f34cb0f043","8a33be0a189a42fe8a6c4b14ae5e36aa8df9da89aa312c045c6fd99de3c3f355","d1e8d0a273fc5a24de14fe1b564211f1a9356d22d3b741a6de60f67245df19a4","ExactCooccurrenceIndex.count(nominal_components(nominal_query(fila_residual))); corpus fuente decodificado y normalizado por source_snapshot; resultado literal, no ausencia científica ni adjudicación de revisión."
"BN-247","81d883b2f25858375c6892e6b34c56f572c3594640df678a6e73a57f68672613","REINSPECCION","2026-09-26T21:21:05Z","/root/revision_residuales","C-2386","data/busquedas_negativas/15_4_15-4-registro-material-tiempo-ambiente-y-ecologia.csv","data/tablas/08/table-40a-8-3-censo-morfologia-genoma-cultivo.csv","8","estado de genoma","identidad=«*Creolimax fragrantissima*»; campo=«estado de genoma»; valor=«genoma NO LOCALIZADO EN ESTA SESIÓN»","0","434","a08bc1a1584b2a31a0da0d84efd1de350abf318b9a2cfa7e0a94e0f34cb0f043","8a33be0a189a42fe8a6c4b14ae5e36aa8df9da89aa312c045c6fd99de3c3f355","d1e8d0a273fc5a24de14fe1b564211f1a9356d22d3b741a6de60f67245df19a4","ExactCooccurrenceIndex.count(nominal_components(nominal_query(fila_residual))); corpus fuente decodificado y normalizado por source_snapshot; resultado literal, no ausencia científica ni adjudicación de revisión."
"BN-248","9587c5ecd23d756bff562efc7f5e8dd91c15808853080b33a54e711712ba208b","REINSPECCION","2026-09-26T21:21:05Z","/root/revision_residuales","C-2387","data/busquedas_negativas/15_4_15-4-registro-material-tiempo-ambiente-y-ecologia.csv","data/tablas/08/table-40a-8-3-censo-morfologia-genoma-cultivo.csv","8","estado de cultivo","identidad=«*Creolimax fragrantissima*»; campo=«estado de cultivo»; valor=«cultivo experimental implícito, condición nominal no censada»","0","434","a08bc1a1584b2a31a0da0d84efd1de350abf318b9a2cfa7e0a94e0f34cb0f043","8a33be0a189a42fe8a6c4b14ae5e36aa8df9da89aa312c045c6fd99de3c3f355","d1e8d0a273fc5a24de14fe1b564211f1a9356d22d3b741a6de60f67245df19a4","ExactCooccurrenceIndex.count(nominal_components(nominal_query(fila_residual))); corpus fuente decodificado y normalizado por source_snapshot; resultado literal, no ausencia científica ni adjudicación de revisión."
"BN-249","66f0b903d9fe3402ea9119474ed1007718230102dbd67707045355a2fed99269","REINSPECCION","2026-09-26T21:21:05Z","/root/revision_residuales","C-2388","data/busquedas_negativas/15_4_15-4-registro-material-tiempo-ambiente-y-ecologia.csv","data/tablas/08/table-40a-8-3-censo-morfologia-genoma-cultivo.csv","8","resultado combinado","identidad=«*Creolimax fragrantissima*»; campo=«resultado combinado»; valor=«NO RESUELTO; no se infiere ausencia»","0","434","a08bc1a1584b2a31a0da0d84efd1de350abf318b9a2cfa7e0a94e0f34cb0f043","8a33be0a189a42fe8a6c4b14ae5e36aa8df9da89aa312c045c6fd99de3c3f355","d1e8d0a273fc5a24de14fe1b564211f1a9356d22d3b741a6de60f67245df19a4","ExactCooccurrenceIndex.count(nominal_components(nominal_query(fila_residual))); corpus fuente decodificado y normalizado por source_snapshot; resultado literal, no ausencia científica ni adjudicación de revisión."
"BN-250","58fc56bedf14305d9148f2e7460b43182f45c63c69d0d33dd945712bf4e2425a","REINSPECCION","2026-09-26T21:21:05Z","/root/revision_residuales","C-2389","data/busquedas_negativas/15_4_15-4-registro-material-tiempo-ambiente-y-ecologia.csv","data/tablas/08/table-40a-8-3-censo-morfologia-genoma-cultivo.csv","9","estado de genoma","identidad=«*Abeoforma whisleri* / *Pirum gemmata*»; campo=«estado de genoma»; valor=«genoma NO LOCALIZADO EN ESTA SESIÓN»","0","434","a08bc1a1584b2a31a0da0d84efd1de350abf318b9a2cfa7e0a94e0f34cb0f043","8a33be0a189a42fe8a6c4b14ae5e36aa8df9da89aa312c045c6fd99de3c3f355","d1e8d0a273fc5a24de14fe1b564211f1a9356d22d3b741a6de60f67245df19a4","ExactCooccurrenceIndex.count(nominal_components(nominal_query(fila_residual))); corpus fuente decodificado y normalizado por source_snapshot; resultado literal, no ausencia científica ni adjudicación de revisión."
"BN-251","363774eeaac15cc8ca84974b2e09b376dc924385539fbc19477a0859efedfa4a","REINSPECCION","2026-09-26T21:21:05Z","/root/revision_residuales","C-2390","data/busquedas_negativas/15_4_15-4-registro-material-tiempo-ambiente-y-ecologia.csv","data/tablas/08/table-40a-8-3-censo-morfologia-genoma-cultivo.csv","9","estado de cultivo","identidad=«*Abeoforma whisleri* / *Pirum gemmata*»; campo=«estado de cultivo»; valor=«cultivo documentado»","0","434","a08bc1a1584b2a31a0da0d84efd1de350abf318b9a2cfa7e0a94e0f34cb0f043","8a33be0a189a42fe8a6c4b14ae5e36aa8df9da89aa312c045c6fd99de3c3f355","d1e8d0a273fc5a24de14fe1b564211f1a9356d22d3b741a6de60f67245df19a4","ExactCooccurrenceIndex.count(nominal_components(nominal_query(fila_residual))); corpus fuente decodificado y normalizado por source_snapshot; resultado literal, no ausencia científica ni adjudicación de revisión."
"BN-252","23cad6baf0c5b5a01c5b433c3ff90c1001448e640ea033bfab85558cf193e8aa","REINSPECCION","2026-09-26T21:21:05Z","/root/revision_residuales","C-2391","data/busquedas_negativas/15_4_15-4-registro-material-tiempo-ambiente-y-ecologia.csv","data/tablas/08/table-40a-8-3-censo-morfologia-genoma-cultivo.csv","9","resultado combinado","identidad=«*Abeoforma whisleri* / *Pirum gemmata*»; campo=«resultado combinado»; valor=«NO es caso simultáneamente sin cultivo»","0","434","a08bc1a1584b2a31a0da0d84efd1de350abf318b9a2cfa7e0a94e0f34cb0f043","8a33be0a189a42fe8a6c4b14ae5e36aa8df9da89aa312c045c6fd99de3c3f355","d1e8d0a273fc5a24de14fe1b564211f1a9356d22d3b741a6de60f67245df19a4","ExactCooccurrenceIndex.count(nominal_components(nominal_query(fila_residual))); corpus fuente decodificado y normalizado por source_snapshot; resultado literal, no ausencia científica ni adjudicación de revisión."
"BN-253","0c7e3b5c80fd8dcd1377730ff2595c5bcac5f5bea7ad43ad5db651b992e03164","REINSPECCION","2026-09-26T21:21:06Z","/root/revision_residuales","C-2392","data/busquedas_negativas/15_4_15-4-registro-material-tiempo-ambiente-y-ecologia.csv","data/tablas/08/table-40a-8-3-censo-morfologia-genoma-cultivo.csv","10","estado de genoma","identidad=«*Ichthyophonus hoferi* / *Ichthyophonus* sp.»; campo=«estado de genoma»; valor=«genoma NO LOCALIZADO EN ESTA SESIÓN»","0","434","a08bc1a1584b2a31a0da0d84efd1de350abf318b9a2cfa7e0a94e0f34cb0f043","8a33be0a189a42fe8a6c4b14ae5e36aa8df9da89aa312c045c6fd99de3c3f355","d1e8d0a273fc5a24de14fe1b564211f1a9356d22d3b741a6de60f67245df19a4","ExactCooccurrenceIndex.count(nominal_components(nominal_query(fila_residual))); corpus fuente decodificado y normalizado por source_snapshot; resultado literal, no ausencia científica ni adjudicación de revisión."
"BN-254","8db0e249d08c5bc767e40285c4c5f655e05709d7c0c68a06b40268494b92e62f","REINSPECCION","2026-09-26T21:21:06Z","/root/revision_residuales","C-2393","data/busquedas_negativas/15_4_15-4-registro-material-tiempo-ambiente-y-ecologia.csv","data/tablas/08/table-40a-8-3-censo-morfologia-genoma-cultivo.csv","10","estado de cultivo","identidad=«*Ichthyophonus hoferi* / *Ichthyophonus* sp.»; campo=«estado de cultivo»; valor=«ensayo de infección documentado; estado de cultivo no consta»","0","434","a08bc1a1584b2a31a0da0d84efd1de350abf318b9a2cfa7e0a94e0f34cb0f043","8a33be0a189a42fe8a6c4b14ae5e36aa8df9da89aa312c045c6fd99de3c3f355","d1e8d0a273fc5a24de14fe1b564211f1a9356d22d3b741a6de60f67245df19a4","ExactCooccurrenceIndex.count(nominal_components(nominal_query(fila_residual))); corpus fuente decodificado y normalizado por source_snapshot; resultado literal, no ausencia científica ni adjudicación de revisión."
"BN-255","9953139e523fb212cadbece8914a933092cd30b6c62440388550e90c8d969bce","REINSPECCION","2026-09-26T21:21:06Z","/root/revision_residuales","C-2394","data/busquedas_negativas/15_4_15-4-registro-material-tiempo-ambiente-y-ecologia.csv","data/tablas/08/table-40a-8-3-censo-morfologia-genoma-cultivo.csv","10","resultado combinado","identidad=«*Ichthyophonus hoferi* / *Ichthyophonus* sp.»; campo=«resultado combinado»; valor=«NO RESUELTO; no se infiere ausencia»","0","434","a08bc1a1584b2a31a0da0d84efd1de350abf318b9a2cfa7e0a94e0f34cb0f043","8a33be0a189a42fe8a6c4b14ae5e36aa8df9da89aa312c045c6fd99de3c3f355","d1e8d0a273fc5a24de14fe1b564211f1a9356d22d3b741a6de60f67245df19a4","ExactCooccurrenceIndex.count(nominal_components(nominal_query(fila_residual))); corpus fuente decodificado y normalizado por source_snapshot; resultado literal, no ausencia científica ni adjudicación de revisión."
"BN-256","d2475894abcc325d4c3a2505acbf15f63c86fb0bfbc4968ad7b1e9470c692aa5","REINSPECCION","2026-09-26T21:21:06Z","/root/revision_residuales","C-2395","data/busquedas_negativas/15_4_15-4-registro-material-tiempo-ambiente-y-ecologia.csv","data/tablas/08/table-40a-8-3-censo-morfologia-genoma-cultivo.csv","11","estado de genoma","identidad=«*Corallochytrium limacisporum*»; campo=«estado de genoma»; valor=«genoma NO LOCALIZADO EN ESTA SESIÓN»","0","434","a08bc1a1584b2a31a0da0d84efd1de350abf318b9a2cfa7e0a94e0f34cb0f043","8a33be0a189a42fe8a6c4b14ae5e36aa8df9da89aa312c045c6fd99de3c3f355","d1e8d0a273fc5a24de14fe1b564211f1a9356d22d3b741a6de60f67245df19a4","ExactCooccurrenceIndex.count(nominal_components(nominal_query(fila_residual))); corpus fuente decodificado y normalizado por source_snapshot; resultado literal, no ausencia científica ni adjudicación de revisión."
"BN-257","b504505c3e33f999411294659fd45c297dd6945012ef134f589e593180ed750e","REINSPECCION","2026-09-26T21:21:06Z","/root/revision_residuales","C-2396","data/busquedas_negativas/15_4_15-4-registro-material-tiempo-ambiente-y-ecologia.csv","data/tablas/08/table-40a-8-3-censo-morfologia-genoma-cultivo.csv","12","estado de genoma","identidad=«*Syssomonas multiformis*»; campo=«estado de genoma»; valor=«genoma NO LOCALIZADO EN ESTA SESIÓN»","0","434","a08bc1a1584b2a31a0da0d84efd1de350abf318b9a2cfa7e0a94e0f34cb0f043","8a33be0a189a42fe8a6c4b14ae5e36aa8df9da89aa312c045c6fd99de3c3f355","d1e8d0a273fc5a24de14fe1b564211f1a9356d22d3b741a6de60f67245df19a4","ExactCooccurrenceIndex.count(nominal_components(nominal_query(fila_residual))); corpus fuente decodificado y normalizado por source_snapshot; resultado literal, no ausencia científica ni adjudicación de revisión."
"BN-258","e8bac3d66aee1f3b06409114c54b7849901ecad43f3f34e3ea72e7b27f57d022","REINSPECCION","2026-09-26T21:21:06Z","/root/revision_residuales","C-2397","data/busquedas_negativas/15_4_15-4-registro-material-tiempo-ambiente-y-ecologia.csv","data/tablas/08/table-40a-8-3-censo-morfologia-genoma-cultivo.csv","12","resultado combinado","identidad=«*Syssomonas multiformis*»; campo=«resultado combinado»; valor=«NO RESUELTO; no se infiere ausencia»","0","434","a08bc1a1584b2a31a0da0d84efd1de350abf318b9a2cfa7e0a94e0f34cb0f043","8a33be0a189a42fe8a6c4b14ae5e36aa8df9da89aa312c045c6fd99de3c3f355","d1e8d0a273fc5a24de14fe1b564211f1a9356d22d3b741a6de60f67245df19a4","ExactCooccurrenceIndex.count(nominal_components(nominal_query(fila_residual))); corpus fuente decodificado y normalizado por source_snapshot; resultado literal, no ausencia científica ni adjudicación de revisión."
"BN-259","088f599201793489aeef1e149cf5d98f8078680c33e87ac4b1fd3d4a477ae62e","REINSPECCION","2026-09-26T21:21:07Z","/root/revision_residuales","C-2398","data/busquedas_negativas/15_4_15-4-registro-material-tiempo-ambiente-y-ecologia.csv","data/tablas/08/table-40a-8-3-censo-morfologia-genoma-cultivo.csv","13","estado de genoma","identidad=«*Pigoraptor vietnamica* y *P. chileana*»; campo=«estado de genoma»; valor=«genoma NO LOCALIZADO EN ESTA SESIÓN»","0","434","a08bc1a1584b2a31a0da0d84efd1de350abf318b9a2cfa7e0a94e0f34cb0f043","8a33be0a189a42fe8a6c4b14ae5e36aa8df9da89aa312c045c6fd99de3c3f355","d1e8d0a273fc5a24de14fe1b564211f1a9356d22d3b741a6de60f67245df19a4","ExactCooccurrenceIndex.count(nominal_components(nominal_query(fila_residual))); corpus fuente decodificado y normalizado por source_snapshot; resultado literal, no ausencia científica ni adjudicación de revisión."
"BN-260","11d2226d452a8a0bf0398c8edcbac1455d4f9e417930ced474b0d4cadbc8618a","REINSPECCION","2026-09-26T21:21:07Z","/root/revision_residuales","C-2399","data/busquedas_negativas/15_4_15-4-registro-material-tiempo-ambiente-y-ecologia.csv","data/tablas/08/table-40a-8-3-censo-morfologia-genoma-cultivo.csv","13","estado de cultivo","identidad=«*Pigoraptor vietnamica* y *P. chileana*»; campo=«estado de cultivo»; valor=«cultivo NO LOCALIZADO EN ESTA SESIÓN»","0","434","a08bc1a1584b2a31a0da0d84efd1de350abf318b9a2cfa7e0a94e0f34cb0f043","8a33be0a189a42fe8a6c4b14ae5e36aa8df9da89aa312c045c6fd99de3c3f355","d1e8d0a273fc5a24de14fe1b564211f1a9356d22d3b741a6de60f67245df19a4","ExactCooccurrenceIndex.count(nominal_components(nominal_query(fila_residual))); corpus fuente decodificado y normalizado por source_snapshot; resultado literal, no ausencia científica ni adjudicación de revisión."
"BN-261","e45438afb29166a7f23ce8e4b4df03caa198b955425eaab8f7f22728009ff3c1","REINSPECCION","2026-09-26T21:21:07Z","/root/revision_residuales","C-2400","data/busquedas_negativas/15_4_15-4-registro-material-tiempo-ambiente-y-ecologia.csv","data/tablas/08/table-40a-8-3-censo-morfologia-genoma-cultivo.csv","13","resultado combinado","identidad=«*Pigoraptor vietnamica* y *P. chileana*»; campo=«resultado combinado»; valor=«NO RESUELTO; no se infiere ausencia»","0","434","a08bc1a1584b2a31a0da0d84efd1de350abf318b9a2cfa7e0a94e0f34cb0f043","8a33be0a189a42fe8a6c4b14ae5e36aa8df9da89aa312c045c6fd99de3c3f355","d1e8d0a273fc5a24de14fe1b564211f1a9356d22d3b741a6de60f67245df19a4","ExactCooccurrenceIndex.count(nominal_components(nominal_query(fila_residual))); corpus fuente decodificado y normalizado por source_snapshot; resultado literal, no ausencia científica ni adjudicación de revisión."
"BN-262","87adf6d7bb40858f3ae6e197007c6ae3a5c17913ea2703505474c8cd8a032e0f","REINSPECCION","2026-09-26T21:21:07Z","/root/revision_residuales","C-2401","data/busquedas_negativas/15_4_15-4-registro-material-tiempo-ambiente-y-ecologia.csv","data/tablas/08/table-40a-8-3-censo-morfologia-genoma-cultivo.csv","14","estado de genoma","identidad=«*Tunicaraptor unikontum*»; campo=«estado de genoma»; valor=«genoma NO LOCALIZADO EN ESTA SESIÓN»","0","434","a08bc1a1584b2a31a0da0d84efd1de350abf318b9a2cfa7e0a94e0f34cb0f043","8a33be0a189a42fe8a6c4b14ae5e36aa8df9da89aa312c045c6fd99de3c3f355","d1e8d0a273fc5a24de14fe1b564211f1a9356d22d3b741a6de60f67245df19a4","ExactCooccurrenceIndex.count(nominal_components(nominal_query(fila_residual))); corpus fuente decodificado y normalizado por source_snapshot; resultado literal, no ausencia científica ni adjudicación de revisión."
"BN-263","c2ae1e99e1e555021dd2ad22bc4e819209ff0126dbcfe27e95e67870daf6fb8d","REINSPECCION","2026-09-26T21:21:07Z","/root/revision_residuales","C-2402","data/busquedas_negativas/15_4_15-4-registro-material-tiempo-ambiente-y-ecologia.csv","data/tablas/08/table-40a-8-3-censo-morfologia-genoma-cultivo.csv","14","estado de cultivo","identidad=«*Tunicaraptor unikontum*»; campo=«estado de cultivo»; valor=«cultivo NO LOCALIZADO EN ESTA SESIÓN»","0","434","a08bc1a1584b2a31a0da0d84efd1de350abf318b9a2cfa7e0a94e0f34cb0f043","8a33be0a189a42fe8a6c4b14ae5e36aa8df9da89aa312c045c6fd99de3c3f355","d1e8d0a273fc5a24de14fe1b564211f1a9356d22d3b741a6de60f67245df19a4","ExactCooccurrenceIndex.count(nominal_components(nominal_query(fila_residual))); corpus fuente decodificado y normalizado por source_snapshot; resultado literal, no ausencia científica ni adjudicación de revisión."
"BN-264","1a8290c359cd68fb0aa451f001221f82c77079715e80e63419ec21c82bf2f155","REINSPECCION","2026-09-26T21:21:07Z","/root/revision_residuales","C-2403","data/busquedas_negativas/15_4_15-4-registro-material-tiempo-ambiente-y-ecologia.csv","data/tablas/08/table-40a-8-3-censo-morfologia-genoma-cultivo.csv","14","resultado combinado","identidad=«*Tunicaraptor unikontum*»; campo=«resultado combinado»; valor=«NO RESUELTO; no se infiere ausencia»","0","434","a08bc1a1584b2a31a0da0d84efd1de350abf318b9a2cfa7e0a94e0f34cb0f043","8a33be0a189a42fe8a6c4b14ae5e36aa8df9da89aa312c045c6fd99de3c3f355","d1e8d0a273fc5a24de14fe1b564211f1a9356d22d3b741a6de60f67245df19a4","ExactCooccurrenceIndex.count(nominal_components(nominal_query(fila_residual))); corpus fuente decodificado y normalizado por source_snapshot; resultado literal, no ausencia científica ni adjudicación de revisión."
"BN-265","925097151398527db2f7973a5d9443b272716f151515ea4bb994dd851b8ca945","REINSPECCION","2026-09-26T21:21:07Z","/root/revision_residuales","C-2404","data/busquedas_negativas/15_4_15-4-registro-material-tiempo-ambiente-y-ecologia.csv","data/tablas/08/table-40a-8-3-censo-morfologia-genoma-cultivo.csv","15","descripción solo morfológica","identidad=«*Lenisia limosa*»; campo=«descripción solo morfológica»; valor=«no: metabolismo y epibiontes documentados»","0","434","a08bc1a1584b2a31a0da0d84efd1de350abf318b9a2cfa7e0a94e0f34cb0f043","8a33be0a189a42fe8a6c4b14ae5e36aa8df9da89aa312c045c6fd99de3c3f355","d1e8d0a273fc5a24de14fe1b564211f1a9356d22d3b741a6de60f67245df19a4","ExactCooccurrenceIndex.count(nominal_components(nominal_query(fila_residual))); corpus fuente decodificado y normalizado por source_snapshot; resultado literal, no ausencia científica ni adjudicación de revisión."
"BN-266","e9354dff2181bb17bde0be3b6504a72dd345b79c65f2307f2a8c372405e4edcb","REINSPECCION","2026-09-26T21:21:07Z","/root/revision_residuales","C-2405","data/busquedas_negativas/15_4_15-4-registro-material-tiempo-ambiente-y-ecologia.csv","data/tablas/08/table-40a-8-3-censo-morfologia-genoma-cultivo.csv","15","estado de genoma","identidad=«*Lenisia limosa*»; campo=«estado de genoma»; valor=«genoma NO LOCALIZADO EN ESTA SESIÓN»","0","434","a08bc1a1584b2a31a0da0d84efd1de350abf318b9a2cfa7e0a94e0f34cb0f043","8a33be0a189a42fe8a6c4b14ae5e36aa8df9da89aa312c045c6fd99de3c3f355","d1e8d0a273fc5a24de14fe1b564211f1a9356d22d3b741a6de60f67245df19a4","ExactCooccurrenceIndex.count(nominal_components(nominal_query(fila_residual))); corpus fuente decodificado y normalizado por source_snapshot; resultado literal, no ausencia científica ni adjudicación de revisión."
"BN-267","b785e77aa59bd597cb828a2774c999316efc14917cd52fbe1bb00d6768e2bda0","REINSPECCION","2026-09-26T21:21:07Z","/root/revision_residuales","C-2406","data/busquedas_negativas/15_4_15-4-registro-material-tiempo-ambiente-y-ecologia.csv","data/tablas/08/table-40a-8-3-censo-morfologia-genoma-cultivo.csv","15","estado de cultivo","identidad=«*Lenisia limosa*»; campo=«estado de cultivo»; valor=«cultivo NO LOCALIZADO EN ESTA SESIÓN»","0","434","a08bc1a1584b2a31a0da0d84efd1de350abf318b9a2cfa7e0a94e0f34cb0f043","8a33be0a189a42fe8a6c4b14ae5e36aa8df9da89aa312c045c6fd99de3c3f355","d1e8d0a273fc5a24de14fe1b564211f1a9356d22d3b741a6de60f67245df19a4","ExactCooccurrenceIndex.count(nominal_components(nominal_query(fila_residual))); corpus fuente decodificado y normalizado por source_snapshot; resultado literal, no ausencia científica ni adjudicación de revisión."
"BN-268","e593a6f13c83949d3e17c3515c2641a64b57c887ac8cfac0553d00ca44b42ad0","REINSPECCION","2026-09-26T21:21:07Z","/root/revision_residuales","C-2407","data/busquedas_negativas/15_4_15-4-registro-material-tiempo-ambiente-y-ecologia.csv","data/tablas/08/table-40a-8-3-censo-morfologia-genoma-cultivo.csv","15","resultado combinado","identidad=«*Lenisia limosa*»; campo=«resultado combinado»; valor=«NO RESUELTO; no se infiere ausencia»","0","434","a08bc1a1584b2a31a0da0d84efd1de350abf318b9a2cfa7e0a94e0f34cb0f043","8a33be0a189a42fe8a6c4b14ae5e36aa8df9da89aa312c045c6fd99de3c3f355","d1e8d0a273fc5a24de14fe1b564211f1a9356d22d3b741a6de60f67245df19a4","ExactCooccurrenceIndex.count(nominal_components(nominal_query(fila_residual))); corpus fuente decodificado y normalizado por source_snapshot; resultado literal, no ausencia científica ni adjudicación de revisión."
"BN-269","a2410a97119f466edc42c2a55e92864cde34955358812145ed31b0c31f50e908","REINSPECCION","2026-09-26T21:21:08Z","/root/revision_residuales","C-2408","data/busquedas_negativas/15_4_15-4-registro-material-tiempo-ambiente-y-ecologia.csv","data/tablas/08/table-40a-8-3-censo-morfologia-genoma-cultivo.csv","16","estado de genoma","identidad=«*Pygsuia biforma*»; campo=«estado de genoma»; valor=«genoma NO LOCALIZADO EN ESTA SESIÓN»","0","434","a08bc1a1584b2a31a0da0d84efd1de350abf318b9a2cfa7e0a94e0f34cb0f043","8a33be0a189a42fe8a6c4b14ae5e36aa8df9da89aa312c045c6fd99de3c3f355","d1e8d0a273fc5a24de14fe1b564211f1a9356d22d3b741a6de60f67245df19a4","ExactCooccurrenceIndex.count(nominal_components(nominal_query(fila_residual))); corpus fuente decodificado y normalizado por source_snapshot; resultado literal, no ausencia científica ni adjudicación de revisión."
"BN-270","937042a587e712f9149bbf8199d603ee2e3cd5cc469617c9dad57464b8bbb5d9","REINSPECCION","2026-09-26T21:21:08Z","/root/revision_residuales","C-2409","data/busquedas_negativas/15_4_15-4-registro-material-tiempo-ambiente-y-ecologia.csv","data/tablas/08/table-40a-8-3-censo-morfologia-genoma-cultivo.csv","16","estado de cultivo","identidad=«*Pygsuia biforma*»; campo=«estado de cultivo»; valor=«cultivo NO LOCALIZADO EN ESTA SESIÓN»","0","434","a08bc1a1584b2a31a0da0d84efd1de350abf318b9a2cfa7e0a94e0f34cb0f043","8a33be0a189a42fe8a6c4b14ae5e36aa8df9da89aa312c045c6fd99de3c3f355","d1e8d0a273fc5a24de14fe1b564211f1a9356d22d3b741a6de60f67245df19a4","ExactCooccurrenceIndex.count(nominal_components(nominal_query(fila_residual))); corpus fuente decodificado y normalizado por source_snapshot; resultado literal, no ausencia científica ni adjudicación de revisión."
"BN-271","0baa74bc6b2da320ac920174d8ab1d22614e818f1af95cdeea2d750cd410d6c0","REINSPECCION","2026-09-26T21:21:08Z","/root/revision_residuales","C-2410","data/busquedas_negativas/15_4_15-4-registro-material-tiempo-ambiente-y-ecologia.csv","data/tablas/08/table-40a-8-3-censo-morfologia-genoma-cultivo.csv","16","resultado combinado","identidad=«*Pygsuia biforma*»; campo=«resultado combinado»; valor=«NO RESUELTO; no se infiere ausencia»","0","434","a08bc1a1584b2a31a0da0d84efd1de350abf318b9a2cfa7e0a94e0f34cb0f043","8a33be0a189a42fe8a6c4b14ae5e36aa8df9da89aa312c045c6fd99de3c3f355","d1e8d0a273fc5a24de14fe1b564211f1a9356d22d3b741a6de60f67245df19a4","ExactCooccurrenceIndex.count(nominal_components(nominal_query(fila_residual))); corpus fuente decodificado y normalizado por source_snapshot; resultado literal, no ausencia científica ni adjudicación de revisión."
"BN-272","649e608215e62843cbb1805496ccac2aa92d2e5b1797b42dbef397c03ee105d1","REINSPECCION","2026-09-26T21:21:08Z","/root/revision_residuales","C-2411","data/busquedas_negativas/15_4_15-4-registro-material-tiempo-ambiente-y-ecologia.csv","data/tablas/08/table-40a-8-3-censo-morfologia-genoma-cultivo.csv","17","estado de genoma","identidad=«*Thecamonas trahens*»; campo=«estado de genoma»; valor=«genoma NO LOCALIZADO EN ESTA SESIÓN»","0","434","a08bc1a1584b2a31a0da0d84efd1de350abf318b9a2cfa7e0a94e0f34cb0f043","8a33be0a189a42fe8a6c4b14ae5e36aa8df9da89aa312c045c6fd99de3c3f355","d1e8d0a273fc5a24de14fe1b564211f1a9356d22d3b741a6de60f67245df19a4","ExactCooccurrenceIndex.count(nominal_components(nominal_query(fila_residual))); corpus fuente decodificado y normalizado por source_snapshot; resultado literal, no ausencia científica ni adjudicación de revisión."
"BN-273","32080a43f9580ea49373791c55ad3d2eb052b0ccfb3880be25aa0d43e8d379cc","REINSPECCION","2026-09-26T21:21:08Z","/root/revision_residuales","C-2412","data/busquedas_negativas/15_4_15-4-registro-material-tiempo-ambiente-y-ecologia.csv","data/tablas/08/table-40a-8-3-censo-morfologia-genoma-cultivo.csv","17","estado de cultivo","identidad=«*Thecamonas trahens*»; campo=«estado de cultivo»; valor=«cultivo NO LOCALIZADO EN ESTA SESIÓN»","0","434","a08bc1a1584b2a31a0da0d84efd1de350abf318b9a2cfa7e0a94e0f34cb0f043","8a33be0a189a42fe8a6c4b14ae5e36aa8df9da89aa312c045c6fd99de3c3f355","d1e8d0a273fc5a24de14fe1b564211f1a9356d22d3b741a6de60f67245df19a4","ExactCooccurrenceIndex.count(nominal_components(nominal_query(fila_residual))); corpus fuente decodificado y normalizado por source_snapshot; resultado literal, no ausencia científica ni adjudicación de revisión."
"BN-274","38c4528f413f66693b612662711ce278bf5cb2e6fa462e1d03d7d0772fcade51","REINSPECCION","2026-09-26T21:21:08Z","/root/revision_residuales","C-2413","data/busquedas_negativas/15_4_15-4-registro-material-tiempo-ambiente-y-ecologia.csv","data/tablas/08/table-40a-8-3-censo-morfologia-genoma-cultivo.csv","17","resultado combinado","identidad=«*Thecamonas trahens*»; campo=«resultado combinado»; valor=«CANDIDATO NO RESUELTO; falta de localización no prueba ausencia»","0","434","a08bc1a1584b2a31a0da0d84efd1de350abf318b9a2cfa7e0a94e0f34cb0f043","8a33be0a189a42fe8a6c4b14ae5e36aa8df9da89aa312c045c6fd99de3c3f355","d1e8d0a273fc5a24de14fe1b564211f1a9356d22d3b741a6de60f67245df19a4","ExactCooccurrenceIndex.count(nominal_components(nominal_query(fila_residual))); corpus fuente decodificado y normalizado por source_snapshot; resultado literal, no ausencia científica ni adjudicación de revisión."
"BN-275","1e0c5ea59fd49ae07385b9ec0ae66bde8a16d88179916533d727e52a80e5e612","REINSPECCION","2026-09-26T21:21:08Z","/root/revision_residuales","C-2414","data/busquedas_negativas/15_4_15-4-registro-material-tiempo-ambiente-y-ecologia.csv","data/tablas/08/table-40a-8-3-censo-morfologia-genoma-cultivo.csv","18","estado de genoma","identidad=«*Breviata anathema*»; campo=«estado de genoma»; valor=«genoma NO LOCALIZADO EN ESTA SESIÓN»","0","434","a08bc1a1584b2a31a0da0d84efd1de350abf318b9a2cfa7e0a94e0f34cb0f043","8a33be0a189a42fe8a6c4b14ae5e36aa8df9da89aa312c045c6fd99de3c3f355","d1e8d0a273fc5a24de14fe1b564211f1a9356d22d3b741a6de60f67245df19a4","ExactCooccurrenceIndex.count(nominal_components(nominal_query(fila_residual))); corpus fuente decodificado y normalizado por source_snapshot; resultado literal, no ausencia científica ni adjudicación de revisión."
"BN-276","106d74855984e61e2a6349519a0331116ea5067c82b95d591357bdb244d9e51e","REINSPECCION","2026-09-26T21:21:08Z","/root/revision_residuales","C-2415","data/busquedas_negativas/15_4_15-4-registro-material-tiempo-ambiente-y-ecologia.csv","data/tablas/08/table-40a-8-3-censo-morfologia-genoma-cultivo.csv","18","estado de cultivo","identidad=«*Breviata anathema*»; campo=«estado de cultivo»; valor=«cultivo NO LOCALIZADO EN ESTA SESIÓN»","0","434","a08bc1a1584b2a31a0da0d84efd1de350abf318b9a2cfa7e0a94e0f34cb0f043","8a33be0a189a42fe8a6c4b14ae5e36aa8df9da89aa312c045c6fd99de3c3f355","d1e8d0a273fc5a24de14fe1b564211f1a9356d22d3b741a6de60f67245df19a4","ExactCooccurrenceIndex.count(nominal_components(nominal_query(fila_residual))); corpus fuente decodificado y normalizado por source_snapshot; resultado literal, no ausencia científica ni adjudicación de revisión."
"BN-277","e7f7a8fada34d7d46bed51f3bc6c363941801dd4a4e11cfe5e89712b4f926359","REINSPECCION","2026-09-26T21:21:08Z","/root/revision_residuales","C-2416","data/busquedas_negativas/15_4_15-4-registro-material-tiempo-ambiente-y-ecologia.csv","data/tablas/08/table-40a-8-3-censo-morfologia-genoma-cultivo.csv","18","resultado combinado","identidad=«*Breviata anathema*»; campo=«resultado combinado»; valor=«NO RESUELTO; no se infiere ausencia»","0","434","a08bc1a1584b2a31a0da0d84efd1de350abf318b9a2cfa7e0a94e0f34cb0f043","8a33be0a189a42fe8a6c4b14ae5e36aa8df9da89aa312c045c6fd99de3c3f355","d1e8d0a273fc5a24de14fe1b564211f1a9356d22d3b741a6de60f67245df19a4","ExactCooccurrenceIndex.count(nominal_components(nominal_query(fila_residual))); corpus fuente decodificado y normalizado por source_snapshot; resultado literal, no ausencia científica ni adjudicación de revisión."
"BN-278","78be794727a99374e3b41f119f95a885e8871ff9c683e65ae80c129d5b628fd5","REINSPECCION","2026-09-26T21:21:09Z","/root/revision_residuales","C-2417","data/busquedas_negativas/15_4_15-4-registro-material-tiempo-ambiente-y-ecologia.csv","data/tablas/08/table-40a-8-3-censo-morfologia-genoma-cultivo.csv","19","estado de genoma","identidad=«*Fonticula alba*»; campo=«estado de genoma»; valor=«genoma NO LOCALIZADO EN ESTA SESIÓN»","0","434","a08bc1a1584b2a31a0da0d84efd1de350abf318b9a2cfa7e0a94e0f34cb0f043","8a33be0a189a42fe8a6c4b14ae5e36aa8df9da89aa312c045c6fd99de3c3f355","d1e8d0a273fc5a24de14fe1b564211f1a9356d22d3b741a6de60f67245df19a4","ExactCooccurrenceIndex.count(nominal_components(nominal_query(fila_residual))); corpus fuente decodificado y normalizado por source_snapshot; resultado literal, no ausencia científica ni adjudicación de revisión."
"BN-279","a0901430d89f2ecf11c23b4eec032fea8f4bbed104ee2b7a1660bd815d6f97b9","REINSPECCION","2026-09-26T21:21:09Z","/root/revision_residuales","C-2418","data/busquedas_negativas/15_4_15-4-registro-material-tiempo-ambiente-y-ecologia.csv","data/tablas/08/table-40a-8-3-censo-morfologia-genoma-cultivo.csv","19","estado de cultivo","identidad=«*Fonticula alba*»; campo=«estado de cultivo»; valor=«cultivo NO LOCALIZADO EN ESTA SESIÓN»","0","434","a08bc1a1584b2a31a0da0d84efd1de350abf318b9a2cfa7e0a94e0f34cb0f043","8a33be0a189a42fe8a6c4b14ae5e36aa8df9da89aa312c045c6fd99de3c3f355","d1e8d0a273fc5a24de14fe1b564211f1a9356d22d3b741a6de60f67245df19a4","ExactCooccurrenceIndex.count(nominal_components(nominal_query(fila_residual))); corpus fuente decodificado y normalizado por source_snapshot; resultado literal, no ausencia científica ni adjudicación de revisión."
"BN-280","1993ae3f1bd54ea7be9ce1994084443051b17d7cb504b943dbdc3fc4054948a7","REINSPECCION","2026-09-26T21:21:09Z","/root/revision_residuales","C-2419","data/busquedas_negativas/15_4_15-4-registro-material-tiempo-ambiente-y-ecologia.csv","data/tablas/08/table-40a-8-3-censo-morfologia-genoma-cultivo.csv","19","resultado combinado","identidad=«*Fonticula alba*»; campo=«resultado combinado»; valor=«NO RESUELTO; no se infiere ausencia»","0","434","a08bc1a1584b2a31a0da0d84efd1de350abf318b9a2cfa7e0a94e0f34cb0f043","8a33be0a189a42fe8a6c4b14ae5e36aa8df9da89aa312c045c6fd99de3c3f355","d1e8d0a273fc5a24de14fe1b564211f1a9356d22d3b741a6de60f67245df19a4","ExactCooccurrenceIndex.count(nominal_components(nominal_query(fila_residual))); corpus fuente decodificado y normalizado por source_snapshot; resultado literal, no ausencia científica ni adjudicación de revisión."
"BN-281","baa141e9a4b531dc9fe99740811ce917771b1210d5c5637d97485cfb0a17cfb4","REINSPECCION","2026-09-26T21:21:09Z","/root/revision_residuales","C-2420","data/busquedas_negativas/15_4_15-4-registro-material-tiempo-ambiente-y-ecologia.csv","data/tablas/08/table-40a-8-3-censo-morfologia-genoma-cultivo.csv","20","estado de genoma","identidad=«*Nuclearia delicatula*»; campo=«estado de genoma»; valor=«genoma NO LOCALIZADO EN ESTA SESIÓN»","0","434","a08bc1a1584b2a31a0da0d84efd1de350abf318b9a2cfa7e0a94e0f34cb0f043","8a33be0a189a42fe8a6c4b14ae5e36aa8df9da89aa312c045c6fd99de3c3f355","d1e8d0a273fc5a24de14fe1b564211f1a9356d22d3b741a6de60f67245df19a4","ExactCooccurrenceIndex.count(nominal_components(nominal_query(fila_residual))); corpus fuente decodificado y normalizado por source_snapshot; resultado literal, no ausencia científica ni adjudicación de revisión."
"BN-282","ecd7c81896866cb5d551e2365a1d2f10776efcd10fc444521689a1de61f1ff7c","REINSPECCION","2026-09-26T21:21:09Z","/root/revision_residuales","C-2421","data/busquedas_negativas/15_4_15-4-registro-material-tiempo-ambiente-y-ecologia.csv","data/tablas/08/table-40a-8-3-censo-morfologia-genoma-cultivo.csv","20","estado de cultivo","identidad=«*Nuclearia delicatula*»; campo=«estado de cultivo»; valor=«cultivo NO LOCALIZADO EN ESTA SESIÓN»","0","434","a08bc1a1584b2a31a0da0d84efd1de350abf318b9a2cfa7e0a94e0f34cb0f043","8a33be0a189a42fe8a6c4b14ae5e36aa8df9da89aa312c045c6fd99de3c3f355","d1e8d0a273fc5a24de14fe1b564211f1a9356d22d3b741a6de60f67245df19a4","ExactCooccurrenceIndex.count(nominal_components(nominal_query(fila_residual))); corpus fuente decodificado y normalizado por source_snapshot; resultado literal, no ausencia científica ni adjudicación de revisión."
"BN-283","ea66d6383d542a6e366d1f7106a917e367061446b14c9daf137ea243aef12bfc","REINSPECCION","2026-09-26T21:21:09Z","/root/revision_residuales","C-2422","data/busquedas_negativas/15_4_15-4-registro-material-tiempo-ambiente-y-ecologia.csv","data/tablas/08/table-40a-8-3-censo-morfologia-genoma-cultivo.csv","20","resultado combinado","identidad=«*Nuclearia delicatula*»; campo=«resultado combinado»; valor=«NO RESUELTO; no se infiere ausencia»","0","434","a08bc1a1584b2a31a0da0d84efd1de350abf318b9a2cfa7e0a94e0f34cb0f043","8a33be0a189a42fe8a6c4b14ae5e36aa8df9da89aa312c045c6fd99de3c3f355","d1e8d0a273fc5a24de14fe1b564211f1a9356d22d3b741a6de60f67245df19a4","ExactCooccurrenceIndex.count(nominal_components(nominal_query(fila_residual))); corpus fuente decodificado y normalizado por source_snapshot; resultado literal, no ausencia científica ni adjudicación de revisión."
"BN-284","0f05f04710ebab8d991fab6ac2e4934480bc351f4e9f2868afc10cb373348927","REINSPECCION","2026-09-26T21:21:09Z","/root/revision_residuales","C-2423","data/busquedas_negativas/15_4_15-4-registro-material-tiempo-ambiente-y-ecologia.csv","data/tablas/08/table-40a-8-3-censo-morfologia-genoma-cultivo.csv","21","descripción solo morfológica","identidad=«*Rozella allomycis*»; campo=«descripción solo morfológica»; valor=«no: ciclo de infección observado»","0","434","a08bc1a1584b2a31a0da0d84efd1de350abf318b9a2cfa7e0a94e0f34cb0f043","8a33be0a189a42fe8a6c4b14ae5e36aa8df9da89aa312c045c6fd99de3c3f355","d1e8d0a273fc5a24de14fe1b564211f1a9356d22d3b741a6de60f67245df19a4","ExactCooccurrenceIndex.count(nominal_components(nominal_query(fila_residual))); corpus fuente decodificado y normalizado por source_snapshot; resultado literal, no ausencia científica ni adjudicación de revisión."
"BN-285","51cfca1cf918fdd34e9999ff7d2e453dcf31fe670504e757399af421b368fb7d","REINSPECCION","2026-09-26T21:21:09Z","/root/revision_residuales","C-2424","data/busquedas_negativas/15_4_15-4-registro-material-tiempo-ambiente-y-ecologia.csv","data/tablas/08/table-40a-8-3-censo-morfologia-genoma-cultivo.csv","21","estado de genoma","identidad=«*Rozella allomycis*»; campo=«estado de genoma»; valor=«genoma NO LOCALIZADO EN ESTA SESIÓN»","0","434","a08bc1a1584b2a31a0da0d84efd1de350abf318b9a2cfa7e0a94e0f34cb0f043","8a33be0a189a42fe8a6c4b14ae5e36aa8df9da89aa312c045c6fd99de3c3f355","d1e8d0a273fc5a24de14fe1b564211f1a9356d22d3b741a6de60f67245df19a4","ExactCooccurrenceIndex.count(nominal_components(nominal_query(fila_residual))); corpus fuente decodificado y normalizado por source_snapshot; resultado literal, no ausencia científica ni adjudicación de revisión."
"BN-286","97f47d89fdb79fb58a766b3b65e88aae1b3656d9f70b2aa23259cbc49d78a40d","REINSPECCION","2026-09-26T21:21:09Z","/root/revision_residuales","C-2425","data/busquedas_negativas/15_4_15-4-registro-material-tiempo-ambiente-y-ecologia.csv","data/tablas/08/table-40a-8-3-censo-morfologia-genoma-cultivo.csv","21","estado de cultivo","identidad=«*Rozella allomycis*»; campo=«estado de cultivo»; valor=«cultivo con hospedador; estado axénico no consta»","0","434","a08bc1a1584b2a31a0da0d84efd1de350abf318b9a2cfa7e0a94e0f34cb0f043","8a33be0a189a42fe8a6c4b14ae5e36aa8df9da89aa312c045c6fd99de3c3f355","d1e8d0a273fc5a24de14fe1b564211f1a9356d22d3b741a6de60f67245df19a4","ExactCooccurrenceIndex.count(nominal_components(nominal_query(fila_residual))); corpus fuente decodificado y normalizado por source_snapshot; resultado literal, no ausencia científica ni adjudicación de revisión."
"BN-287","a9b5ce73eb2281278c01af86029eda69c179b9b3f9519bae8ff8fcc67c973041","REINSPECCION","2026-09-26T21:21:09Z","/root/revision_residuales","C-2426","data/busquedas_negativas/15_4_15-4-registro-material-tiempo-ambiente-y-ecologia.csv","data/tablas/08/table-40a-8-3-censo-morfologia-genoma-cultivo.csv","21","resultado combinado","identidad=«*Rozella allomycis*»; campo=«resultado combinado»; valor=«NO RESUELTO; no se infiere ausencia»","0","434","a08bc1a1584b2a31a0da0d84efd1de350abf318b9a2cfa7e0a94e0f34cb0f043","8a33be0a189a42fe8a6c4b14ae5e36aa8df9da89aa312c045c6fd99de3c3f355","d1e8d0a273fc5a24de14fe1b564211f1a9356d22d3b741a6de60f67245df19a4","ExactCooccurrenceIndex.count(nominal_components(nominal_query(fila_residual))); corpus fuente decodificado y normalizado por source_snapshot; resultado literal, no ausencia científica ni adjudicación de revisión."
"BN-288","988fe0fd1825bdc97b67b71a1089e71bbabb358f135a82e853d68a056e42b2b7","REINSPECCION","2026-09-26T21:21:09Z","/root/revision_residuales","C-2427","data/busquedas_negativas/15_4_15-4-registro-material-tiempo-ambiente-y-ecologia.csv","data/tablas/08/table-40a-8-3-censo-morfologia-genoma-cultivo.csv","22","descripción solo morfológica","identidad=«*Rhizophydium planktonicum*»; campo=«descripción solo morfológica»; valor=«no: parasitismo y flujo de carbono medidos»","0","434","a08bc1a1584b2a31a0da0d84efd1de350abf318b9a2cfa7e0a94e0f34cb0f043","8a33be0a189a42fe8a6c4b14ae5e36aa8df9da89aa312c045c6fd99de3c3f355","d1e8d0a273fc5a24de14fe1b564211f1a9356d22d3b741a6de60f67245df19a4","ExactCooccurrenceIndex.count(nominal_components(nominal_query(fila_residual))); corpus fuente decodificado y normalizado por source_snapshot; resultado literal, no ausencia científica ni adjudicación de revisión."
"BN-289","9edf6c0dbb952f18b45217e42198fa116794c9859d630598c1ea6deb9d412d23","REINSPECCION","2026-09-26T21:21:09Z","/root/revision_residuales","C-2428","data/busquedas_negativas/15_4_15-4-registro-material-tiempo-ambiente-y-ecologia.csv","data/tablas/08/table-40a-8-3-censo-morfologia-genoma-cultivo.csv","22","estado de genoma","identidad=«*Rhizophydium planktonicum*»; campo=«estado de genoma»; valor=«genoma NO LOCALIZADO EN ESTA SESIÓN»","0","434","a08bc1a1584b2a31a0da0d84efd1de350abf318b9a2cfa7e0a94e0f34cb0f043","8a33be0a189a42fe8a6c4b14ae5e36aa8df9da89aa312c045c6fd99de3c3f355","d1e8d0a273fc5a24de14fe1b564211f1a9356d22d3b741a6de60f67245df19a4","ExactCooccurrenceIndex.count(nominal_components(nominal_query(fila_residual))); corpus fuente decodificado y normalizado por source_snapshot; resultado literal, no ausencia científica ni adjudicación de revisión."
"BN-290","bd73fe4d418634e41ecefd9af450a722e8cf08e502131c1488a1116765b62bd8","REINSPECCION","2026-09-26T21:21:09Z","/root/revision_residuales","C-2429","data/busquedas_negativas/15_4_15-4-registro-material-tiempo-ambiente-y-ecologia.csv","data/tablas/08/table-40a-8-3-censo-morfologia-genoma-cultivo.csv","22","estado de cultivo","identidad=«*Rhizophydium planktonicum*»; campo=«estado de cultivo»; valor=«ensayo con hospedador documentado; estado axénico no consta»","0","434","a08bc1a1584b2a31a0da0d84efd1de350abf318b9a2cfa7e0a94e0f34cb0f043","8a33be0a189a42fe8a6c4b14ae5e36aa8df9da89aa312c045c6fd99de3c3f355","d1e8d0a273fc5a24de14fe1b564211f1a9356d22d3b741a6de60f67245df19a4","ExactCooccurrenceIndex.count(nominal_components(nominal_query(fila_residual))); corpus fuente decodificado y normalizado por source_snapshot; resultado literal, no ausencia científica ni adjudicación de revisión."
"BN-291","5d567a7d04acce01bd96f5094121ac3bd1bd04c46ed1015d0a440bf7acb9cfd9","REINSPECCION","2026-09-26T21:21:09Z","/root/revision_residuales","C-2430","data/busquedas_negativas/15_4_15-4-registro-material-tiempo-ambiente-y-ecologia.csv","data/tablas/08/table-40a-8-3-censo-morfologia-genoma-cultivo.csv","22","resultado combinado","identidad=«*Rhizophydium planktonicum*»; campo=«resultado combinado»; valor=«NO RESUELTO; no se infiere ausencia»","0","434","a08bc1a1584b2a31a0da0d84efd1de350abf318b9a2cfa7e0a94e0f34cb0f043","8a33be0a189a42fe8a6c4b14ae5e36aa8df9da89aa312c045c6fd99de3c3f355","d1e8d0a273fc5a24de14fe1b564211f1a9356d22d3b741a6de60f67245df19a4","ExactCooccurrenceIndex.count(nominal_components(nominal_query(fila_residual))); corpus fuente decodificado y normalizado por source_snapshot; resultado literal, no ausencia científica ni adjudicación de revisión."
"BN-292","104c1a1ae907b7183e72eae9aabf56e72b981115a4767037aed75750f9a2f79c","REINSPECCION","2026-09-26T21:21:10Z","/root/revision_residuales","C-2431","data/busquedas_negativas/15_4_15-4-registro-material-tiempo-ambiente-y-ecologia.csv","data/tablas/08/table-40a-8-3-censo-morfologia-genoma-cultivo.csv","23","estado de cultivo","identidad=«Microsporidia»; campo=«estado de cultivo»; valor=«cultivo NO LOCALIZADO EN ESTA SESIÓN»","0","434","a08bc1a1584b2a31a0da0d84efd1de350abf318b9a2cfa7e0a94e0f34cb0f043","8a33be0a189a42fe8a6c4b14ae5e36aa8df9da89aa312c045c6fd99de3c3f355","d1e8d0a273fc5a24de14fe1b564211f1a9356d22d3b741a6de60f67245df19a4","ExactCooccurrenceIndex.count(nominal_components(nominal_query(fila_residual))); corpus fuente decodificado y normalizado por source_snapshot; resultado literal, no ausencia científica ni adjudicación de revisión."
"BN-293","8f54a567615569e2d449ed209130923e7c52f2032479af24328b0e2d2c0c20b7","REINSPECCION","2026-09-26T21:21:10Z","/root/revision_residuales","C-2432","data/busquedas_negativas/15_4_15-4-registro-material-tiempo-ambiente-y-ecologia.csv","data/tablas/08/table-40a-8-3-censo-morfologia-genoma-cultivo.csv","24","estado de genoma","identidad=«*Dictyostelium discoideum*»; campo=«estado de genoma»; valor=«genoma NO LOCALIZADO EN ESTA SESIÓN»","0","434","a08bc1a1584b2a31a0da0d84efd1de350abf318b9a2cfa7e0a94e0f34cb0f043","8a33be0a189a42fe8a6c4b14ae5e36aa8df9da89aa312c045c6fd99de3c3f355","d1e8d0a273fc5a24de14fe1b564211f1a9356d22d3b741a6de60f67245df19a4","ExactCooccurrenceIndex.count(nominal_components(nominal_query(fila_residual))); corpus fuente decodificado y normalizado por source_snapshot; resultado literal, no ausencia científica ni adjudicación de revisión."
"BN-294","b8e0829a156de88738b1e44549cb660511d3207c929f7dcabb403e0593d1b33b","REINSPECCION","2026-09-26T21:21:10Z","/root/revision_residuales","C-2433","data/busquedas_negativas/15_4_15-4-registro-material-tiempo-ambiente-y-ecologia.csv","data/tablas/08/table-40a-8-3-censo-morfologia-genoma-cultivo.csv","24","estado de cultivo","identidad=«*Dictyostelium discoideum*»; campo=«estado de cultivo»; valor=«cultivo experimental implícito, condición nominal no censada»","0","434","a08bc1a1584b2a31a0da0d84efd1de350abf318b9a2cfa7e0a94e0f34cb0f043","8a33be0a189a42fe8a6c4b14ae5e36aa8df9da89aa312c045c6fd99de3c3f355","d1e8d0a273fc5a24de14fe1b564211f1a9356d22d3b741a6de60f67245df19a4","ExactCooccurrenceIndex.count(nominal_components(nominal_query(fila_residual))); corpus fuente decodificado y normalizado por source_snapshot; resultado literal, no ausencia científica ni adjudicación de revisión."
"BN-295","5b960761f2cb403ded7731cbd5e3efc5213d6cc445007cf9788673ea0b2fa9f1","REINSPECCION","2026-09-26T21:21:10Z","/root/revision_residuales","C-2434","data/busquedas_negativas/15_4_15-4-registro-material-tiempo-ambiente-y-ecologia.csv","data/tablas/08/table-40a-8-3-censo-morfologia-genoma-cultivo.csv","24","resultado combinado","identidad=«*Dictyostelium discoideum*»; campo=«resultado combinado»; valor=«NO RESUELTO; no se infiere ausencia»","0","434","a08bc1a1584b2a31a0da0d84efd1de350abf318b9a2cfa7e0a94e0f34cb0f043","8a33be0a189a42fe8a6c4b14ae5e36aa8df9da89aa312c045c6fd99de3c3f355","d1e8d0a273fc5a24de14fe1b564211f1a9356d22d3b741a6de60f67245df19a4","ExactCooccurrenceIndex.count(nominal_components(nominal_query(fila_residual))); corpus fuente decodificado y normalizado por source_snapshot; resultado literal, no ausencia científica ni adjudicación de revisión."
"BN-296","2a17602176e357947b8ca4d7e6132244d624608d3c9f217de87887978cb27ecf","REINSPECCION","2026-09-26T21:21:10Z","/root/revision_residuales","C-2435","data/busquedas_negativas/15_4_15-4-registro-material-tiempo-ambiente-y-ecologia.csv","data/tablas/08/table-40a-8-3-censo-morfologia-genoma-cultivo.csv","25","estado de genoma","identidad=«*Entamoeba histolytica*»; campo=«estado de genoma»; valor=«genoma NO LOCALIZADO EN ESTA SESIÓN»","0","434","a08bc1a1584b2a31a0da0d84efd1de350abf318b9a2cfa7e0a94e0f34cb0f043","8a33be0a189a42fe8a6c4b14ae5e36aa8df9da89aa312c045c6fd99de3c3f355","d1e8d0a273fc5a24de14fe1b564211f1a9356d22d3b741a6de60f67245df19a4","ExactCooccurrenceIndex.count(nominal_components(nominal_query(fila_residual))); corpus fuente decodificado y normalizado por source_snapshot; resultado literal, no ausencia científica ni adjudicación de revisión."
"BN-297","b9c923d8c4e46bebeb40f5e368a3adf33e08ae9d9b357c74a190ac379038e34e","REINSPECCION","2026-09-26T21:21:10Z","/root/revision_residuales","C-2436","data/busquedas_negativas/15_4_15-4-registro-material-tiempo-ambiente-y-ecologia.csv","data/tablas/08/table-40a-8-3-censo-morfologia-genoma-cultivo.csv","25","estado de cultivo","identidad=«*Entamoeba histolytica*»; campo=«estado de cultivo»; valor=«ensayo celular documentado; estado de cultivo no consta»","0","434","a08bc1a1584b2a31a0da0d84efd1de350abf318b9a2cfa7e0a94e0f34cb0f043","8a33be0a189a42fe8a6c4b14ae5e36aa8df9da89aa312c045c6fd99de3c3f355","d1e8d0a273fc5a24de14fe1b564211f1a9356d22d3b741a6de60f67245df19a4","ExactCooccurrenceIndex.count(nominal_components(nominal_query(fila_residual))); corpus fuente decodificado y normalizado por source_snapshot; resultado literal, no ausencia científica ni adjudicación de revisión."
"BN-298","aa5346398f457198b49433cc7462756c63a621aea32059a3a775e57bd1c2681c","REINSPECCION","2026-09-26T21:21:10Z","/root/revision_residuales","C-2437","data/busquedas_negativas/15_4_15-4-registro-material-tiempo-ambiente-y-ecologia.csv","data/tablas/08/table-40a-8-3-censo-morfologia-genoma-cultivo.csv","25","resultado combinado","identidad=«*Entamoeba histolytica*»; campo=«resultado combinado»; valor=«NO RESUELTO; no se infiere ausencia»","0","434","a08bc1a1584b2a31a0da0d84efd1de350abf318b9a2cfa7e0a94e0f34cb0f043","8a33be0a189a42fe8a6c4b14ae5e36aa8df9da89aa312c045c6fd99de3c3f355","d1e8d0a273fc5a24de14fe1b564211f1a9356d22d3b741a6de60f67245df19a4","ExactCooccurrenceIndex.count(nominal_components(nominal_query(fila_residual))); corpus fuente decodificado y normalizado por source_snapshot; resultado literal, no ausencia científica ni adjudicación de revisión."
"BN-299","85778e13909c7fbd0eff79dabe61080ecd49e3c690d17df766376fd823ba9670","REINSPECCION","2026-09-26T21:21:11Z","/root/revision_residuales","C-2438","data/busquedas_negativas/15_4_15-4-registro-material-tiempo-ambiente-y-ecologia.csv","data/tablas/08/table-40a-8-3-censo-morfologia-genoma-cultivo.csv","26","estado de genoma","identidad=«*Pelomyxa*»; campo=«estado de genoma»; valor=«genoma NO LOCALIZADO EN ESTA SESIÓN»","0","434","a08bc1a1584b2a31a0da0d84efd1de350abf318b9a2cfa7e0a94e0f34cb0f043","8a33be0a189a42fe8a6c4b14ae5e36aa8df9da89aa312c045c6fd99de3c3f355","d1e8d0a273fc5a24de14fe1b564211f1a9356d22d3b741a6de60f67245df19a4","ExactCooccurrenceIndex.count(nominal_components(nominal_query(fila_residual))); corpus fuente decodificado y normalizado por source_snapshot; resultado literal, no ausencia científica ni adjudicación de revisión."
"BN-300","62124a626d8814aeda11882ea77af288d4b15ec8ce270a8bd318b015e0598ec1","REINSPECCION","2026-09-26T21:21:11Z","/root/revision_residuales","C-2439","data/busquedas_negativas/15_4_15-4-registro-material-tiempo-ambiente-y-ecologia.csv","data/tablas/08/table-40a-8-3-censo-morfologia-genoma-cultivo.csv","26","estado de cultivo","identidad=«*Pelomyxa*»; campo=«estado de cultivo»; valor=«cultivo NO LOCALIZADO EN ESTA SESIÓN»","0","434","a08bc1a1584b2a31a0da0d84efd1de350abf318b9a2cfa7e0a94e0f34cb0f043","8a33be0a189a42fe8a6c4b14ae5e36aa8df9da89aa312c045c6fd99de3c3f355","d1e8d0a273fc5a24de14fe1b564211f1a9356d22d3b741a6de60f67245df19a4","ExactCooccurrenceIndex.count(nominal_components(nominal_query(fila_residual))); corpus fuente decodificado y normalizado por source_snapshot; resultado literal, no ausencia científica ni adjudicación de revisión."
"BN-301","4ce5c8c42769ffa105881ca80a94ae4b3ba0196572573db86ce6a816164a72c7","REINSPECCION","2026-09-26T21:21:11Z","/root/revision_residuales","C-2440","data/busquedas_negativas/15_4_15-4-registro-material-tiempo-ambiente-y-ecologia.csv","data/tablas/08/table-40a-8-3-censo-morfologia-genoma-cultivo.csv","26","resultado combinado","identidad=«*Pelomyxa*»; campo=«resultado combinado»; valor=«NO RESUELTO; no se infiere ausencia»","0","434","a08bc1a1584b2a31a0da0d84efd1de350abf318b9a2cfa7e0a94e0f34cb0f043","8a33be0a189a42fe8a6c4b14ae5e36aa8df9da89aa312c045c6fd99de3c3f355","d1e8d0a273fc5a24de14fe1b564211f1a9356d22d3b741a6de60f67245df19a4","ExactCooccurrenceIndex.count(nominal_components(nominal_query(fila_residual))); corpus fuente decodificado y normalizado por source_snapshot; resultado literal, no ausencia científica ni adjudicación de revisión."
"BN-302","4319c0e198bd44911310062408109671651a76ee6d9b149d8aa7ae9e5acf0d42","REINSPECCION","2026-09-26T21:21:11Z","/root/revision_residuales","C-2441","data/busquedas_negativas/15_4_15-4-registro-material-tiempo-ambiente-y-ecologia.csv","data/tablas/08/table-40a-8-3-censo-morfologia-genoma-cultivo.csv","27","estado de genoma","identidad=«*Mastigamoeba balamuthi*»; campo=«estado de genoma»; valor=«genoma NO LOCALIZADO EN ESTA SESIÓN»","0","434","a08bc1a1584b2a31a0da0d84efd1de350abf318b9a2cfa7e0a94e0f34cb0f043","8a33be0a189a42fe8a6c4b14ae5e36aa8df9da89aa312c045c6fd99de3c3f355","d1e8d0a273fc5a24de14fe1b564211f1a9356d22d3b741a6de60f67245df19a4","ExactCooccurrenceIndex.count(nominal_components(nominal_query(fila_residual))); corpus fuente decodificado y normalizado por source_snapshot; resultado literal, no ausencia científica ni adjudicación de revisión."
"BN-303","a01607c89b8f4b2ad14662ec116792af7514140ab3b6f3c3be823831b3104298","REINSPECCION","2026-09-26T21:21:11Z","/root/revision_residuales","C-2442","data/busquedas_negativas/15_4_15-4-registro-material-tiempo-ambiente-y-ecologia.csv","data/tablas/08/table-40a-8-3-censo-morfologia-genoma-cultivo.csv","27","estado de cultivo","identidad=«*Mastigamoeba balamuthi*»; campo=«estado de cultivo»; valor=«cultivo NO LOCALIZADO EN ESTA SESIÓN»","0","434","a08bc1a1584b2a31a0da0d84efd1de350abf318b9a2cfa7e0a94e0f34cb0f043","8a33be0a189a42fe8a6c4b14ae5e36aa8df9da89aa312c045c6fd99de3c3f355","d1e8d0a273fc5a24de14fe1b564211f1a9356d22d3b741a6de60f67245df19a4","ExactCooccurrenceIndex.count(nominal_components(nominal_query(fila_residual))); corpus fuente decodificado y normalizado por source_snapshot; resultado literal, no ausencia científica ni adjudicación de revisión."
"BN-304","5f71df7ced30361260393fa7a58fe79e750936a031cbb4417de145e6e4be268b","REINSPECCION","2026-09-26T21:21:11Z","/root/revision_residuales","C-2443","data/busquedas_negativas/15_4_15-4-registro-material-tiempo-ambiente-y-ecologia.csv","data/tablas/08/table-40a-8-3-censo-morfologia-genoma-cultivo.csv","27","resultado combinado","identidad=«*Mastigamoeba balamuthi*»; campo=«resultado combinado»; valor=«NO RESUELTO; no se infiere ausencia»","0","434","a08bc1a1584b2a31a0da0d84efd1de350abf318b9a2cfa7e0a94e0f34cb0f043","8a33be0a189a42fe8a6c4b14ae5e36aa8df9da89aa312c045c6fd99de3c3f355","d1e8d0a273fc5a24de14fe1b564211f1a9356d22d3b741a6de60f67245df19a4","ExactCooccurrenceIndex.count(nominal_components(nominal_query(fila_residual))); corpus fuente decodificado y normalizado por source_snapshot; resultado literal, no ausencia científica ni adjudicación de revisión."
"BN-305","20a52302b011b1cb3734056505c48f830d7ffc8b8cfe88179459cb2c8cb12194","REINSPECCION","2026-09-26T21:21:11Z","/root/revision_residuales","C-2444","data/busquedas_negativas/15_9_15-9-multicelularidad-y-repertorio-preanimal.csv","data/tablas/12/table-54-12-10-1-repertorio-funcional-localizado.csv","2","otros choanoflagelados","identidad=«integrinas y adhesoma»; campo=«otros choanoflagelados»; valor=«NO LOCALIZADO por linaje»","0","434","a08bc1a1584b2a31a0da0d84efd1de350abf318b9a2cfa7e0a94e0f34cb0f043","8a33be0a189a42fe8a6c4b14ae5e36aa8df9da89aa312c045c6fd99de3c3f355","d1e8d0a273fc5a24de14fe1b564211f1a9356d22d3b741a6de60f67245df19a4","ExactCooccurrenceIndex.count(nominal_components(nominal_query(fila_residual))); corpus fuente decodificado y normalizado por source_snapshot; resultado literal, no ausencia científica ni adjudicación de revisión."
"BN-306","d00809479144ff3b21c09998c24491945fa5da0d679957aa50a43d19d6c5d83e","REINSPECCION","2026-09-26T21:21:11Z","/root/revision_residuales","C-2445","data/busquedas_negativas/15_9_15-9-multicelularidad-y-repertorio-preanimal.csv","data/tablas/12/table-54-12-10-1-repertorio-funcional-localizado.csv","2","Metazoa","identidad=«integrinas y adhesoma»; campo=«Metazoa»; valor=«presente»","0","434","a08bc1a1584b2a31a0da0d84efd1de350abf318b9a2cfa7e0a94e0f34cb0f043","8a33be0a189a42fe8a6c4b14ae5e36aa8df9da89aa312c045c6fd99de3c3f355","d1e8d0a273fc5a24de14fe1b564211f1a9356d22d3b741a6de60f67245df19a4","ExactCooccurrenceIndex.count(nominal_components(nominal_query(fila_residual))); corpus fuente decodificado y normalizado por source_snapshot; resultado literal, no ausencia científica ni adjudicación de revisión."
"BN-307","35c398fbc4bac7416494432a958d4f5fc0e24755d936e40080c44081c4d03491","REINSPECCION","2026-09-26T21:21:11Z","/root/revision_residuales","C-2446","data/busquedas_negativas/15_9_15-9-multicelularidad-y-repertorio-preanimal.csv","data/tablas/12/table-54-12-10-1-repertorio-funcional-localizado.csv","2","criterio de presencia/ausencia","identidad=«integrinas y adhesoma»; campo=«criterio de presencia/ausencia»; valor=«presencia por homología de dominios; ausencia solo cuando la fuente la declara»","0","434","a08bc1a1584b2a31a0da0d84efd1de350abf318b9a2cfa7e0a94e0f34cb0f043","8a33be0a189a42fe8a6c4b14ae5e36aa8df9da89aa312c045c6fd99de3c3f355","d1e8d0a273fc5a24de14fe1b564211f1a9356d22d3b741a6de60f67245df19a4","ExactCooccurrenceIndex.count(nominal_components(nominal_query(fila_residual))); corpus fuente decodificado y normalizado por source_snapshot; resultado literal, no ausencia científica ni adjudicación de revisión."
"BN-308","34c16ccd8a5508a0531d1feeb2b68a2191f1743a41a0bdb919d5579b673f02a9","REINSPECCION","2026-09-26T21:21:11Z","/root/revision_residuales","C-2447","data/busquedas_negativas/15_9_15-9-multicelularidad-y-repertorio-preanimal.csv","data/tablas/12/table-54-12-10-1-repertorio-funcional-localizado.csv","2","límite","identidad=«integrinas y adhesoma»; campo=«límite»; valor=«no se infiere ausencia en combinaciones no muestreadas»","0","434","a08bc1a1584b2a31a0da0d84efd1de350abf318b9a2cfa7e0a94e0f34cb0f043","8a33be0a189a42fe8a6c4b14ae5e36aa8df9da89aa312c045c6fd99de3c3f355","d1e8d0a273fc5a24de14fe1b564211f1a9356d22d3b741a6de60f67245df19a4","ExactCooccurrenceIndex.count(nominal_components(nominal_query(fila_residual))); corpus fuente decodificado y normalizado por source_snapshot; resultado literal, no ausencia científica ni adjudicación de revisión."
"BN-309","a05c22e3e597cee845bf8e50077b0b91fd1482d641fa6323123c10796e7d5233","REINSPECCION","2026-09-26T21:21:12Z","/root/revision_residuales","C-2448","data/busquedas_negativas/15_9_15-9-multicelularidad-y-repertorio-preanimal.csv","data/tablas/12/table-54-12-10-1-repertorio-funcional-localizado.csv","3","Capsaspora","identidad=«cadherinas»; campo=«Capsaspora»; valor=«NO LOCALIZADO»","0","434","a08bc1a1584b2a31a0da0d84efd1de350abf318b9a2cfa7e0a94e0f34cb0f043","8a33be0a189a42fe8a6c4b14ae5e36aa8df9da89aa312c045c6fd99de3c3f355","d1e8d0a273fc5a24de14fe1b564211f1a9356d22d3b741a6de60f67245df19a4","ExactCooccurrenceIndex.count(nominal_components(nominal_query(fila_residual))); corpus fuente decodificado y normalizado por source_snapshot; resultado literal, no ausencia científica ni adjudicación de revisión."
"BN-310","9d82e13ca27ccd1618e0ae9b7d3cf4a78e8f6286338d460109babbf1777e7fec","REINSPECCION","2026-09-26T21:21:12Z","/root/revision_residuales","C-2449","data/busquedas_negativas/15_9_15-9-multicelularidad-y-repertorio-preanimal.csv","data/tablas/12/table-54-12-10-1-repertorio-funcional-localizado.csv","3","otros choanoflagelados","identidad=«cadherinas»; campo=«otros choanoflagelados»; valor=«NO LOCALIZADO por linaje»","0","434","a08bc1a1584b2a31a0da0d84efd1de350abf318b9a2cfa7e0a94e0f34cb0f043","8a33be0a189a42fe8a6c4b14ae5e36aa8df9da89aa312c045c6fd99de3c3f355","d1e8d0a273fc5a24de14fe1b564211f1a9356d22d3b741a6de60f67245df19a4","ExactCooccurrenceIndex.count(nominal_components(nominal_query(fila_residual))); corpus fuente decodificado y normalizado por source_snapshot; resultado literal, no ausencia científica ni adjudicación de revisión."
"BN-311","2347c947d7c0fbbc29f5545ff1299745aaeda2f31c5d0fecbe66dac91cfed03f","REINSPECCION","2026-09-26T21:21:12Z","/root/revision_residuales","C-2450","data/busquedas_negativas/15_9_15-9-multicelularidad-y-repertorio-preanimal.csv","data/tablas/12/table-54-12-10-1-repertorio-funcional-localizado.csv","3","otros holozoos unicelulares","identidad=«cadherinas»; campo=«otros holozoos unicelulares»; valor=«NO LOCALIZADO por linaje»","0","434","a08bc1a1584b2a31a0da0d84efd1de350abf318b9a2cfa7e0a94e0f34cb0f043","8a33be0a189a42fe8a6c4b14ae5e36aa8df9da89aa312c045c6fd99de3c3f355","d1e8d0a273fc5a24de14fe1b564211f1a9356d22d3b741a6de60f67245df19a4","ExactCooccurrenceIndex.count(nominal_components(nominal_query(fila_residual))); corpus fuente decodificado y normalizado por source_snapshot; resultado literal, no ausencia científica ni adjudicación de revisión."
"BN-312","765296f6dccefd0b4cc24d1e346f7f984f183e52b165de5e9cce492f7a7aef2a","REINSPECCION","2026-09-26T21:21:12Z","/root/revision_residuales","C-2451","data/busquedas_negativas/15_9_15-9-multicelularidad-y-repertorio-preanimal.csv","data/tablas/12/table-54-12-10-1-repertorio-funcional-localizado.csv","3","Metazoa","identidad=«cadherinas»; campo=«Metazoa»; valor=«presente»","0","434","a08bc1a1584b2a31a0da0d84efd1de350abf318b9a2cfa7e0a94e0f34cb0f043","8a33be0a189a42fe8a6c4b14ae5e36aa8df9da89aa312c045c6fd99de3c3f355","d1e8d0a273fc5a24de14fe1b564211f1a9356d22d3b741a6de60f67245df19a4","ExactCooccurrenceIndex.count(nominal_components(nominal_query(fila_residual))); corpus fuente decodificado y normalizado por source_snapshot; resultado literal, no ausencia científica ni adjudicación de revisión."
"BN-313","aafba4fca134f44e2cc63cd40ccaaef3a889b49ea94d5ba90d6e7e7b0ef98ce7","REINSPECCION","2026-09-26T21:21:12Z","/root/revision_residuales","C-2452","data/busquedas_negativas/15_9_15-9-multicelularidad-y-repertorio-preanimal.csv","data/tablas/12/table-54-12-10-1-repertorio-funcional-localizado.csv","3","límite","identidad=«cadherinas»; campo=«límite»; valor=«matriz animal completa no demostrada fuera de Metazoa»","0","434","a08bc1a1584b2a31a0da0d84efd1de350abf318b9a2cfa7e0a94e0f34cb0f043","8a33be0a189a42fe8a6c4b14ae5e36aa8df9da89aa312c045c6fd99de3c3f355","d1e8d0a273fc5a24de14fe1b564211f1a9356d22d3b741a6de60f67245df19a4","ExactCooccurrenceIndex.count(nominal_components(nominal_query(fila_residual))); corpus fuente decodificado y normalizado por source_snapshot; resultado literal, no ausencia científica ni adjudicación de revisión."
"BN-314","6c801125f05206cdfe74a08a3c7e4c95f833f6200aa7201336961579197e49a8","REINSPECCION","2026-09-26T21:21:12Z","/root/revision_residuales","C-2453","data/busquedas_negativas/15_9_15-9-multicelularidad-y-repertorio-preanimal.csv","data/tablas/12/table-54-12-10-1-repertorio-funcional-localizado.csv","4","Capsaspora","identidad=«matriz y colágeno»; campo=«Capsaspora»; valor=«NO LOCALIZADO»","0","434","a08bc1a1584b2a31a0da0d84efd1de350abf318b9a2cfa7e0a94e0f34cb0f043","8a33be0a189a42fe8a6c4b14ae5e36aa8df9da89aa312c045c6fd99de3c3f355","d1e8d0a273fc5a24de14fe1b564211f1a9356d22d3b741a6de60f67245df19a4","ExactCooccurrenceIndex.count(nominal_components(nominal_query(fila_residual))); corpus fuente decodificado y normalizado por source_snapshot; resultado literal, no ausencia científica ni adjudicación de revisión."
"BN-315","d620bc5082617f278690a928903e6046238ff1424c81c29a9a0afd454ac3970f","REINSPECCION","2026-09-26T21:21:12Z","/root/revision_residuales","C-2454","data/busquedas_negativas/15_9_15-9-multicelularidad-y-repertorio-preanimal.csv","data/tablas/12/table-54-12-10-1-repertorio-funcional-localizado.csv","4","otros choanoflagelados","identidad=«matriz y colágeno»; campo=«otros choanoflagelados»; valor=«NO LOCALIZADO por linaje»","0","434","a08bc1a1584b2a31a0da0d84efd1de350abf318b9a2cfa7e0a94e0f34cb0f043","8a33be0a189a42fe8a6c4b14ae5e36aa8df9da89aa312c045c6fd99de3c3f355","d1e8d0a273fc5a24de14fe1b564211f1a9356d22d3b741a6de60f67245df19a4","ExactCooccurrenceIndex.count(nominal_components(nominal_query(fila_residual))); corpus fuente decodificado y normalizado por source_snapshot; resultado literal, no ausencia científica ni adjudicación de revisión."
"BN-316","6dc0edbf2762753bd5eb06796371ec7c6a8cd35c9fd2b2dfca44ccf341c6cfe3","REINSPECCION","2026-09-26T21:21:12Z","/root/revision_residuales","C-2455","data/busquedas_negativas/15_9_15-9-multicelularidad-y-repertorio-preanimal.csv","data/tablas/12/table-54-12-10-1-repertorio-funcional-localizado.csv","4","otros holozoos unicelulares","identidad=«matriz y colágeno»; campo=«otros holozoos unicelulares»; valor=«NO LOCALIZADO por linaje»","0","434","a08bc1a1584b2a31a0da0d84efd1de350abf318b9a2cfa7e0a94e0f34cb0f043","8a33be0a189a42fe8a6c4b14ae5e36aa8df9da89aa312c045c6fd99de3c3f355","d1e8d0a273fc5a24de14fe1b564211f1a9356d22d3b741a6de60f67245df19a4","ExactCooccurrenceIndex.count(nominal_components(nominal_query(fila_residual))); corpus fuente decodificado y normalizado por source_snapshot; resultado literal, no ausencia científica ni adjudicación de revisión."
"BN-317","0eb838b3c08843994be5282cfd442187955b680ac8d953bea1a58f6f2e5074bc","REINSPECCION","2026-09-26T21:21:12Z","/root/revision_residuales","C-2456","data/busquedas_negativas/15_9_15-9-multicelularidad-y-repertorio-preanimal.csv","data/tablas/12/table-54-12-10-1-repertorio-funcional-localizado.csv","4","Metazoa","identidad=«matriz y colágeno»; campo=«Metazoa»; valor=«presente»","0","434","a08bc1a1584b2a31a0da0d84efd1de350abf318b9a2cfa7e0a94e0f34cb0f043","8a33be0a189a42fe8a6c4b14ae5e36aa8df9da89aa312c045c6fd99de3c3f355","d1e8d0a273fc5a24de14fe1b564211f1a9356d22d3b741a6de60f67245df19a4","ExactCooccurrenceIndex.count(nominal_components(nominal_query(fila_residual))); corpus fuente decodificado y normalizado por source_snapshot; resultado literal, no ausencia científica ni adjudicación de revisión."
"BN-318","2cee034d0934a33210e97239e257d5895c1134178e12ed6158f24e7ceb41b633","REINSPECCION","2026-09-26T21:21:12Z","/root/revision_residuales","C-2457","data/busquedas_negativas/15_9_15-9-multicelularidad-y-repertorio-preanimal.csv","data/tablas/12/table-54-12-10-1-repertorio-funcional-localizado.csv","4","límite","identidad=«matriz y colágeno»; campo=«límite»; valor=«fibrillas y matriz animal completa no demostradas»","0","434","a08bc1a1584b2a31a0da0d84efd1de350abf318b9a2cfa7e0a94e0f34cb0f043","8a33be0a189a42fe8a6c4b14ae5e36aa8df9da89aa312c045c6fd99de3c3f355","d1e8d0a273fc5a24de14fe1b564211f1a9356d22d3b741a6de60f67245df19a4","ExactCooccurrenceIndex.count(nominal_components(nominal_query(fila_residual))); corpus fuente decodificado y normalizado por source_snapshot; resultado literal, no ausencia científica ni adjudicación de revisión."
"BN-319","1592552200fd1a6bae825884cec2ea59b8ca5683e124ec907253cd89708012f1","REINSPECCION","2026-09-26T21:21:12Z","/root/revision_residuales","C-2458","data/busquedas_negativas/15_9_15-9-multicelularidad-y-repertorio-preanimal.csv","data/tablas/12/table-54-12-10-1-repertorio-funcional-localizado.csv","5","otros choanoflagelados","identidad=«fosfotirosina»; campo=«otros choanoflagelados»; valor=«NO LOCALIZADO por linaje»","0","434","a08bc1a1584b2a31a0da0d84efd1de350abf318b9a2cfa7e0a94e0f34cb0f043","8a33be0a189a42fe8a6c4b14ae5e36aa8df9da89aa312c045c6fd99de3c3f355","d1e8d0a273fc5a24de14fe1b564211f1a9356d22d3b741a6de60f67245df19a4","ExactCooccurrenceIndex.count(nominal_components(nominal_query(fila_residual))); corpus fuente decodificado y normalizado por source_snapshot; resultado literal, no ausencia científica ni adjudicación de revisión."
"BN-320","9bf34ad0d0242be920cff9577da16e9834b9804fa61271d9f8ce409cead9eebf","REINSPECCION","2026-09-26T21:21:12Z","/root/revision_residuales","C-2459","data/busquedas_negativas/15_9_15-9-multicelularidad-y-repertorio-preanimal.csv","data/tablas/12/table-54-12-10-1-repertorio-funcional-localizado.csv","5","otros holozoos unicelulares","identidad=«fosfotirosina»; campo=«otros holozoos unicelulares»; valor=«NO LOCALIZADO por linaje»","0","434","a08bc1a1584b2a31a0da0d84efd1de350abf318b9a2cfa7e0a94e0f34cb0f043","8a33be0a189a42fe8a6c4b14ae5e36aa8df9da89aa312c045c6fd99de3c3f355","d1e8d0a273fc5a24de14fe1b564211f1a9356d22d3b741a6de60f67245df19a4","ExactCooccurrenceIndex.count(nominal_components(nominal_query(fila_residual))); corpus fuente decodificado y normalizado por source_snapshot; resultado literal, no ausencia científica ni adjudicación de revisión."
"BN-321","d84630514d555363b502645f5e445fd80373e5cf05b8cef49aacbfd0d8f88ef5","REINSPECCION","2026-09-26T21:21:12Z","/root/revision_residuales","C-2460","data/busquedas_negativas/15_9_15-9-multicelularidad-y-repertorio-preanimal.csv","data/tablas/12/table-54-12-10-1-repertorio-funcional-localizado.csv","5","Metazoa","identidad=«fosfotirosina»; campo=«Metazoa»; valor=«presente»","0","434","a08bc1a1584b2a31a0da0d84efd1de350abf318b9a2cfa7e0a94e0f34cb0f043","8a33be0a189a42fe8a6c4b14ae5e36aa8df9da89aa312c045c6fd99de3c3f355","d1e8d0a273fc5a24de14fe1b564211f1a9356d22d3b741a6de60f67245df19a4","ExactCooccurrenceIndex.count(nominal_components(nominal_query(fila_residual))); corpus fuente decodificado y normalizado por source_snapshot; resultado literal, no ausencia científica ni adjudicación de revisión."
"BN-322","4616157b28245dfba8dcc0f17e678a70397652625dc3b07e86aa81c68e97264b","REINSPECCION","2026-09-26T21:21:12Z","/root/revision_residuales","C-2461","data/busquedas_negativas/15_9_15-9-multicelularidad-y-repertorio-preanimal.csv","data/tablas/12/table-54-12-10-1-repertorio-funcional-localizado.csv","5","criterio de presencia/ausencia","identidad=«fosfotirosina»; campo=«criterio de presencia/ausencia»; valor=«repertorio o actividad bioquímica según fuente»","0","434","a08bc1a1584b2a31a0da0d84efd1de350abf318b9a2cfa7e0a94e0f34cb0f043","8a33be0a189a42fe8a6c4b14ae5e36aa8df9da89aa312c045c6fd99de3c3f355","d1e8d0a273fc5a24de14fe1b564211f1a9356d22d3b741a6de60f67245df19a4","ExactCooccurrenceIndex.count(nominal_components(nominal_query(fila_residual))); corpus fuente decodificado y normalizado por source_snapshot; resultado literal, no ausencia científica ni adjudicación de revisión."
"BN-323","9592afb2a4a7bf5b2b224edf7b07a5fb6f095db30d319224f77e652a0569f4ca","REINSPECCION","2026-09-26T21:21:13Z","/root/revision_residuales","C-2462","data/busquedas_negativas/15_9_15-9-multicelularidad-y-repertorio-preanimal.csv","data/tablas/12/table-54-12-10-1-repertorio-funcional-localizado.csv","6","Monosiga","identidad=«Notch y Delta»; campo=«Monosiga»; valor=«distribución mosaico; estado nominal NO LOCALIZADO»","0","434","a08bc1a1584b2a31a0da0d84efd1de350abf318b9a2cfa7e0a94e0f34cb0f043","8a33be0a189a42fe8a6c4b14ae5e36aa8df9da89aa312c045c6fd99de3c3f355","d1e8d0a273fc5a24de14fe1b564211f1a9356d22d3b741a6de60f67245df19a4","ExactCooccurrenceIndex.count(nominal_components(nominal_query(fila_residual))); corpus fuente decodificado y normalizado por source_snapshot; resultado literal, no ausencia científica ni adjudicación de revisión."
"BN-324","03cea933f6d9fbed6c7073ccf738eb37cc01f9ef549803318f80ef0ffd07afee","REINSPECCION","2026-09-26T21:21:13Z","/root/revision_residuales","C-2463","data/busquedas_negativas/15_9_15-9-multicelularidad-y-repertorio-preanimal.csv","data/tablas/12/table-54-12-10-1-repertorio-funcional-localizado.csv","6","Capsaspora","identidad=«Notch y Delta»; campo=«Capsaspora»; valor=«NO LOCALIZADO»","0","434","a08bc1a1584b2a31a0da0d84efd1de350abf318b9a2cfa7e0a94e0f34cb0f043","8a33be0a189a42fe8a6c4b14ae5e36aa8df9da89aa312c045c6fd99de3c3f355","d1e8d0a273fc5a24de14fe1b564211f1a9356d22d3b741a6de60f67245df19a4","ExactCooccurrenceIndex.count(nominal_components(nominal_query(fila_residual))); corpus fuente decodificado y normalizado por source_snapshot; resultado literal, no ausencia científica ni adjudicación de revisión."
"BN-325","3d2aa04e7f3af5fc548bc6dc72e9b83848f724088b7c21739fcd647d40999097","REINSPECCION","2026-09-26T21:21:13Z","/root/revision_residuales","C-2464","data/busquedas_negativas/15_9_15-9-multicelularidad-y-repertorio-preanimal.csv","data/tablas/12/table-54-12-10-1-repertorio-funcional-localizado.csv","6","otros holozoos unicelulares","identidad=«Notch y Delta»; campo=«otros holozoos unicelulares»; valor=«distribución mosaico»","0","434","a08bc1a1584b2a31a0da0d84efd1de350abf318b9a2cfa7e0a94e0f34cb0f043","8a33be0a189a42fe8a6c4b14ae5e36aa8df9da89aa312c045c6fd99de3c3f355","d1e8d0a273fc5a24de14fe1b564211f1a9356d22d3b741a6de60f67245df19a4","ExactCooccurrenceIndex.count(nominal_components(nominal_query(fila_residual))); corpus fuente decodificado y normalizado por source_snapshot; resultado literal, no ausencia científica ni adjudicación de revisión."
"BN-326","5b0aa9393b57868d57b85641c9183c382c9f36163c2c85b3b84bdc39b45bddee","REINSPECCION","2026-09-26T21:21:13Z","/root/revision_residuales","C-2465","data/busquedas_negativas/15_9_15-9-multicelularidad-y-repertorio-preanimal.csv","data/tablas/12/table-54-12-10-1-repertorio-funcional-localizado.csv","6","Metazoa","identidad=«Notch y Delta»; campo=«Metazoa»; valor=«presente»","0","434","a08bc1a1584b2a31a0da0d84efd1de350abf318b9a2cfa7e0a94e0f34cb0f043","8a33be0a189a42fe8a6c4b14ae5e36aa8df9da89aa312c045c6fd99de3c3f355","d1e8d0a273fc5a24de14fe1b564211f1a9356d22d3b741a6de60f67245df19a4","ExactCooccurrenceIndex.count(nominal_components(nominal_query(fila_residual))); corpus fuente decodificado y normalizado por source_snapshot; resultado literal, no ausencia científica ni adjudicación de revisión."
"BN-327","93359a0fe54fe2c783028f3bbb672dc07cf6b8fe8da8f25e82e177df85d500f8","REINSPECCION","2026-09-26T21:21:13Z","/root/revision_residuales","C-2466","data/busquedas_negativas/15_9_15-9-multicelularidad-y-repertorio-preanimal.csv","data/tablas/12/table-54-12-10-1-repertorio-funcional-localizado.csv","6","criterio de presencia/ausencia","identidad=«Notch y Delta»; campo=«criterio de presencia/ausencia»; valor=«presencia transcriptómica; no detección no equivale a ausencia»","0","434","a08bc1a1584b2a31a0da0d84efd1de350abf318b9a2cfa7e0a94e0f34cb0f043","8a33be0a189a42fe8a6c4b14ae5e36aa8df9da89aa312c045c6fd99de3c3f355","d1e8d0a273fc5a24de14fe1b564211f1a9356d22d3b741a6de60f67245df19a4","ExactCooccurrenceIndex.count(nominal_components(nominal_query(fila_residual))); corpus fuente decodificado y normalizado por source_snapshot; resultado literal, no ausencia científica ni adjudicación de revisión."
"BN-328","a63007ce2390bfcb9d0536c6f1dd384b8f6f8dc95472f8434fce4b3b9f05fa3c","REINSPECCION","2026-09-26T21:21:13Z","/root/revision_residuales","C-2467","data/busquedas_negativas/15_9_15-9-multicelularidad-y-repertorio-preanimal.csv","data/tablas/12/table-54-12-10-1-repertorio-funcional-localizado.csv","6","límite","identidad=«Notch y Delta»; campo=«límite»; valor=«pérdida o falta de expresión no distinguidas»","0","434","a08bc1a1584b2a31a0da0d84efd1de350abf318b9a2cfa7e0a94e0f34cb0f043","8a33be0a189a42fe8a6c4b14ae5e36aa8df9da89aa312c045c6fd99de3c3f355","d1e8d0a273fc5a24de14fe1b564211f1a9356d22d3b741a6de60f67245df19a4","ExactCooccurrenceIndex.count(nominal_components(nominal_query(fila_residual))); corpus fuente decodificado y normalizado por source_snapshot; resultado literal, no ausencia científica ni adjudicación de revisión."
"BN-329","80cda405a8778806a0197642b174ac4cbbd224d77005944cd2cc0fd0393997b4","REINSPECCION","2026-09-26T21:21:13Z","/root/revision_residuales","C-2468","data/busquedas_negativas/15_9_15-9-multicelularidad-y-repertorio-preanimal.csv","data/tablas/12/table-54-12-10-1-repertorio-funcional-localizado.csv","7","Monosiga","identidad=«Hedgehog»; campo=«Monosiga»; valor=«no localizado en el genoma comparado por S352»","0","434","a08bc1a1584b2a31a0da0d84efd1de350abf318b9a2cfa7e0a94e0f34cb0f043","8a33be0a189a42fe8a6c4b14ae5e36aa8df9da89aa312c045c6fd99de3c3f355","d1e8d0a273fc5a24de14fe1b564211f1a9356d22d3b741a6de60f67245df19a4","ExactCooccurrenceIndex.count(nominal_components(nominal_query(fila_residual))); corpus fuente decodificado y normalizado por source_snapshot; resultado literal, no ausencia científica ni adjudicación de revisión."
"BN-330","87acaec90ff7abb7f6001307475ae6ed4616861bc949426106cf02c774faa5ea","REINSPECCION","2026-09-26T21:21:13Z","/root/revision_residuales","C-2469","data/busquedas_negativas/15_9_15-9-multicelularidad-y-repertorio-preanimal.csv","data/tablas/12/table-54-12-10-1-repertorio-funcional-localizado.csv","7","Capsaspora","identidad=«Hedgehog»; campo=«Capsaspora»; valor=«no localizado en el genoma comparado por S352»","0","434","a08bc1a1584b2a31a0da0d84efd1de350abf318b9a2cfa7e0a94e0f34cb0f043","8a33be0a189a42fe8a6c4b14ae5e36aa8df9da89aa312c045c6fd99de3c3f355","d1e8d0a273fc5a24de14fe1b564211f1a9356d22d3b741a6de60f67245df19a4","ExactCooccurrenceIndex.count(nominal_components(nominal_query(fila_residual))); corpus fuente decodificado y normalizado por source_snapshot; resultado literal, no ausencia científica ni adjudicación de revisión."
"BN-331","01d407ee82092bcb62080568a77932ffdb1d1893200547cc06b2bff7b8523f43","REINSPECCION","2026-09-26T21:21:13Z","/root/revision_residuales","C-2470","data/busquedas_negativas/15_9_15-9-multicelularidad-y-repertorio-preanimal.csv","data/tablas/12/table-54-12-10-1-repertorio-funcional-localizado.csv","7","otros choanoflagelados","identidad=«Hedgehog»; campo=«otros choanoflagelados»; valor=«NO LOCALIZADO por linaje»","0","434","a08bc1a1584b2a31a0da0d84efd1de350abf318b9a2cfa7e0a94e0f34cb0f043","8a33be0a189a42fe8a6c4b14ae5e36aa8df9da89aa312c045c6fd99de3c3f355","d1e8d0a273fc5a24de14fe1b564211f1a9356d22d3b741a6de60f67245df19a4","ExactCooccurrenceIndex.count(nominal_components(nominal_query(fila_residual))); corpus fuente decodificado y normalizado por source_snapshot; resultado literal, no ausencia científica ni adjudicación de revisión."
"BN-332","c13f7044505af3ade6381f49e18222119ccd3d579488801cd2ae506962eabc04","REINSPECCION","2026-09-26T21:21:13Z","/root/revision_residuales","C-2471","data/busquedas_negativas/15_9_15-9-multicelularidad-y-repertorio-preanimal.csv","data/tablas/12/table-54-12-10-1-repertorio-funcional-localizado.csv","7","otros holozoos unicelulares","identidad=«Hedgehog»; campo=«otros holozoos unicelulares»; valor=«NO LOCALIZADO por linaje»","0","434","a08bc1a1584b2a31a0da0d84efd1de350abf318b9a2cfa7e0a94e0f34cb0f043","8a33be0a189a42fe8a6c4b14ae5e36aa8df9da89aa312c045c6fd99de3c3f355","d1e8d0a273fc5a24de14fe1b564211f1a9356d22d3b741a6de60f67245df19a4","ExactCooccurrenceIndex.count(nominal_components(nominal_query(fila_residual))); corpus fuente decodificado y normalizado por source_snapshot; resultado literal, no ausencia científica ni adjudicación de revisión."
"BN-334","c05342ab12d9a27e97b128406e562edefcf8a94aa643c9d4cc8207de8a2b5b53","REINSPECCION","2026-09-26T21:21:14Z","/root/revision_residuales","C-2474","data/busquedas_negativas/15_9_15-9-multicelularidad-y-repertorio-preanimal.csv","data/tablas/12/table-54-12-10-1-repertorio-funcional-localizado.csv","8","Monosiga","identidad=«GPCR y otras señales»; campo=«Monosiga»; valor=«familias antiguas; detalle nominal NO LOCALIZADO»","0","434","a08bc1a1584b2a31a0da0d84efd1de350abf318b9a2cfa7e0a94e0f34cb0f043","8a33be0a189a42fe8a6c4b14ae5e36aa8df9da89aa312c045c6fd99de3c3f355","d1e8d0a273fc5a24de14fe1b564211f1a9356d22d3b741a6de60f67245df19a4","ExactCooccurrenceIndex.count(nominal_components(nominal_query(fila_residual))); corpus fuente decodificado y normalizado por source_snapshot; resultado literal, no ausencia científica ni adjudicación de revisión."
"BN-335","2aa34b5742a75155a8379512b00b36ca427763ff02ad05e6fd2551828f96df52","REINSPECCION","2026-09-26T21:21:14Z","/root/revision_residuales","C-2475","data/busquedas_negativas/15_9_15-9-multicelularidad-y-repertorio-preanimal.csv","data/tablas/12/table-54-12-10-1-repertorio-funcional-localizado.csv","8","Capsaspora","identidad=«GPCR y otras señales»; campo=«Capsaspora»; valor=«familias antiguas; detalle nominal NO LOCALIZADO»","0","434","a08bc1a1584b2a31a0da0d84efd1de350abf318b9a2cfa7e0a94e0f34cb0f043","8a33be0a189a42fe8a6c4b14ae5e36aa8df9da89aa312c045c6fd99de3c3f355","d1e8d0a273fc5a24de14fe1b564211f1a9356d22d3b741a6de60f67245df19a4","ExactCooccurrenceIndex.count(nominal_components(nominal_query(fila_residual))); corpus fuente decodificado y normalizado por source_snapshot; resultado literal, no ausencia científica ni adjudicación de revisión."
"BN-336","43d845a65dcaa65078b9787ecc7eedf33a38e85669ec9b9cd9b1d2a850a31902","REINSPECCION","2026-09-26T21:21:14Z","/root/revision_residuales","C-2476","data/busquedas_negativas/15_9_15-9-multicelularidad-y-repertorio-preanimal.csv","data/tablas/12/table-54-12-10-1-repertorio-funcional-localizado.csv","8","otros choanoflagelados","identidad=«GPCR y otras señales»; campo=«otros choanoflagelados»; valor=«NO LOCALIZADO por linaje»","0","434","a08bc1a1584b2a31a0da0d84efd1de350abf318b9a2cfa7e0a94e0f34cb0f043","8a33be0a189a42fe8a6c4b14ae5e36aa8df9da89aa312c045c6fd99de3c3f355","d1e8d0a273fc5a24de14fe1b564211f1a9356d22d3b741a6de60f67245df19a4","ExactCooccurrenceIndex.count(nominal_components(nominal_query(fila_residual))); corpus fuente decodificado y normalizado por source_snapshot; resultado literal, no ausencia científica ni adjudicación de revisión."
"BN-337","3dc77f0e3f6f376f26b5f63cc93cb644c89c9d591187e7334784f248090d2c12","REINSPECCION","2026-09-26T21:21:14Z","/root/revision_residuales","C-2477","data/busquedas_negativas/15_9_15-9-multicelularidad-y-repertorio-preanimal.csv","data/tablas/12/table-54-12-10-1-repertorio-funcional-localizado.csv","8","otros holozoos unicelulares","identidad=«GPCR y otras señales»; campo=«otros holozoos unicelulares»; valor=«expansiones y pérdidas; detalle nominal NO LOCALIZADO»","0","434","a08bc1a1584b2a31a0da0d84efd1de350abf318b9a2cfa7e0a94e0f34cb0f043","8a33be0a189a42fe8a6c4b14ae5e36aa8df9da89aa312c045c6fd99de3c3f355","d1e8d0a273fc5a24de14fe1b564211f1a9356d22d3b741a6de60f67245df19a4","ExactCooccurrenceIndex.count(nominal_components(nominal_query(fila_residual))); corpus fuente decodificado y normalizado por source_snapshot; resultado literal, no ausencia científica ni adjudicación de revisión."
"BN-338","b9c174764ce4e41675da239c1a50c9f456ab06e2fbe98330324a0b1cfc8bc77d","REINSPECCION","2026-09-26T21:21:14Z","/root/revision_residuales","C-2478","data/busquedas_negativas/15_9_15-9-multicelularidad-y-repertorio-preanimal.csv","data/tablas/12/table-54-12-10-1-repertorio-funcional-localizado.csv","8","criterio de presencia/ausencia","identidad=«GPCR y otras señales»; campo=«criterio de presencia/ausencia»; valor=«homología de familias y clasificación de innovaciones»","0","434","a08bc1a1584b2a31a0da0d84efd1de350abf318b9a2cfa7e0a94e0f34cb0f043","8a33be0a189a42fe8a6c4b14ae5e36aa8df9da89aa312c045c6fd99de3c3f355","d1e8d0a273fc5a24de14fe1b564211f1a9356d22d3b741a6de60f67245df19a4","ExactCooccurrenceIndex.count(nominal_components(nominal_query(fila_residual))); corpus fuente decodificado y normalizado por source_snapshot; resultado literal, no ausencia científica ni adjudicación de revisión."
"BN-339","f2f14e7949d7aae4225ff28c19d419ca6a53c7497a5e48855208330ed94dda05","REINSPECCION","2026-09-26T21:21:14Z","/root/revision_residuales","C-2479","data/busquedas_negativas/15_9_15-9-multicelularidad-y-repertorio-preanimal.csv","data/tablas/12/table-54-12-10-1-repertorio-funcional-localizado.csv","8","límite","identidad=«GPCR y otras señales»; campo=«límite»; valor=«historia mosaico; no hay matriz completa publicada en C-1582–C-1583»","0","434","a08bc1a1584b2a31a0da0d84efd1de350abf318b9a2cfa7e0a94e0f34cb0f043","8a33be0a189a42fe8a6c4b14ae5e36aa8df9da89aa312c045c6fd99de3c3f355","d1e8d0a273fc5a24de14fe1b564211f1a9356d22d3b741a6de60f67245df19a4","ExactCooccurrenceIndex.count(nominal_components(nominal_query(fila_residual))); corpus fuente decodificado y normalizado por source_snapshot; resultado literal, no ausencia científica ni adjudicación de revisión."
"BN-340","7176d20d96ca614c03a59a6efee1499d1ff9e7c277a04b35e3c460f3dd4c31cb","REINSPECCION","2026-09-26T21:21:14Z","/root/revision_residuales","C-2480","data/busquedas_negativas/15_9_15-9-multicelularidad-y-repertorio-preanimal.csv","data/tablas/12/table-54-12-10-1-repertorio-funcional-localizado.csv","9","Monosiga","identidad=«Brachyury/T-box»; campo=«Monosiga»; valor=«NO LOCALIZADO»","0","434","a08bc1a1584b2a31a0da0d84efd1de350abf318b9a2cfa7e0a94e0f34cb0f043","8a33be0a189a42fe8a6c4b14ae5e36aa8df9da89aa312c045c6fd99de3c3f355","d1e8d0a273fc5a24de14fe1b564211f1a9356d22d3b741a6de60f67245df19a4","ExactCooccurrenceIndex.count(nominal_components(nominal_query(fila_residual))); corpus fuente decodificado y normalizado por source_snapshot; resultado literal, no ausencia científica ni adjudicación de revisión."
"BN-341","b3a8f978d4827f74735c19c442fd014deaae02ccd6a8c95a5f6cd47279859b91","REINSPECCION","2026-09-26T21:21:14Z","/root/revision_residuales","C-2481","data/busquedas_negativas/15_9_15-9-multicelularidad-y-repertorio-preanimal.csv","data/tablas/12/table-54-12-10-1-repertorio-funcional-localizado.csv","9","Capsaspora","identidad=«Brachyury/T-box»; campo=«Capsaspora»; valor=«tres T-box; uno inicialmente asociado con Brachyury»","0","434","a08bc1a1584b2a31a0da0d84efd1de350abf318b9a2cfa7e0a94e0f34cb0f043","8a33be0a189a42fe8a6c4b14ae5e36aa8df9da89aa312c045c6fd99de3c3f355","d1e8d0a273fc5a24de14fe1b564211f1a9356d22d3b741a6de60f67245df19a4","ExactCooccurrenceIndex.count(nominal_components(nominal_query(fila_residual))); corpus fuente decodificado y normalizado por source_snapshot; resultado literal, no ausencia científica ni adjudicación de revisión."
"BN-342","463d20df2679f8e9297101f37019fd7d76c93c836be1a2566646864d3e2fcc72","REINSPECCION","2026-09-26T21:21:14Z","/root/revision_residuales","C-2482","data/busquedas_negativas/15_9_15-9-multicelularidad-y-repertorio-preanimal.csv","data/tablas/12/table-54-12-10-1-repertorio-funcional-localizado.csv","9","otros choanoflagelados","identidad=«Brachyury/T-box»; campo=«otros choanoflagelados»; valor=«NO LOCALIZADO por linaje»","0","434","a08bc1a1584b2a31a0da0d84efd1de350abf318b9a2cfa7e0a94e0f34cb0f043","8a33be0a189a42fe8a6c4b14ae5e36aa8df9da89aa312c045c6fd99de3c3f355","d1e8d0a273fc5a24de14fe1b564211f1a9356d22d3b741a6de60f67245df19a4","ExactCooccurrenceIndex.count(nominal_components(nominal_query(fila_residual))); corpus fuente decodificado y normalizado por source_snapshot; resultado literal, no ausencia científica ni adjudicación de revisión."
"BN-343","da9e10c1cda1d7e8ad0103b67063d5de1277ad7c9d5cbd7e8ff60c095f1447a0","REINSPECCION","2026-09-26T21:21:14Z","/root/revision_residuales","C-2483","data/busquedas_negativas/15_9_15-9-multicelularidad-y-repertorio-preanimal.csv","data/tablas/12/table-54-12-10-1-repertorio-funcional-localizado.csv","9","otros holozoos unicelulares","identidad=«Brachyury/T-box»; campo=«otros holozoos unicelulares»; valor=«NO LOCALIZADO por linaje»","0","434","a08bc1a1584b2a31a0da0d84efd1de350abf318b9a2cfa7e0a94e0f34cb0f043","8a33be0a189a42fe8a6c4b14ae5e36aa8df9da89aa312c045c6fd99de3c3f355","d1e8d0a273fc5a24de14fe1b564211f1a9356d22d3b741a6de60f67245df19a4","ExactCooccurrenceIndex.count(nominal_components(nominal_query(fila_residual))); corpus fuente decodificado y normalizado por source_snapshot; resultado literal, no ausencia científica ni adjudicación de revisión."
"BN-344","43d0923d2eda36228651083870c0be939e8e3e8355a9ba23993a575fd586ce70","REINSPECCION","2026-09-26T21:21:14Z","/root/revision_residuales","C-2484","data/busquedas_negativas/15_9_15-9-multicelularidad-y-repertorio-preanimal.csv","data/tablas/12/table-54-12-10-1-repertorio-funcional-localizado.csv","9","Metazoa","identidad=«Brachyury/T-box»; campo=«Metazoa»; valor=«presente»","0","434","a08bc1a1584b2a31a0da0d84efd1de350abf318b9a2cfa7e0a94e0f34cb0f043","8a33be0a189a42fe8a6c4b14ae5e36aa8df9da89aa312c045c6fd99de3c3f355","d1e8d0a273fc5a24de14fe1b564211f1a9356d22d3b741a6de60f67245df19a4","ExactCooccurrenceIndex.count(nominal_components(nominal_query(fila_residual))); corpus fuente decodificado y normalizado por source_snapshot; resultado literal, no ausencia científica ni adjudicación de revisión."
"BN-345","05cc9c4dae8e7c146cfcd4e036b8dd04029af42047bf2ee0915ca6b7d56f726a","REINSPECCION","2026-09-26T21:21:14Z","/root/revision_residuales","C-2485","data/busquedas_negativas/15_9_15-9-multicelularidad-y-repertorio-preanimal.csv","data/tablas/12/table-54-12-10-1-repertorio-funcional-localizado.csv","9","límite","identidad=«Brachyury/T-box»; campo=«límite»; valor=«bootstrap inicial 50 %; uso celular ancestral no observado»","0","434","a08bc1a1584b2a31a0da0d84efd1de350abf318b9a2cfa7e0a94e0f34cb0f043","8a33be0a189a42fe8a6c4b14ae5e36aa8df9da89aa312c045c6fd99de3c3f355","d1e8d0a273fc5a24de14fe1b564211f1a9356d22d3b741a6de60f67245df19a4","ExactCooccurrenceIndex.count(nominal_components(nominal_query(fila_residual))); corpus fuente decodificado y normalizado por source_snapshot; resultado literal, no ausencia científica ni adjudicación de revisión."
"BN-346","3db1fdf4cefebf8b6f6d6c50e967b450a4a54ff03754010b8a2f5e0932e54993","REINSPECCION","2026-09-26T21:21:15Z","/root/revision_residuales","C-2486","data/busquedas_negativas/15_9_15-9-multicelularidad-y-repertorio-preanimal.csv","data/tablas/12/table-54-12-10-1-repertorio-funcional-localizado.csv","10","Monosiga","identidad=«Runx»; campo=«Monosiga»; valor=«NO LOCALIZADO»","0","434","a08bc1a1584b2a31a0da0d84efd1de350abf318b9a2cfa7e0a94e0f34cb0f043","8a33be0a189a42fe8a6c4b14ae5e36aa8df9da89aa312c045c6fd99de3c3f355","d1e8d0a273fc5a24de14fe1b564211f1a9356d22d3b741a6de60f67245df19a4","ExactCooccurrenceIndex.count(nominal_components(nominal_query(fila_residual))); corpus fuente decodificado y normalizado por source_snapshot; resultado literal, no ausencia científica ni adjudicación de revisión."
"BN-347","2a0e23087205e7733088e6001dae17425dfa4ab7d57f98138da599ba793b80e8","REINSPECCION","2026-09-26T21:21:15Z","/root/revision_residuales","C-2487","data/busquedas_negativas/15_9_15-9-multicelularidad-y-repertorio-preanimal.csv","data/tablas/12/table-54-12-10-1-repertorio-funcional-localizado.csv","10","otros choanoflagelados","identidad=«Runx»; campo=«otros choanoflagelados»; valor=«NO LOCALIZADO por linaje»","0","434","a08bc1a1584b2a31a0da0d84efd1de350abf318b9a2cfa7e0a94e0f34cb0f043","8a33be0a189a42fe8a6c4b14ae5e36aa8df9da89aa312c045c6fd99de3c3f355","d1e8d0a273fc5a24de14fe1b564211f1a9356d22d3b741a6de60f67245df19a4","ExactCooccurrenceIndex.count(nominal_components(nominal_query(fila_residual))); corpus fuente decodificado y normalizado por source_snapshot; resultado literal, no ausencia científica ni adjudicación de revisión."
"BN-348","e48e6d31c9dc1f86fbae6969a387e34ebca0dcdf7d269e76855e03cdca5d94c4","REINSPECCION","2026-09-26T21:21:15Z","/root/revision_residuales","C-2488","data/busquedas_negativas/15_9_15-9-multicelularidad-y-repertorio-preanimal.csv","data/tablas/12/table-54-12-10-1-repertorio-funcional-localizado.csv","10","otros holozoos unicelulares","identidad=«Runx»; campo=«otros holozoos unicelulares»; valor=«NO LOCALIZADO por linaje»","0","434","a08bc1a1584b2a31a0da0d84efd1de350abf318b9a2cfa7e0a94e0f34cb0f043","8a33be0a189a42fe8a6c4b14ae5e36aa8df9da89aa312c045c6fd99de3c3f355","d1e8d0a273fc5a24de14fe1b564211f1a9356d22d3b741a6de60f67245df19a4","ExactCooccurrenceIndex.count(nominal_components(nominal_query(fila_residual))); corpus fuente decodificado y normalizado por source_snapshot; resultado literal, no ausencia científica ni adjudicación de revisión."
"BN-350","6f0d0a8d5b9d97eccb413c5be8d83ff80313d1534e4a4f9f21f4038a67667a50","REINSPECCION","2026-09-26T21:21:16Z","/root/revision_residuales","C-2490","data/busquedas_negativas/15_9_15-9-multicelularidad-y-repertorio-preanimal.csv","data/tablas/12/table-54-12-10-1-repertorio-funcional-localizado.csv","11","Monosiga","identidad=«p53/p63/p73»; campo=«Monosiga»; valor=«NO LOCALIZADO»","0","434","a08bc1a1584b2a31a0da0d84efd1de350abf318b9a2cfa7e0a94e0f34cb0f043","8a33be0a189a42fe8a6c4b14ae5e36aa8df9da89aa312c045c6fd99de3c3f355","d1e8d0a273fc5a24de14fe1b564211f1a9356d22d3b741a6de60f67245df19a4","ExactCooccurrenceIndex.count(nominal_components(nominal_query(fila_residual))); corpus fuente decodificado y normalizado por source_snapshot; resultado literal, no ausencia científica ni adjudicación de revisión."
"BN-351","840aa07e4c9dc8dfad4bf1be432813e7471b709a940fa46dde003efe6f345028","REINSPECCION","2026-09-26T21:21:16Z","/root/revision_residuales","C-2491","data/busquedas_negativas/15_9_15-9-multicelularidad-y-repertorio-preanimal.csv","data/tablas/12/table-54-12-10-1-repertorio-funcional-localizado.csv","11","Capsaspora","identidad=«p53/p63/p73»; campo=«Capsaspora»; valor=«NO LOCALIZADO»","0","434","a08bc1a1584b2a31a0da0d84efd1de350abf318b9a2cfa7e0a94e0f34cb0f043","8a33be0a189a42fe8a6c4b14ae5e36aa8df9da89aa312c045c6fd99de3c3f355","d1e8d0a273fc5a24de14fe1b564211f1a9356d22d3b741a6de60f67245df19a4","ExactCooccurrenceIndex.count(nominal_components(nominal_query(fila_residual))); corpus fuente decodificado y normalizado por source_snapshot; resultado literal, no ausencia científica ni adjudicación de revisión."
"BN-352","ac28f2660209451f7b4c5a6f7cfe248171dd08a432e6b1d60d9cf6f5f6cdb830","REINSPECCION","2026-09-26T21:21:16Z","/root/revision_residuales","C-2492","data/busquedas_negativas/15_9_15-9-multicelularidad-y-repertorio-preanimal.csv","data/tablas/12/table-54-12-10-1-repertorio-funcional-localizado.csv","11","otros choanoflagelados","identidad=«p53/p63/p73»; campo=«otros choanoflagelados»; valor=«NO LOCALIZADO por linaje»","0","434","a08bc1a1584b2a31a0da0d84efd1de350abf318b9a2cfa7e0a94e0f34cb0f043","8a33be0a189a42fe8a6c4b14ae5e36aa8df9da89aa312c045c6fd99de3c3f355","d1e8d0a273fc5a24de14fe1b564211f1a9356d22d3b741a6de60f67245df19a4","ExactCooccurrenceIndex.count(nominal_components(nominal_query(fila_residual))); corpus fuente decodificado y normalizado por source_snapshot; resultado literal, no ausencia científica ni adjudicación de revisión."
"BN-353","73c977b54b5100c8bc9c10201b8396a1164c7e91edca14c3d60bb9ea3fac7e2d","REINSPECCION","2026-09-26T21:21:16Z","/root/revision_residuales","C-2493","data/busquedas_negativas/15_9_15-9-multicelularidad-y-repertorio-preanimal.csv","data/tablas/12/table-54-12-10-1-repertorio-funcional-localizado.csv","11","Metazoa","identidad=«p53/p63/p73»; campo=«Metazoa»; valor=«presente»","0","434","a08bc1a1584b2a31a0da0d84efd1de350abf318b9a2cfa7e0a94e0f34cb0f043","8a33be0a189a42fe8a6c4b14ae5e36aa8df9da89aa312c045c6fd99de3c3f355","d1e8d0a273fc5a24de14fe1b564211f1a9356d22d3b741a6de60f67245df19a4","ExactCooccurrenceIndex.count(nominal_components(nominal_query(fila_residual))); corpus fuente decodificado y normalizado por source_snapshot; resultado literal, no ausencia científica ni adjudicación de revisión."
"BN-354","e6bed76d3503a958e7f0a4d255c0205c59cff7aff3aecc0bd95a6e8243f147ed","REINSPECCION","2026-09-26T21:21:16Z","/root/revision_residuales","C-2496","data/busquedas_negativas/15_9_15-9-multicelularidad-y-repertorio-preanimal.csv","data/tablas/12/table-54-12-10-1-repertorio-funcional-localizado.csv","12","otros choanoflagelados","identidad=«Myc–Max»; campo=«otros choanoflagelados»; valor=«NO LOCALIZADO por linaje»","0","434","a08bc1a1584b2a31a0da0d84efd1de350abf318b9a2cfa7e0a94e0f34cb0f043","8a33be0a189a42fe8a6c4b14ae5e36aa8df9da89aa312c045c6fd99de3c3f355","d1e8d0a273fc5a24de14fe1b564211f1a9356d22d3b741a6de60f67245df19a4","ExactCooccurrenceIndex.count(nominal_components(nominal_query(fila_residual))); corpus fuente decodificado y normalizado por source_snapshot; resultado literal, no ausencia científica ni adjudicación de revisión."
"BN-355","a91b4fdc34ee56d36f6f2c91834eadc709db627fd6b71f73fb36827565b140c1","REINSPECCION","2026-09-26T21:21:16Z","/root/revision_residuales","C-2497","data/busquedas_negativas/15_9_15-9-multicelularidad-y-repertorio-preanimal.csv","data/tablas/12/table-54-12-10-1-repertorio-funcional-localizado.csv","12","otros holozoos unicelulares","identidad=«Myc–Max»; campo=«otros holozoos unicelulares»; valor=«NO LOCALIZADO por linaje»","0","434","a08bc1a1584b2a31a0da0d84efd1de350abf318b9a2cfa7e0a94e0f34cb0f043","8a33be0a189a42fe8a6c4b14ae5e36aa8df9da89aa312c045c6fd99de3c3f355","d1e8d0a273fc5a24de14fe1b564211f1a9356d22d3b741a6de60f67245df19a4","ExactCooccurrenceIndex.count(nominal_components(nominal_query(fila_residual))); corpus fuente decodificado y normalizado por source_snapshot; resultado literal, no ausencia científica ni adjudicación de revisión."
"BN-356","6c3e97a7ae484941987ff731529e756bd154c5cc7b37b31f8f3fd7d893eecab1","REINSPECCION","2026-09-26T21:21:16Z","/root/revision_residuales","C-2498","data/busquedas_negativas/15_9_15-9-multicelularidad-y-repertorio-preanimal.csv","data/tablas/12/table-54-12-10-1-repertorio-funcional-localizado.csv","12","Metazoa","identidad=«Myc–Max»; campo=«Metazoa»; valor=«presente»","0","434","a08bc1a1584b2a31a0da0d84efd1de350abf318b9a2cfa7e0a94e0f34cb0f043","8a33be0a189a42fe8a6c4b14ae5e36aa8df9da89aa312c045c6fd99de3c3f355","d1e8d0a273fc5a24de14fe1b564211f1a9356d22d3b741a6de60f67245df19a4","ExactCooccurrenceIndex.count(nominal_components(nominal_query(fila_residual))); corpus fuente decodificado y normalizado por source_snapshot; resultado literal, no ausencia científica ni adjudicación de revisión."
"BN-357","f6704ec85365326a101ebf352017dc302547f91866201a6f55c1843fbddd8139","REINSPECCION","2026-09-26T21:21:16Z","/root/revision_residuales","C-2499","data/busquedas_negativas/15_9_15-9-multicelularidad-y-repertorio-preanimal.csv","data/tablas/12/table-54-12-10-1-repertorio-funcional-localizado.csv","12","límite","identidad=«Myc–Max»; campo=«límite»; valor=«función bioquímica no ensayada nominalmente en cada linaje»","0","434","a08bc1a1584b2a31a0da0d84efd1de350abf318b9a2cfa7e0a94e0f34cb0f043","8a33be0a189a42fe8a6c4b14ae5e36aa8df9da89aa312c045c6fd99de3c3f355","d1e8d0a273fc5a24de14fe1b564211f1a9356d22d3b741a6de60f67245df19a4","ExactCooccurrenceIndex.count(nominal_components(nominal_query(fila_residual))); corpus fuente decodificado y normalizado por source_snapshot; resultado literal, no ausencia científica ni adjudicación de revisión."
"BN-358","1a93ceefa0bad24b213b73fa46bb9304cfdb763332fa3a5d4b4bec3908f37b22","REINSPECCION","2026-09-26T21:21:17Z","/root/revision_residuales","C-2500","data/busquedas_negativas/15_9_15-9-multicelularidad-y-repertorio-preanimal.csv","data/tablas/12/table-54-12-10-1-repertorio-funcional-localizado.csv","13","Monosiga","identidad=«homeodominios»; campo=«Monosiga»; valor=«NO LOCALIZADO por familia»","0","434","a08bc1a1584b2a31a0da0d84efd1de350abf318b9a2cfa7e0a94e0f34cb0f043","8a33be0a189a42fe8a6c4b14ae5e36aa8df9da89aa312c045c6fd99de3c3f355","d1e8d0a273fc5a24de14fe1b564211f1a9356d22d3b741a6de60f67245df19a4","ExactCooccurrenceIndex.count(nominal_components(nominal_query(fila_residual))); corpus fuente decodificado y normalizado por source_snapshot; resultado literal, no ausencia científica ni adjudicación de revisión."
"BN-359","e195f028e2a9466b51313ad3139e289f5b6ccf06b19374a94468c03051cd2b73","REINSPECCION","2026-09-26T21:21:17Z","/root/revision_residuales","C-2501","data/busquedas_negativas/15_9_15-9-multicelularidad-y-repertorio-preanimal.csv","data/tablas/12/table-54-12-10-1-repertorio-funcional-localizado.csv","13","Capsaspora","identidad=«homeodominios»; campo=«Capsaspora»; valor=«familias localizadas»","0","434","a08bc1a1584b2a31a0da0d84efd1de350abf318b9a2cfa7e0a94e0f34cb0f043","8a33be0a189a42fe8a6c4b14ae5e36aa8df9da89aa312c045c6fd99de3c3f355","d1e8d0a273fc5a24de14fe1b564211f1a9356d22d3b741a6de60f67245df19a4","ExactCooccurrenceIndex.count(nominal_components(nominal_query(fila_residual))); corpus fuente decodificado y normalizado por source_snapshot; resultado literal, no ausencia científica ni adjudicación de revisión."
"BN-360","b939e4b8d250896162ca2284375f8c08d5dc18d0a19db134934bc18d563c89ef","REINSPECCION","2026-09-26T21:21:17Z","/root/revision_residuales","C-2502","data/busquedas_negativas/15_9_15-9-multicelularidad-y-repertorio-preanimal.csv","data/tablas/12/table-54-12-10-1-repertorio-funcional-localizado.csv","13","otros choanoflagelados","identidad=«homeodominios»; campo=«otros choanoflagelados»; valor=«NO LOCALIZADO por linaje»","0","434","a08bc1a1584b2a31a0da0d84efd1de350abf318b9a2cfa7e0a94e0f34cb0f043","8a33be0a189a42fe8a6c4b14ae5e36aa8df9da89aa312c045c6fd99de3c3f355","d1e8d0a273fc5a24de14fe1b564211f1a9356d22d3b741a6de60f67245df19a4","ExactCooccurrenceIndex.count(nominal_components(nominal_query(fila_residual))); corpus fuente decodificado y normalizado por source_snapshot; resultado literal, no ausencia científica ni adjudicación de revisión."
"BN-361","b82bceb857e190c0367cb221fc8ae8a034b3167aaa66977ae501aee9187e9251","REINSPECCION","2026-09-26T21:21:17Z","/root/revision_residuales","C-2503","data/busquedas_negativas/15_9_15-9-multicelularidad-y-repertorio-preanimal.csv","data/tablas/12/table-54-12-10-1-repertorio-funcional-localizado.csv","13","Metazoa","identidad=«homeodominios»; campo=«Metazoa»; valor=«presente»","0","434","a08bc1a1584b2a31a0da0d84efd1de350abf318b9a2cfa7e0a94e0f34cb0f043","8a33be0a189a42fe8a6c4b14ae5e36aa8df9da89aa312c045c6fd99de3c3f355","d1e8d0a273fc5a24de14fe1b564211f1a9356d22d3b741a6de60f67245df19a4","ExactCooccurrenceIndex.count(nominal_components(nominal_query(fila_residual))); corpus fuente decodificado y normalizado por source_snapshot; resultado literal, no ausencia científica ni adjudicación de revisión."
"BN-362","82363a20f94bde049a93a6fbdf2eea0bc6cf7639414fb01a4e57d0cf8b9302f7","REINSPECCION","2026-09-26T21:21:17Z","/root/revision_residuales","C-2504","data/busquedas_negativas/15_9_15-9-multicelularidad-y-repertorio-preanimal.csv","data/tablas/12/table-54-12-10-1-repertorio-funcional-localizado.csv","13","criterio de presencia/ausencia","identidad=«homeodominios»; campo=«criterio de presencia/ausencia»; valor=«homología y arquitectura de dominio»","0","434","a08bc1a1584b2a31a0da0d84efd1de350abf318b9a2cfa7e0a94e0f34cb0f043","8a33be0a189a42fe8a6c4b14ae5e36aa8df9da89aa312c045c6fd99de3c3f355","d1e8d0a273fc5a24de14fe1b564211f1a9356d22d3b741a6de60f67245df19a4","ExactCooccurrenceIndex.count(nominal_components(nominal_query(fila_residual))); corpus fuente decodificado y normalizado por source_snapshot; resultado literal, no ausencia científica ni adjudicación de revisión."
"BN-363","729b67987313d40a4638fce1dbf85ec80980f241e6cd5246c1ea93f929ff4de6","REINSPECCION","2026-09-26T21:21:17Z","/root/revision_residuales","C-2505","data/busquedas_negativas/15_9_15-9-multicelularidad-y-repertorio-preanimal.csv","data/tablas/12/table-54-12-10-1-repertorio-funcional-localizado.csv","13","límite","identidad=«homeodominios»; campo=«límite»; valor=«función espacial no demostrada y distribuciones incompletas»","0","434","a08bc1a1584b2a31a0da0d84efd1de350abf318b9a2cfa7e0a94e0f34cb0f043","8a33be0a189a42fe8a6c4b14ae5e36aa8df9da89aa312c045c6fd99de3c3f355","d1e8d0a273fc5a24de14fe1b564211f1a9356d22d3b741a6de60f67245df19a4","ExactCooccurrenceIndex.count(nominal_components(nominal_query(fila_residual))); corpus fuente decodificado y normalizado por source_snapshot; resultado literal, no ausencia científica ni adjudicación de revisión."
"BN-364","b22da7bafbb80f23934db4fce9be308a27ab4f50e44c58026a062770f0bd9ebf","REINSPECCION","2026-09-26T21:21:17Z","/root/revision_residuales","C-2506","data/busquedas_negativas/15_8_15-8-nombres-y-nomenclatura.csv","data/tablas/14/table-56a-14-8-1-codigos-por-nodo.csv","2","ICZN","identidad=«Eukaryota»; campo=«ICZN»; valor=«no gobierna la circunscripción filogenética del nodo»","0","434","a08bc1a1584b2a31a0da0d84efd1de350abf318b9a2cfa7e0a94e0f34cb0f043","8a33be0a189a42fe8a6c4b14ae5e36aa8df9da89aa312c045c6fd99de3c3f355","d1e8d0a273fc5a24de14fe1b564211f1a9356d22d3b741a6de60f67245df19a4","ExactCooccurrenceIndex.count(nominal_components(nominal_query(fila_residual))); corpus fuente decodificado y normalizado por source_snapshot; resultado literal, no ausencia científica ni adjudicación de revisión."
"BN-365","4d255a6728c6bed306a5ec4c3f91bed2a9882e842a094e7cf7df1c76fef28767","REINSPECCION","2026-09-26T21:21:17Z","/root/revision_residuales","C-2507","data/busquedas_negativas/15_8_15-8-nombres-y-nomenclatura.csv","data/tablas/14/table-56a-14-8-1-codigos-por-nodo.csv","2","ICNP","identidad=«Eukaryota»; campo=«ICNP»; valor=«no aplica: código procariótico»","0","434","a08bc1a1584b2a31a0da0d84efd1de350abf318b9a2cfa7e0a94e0f34cb0f043","8a33be0a189a42fe8a6c4b14ae5e36aa8df9da89aa312c045c6fd99de3c3f355","d1e8d0a273fc5a24de14fe1b564211f1a9356d22d3b741a6de60f67245df19a4","ExactCooccurrenceIndex.count(nominal_components(nominal_query(fila_residual))); corpus fuente decodificado y normalizado por source_snapshot; resultado literal, no ausencia científica ni adjudicación de revisión."
"BN-366","c928255bbc51f993c0f67981a9b6dfa0b8af2ff3632a9fa52eb57d90483ba65f","REINSPECCION","2026-09-26T21:21:18Z","/root/revision_residuales","C-2508","data/busquedas_negativas/15_8_15-8-nombres-y-nomenclatura.csv","data/tablas/14/table-56a-14-8-1-codigos-por-nodo.csv","3","ICZN","identidad=«Amorphea»; campo=«ICZN»; valor=«no gobierna la circunscripción filogenética del nodo»","0","434","a08bc1a1584b2a31a0da0d84efd1de350abf318b9a2cfa7e0a94e0f34cb0f043","8a33be0a189a42fe8a6c4b14ae5e36aa8df9da89aa312c045c6fd99de3c3f355","d1e8d0a273fc5a24de14fe1b564211f1a9356d22d3b741a6de60f67245df19a4","ExactCooccurrenceIndex.count(nominal_components(nominal_query(fila_residual))); corpus fuente decodificado y normalizado por source_snapshot; resultado literal, no ausencia científica ni adjudicación de revisión."
"BN-367","f016a7e0a9725a1b9edbf20cd6ef983cad4e8d188b1e987314edb8cb7b9a98e0","REINSPECCION","2026-09-26T21:21:18Z","/root/revision_residuales","C-2509","data/busquedas_negativas/15_8_15-8-nombres-y-nomenclatura.csv","data/tablas/14/table-56a-14-8-1-codigos-por-nodo.csv","3","ICN","identidad=«Amorphea»; campo=«ICN»; valor=«no gobierna la circunscripción filogenética del nodo»","0","434","a08bc1a1584b2a31a0da0d84efd1de350abf318b9a2cfa7e0a94e0f34cb0f043","8a33be0a189a42fe8a6c4b14ae5e36aa8df9da89aa312c045c6fd99de3c3f355","d1e8d0a273fc5a24de14fe1b564211f1a9356d22d3b741a6de60f67245df19a4","ExactCooccurrenceIndex.count(nominal_components(nominal_query(fila_residual))); corpus fuente decodificado y normalizado por source_snapshot; resultado literal, no ausencia científica ni adjudicación de revisión."
"BN-368","d487aa575eaa9e224a973725eb994f936cf9d3babf2a8b4245c71e4eecb38e33","REINSPECCION","2026-09-26T21:21:18Z","/root/revision_residuales","C-2510","data/busquedas_negativas/15_8_15-8-nombres-y-nomenclatura.csv","data/tablas/14/table-56a-14-8-1-codigos-por-nodo.csv","3","ICNP","identidad=«Amorphea»; campo=«ICNP»; valor=«no aplica»","0","434","a08bc1a1584b2a31a0da0d84efd1de350abf318b9a2cfa7e0a94e0f34cb0f043","8a33be0a189a42fe8a6c4b14ae5e36aa8df9da89aa312c045c6fd99de3c3f355","d1e8d0a273fc5a24de14fe1b564211f1a9356d22d3b741a6de60f67245df19a4","ExactCooccurrenceIndex.count(nominal_components(nominal_query(fila_residual))); corpus fuente decodificado y normalizado por source_snapshot; resultado literal, no ausencia científica ni adjudicación de revisión."
"BN-369","a7eeeca5adcdb718df1ea1d5dfd8071aa26fa387026e38ec2547e54ec6ba0567","REINSPECCION","2026-09-26T21:21:18Z","/root/revision_residuales","C-2511","data/busquedas_negativas/15_8_15-8-nombres-y-nomenclatura.csv","data/tablas/14/table-56a-14-8-1-codigos-por-nodo.csv","4","ICZN","identidad=«Amoebozoa»; campo=«ICZN»; valor=«puede regir nombres zoológicos de rango incluidos, no la circunscripción del clado»","0","434","a08bc1a1584b2a31a0da0d84efd1de350abf318b9a2cfa7e0a94e0f34cb0f043","8a33be0a189a42fe8a6c4b14ae5e36aa8df9da89aa312c045c6fd99de3c3f355","d1e8d0a273fc5a24de14fe1b564211f1a9356d22d3b741a6de60f67245df19a4","ExactCooccurrenceIndex.count(nominal_components(nominal_query(fila_residual))); corpus fuente decodificado y normalizado por source_snapshot; resultado literal, no ausencia científica ni adjudicación de revisión."
"BN-370","bda61a6b538f0c761af05b4160bf539d9cee077be33598f462a32392b310b0fc","REINSPECCION","2026-09-26T21:21:18Z","/root/revision_residuales","C-2512","data/busquedas_negativas/15_8_15-8-nombres-y-nomenclatura.csv","data/tablas/14/table-56a-14-8-1-codigos-por-nodo.csv","4","ICN","identidad=«Amoebozoa»; campo=«ICN»; valor=«puede concurrir según historia del nombre, no fija el clado»","0","434","a08bc1a1584b2a31a0da0d84efd1de350abf318b9a2cfa7e0a94e0f34cb0f043","8a33be0a189a42fe8a6c4b14ae5e36aa8df9da89aa312c045c6fd99de3c3f355","d1e8d0a273fc5a24de14fe1b564211f1a9356d22d3b741a6de60f67245df19a4","ExactCooccurrenceIndex.count(nominal_components(nominal_query(fila_residual))); corpus fuente decodificado y normalizado por source_snapshot; resultado literal, no ausencia científica ni adjudicación de revisión."
"BN-371","7657e1b1367436af84d1e1f7d1b19409b80fd8ab6a0d4bcaa380b80758048fd2","REINSPECCION","2026-09-26T21:21:18Z","/root/revision_residuales","C-2513","data/busquedas_negativas/15_8_15-8-nombres-y-nomenclatura.csv","data/tablas/14/table-56a-14-8-1-codigos-por-nodo.csv","4","ICNP","identidad=«Amoebozoa»; campo=«ICNP»; valor=«no aplica»","0","434","a08bc1a1584b2a31a0da0d84efd1de350abf318b9a2cfa7e0a94e0f34cb0f043","8a33be0a189a42fe8a6c4b14ae5e36aa8df9da89aa312c045c6fd99de3c3f355","d1e8d0a273fc5a24de14fe1b564211f1a9356d22d3b741a6de60f67245df19a4","ExactCooccurrenceIndex.count(nominal_components(nominal_query(fila_residual))); corpus fuente decodificado y normalizado por source_snapshot; resultado literal, no ausencia científica ni adjudicación de revisión."
"BN-372","d8ae58bac1b63a15d0e8e6512f1004dd7ae078d81866425e1cdf3e2f54235aaa","REINSPECCION","2026-09-26T21:21:18Z","/root/revision_residuales","C-2515","data/busquedas_negativas/15_8_15-8-nombres-y-nomenclatura.csv","data/tablas/14/table-56a-14-8-1-codigos-por-nodo.csv","4","definición filogenética publicada o uso","identidad=«Amoebozoa»; campo=«definición filogenética publicada o uso»; valor=«uso de circunscripción del corpus; definición PhyloCode NO LOCALIZADA EN ESTA SESIÓN»","0","434","a08bc1a1584b2a31a0da0d84efd1de350abf318b9a2cfa7e0a94e0f34cb0f043","8a33be0a189a42fe8a6c4b14ae5e36aa8df9da89aa312c045c6fd99de3c3f355","d1e8d0a273fc5a24de14fe1b564211f1a9356d22d3b741a6de60f67245df19a4","ExactCooccurrenceIndex.count(nominal_components(nominal_query(fila_residual))); corpus fuente decodificado y normalizado por source_snapshot; resultado literal, no ausencia científica ni adjudicación de revisión."
"BN-373","a512d40cec85d48bc400cd77b91154ee2ba6321ac2f4cfe4ec529507e9cc2acb","REINSPECCION","2026-09-26T21:21:19Z","/root/revision_residuales","C-2516","data/busquedas_negativas/15_8_15-8-nombres-y-nomenclatura.csv","data/tablas/14/table-56a-14-8-1-codigos-por-nodo.csv","5","ICZN","identidad=«Obazoa»; campo=«ICZN»; valor=«no gobierna la circunscripción filogenética del nodo»","0","434","a08bc1a1584b2a31a0da0d84efd1de350abf318b9a2cfa7e0a94e0f34cb0f043","8a33be0a189a42fe8a6c4b14ae5e36aa8df9da89aa312c045c6fd99de3c3f355","d1e8d0a273fc5a24de14fe1b564211f1a9356d22d3b741a6de60f67245df19a4","ExactCooccurrenceIndex.count(nominal_components(nominal_query(fila_residual))); corpus fuente decodificado y normalizado por source_snapshot; resultado literal, no ausencia científica ni adjudicación de revisión."
"BN-374","5c2816e7e24dba9fac82b577be9fa36112ab476d060e513569a6d877d55f7aa7","REINSPECCION","2026-09-26T21:21:19Z","/root/revision_residuales","C-2517","data/busquedas_negativas/15_8_15-8-nombres-y-nomenclatura.csv","data/tablas/14/table-56a-14-8-1-codigos-por-nodo.csv","5","ICN","identidad=«Obazoa»; campo=«ICN»; valor=«no gobierna la circunscripción filogenética del nodo»","0","434","a08bc1a1584b2a31a0da0d84efd1de350abf318b9a2cfa7e0a94e0f34cb0f043","8a33be0a189a42fe8a6c4b14ae5e36aa8df9da89aa312c045c6fd99de3c3f355","d1e8d0a273fc5a24de14fe1b564211f1a9356d22d3b741a6de60f67245df19a4","ExactCooccurrenceIndex.count(nominal_components(nominal_query(fila_residual))); corpus fuente decodificado y normalizado por source_snapshot; resultado literal, no ausencia científica ni adjudicación de revisión."
"BN-375","9bed8072a8a34b1808a0e08eb6e0968864fa67143c7df631079104a2d52531c5","REINSPECCION","2026-09-26T21:21:19Z","/root/revision_residuales","C-2518","data/busquedas_negativas/15_8_15-8-nombres-y-nomenclatura.csv","data/tablas/14/table-56a-14-8-1-codigos-por-nodo.csv","5","ICNP","identidad=«Obazoa»; campo=«ICNP»; valor=«no aplica»","0","434","a08bc1a1584b2a31a0da0d84efd1de350abf318b9a2cfa7e0a94e0f34cb0f043","8a33be0a189a42fe8a6c4b14ae5e36aa8df9da89aa312c045c6fd99de3c3f355","d1e8d0a273fc5a24de14fe1b564211f1a9356d22d3b741a6de60f67245df19a4","ExactCooccurrenceIndex.count(nominal_components(nominal_query(fila_residual))); corpus fuente decodificado y normalizado por source_snapshot; resultado literal, no ausencia científica ni adjudicación de revisión."
"BN-376","8d9e02e29db3eec7b260b8123d0a50254176a0b38b023f8d70620cdc330b0cb0","REINSPECCION","2026-09-26T21:21:19Z","/root/revision_residuales","C-2520","data/busquedas_negativas/15_8_15-8-nombres-y-nomenclatura.csv","data/tablas/14/table-56a-14-8-1-codigos-por-nodo.csv","5","definición filogenética publicada o uso","identidad=«Obazoa»; campo=«definición filogenética publicada o uso»; valor=«uso convencional/circunscripción filogenómica; no entrada formal localizada»","0","434","a08bc1a1584b2a31a0da0d84efd1de350abf318b9a2cfa7e0a94e0f34cb0f043","8a33be0a189a42fe8a6c4b14ae5e36aa8df9da89aa312c045c6fd99de3c3f355","d1e8d0a273fc5a24de14fe1b564211f1a9356d22d3b741a6de60f67245df19a4","ExactCooccurrenceIndex.count(nominal_components(nominal_query(fila_residual))); corpus fuente decodificado y normalizado por source_snapshot; resultado literal, no ausencia científica ni adjudicación de revisión."
"BN-377","6f37f07e65f06c662760c13e7d7e31eb8a07aa58994e2933733d46ee1ecc1f7e","REINSPECCION","2026-09-26T21:21:19Z","/root/revision_residuales","C-2521","data/busquedas_negativas/15_8_15-8-nombres-y-nomenclatura.csv","data/tablas/14/table-56a-14-8-1-codigos-por-nodo.csv","6","ICNP","identidad=«Apusomonadida»; campo=«ICNP»; valor=«no aplica»","0","434","a08bc1a1584b2a31a0da0d84efd1de350abf318b9a2cfa7e0a94e0f34cb0f043","8a33be0a189a42fe8a6c4b14ae5e36aa8df9da89aa312c045c6fd99de3c3f355","d1e8d0a273fc5a24de14fe1b564211f1a9356d22d3b741a6de60f67245df19a4","ExactCooccurrenceIndex.count(nominal_components(nominal_query(fila_residual))); corpus fuente decodificado y normalizado por source_snapshot; resultado literal, no ausencia científica ni adjudicación de revisión."
"BN-378","bf4e6c677fa9e159348521a131c19506a239393c5a90913f783a1ef07f86c811","REINSPECCION","2026-09-26T21:21:19Z","/root/revision_residuales","C-2523","data/busquedas_negativas/15_8_15-8-nombres-y-nomenclatura.csv","data/tablas/14/table-56a-14-8-1-codigos-por-nodo.csv","6","definición filogenética publicada o uso","identidad=«Apusomonadida»; campo=«definición filogenética publicada o uso»; valor=«uso convencional; definición PhyloCode NO LOCALIZADA EN ESTA SESIÓN»","0","434","a08bc1a1584b2a31a0da0d84efd1de350abf318b9a2cfa7e0a94e0f34cb0f043","8a33be0a189a42fe8a6c4b14ae5e36aa8df9da89aa312c045c6fd99de3c3f355","d1e8d0a273fc5a24de14fe1b564211f1a9356d22d3b741a6de60f67245df19a4","ExactCooccurrenceIndex.count(nominal_components(nominal_query(fila_residual))); corpus fuente decodificado y normalizado por source_snapshot; resultado literal, no ausencia científica ni adjudicación de revisión."
"BN-379","92b4db5ad11b712227ace6e79773a45235717b75bec3f9d4959754386a512fe5","REINSPECCION","2026-09-26T21:21:20Z","/root/revision_residuales","C-2524","data/busquedas_negativas/15_8_15-8-nombres-y-nomenclatura.csv","data/tablas/14/table-56a-14-8-1-codigos-por-nodo.csv","7","ICNP","identidad=«Breviatea»; campo=«ICNP»; valor=«no aplica»","0","434","a08bc1a1584b2a31a0da0d84efd1de350abf318b9a2cfa7e0a94e0f34cb0f043","8a33be0a189a42fe8a6c4b14ae5e36aa8df9da89aa312c045c6fd99de3c3f355","d1e8d0a273fc5a24de14fe1b564211f1a9356d22d3b741a6de60f67245df19a4","ExactCooccurrenceIndex.count(nominal_components(nominal_query(fila_residual))); corpus fuente decodificado y normalizado por source_snapshot; resultado literal, no ausencia científica ni adjudicación de revisión."
"BN-380","7aa5664ff91c8c02c25f9524d5247d433d186ecf11248234ec2d71a4e1f85375","REINSPECCION","2026-09-26T21:21:20Z","/root/revision_residuales","C-2526","data/busquedas_negativas/15_8_15-8-nombres-y-nomenclatura.csv","data/tablas/14/table-56a-14-8-1-codigos-por-nodo.csv","7","definición filogenética publicada o uso","identidad=«Breviatea»; campo=«definición filogenética publicada o uso»; valor=«uso convencional; definición PhyloCode NO LOCALIZADA EN ESTA SESIÓN»","0","434","a08bc1a1584b2a31a0da0d84efd1de350abf318b9a2cfa7e0a94e0f34cb0f043","8a33be0a189a42fe8a6c4b14ae5e36aa8df9da89aa312c045c6fd99de3c3f355","d1e8d0a273fc5a24de14fe1b564211f1a9356d22d3b741a6de60f67245df19a4","ExactCooccurrenceIndex.count(nominal_components(nominal_query(fila_residual))); corpus fuente decodificado y normalizado por source_snapshot; resultado literal, no ausencia científica ni adjudicación de revisión."
"BN-381","ab468e4fab598d1c48d0bb6c54118ba6fb2746395b0e9953ec92eabb9d2cfad4","REINSPECCION","2026-09-26T21:21:20Z","/root/revision_residuales","C-2527","data/busquedas_negativas/15_8_15-8-nombres-y-nomenclatura.csv","data/tablas/14/table-56a-14-8-1-codigos-por-nodo.csv","8","ICZN","identidad=«Opisthokonta»; campo=«ICZN»; valor=«no gobierna la circunscripción filogenética del nodo»","0","434","a08bc1a1584b2a31a0da0d84efd1de350abf318b9a2cfa7e0a94e0f34cb0f043","8a33be0a189a42fe8a6c4b14ae5e36aa8df9da89aa312c045c6fd99de3c3f355","d1e8d0a273fc5a24de14fe1b564211f1a9356d22d3b741a6de60f67245df19a4","ExactCooccurrenceIndex.count(nominal_components(nominal_query(fila_residual))); corpus fuente decodificado y normalizado por source_snapshot; resultado literal, no ausencia científica ni adjudicación de revisión."
"BN-382","ea53af5c5c5fb241af36bd15fe301d04e01b7efb4b48047bb716a81c267bc014","REINSPECCION","2026-09-26T21:21:20Z","/root/revision_residuales","C-2528","data/busquedas_negativas/15_8_15-8-nombres-y-nomenclatura.csv","data/tablas/14/table-56a-14-8-1-codigos-por-nodo.csv","8","ICN","identidad=«Opisthokonta»; campo=«ICN»; valor=«ICN e ICZN pueden regir nombres incluidos, no fijan el clado»","0","434","a08bc1a1584b2a31a0da0d84efd1de350abf318b9a2cfa7e0a94e0f34cb0f043","8a33be0a189a42fe8a6c4b14ae5e36aa8df9da89aa312c045c6fd99de3c3f355","d1e8d0a273fc5a24de14fe1b564211f1a9356d22d3b741a6de60f67245df19a4","ExactCooccurrenceIndex.count(nominal_components(nominal_query(fila_residual))); corpus fuente decodificado y normalizado por source_snapshot; resultado literal, no ausencia científica ni adjudicación de revisión."
"BN-383","667a1c3ed7c0cdc1181b1d34dfabe3e8be7308b5d0e8b8436380c44ec829377d","REINSPECCION","2026-09-26T21:21:20Z","/root/revision_residuales","C-2529","data/busquedas_negativas/15_8_15-8-nombres-y-nomenclatura.csv","data/tablas/14/table-56a-14-8-1-codigos-por-nodo.csv","8","ICNP","identidad=«Opisthokonta»; campo=«ICNP»; valor=«no aplica»","0","434","a08bc1a1584b2a31a0da0d84efd1de350abf318b9a2cfa7e0a94e0f34cb0f043","8a33be0a189a42fe8a6c4b14ae5e36aa8df9da89aa312c045c6fd99de3c3f355","d1e8d0a273fc5a24de14fe1b564211f1a9356d22d3b741a6de60f67245df19a4","ExactCooccurrenceIndex.count(nominal_components(nominal_query(fila_residual))); corpus fuente decodificado y normalizado por source_snapshot; resultado literal, no ausencia científica ni adjudicación de revisión."
"BN-384","3d3c44b33569aaacd6953cd3de453c37253cba5ee42f703bdfe714b86890ee15","REINSPECCION","2026-09-26T21:21:21Z","/root/revision_residuales","C-2530","data/busquedas_negativas/15_8_15-8-nombres-y-nomenclatura.csv","data/tablas/14/table-56a-14-8-1-codigos-por-nodo.csv","9","ICZN","identidad=«Holomycota»; campo=«ICZN»; valor=«no gobierna la circunscripción filogenética del nodo»","0","434","a08bc1a1584b2a31a0da0d84efd1de350abf318b9a2cfa7e0a94e0f34cb0f043","8a33be0a189a42fe8a6c4b14ae5e36aa8df9da89aa312c045c6fd99de3c3f355","d1e8d0a273fc5a24de14fe1b564211f1a9356d22d3b741a6de60f67245df19a4","ExactCooccurrenceIndex.count(nominal_components(nominal_query(fila_residual))); corpus fuente decodificado y normalizado por source_snapshot; resultado literal, no ausencia científica ni adjudicación de revisión."
"BN-385","404230e32cfead3f25166a27267909b4ac3c5ba8ad9199d6235f9c4fc99fa5d7","REINSPECCION","2026-09-26T21:21:21Z","/root/revision_residuales","C-2531","data/busquedas_negativas/15_8_15-8-nombres-y-nomenclatura.csv","data/tablas/14/table-56a-14-8-1-codigos-por-nodo.csv","9","ICNP","identidad=«Holomycota»; campo=«ICNP»; valor=«no aplica»","0","434","a08bc1a1584b2a31a0da0d84efd1de350abf318b9a2cfa7e0a94e0f34cb0f043","8a33be0a189a42fe8a6c4b14ae5e36aa8df9da89aa312c045c6fd99de3c3f355","d1e8d0a273fc5a24de14fe1b564211f1a9356d22d3b741a6de60f67245df19a4","ExactCooccurrenceIndex.count(nominal_components(nominal_query(fila_residual))); corpus fuente decodificado y normalizado por source_snapshot; resultado literal, no ausencia científica ni adjudicación de revisión."
"BN-386","a8de11bcb22801503a541dfae3e492d633a0d9f2aba8adcf37a668a5599074e6","REINSPECCION","2026-09-26T21:21:21Z","/root/revision_residuales","C-2533","data/busquedas_negativas/15_8_15-8-nombres-y-nomenclatura.csv","data/tablas/14/table-56a-14-8-1-codigos-por-nodo.csv","9","definición filogenética publicada o uso","identidad=«Holomycota»; campo=«definición filogenética publicada o uso»; valor=«uso convencional; definición PhyloCode NO LOCALIZADA EN ESTA SESIÓN»","0","434","a08bc1a1584b2a31a0da0d84efd1de350abf318b9a2cfa7e0a94e0f34cb0f043","8a33be0a189a42fe8a6c4b14ae5e36aa8df9da89aa312c045c6fd99de3c3f355","d1e8d0a273fc5a24de14fe1b564211f1a9356d22d3b741a6de60f67245df19a4","ExactCooccurrenceIndex.count(nominal_components(nominal_query(fila_residual))); corpus fuente decodificado y normalizado por source_snapshot; resultado literal, no ausencia científica ni adjudicación de revisión."
"BN-387","9d728be9f325bd244d966feaa8f18b1cd7ab68c6f6ba47030a0375c0300d8d1d","REINSPECCION","2026-09-26T21:21:21Z","/root/revision_residuales","C-2534","data/busquedas_negativas/15_8_15-8-nombres-y-nomenclatura.csv","data/tablas/14/table-56a-14-8-1-codigos-por-nodo.csv","10","ICZN","identidad=«Holozoa»; campo=«ICZN»; valor=«ICZN puede regir nombres zoológicos incluidos, no fija el clado»","0","434","a08bc1a1584b2a31a0da0d84efd1de350abf318b9a2cfa7e0a94e0f34cb0f043","8a33be0a189a42fe8a6c4b14ae5e36aa8df9da89aa312c045c6fd99de3c3f355","d1e8d0a273fc5a24de14fe1b564211f1a9356d22d3b741a6de60f67245df19a4","ExactCooccurrenceIndex.count(nominal_components(nominal_query(fila_residual))); corpus fuente decodificado y normalizado por source_snapshot; resultado literal, no ausencia científica ni adjudicación de revisión."
"BN-388","414a5ca43b6f2002ad897c12c351871970461be56f4c7f301bdd107d30e93c0a","REINSPECCION","2026-09-26T21:21:21Z","/root/revision_residuales","C-2535","data/busquedas_negativas/15_8_15-8-nombres-y-nomenclatura.csv","data/tablas/14/table-56a-14-8-1-codigos-por-nodo.csv","10","ICNP","identidad=«Holozoa»; campo=«ICNP»; valor=«no aplica»","0","434","a08bc1a1584b2a31a0da0d84efd1de350abf318b9a2cfa7e0a94e0f34cb0f043","8a33be0a189a42fe8a6c4b14ae5e36aa8df9da89aa312c045c6fd99de3c3f355","d1e8d0a273fc5a24de14fe1b564211f1a9356d22d3b741a6de60f67245df19a4","ExactCooccurrenceIndex.count(nominal_components(nominal_query(fila_residual))); corpus fuente decodificado y normalizado por source_snapshot; resultado literal, no ausencia científica ni adjudicación de revisión."
"BN-389","25b94cc7a8a99a7321ccab57d163a02e2b89bcda79497f62f91104981eea7ed8","REINSPECCION","2026-09-26T21:21:21Z","/root/revision_residuales","C-2537","data/busquedas_negativas/15_8_15-8-nombres-y-nomenclatura.csv","data/tablas/14/table-56a-14-8-1-codigos-por-nodo.csv","10","definición filogenética publicada o uso","identidad=«Holozoa»; campo=«definición filogenética publicada o uso»; valor=«uso convencional/filogenómico; no entrada formal localizada»","0","434","a08bc1a1584b2a31a0da0d84efd1de350abf318b9a2cfa7e0a94e0f34cb0f043","8a33be0a189a42fe8a6c4b14ae5e36aa8df9da89aa312c045c6fd99de3c3f355","d1e8d0a273fc5a24de14fe1b564211f1a9356d22d3b741a6de60f67245df19a4","ExactCooccurrenceIndex.count(nominal_components(nominal_query(fila_residual))); corpus fuente decodificado y normalizado por source_snapshot; resultado literal, no ausencia científica ni adjudicación de revisión."
"BN-390","ac1e3bf88b9f56be656bfc0e246b2c3a1b3ea3a96e9fec3c4238a55d29a3beee","REINSPECCION","2026-09-26T21:21:22Z","/root/revision_residuales","C-2538","data/busquedas_negativas/15_8_15-8-nombres-y-nomenclatura.csv","data/tablas/14/table-56a-14-8-1-codigos-por-nodo.csv","11","ICNP","identidad=«Ichthyosporea»; campo=«ICNP»; valor=«no aplica»","0","434","a08bc1a1584b2a31a0da0d84efd1de350abf318b9a2cfa7e0a94e0f34cb0f043","8a33be0a189a42fe8a6c4b14ae5e36aa8df9da89aa312c045c6fd99de3c3f355","d1e8d0a273fc5a24de14fe1b564211f1a9356d22d3b741a6de60f67245df19a4","ExactCooccurrenceIndex.count(nominal_components(nominal_query(fila_residual))); corpus fuente decodificado y normalizado por source_snapshot; resultado literal, no ausencia científica ni adjudicación de revisión."
"BN-391","91b3a598583e8efd65ed0248e4f5de7ae0faa3a814587c89eedd32ca565df5c3","REINSPECCION","2026-09-26T21:21:22Z","/root/revision_residuales","C-2540","data/busquedas_negativas/15_8_15-8-nombres-y-nomenclatura.csv","data/tablas/14/table-56a-14-8-1-codigos-por-nodo.csv","11","definición filogenética publicada o uso","identidad=«Ichthyosporea»; campo=«definición filogenética publicada o uso»; valor=«uso convencional; definición PhyloCode NO LOCALIZADA EN ESTA SESIÓN»","0","434","a08bc1a1584b2a31a0da0d84efd1de350abf318b9a2cfa7e0a94e0f34cb0f043","8a33be0a189a42fe8a6c4b14ae5e36aa8df9da89aa312c045c6fd99de3c3f355","d1e8d0a273fc5a24de14fe1b564211f1a9356d22d3b741a6de60f67245df19a4","ExactCooccurrenceIndex.count(nominal_components(nominal_query(fila_residual))); corpus fuente decodificado y normalizado por source_snapshot; resultado literal, no ausencia científica ni adjudicación de revisión."
"BN-392","02a1317f45afbcf3b422090c88e9c31c6dc7755519dd5f0ebc2392e290d03d51","REINSPECCION","2026-09-26T21:21:22Z","/root/revision_residuales","C-2541","data/busquedas_negativas/15_8_15-8-nombres-y-nomenclatura.csv","data/tablas/14/table-56a-14-8-1-codigos-por-nodo.csv","12","ICZN","identidad=«Pluriformea»; campo=«ICZN»; valor=«régimen de nombres de rango depende del nombre concreto»","0","434","a08bc1a1584b2a31a0da0d84efd1de350abf318b9a2cfa7e0a94e0f34cb0f043","8a33be0a189a42fe8a6c4b14ae5e36aa8df9da89aa312c045c6fd99de3c3f355","d1e8d0a273fc5a24de14fe1b564211f1a9356d22d3b741a6de60f67245df19a4","ExactCooccurrenceIndex.count(nominal_components(nominal_query(fila_residual))); corpus fuente decodificado y normalizado por source_snapshot; resultado literal, no ausencia científica ni adjudicación de revisión."
"BN-393","de902af8cc7b8ce7a4ba671cc71c65284e45e37e9d3c5cd3aae93eb668277226","REINSPECCION","2026-09-26T21:21:22Z","/root/revision_residuales","C-2542","data/busquedas_negativas/15_8_15-8-nombres-y-nomenclatura.csv","data/tablas/14/table-56a-14-8-1-codigos-por-nodo.csv","12","ICN","identidad=«Pluriformea»; campo=«ICN»; valor=«régimen de nombres de rango depende del nombre concreto»","0","434","a08bc1a1584b2a31a0da0d84efd1de350abf318b9a2cfa7e0a94e0f34cb0f043","8a33be0a189a42fe8a6c4b14ae5e36aa8df9da89aa312c045c6fd99de3c3f355","d1e8d0a273fc5a24de14fe1b564211f1a9356d22d3b741a6de60f67245df19a4","ExactCooccurrenceIndex.count(nominal_components(nominal_query(fila_residual))); corpus fuente decodificado y normalizado por source_snapshot; resultado literal, no ausencia científica ni adjudicación de revisión."
"BN-394","cb929f519765a4a0bb7d89b8d709b45ba5b1a4d2b4b2a0aa3ac693ec73ab7769","REINSPECCION","2026-09-26T21:21:22Z","/root/revision_residuales","C-2543","data/busquedas_negativas/15_8_15-8-nombres-y-nomenclatura.csv","data/tablas/14/table-56a-14-8-1-codigos-por-nodo.csv","12","ICNP","identidad=«Pluriformea»; campo=«ICNP»; valor=«no aplica»","0","434","a08bc1a1584b2a31a0da0d84efd1de350abf318b9a2cfa7e0a94e0f34cb0f043","8a33be0a189a42fe8a6c4b14ae5e36aa8df9da89aa312c045c6fd99de3c3f355","d1e8d0a273fc5a24de14fe1b564211f1a9356d22d3b741a6de60f67245df19a4","ExactCooccurrenceIndex.count(nominal_components(nominal_query(fila_residual))); corpus fuente decodificado y normalizado por source_snapshot; resultado literal, no ausencia científica ni adjudicación de revisión."
"BN-395","1cd4e901af741a46003d6996fe6a349fb71acb823e29260e1c6a0a96c7f0bcf8","REINSPECCION","2026-09-26T21:21:22Z","/root/revision_residuales","C-2545","data/busquedas_negativas/15_8_15-8-nombres-y-nomenclatura.csv","data/tablas/14/table-56a-14-8-1-codigos-por-nodo.csv","12","definición filogenética publicada o uso","identidad=«Pluriformea»; campo=«definición filogenética publicada o uso»; valor=«uso de Hehenberger et al.; no entrada formal localizada»","0","434","a08bc1a1584b2a31a0da0d84efd1de350abf318b9a2cfa7e0a94e0f34cb0f043","8a33be0a189a42fe8a6c4b14ae5e36aa8df9da89aa312c045c6fd99de3c3f355","d1e8d0a273fc5a24de14fe1b564211f1a9356d22d3b741a6de60f67245df19a4","ExactCooccurrenceIndex.count(nominal_components(nominal_query(fila_residual))); corpus fuente decodificado y normalizado por source_snapshot; resultado literal, no ausencia científica ni adjudicación de revisión."
"BN-396","0fcbf83f7f9871f38ce195cda802d8e6f4b206c9036e218ca6f493bce82beb99","REINSPECCION","2026-09-26T21:21:23Z","/root/revision_residuales","C-2546","data/busquedas_negativas/15_8_15-8-nombres-y-nomenclatura.csv","data/tablas/14/table-56a-14-8-1-codigos-por-nodo.csv","13","ICZN","identidad=«Corallochytrea»; campo=«ICZN»; valor=«régimen de nombres de rango depende del nombre concreto»","0","434","a08bc1a1584b2a31a0da0d84efd1de350abf318b9a2cfa7e0a94e0f34cb0f043","8a33be0a189a42fe8a6c4b14ae5e36aa8df9da89aa312c045c6fd99de3c3f355","d1e8d0a273fc5a24de14fe1b564211f1a9356d22d3b741a6de60f67245df19a4","ExactCooccurrenceIndex.count(nominal_components(nominal_query(fila_residual))); corpus fuente decodificado y normalizado por source_snapshot; resultado literal, no ausencia científica ni adjudicación de revisión."
"BN-397","8d310094c25df91811c8b93822b429199e82907dbeb2f0a5ef94ade64d20dcf5","REINSPECCION","2026-09-26T21:21:23Z","/root/revision_residuales","C-2547","data/busquedas_negativas/15_8_15-8-nombres-y-nomenclatura.csv","data/tablas/14/table-56a-14-8-1-codigos-por-nodo.csv","13","ICN","identidad=«Corallochytrea»; campo=«ICN»; valor=«régimen de nombres de rango depende del nombre concreto»","0","434","a08bc1a1584b2a31a0da0d84efd1de350abf318b9a2cfa7e0a94e0f34cb0f043","8a33be0a189a42fe8a6c4b14ae5e36aa8df9da89aa312c045c6fd99de3c3f355","d1e8d0a273fc5a24de14fe1b564211f1a9356d22d3b741a6de60f67245df19a4","ExactCooccurrenceIndex.count(nominal_components(nominal_query(fila_residual))); corpus fuente decodificado y normalizado por source_snapshot; resultado literal, no ausencia científica ni adjudicación de revisión."
"BN-398","544b36599a05ac41f447089d95c382daa7cd7ea501d31bfdfc69cb227aede163","REINSPECCION","2026-09-26T21:21:23Z","/root/revision_residuales","C-2548","data/busquedas_negativas/15_8_15-8-nombres-y-nomenclatura.csv","data/tablas/14/table-56a-14-8-1-codigos-por-nodo.csv","13","ICNP","identidad=«Corallochytrea»; campo=«ICNP»; valor=«no aplica»","0","434","a08bc1a1584b2a31a0da0d84efd1de350abf318b9a2cfa7e0a94e0f34cb0f043","8a33be0a189a42fe8a6c4b14ae5e36aa8df9da89aa312c045c6fd99de3c3f355","d1e8d0a273fc5a24de14fe1b564211f1a9356d22d3b741a6de60f67245df19a4","ExactCooccurrenceIndex.count(nominal_components(nominal_query(fila_residual))); corpus fuente decodificado y normalizado por source_snapshot; resultado literal, no ausencia científica ni adjudicación de revisión."
"BN-399","2046ac511cb8d6e58402a4e65e1637657319e39dbe20a21a71a54a387908b9e8","REINSPECCION","2026-09-26T21:21:23Z","/root/revision_residuales","C-2550","data/busquedas_negativas/15_8_15-8-nombres-y-nomenclatura.csv","data/tablas/14/table-56a-14-8-1-codigos-por-nodo.csv","13","definición filogenética publicada o uso","identidad=«Corallochytrea»; campo=«definición filogenética publicada o uso»; valor=«uso convencional; no entrada formal localizada»","0","434","a08bc1a1584b2a31a0da0d84efd1de350abf318b9a2cfa7e0a94e0f34cb0f043","8a33be0a189a42fe8a6c4b14ae5e36aa8df9da89aa312c045c6fd99de3c3f355","d1e8d0a273fc5a24de14fe1b564211f1a9356d22d3b741a6de60f67245df19a4","ExactCooccurrenceIndex.count(nominal_components(nominal_query(fila_residual))); corpus fuente decodificado y normalizado por source_snapshot; resultado literal, no ausencia científica ni adjudicación de revisión."
"BN-400","871eb48f24943476bee1377d0e41eb66915c2509adfa4d7a3c06967891d95711","REINSPECCION","2026-09-26T21:21:23Z","/root/revision_residuales","C-2551","data/busquedas_negativas/15_8_15-8-nombres-y-nomenclatura.csv","data/tablas/14/table-56a-14-8-1-codigos-por-nodo.csv","14","ICNP","identidad=«Filasterea»; campo=«ICNP»; valor=«no aplica»","0","434","a08bc1a1584b2a31a0da0d84efd1de350abf318b9a2cfa7e0a94e0f34cb0f043","8a33be0a189a42fe8a6c4b14ae5e36aa8df9da89aa312c045c6fd99de3c3f355","d1e8d0a273fc5a24de14fe1b564211f1a9356d22d3b741a6de60f67245df19a4","ExactCooccurrenceIndex.count(nominal_components(nominal_query(fila_residual))); corpus fuente decodificado y normalizado por source_snapshot; resultado literal, no ausencia científica ni adjudicación de revisión."
"BN-401","19ca36b76bfd8f741c5936438802dadd97a146c249780b28be8ac0602ead162e","REINSPECCION","2026-09-26T21:21:23Z","/root/revision_residuales","C-2553","data/busquedas_negativas/15_8_15-8-nombres-y-nomenclatura.csv","data/tablas/14/table-56a-14-8-1-codigos-por-nodo.csv","14","definición filogenética publicada o uso","identidad=«Filasterea»; campo=«definición filogenética publicada o uso»; valor=«uso convencional; definición PhyloCode NO LOCALIZADA EN ESTA SESIÓN»","0","434","a08bc1a1584b2a31a0da0d84efd1de350abf318b9a2cfa7e0a94e0f34cb0f043","8a33be0a189a42fe8a6c4b14ae5e36aa8df9da89aa312c045c6fd99de3c3f355","d1e8d0a273fc5a24de14fe1b564211f1a9356d22d3b741a6de60f67245df19a4","ExactCooccurrenceIndex.count(nominal_components(nominal_query(fila_residual))); corpus fuente decodificado y normalizado por source_snapshot; resultado literal, no ausencia científica ni adjudicación de revisión."
"BN-402","aed0a8c8fb81f871c4b5768b97c3ef8f1a99daabc3dac68b55bceacb2119bf03","REINSPECCION","2026-09-26T21:21:24Z","/root/revision_residuales","C-2554","data/busquedas_negativas/15_8_15-8-nombres-y-nomenclatura.csv","data/tablas/14/table-56a-14-8-1-codigos-por-nodo.csv","15","ICZN","identidad=«Filozoa»; campo=«ICZN»; valor=«ICZN puede regir nombres zoológicos incluidos, no fija el clado»","0","434","a08bc1a1584b2a31a0da0d84efd1de350abf318b9a2cfa7e0a94e0f34cb0f043","8a33be0a189a42fe8a6c4b14ae5e36aa8df9da89aa312c045c6fd99de3c3f355","d1e8d0a273fc5a24de14fe1b564211f1a9356d22d3b741a6de60f67245df19a4","ExactCooccurrenceIndex.count(nominal_components(nominal_query(fila_residual))); corpus fuente decodificado y normalizado por source_snapshot; resultado literal, no ausencia científica ni adjudicación de revisión."
"BN-403","716080e168c6a493546d7f8dafd6a49ac956f98950e383a1146bcc4998e4655a","REINSPECCION","2026-09-26T21:21:24Z","/root/revision_residuales","C-2555","data/busquedas_negativas/15_8_15-8-nombres-y-nomenclatura.csv","data/tablas/14/table-56a-14-8-1-codigos-por-nodo.csv","15","ICNP","identidad=«Filozoa»; campo=«ICNP»; valor=«no aplica»","0","434","a08bc1a1584b2a31a0da0d84efd1de350abf318b9a2cfa7e0a94e0f34cb0f043","8a33be0a189a42fe8a6c4b14ae5e36aa8df9da89aa312c045c6fd99de3c3f355","d1e8d0a273fc5a24de14fe1b564211f1a9356d22d3b741a6de60f67245df19a4","ExactCooccurrenceIndex.count(nominal_components(nominal_query(fila_residual))); corpus fuente decodificado y normalizado por source_snapshot; resultado literal, no ausencia científica ni adjudicación de revisión."
"BN-404","3ae2273981c83acbe165a4cd734539addbc485a3237d8c714704abbb8f0699ce","REINSPECCION","2026-09-26T21:21:24Z","/root/revision_residuales","C-2557","data/busquedas_negativas/15_8_15-8-nombres-y-nomenclatura.csv","data/tablas/14/table-56a-14-8-1-codigos-por-nodo.csv","15","definición filogenética publicada o uso","identidad=«Filozoa»; campo=«definición filogenética publicada o uso»; valor=«uso convencional/filogenómico; no entrada formal localizada»","0","434","a08bc1a1584b2a31a0da0d84efd1de350abf318b9a2cfa7e0a94e0f34cb0f043","8a33be0a189a42fe8a6c4b14ae5e36aa8df9da89aa312c045c6fd99de3c3f355","d1e8d0a273fc5a24de14fe1b564211f1a9356d22d3b741a6de60f67245df19a4","ExactCooccurrenceIndex.count(nominal_components(nominal_query(fila_residual))); corpus fuente decodificado y normalizado por source_snapshot; resultado literal, no ausencia científica ni adjudicación de revisión."
"BN-405","bb2aabdf089cb996a7e7f8258c71578e4b6e057089ff7f7960883e4854de8f99","REINSPECCION","2026-09-26T21:21:24Z","/root/revision_residuales","C-2558","data/busquedas_negativas/15_8_15-8-nombres-y-nomenclatura.csv","data/tablas/14/table-56a-14-8-1-codigos-por-nodo.csv","16","ICZN","identidad=«Choanozoa sensu stricto»; campo=«ICZN»; valor=«ICZN puede regir nombres zoológicos incluidos, no fija el clado»","0","434","a08bc1a1584b2a31a0da0d84efd1de350abf318b9a2cfa7e0a94e0f34cb0f043","8a33be0a189a42fe8a6c4b14ae5e36aa8df9da89aa312c045c6fd99de3c3f355","d1e8d0a273fc5a24de14fe1b564211f1a9356d22d3b741a6de60f67245df19a4","ExactCooccurrenceIndex.count(nominal_components(nominal_query(fila_residual))); corpus fuente decodificado y normalizado por source_snapshot; resultado literal, no ausencia científica ni adjudicación de revisión."
"BN-406","1c0457e654fe9368ce416511d8318e17cca6e3494b46aa7bf57e3d84ac6eac3c","REINSPECCION","2026-09-26T21:21:24Z","/root/revision_residuales","C-2559","data/busquedas_negativas/15_8_15-8-nombres-y-nomenclatura.csv","data/tablas/14/table-56a-14-8-1-codigos-por-nodo.csv","16","ICNP","identidad=«Choanozoa sensu stricto»; campo=«ICNP»; valor=«no aplica»","0","434","a08bc1a1584b2a31a0da0d84efd1de350abf318b9a2cfa7e0a94e0f34cb0f043","8a33be0a189a42fe8a6c4b14ae5e36aa8df9da89aa312c045c6fd99de3c3f355","d1e8d0a273fc5a24de14fe1b564211f1a9356d22d3b741a6de60f67245df19a4","ExactCooccurrenceIndex.count(nominal_components(nominal_query(fila_residual))); corpus fuente decodificado y normalizado por source_snapshot; resultado literal, no ausencia científica ni adjudicación de revisión."
"BN-407","585090765124c32e0a1578dd2049d44bd4630a18a400ef7e6d3c2b40206f6e1f","REINSPECCION","2026-09-26T21:21:24Z","/root/revision_residuales","C-2561","data/busquedas_negativas/15_8_15-8-nombres-y-nomenclatura.csv","data/tablas/14/table-56a-14-8-1-codigos-por-nodo.csv","16","definición filogenética publicada o uso","identidad=«Choanozoa sensu stricto»; campo=«definición filogenética publicada o uso»; valor=«uso convencional con equivalencia dependiente de definición»","0","434","a08bc1a1584b2a31a0da0d84efd1de350abf318b9a2cfa7e0a94e0f34cb0f043","8a33be0a189a42fe8a6c4b14ae5e36aa8df9da89aa312c045c6fd99de3c3f355","d1e8d0a273fc5a24de14fe1b564211f1a9356d22d3b741a6de60f67245df19a4","ExactCooccurrenceIndex.count(nominal_components(nominal_query(fila_residual))); corpus fuente decodificado y normalizado por source_snapshot; resultado literal, no ausencia científica ni adjudicación de revisión."
"BN-408","e25aafaaa8207ab6ca111cd5148ae165c1b00e4de05152bb7c117603c5167660","REINSPECCION","2026-09-26T21:21:24Z","/root/revision_residuales","C-2562","data/busquedas_negativas/15_8_15-8-nombres-y-nomenclatura.csv","data/tablas/14/table-56a-14-8-1-codigos-por-nodo.csv","17","ICZN","identidad=«Choanoflagellata»; campo=«ICZN»; valor=«ICZN puede regir nombres de rango zoológicos según tratamiento concreto»","0","434","a08bc1a1584b2a31a0da0d84efd1de350abf318b9a2cfa7e0a94e0f34cb0f043","8a33be0a189a42fe8a6c4b14ae5e36aa8df9da89aa312c045c6fd99de3c3f355","d1e8d0a273fc5a24de14fe1b564211f1a9356d22d3b741a6de60f67245df19a4","ExactCooccurrenceIndex.count(nominal_components(nominal_query(fila_residual))); corpus fuente decodificado y normalizado por source_snapshot; resultado literal, no ausencia científica ni adjudicación de revisión."
"BN-409","2aaee6602b9ccf0b6e90cd1046a984f3b5c14777586e7d1e766a2b736953f453","REINSPECCION","2026-09-26T21:21:24Z","/root/revision_residuales","C-2563","data/busquedas_negativas/15_8_15-8-nombres-y-nomenclatura.csv","data/tablas/14/table-56a-14-8-1-codigos-por-nodo.csv","17","ICN","identidad=«Choanoflagellata»; campo=«ICN»; valor=«ICN puede concurrir por historia del nombre»","0","434","a08bc1a1584b2a31a0da0d84efd1de350abf318b9a2cfa7e0a94e0f34cb0f043","8a33be0a189a42fe8a6c4b14ae5e36aa8df9da89aa312c045c6fd99de3c3f355","d1e8d0a273fc5a24de14fe1b564211f1a9356d22d3b741a6de60f67245df19a4","ExactCooccurrenceIndex.count(nominal_components(nominal_query(fila_residual))); corpus fuente decodificado y normalizado por source_snapshot; resultado literal, no ausencia científica ni adjudicación de revisión."
"BN-410","fb570914e176664d8a1f4aed39c0904ef7251e2da0fbb288edc5848cd30f1b97","REINSPECCION","2026-09-26T21:21:24Z","/root/revision_residuales","C-2564","data/busquedas_negativas/15_8_15-8-nombres-y-nomenclatura.csv","data/tablas/14/table-56a-14-8-1-codigos-por-nodo.csv","17","ICNP","identidad=«Choanoflagellata»; campo=«ICNP»; valor=«no aplica»","0","434","a08bc1a1584b2a31a0da0d84efd1de350abf318b9a2cfa7e0a94e0f34cb0f043","8a33be0a189a42fe8a6c4b14ae5e36aa8df9da89aa312c045c6fd99de3c3f355","d1e8d0a273fc5a24de14fe1b564211f1a9356d22d3b741a6de60f67245df19a4","ExactCooccurrenceIndex.count(nominal_components(nominal_query(fila_residual))); corpus fuente decodificado y normalizado por source_snapshot; resultado literal, no ausencia científica ni adjudicación de revisión."
"BN-411","ec60d1bbce8c2da762ac8768f3b2826faf1916ef7c47b54067086f13a51b7d05","REINSPECCION","2026-09-26T21:21:24Z","/root/revision_residuales","C-2566","data/busquedas_negativas/15_8_15-8-nombres-y-nomenclatura.csv","data/tablas/14/table-56a-14-8-1-codigos-por-nodo.csv","17","definición filogenética publicada o uso","identidad=«Choanoflagellata»; campo=«definición filogenética publicada o uso»; valor=«uso convencional; régimen ambiregnal depende del nombre»","0","434","a08bc1a1584b2a31a0da0d84efd1de350abf318b9a2cfa7e0a94e0f34cb0f043","8a33be0a189a42fe8a6c4b14ae5e36aa8df9da89aa312c045c6fd99de3c3f355","d1e8d0a273fc5a24de14fe1b564211f1a9356d22d3b741a6de60f67245df19a4","ExactCooccurrenceIndex.count(nominal_components(nominal_query(fila_residual))); corpus fuente decodificado y normalizado por source_snapshot; resultado literal, no ausencia científica ni adjudicación de revisión."
"BN-412","9a7fffa1d02152b51a21acc9590e3d1a82e3dd309831598d9816c71b814f0970","REINSPECCION","2026-09-26T21:21:25Z","/root/revision_residuales","C-2567","data/busquedas_negativas/15_8_15-8-nombres-y-nomenclatura.csv","data/tablas/14/table-56a-14-8-1-codigos-por-nodo.csv","18","ICN","identidad=«Metazoa»; campo=«ICN»; valor=«no aplica a la nomenclatura zoológica del grupo»","0","434","a08bc1a1584b2a31a0da0d84efd1de350abf318b9a2cfa7e0a94e0f34cb0f043","8a33be0a189a42fe8a6c4b14ae5e36aa8df9da89aa312c045c6fd99de3c3f355","d1e8d0a273fc5a24de14fe1b564211f1a9356d22d3b741a6de60f67245df19a4","ExactCooccurrenceIndex.count(nominal_components(nominal_query(fila_residual))); corpus fuente decodificado y normalizado por source_snapshot; resultado literal, no ausencia científica ni adjudicación de revisión."
"BN-413","46e34f4b898dd7181a3e302445be862c8ccbaed10aa55cf5a215e2b1e7f68959","REINSPECCION","2026-09-26T21:21:25Z","/root/revision_residuales","C-2568","data/busquedas_negativas/15_8_15-8-nombres-y-nomenclatura.csv","data/tablas/14/table-56a-14-8-1-codigos-por-nodo.csv","18","ICNP","identidad=«Metazoa»; campo=«ICNP»; valor=«no aplica»","0","434","a08bc1a1584b2a31a0da0d84efd1de350abf318b9a2cfa7e0a94e0f34cb0f043","8a33be0a189a42fe8a6c4b14ae5e36aa8df9da89aa312c045c6fd99de3c3f355","d1e8d0a273fc5a24de14fe1b564211f1a9356d22d3b741a6de60f67245df19a4","ExactCooccurrenceIndex.count(nominal_components(nominal_query(fila_residual))); corpus fuente decodificado y normalizado por source_snapshot; resultado literal, no ausencia científica ni adjudicación de revisión."
"BN-414","b704cc1ada747e5d4bcb1c81879379cedae6271d140df130d655863a0208032e","REINSPECCION","2026-09-26T21:21:25Z","/root/revision_residuales","C-2569","data/busquedas_negativas/15_8_15-8-nombres-y-nomenclatura.csv","data/tablas/14/table-56a-14-8-1-codigos-por-nodo.csv","18","PhyloCode/RegNum","identidad=«Metazoa»; campo=«PhyloCode/RegNum»; valor=«PhyloCode puede aplicarse a nombres de clados; entrada no censada aquí»","0","434","a08bc1a1584b2a31a0da0d84efd1de350abf318b9a2cfa7e0a94e0f34cb0f043","8a33be0a189a42fe8a6c4b14ae5e36aa8df9da89aa312c045c6fd99de3c3f355","d1e8d0a273fc5a24de14fe1b564211f1a9356d22d3b741a6de60f67245df19a4","ExactCooccurrenceIndex.count(nominal_components(nominal_query(fila_residual))); corpus fuente decodificado y normalizado por source_snapshot; resultado literal, no ausencia científica ni adjudicación de revisión."
"BN-415","813651799e04c39e289ce46ef2f61f775ba86978e6abdbf091f318dfba4642ff","REINSPECCION","2026-09-26T21:21:25Z","/root/revision_residuales","C-2572","data/busquedas_negativas/15_1_15-1-punto-de-partida-y-participantes-celulares.csv","data/tablas/02/table-01-2-1-2-por-que-el-modelo-cambia-el-arbol.csv","2","matriz","identidad=«Woese et al. 1990»; campo=«matriz»; valor=«no consta en las afirmaciones recuperadas [BN-115]»","0","434","a08bc1a1584b2a31a0da0d84efd1de350abf318b9a2cfa7e0a94e0f34cb0f043","8a33be0a189a42fe8a6c4b14ae5e36aa8df9da89aa312c045c6fd99de3c3f355","d1e8d0a273fc5a24de14fe1b564211f1a9356d22d3b741a6de60f67245df19a4","ExactCooccurrenceIndex.count(nominal_components(nominal_query(fila_residual))); corpus fuente decodificado y normalizado por source_snapshot; resultado literal, no ausencia científica ni adjudicación de revisión."
"BN-416","613ee40b6641229aeff2264362f00cb71c45a7d8a6d9aac438f7f2fc42368536","REINSPECCION","2026-09-26T21:21:25Z","/root/revision_residuales","C-2573","data/busquedas_negativas/15_1_15-1-punto-de-partida-y-participantes-celulares.csv","data/tablas/02/table-01-2-1-2-por-que-el-modelo-cambia-el-arbol.csv","2","muestreo taxonómico","identidad=«Woese et al. 1990»; campo=«muestreo taxonómico»; valor=«no consta en las afirmaciones recuperadas [BN-115]»","0","434","a08bc1a1584b2a31a0da0d84efd1de350abf318b9a2cfa7e0a94e0f34cb0f043","8a33be0a189a42fe8a6c4b14ae5e36aa8df9da89aa312c045c6fd99de3c3f355","d1e8d0a273fc5a24de14fe1b564211f1a9356d22d3b741a6de60f67245df19a4","ExactCooccurrenceIndex.count(nominal_components(nominal_query(fila_residual))); corpus fuente decodificado y normalizado por source_snapshot; resultado literal, no ausencia científica ni adjudicación de revisión."
"BN-417","67fb3b1ca50aff7b1098a58e0b460700a056149a863910da496e28cb49801372","REINSPECCION","2026-09-26T21:21:25Z","/root/revision_residuales","C-2575","data/busquedas_negativas/15_1_15-1-punto-de-partida-y-participantes-celulares.csv","data/tablas/02/table-01-2-1-2-por-que-el-modelo-cambia-el-arbol.csv","2","modelo","identidad=«Woese et al. 1990»; campo=«modelo»; valor=«no consta en la fuente localizada [BN-115]»","0","434","a08bc1a1584b2a31a0da0d84efd1de350abf318b9a2cfa7e0a94e0f34cb0f043","8a33be0a189a42fe8a6c4b14ae5e36aa8df9da89aa312c045c6fd99de3c3f355","d1e8d0a273fc5a24de14fe1b564211f1a9356d22d3b741a6de60f67245df19a4","ExactCooccurrenceIndex.count(nominal_components(nominal_query(fila_residual))); corpus fuente decodificado y normalizado por source_snapshot; resultado literal, no ausencia científica ni adjudicación de revisión."
"BN-418","6ada6cfcd42624c6f8b274d5176b4ef519e74ecaf4b252aa2261eeec07585ad1","REINSPECCION","2026-09-26T21:21:25Z","/root/revision_residuales","C-2577","data/busquedas_negativas/15_1_15-1-punto-de-partida-y-participantes-celulares.csv","data/tablas/02/table-01-2-1-2-por-que-el-modelo-cambia-el-arbol.csv","2","límite o campo no publicado/localizado","identidad=«Woese et al. 1990»; campo=«límite o campo no publicado/localizado»; valor=«Resultado histórico sin matriz, muestreo, modelo o soporte cuantitativo recuperados; no se equipara a una filogenómica posterior.»","0","434","a08bc1a1584b2a31a0da0d84efd1de350abf318b9a2cfa7e0a94e0f34cb0f043","8a33be0a189a42fe8a6c4b14ae5e36aa8df9da89aa312c045c6fd99de3c3f355","d1e8d0a273fc5a24de14fe1b564211f1a9356d22d3b741a6de60f67245df19a4","ExactCooccurrenceIndex.count(nominal_components(nominal_query(fila_residual))); corpus fuente decodificado y normalizado por source_snapshot; resultado literal, no ausencia científica ni adjudicación de revisión."
"BN-419","50ade05dde9308038f5cdf7ce33b1e3b5b27beec4d274b815f7056a299aa2ccf","REINSPECCION","2026-09-26T21:21:25Z","/root/revision_residuales","C-2578","data/busquedas_negativas/15_1_15-1-punto-de-partida-y-participantes-celulares.csv","data/tablas/02/table-01-2-1-2-por-que-el-modelo-cambia-el-arbol.csv","3","muestreo taxonómico","identidad=«Lake et al. 1984»; campo=«muestreo taxonómico»; valor=«eocitos termoacidófilos examinados; desglose nominal no consta en las afirmaciones recuperadas [BN-115]»","0","434","a08bc1a1584b2a31a0da0d84efd1de350abf318b9a2cfa7e0a94e0f34cb0f043","8a33be0a189a42fe8a6c4b14ae5e36aa8df9da89aa312c045c6fd99de3c3f355","d1e8d0a273fc5a24de14fe1b564211f1a9356d22d3b741a6de60f67245df19a4","ExactCooccurrenceIndex.count(nominal_components(nominal_query(fila_residual))); corpus fuente decodificado y normalizado por source_snapshot; resultado literal, no ausencia científica ni adjudicación de revisión."
"BN-420","7e7569449747e42435e88945e61d34584a8140c445180f7d888eba6c45de0ba2","REINSPECCION","2026-09-26T21:21:25Z","/root/revision_residuales","C-2579","data/busquedas_negativas/15_1_15-1-punto-de-partida-y-participantes-celulares.csv","data/tablas/02/table-01-2-1-2-por-que-el-modelo-cambia-el-arbol.csv","3","modelo","identidad=«Lake et al. 1984»; campo=«modelo»; valor=«n/a: no es una inferencia de sustitución molecular»","0","434","a08bc1a1584b2a31a0da0d84efd1de350abf318b9a2cfa7e0a94e0f34cb0f043","8a33be0a189a42fe8a6c4b14ae5e36aa8df9da89aa312c045c6fd99de3c3f355","d1e8d0a273fc5a24de14fe1b564211f1a9356d22d3b741a6de60f67245df19a4","ExactCooccurrenceIndex.count(nominal_components(nominal_query(fila_residual))); corpus fuente decodificado y normalizado por source_snapshot; resultado literal, no ausencia científica ni adjudicación de revisión."
"BN-421","09661506317b2ede6f9922fc1c20bbc2e4fbd256c8c3ee1d133c1f7db5561d94","REINSPECCION","2026-09-26T21:21:25Z","/root/revision_residuales","C-2580","data/busquedas_negativas/15_1_15-1-punto-de-partida-y-participantes-celulares.csv","data/tablas/02/table-01-2-1-2-por-que-el-modelo-cambia-el-arbol.csv","3","soporte cuantitativo tal cual","identidad=«Lake et al. 1984»; campo=«soporte cuantitativo tal cual»; valor=«cuatro patrones; figuras 1–4; no consta una estadística de soporte común [BN-115]»","0","434","a08bc1a1584b2a31a0da0d84efd1de350abf318b9a2cfa7e0a94e0f34cb0f043","8a33be0a189a42fe8a6c4b14ae5e36aa8df9da89aa312c045c6fd99de3c3f355","d1e8d0a273fc5a24de14fe1b564211f1a9356d22d3b741a6de60f67245df19a4","ExactCooccurrenceIndex.count(nominal_components(nominal_query(fila_residual))); corpus fuente decodificado y normalizado por source_snapshot; resultado literal, no ausencia científica ni adjudicación de revisión."
"BN-422","2a0b0e6bb30fa8fb1775d7af9fb67d812c38705afa9dec884beadffd18320ce2","REINSPECCION","2026-09-26T21:21:25Z","/root/revision_residuales","C-2581","data/busquedas_negativas/15_1_15-1-punto-de-partida-y-participantes-celulares.csv","data/tablas/02/table-01-2-1-2-por-que-el-modelo-cambia-el-arbol.csv","3","límite o campo no publicado/localizado","identidad=«Lake et al. 1984»; campo=«límite o campo no publicado/localizado»; valor=«El muestreo histórico no equivale a una matriz genómica moderna.»","0","434","a08bc1a1584b2a31a0da0d84efd1de350abf318b9a2cfa7e0a94e0f34cb0f043","8a33be0a189a42fe8a6c4b14ae5e36aa8df9da89aa312c045c6fd99de3c3f355","d1e8d0a273fc5a24de14fe1b564211f1a9356d22d3b741a6de60f67245df19a4","ExactCooccurrenceIndex.count(nominal_components(nominal_query(fila_residual))); corpus fuente decodificado y normalizado por source_snapshot; resultado literal, no ausencia científica ni adjudicación de revisión."
"BN-423","8e52b64ed73c5367b91eaca62e757fa7383715ae906267e61813db0d5c9cfea6","REINSPECCION","2026-09-26T21:21:26Z","/root/revision_residuales","C-2586","data/busquedas_negativas/15_1_15-1-punto-de-partida-y-participantes-celulares.csv","data/tablas/02/table-01-2-1-2-por-que-el-modelo-cambia-el-arbol.csv","5","muestreo taxonómico","identidad=«Da Cunha et al. 2017»; campo=«muestreo taxonómico»; valor=«taxones incluidos en los conjuntos publicados; desglose nominal no consta en las afirmaciones recuperadas [BN-115]»","0","434","a08bc1a1584b2a31a0da0d84efd1de350abf318b9a2cfa7e0a94e0f34cb0f043","8a33be0a189a42fe8a6c4b14ae5e36aa8df9da89aa312c045c6fd99de3c3f355","d1e8d0a273fc5a24de14fe1b564211f1a9356d22d3b741a6de60f67245df19a4","ExactCooccurrenceIndex.count(nominal_components(nominal_query(fila_residual))); corpus fuente decodificado y normalizado por source_snapshot; resultado literal, no ausencia científica ni adjudicación de revisión."
"BN-424","5e5a73ce518038e23d6df865d16f0b9e712a6a9605cee08d01578b405afbd680","REINSPECCION","2026-09-26T21:21:26Z","/root/revision_residuales","C-2588","data/busquedas_negativas/15_1_15-1-punto-de-partida-y-participantes-celulares.csv","data/tablas/02/table-01-2-1-2-por-que-el-modelo-cambia-el-arbol.csv","5","modelo","identidad=«Da Cunha et al. 2017»; campo=«modelo»; valor=«modelo de sustitución no consta en las afirmaciones recuperadas [BN-115]»","0","434","a08bc1a1584b2a31a0da0d84efd1de350abf318b9a2cfa7e0a94e0f34cb0f043","8a33be0a189a42fe8a6c4b14ae5e36aa8df9da89aa312c045c6fd99de3c3f355","d1e8d0a273fc5a24de14fe1b564211f1a9356d22d3b741a6de60f67245df19a4","ExactCooccurrenceIndex.count(nominal_components(nominal_query(fila_residual))); corpus fuente decodificado y normalizado por source_snapshot; resultado literal, no ausencia científica ni adjudicación de revisión."
"BN-425","e5cb6b57b546c908d3d0fa56528856657d1da7b369a27eb2ed36816c277429e7","REINSPECCION","2026-09-26T21:21:26Z","/root/revision_residuales","C-2591","data/busquedas_negativas/15_1_15-1-punto-de-partida-y-participantes-celulares.csv","data/tablas/02/table-01-2-1-2-por-que-el-modelo-cambia-el-arbol.csv","6","muestreo taxonómico","identidad=«Spang et al. 2018»; campo=«muestreo taxonómico»; valor=«taxones del reanálisis publicado; desglose nominal no consta en las afirmaciones recuperadas [BN-115]»","0","434","a08bc1a1584b2a31a0da0d84efd1de350abf318b9a2cfa7e0a94e0f34cb0f043","8a33be0a189a42fe8a6c4b14ae5e36aa8df9da89aa312c045c6fd99de3c3f355","d1e8d0a273fc5a24de14fe1b564211f1a9356d22d3b741a6de60f67245df19a4","ExactCooccurrenceIndex.count(nominal_components(nominal_query(fila_residual))); corpus fuente decodificado y normalizado por source_snapshot; resultado literal, no ausencia científica ni adjudicación de revisión."
"BN-426","6e02af9d7eec2a23ea49a5b20eb366e884c60263dd40823a6859500d00c59fe9","REINSPECCION","2026-09-26T21:21:26Z","/root/revision_residuales","C-2592","data/busquedas_negativas/15_1_15-1-punto-de-partida-y-participantes-celulares.csv","data/tablas/02/table-01-2-1-2-por-que-el-modelo-cambia-el-arbol.csv","6","análisis","identidad=«Spang et al. 2018»; campo=«análisis»; valor=«reanálisis de contaminación, selección de proteínas y diagnóstico de atracción de ramas largas»","0","434","a08bc1a1584b2a31a0da0d84efd1de350abf318b9a2cfa7e0a94e0f34cb0f043","8a33be0a189a42fe8a6c4b14ae5e36aa8df9da89aa312c045c6fd99de3c3f355","d1e8d0a273fc5a24de14fe1b564211f1a9356d22d3b741a6de60f67245df19a4","ExactCooccurrenceIndex.count(nominal_components(nominal_query(fila_residual))); corpus fuente decodificado y normalizado por source_snapshot; resultado literal, no ausencia científica ni adjudicación de revisión."
"BN-427","49307d7301f91e04217c6cc646a52abb9f3c8754c072dd1c17ac7d0262a8939c","REINSPECCION","2026-09-26T21:21:26Z","/root/revision_residuales","C-2593","data/busquedas_negativas/15_1_15-1-punto-de-partida-y-participantes-celulares.csv","data/tablas/02/table-01-2-1-2-por-que-el-modelo-cambia-el-arbol.csv","6","modelo","identidad=«Spang et al. 2018»; campo=«modelo»; valor=«modelos por conjunto no constan en el pasaje recuperado [BN-115]»","0","434","a08bc1a1584b2a31a0da0d84efd1de350abf318b9a2cfa7e0a94e0f34cb0f043","8a33be0a189a42fe8a6c4b14ae5e36aa8df9da89aa312c045c6fd99de3c3f355","d1e8d0a273fc5a24de14fe1b564211f1a9356d22d3b741a6de60f67245df19a4","ExactCooccurrenceIndex.count(nominal_components(nominal_query(fila_residual))); corpus fuente decodificado y normalizado por source_snapshot; resultado literal, no ausencia científica ni adjudicación de revisión."
"BN-428","3516f31bde80ec9e3c664c2c2bf9c2dbcee0e1452421746928127d1a50e63725","REINSPECCION","2026-09-26T21:21:26Z","/root/revision_residuales","C-2595","data/busquedas_negativas/15_1_15-1-punto-de-partida-y-participantes-celulares.csv","data/tablas/02/table-01-2-1-2-por-que-el-modelo-cambia-el-arbol.csv","7","muestreo taxonómico","identidad=«Williams et al. 2020»; campo=«muestreo taxonómico»; valor=«muestreo taxonómico no desglosado en C-028–C-029 [BN-115]»","0","434","a08bc1a1584b2a31a0da0d84efd1de350abf318b9a2cfa7e0a94e0f34cb0f043","8a33be0a189a42fe8a6c4b14ae5e36aa8df9da89aa312c045c6fd99de3c3f355","d1e8d0a273fc5a24de14fe1b564211f1a9356d22d3b741a6de60f67245df19a4","ExactCooccurrenceIndex.count(nominal_components(nominal_query(fila_residual))); corpus fuente decodificado y normalizado por source_snapshot; resultado literal, no ausencia científica ni adjudicación de revisión."
"BN-429","666a8e07cf39aa55b2a5bdc58c5a92ca3c662b6d13d1a1b6aee36caf9301341e","REINSPECCION","2026-09-26T21:21:26Z","/root/revision_residuales","C-2596","data/busquedas_negativas/15_1_15-1-punto-de-partida-y-participantes-celulares.csv","data/tablas/02/table-01-2-1-2-por-que-el-modelo-cambia-el-arbol.csv","8","muestreo taxonómico","identidad=«Williams et al. 2020»; campo=«muestreo taxonómico»; valor=«mismo muestreo publicado que C-028–C-029; desglose nominal no recuperado [BN-115]»","0","434","a08bc1a1584b2a31a0da0d84efd1de350abf318b9a2cfa7e0a94e0f34cb0f043","8a33be0a189a42fe8a6c4b14ae5e36aa8df9da89aa312c045c6fd99de3c3f355","d1e8d0a273fc5a24de14fe1b564211f1a9356d22d3b741a6de60f67245df19a4","ExactCooccurrenceIndex.count(nominal_components(nominal_query(fila_residual))); corpus fuente decodificado y normalizado por source_snapshot; resultado literal, no ausencia científica ni adjudicación de revisión."
"BN-430","991767ea252e45f8370dec1934e3f4ddb561a1732ddb66fa8d99bb43a80279cb","REINSPECCION","2026-09-26T21:21:26Z","/root/revision_residuales","C-2599","data/busquedas_negativas/15_1_15-1-punto-de-partida-y-participantes-celulares.csv","data/tablas/02/table-01-2-1-2-por-que-el-modelo-cambia-el-arbol.csv","9","muestreo taxonómico","identidad=«Williams et al. 2020»; campo=«muestreo taxonómico»; valor=«mismo muestreo publicado que C-028–C-029; desglose nominal no recuperado [BN-115]»","0","434","a08bc1a1584b2a31a0da0d84efd1de350abf318b9a2cfa7e0a94e0f34cb0f043","8a33be0a189a42fe8a6c4b14ae5e36aa8df9da89aa312c045c6fd99de3c3f355","d1e8d0a273fc5a24de14fe1b564211f1a9356d22d3b741a6de60f67245df19a4","ExactCooccurrenceIndex.count(nominal_components(nominal_query(fila_residual))); corpus fuente decodificado y normalizado por source_snapshot; resultado literal, no ausencia científica ni adjudicación de revisión."
"BN-431","7128352eebb33dfc475f3af52ecbc3587148c8db2b983b5331af2a7b61f9ba78","REINSPECCION","2026-09-26T21:21:26Z","/root/revision_residuales","C-2602","data/busquedas_negativas/15_1_15-1-punto-de-partida-y-participantes-celulares.csv","data/tablas/02/table-01-2-1-2-por-que-el-modelo-cambia-el-arbol.csv","10","muestreo taxonómico","identidad=«Williams et al. 2020»; campo=«muestreo taxonómico»; valor=«mismo muestreo publicado que C-028–C-029; desglose nominal no recuperado [BN-115]»","0","434","a08bc1a1584b2a31a0da0d84efd1de350abf318b9a2cfa7e0a94e0f34cb0f043","8a33be0a189a42fe8a6c4b14ae5e36aa8df9da89aa312c045c6fd99de3c3f355","d1e8d0a273fc5a24de14fe1b564211f1a9356d22d3b741a6de60f67245df19a4","ExactCooccurrenceIndex.count(nominal_components(nominal_query(fila_residual))); corpus fuente decodificado y normalizado por source_snapshot; resultado literal, no ausencia científica ni adjudicación de revisión."
"BN-432","87c6f0ca6204dd0b7febbd4d4df886a6fb727018d903c1660a71ea65ed70d422","REINSPECCION","2026-09-26T21:21:26Z","/root/revision_residuales","C-2608","data/busquedas_negativas/15_1_15-1-punto-de-partida-y-participantes-celulares.csv","data/tablas/02/table-01-2-1-2-por-que-el-modelo-cambia-el-arbol.csv","11","muestreo taxonómico","identidad=«Williams et al. 2020»; campo=«muestreo taxonómico»; valor=«mismo muestreo publicado que C-028–C-029; desglose nominal no recuperado [BN-115]»","0","434","a08bc1a1584b2a31a0da0d84efd1de350abf318b9a2cfa7e0a94e0f34cb0f043","8a33be0a189a42fe8a6c4b14ae5e36aa8df9da89aa312c045c6fd99de3c3f355","d1e8d0a273fc5a24de14fe1b564211f1a9356d22d3b741a6de60f67245df19a4","ExactCooccurrenceIndex.count(nominal_components(nominal_query(fila_residual))); corpus fuente decodificado y normalizado por source_snapshot; resultado literal, no ausencia científica ni adjudicación de revisión."
"BN-433","f0b569e98429acf11e082338fcdae42a76f15e3947911c33dac4ff837fba0a55","REINSPECCION","2026-09-26T21:21:26Z","/root/revision_residuales","C-2609","data/busquedas_negativas/15_1_15-1-punto-de-partida-y-participantes-celulares.csv","data/tablas/02/table-01-2-1-2-por-que-el-modelo-cambia-el-arbol.csv","11","análisis","identidad=«Williams et al. 2020»; campo=«análisis»; valor=«prueba contra sesgo composicional»","0","434","a08bc1a1584b2a31a0da0d84efd1de350abf318b9a2cfa7e0a94e0f34cb0f043","8a33be0a189a42fe8a6c4b14ae5e36aa8df9da89aa312c045c6fd99de3c3f355","d1e8d0a273fc5a24de14fe1b564211f1a9356d22d3b741a6de60f67245df19a4","ExactCooccurrenceIndex.count(nominal_components(nominal_query(fila_residual))); corpus fuente decodificado y normalizado por source_snapshot; resultado literal, no ausencia científica ni adjudicación de revisión."
"BN-434","c24be0779f5c83f6c6c152b180b402a3ea03a9d52debc2fb02ba32bcbc677092","REINSPECCION","2026-09-26T21:21:26Z","/root/revision_residuales","C-2611","data/busquedas_negativas/15_1_15-1-punto-de-partida-y-participantes-celulares.csv","data/tablas/02/table-01-2-1-2-por-que-el-modelo-cambia-el-arbol.csv","11","límite o campo no publicado/localizado","identidad=«Williams et al. 2020»; campo=«límite o campo no publicado/localizado»; valor=«La recodificación es parte del análisis, no una matriz independiente no documentada.»","0","434","a08bc1a1584b2a31a0da0d84efd1de350abf318b9a2cfa7e0a94e0f34cb0f043","8a33be0a189a42fe8a6c4b14ae5e36aa8df9da89aa312c045c6fd99de3c3f355","d1e8d0a273fc5a24de14fe1b564211f1a9356d22d3b741a6de60f67245df19a4","ExactCooccurrenceIndex.count(nominal_components(nominal_query(fila_residual))); corpus fuente decodificado y normalizado por source_snapshot; resultado literal, no ausencia científica ni adjudicación de revisión."
"BN-435","be90c108c341392a72db54e95fae0a2eca04bbf0ddd0cab4895ed83f9b5c0d9e","REINSPECCION","2026-09-26T21:21:26Z","/root/revision_residuales","C-2612","data/busquedas_negativas/15_1_15-1-punto-de-partida-y-participantes-celulares.csv","data/tablas/02/table-01-2-1-2-por-que-el-modelo-cambia-el-arbol.csv","12","modelo","identidad=«Williams et al. 2020»; campo=«modelo»; valor=«modelos particulares no constan en las afirmaciones recuperadas [BN-115]»","0","434","a08bc1a1584b2a31a0da0d84efd1de350abf318b9a2cfa7e0a94e0f34cb0f043","8a33be0a189a42fe8a6c4b14ae5e36aa8df9da89aa312c045c6fd99de3c3f355","d1e8d0a273fc5a24de14fe1b564211f1a9356d22d3b741a6de60f67245df19a4","ExactCooccurrenceIndex.count(nominal_components(nominal_query(fila_residual))); corpus fuente decodificado y normalizado por source_snapshot; resultado literal, no ausencia científica ni adjudicación de revisión."
"BN-436","248904fc9ff13ab905a10ccd76f0fe671835c8e94a6f9745c01544efd2bb74a1","REINSPECCION","2026-09-26T21:21:27Z","/root/revision_residuales","C-2613","data/busquedas_negativas/15_4_15-4-registro-material-tiempo-ambiente-y-ecologia.csv","data/tablas/05/table-33-5-4-evidencia-de-interaccion-en-perforaciones-del-grupo-chuar.csv","2","incertidumbre y disputa","identidad=«Grupo Chuar; afloramientos sobre unos 15 km² del este del Grand Canyon; S158 indica muestras distribuidas a lo largo del grupo, pero no localiza la formación individual de cada espécimen [C-1960; BN-116]»; campo=«incertidumbre y disputa»; valor=«el productor no está preservado; S158 evalúa alternativas, pero no se localizó un contradictor nominal independiente en las afirmaciones recuperadas»","0","434","a08bc1a1584b2a31a0da0d84efd1de350abf318b9a2cfa7e0a94e0f34cb0f043","8a33be0a189a42fe8a6c4b14ae5e36aa8df9da89aa312c045c6fd99de3c3f355","d1e8d0a273fc5a24de14fe1b564211f1a9356d22d3b741a6de60f67245df19a4","ExactCooccurrenceIndex.count(nominal_components(nominal_query(fila_residual))); corpus fuente decodificado y normalizado por source_snapshot; resultado literal, no ausencia científica ni adjudicación de revisión."
"BN-437","ab47eb9a064ac3451ff70fd64a37246350e85efcf3f9b95e98b24b9317610156","REINSPECCION","2026-09-26T21:21:27Z","/root/revision_residuales","C-2614","data/busquedas_negativas/15_4_15-4-registro-material-tiempo-ambiente-y-ecologia.csv","data/tablas/05/table-34-5-8-asignacion-fosil-mas-antigua-localizada-por-nodo.csv","2","fósil más antiguo localizado","identidad=«Eukaryota»; campo=«fósil más antiguo localizado»; valor=«conjunto de Lechte et al.; *Bangiomorpha pubescens* como mínimo corona condicionado»","0","434","a08bc1a1584b2a31a0da0d84efd1de350abf318b9a2cfa7e0a94e0f34cb0f043","8a33be0a189a42fe8a6c4b14ae5e36aa8df9da89aa312c045c6fd99de3c3f355","d1e8d0a273fc5a24de14fe1b564211f1a9356d22d3b741a6de60f67245df19a4","ExactCooccurrenceIndex.count(nominal_components(nominal_query(fila_residual))); corpus fuente decodificado y normalizado por source_snapshot; resultado literal, no ausencia científica ni adjudicación de revisión."
"BN-438","a0d87ea8a7ba9c0720e39be5437baf8ba137f8991e8ecda06d764929213bade6","REINSPECCION","2026-09-26T21:21:27Z","/root/revision_residuales","C-2618","data/busquedas_negativas/15_4_15-4-registro-material-tiempo-ambiente-y-ecologia.csv","data/tablas/05/table-34-5-8-asignacion-fosil-mas-antigua-localizada-por-nodo.csv","2","método de datación","identidad=«Eukaryota»; campo=«método de datación»; valor=«cronología del conjunto de Lechte et al.; geocronología radiométrica de la sucesión de *Bangiomorpha*»","0","434","a08bc1a1584b2a31a0da0d84efd1de350abf318b9a2cfa7e0a94e0f34cb0f043","8a33be0a189a42fe8a6c4b14ae5e36aa8df9da89aa312c045c6fd99de3c3f355","d1e8d0a273fc5a24de14fe1b564211f1a9356d22d3b741a6de60f67245df19a4","ExactCooccurrenceIndex.count(nominal_components(nominal_query(fila_residual))); corpus fuente decodificado y normalizado por source_snapshot; resultado literal, no ausencia científica ni adjudicación de revisión."
"BN-439","ac12998108960454aa24923fbbf855bc2d345e32f88815b58d108651f3feae24","REINSPECCION","2026-09-26T21:21:27Z","/root/revision_residuales","C-2619","data/busquedas_negativas/15_4_15-4-registro-material-tiempo-ambiente-y-ecologia.csv","data/tablas/05/table-34-5-8-asignacion-fosil-mas-antigua-localizada-por-nodo.csv","2","incertidumbre publicada","identidad=«Eukaryota»; campo=«incertidumbre publicada»; valor=«no consta para el intervalo de Lechte et al.; incertidumbre exacta de 1.047 Ga no localizada»","0","434","a08bc1a1584b2a31a0da0d84efd1de350abf318b9a2cfa7e0a94e0f34cb0f043","8a33be0a189a42fe8a6c4b14ae5e36aa8df9da89aa312c045c6fd99de3c3f355","d1e8d0a273fc5a24de14fe1b564211f1a9356d22d3b741a6de60f67245df19a4","ExactCooccurrenceIndex.count(nominal_components(nominal_query(fila_residual))); corpus fuente decodificado y normalizado por source_snapshot; resultado literal, no ausencia científica ni adjudicación de revisión."
"BN-440","d47d83bbe4d9f1516c98837ba681c79c714af2f44a0e4e59a49e33c0b34555ad","REINSPECCION","2026-09-26T21:21:27Z","/root/revision_residuales","C-2620","data/busquedas_negativas/15_4_15-4-registro-material-tiempo-ambiente-y-ecologia.csv","data/tablas/05/table-34-5-8-asignacion-fosil-mas-antigua-localizada-por-nodo.csv","2","quién discute la atribución","identidad=«Eukaryota»; campo=«quién discute la atribución»; valor=«no consta un oponente nominal en las fuentes citadas»","0","434","a08bc1a1584b2a31a0da0d84efd1de350abf318b9a2cfa7e0a94e0f34cb0f043","8a33be0a189a42fe8a6c4b14ae5e36aa8df9da89aa312c045c6fd99de3c3f355","d1e8d0a273fc5a24de14fe1b564211f1a9356d22d3b741a6de60f67245df19a4","ExactCooccurrenceIndex.count(nominal_components(nominal_query(fila_residual))); corpus fuente decodificado y normalizado por source_snapshot; resultado literal, no ausencia científica ni adjudicación de revisión."
"BN-441","0b5d39ac51a780a259aa8824b24358a4f9a35131e5af462961099a11fcd1aa12","REINSPECCION","2026-09-26T21:21:27Z","/root/revision_residuales","C-2622","data/busquedas_negativas/15_4_15-4-registro-material-tiempo-ambiente-y-ecologia.csv","data/tablas/05/table-34-5-8-asignacion-fosil-mas-antigua-localizada-por-nodo.csv","4","edad","identidad=«Amoebozoa»; campo=«edad»; valor=«no consta en la fuente citada por C-713»","0","434","a08bc1a1584b2a31a0da0d84efd1de350abf318b9a2cfa7e0a94e0f34cb0f043","8a33be0a189a42fe8a6c4b14ae5e36aa8df9da89aa312c045c6fd99de3c3f355","d1e8d0a273fc5a24de14fe1b564211f1a9356d22d3b741a6de60f67245df19a4","ExactCooccurrenceIndex.count(nominal_components(nominal_query(fila_residual))); corpus fuente decodificado y normalizado por source_snapshot; resultado literal, no ausencia científica ni adjudicación de revisión."
"BN-442","5671862fdb6839909114b4e27d46d7bdd98dc161b23bddd50a4847c5ecf08921","REINSPECCION","2026-09-26T21:21:27Z","/root/revision_residuales","C-2623","data/busquedas_negativas/15_4_15-4-registro-material-tiempo-ambiente-y-ecologia.csv","data/tablas/05/table-34-5-8-asignacion-fosil-mas-antigua-localizada-por-nodo.csv","4","método de datación","identidad=«Amoebozoa»; campo=«método de datación»; valor=«no consta en la fuente citada por C-713»","0","434","a08bc1a1584b2a31a0da0d84efd1de350abf318b9a2cfa7e0a94e0f34cb0f043","8a33be0a189a42fe8a6c4b14ae5e36aa8df9da89aa312c045c6fd99de3c3f355","d1e8d0a273fc5a24de14fe1b564211f1a9356d22d3b741a6de60f67245df19a4","ExactCooccurrenceIndex.count(nominal_components(nominal_query(fila_residual))); corpus fuente decodificado y normalizado por source_snapshot; resultado literal, no ausencia científica ni adjudicación de revisión."
"BN-443","2871376c4878f9ca8de75dd91f40df22be0131303576241655b48163b01bc10f","REINSPECCION","2026-09-26T21:21:27Z","/root/revision_residuales","C-2624","data/busquedas_negativas/15_4_15-4-registro-material-tiempo-ambiente-y-ecologia.csv","data/tablas/05/table-34-5-8-asignacion-fosil-mas-antigua-localizada-por-nodo.csv","4","incertidumbre publicada","identidad=«Amoebozoa»; campo=«incertidumbre publicada»; valor=«no consta en la fuente citada por C-713»","0","434","a08bc1a1584b2a31a0da0d84efd1de350abf318b9a2cfa7e0a94e0f34cb0f043","8a33be0a189a42fe8a6c4b14ae5e36aa8df9da89aa312c045c6fd99de3c3f355","d1e8d0a273fc5a24de14fe1b564211f1a9356d22d3b741a6de60f67245df19a4","ExactCooccurrenceIndex.count(nominal_components(nominal_query(fila_residual))); corpus fuente decodificado y normalizado por source_snapshot; resultado literal, no ausencia científica ni adjudicación de revisión."
"BN-444","734dc86e457542a290a4de26e778472e696033e41a69c3860892c79e67911c42","REINSPECCION","2026-09-26T21:21:27Z","/root/revision_residuales","C-2625","data/busquedas_negativas/15_4_15-4-registro-material-tiempo-ambiente-y-ecologia.csv","data/tablas/05/table-34-5-8-asignacion-fosil-mas-antigua-localizada-por-nodo.csv","4","quién discute la atribución","identidad=«Amoebozoa»; campo=«quién discute la atribución»; valor=«no consta un oponente nominal en la fuente citada»","0","434","a08bc1a1584b2a31a0da0d84efd1de350abf318b9a2cfa7e0a94e0f34cb0f043","8a33be0a189a42fe8a6c4b14ae5e36aa8df9da89aa312c045c6fd99de3c3f355","d1e8d0a273fc5a24de14fe1b564211f1a9356d22d3b741a6de60f67245df19a4","ExactCooccurrenceIndex.count(nominal_components(nominal_query(fila_residual))); corpus fuente decodificado y normalizado por source_snapshot; resultado literal, no ausencia científica ni adjudicación de revisión."
"BN-445","07e0964bb6ad44d0fd457f845c4d27be6b908e782fe824673f5babc69d0e215f","REINSPECCION","2026-09-26T21:21:27Z","/root/revision_residuales","C-2626","data/busquedas_negativas/15_4_15-4-registro-material-tiempo-ambiente-y-ecologia.csv","data/tablas/05/table-34-5-8-asignacion-fosil-mas-antigua-localizada-por-nodo.csv","8","quién discute la atribución","identidad=«Opisthokonta»; campo=«quién discute la atribución»; valor=«Loron et al. explicitan el límite taxonómico; no consta otro oponente nominal en las fuentes citadas»","0","434","a08bc1a1584b2a31a0da0d84efd1de350abf318b9a2cfa7e0a94e0f34cb0f043","8a33be0a189a42fe8a6c4b14ae5e36aa8df9da89aa312c045c6fd99de3c3f355","d1e8d0a273fc5a24de14fe1b564211f1a9356d22d3b741a6de60f67245df19a4","ExactCooccurrenceIndex.count(nominal_components(nominal_query(fila_residual))); corpus fuente decodificado y normalizado por source_snapshot; resultado literal, no ausencia científica ni adjudicación de revisión."
"BN-446","b5a408907201da62bc7a4d13cecd20e94472abf769f2686f3401e0e4df72de7d","REINSPECCION","2026-09-26T21:21:27Z","/root/revision_residuales","C-2628","data/busquedas_negativas/15_4_15-4-registro-material-tiempo-ambiente-y-ecologia.csv","data/tablas/05/table-34-5-8-asignacion-fosil-mas-antigua-localizada-por-nodo.csv","9","quién discute la atribución","identidad=«Holomycota»; campo=«quién discute la atribución»; valor=«Loron et al. explicitan el límite; no consta otro oponente nominal en las fuentes citadas»","0","434","a08bc1a1584b2a31a0da0d84efd1de350abf318b9a2cfa7e0a94e0f34cb0f043","8a33be0a189a42fe8a6c4b14ae5e36aa8df9da89aa312c045c6fd99de3c3f355","d1e8d0a273fc5a24de14fe1b564211f1a9356d22d3b741a6de60f67245df19a4","ExactCooccurrenceIndex.count(nominal_components(nominal_query(fila_residual))); corpus fuente decodificado y normalizado por source_snapshot; resultado literal, no ausencia científica ni adjudicación de revisión."
"BN-447","55d28510256590b29db3ac57638a8d2ee85fc018d421a55025f1d7f089f1460d","REINSPECCION","2026-09-26T21:21:27Z","/root/revision_residuales","C-2631","data/busquedas_negativas/15_4_15-4-registro-material-tiempo-ambiente-y-ecologia.csv","data/tablas/05/table-34-5-8-asignacion-fosil-mas-antigua-localizada-por-nodo.csv","10","incertidumbre publicada","identidad=«Holozoa»; campo=«incertidumbre publicada»; valor=«no consta en la fuente citada»","0","434","a08bc1a1584b2a31a0da0d84efd1de350abf318b9a2cfa7e0a94e0f34cb0f043","8a33be0a189a42fe8a6c4b14ae5e36aa8df9da89aa312c045c6fd99de3c3f355","d1e8d0a273fc5a24de14fe1b564211f1a9356d22d3b741a6de60f67245df19a4","ExactCooccurrenceIndex.count(nominal_components(nominal_query(fila_residual))); corpus fuente decodificado y normalizado por source_snapshot; resultado literal, no ausencia científica ni adjudicación de revisión."
"BN-448","329eb6d677bc4797b44790661f588c09c4451c713386e2733b9d9f891250b2d6","REINSPECCION","2026-09-26T21:21:27Z","/root/revision_residuales","C-2633","data/busquedas_negativas/15_4_15-4-registro-material-tiempo-ambiente-y-ecologia.csv","data/tablas/05/table-34-5-8-asignacion-fosil-mas-antigua-localizada-por-nodo.csv","15","qué se infiere","identidad=«Filozoa»; campo=«qué se infiere»; valor=«afinidad putativa de coanoflagelado y, condicionalmente, inclusión en Filozoa»","0","434","a08bc1a1584b2a31a0da0d84efd1de350abf318b9a2cfa7e0a94e0f34cb0f043","8a33be0a189a42fe8a6c4b14ae5e36aa8df9da89aa312c045c6fd99de3c3f355","d1e8d0a273fc5a24de14fe1b564211f1a9356d22d3b741a6de60f67245df19a4","ExactCooccurrenceIndex.count(nominal_components(nominal_query(fila_residual))); corpus fuente decodificado y normalizado por source_snapshot; resultado literal, no ausencia científica ni adjudicación de revisión."
"BN-449","1d53e9231abfb642f51a04303c79f12fccb0d752c6eee43b4cc010ea589ca131","REINSPECCION","2026-09-26T21:21:27Z","/root/revision_residuales","C-2634","data/busquedas_negativas/15_4_15-4-registro-material-tiempo-ambiente-y-ecologia.csv","data/tablas/05/table-34-5-8-asignacion-fosil-mas-antigua-localizada-por-nodo.csv","15","método de datación","identidad=«Filozoa»; campo=«método de datación»; valor=«posición estratigráfica en la Formación Capas Blancas»","0","434","a08bc1a1584b2a31a0da0d84efd1de350abf318b9a2cfa7e0a94e0f34cb0f043","8a33be0a189a42fe8a6c4b14ae5e36aa8df9da89aa312c045c6fd99de3c3f355","d1e8d0a273fc5a24de14fe1b564211f1a9356d22d3b741a6de60f67245df19a4","ExactCooccurrenceIndex.count(nominal_components(nominal_query(fila_residual))); corpus fuente decodificado y normalizado por source_snapshot; resultado literal, no ausencia científica ni adjudicación de revisión."
"BN-450","4780d49bc967beb18ac549d515dfd5f10f273bf371e682bd06b64ba8df0a8f4b","REINSPECCION","2026-09-26T21:21:27Z","/root/revision_residuales","C-2635","data/busquedas_negativas/15_4_15-4-registro-material-tiempo-ambiente-y-ecologia.csv","data/tablas/05/table-34-5-8-asignacion-fosil-mas-antigua-localizada-por-nodo.csv","16","qué se infiere","identidad=«Choanozoa *sensu stricto* ≈ Apoikozoa»; campo=«qué se infiere»; valor=«afinidad putativa de coanoflagelado y, condicionalmente, inclusión en Choanozoa»","0","434","a08bc1a1584b2a31a0da0d84efd1de350abf318b9a2cfa7e0a94e0f34cb0f043","8a33be0a189a42fe8a6c4b14ae5e36aa8df9da89aa312c045c6fd99de3c3f355","d1e8d0a273fc5a24de14fe1b564211f1a9356d22d3b741a6de60f67245df19a4","ExactCooccurrenceIndex.count(nominal_components(nominal_query(fila_residual))); corpus fuente decodificado y normalizado por source_snapshot; resultado literal, no ausencia científica ni adjudicación de revisión."
"BN-451","a26045f44089513f8fddae1275fabbc0f919a568276864c08fd7572f65f547b1","REINSPECCION","2026-09-26T21:21:27Z","/root/revision_residuales","C-2636","data/busquedas_negativas/15_4_15-4-registro-material-tiempo-ambiente-y-ecologia.csv","data/tablas/05/table-34-5-8-asignacion-fosil-mas-antigua-localizada-por-nodo.csv","16","método de datación","identidad=«Choanozoa *sensu stricto* ≈ Apoikozoa»; campo=«método de datación»; valor=«posición estratigráfica en la Formación Capas Blancas»","0","434","a08bc1a1584b2a31a0da0d84efd1de350abf318b9a2cfa7e0a94e0f34cb0f043","8a33be0a189a42fe8a6c4b14ae5e36aa8df9da89aa312c045c6fd99de3c3f355","d1e8d0a273fc5a24de14fe1b564211f1a9356d22d3b741a6de60f67245df19a4","ExactCooccurrenceIndex.count(nominal_components(nominal_query(fila_residual))); corpus fuente decodificado y normalizado por source_snapshot; resultado literal, no ausencia científica ni adjudicación de revisión."
"BN-452","9d93feef6ce6b172922ed416352fc60358eaae6b0d90642dce126cdb27d22a4b","REINSPECCION","2026-09-26T21:21:27Z","/root/revision_residuales","C-2637","data/busquedas_negativas/15_4_15-4-registro-material-tiempo-ambiente-y-ecologia.csv","data/tablas/05/table-34-5-8-asignacion-fosil-mas-antigua-localizada-por-nodo.csv","17","método de datación","identidad=«Choanoflagellata»; campo=«método de datación»; valor=«posición estratigráfica en la Formación Capas Blancas»","0","434","a08bc1a1584b2a31a0da0d84efd1de350abf318b9a2cfa7e0a94e0f34cb0f043","8a33be0a189a42fe8a6c4b14ae5e36aa8df9da89aa312c045c6fd99de3c3f355","d1e8d0a273fc5a24de14fe1b564211f1a9356d22d3b741a6de60f67245df19a4","ExactCooccurrenceIndex.count(nominal_components(nominal_query(fila_residual))); corpus fuente decodificado y normalizado por source_snapshot; resultado literal, no ausencia científica ni adjudicación de revisión."
"BN-453","6242712aefc297af3264ba96f00eef1aed20504277d311bba8bdde269b156ef2","REINSPECCION","2026-09-26T21:21:27Z","/root/revision_residuales","C-2638","data/busquedas_negativas/15_4_15-4-registro-material-tiempo-ambiente-y-ecologia.csv","data/tablas/05/table-34-5-8-asignacion-fosil-mas-antigua-localizada-por-nodo.csv","18","fósil más antiguo localizado","identidad=«Metazoa»; campo=«fósil más antiguo localizado»; valor=«candidatos de Weng’an sin asignación resuelta»","0","434","a08bc1a1584b2a31a0da0d84efd1de350abf318b9a2cfa7e0a94e0f34cb0f043","8a33be0a189a42fe8a6c4b14ae5e36aa8df9da89aa312c045c6fd99de3c3f355","d1e8d0a273fc5a24de14fe1b564211f1a9356d22d3b741a6de60f67245df19a4","ExactCooccurrenceIndex.count(nominal_components(nominal_query(fila_residual))); corpus fuente decodificado y normalizado por source_snapshot; resultado literal, no ausencia científica ni adjudicación de revisión."
"BN-454","cade2fa2dbe1f7f327d2ec911193457fd7392482f2f7493271db6e31f5b9fbc8","REINSPECCION","2026-09-26T21:21:27Z","/root/revision_residuales","C-2640","data/busquedas_negativas/15_4_15-4-registro-material-tiempo-ambiente-y-ecologia.csv","data/tablas/05/table-34-5-8-asignacion-fosil-mas-antigua-localizada-por-nodo.csv","18","quién discute la atribución","identidad=«Metazoa»; campo=«quién discute la atribución»; valor=«Huldtgren et al.; Chen et al.; Moczydłowska et al.»","0","434","a08bc1a1584b2a31a0da0d84efd1de350abf318b9a2cfa7e0a94e0f34cb0f043","8a33be0a189a42fe8a6c4b14ae5e36aa8df9da89aa312c045c6fd99de3c3f355","d1e8d0a273fc5a24de14fe1b564211f1a9356d22d3b741a6de60f67245df19a4","ExactCooccurrenceIndex.count(nominal_components(nominal_query(fila_residual))); corpus fuente decodificado y normalizado por source_snapshot; resultado literal, no ausencia científica ni adjudicación de revisión."
"BN-455","e9014aaea6313722be0d75e3d6e7373568d9b9fe1e8241ef1c7d5632cf5a73cb","REINSPECCION","2026-09-26T21:21:28Z","/root/revision_residuales","C-2683","data/busquedas_negativas/15_5_15-5-asociacion-integracion-y-transferencia.csv","data/tablas/09/table-43-9-4-1-fichas-comparativas-por-grado-de-integracion.csv","2","genoma del socio comparado con parientes de vida libre","identidad=«Mecanismo: sintrofía externa — *Lenisia limosa*–*Arcobacter*»; campo=«genoma del socio comparado con parientes de vida libre»; valor=«NO DOCUMENTADO POR LAS C CITADAS EN ESTA FICHA»","0","434","a08bc1a1584b2a31a0da0d84efd1de350abf318b9a2cfa7e0a94e0f34cb0f043","8a33be0a189a42fe8a6c4b14ae5e36aa8df9da89aa312c045c6fd99de3c3f355","d1e8d0a273fc5a24de14fe1b564211f1a9356d22d3b741a6de60f67245df19a4","ExactCooccurrenceIndex.count(nominal_components(nominal_query(fila_residual))); corpus fuente decodificado y normalizado por source_snapshot; resultado literal, no ausencia científica ni adjudicación de revisión."
"BN-456","c0615522a1bacbf81e25805b0cc3ae2c3e60950dac27122b403bfbce4381486b","REINSPECCION","2026-09-26T21:21:28Z","/root/revision_residuales","C-2684","data/busquedas_negativas/15_5_15-5-asociacion-integracion-y-transferencia.csv","data/tablas/09/table-43-9-4-1-fichas-comparativas-por-grado-de-integracion.csv","2","EGT al núcleo; importación de proteínas de vuelta","identidad=«Mecanismo: sintrofía externa — *Lenisia limosa*–*Arcobacter*»; campo=«EGT al núcleo; importación de proteínas de vuelta»; valor=«EGT: NO DOCUMENTADA; importación: NO DOCUMENTADA POR LAS C CITADAS»","0","434","a08bc1a1584b2a31a0da0d84efd1de350abf318b9a2cfa7e0a94e0f34cb0f043","8a33be0a189a42fe8a6c4b14ae5e36aa8df9da89aa312c045c6fd99de3c3f355","d1e8d0a273fc5a24de14fe1b564211f1a9356d22d3b741a6de60f67245df19a4","ExactCooccurrenceIndex.count(nominal_components(nominal_query(fila_residual))); corpus fuente decodificado y normalizado por source_snapshot; resultado literal, no ausencia científica ni adjudicación de revisión."
"BN-457","672c51aefe60eb4341e9c754b3ac6075bb85766889e08c47dcac29677bea1196","REINSPECCION","2026-09-26T21:21:28Z","/root/revision_residuales","C-2685","data/busquedas_negativas/15_5_15-5-asociacion-integracion-y-transferencia.csv","data/tablas/09/table-43-9-4-1-fichas-comparativas-por-grado-de-integracion.csv","2","estado obligado, facultativo o reversible","identidad=«Mecanismo: sintrofía externa — *Lenisia limosa*–*Arcobacter*»; campo=«estado obligado, facultativo o reversible»; valor=«estado de obligación no resuelto; asociación externa funcional mantenida en cultivo»","0","434","a08bc1a1584b2a31a0da0d84efd1de350abf318b9a2cfa7e0a94e0f34cb0f043","8a33be0a189a42fe8a6c4b14ae5e36aa8df9da89aa312c045c6fd99de3c3f355","d1e8d0a273fc5a24de14fe1b564211f1a9356d22d3b741a6de60f67245df19a4","ExactCooccurrenceIndex.count(nominal_components(nominal_query(fila_residual))); corpus fuente decodificado y normalizado por source_snapshot; resultado literal, no ausencia científica ni adjudicación de revisión."
"BN-458","a4df283951f38122e89a6def3b2507ba274bfbe56a98a83af12c2a394d7d20ed","REINSPECCION","2026-09-26T21:21:28Z","/root/revision_residuales","C-2687","data/busquedas_negativas/15_5_15-5-asociacion-integracion-y-transferencia.csv","data/tablas/09/table-43-9-4-1-fichas-comparativas-por-grado-de-integracion.csv","3","genoma del socio comparado con parientes de vida libre","identidad=«Mecanismo: consorcio extracelular con transferencia de electrones — ANME–SRB»; campo=«genoma del socio comparado con parientes de vida libre»; valor=«NO DOCUMENTADO POR LAS C CITADAS EN ESTA FICHA»","0","434","a08bc1a1584b2a31a0da0d84efd1de350abf318b9a2cfa7e0a94e0f34cb0f043","8a33be0a189a42fe8a6c4b14ae5e36aa8df9da89aa312c045c6fd99de3c3f355","d1e8d0a273fc5a24de14fe1b564211f1a9356d22d3b741a6de60f67245df19a4","ExactCooccurrenceIndex.count(nominal_components(nominal_query(fila_residual))); corpus fuente decodificado y normalizado por source_snapshot; resultado literal, no ausencia científica ni adjudicación de revisión."
"BN-459","c3fca92d2da885f3f6f8e051b202db0db0ea2b1cf91a2033e4110c04aaa23d1d","REINSPECCION","2026-09-26T21:21:28Z","/root/revision_residuales","C-2688","data/busquedas_negativas/15_5_15-5-asociacion-integracion-y-transferencia.csv","data/tablas/09/table-43-9-4-1-fichas-comparativas-por-grado-de-integracion.csv","3","EGT al núcleo; importación de proteínas de vuelta","identidad=«Mecanismo: consorcio extracelular con transferencia de electrones — ANME–SRB»; campo=«EGT al núcleo; importación de proteínas de vuelta»; valor=«EGT: NO DOCUMENTADA; importación: NO DOCUMENTADA POR LAS C CITADAS»","0","434","a08bc1a1584b2a31a0da0d84efd1de350abf318b9a2cfa7e0a94e0f34cb0f043","8a33be0a189a42fe8a6c4b14ae5e36aa8df9da89aa312c045c6fd99de3c3f355","d1e8d0a273fc5a24de14fe1b564211f1a9356d22d3b741a6de60f67245df19a4","ExactCooccurrenceIndex.count(nominal_components(nominal_query(fila_residual))); corpus fuente decodificado y normalizado por source_snapshot; resultado literal, no ausencia científica ni adjudicación de revisión."
"BN-460","7acbe9fff956b6a63d0a5c2a52600fb0c6ad3c3bef3a4cb5504badf635b2ff59","REINSPECCION","2026-09-26T21:21:28Z","/root/revision_residuales","C-2689","data/busquedas_negativas/15_5_15-5-asociacion-integracion-y-transferencia.csv","data/tablas/09/table-43-9-4-1-fichas-comparativas-por-grado-de-integracion.csv","3","estado obligado, facultativo o reversible","identidad=«Mecanismo: consorcio extracelular con transferencia de electrones — ANME–SRB»; campo=«estado obligado, facultativo o reversible»; valor=«estado de obligación no resuelto; consorcio extracelular estable»","0","434","a08bc1a1584b2a31a0da0d84efd1de350abf318b9a2cfa7e0a94e0f34cb0f043","8a33be0a189a42fe8a6c4b14ae5e36aa8df9da89aa312c045c6fd99de3c3f355","d1e8d0a273fc5a24de14fe1b564211f1a9356d22d3b741a6de60f67245df19a4","ExactCooccurrenceIndex.count(nominal_components(nominal_query(fila_residual))); corpus fuente decodificado y normalizado por source_snapshot; resultado literal, no ausencia científica ni adjudicación de revisión."
"BN-461","8be9da931d937f398e04b7cfbc51e490afe4d6aabf3155fa6829c72cf5e193a9","REINSPECCION","2026-09-26T21:21:28Z","/root/revision_residuales","C-2691","data/busquedas_negativas/15_5_15-5-asociacion-integracion-y-transferencia.csv","data/tablas/09/table-43-9-4-1-fichas-comparativas-por-grado-de-integracion.csv","4","transmisión","identidad=«Mecanismo: endosimbiosis metabólica — *Pelomyxa*–metanógenos»; campo=«transmisión»; valor=«NO DOCUMENTADA POR LAS C CITADAS EN ESTA FICHA»","0","434","a08bc1a1584b2a31a0da0d84efd1de350abf318b9a2cfa7e0a94e0f34cb0f043","8a33be0a189a42fe8a6c4b14ae5e36aa8df9da89aa312c045c6fd99de3c3f355","d1e8d0a273fc5a24de14fe1b564211f1a9356d22d3b741a6de60f67245df19a4","ExactCooccurrenceIndex.count(nominal_components(nominal_query(fila_residual))); corpus fuente decodificado y normalizado por source_snapshot; resultado literal, no ausencia científica ni adjudicación de revisión."
"BN-462","db0ad481d7bab06260650861407f7435f2d38fcb0c7606791f260cb1ff549ce3","REINSPECCION","2026-09-26T21:21:28Z","/root/revision_residuales","C-2692","data/busquedas_negativas/15_5_15-5-asociacion-integracion-y-transferencia.csv","data/tablas/09/table-43-9-4-1-fichas-comparativas-por-grado-de-integracion.csv","4","genoma del socio comparado con parientes de vida libre","identidad=«Mecanismo: endosimbiosis metabólica — *Pelomyxa*–metanógenos»; campo=«genoma del socio comparado con parientes de vida libre»; valor=«NO DOCUMENTADO POR LAS C CITADAS EN ESTA FICHA»","0","434","a08bc1a1584b2a31a0da0d84efd1de350abf318b9a2cfa7e0a94e0f34cb0f043","8a33be0a189a42fe8a6c4b14ae5e36aa8df9da89aa312c045c6fd99de3c3f355","d1e8d0a273fc5a24de14fe1b564211f1a9356d22d3b741a6de60f67245df19a4","ExactCooccurrenceIndex.count(nominal_components(nominal_query(fila_residual))); corpus fuente decodificado y normalizado por source_snapshot; resultado literal, no ausencia científica ni adjudicación de revisión."
"BN-463","061633318951efbd16077df2dde194c23bc57fe77ba6c001716953a02b3c4e9b","REINSPECCION","2026-09-26T21:21:28Z","/root/revision_residuales","C-2693","data/busquedas_negativas/15_5_15-5-asociacion-integracion-y-transferencia.csv","data/tablas/09/table-43-9-4-1-fichas-comparativas-por-grado-de-integracion.csv","4","EGT al núcleo; importación de proteínas de vuelta","identidad=«Mecanismo: endosimbiosis metabólica — *Pelomyxa*–metanógenos»; campo=«EGT al núcleo; importación de proteínas de vuelta»; valor=«EGT: NO DOCUMENTADA; importación: NO DOCUMENTADA POR LAS C CITADAS»","0","434","a08bc1a1584b2a31a0da0d84efd1de350abf318b9a2cfa7e0a94e0f34cb0f043","8a33be0a189a42fe8a6c4b14ae5e36aa8df9da89aa312c045c6fd99de3c3f355","d1e8d0a273fc5a24de14fe1b564211f1a9356d22d3b741a6de60f67245df19a4","ExactCooccurrenceIndex.count(nominal_components(nominal_query(fila_residual))); corpus fuente decodificado y normalizado por source_snapshot; resultado literal, no ausencia científica ni adjudicación de revisión."
"BN-464","5cccfd0a14dccfa79e0ac1472a3c664d09df3a0a647447835ffc76ab936a55d9","REINSPECCION","2026-09-26T21:21:28Z","/root/revision_residuales","C-2694","data/busquedas_negativas/15_5_15-5-asociacion-integracion-y-transferencia.csv","data/tablas/09/table-43-9-4-1-fichas-comparativas-por-grado-de-integracion.csv","4","estado obligado, facultativo o reversible","identidad=«Mecanismo: endosimbiosis metabólica — *Pelomyxa*–metanógenos»; campo=«estado obligado, facultativo o reversible»; valor=«estado de obligación no resuelto y la identidad del metanógeno de P. palustris no es universal»","0","434","a08bc1a1584b2a31a0da0d84efd1de350abf318b9a2cfa7e0a94e0f34cb0f043","8a33be0a189a42fe8a6c4b14ae5e36aa8df9da89aa312c045c6fd99de3c3f355","d1e8d0a273fc5a24de14fe1b564211f1a9356d22d3b741a6de60f67245df19a4","ExactCooccurrenceIndex.count(nominal_components(nominal_query(fila_residual))); corpus fuente decodificado y normalizado por source_snapshot; resultado literal, no ausencia científica ni adjudicación de revisión."
"BN-465","1fa351b6edf104b04ddc1dd00906800ab2a554cf28f1f3317ebfcb0c1f22844e","REINSPECCION","2026-09-26T21:21:28Z","/root/revision_residuales","C-2695","data/busquedas_negativas/15_5_15-5-asociacion-integracion-y-transferencia.csv","data/tablas/09/table-43-9-4-1-fichas-comparativas-por-grado-de-integracion.csv","5","aporte documentado del hospedador; aporte documentado del socio","identidad=«Mecanismo: adquisiciones múltiples con transmisión variable — ciliados anaerobios–metanógenos»; campo=«aporte documentado del hospedador; aporte documentado del socio»; valor=«Hospedador: hábitat intracelular y H₂; socio: metanogénesis; otros aportes NO DOCUMENTADOS POR LAS C CITADAS.»","0","434","a08bc1a1584b2a31a0da0d84efd1de350abf318b9a2cfa7e0a94e0f34cb0f043","8a33be0a189a42fe8a6c4b14ae5e36aa8df9da89aa312c045c6fd99de3c3f355","d1e8d0a273fc5a24de14fe1b564211f1a9356d22d3b741a6de60f67245df19a4","ExactCooccurrenceIndex.count(nominal_components(nominal_query(fila_residual))); corpus fuente decodificado y normalizado por source_snapshot; resultado literal, no ausencia científica ni adjudicación de revisión."
"BN-466","a99d8557a5f9fc67caa42e32001e9bf23df54ca22f66d374535c475d5deb911d","REINSPECCION","2026-09-26T21:21:28Z","/root/revision_residuales","C-2697","data/busquedas_negativas/15_5_15-5-asociacion-integracion-y-transferencia.csv","data/tablas/09/table-43-9-4-1-fichas-comparativas-por-grado-de-integracion.csv","5","genoma del socio comparado con parientes de vida libre","identidad=«Mecanismo: adquisiciones múltiples con transmisión variable — ciliados anaerobios–metanógenos»; campo=«genoma del socio comparado con parientes de vida libre»; valor=«NO DOCUMENTADO POR LAS C CITADAS EN ESTA FICHA»","0","434","a08bc1a1584b2a31a0da0d84efd1de350abf318b9a2cfa7e0a94e0f34cb0f043","8a33be0a189a42fe8a6c4b14ae5e36aa8df9da89aa312c045c6fd99de3c3f355","d1e8d0a273fc5a24de14fe1b564211f1a9356d22d3b741a6de60f67245df19a4","ExactCooccurrenceIndex.count(nominal_components(nominal_query(fila_residual))); corpus fuente decodificado y normalizado por source_snapshot; resultado literal, no ausencia científica ni adjudicación de revisión."
"BN-467","6610bfa60723b3635a6cd353ffa33c5c07c2aef0b15a500fbcef78eb5dbebc23","REINSPECCION","2026-09-26T21:21:28Z","/root/revision_residuales","C-2698","data/busquedas_negativas/15_5_15-5-asociacion-integracion-y-transferencia.csv","data/tablas/09/table-43-9-4-1-fichas-comparativas-por-grado-de-integracion.csv","5","EGT al núcleo; importación de proteínas de vuelta","identidad=«Mecanismo: adquisiciones múltiples con transmisión variable — ciliados anaerobios–metanógenos»; campo=«EGT al núcleo; importación de proteínas de vuelta»; valor=«EGT: NO DOCUMENTADA; importación: NO DOCUMENTADA POR LAS C CITADAS»","0","434","a08bc1a1584b2a31a0da0d84efd1de350abf318b9a2cfa7e0a94e0f34cb0f043","8a33be0a189a42fe8a6c4b14ae5e36aa8df9da89aa312c045c6fd99de3c3f355","d1e8d0a273fc5a24de14fe1b564211f1a9356d22d3b741a6de60f67245df19a4","ExactCooccurrenceIndex.count(nominal_components(nominal_query(fila_residual))); corpus fuente decodificado y normalizado por source_snapshot; resultado literal, no ausencia científica ni adjudicación de revisión."
"BN-468","454381c56dd0682f0aaf42dc33acafa01ea9ead2d83aeba5592ab4d59102ff40","REINSPECCION","2026-09-26T21:21:28Z","/root/revision_residuales","C-2699","data/busquedas_negativas/15_5_15-5-asociacion-integracion-y-transferencia.csv","data/tablas/09/table-43-9-4-1-fichas-comparativas-por-grado-de-integracion.csv","5","estado obligado, facultativo o reversible","identidad=«Mecanismo: adquisiciones múltiples con transmisión variable — ciliados anaerobios–metanógenos»; campo=«estado obligado, facultativo o reversible»; valor=«depende del linaje; no se clasifica todo el grupo como obligado o facultativo»","0","434","a08bc1a1584b2a31a0da0d84efd1de350abf318b9a2cfa7e0a94e0f34cb0f043","8a33be0a189a42fe8a6c4b14ae5e36aa8df9da89aa312c045c6fd99de3c3f355","d1e8d0a273fc5a24de14fe1b564211f1a9356d22d3b741a6de60f67245df19a4","ExactCooccurrenceIndex.count(nominal_components(nominal_query(fila_residual))); corpus fuente decodificado y normalizado por source_snapshot; resultado literal, no ausencia científica ni adjudicación de revisión."
"BN-469","98d04a1dc35ca3a755b3abbad95b8533db3eb1c620e85a74324cded25428481d","REINSPECCION","2026-09-26T21:21:29Z","/root/revision_residuales","C-2702","data/busquedas_negativas/15_5_15-5-asociacion-integracion-y-transferencia.csv","data/tablas/09/table-43-9-4-1-fichas-comparativas-por-grado-de-integracion.csv","6","transmisión","identidad=«Mecanismo: control hospedador de la división endosimbionte — *Angomonas deanei*–*Kinetoplastibacterium*»; campo=«transmisión»; valor=«división sincronizada con el ciclo celular del hospedador; modo entre generaciones NO DOCUMENTADO EN ESTA FICHA»","0","434","a08bc1a1584b2a31a0da0d84efd1de350abf318b9a2cfa7e0a94e0f34cb0f043","8a33be0a189a42fe8a6c4b14ae5e36aa8df9da89aa312c045c6fd99de3c3f355","d1e8d0a273fc5a24de14fe1b564211f1a9356d22d3b741a6de60f67245df19a4","ExactCooccurrenceIndex.count(nominal_components(nominal_query(fila_residual))); corpus fuente decodificado y normalizado por source_snapshot; resultado literal, no ausencia científica ni adjudicación de revisión."
"BN-470","8d377154ca27cbd9f7b5eb3ab59518fe430e241b0cace3087cdd2341695746a0","REINSPECCION","2026-09-26T21:21:29Z","/root/revision_residuales","C-2704","data/busquedas_negativas/15_5_15-5-asociacion-integracion-y-transferencia.csv","data/tablas/09/table-43-9-4-1-fichas-comparativas-por-grado-de-integracion.csv","6","estado obligado, facultativo o reversible","identidad=«Mecanismo: control hospedador de la división endosimbionte — *Angomonas deanei*–*Kinetoplastibacterium*»; campo=«estado obligado, facultativo o reversible»; valor=«dependencia integrada; reversibilidad NO DOCUMENTADA»","0","434","a08bc1a1584b2a31a0da0d84efd1de350abf318b9a2cfa7e0a94e0f34cb0f043","8a33be0a189a42fe8a6c4b14ae5e36aa8df9da89aa312c045c6fd99de3c3f355","d1e8d0a273fc5a24de14fe1b564211f1a9356d22d3b741a6de60f67245df19a4","ExactCooccurrenceIndex.count(nominal_components(nominal_query(fila_residual))); corpus fuente decodificado y normalizado por source_snapshot; resultado literal, no ausencia científica ni adjudicación de revisión."
"BN-471","1bebc11c0586b661aaec8b63040465df0ff24375aa474cf07bed0278f95a3094","REINSPECCION","2026-09-26T21:21:29Z","/root/revision_residuales","C-2705","data/busquedas_negativas/15_5_15-5-asociacion-integracion-y-transferencia.csv","data/tablas/09/table-43-9-4-1-fichas-comparativas-por-grado-de-integracion.csv","7","aporte documentado del hospedador; aporte documentado del socio","identidad=«Mecanismo: endosimbiosis eucariota obligada — *Paramoeba*–*Perkinsela*»; campo=«aporte documentado del hospedador; aporte documentado del socio»; valor=«Hospedador: citoplasma y metabolitos; socio: rutas complementarias dentro de una interdependencia metabólica.»","0","434","a08bc1a1584b2a31a0da0d84efd1de350abf318b9a2cfa7e0a94e0f34cb0f043","8a33be0a189a42fe8a6c4b14ae5e36aa8df9da89aa312c045c6fd99de3c3f355","d1e8d0a273fc5a24de14fe1b564211f1a9356d22d3b741a6de60f67245df19a4","ExactCooccurrenceIndex.count(nominal_components(nominal_query(fila_residual))); corpus fuente decodificado y normalizado por source_snapshot; resultado literal, no ausencia científica ni adjudicación de revisión."
"BN-472","ee34a8f4b8ad58bd0a850a73a5e9b94f373145d2b33d619d6da7371df65e5775","REINSPECCION","2026-09-26T21:21:29Z","/root/revision_residuales","C-2707","data/busquedas_negativas/15_5_15-5-asociacion-integracion-y-transferencia.csv","data/tablas/09/table-43-9-4-1-fichas-comparativas-por-grado-de-integracion.csv","7","transmisión","identidad=«Mecanismo: endosimbiosis eucariota obligada — *Paramoeba*–*Perkinsela*»; campo=«transmisión»; valor=«NO DOCUMENTADA POR LAS C CITADAS EN ESTA FICHA»","0","434","a08bc1a1584b2a31a0da0d84efd1de350abf318b9a2cfa7e0a94e0f34cb0f043","8a33be0a189a42fe8a6c4b14ae5e36aa8df9da89aa312c045c6fd99de3c3f355","d1e8d0a273fc5a24de14fe1b564211f1a9356d22d3b741a6de60f67245df19a4","ExactCooccurrenceIndex.count(nominal_components(nominal_query(fila_residual))); corpus fuente decodificado y normalizado por source_snapshot; resultado literal, no ausencia científica ni adjudicación de revisión."
"BN-473","e9b2d35c87586ae18d7709d954e21ace4734669684b83bd3b30ce391c0a96c1c","REINSPECCION","2026-09-26T21:21:29Z","/root/revision_residuales","C-2708","data/busquedas_negativas/15_5_15-5-asociacion-integracion-y-transferencia.csv","data/tablas/09/table-43-9-4-1-fichas-comparativas-por-grado-de-integracion.csv","7","genoma del socio comparado con parientes de vida libre","identidad=«Mecanismo: endosimbiosis eucariota obligada — *Paramoeba*–*Perkinsela*»; campo=«genoma del socio comparado con parientes de vida libre»; valor=«núcleo aprox. 9,5 Mb; mitocondria conserva 6 genes proteicos; comparación con pariente libre NO LOCALIZADA»","0","434","a08bc1a1584b2a31a0da0d84efd1de350abf318b9a2cfa7e0a94e0f34cb0f043","8a33be0a189a42fe8a6c4b14ae5e36aa8df9da89aa312c045c6fd99de3c3f355","d1e8d0a273fc5a24de14fe1b564211f1a9356d22d3b741a6de60f67245df19a4","ExactCooccurrenceIndex.count(nominal_components(nominal_query(fila_residual))); corpus fuente decodificado y normalizado por source_snapshot; resultado literal, no ausencia científica ni adjudicación de revisión."
"BN-474","ed6c38a3f885931e4fb410de216846c58cb53c1b4f3a45ba7c2821d97318cccc","REINSPECCION","2026-09-26T21:21:29Z","/root/revision_residuales","C-2709","data/busquedas_negativas/15_5_15-5-asociacion-integracion-y-transferencia.csv","data/tablas/09/table-43-9-4-1-fichas-comparativas-por-grado-de-integracion.csv","7","EGT al núcleo; importación de proteínas de vuelta","identidad=«Mecanismo: endosimbiosis eucariota obligada — *Paramoeba*–*Perkinsela*»; campo=«EGT al núcleo; importación de proteínas de vuelta»; valor=«EGT: NO DOCUMENTADA; importación de vuelta: NO DOCUMENTADA; Perkinsela incorpora material citoplasmático del hospedador»","0","434","a08bc1a1584b2a31a0da0d84efd1de350abf318b9a2cfa7e0a94e0f34cb0f043","8a33be0a189a42fe8a6c4b14ae5e36aa8df9da89aa312c045c6fd99de3c3f355","d1e8d0a273fc5a24de14fe1b564211f1a9356d22d3b741a6de60f67245df19a4","ExactCooccurrenceIndex.count(nominal_components(nominal_query(fila_residual))); corpus fuente decodificado y normalizado por source_snapshot; resultado literal, no ausencia científica ni adjudicación de revisión."
"BN-475","d44a0e8a4afd7c1d75984ea0958be1cfb701dcf6789c56cbc334cd770b2d37f4","REINSPECCION","2026-09-26T21:21:29Z","/root/revision_residuales","C-2710","data/busquedas_negativas/15_5_15-5-asociacion-integracion-y-transferencia.csv","data/tablas/09/table-43-9-4-1-fichas-comparativas-por-grado-de-integracion.csv","8","estado obligado, facultativo o reversible","identidad=«Mecanismo: orgánulo fotosintético con EGT e importación — *Paulinella chromatophora*–cromatóforo»; campo=«estado obligado, facultativo o reversible»; valor=«integración funcional heredada; reversibilidad NO DOCUMENTADA»","0","434","a08bc1a1584b2a31a0da0d84efd1de350abf318b9a2cfa7e0a94e0f34cb0f043","8a33be0a189a42fe8a6c4b14ae5e36aa8df9da89aa312c045c6fd99de3c3f355","d1e8d0a273fc5a24de14fe1b564211f1a9356d22d3b741a6de60f67245df19a4","ExactCooccurrenceIndex.count(nominal_components(nominal_query(fila_residual))); corpus fuente decodificado y normalizado por source_snapshot; resultado literal, no ausencia científica ni adjudicación de revisión."
"BN-476","49fae2daa4927de410c2cb1761091bf0ebfeabe4ef618556dfdf9884257e04d2","REINSPECCION","2026-09-26T21:21:30Z","/root/revision_residuales","C-2711","data/busquedas_negativas/15_5_15-5-asociacion-integracion-y-transferencia.csv","data/tablas/09/table-43-9-4-1-fichas-comparativas-por-grado-de-integracion.csv","9","transmisión","identidad=«Mecanismo: orgánulo fijador de nitrógeno propuesto — *Braarudosphaera bigelowii*–UCYN-A»; campo=«transmisión»; valor=«división coordinada con el ciclo celular; modo entre generaciones NO DOCUMENTADO EN ESTA FICHA»","0","434","a08bc1a1584b2a31a0da0d84efd1de350abf318b9a2cfa7e0a94e0f34cb0f043","8a33be0a189a42fe8a6c4b14ae5e36aa8df9da89aa312c045c6fd99de3c3f355","d1e8d0a273fc5a24de14fe1b564211f1a9356d22d3b741a6de60f67245df19a4","ExactCooccurrenceIndex.count(nominal_components(nominal_query(fila_residual))); corpus fuente decodificado y normalizado por source_snapshot; resultado literal, no ausencia científica ni adjudicación de revisión."
"BN-477","de41cb1efaa7ee220aa4cc8fd453d694a654e4f80d0abc33b167a279b0eac935","REINSPECCION","2026-09-26T21:21:30Z","/root/revision_residuales","C-2712","data/busquedas_negativas/15_5_15-5-asociacion-integracion-y-transferencia.csv","data/tablas/09/table-43-9-4-1-fichas-comparativas-por-grado-de-integracion.csv","9","genoma del socio comparado con parientes de vida libre","identidad=«Mecanismo: orgánulo fijador de nitrógeno propuesto — *Braarudosphaera bigelowii*–UCYN-A»; campo=«genoma del socio comparado con parientes de vida libre»; valor=«NO DOCUMENTADO POR LAS C CITADAS EN ESTA FICHA»","0","434","a08bc1a1584b2a31a0da0d84efd1de350abf318b9a2cfa7e0a94e0f34cb0f043","8a33be0a189a42fe8a6c4b14ae5e36aa8df9da89aa312c045c6fd99de3c3f355","d1e8d0a273fc5a24de14fe1b564211f1a9356d22d3b741a6de60f67245df19a4","ExactCooccurrenceIndex.count(nominal_components(nominal_query(fila_residual))); corpus fuente decodificado y normalizado por source_snapshot; resultado literal, no ausencia científica ni adjudicación de revisión."
"BN-478","16d8f29778580dce7a7cf370ab5293ceba818b3d68f27a46a9416d114bf6bd98","REINSPECCION","2026-09-26T21:21:30Z","/root/revision_residuales","C-2713","data/busquedas_negativas/15_5_15-5-asociacion-integracion-y-transferencia.csv","data/tablas/09/table-43-9-4-1-fichas-comparativas-por-grado-de-integracion.csv","9","EGT al núcleo; importación de proteínas de vuelta","identidad=«Mecanismo: orgánulo fijador de nitrógeno propuesto — *Braarudosphaera bigelowii*–UCYN-A»; campo=«EGT al núcleo; importación de proteínas de vuelta»; valor=«EGT: NO DEMOSTRADA POR LAS FUENTES RECUPERADAS; importación: proteínas nucleares dirigidas a UCYN-A»","0","434","a08bc1a1584b2a31a0da0d84efd1de350abf318b9a2cfa7e0a94e0f34cb0f043","8a33be0a189a42fe8a6c4b14ae5e36aa8df9da89aa312c045c6fd99de3c3f355","d1e8d0a273fc5a24de14fe1b564211f1a9356d22d3b741a6de60f67245df19a4","ExactCooccurrenceIndex.count(nominal_components(nominal_query(fila_residual))); corpus fuente decodificado y normalizado por source_snapshot; resultado literal, no ausencia científica ni adjudicación de revisión."
"BN-479","a3a72159231f12eb5230a693d4dc8aeee8df03e6918cfc310660ab132c3b10fa","REINSPECCION","2026-09-26T21:21:30Z","/root/revision_residuales","C-2714","data/busquedas_negativas/15_5_15-5-asociacion-integracion-y-transferencia.csv","data/tablas/09/table-43-9-4-1-fichas-comparativas-por-grado-de-integracion.csv","9","estado obligado, facultativo o reversible","identidad=«Mecanismo: orgánulo fijador de nitrógeno propuesto — *Braarudosphaera bigelowii*–UCYN-A»; campo=«estado obligado, facultativo o reversible»; valor=«orgánulo propuesto; obligación y reversibilidad NO CLASIFICADAS POR LAS C CITADAS»","0","434","a08bc1a1584b2a31a0da0d84efd1de350abf318b9a2cfa7e0a94e0f34cb0f043","8a33be0a189a42fe8a6c4b14ae5e36aa8df9da89aa312c045c6fd99de3c3f355","d1e8d0a273fc5a24de14fe1b564211f1a9356d22d3b741a6de60f67245df19a4","ExactCooccurrenceIndex.count(nominal_components(nominal_query(fila_residual))); corpus fuente decodificado y normalizado por source_snapshot; resultado literal, no ausencia científica ni adjudicación de revisión."
"BN-480","eddebebf9e13e36182f6716e0dd3eca73233bea334d1af2a1092c3b1c172e9dd","REINSPECCION","2026-09-26T21:21:30Z","/root/revision_residuales","C-2715","data/busquedas_negativas/15_5_15-5-asociacion-integracion-y-transferencia.csv","data/tablas/09/table-43-9-4-1-fichas-comparativas-por-grado-de-integracion.csv","10","aporte documentado del hospedador; aporte documentado del socio","identidad=«Mecanismo: transmisión vertical incompleta con readquisición — *Hatena arenicola*–*Nephroselmis*»; campo=«aporte documentado del hospedador; aporte documentado del socio»; valor=«Hospedador: aparato de alimentación y captura; socio: fotosíntesis y remodelación intracelular.»","0","434","a08bc1a1584b2a31a0da0d84efd1de350abf318b9a2cfa7e0a94e0f34cb0f043","8a33be0a189a42fe8a6c4b14ae5e36aa8df9da89aa312c045c6fd99de3c3f355","d1e8d0a273fc5a24de14fe1b564211f1a9356d22d3b741a6de60f67245df19a4","ExactCooccurrenceIndex.count(nominal_components(nominal_query(fila_residual))); corpus fuente decodificado y normalizado por source_snapshot; resultado literal, no ausencia científica ni adjudicación de revisión."
"BN-481","9f4704a9b252979d1986ab1f26fa9b0fdb4e5971cec8f6cd5bfa3ab13bee52ae","REINSPECCION","2026-09-26T21:21:30Z","/root/revision_residuales","C-2717","data/busquedas_negativas/15_5_15-5-asociacion-integracion-y-transferencia.csv","data/tablas/09/table-43-9-4-1-fichas-comparativas-por-grado-de-integracion.csv","10","genoma del socio comparado con parientes de vida libre","identidad=«Mecanismo: transmisión vertical incompleta con readquisición — *Hatena arenicola*–*Nephroselmis*»; campo=«genoma del socio comparado con parientes de vida libre»; valor=«NO DOCUMENTADO POR LAS C CITADAS EN ESTA FICHA»","0","434","a08bc1a1584b2a31a0da0d84efd1de350abf318b9a2cfa7e0a94e0f34cb0f043","8a33be0a189a42fe8a6c4b14ae5e36aa8df9da89aa312c045c6fd99de3c3f355","d1e8d0a273fc5a24de14fe1b564211f1a9356d22d3b741a6de60f67245df19a4","ExactCooccurrenceIndex.count(nominal_components(nominal_query(fila_residual))); corpus fuente decodificado y normalizado por source_snapshot; resultado literal, no ausencia científica ni adjudicación de revisión."
"BN-482","60a00cb0ee0bec2df3662b89570b5c2e233ed8d0e80c937a5ad3c095c9ba5bd1","REINSPECCION","2026-09-26T21:21:30Z","/root/revision_residuales","C-2718","data/busquedas_negativas/15_5_15-5-asociacion-integracion-y-transferencia.csv","data/tablas/09/table-43-9-4-1-fichas-comparativas-por-grado-de-integracion.csv","10","EGT al núcleo; importación de proteínas de vuelta","identidad=«Mecanismo: transmisión vertical incompleta con readquisición — *Hatena arenicola*–*Nephroselmis*»; campo=«EGT al núcleo; importación de proteínas de vuelta»; valor=«EGT: 30 candidatos en informe de proyecto sin validación funcional publicada; importación: NO DOCUMENTADA»","0","434","a08bc1a1584b2a31a0da0d84efd1de350abf318b9a2cfa7e0a94e0f34cb0f043","8a33be0a189a42fe8a6c4b14ae5e36aa8df9da89aa312c045c6fd99de3c3f355","d1e8d0a273fc5a24de14fe1b564211f1a9356d22d3b741a6de60f67245df19a4","ExactCooccurrenceIndex.count(nominal_components(nominal_query(fila_residual))); corpus fuente decodificado y normalizado por source_snapshot; resultado literal, no ausencia científica ni adjudicación de revisión."
"BN-483","2da53bb1d44895ab46c073dffa4b74a29867f51b8ee41fab53d7ee9abe3e7343","REINSPECCION","2026-09-26T21:21:30Z","/root/revision_residuales","C-2719","data/busquedas_negativas/15_5_15-5-asociacion-integracion-y-transferencia.csv","data/tablas/09/table-43-9-4-1-fichas-comparativas-por-grado-de-integracion.csv","11","aporte documentado del hospedador; aporte documentado del socio","identidad=«Mecanismo: cuerpo esferoidal fijador de nitrógeno tras pérdida fotosintética — *Rhopalodia*/*Epithemia*»; campo=«aporte documentado del hospedador; aporte documentado del socio»; valor=«Hospedador: ambiente y metabolitos NO DESGLOSADOS EN ESTA FICHA; socio: fijación de nitrógeno.»","0","434","a08bc1a1584b2a31a0da0d84efd1de350abf318b9a2cfa7e0a94e0f34cb0f043","8a33be0a189a42fe8a6c4b14ae5e36aa8df9da89aa312c045c6fd99de3c3f355","d1e8d0a273fc5a24de14fe1b564211f1a9356d22d3b741a6de60f67245df19a4","ExactCooccurrenceIndex.count(nominal_components(nominal_query(fila_residual))); corpus fuente decodificado y normalizado por source_snapshot; resultado literal, no ausencia científica ni adjudicación de revisión."
"BN-484","1bf3edf2177dabfbe67455f4a105037db516fdf9a13ef87517dcfc7344fe49b7","REINSPECCION","2026-09-26T21:21:30Z","/root/revision_residuales","C-2720","data/busquedas_negativas/15_5_15-5-asociacion-integracion-y-transferencia.csv","data/tablas/09/table-43-9-4-1-fichas-comparativas-por-grado-de-integracion.csv","11","transmisión","identidad=«Mecanismo: cuerpo esferoidal fijador de nitrógeno tras pérdida fotosintética — *Rhopalodia*/*Epithemia*»; campo=«transmisión»; valor=«NO DOCUMENTADA POR LAS C CITADAS EN ESTA FICHA»","0","434","a08bc1a1584b2a31a0da0d84efd1de350abf318b9a2cfa7e0a94e0f34cb0f043","8a33be0a189a42fe8a6c4b14ae5e36aa8df9da89aa312c045c6fd99de3c3f355","d1e8d0a273fc5a24de14fe1b564211f1a9356d22d3b741a6de60f67245df19a4","ExactCooccurrenceIndex.count(nominal_components(nominal_query(fila_residual))); corpus fuente decodificado y normalizado por source_snapshot; resultado literal, no ausencia científica ni adjudicación de revisión."
"BN-485","c121854fa72705c50572ee94df3f8f5476550e7c6f63f34cfa3b296d35c9efcd","REINSPECCION","2026-09-26T21:21:30Z","/root/revision_residuales","C-2721","data/busquedas_negativas/15_5_15-5-asociacion-integracion-y-transferencia.csv","data/tablas/09/table-43-9-4-1-fichas-comparativas-por-grado-de-integracion.csv","11","genoma del socio comparado con parientes de vida libre","identidad=«Mecanismo: cuerpo esferoidal fijador de nitrógeno tras pérdida fotosintética — *Rhopalodia*/*Epithemia*»; campo=«genoma del socio comparado con parientes de vida libre»; valor=«genoma cianobacteriano reducido y no fotosintético; comparación cuantitativa con pariente libre NO LOCALIZADA»","0","434","a08bc1a1584b2a31a0da0d84efd1de350abf318b9a2cfa7e0a94e0f34cb0f043","8a33be0a189a42fe8a6c4b14ae5e36aa8df9da89aa312c045c6fd99de3c3f355","d1e8d0a273fc5a24de14fe1b564211f1a9356d22d3b741a6de60f67245df19a4","ExactCooccurrenceIndex.count(nominal_components(nominal_query(fila_residual))); corpus fuente decodificado y normalizado por source_snapshot; resultado literal, no ausencia científica ni adjudicación de revisión."
"BN-486","419c37e412360510be502bfdcf23fd3274a82e8b7e41ec36a8860effe7add97f","REINSPECCION","2026-09-26T21:21:30Z","/root/revision_residuales","C-2722","data/busquedas_negativas/15_5_15-5-asociacion-integracion-y-transferencia.csv","data/tablas/09/table-43-9-4-1-fichas-comparativas-por-grado-de-integracion.csv","11","EGT al núcleo; importación de proteínas de vuelta","identidad=«Mecanismo: cuerpo esferoidal fijador de nitrógeno tras pérdida fotosintética — *Rhopalodia*/*Epithemia*»; campo=«EGT al núcleo; importación de proteínas de vuelta»; valor=«EGT: transferencias detectadas no funcionales en Epithemia; importación: NO DOCUMENTADA»","0","434","a08bc1a1584b2a31a0da0d84efd1de350abf318b9a2cfa7e0a94e0f34cb0f043","8a33be0a189a42fe8a6c4b14ae5e36aa8df9da89aa312c045c6fd99de3c3f355","d1e8d0a273fc5a24de14fe1b564211f1a9356d22d3b741a6de60f67245df19a4","ExactCooccurrenceIndex.count(nominal_components(nominal_query(fila_residual))); corpus fuente decodificado y normalizado por source_snapshot; resultado literal, no ausencia científica ni adjudicación de revisión."
"BN-487","40b74bebe26a5308b4b140813b924543c5754728f09d801173dd7083825c8242","REINSPECCION","2026-09-26T21:21:30Z","/root/revision_residuales","C-2723","data/busquedas_negativas/15_5_15-5-asociacion-integracion-y-transferencia.csv","data/tablas/09/table-43-9-4-1-fichas-comparativas-por-grado-de-integracion.csv","11","estado obligado, facultativo o reversible","identidad=«Mecanismo: cuerpo esferoidal fijador de nitrógeno tras pérdida fotosintética — *Rhopalodia*/*Epithemia*»; campo=«estado obligado, facultativo o reversible»; valor=«especializada; obligación o reversibilidad NO CLASIFICADAS POR LAS C CITADAS»","0","434","a08bc1a1584b2a31a0da0d84efd1de350abf318b9a2cfa7e0a94e0f34cb0f043","8a33be0a189a42fe8a6c4b14ae5e36aa8df9da89aa312c045c6fd99de3c3f355","d1e8d0a273fc5a24de14fe1b564211f1a9356d22d3b741a6de60f67245df19a4","ExactCooccurrenceIndex.count(nominal_components(nominal_query(fila_residual))); corpus fuente decodificado y normalizado por source_snapshot; resultado literal, no ausencia científica ni adjudicación de revisión."
"BN-488","b27ef0280b374a0397cbfa4509b44e2faaa7dde77e37bcebed0f66d27a7bd27d","REINSPECCION","2026-09-26T21:21:31Z","/root/revision_residuales","C-2724","data/busquedas_negativas/15_5_15-5-asociacion-integracion-y-transferencia.csv","data/tablas/09/table-43-9-4-1-fichas-comparativas-por-grado-de-integracion.csv","12","aporte documentado del hospedador; aporte documentado del socio","identidad=«Mecanismo: adquisición trófica reiterada de orgánulos y núcleo — *Mesodinium rubrum*–criptófita»; campo=«aporte documentado del hospedador; aporte documentado del socio»; valor=«Hospedador: captura y mantenimiento; socio: plastos, mitocondrias, nucleomorfos y núcleos secuestrados.»","0","434","a08bc1a1584b2a31a0da0d84efd1de350abf318b9a2cfa7e0a94e0f34cb0f043","8a33be0a189a42fe8a6c4b14ae5e36aa8df9da89aa312c045c6fd99de3c3f355","d1e8d0a273fc5a24de14fe1b564211f1a9356d22d3b741a6de60f67245df19a4","ExactCooccurrenceIndex.count(nominal_components(nominal_query(fila_residual))); corpus fuente decodificado y normalizado por source_snapshot; resultado literal, no ausencia científica ni adjudicación de revisión."
"BN-489","1747dee9b260a0233f8ee1d86aaf2e0869e0bbaedb36af81e53646f72614c3c2","REINSPECCION","2026-09-26T21:21:31Z","/root/revision_residuales","C-2726","data/busquedas_negativas/15_5_15-5-asociacion-integracion-y-transferencia.csv","data/tablas/09/table-43-9-4-1-fichas-comparativas-por-grado-de-integracion.csv","12","genoma del socio comparado con parientes de vida libre","identidad=«Mecanismo: adquisición trófica reiterada de orgánulos y núcleo — *Mesodinium rubrum*–criptófita»; campo=«genoma del socio comparado con parientes de vida libre»; valor=«orgánulos y núcleo retenidos; comparación con parientes libres NO LOCALIZADA»","0","434","a08bc1a1584b2a31a0da0d84efd1de350abf318b9a2cfa7e0a94e0f34cb0f043","8a33be0a189a42fe8a6c4b14ae5e36aa8df9da89aa312c045c6fd99de3c3f355","d1e8d0a273fc5a24de14fe1b564211f1a9356d22d3b741a6de60f67245df19a4","ExactCooccurrenceIndex.count(nominal_components(nominal_query(fila_residual))); corpus fuente decodificado y normalizado por source_snapshot; resultado literal, no ausencia científica ni adjudicación de revisión."
"BN-490","5d4de55f8d251e0c904e19962d46b8d08523982f22104256a456417a6e827720","REINSPECCION","2026-09-26T21:21:31Z","/root/revision_residuales","C-2727","data/busquedas_negativas/15_5_15-5-asociacion-integracion-y-transferencia.csv","data/tablas/09/table-43-9-4-1-fichas-comparativas-por-grado-de-integracion.csv","12","EGT al núcleo; importación de proteínas de vuelta","identidad=«Mecanismo: adquisición trófica reiterada de orgánulos y núcleo — *Mesodinium rubrum*–criptófita»; campo=«EGT al núcleo; importación de proteínas de vuelta»; valor=«EGT: NO DOCUMENTADA; importación: NO DOCUMENTADA POR LAS C CITADAS»","0","434","a08bc1a1584b2a31a0da0d84efd1de350abf318b9a2cfa7e0a94e0f34cb0f043","8a33be0a189a42fe8a6c4b14ae5e36aa8df9da89aa312c045c6fd99de3c3f355","d1e8d0a273fc5a24de14fe1b564211f1a9356d22d3b741a6de60f67245df19a4","ExactCooccurrenceIndex.count(nominal_components(nominal_query(fila_residual))); corpus fuente decodificado y normalizado por source_snapshot; resultado literal, no ausencia científica ni adjudicación de revisión."
"BN-491","642c55a747aa00603fdcd11fbe7b67e20963510526e20b891718171e1729aff0","REINSPECCION","2026-09-26T21:21:31Z","/root/revision_residuales","C-2729","data/busquedas_negativas/15_5_15-5-asociacion-integracion-y-transferencia.csv","data/tablas/09/table-43-9-4-1-fichas-comparativas-por-grado-de-integracion.csv","13","genoma del socio comparado con parientes de vida libre","identidad=«Mecanismo: kleptoplastia vía presa intermediaria — *Dinophysis*–plastos criptófitos»; campo=«genoma del socio comparado con parientes de vida libre»; valor=«NO DOCUMENTADO POR LAS C CITADAS EN ESTA FICHA»","0","434","a08bc1a1584b2a31a0da0d84efd1de350abf318b9a2cfa7e0a94e0f34cb0f043","8a33be0a189a42fe8a6c4b14ae5e36aa8df9da89aa312c045c6fd99de3c3f355","d1e8d0a273fc5a24de14fe1b564211f1a9356d22d3b741a6de60f67245df19a4","ExactCooccurrenceIndex.count(nominal_components(nominal_query(fila_residual))); corpus fuente decodificado y normalizado por source_snapshot; resultado literal, no ausencia científica ni adjudicación de revisión."
"BN-492","de23148bf79a4cfc4ec2a3b6246f7e7a3d6b2dc08d92c27b6da3b3cb86a5ff1d","REINSPECCION","2026-09-26T21:21:31Z","/root/revision_residuales","C-2730","data/busquedas_negativas/15_5_15-5-asociacion-integracion-y-transferencia.csv","data/tablas/09/table-43-9-4-1-fichas-comparativas-por-grado-de-integracion.csv","13","EGT al núcleo; importación de proteínas de vuelta","identidad=«Mecanismo: kleptoplastia vía presa intermediaria — *Dinophysis*–plastos criptófitos»; campo=«EGT al núcleo; importación de proteínas de vuelta»; valor=«EGT: NO DOCUMENTADA; importación: NO DOCUMENTADA POR LAS C CITADAS»","0","434","a08bc1a1584b2a31a0da0d84efd1de350abf318b9a2cfa7e0a94e0f34cb0f043","8a33be0a189a42fe8a6c4b14ae5e36aa8df9da89aa312c045c6fd99de3c3f355","d1e8d0a273fc5a24de14fe1b564211f1a9356d22d3b741a6de60f67245df19a4","ExactCooccurrenceIndex.count(nominal_components(nominal_query(fila_residual))); corpus fuente decodificado y normalizado por source_snapshot; resultado literal, no ausencia científica ni adjudicación de revisión."
"BN-493","3303d109fb9a88cca40ff82b37706970f01e0f58cd8b21d78eddb6f0d506cbfc","REINSPECCION","2026-09-26T21:21:31Z","/root/revision_residuales","C-2731","data/busquedas_negativas/15_5_15-5-asociacion-integracion-y-transferencia.csv","data/tablas/09/table-43-9-4-1-fichas-comparativas-por-grado-de-integracion.csv","13","estado obligado, facultativo o reversible","identidad=«Mecanismo: kleptoplastia vía presa intermediaria — *Dinophysis*–plastos criptófitos»; campo=«estado obligado, facultativo o reversible»; valor=«reversible por reposición trófica; no asociación heredada demostrada»","0","434","a08bc1a1584b2a31a0da0d84efd1de350abf318b9a2cfa7e0a94e0f34cb0f043","8a33be0a189a42fe8a6c4b14ae5e36aa8df9da89aa312c045c6fd99de3c3f355","d1e8d0a273fc5a24de14fe1b564211f1a9356d22d3b741a6de60f67245df19a4","ExactCooccurrenceIndex.count(nominal_components(nominal_query(fila_residual))); corpus fuente decodificado y normalizado por source_snapshot; resultado literal, no ausencia científica ni adjudicación de revisión."
"BN-494","cf221454cecf32c91458ae030013db2a16d839efc834c6c82024f8574b6435a0","REINSPECCION","2026-09-26T21:21:31Z","/root/revision_residuales","C-2733","data/busquedas_negativas/15_5_15-5-asociacion-integracion-y-transferencia.csv","data/tablas/09/table-43-9-4-1-fichas-comparativas-por-grado-de-integracion.csv","14","genoma del socio comparado con parientes de vida libre","identidad=«Mecanismo: kleptoplastia animal sin HGT nuclear extensa — *Elysia*/*Plakobranchus*–plastos»; campo=«genoma del socio comparado con parientes de vida libre»; valor=«NO DOCUMENTADO POR LAS C CITADAS EN ESTA FICHA»","0","434","a08bc1a1584b2a31a0da0d84efd1de350abf318b9a2cfa7e0a94e0f34cb0f043","8a33be0a189a42fe8a6c4b14ae5e36aa8df9da89aa312c045c6fd99de3c3f355","d1e8d0a273fc5a24de14fe1b564211f1a9356d22d3b741a6de60f67245df19a4","ExactCooccurrenceIndex.count(nominal_components(nominal_query(fila_residual))); corpus fuente decodificado y normalizado por source_snapshot; resultado literal, no ausencia científica ni adjudicación de revisión."
"BN-495","cb5cd14fb2a69497d0f4f1c49a0a8bdaf23b215f5b31f541fced54f01be9ff80","REINSPECCION","2026-09-26T21:21:31Z","/root/revision_residuales","C-2734","data/busquedas_negativas/15_5_15-5-asociacion-integracion-y-transferencia.csv","data/tablas/09/table-43-9-4-1-fichas-comparativas-por-grado-de-integracion.csv","14","EGT al núcleo; importación de proteínas de vuelta","identidad=«Mecanismo: kleptoplastia animal sin HGT nuclear extensa — *Elysia*/*Plakobranchus*–plastos»; campo=«EGT al núcleo; importación de proteínas de vuelta»; valor=«EGT: sin HGT nuclear extensa demostrada en los genomas examinados; importación: NO DOCUMENTADA»","0","434","a08bc1a1584b2a31a0da0d84efd1de350abf318b9a2cfa7e0a94e0f34cb0f043","8a33be0a189a42fe8a6c4b14ae5e36aa8df9da89aa312c045c6fd99de3c3f355","d1e8d0a273fc5a24de14fe1b564211f1a9356d22d3b741a6de60f67245df19a4","ExactCooccurrenceIndex.count(nominal_components(nominal_query(fila_residual))); corpus fuente decodificado y normalizado por source_snapshot; resultado literal, no ausencia científica ni adjudicación de revisión."
"BN-496","b3c5b75576f2f6985debcd6297ff412561cfd53e7bba212809c0e17fd952b392","REINSPECCION","2026-09-26T21:21:31Z","/root/revision_residuales","C-2735","data/busquedas_negativas/15_5_15-5-asociacion-integracion-y-transferencia.csv","data/tablas/09/table-43-9-4-1-fichas-comparativas-por-grado-de-integracion.csv","15","aporte documentado del hospedador; aporte documentado del socio","identidad=«Mecanismo: endosimbiosis secundaria con núcleo reducido retenido — criptófitos/cloraracniófitos–nucleomorfo»; campo=«aporte documentado del hospedador; aporte documentado del socio»; valor=«Hospedador: compartimentalización y mantenimiento; socio: genoma nucleomórfico reducido.»","0","434","a08bc1a1584b2a31a0da0d84efd1de350abf318b9a2cfa7e0a94e0f34cb0f043","8a33be0a189a42fe8a6c4b14ae5e36aa8df9da89aa312c045c6fd99de3c3f355","d1e8d0a273fc5a24de14fe1b564211f1a9356d22d3b741a6de60f67245df19a4","ExactCooccurrenceIndex.count(nominal_components(nominal_query(fila_residual))); corpus fuente decodificado y normalizado por source_snapshot; resultado literal, no ausencia científica ni adjudicación de revisión."
"BN-497","c0bb8b0e180659ecceeb96e13468b43b90feaeb01227af6e3822650e46c000ad","REINSPECCION","2026-09-26T21:21:31Z","/root/revision_residuales","C-2737","data/busquedas_negativas/15_5_15-5-asociacion-integracion-y-transferencia.csv","data/tablas/09/table-43-9-4-1-fichas-comparativas-por-grado-de-integracion.csv","15","transmisión","identidad=«Mecanismo: endosimbiosis secundaria con núcleo reducido retenido — criptófitos/cloraracniófitos–nucleomorfo»; campo=«transmisión»; valor=«NO DOCUMENTADA POR LAS C CITADAS EN ESTA FICHA»","0","434","a08bc1a1584b2a31a0da0d84efd1de350abf318b9a2cfa7e0a94e0f34cb0f043","8a33be0a189a42fe8a6c4b14ae5e36aa8df9da89aa312c045c6fd99de3c3f355","d1e8d0a273fc5a24de14fe1b564211f1a9356d22d3b741a6de60f67245df19a4","ExactCooccurrenceIndex.count(nominal_components(nominal_query(fila_residual))); corpus fuente decodificado y normalizado por source_snapshot; resultado literal, no ausencia científica ni adjudicación de revisión."
"BN-498","3843762a0f7b89e101f1cac5c86a775682cbfc9b00e72085ae3c035abe7c5317","REINSPECCION","2026-09-26T21:21:31Z","/root/revision_residuales","C-2738","data/busquedas_negativas/15_5_15-5-asociacion-integracion-y-transferencia.csv","data/tablas/09/table-43-9-4-1-fichas-comparativas-por-grado-de-integracion.csv","15","genoma del socio comparado con parientes de vida libre","identidad=«Mecanismo: endosimbiosis secundaria con núcleo reducido retenido — criptófitos/cloraracniófitos–nucleomorfo»; campo=«genoma del socio comparado con parientes de vida libre»; valor=«373 kb/331 genes en *Bigelowiella*; 551 kb en *Guillardia*; comparación con pariente libre NO CUANTIFICADA EN ESTA FICHA»","0","434","a08bc1a1584b2a31a0da0d84efd1de350abf318b9a2cfa7e0a94e0f34cb0f043","8a33be0a189a42fe8a6c4b14ae5e36aa8df9da89aa312c045c6fd99de3c3f355","d1e8d0a273fc5a24de14fe1b564211f1a9356d22d3b741a6de60f67245df19a4","ExactCooccurrenceIndex.count(nominal_components(nominal_query(fila_residual))); corpus fuente decodificado y normalizado por source_snapshot; resultado literal, no ausencia científica ni adjudicación de revisión."
"BN-499","95564060cdc018141c32a4dfdb8af1a272b88c927c26126384e158c1a27d945e","REINSPECCION","2026-09-26T21:21:31Z","/root/revision_residuales","C-2739","data/busquedas_negativas/15_5_15-5-asociacion-integracion-y-transferencia.csv","data/tablas/09/table-43-9-4-1-fichas-comparativas-por-grado-de-integracion.csv","15","EGT al núcleo; importación de proteínas de vuelta","identidad=«Mecanismo: endosimbiosis secundaria con núcleo reducido retenido — criptófitos/cloraracniófitos–nucleomorfo»; campo=«EGT al núcleo; importación de proteínas de vuelta»; valor=«EGT: NO DOCUMENTADA EN ESTA FICHA; importación: NO DOCUMENTADA EN ESTA FICHA»","0","434","a08bc1a1584b2a31a0da0d84efd1de350abf318b9a2cfa7e0a94e0f34cb0f043","8a33be0a189a42fe8a6c4b14ae5e36aa8df9da89aa312c045c6fd99de3c3f355","d1e8d0a273fc5a24de14fe1b564211f1a9356d22d3b741a6de60f67245df19a4","ExactCooccurrenceIndex.count(nominal_components(nominal_query(fila_residual))); corpus fuente decodificado y normalizado por source_snapshot; resultado literal, no ausencia científica ni adjudicación de revisión."
"BN-500","8ebdf1a61a474996cdd1cea26ccf15264f540c9bc1512ffe14ce36ef51123077","REINSPECCION","2026-09-26T21:21:31Z","/root/revision_residuales","C-2740","data/busquedas_negativas/15_5_15-5-asociacion-integracion-y-transferencia.csv","data/tablas/09/table-43-9-4-1-fichas-comparativas-por-grado-de-integracion.csv","15","estado obligado, facultativo o reversible","identidad=«Mecanismo: endosimbiosis secundaria con núcleo reducido retenido — criptófitos/cloraracniófitos–nucleomorfo»; campo=«estado obligado, facultativo o reversible»; valor=«dos integraciones independientes; obligación/reversibilidad NO CLASIFICADAS POR LAS C CITADAS»","0","434","a08bc1a1584b2a31a0da0d84efd1de350abf318b9a2cfa7e0a94e0f34cb0f043","8a33be0a189a42fe8a6c4b14ae5e36aa8df9da89aa312c045c6fd99de3c3f355","d1e8d0a273fc5a24de14fe1b564211f1a9356d22d3b741a6de60f67245df19a4","ExactCooccurrenceIndex.count(nominal_components(nominal_query(fila_residual))); corpus fuente decodificado y normalizado por source_snapshot; resultado literal, no ausencia científica ni adjudicación de revisión."
"BN-501","d1077bc202c70ebd31801122867719c7f7eeae48642d592b48f28796ec600ebe","REINSPECCION","2026-09-26T21:21:32Z","/root/revision_residuales","C-2742","data/busquedas_negativas/15_5_15-5-asociacion-integracion-y-transferencia.csv","data/tablas/09/table-43-9-4-1-fichas-comparativas-por-grado-de-integracion.csv","16","transmisión","identidad=«Mecanismo: endosimbiosis terciaria con núcleo y mitocondrias retenidos — dinotomos–endosimbionte diatomeo»; campo=«transmisión»; valor=«NO DOCUMENTADA POR LAS C CITADAS EN ESTA FICHA»","0","434","a08bc1a1584b2a31a0da0d84efd1de350abf318b9a2cfa7e0a94e0f34cb0f043","8a33be0a189a42fe8a6c4b14ae5e36aa8df9da89aa312c045c6fd99de3c3f355","d1e8d0a273fc5a24de14fe1b564211f1a9356d22d3b741a6de60f67245df19a4","ExactCooccurrenceIndex.count(nominal_components(nominal_query(fila_residual))); corpus fuente decodificado y normalizado por source_snapshot; resultado literal, no ausencia científica ni adjudicación de revisión."
"BN-502","c39c18436554b9b1a99f38224e8ed8ede45a154ca7aa2d4374b70dedabe54ce4","REINSPECCION","2026-09-26T21:21:32Z","/root/revision_residuales","C-2743","data/busquedas_negativas/15_5_15-5-asociacion-integracion-y-transferencia.csv","data/tablas/09/table-43-9-4-1-fichas-comparativas-por-grado-de-integracion.csv","16","EGT al núcleo; importación de proteínas de vuelta","identidad=«Mecanismo: endosimbiosis terciaria con núcleo y mitocondrias retenidos — dinotomos–endosimbionte diatomeo»; campo=«EGT al núcleo; importación de proteínas de vuelta»; valor=«EGT: 9 candidatos; importación: NO DOCUMENTADA POR LAS C CITADAS»","0","434","a08bc1a1584b2a31a0da0d84efd1de350abf318b9a2cfa7e0a94e0f34cb0f043","8a33be0a189a42fe8a6c4b14ae5e36aa8df9da89aa312c045c6fd99de3c3f355","d1e8d0a273fc5a24de14fe1b564211f1a9356d22d3b741a6de60f67245df19a4","ExactCooccurrenceIndex.count(nominal_components(nominal_query(fila_residual))); corpus fuente decodificado y normalizado por source_snapshot; resultado literal, no ausencia científica ni adjudicación de revisión."
"BN-503","726558cae2d358c6c7e17dc9be61d8da58d2f13d52135e29f76d3a33b8d0cb88","REINSPECCION","2026-09-26T21:21:32Z","/root/revision_residuales","C-2744","data/busquedas_negativas/15_5_15-5-asociacion-integracion-y-transferencia.csv","data/tablas/09/table-43-9-4-1-fichas-comparativas-por-grado-de-integracion.csv","17","aporte documentado del hospedador; aporte documentado del socio","identidad=«Mecanismo: reemplazo terciario por plasto haptófito — kareniáceos–plasto haptófito»; campo=«aporte documentado del hospedador; aporte documentado del socio»; valor=«Hospedador: mantenimiento e integración nuclear; socio: fotosíntesis.»","0","434","a08bc1a1584b2a31a0da0d84efd1de350abf318b9a2cfa7e0a94e0f34cb0f043","8a33be0a189a42fe8a6c4b14ae5e36aa8df9da89aa312c045c6fd99de3c3f355","d1e8d0a273fc5a24de14fe1b564211f1a9356d22d3b741a6de60f67245df19a4","ExactCooccurrenceIndex.count(nominal_components(nominal_query(fila_residual))); corpus fuente decodificado y normalizado por source_snapshot; resultado literal, no ausencia científica ni adjudicación de revisión."
"BN-504","b7af692bd22f51688637775bfc4d56a70e73517c7ad9dbacef3ea06558cedafa","REINSPECCION","2026-09-26T21:21:32Z","/root/revision_residuales","C-2746","data/busquedas_negativas/15_5_15-5-asociacion-integracion-y-transferencia.csv","data/tablas/09/table-43-9-4-1-fichas-comparativas-por-grado-de-integracion.csv","17","transmisión","identidad=«Mecanismo: reemplazo terciario por plasto haptófito — kareniáceos–plasto haptófito»; campo=«transmisión»; valor=«NO DOCUMENTADA POR LAS C CITADAS EN ESTA FICHA»","0","434","a08bc1a1584b2a31a0da0d84efd1de350abf318b9a2cfa7e0a94e0f34cb0f043","8a33be0a189a42fe8a6c4b14ae5e36aa8df9da89aa312c045c6fd99de3c3f355","d1e8d0a273fc5a24de14fe1b564211f1a9356d22d3b741a6de60f67245df19a4","ExactCooccurrenceIndex.count(nominal_components(nominal_query(fila_residual))); corpus fuente decodificado y normalizado por source_snapshot; resultado literal, no ausencia científica ni adjudicación de revisión."
"BN-505","47ca6832a5bde976d80d5c5a69c1347390fe9918f2c8741f4851e610b70ba5a6","REINSPECCION","2026-09-26T21:21:32Z","/root/revision_residuales","C-2747","data/busquedas_negativas/15_5_15-5-asociacion-integracion-y-transferencia.csv","data/tablas/09/table-43-9-4-1-fichas-comparativas-por-grado-de-integracion.csv","17","EGT al núcleo; importación de proteínas de vuelta","identidad=«Mecanismo: reemplazo terciario por plasto haptófito — kareniáceos–plasto haptófito»; campo=«EGT al núcleo; importación de proteínas de vuelta»; valor=«EGT: 90 candidatos; importación: NO DOCUMENTADA POR LAS C CITADAS»","0","434","a08bc1a1584b2a31a0da0d84efd1de350abf318b9a2cfa7e0a94e0f34cb0f043","8a33be0a189a42fe8a6c4b14ae5e36aa8df9da89aa312c045c6fd99de3c3f355","d1e8d0a273fc5a24de14fe1b564211f1a9356d22d3b741a6de60f67245df19a4","ExactCooccurrenceIndex.count(nominal_components(nominal_query(fila_residual))); corpus fuente decodificado y normalizado por source_snapshot; resultado literal, no ausencia científica ni adjudicación de revisión."
"BN-506","d4de5cc2135be08b38c6197e78c0de3d0eeff81409072ed260edf414cdaa2391","REINSPECCION","2026-09-26T21:21:32Z","/root/revision_residuales","C-2748","data/busquedas_negativas/15_5_15-5-asociacion-integracion-y-transferencia.csv","data/tablas/09/table-43-9-4-1-fichas-comparativas-por-grado-de-integracion.csv","17","estado obligado, facultativo o reversible","identidad=«Mecanismo: reemplazo terciario por plasto haptófito — kareniáceos–plasto haptófito»; campo=«estado obligado, facultativo o reversible»; valor=«integrada; una o varias adquisiciones no resueltas; reversibilidad NO DOCUMENTADA»","0","434","a08bc1a1584b2a31a0da0d84efd1de350abf318b9a2cfa7e0a94e0f34cb0f043","8a33be0a189a42fe8a6c4b14ae5e36aa8df9da89aa312c045c6fd99de3c3f355","d1e8d0a273fc5a24de14fe1b564211f1a9356d22d3b741a6de60f67245df19a4","ExactCooccurrenceIndex.count(nominal_components(nominal_query(fila_residual))); corpus fuente decodificado y normalizado por source_snapshot; resultado literal, no ausencia científica ni adjudicación de revisión."
"BN-507","945bf7b75a35281fd3abc26acf00fe178aae2e76957b0346197dc0e77eaa0d03","REINSPECCION","2026-09-26T21:21:32Z","/root/revision_residuales","C-2750","data/busquedas_negativas/15_5_15-5-asociacion-integracion-y-transferencia.csv","data/tablas/09/table-43-9-4-1-fichas-comparativas-por-grado-de-integracion.csv","18","transmisión","identidad=«Mecanismo: endosimbiosis anidada con reemplazo — *Tremblaya*–*Moranella*–piojo harinoso»; campo=«transmisión»; valor=«reemplazos históricos del endosimbionte interno en distintos linajes; modo generacional NO DOCUMENTADO EN ESTA FICHA»","0","434","a08bc1a1584b2a31a0da0d84efd1de350abf318b9a2cfa7e0a94e0f34cb0f043","8a33be0a189a42fe8a6c4b14ae5e36aa8df9da89aa312c045c6fd99de3c3f355","d1e8d0a273fc5a24de14fe1b564211f1a9356d22d3b741a6de60f67245df19a4","ExactCooccurrenceIndex.count(nominal_components(nominal_query(fila_residual))); corpus fuente decodificado y normalizado por source_snapshot; resultado literal, no ausencia científica ni adjudicación de revisión."
"BN-508","d92722598ea4fe9c7a618e816c407a2684a6f0600c0ab9770f04f16338dc2d96","REINSPECCION","2026-09-26T21:21:32Z","/root/revision_residuales","C-2751","data/busquedas_negativas/15_5_15-5-asociacion-integracion-y-transferencia.csv","data/tablas/09/table-43-9-4-1-fichas-comparativas-por-grado-de-integracion.csv","18","genoma del socio comparado con parientes de vida libre","identidad=«Mecanismo: endosimbiosis anidada con reemplazo — *Tremblaya*–*Moranella*–piojo harinoso»; campo=«genoma del socio comparado con parientes de vida libre»; valor=«138.927 bp y 538.294 bp; comparación con parientes libres NO CUANTIFICADA EN ESTA FICHA»","0","434","a08bc1a1584b2a31a0da0d84efd1de350abf318b9a2cfa7e0a94e0f34cb0f043","8a33be0a189a42fe8a6c4b14ae5e36aa8df9da89aa312c045c6fd99de3c3f355","d1e8d0a273fc5a24de14fe1b564211f1a9356d22d3b741a6de60f67245df19a4","ExactCooccurrenceIndex.count(nominal_components(nominal_query(fila_residual))); corpus fuente decodificado y normalizado por source_snapshot; resultado literal, no ausencia científica ni adjudicación de revisión."
"BN-509","53b2c3174c36363754fbc17cb8e8bf518136285fd8117a9d4d645d196ca032e7","REINSPECCION","2026-09-26T21:21:32Z","/root/revision_residuales","C-2752","data/busquedas_negativas/15_5_15-5-asociacion-integracion-y-transferencia.csv","data/tablas/09/table-43-9-4-1-fichas-comparativas-por-grado-de-integracion.csv","18","EGT al núcleo; importación de proteínas de vuelta","identidad=«Mecanismo: endosimbiosis anidada con reemplazo — *Tremblaya*–*Moranella*–piojo harinoso»; campo=«EGT al núcleo; importación de proteínas de vuelta»; valor=«EGT/HGT: genes bacterianos al insecto; importación de vuelta: NO DOCUMENTADA POR LAS C CITADAS»","0","434","a08bc1a1584b2a31a0da0d84efd1de350abf318b9a2cfa7e0a94e0f34cb0f043","8a33be0a189a42fe8a6c4b14ae5e36aa8df9da89aa312c045c6fd99de3c3f355","d1e8d0a273fc5a24de14fe1b564211f1a9356d22d3b741a6de60f67245df19a4","ExactCooccurrenceIndex.count(nominal_components(nominal_query(fila_residual))); corpus fuente decodificado y normalizado por source_snapshot; resultado literal, no ausencia científica ni adjudicación de revisión."
"BN-510","6e7c425f8516244a347c415ffdcf70f14c942cc71443075b49eb58a992191f21","REINSPECCION","2026-09-26T21:21:33Z","/root/revision_residuales","C-2753","data/busquedas_negativas/15_5_15-5-asociacion-integracion-y-transferencia.csv","data/tablas/09/table-43-9-4-1-fichas-comparativas-por-grado-de-integracion.csv","19","aporte documentado del hospedador; aporte documentado del socio","identidad=«Mecanismo: dependencia nutricional con transmisión materna — áfido–*Buchnera aphidicola*»; campo=«aporte documentado del hospedador; aporte documentado del socio»; valor=«Hospedador: ambiente y precursores metabólicos; socio: aminoácidos esenciales.»","0","434","a08bc1a1584b2a31a0da0d84efd1de350abf318b9a2cfa7e0a94e0f34cb0f043","8a33be0a189a42fe8a6c4b14ae5e36aa8df9da89aa312c045c6fd99de3c3f355","d1e8d0a273fc5a24de14fe1b564211f1a9356d22d3b741a6de60f67245df19a4","ExactCooccurrenceIndex.count(nominal_components(nominal_query(fila_residual))); corpus fuente decodificado y normalizado por source_snapshot; resultado literal, no ausencia científica ni adjudicación de revisión."
"BN-511","ae95f7a87924ed076b0e115f6c5f50e0b985b3780fa5ee936d17f034e641e154","REINSPECCION","2026-09-26T21:21:33Z","/root/revision_residuales","C-2754","data/busquedas_negativas/15_5_15-5-asociacion-integracion-y-transferencia.csv","data/tablas/09/table-43-9-4-1-fichas-comparativas-por-grado-de-integracion.csv","19","genoma del socio comparado con parientes de vida libre","identidad=«Mecanismo: dependencia nutricional con transmisión materna — áfido–*Buchnera aphidicola*»; campo=«genoma del socio comparado con parientes de vida libre»; valor=«640.681 bp en APS; rango moderno 412–646 kb; reducción respecto de bacterias libres sostenida cualitativamente, comparación exacta NO TRANSCRITA»","0","434","a08bc1a1584b2a31a0da0d84efd1de350abf318b9a2cfa7e0a94e0f34cb0f043","8a33be0a189a42fe8a6c4b14ae5e36aa8df9da89aa312c045c6fd99de3c3f355","d1e8d0a273fc5a24de14fe1b564211f1a9356d22d3b741a6de60f67245df19a4","ExactCooccurrenceIndex.count(nominal_components(nominal_query(fila_residual))); corpus fuente decodificado y normalizado por source_snapshot; resultado literal, no ausencia científica ni adjudicación de revisión."
"BN-512","89a8634d03c0eafa35f419a888be105734036d4c71098e0294f3c8165693154c","REINSPECCION","2026-09-26T21:21:33Z","/root/revision_residuales","C-2755","data/busquedas_negativas/15_5_15-5-asociacion-integracion-y-transferencia.csv","data/tablas/09/table-43-9-4-1-fichas-comparativas-por-grado-de-integracion.csv","19","EGT al núcleo; importación de proteínas de vuelta","identidad=«Mecanismo: dependencia nutricional con transmisión materna — áfido–*Buchnera aphidicola*»; campo=«EGT al núcleo; importación de proteínas de vuelta»; valor=«EGT: NO DOCUMENTADA; importación: NO DOCUMENTADA POR LAS C CITADAS»","0","434","a08bc1a1584b2a31a0da0d84efd1de350abf318b9a2cfa7e0a94e0f34cb0f043","8a33be0a189a42fe8a6c4b14ae5e36aa8df9da89aa312c045c6fd99de3c3f355","d1e8d0a273fc5a24de14fe1b564211f1a9356d22d3b741a6de60f67245df19a4","ExactCooccurrenceIndex.count(nominal_components(nominal_query(fila_residual))); corpus fuente decodificado y normalizado por source_snapshot; resultado literal, no ausencia científica ni adjudicación de revisión."
"BN-513","092ad8476397dead72dc30e34dac867692053128dfe089fae367dc748f6b2714","REINSPECCION","2026-09-26T21:21:33Z","/root/revision_residuales","C-2756","data/busquedas_negativas/15_5_15-5-asociacion-integracion-y-transferencia.csv","data/tablas/09/table-43-9-4-1-fichas-comparativas-por-grado-de-integracion.csv","20","aporte documentado del hospedador; aporte documentado del socio","identidad=«Mecanismo: transmisión materna con saltos horizontales y desenlaces variables — hospedadores–*Wolbachia*»; campo=«aporte documentado del hospedador; aporte documentado del socio»; valor=«Hospedador: recursos y transmisión; socio: manipulación reproductiva o aporte mutualista según el caso.»","0","434","a08bc1a1584b2a31a0da0d84efd1de350abf318b9a2cfa7e0a94e0f34cb0f043","8a33be0a189a42fe8a6c4b14ae5e36aa8df9da89aa312c045c6fd99de3c3f355","d1e8d0a273fc5a24de14fe1b564211f1a9356d22d3b741a6de60f67245df19a4","ExactCooccurrenceIndex.count(nominal_components(nominal_query(fila_residual))); corpus fuente decodificado y normalizado por source_snapshot; resultado literal, no ausencia científica ni adjudicación de revisión."
"BN-514","04fba40d31ad72544b5c28bfa818b218689a3f34796bdbccb0367b8e86bb72d0","REINSPECCION","2026-09-26T21:21:33Z","/root/revision_residuales","C-2758","data/busquedas_negativas/15_5_15-5-asociacion-integracion-y-transferencia.csv","data/tablas/09/table-43-9-4-1-fichas-comparativas-por-grado-de-integracion.csv","20","genoma del socio comparado con parientes de vida libre","identidad=«Mecanismo: transmisión materna con saltos horizontales y desenlaces variables — hospedadores–*Wolbachia*»; campo=«genoma del socio comparado con parientes de vida libre»; valor=«variable; hasta 10 % de elementos de inserción en algunos genomas; comparación libre NO LOCALIZADA»","0","434","a08bc1a1584b2a31a0da0d84efd1de350abf318b9a2cfa7e0a94e0f34cb0f043","8a33be0a189a42fe8a6c4b14ae5e36aa8df9da89aa312c045c6fd99de3c3f355","d1e8d0a273fc5a24de14fe1b564211f1a9356d22d3b741a6de60f67245df19a4","ExactCooccurrenceIndex.count(nominal_components(nominal_query(fila_residual))); corpus fuente decodificado y normalizado por source_snapshot; resultado literal, no ausencia científica ni adjudicación de revisión."
"BN-515","de1bf39a3b13090a1cbe7d1834df34f0638f0f5e08924cdf58abda375890bf81","REINSPECCION","2026-09-26T21:21:33Z","/root/revision_residuales","C-2759","data/busquedas_negativas/15_5_15-5-asociacion-integracion-y-transferencia.csv","data/tablas/09/table-43-9-4-1-fichas-comparativas-por-grado-de-integracion.csv","20","EGT al núcleo; importación de proteínas de vuelta","identidad=«Mecanismo: transmisión materna con saltos horizontales y desenlaces variables — hospedadores–*Wolbachia*»; campo=«EGT al núcleo; importación de proteínas de vuelta»; valor=«EGT: NO DOCUMENTADA EN ESTA FICHA; importación: NO DOCUMENTADA POR LAS C CITADAS»","0","434","a08bc1a1584b2a31a0da0d84efd1de350abf318b9a2cfa7e0a94e0f34cb0f043","8a33be0a189a42fe8a6c4b14ae5e36aa8df9da89aa312c045c6fd99de3c3f355","d1e8d0a273fc5a24de14fe1b564211f1a9356d22d3b741a6de60f67245df19a4","ExactCooccurrenceIndex.count(nominal_components(nominal_query(fila_residual))); corpus fuente decodificado y normalizado por source_snapshot; resultado literal, no ausencia científica ni adjudicación de revisión."
"BN-516","9d07f9c4e194346b35f26a4c1833c2de3fb046181ed18d4f8b2b8de661d18411","REINSPECCION","2026-09-26T21:21:33Z","/root/revision_residuales","C-2761","data/busquedas_negativas/15_5_15-5-asociacion-integracion-y-transferencia.csv","data/tablas/09/table-45-9-8-1-gradiente-funcional-comparado.csv","2","funciones perdidas o no demostradas","identidad=«mitocondria aerobia completa»; campo=«funciones perdidas o no demostradas»; valor=«pérdidas: NO APLICA a este estado de referencia; no representa un organismo único»","0","434","a08bc1a1584b2a31a0da0d84efd1de350abf318b9a2cfa7e0a94e0f34cb0f043","8a33be0a189a42fe8a6c4b14ae5e36aa8df9da89aa312c045c6fd99de3c3f355","d1e8d0a273fc5a24de14fe1b564211f1a9356d22d3b741a6de60f67245df19a4","ExactCooccurrenceIndex.count(nominal_components(nominal_query(fila_residual))); corpus fuente decodificado y normalizado por source_snapshot; resultado literal, no ausencia científica ni adjudicación de revisión."
"BN-517","18be8e7e17a4719f4c573583570a79d0b09755a09296b8e8cb033fd504affc3d","REINSPECCION","2026-09-26T21:21:33Z","/root/revision_residuales","C-2762","data/busquedas_negativas/15_5_15-5-asociacion-integracion-y-transferencia.csv","data/tablas/09/table-45-9-8-1-gradiente-funcional-comparado.csv","2","rendimiento energético localizado","identidad=«mitocondria aerobia completa»; campo=«rendimiento energético localizado»; valor=«ATP por fosforilación oxidativa; cifra por organismo NO LOCALIZADA en esta ficha»","0","434","a08bc1a1584b2a31a0da0d84efd1de350abf318b9a2cfa7e0a94e0f34cb0f043","8a33be0a189a42fe8a6c4b14ae5e36aa8df9da89aa312c045c6fd99de3c3f355","d1e8d0a273fc5a24de14fe1b564211f1a9356d22d3b741a6de60f67245df19a4","ExactCooccurrenceIndex.count(nominal_components(nominal_query(fila_residual))); corpus fuente decodificado y normalizado por source_snapshot; resultado literal, no ausencia científica ni adjudicación de revisión."
"BN-518","d8727fd56be5e17af67f0e16e474b6118c3d46ca299cef694475da1e4770fc63","REINSPECCION","2026-09-26T21:21:33Z","/root/revision_residuales","C-2763","data/busquedas_negativas/15_5_15-5-asociacion-integracion-y-transferencia.csv","data/tablas/09/table-45-9-8-1-gradiente-funcional-comparado.csv","2","ambiente o asociación documentado","identidad=«mitocondria aerobia completa»; campo=«ambiente o asociación documentado»; valor=«ambiente: NO APLICA a un estado funcional que no designa un organismo único»","0","434","a08bc1a1584b2a31a0da0d84efd1de350abf318b9a2cfa7e0a94e0f34cb0f043","8a33be0a189a42fe8a6c4b14ae5e36aa8df9da89aa312c045c6fd99de3c3f355","d1e8d0a273fc5a24de14fe1b564211f1a9356d22d3b741a6de60f67245df19a4","ExactCooccurrenceIndex.count(nominal_components(nominal_query(fila_residual))); corpus fuente decodificado y normalizado por source_snapshot; resultado literal, no ausencia científica ni adjudicación de revisión."
"BN-519","93f04c973233e6dea9021cb617da27aba21b0a097bfdcf14ad7e6a12b68eaa6f","REINSPECCION","2026-09-26T21:21:33Z","/root/revision_residuales","C-2765","data/busquedas_negativas/15_5_15-5-asociacion-integracion-y-transferencia.csv","data/tablas/09/table-45-9-8-1-gradiente-funcional-comparado.csv","4","rendimiento energético localizado","identidad=«hidrogenosoma sin genoma»; campo=«rendimiento energético localizado»; valor=«ATP por fosforilación a nivel de sustrato; cifra por sustrato NO LOCALIZADA en esta ficha»","0","434","a08bc1a1584b2a31a0da0d84efd1de350abf318b9a2cfa7e0a94e0f34cb0f043","8a33be0a189a42fe8a6c4b14ae5e36aa8df9da89aa312c045c6fd99de3c3f355","d1e8d0a273fc5a24de14fe1b564211f1a9356d22d3b741a6de60f67245df19a4","ExactCooccurrenceIndex.count(nominal_components(nominal_query(fila_residual))); corpus fuente decodificado y normalizado por source_snapshot; resultado literal, no ausencia científica ni adjudicación de revisión."
"BN-520","ef2927830c781abdf209213fe802c97384b8ac54e09efa800c9689d7039cd601","REINSPECCION","2026-09-26T21:21:33Z","/root/revision_residuales","C-2766","data/busquedas_negativas/15_5_15-5-asociacion-integracion-y-transferencia.csv","data/tablas/09/table-45-9-8-1-gradiente-funcional-comparado.csv","4","ambiente o asociación documentado","identidad=«hidrogenosoma sin genoma»; campo=«ambiente o asociación documentado»; valor=«parásito humano extracelular y microaerófilo del tracto genital o urinario»","0","434","a08bc1a1584b2a31a0da0d84efd1de350abf318b9a2cfa7e0a94e0f34cb0f043","8a33be0a189a42fe8a6c4b14ae5e36aa8df9da89aa312c045c6fd99de3c3f355","d1e8d0a273fc5a24de14fe1b564211f1a9356d22d3b741a6de60f67245df19a4","ExactCooccurrenceIndex.count(nominal_components(nominal_query(fila_residual))); corpus fuente decodificado y normalizado por source_snapshot; resultado literal, no ausencia científica ni adjudicación de revisión."
"BN-521","79d3be1f9784b4bd86a1e434b042952e1ff95774260811615b92d19a9f792665","REINSPECCION","2026-09-26T21:21:34Z","/root/revision_residuales","C-2767","data/busquedas_negativas/15_5_15-5-asociacion-integracion-y-transferencia.csv","data/tablas/09/table-45-9-8-1-gradiente-funcional-comparado.csv","5","ambiente o asociación documentado","identidad=«mitosoma con ISC»; campo=«ambiente o asociación documentado»; valor=«parásito intestinal humano; el ambiente se atribuye al organismo, no al mitosoma aislado»","0","434","a08bc1a1584b2a31a0da0d84efd1de350abf318b9a2cfa7e0a94e0f34cb0f043","8a33be0a189a42fe8a6c4b14ae5e36aa8df9da89aa312c045c6fd99de3c3f355","d1e8d0a273fc5a24de14fe1b564211f1a9356d22d3b741a6de60f67245df19a4","ExactCooccurrenceIndex.count(nominal_components(nominal_query(fila_residual))); corpus fuente decodificado y normalizado por source_snapshot; resultado literal, no ausencia científica ni adjudicación de revisión."
"BN-522","81f80c2b800d57f2fe2061fbba98206da12a14692160be8972ef911c21eae933","REINSPECCION","2026-09-26T21:21:34Z","/root/revision_residuales","C-2769","data/busquedas_negativas/15_5_15-5-asociacion-integracion-y-transferencia.csv","data/tablas/09/table-45-9-8-1-gradiente-funcional-comparado.csv","6","ambiente o asociación documentado","identidad=«mitosoma con activación de sulfato»; campo=«ambiente o asociación documentado»; valor=«parásito intestinal humano; el ambiente se atribuye al organismo, no al mitosoma aislado»","0","434","a08bc1a1584b2a31a0da0d84efd1de350abf318b9a2cfa7e0a94e0f34cb0f043","8a33be0a189a42fe8a6c4b14ae5e36aa8df9da89aa312c045c6fd99de3c3f355","d1e8d0a273fc5a24de14fe1b564211f1a9356d22d3b741a6de60f67245df19a4","ExactCooccurrenceIndex.count(nominal_components(nominal_query(fila_residual))); corpus fuente decodificado y normalizado por source_snapshot; resultado literal, no ausencia científica ni adjudicación de revisión."
"BN-523","eacaadd370f3164c04f40282d5c04f89f4c0f27dc92df0e1444fd1797b9d45b4","REINSPECCION","2026-09-26T21:21:34Z","/root/revision_residuales","C-2770","data/busquedas_negativas/15_5_15-5-asociacion-integracion-y-transferencia.csv","data/tablas/09/table-45-9-8-1-gradiente-funcional-comparado.csv","7","funciones perdidas o no demostradas","identidad=«mitosomas microsporidianos»; campo=«funciones perdidas o no demostradas»; valor=«pérdidas adicionales: NO DOCUMENTADAS POR LAS C CITADAS EN ESTA FILA»","0","434","a08bc1a1584b2a31a0da0d84efd1de350abf318b9a2cfa7e0a94e0f34cb0f043","8a33be0a189a42fe8a6c4b14ae5e36aa8df9da89aa312c045c6fd99de3c3f355","d1e8d0a273fc5a24de14fe1b564211f1a9356d22d3b741a6de60f67245df19a4","ExactCooccurrenceIndex.count(nominal_components(nominal_query(fila_residual))); corpus fuente decodificado y normalizado por source_snapshot; resultado literal, no ausencia científica ni adjudicación de revisión."
"BN-524","3300c33a42be5825bda3979fb8757db2ed8d29cf9f285a0a0c3f0541c568ec47","REINSPECCION","2026-09-26T21:21:34Z","/root/revision_residuales","C-2772","data/busquedas_negativas/15_5_15-5-asociacion-integracion-y-transferencia.csv","data/tablas/09/table-45-9-8-1-gradiente-funcional-comparado.csv","7","ambiente o asociación documentado","identidad=«mitosomas microsporidianos»; campo=«ambiente o asociación documentado»; valor=«parásitos intracelulares obligados de otros eucariotas; el hospedador concreto depende del microsporidio»","0","434","a08bc1a1584b2a31a0da0d84efd1de350abf318b9a2cfa7e0a94e0f34cb0f043","8a33be0a189a42fe8a6c4b14ae5e36aa8df9da89aa312c045c6fd99de3c3f355","d1e8d0a273fc5a24de14fe1b564211f1a9356d22d3b741a6de60f67245df19a4","ExactCooccurrenceIndex.count(nominal_components(nominal_query(fila_residual))); corpus fuente decodificado y normalizado por source_snapshot; resultado literal, no ausencia científica ni adjudicación de revisión."
"BN-525","c49840bd3927b40c4858684050566f10a642795129c0e717bee3dd9373660674","REINSPECCION","2026-09-26T21:21:35Z","/root/revision_residuales","C-2774","data/busquedas_negativas/15_5_15-5-asociacion-integracion-y-transferencia.csv","data/tablas/09/table-45-9-8-1-gradiente-funcional-comparado.csv","8","ambiente o asociación documentado","identidad=«ausencia de MRO»; campo=«ambiente o asociación documentado»; valor=«intestino de roedores caviomorfos; endobionte microaerófilo o de baja presión de oxígeno»","0","434","a08bc1a1584b2a31a0da0d84efd1de350abf318b9a2cfa7e0a94e0f34cb0f043","8a33be0a189a42fe8a6c4b14ae5e36aa8df9da89aa312c045c6fd99de3c3f355","d1e8d0a273fc5a24de14fe1b564211f1a9356d22d3b741a6de60f67245df19a4","ExactCooccurrenceIndex.count(nominal_components(nominal_query(fila_residual))); corpus fuente decodificado y normalizado por source_snapshot; resultado literal, no ausencia científica ni adjudicación de revisión."
"BN-526","b23c8d9cea5c203db9c4695ce77ed49aae61ac2f2beecd895530c5e7e2f7aa4f","REINSPECCION","2026-09-26T21:21:35Z","/root/revision_residuales","C-2776","data/busquedas_negativas/15_5_15-5-asociacion-integracion-y-transferencia.csv","data/tablas/09/table-45-9-8-1-gradiente-funcional-comparado.csv","9","ambiente o asociación documentado","identidad=«MRO sin genoma mitocondrial»; campo=«ambiente o asociación documentado»; valor=«parásito de peces salmónidos en un ambiente de hospedador con baja disponibilidad de oxígeno»","0","434","a08bc1a1584b2a31a0da0d84efd1de350abf318b9a2cfa7e0a94e0f34cb0f043","8a33be0a189a42fe8a6c4b14ae5e36aa8df9da89aa312c045c6fd99de3c3f355","d1e8d0a273fc5a24de14fe1b564211f1a9356d22d3b741a6de60f67245df19a4","ExactCooccurrenceIndex.count(nominal_components(nominal_query(fila_residual))); corpus fuente decodificado y normalizado por source_snapshot; resultado literal, no ausencia científica ni adjudicación de revisión."
"BN-527","9c5bab7e692882e7c6134256c536fc8b91ef6cce605e3ca2139031a1e34a5340","REINSPECCION","2026-09-26T21:21:35Z","/root/revision_residuales","C-2777","data/busquedas_negativas/15_6_15-6-rasgos-con-costo-y-controversia-energetica.csv","data/tablas/10/table-47-10-1-tabla-consolidada-de-rasgos-con-coste.csv","17","dependencias previas que exige","identidad=«mitosis semiabierta o parcialmente abierta, comparación entre tres modos»; campo=«dependencias previas que exige»; valor=«distribución: documentada en el entorno eucariota; no se localizó en las C de esta ficha una asignación específica dentro del corredor holozoo»","0","434","a08bc1a1584b2a31a0da0d84efd1de350abf318b9a2cfa7e0a94e0f34cb0f043","8a33be0a189a42fe8a6c4b14ae5e36aa8df9da89aa312c045c6fd99de3c3f355","d1e8d0a273fc5a24de14fe1b564211f1a9356d22d3b741a6de60f67245df19a4","ExactCooccurrenceIndex.count(nominal_components(nominal_query(fila_residual))); corpus fuente decodificado y normalizado por source_snapshot; resultado literal, no ausencia científica ni adjudicación de revisión."
"BN-528","2fa29e513fdb81ae451e2ef7cffe7f17901d00c0180fbfd5c440e445075a1210","REINSPECCION","2026-09-26T21:21:35Z","/root/revision_residuales","C-2778","data/busquedas_negativas/15_6_15-6-rasgos-con-costo-y-controversia-energetica.csv","data/tablas/10/table-47-10-1-tabla-consolidada-de-rasgos-con-coste.csv","17","organismo, condición experimental o modelo del que procede","identidad=«mitosis semiabierta o parcialmente abierta, comparación entre tres modos»; campo=«organismo, condición experimental o modelo del que procede»; valor=«entorno eucariota y comparación protista; el hueco de distribución interna del corredor queda explícito»","0","434","a08bc1a1584b2a31a0da0d84efd1de350abf318b9a2cfa7e0a94e0f34cb0f043","8a33be0a189a42fe8a6c4b14ae5e36aa8df9da89aa312c045c6fd99de3c3f355","d1e8d0a273fc5a24de14fe1b564211f1a9356d22d3b741a6de60f67245df19a4","ExactCooccurrenceIndex.count(nominal_components(nominal_query(fila_residual))); corpus fuente decodificado y normalizado por source_snapshot; resultado literal, no ausencia científica ni adjudicación de revisión."
"BN-529","9504606b62ea9b47596c13c3c0bd6054fba994eb0420d719533956f076457f47","REINSPECCION","2026-09-26T21:21:35Z","/root/revision_residuales","C-2779","data/busquedas_negativas/15_9_15-9-multicelularidad-y-repertorio-preanimal.csv","data/tablas/12/table-52-12-6-1-costes-y-compensaciones-cuantificados-o-no-localizado.csv","5","condición","identidad=«agregación de *Capsaspora owczarzaki*»; campo=«condición»; valor=«lípidos, fracción sérica y calcio; no se localizó un coste energético directo de mantenimiento»","0","434","a08bc1a1584b2a31a0da0d84efd1de350abf318b9a2cfa7e0a94e0f34cb0f043","8a33be0a189a42fe8a6c4b14ae5e36aa8df9da89aa312c045c6fd99de3c3f355","d1e8d0a273fc5a24de14fe1b564211f1a9356d22d3b741a6de60f67245df19a4","ExactCooccurrenceIndex.count(nominal_components(nominal_query(fila_residual))); corpus fuente decodificado y normalizado por source_snapshot; resultado literal, no ausencia científica ni adjudicación de revisión."
"BN-530","422165811c4ea5a181881b3977f24f1be64fc0815acfb56ddd720f2706f996e3","REINSPECCION","2026-09-26T21:21:36Z","/root/revision_residuales","C-2780","data/busquedas_negativas/15_9_15-9-multicelularidad-y-repertorio-preanimal.csv","data/tablas/12/table-52-12-6-1-costes-y-compensaciones-cuantificados-o-no-localizado.csv","6","condición","identidad=«agregación de *Ministeria vibrans*»; campo=«condición»; valor=«disrupción física y superficie de menor agregación, ambas con confusores declarados; no hay conversión válida a coste energético»","0","434","a08bc1a1584b2a31a0da0d84efd1de350abf318b9a2cfa7e0a94e0f34cb0f043","8a33be0a189a42fe8a6c4b14ae5e36aa8df9da89aa312c045c6fd99de3c3f355","d1e8d0a273fc5a24de14fe1b564211f1a9356d22d3b741a6de60f67245df19a4","ExactCooccurrenceIndex.count(nominal_components(nominal_query(fila_residual))); corpus fuente decodificado y normalizado por source_snapshot; resultado literal, no ausencia científica ni adjudicación de revisión."
"BN-531","6e4921b21b2b5a2e9276b724eff8837d876ec2948ff0fa1fb6a02d38f558ac97","REINSPECCION","2026-09-26T21:21:36Z","/root/revision_residuales","C-2781","data/busquedas_negativas/15_9_15-9-multicelularidad-y-repertorio-preanimal.csv","data/tablas/12/table-52-12-6-1-costes-y-compensaciones-cuantificados-o-no-localizado.csv","9","condición","identidad=«levadura snowflake inicial»; campo=«condición»; valor=«ensayo de sedimentación; la ventaja de aptitud publicada no es un coste energético de mantenimiento»","0","434","a08bc1a1584b2a31a0da0d84efd1de350abf318b9a2cfa7e0a94e0f34cb0f043","8a33be0a189a42fe8a6c4b14ae5e36aa8df9da89aa312c045c6fd99de3c3f355","d1e8d0a273fc5a24de14fe1b564211f1a9356d22d3b741a6de60f67245df19a4","ExactCooccurrenceIndex.count(nominal_components(nominal_query(fila_residual))); corpus fuente decodificado y normalizado por source_snapshot; resultado literal, no ausencia científica ni adjudicación de revisión."
"BN-532","212c4b990010dc2704489bc25dc84c682acc86ea276d0e63ac429a253706ada6","REINSPECCION","2026-09-26T21:21:36Z","/root/revision_residuales","C-2782","data/busquedas_negativas/15_9_15-9-multicelularidad-y-repertorio-preanimal.csv","data/tablas/12/table-52-12-6-1-costes-y-compensaciones-cuantificados-o-no-localizado.csv","10","condición","identidad=«levadura snowflake prolongada»; campo=«condición»; valor=«tratamiento anaerobio, 600 rondas; tamaño, tenacidad y limitación por oxígeno no se convierten en coste energético directo»","0","434","a08bc1a1584b2a31a0da0d84efd1de350abf318b9a2cfa7e0a94e0f34cb0f043","8a33be0a189a42fe8a6c4b14ae5e36aa8df9da89aa312c045c6fd99de3c3f355","d1e8d0a273fc5a24de14fe1b564211f1a9356d22d3b741a6de60f67245df19a4","ExactCooccurrenceIndex.count(nominal_components(nominal_query(fila_residual))); corpus fuente decodificado y normalizado por source_snapshot; resultado literal, no ausencia científica ni adjudicación de revisión."
"BN-533","63f00938d6c3363a7db057629b00e9d3bc12b4a9f3fb77b06806ff46470a99b8","REINSPECCION","2026-09-26T21:21:36Z","/root/revision_residuales","C-2789","data/busquedas_negativas/15_8_15-8-nombres-y-nomenclatura.csv","data/tablas/14/table-56a-14-8-1-codigos-por-nodo.csv","2","ICN","identidad=«Eukaryota»; campo=«ICN»; valor=«no gobierna la circunscripción filogenética del nodo»","0","434","a08bc1a1584b2a31a0da0d84efd1de350abf318b9a2cfa7e0a94e0f34cb0f043","8a33be0a189a42fe8a6c4b14ae5e36aa8df9da89aa312c045c6fd99de3c3f355","d1e8d0a273fc5a24de14fe1b564211f1a9356d22d3b741a6de60f67245df19a4","ExactCooccurrenceIndex.count(nominal_components(nominal_query(fila_residual))); corpus fuente decodificado y normalizado por source_snapshot; resultado literal, no ausencia científica ni adjudicación de revisión."
"BN-534","ffe63618875bda511ec7d7465d9371a893085214740c80064d5a60559f51a523","REINSPECCION","2026-09-26T21:21:36Z","/root/revision_residuales","C-2790","data/busquedas_negativas/15_8_15-8-nombres-y-nomenclatura.csv","data/tablas/14/table-56a-14-8-1-codigos-por-nodo.csv","10","ICN","identidad=«Holozoa»; campo=«ICN»; valor=«no gobierna la circunscripción filogenética del nodo»","0","434","a08bc1a1584b2a31a0da0d84efd1de350abf318b9a2cfa7e0a94e0f34cb0f043","8a33be0a189a42fe8a6c4b14ae5e36aa8df9da89aa312c045c6fd99de3c3f355","d1e8d0a273fc5a24de14fe1b564211f1a9356d22d3b741a6de60f67245df19a4","ExactCooccurrenceIndex.count(nominal_components(nominal_query(fila_residual))); corpus fuente decodificado y normalizado por source_snapshot; resultado literal, no ausencia científica ni adjudicación de revisión."
"BN-535","34533ea3f6e5829ce46593f9bd4e034cef7fbded0e6a18c697b9530f5ad7b0a6","REINSPECCION","2026-09-26T21:21:36Z","/root/revision_residuales","C-2791","data/busquedas_negativas/15_8_15-8-nombres-y-nomenclatura.csv","data/tablas/14/table-56a-14-8-1-codigos-por-nodo.csv","15","ICN","identidad=«Filozoa»; campo=«ICN»; valor=«no gobierna la circunscripción filogenética del nodo»","0","434","a08bc1a1584b2a31a0da0d84efd1de350abf318b9a2cfa7e0a94e0f34cb0f043","8a33be0a189a42fe8a6c4b14ae5e36aa8df9da89aa312c045c6fd99de3c3f355","d1e8d0a273fc5a24de14fe1b564211f1a9356d22d3b741a6de60f67245df19a4","ExactCooccurrenceIndex.count(nominal_components(nominal_query(fila_residual))); corpus fuente decodificado y normalizado por source_snapshot; resultado literal, no ausencia científica ni adjudicación de revisión."
"BN-536","c1da2d3fa1de1c2c8bab15380967405b8a6ffdab03fa6786b6f771ffbc4f9b4e","REINSPECCION","2026-09-26T21:21:36Z","/root/revision_residuales","C-2792","data/busquedas_negativas/15_8_15-8-nombres-y-nomenclatura.csv","data/tablas/14/table-56a-14-8-1-codigos-por-nodo.csv","16","ICN","identidad=«Choanozoa sensu stricto»; campo=«ICN»; valor=«no gobierna la circunscripción filogenética del nodo»","0","434","a08bc1a1584b2a31a0da0d84efd1de350abf318b9a2cfa7e0a94e0f34cb0f043","8a33be0a189a42fe8a6c4b14ae5e36aa8df9da89aa312c045c6fd99de3c3f355","d1e8d0a273fc5a24de14fe1b564211f1a9356d22d3b741a6de60f67245df19a4","ExactCooccurrenceIndex.count(nominal_components(nominal_query(fila_residual))); corpus fuente decodificado y normalizado por source_snapshot; resultado literal, no ausencia científica ni adjudicación de revisión."
"BN-537","21ca89e187fcac5afea49611b8468c2467a62147adf26e33dac918cc8c241d25","REINSPECCION","2026-09-26T21:21:37Z","/root/revision_residuales","C-2793","data/busquedas_negativas/15_8_15-8-nombres-y-nomenclatura.csv","data/tablas/14/table-58-14-8-3-terminos-problematicos-y-reemplazos.csv","4","quién lo introdujo y cuándo","identidad=«alga»; campo=«quién lo introdujo y cuándo»; valor=«NO BUSCADO (motivo: las C localizadas documentan distribución y uso, no una acuñación única)»","0","434","a08bc1a1584b2a31a0da0d84efd1de350abf318b9a2cfa7e0a94e0f34cb0f043","8a33be0a189a42fe8a6c4b14ae5e36aa8df9da89aa312c045c6fd99de3c3f355","d1e8d0a273fc5a24de14fe1b564211f1a9356d22d3b741a6de60f67245df19a4","ExactCooccurrenceIndex.count(nominal_components(nominal_query(fila_residual))); corpus fuente decodificado y normalizado por source_snapshot; resultado literal, no ausencia científica ni adjudicación de revisión."
"BN-538","9c4412726748ed7d3909d98654ee1aa32c1b7aa880361f0fe7f247a94071c9f6","REINSPECCION","2026-09-26T21:21:37Z","/root/revision_residuales","C-2794","data/busquedas_negativas/15_8_15-8-nombres-y-nomenclatura.csv","data/tablas/14/table-58-14-8-3-terminos-problematicos-y-reemplazos.csv","8","quién lo introdujo y cuándo","identidad=«reino»; campo=«quién lo introdujo y cuándo»; valor=«NO BUSCADO para la acuñación del rango (motivo: las C comparan Whittaker 1969, Cavalier-Smith 1998 y Ruggiero et al. 2015)»","0","434","a08bc1a1584b2a31a0da0d84efd1de350abf318b9a2cfa7e0a94e0f34cb0f043","8a33be0a189a42fe8a6c4b14ae5e36aa8df9da89aa312c045c6fd99de3c3f355","d1e8d0a273fc5a24de14fe1b564211f1a9356d22d3b741a6de60f67245df19a4","ExactCooccurrenceIndex.count(nominal_components(nominal_query(fila_residual))); corpus fuente decodificado y normalizado por source_snapshot; resultado literal, no ausencia científica ni adjudicación de revisión."
"BN-539","c0826d8cbcdaf0c1ab5d4e11d835beb6ade2cabab1d3189eff234eed6d7ebf99","REINSPECCION","2026-09-26T21:21:38Z","/root/revision_residuales","C-2795","data/busquedas_negativas/15_8_15-8-nombres-y-nomenclatura.csv","data/tablas/14/table-58-14-8-3-terminos-problematicos-y-reemplazos.csv","9","quién lo introdujo y cuándo","identidad=«Archezoa»; campo=«quién lo introdujo y cuándo»; valor=«NO BUSCADO en esta tabla (motivo: las C conservan la historia de la hipótesis pero no una fila atómica de introductor y fecha)»","0","434","a08bc1a1584b2a31a0da0d84efd1de350abf318b9a2cfa7e0a94e0f34cb0f043","8a33be0a189a42fe8a6c4b14ae5e36aa8df9da89aa312c045c6fd99de3c3f355","d1e8d0a273fc5a24de14fe1b564211f1a9356d22d3b741a6de60f67245df19a4","ExactCooccurrenceIndex.count(nominal_components(nominal_query(fila_residual))); corpus fuente decodificado y normalizado por source_snapshot; resultado literal, no ausencia científica ni adjudicación de revisión."
"BN-540","127fe8c017ba3fa603f620f7a8e4c8b68801f019e6622e6a988507266ece8bef","REINSPECCION","2026-09-26T21:21:38Z","/root/revision_residuales","C-2796","data/busquedas_negativas/15_8_15-8-nombres-y-nomenclatura.csv","data/tablas/14/table-58-14-8-3-terminos-problematicos-y-reemplazos.csv","10","quién lo introdujo y cuándo","identidad=«Excavata»; campo=«quién lo introdujo y cuándo»; valor=«NO BUSCADO en esta tabla (motivo: las C citadas no registran introductor y fecha como proposición separada)»","0","434","a08bc1a1584b2a31a0da0d84efd1de350abf318b9a2cfa7e0a94e0f34cb0f043","8a33be0a189a42fe8a6c4b14ae5e36aa8df9da89aa312c045c6fd99de3c3f355","d1e8d0a273fc5a24de14fe1b564211f1a9356d22d3b741a6de60f67245df19a4","ExactCooccurrenceIndex.count(nominal_components(nominal_query(fila_residual))); corpus fuente decodificado y normalizado por source_snapshot; resultado literal, no ausencia científica ni adjudicación de revisión."
"BN-541","4dfe6419899f23b4267b4e291835dcd68cc230d048990b64d2bc60fc8697d8b4","REINSPECCION","2026-09-26T21:21:39Z","/root/revision_residuales","C-2797","data/busquedas_negativas/15_8_15-8-nombres-y-nomenclatura.csv","data/tablas/14/table-58-14-8-3-terminos-problematicos-y-reemplazos.csv","11","quién lo introdujo y cuándo","identidad=«Chromalveolata»; campo=«quién lo introdujo y cuándo»; valor=«NO BUSCADO en esta tabla (motivo: las C registran el modelo, no una fila atómica de autor y fecha de acuñación)»","0","434","a08bc1a1584b2a31a0da0d84efd1de350abf318b9a2cfa7e0a94e0f34cb0f043","8a33be0a189a42fe8a6c4b14ae5e36aa8df9da89aa312c045c6fd99de3c3f355","d1e8d0a273fc5a24de14fe1b564211f1a9356d22d3b741a6de60f67245df19a4","ExactCooccurrenceIndex.count(nominal_components(nominal_query(fila_residual))); corpus fuente decodificado y normalizado por source_snapshot; resultado literal, no ausencia científica ni adjudicación de revisión."
"BN-542","04f575d92e8ea39dd841c42da256bdc01735682da84fca03027d7adcfbae681d","REINSPECCION","2026-09-26T21:21:39Z","/root/revision_residuales","C-2798","data/busquedas_negativas/15_8_15-8-nombres-y-nomenclatura.csv","data/tablas/14/table-58-14-8-3-terminos-problematicos-y-reemplazos.csv","12","quién lo introdujo y cuándo","identidad=«Unikonta / Bikonta»; campo=«quién lo introdujo y cuándo»; valor=«NO BUSCADO en esta tabla (motivo: las C citadas no registran una acuñación única)»","0","434","a08bc1a1584b2a31a0da0d84efd1de350abf318b9a2cfa7e0a94e0f34cb0f043","8a33be0a189a42fe8a6c4b14ae5e36aa8df9da89aa312c045c6fd99de3c3f355","d1e8d0a273fc5a24de14fe1b564211f1a9356d22d3b741a6de60f67245df19a4","ExactCooccurrenceIndex.count(nominal_components(nominal_query(fila_residual))); corpus fuente decodificado y normalizado por source_snapshot; resultado literal, no ausencia científica ni adjudicación de revisión."
"BN-543","b5a993996c40ade906fe51fbfbf5242fd5fd8981ad3e647d29c96e53686a0566","REINSPECCION","2026-09-26T21:21:39Z","/root/revision_residuales","C-2799","data/busquedas_negativas/15_8_15-8-nombres-y-nomenclatura.csv","data/tablas/14/table-58-14-8-3-terminos-problematicos-y-reemplazos.csv","13","quién lo introdujo y cuándo","identidad=«hongo para oomicetos o mohos mucilaginosos»; campo=«quién lo introdujo y cuándo»; valor=«NO APLICA como término de acuñación única; es un uso comparativo histórico»","0","434","a08bc1a1584b2a31a0da0d84efd1de350abf318b9a2cfa7e0a94e0f34cb0f043","8a33be0a189a42fe8a6c4b14ae5e36aa8df9da89aa312c045c6fd99de3c3f355","d1e8d0a273fc5a24de14fe1b564211f1a9356d22d3b741a6de60f67245df19a4","ExactCooccurrenceIndex.count(nominal_components(nominal_query(fila_residual))); corpus fuente decodificado y normalizado por source_snapshot; resultado literal, no ausencia científica ni adjudicación de revisión."
"BN-544","c59db842d223fbb471cfd0c38d647fb9d629e2eb20be6242da4712bdbbd385a1","REINSPECCION","2026-09-26T21:21:40Z","/root/revision_residuales","C-2800","data/busquedas_negativas/15_8_15-8-nombres-y-nomenclatura.csv","data/tablas/14/table-58-14-8-3-terminos-problematicos-y-reemplazos.csv","14","quién lo introdujo y cuándo","identidad=«flagelo»; campo=«quién lo introdujo y cuándo»; valor=«NO APLICA como acuñación única evaluada; el problema es homonimia funcional»","0","434","a08bc1a1584b2a31a0da0d84efd1de350abf318b9a2cfa7e0a94e0f34cb0f043","8a33be0a189a42fe8a6c4b14ae5e36aa8df9da89aa312c045c6fd99de3c3f355","d1e8d0a273fc5a24de14fe1b564211f1a9356d22d3b741a6de60f67245df19a4","ExactCooccurrenceIndex.count(nominal_components(nominal_query(fila_residual))); corpus fuente decodificado y normalizado por source_snapshot; resultado literal, no ausencia científica ni adjudicación de revisión."
"BN-545","7da1f9c89f2549669a9bbbabfb44c6715770411a750e2450c456cf4f3c05414e","REINSPECCION","2026-09-26T21:21:40Z","/root/revision_residuales","C-2801","data/busquedas_negativas/15_8_15-8-nombres-y-nomenclatura.csv","data/tablas/14/table-58-14-8-3-terminos-problematicos-y-reemplazos.csv","15","quién lo introdujo y cuándo","identidad=«simbiosis»; campo=«quién lo introdujo y cuándo»; valor=«NO BUSCADO en esta tabla (motivo: las C documentan usos, no una atribución histórica única)»","0","434","a08bc1a1584b2a31a0da0d84efd1de350abf318b9a2cfa7e0a94e0f34cb0f043","8a33be0a189a42fe8a6c4b14ae5e36aa8df9da89aa312c045c6fd99de3c3f355","d1e8d0a273fc5a24de14fe1b564211f1a9356d22d3b741a6de60f67245df19a4","ExactCooccurrenceIndex.count(nominal_components(nominal_query(fila_residual))); corpus fuente decodificado y normalizado por source_snapshot; resultado literal, no ausencia científica ni adjudicación de revisión."
"BN-546","011e1376c7ccd19b9db4aee45a07fbf97fa915ccadef676efdb08d397f8f8e9e","REINSPECCION","2026-09-26T21:21:41Z","/root/revision_residuales","C-2802","data/busquedas_negativas/15_8_15-8-nombres-y-nomenclatura.csv","data/tablas/14/table-58-14-8-3-terminos-problematicos-y-reemplazos.csv","17","quién lo introdujo y cuándo","identidad=«eucariota primitivo»; campo=«quién lo introdujo y cuándo»; valor=«NO APLICA como acuñación única; es una etiqueta criticada»","0","434","a08bc1a1584b2a31a0da0d84efd1de350abf318b9a2cfa7e0a94e0f34cb0f043","8a33be0a189a42fe8a6c4b14ae5e36aa8df9da89aa312c045c6fd99de3c3f355","d1e8d0a273fc5a24de14fe1b564211f1a9356d22d3b741a6de60f67245df19a4","ExactCooccurrenceIndex.count(nominal_components(nominal_query(fila_residual))); corpus fuente decodificado y normalizado por source_snapshot; resultado literal, no ausencia científica ni adjudicación de revisión."
"BN-547","3d03733039c34857a2c30137fe4420d8eff4ffc5f26bf1d78ce1cf4b18710286","REINSPECCION","2026-09-26T21:21:41Z","/root/revision_residuales","C-2803","data/busquedas_negativas/15_8_15-8-nombres-y-nomenclatura.csv","data/tablas/14/table-58-14-8-3-terminos-problematicos-y-reemplazos.csv","18","quién lo introdujo y cuándo","identidad=«organismo simple»; campo=«quién lo introdujo y cuándo»; valor=«NO APLICA como acuñación única; es un descriptor subespecificado»","0","434","a08bc1a1584b2a31a0da0d84efd1de350abf318b9a2cfa7e0a94e0f34cb0f043","8a33be0a189a42fe8a6c4b14ae5e36aa8df9da89aa312c045c6fd99de3c3f355","d1e8d0a273fc5a24de14fe1b564211f1a9356d22d3b741a6de60f67245df19a4","ExactCooccurrenceIndex.count(nominal_components(nominal_query(fila_residual))); corpus fuente decodificado y normalizado por source_snapshot; resultado literal, no ausencia científica ni adjudicación de revisión."
"BN-548","827fb3c38780155a4dc42eb58c95ce7cf4840454b4363d98423a0d4b48116c9e","REINSPECCION","2026-09-26T21:21:41Z","/root/revision_residuales","C-2804","data/busquedas_negativas/15_8_15-8-nombres-y-nomenclatura.csv","data/tablas/14/table-58-14-8-3-terminos-problematicos-y-reemplazos.csv","19","quién lo introdujo y cuándo","identidad=«fósil viviente»; campo=«quién lo introdujo y cuándo»; valor=«NO BUSCADO para acuñación (motivo: las C evalúan criterios contemporáneos)»","0","434","a08bc1a1584b2a31a0da0d84efd1de350abf318b9a2cfa7e0a94e0f34cb0f043","8a33be0a189a42fe8a6c4b14ae5e36aa8df9da89aa312c045c6fd99de3c3f355","d1e8d0a273fc5a24de14fe1b564211f1a9356d22d3b741a6de60f67245df19a4","ExactCooccurrenceIndex.count(nominal_components(nominal_query(fila_residual))); corpus fuente decodificado y normalizado por source_snapshot; resultado literal, no ausencia científica ni adjudicación de revisión."
"BN-549","d9b6170b1fc94d922c3a186e3626194f7f56acd87d2db645f71d313fb7550124","REINSPECCION","2026-09-26T21:21:42Z","/root/revision_residuales","C-2805","data/busquedas_negativas/15_3_15-3-raiz-eucariota-y-corredor-filogenetico.csv","data/tablas/15/table-59-15-1-mapa-del-terreno-probatorio.csv","5","resolución temporal","identidad=«biomarcadores»; campo=«resolución temporal»; valor=«edad del estrato y resolución del muestreo geoquímico, no fecha de divergencia directa»","0","434","a08bc1a1584b2a31a0da0d84efd1de350abf318b9a2cfa7e0a94e0f34cb0f043","8a33be0a189a42fe8a6c4b14ae5e36aa8df9da89aa312c045c6fd99de3c3f355","d1e8d0a273fc5a24de14fe1b564211f1a9356d22d3b741a6de60f67245df19a4","ExactCooccurrenceIndex.count(nominal_components(nominal_query(fila_residual))); corpus fuente decodificado y normalizado por source_snapshot; resultado literal, no ausencia científica ni adjudicación de revisión."
"BN-550","602f9245a65511ca9f3dd17691cda14da0d3f93d9ee9c8bf61ba4e12deb38722","REINSPECCION","2026-09-26T21:21:42Z","/root/revision_residuales","C-2806","data/busquedas_negativas/15_3_15-3-raiz-eucariota-y-corredor-filogenetico.csv","data/tablas/15/table-61-15-3-nodos-fechas-y-relaciones-debiles.csv","2","qué dato discriminaría mejor","identidad=«raíz de Eukaryota»; campo=«qué dato discriminaría mejor»; valor=«más muestreo de linajes profundos y modelos que acomoden heterogeneidad con pruebas de artefacto; pregunta abierta: qué raíz permanece al variar ambos»","0","434","a08bc1a1584b2a31a0da0d84efd1de350abf318b9a2cfa7e0a94e0f34cb0f043","8a33be0a189a42fe8a6c4b14ae5e36aa8df9da89aa312c045c6fd99de3c3f355","d1e8d0a273fc5a24de14fe1b564211f1a9356d22d3b741a6de60f67245df19a4","ExactCooccurrenceIndex.count(nominal_components(nominal_query(fila_residual))); corpus fuente decodificado y normalizado por source_snapshot; resultado literal, no ausencia científica ni adjudicación de revisión."
"BN-551","ae37de959d3ecb37046f964e130cda5c8793d10c085fb38b1cdddf014379691e","REINSPECCION","2026-09-26T21:21:42Z","/root/revision_residuales","C-2807","data/busquedas_negativas/15_3_15-3-raiz-eucariota-y-corredor-filogenetico.csv","data/tablas/15/table-61-15-3-nodos-fechas-y-relaciones-debiles.csv","3","qué dato discriminaría mejor","identidad=«inserción de Eukaryota en Asgard»; campo=«qué dato discriminaría mejor»; valor=«más genomas asgard de alta calidad y matrices sometidas a los mismos filtros/modelos; pregunta abierta: qué rama asgard resulta hermana estable»","0","434","a08bc1a1584b2a31a0da0d84efd1de350abf318b9a2cfa7e0a94e0f34cb0f043","8a33be0a189a42fe8a6c4b14ae5e36aa8df9da89aa312c045c6fd99de3c3f355","d1e8d0a273fc5a24de14fe1b564211f1a9356d22d3b741a6de60f67245df19a4","ExactCooccurrenceIndex.count(nominal_components(nominal_query(fila_residual))); corpus fuente decodificado y normalizado por source_snapshot; resultado literal, no ausencia científica ni adjudicación de revisión."
"BN-552","e2128ed219b8c9f943b7c2a64cae80faaf7a3364fe905c51e4739f1bb7194639","REINSPECCION","2026-09-26T21:21:42Z","/root/revision_residuales","C-2808","data/busquedas_negativas/15_3_15-3-raiz-eucariota-y-corredor-filogenetico.csv","data/tablas/15/table-61-15-3-nodos-fechas-y-relaciones-debiles.csv","4","qué dato discriminaría mejor","identidad=«relaciones internas de Holozoa unicelular»; campo=«qué dato discriminaría mejor»; valor=«más taxones cercanos y loci ortólogos con modelos de heterogeneidad; pregunta abierta: cuál es la posición estable de Tunicaraptor»","0","434","a08bc1a1584b2a31a0da0d84efd1de350abf318b9a2cfa7e0a94e0f34cb0f043","8a33be0a189a42fe8a6c4b14ae5e36aa8df9da89aa312c045c6fd99de3c3f355","d1e8d0a273fc5a24de14fe1b564211f1a9356d22d3b741a6de60f67245df19a4","ExactCooccurrenceIndex.count(nominal_components(nominal_query(fila_residual))); corpus fuente decodificado y normalizado por source_snapshot; resultado literal, no ausencia científica ni adjudicación de revisión."
"BN-553","c1bace277f5597863e9656425e001e02f82291f5018424c67a1a9d5feddf6122","REINSPECCION","2026-09-26T21:21:43Z","/root/revision_residuales","C-2809","data/busquedas_negativas/15_3_15-3-raiz-eucariota-y-corredor-filogenetico.csv","data/tablas/15/table-61-15-3-nodos-fechas-y-relaciones-debiles.csv","5","qué dato discriminaría mejor","identidad=«fósiles proterozoicos candidatos»; campo=«qué dato discriminaría mejor»; valor=«caracteres diagnósticos adicionales, preservación tridimensional o química y contexto datado; pregunta abierta: qué candidatos discriminan corona de tallo»","0","434","a08bc1a1584b2a31a0da0d84efd1de350abf318b9a2cfa7e0a94e0f34cb0f043","8a33be0a189a42fe8a6c4b14ae5e36aa8df9da89aa312c045c6fd99de3c3f355","d1e8d0a273fc5a24de14fe1b564211f1a9356d22d3b741a6de60f67245df19a4","ExactCooccurrenceIndex.count(nominal_components(nominal_query(fila_residual))); corpus fuente decodificado y normalizado por source_snapshot; resultado literal, no ausencia científica ni adjudicación de revisión."
"BN-554","db7f496da4b7747eab914680ce5a5cea1016429e2a0fdd82b281c94fcaff2f8e","REINSPECCION","2026-09-26T21:21:43Z","/root/revision_residuales","C-2811","data/busquedas_negativas/15_3_15-3-raiz-eucariota-y-corredor-filogenetico.csv","data/tablas/15/table-61-15-3-nodos-fechas-y-relaciones-debiles.csv","6","qué dato discriminaría mejor","identidad=«edad de LECA»; campo=«qué dato discriminaría mejor»; valor=«reloj comparado con calibraciones compartidas, raíz explícita y análisis de sensibilidad; pregunta abierta: qué intervalo sobrevive a esas decisiones»","0","434","a08bc1a1584b2a31a0da0d84efd1de350abf318b9a2cfa7e0a94e0f34cb0f043","8a33be0a189a42fe8a6c4b14ae5e36aa8df9da89aa312c045c6fd99de3c3f355","d1e8d0a273fc5a24de14fe1b564211f1a9356d22d3b741a6de60f67245df19a4","ExactCooccurrenceIndex.count(nominal_components(nominal_query(fila_residual))); corpus fuente decodificado y normalizado por source_snapshot; resultado literal, no ausencia científica ni adjudicación de revisión."
"BN-555","2607ab599e6834e7eccceea3da0798cacc0c3f1c8f098fd04aa56c99c593db39","REINSPECCION","2026-09-26T21:21:43Z","/root/revision_residuales","C-2812","data/busquedas_negativas/15_3_15-3-raiz-eucariota-y-corredor-filogenetico.csv","data/tablas/15/table-61-15-3-nodos-fechas-y-relaciones-debiles.csv","7","qué dato discriminaría mejor","identidad=«corona multiespecífica de Corallochytrea»; campo=«qué dato discriminaría mejor»; valor=«muestreo de más de un linaje interno, circunscripción declarada y reloj calibrado; pregunta abierta: cuál es la edad de esa corona»","0","434","a08bc1a1584b2a31a0da0d84efd1de350abf318b9a2cfa7e0a94e0f34cb0f043","8a33be0a189a42fe8a6c4b14ae5e36aa8df9da89aa312c045c6fd99de3c3f355","d1e8d0a273fc5a24de14fe1b564211f1a9356d22d3b741a6de60f67245df19a4","ExactCooccurrenceIndex.count(nominal_components(nominal_query(fila_residual))); corpus fuente decodificado y normalizado por source_snapshot; resultado literal, no ausencia científica ni adjudicación de revisión."
"BN-556","10c4ffed7dcaa69c5bc25822125ac9a6d6ee3ccf75f863ee774a9905710d111c","REINSPECCION","2026-09-26T21:21:43Z","/root/revision_residuales","C-2813","data/busquedas_negativas/15_3_15-3-raiz-eucariota-y-corredor-filogenetico.csv","data/tablas/15/table-61-15-3-nodos-fechas-y-relaciones-debiles.csv","7","qué no depende de resolverlo","identidad=«corona multiespecífica de Corallochytrea»; campo=«qué no depende de resolverlo»; valor=«la existencia y circunscripción operacional de Corallochytrea en el corpus»","0","434","a08bc1a1584b2a31a0da0d84efd1de350abf318b9a2cfa7e0a94e0f34cb0f043","8a33be0a189a42fe8a6c4b14ae5e36aa8df9da89aa312c045c6fd99de3c3f355","d1e8d0a273fc5a24de14fe1b564211f1a9356d22d3b741a6de60f67245df19a4","ExactCooccurrenceIndex.count(nominal_components(nominal_query(fila_residual))); corpus fuente decodificado y normalizado por source_snapshot; resultado literal, no ausencia científica ni adjudicación de revisión."
