"clave_bn","huella_fila_bn_sha256","clase_fecha","fecha_ejecucion","revisor_ejecutor","claim_id_residual","csv_bn","csv_celda","fila_celda","columna_celda","consulta_exacta","coincidencias_artefactos","artefactos_censados","huella_inventario_fuentes_sha256","huella_censo_residual_sha256","huella_script_consulta_sha256","metodo"
"BN-147","f45769852c4ff598b21bf245498db286670761e74b140025a666ef23c4ee9da1","REINSPECCION","2026-09-27T01:26:53Z","/root (autor; no revisión independiente)","C-1996","data/busquedas_negativas/15_1_15-1-punto-de-partida-y-participantes-celulares.csv","data/tablas/02/table-06-2-8-2-el-grupo-vivo-mas-proximo-no-esta-resuelto.csv","2","ecología o hábitat por taxón","identidad=«Martijn et al. 2018»; campo=«ecología o hábitat por taxón»; valor=«no consta por cada clado en la evidencia resumida [BN-114]»","0","451","62fe8db317f35c6679f79343610a8ebd1e1069944c66769b477742860e2791bc","8a33be0a189a42fe8a6c4b14ae5e36aa8df9da89aa312c045c6fd99de3c3f355","8267892735fc5d85b66160ad3906efba1127c076482c4555e79be517f75d93e8","Comprobación por el autor de sum(all(component in text for component in componentes) for text in textos) con ExactCooccurrenceIndex.count; componentes de nominal_query y corpus de source_snapshot. Coinciden ambos; resultado literal, no ausencia científica ni adjudicación de revisión."
"BN-148","00ca9223b8067b36b120c54d2a8eba47bf9cbcab0980120cf9cb8b4df4f5ed65","REINSPECCION","2026-09-27T01:26:54Z","/root (autor; no revisión independiente)","C-1997","data/busquedas_negativas/15_1_15-1-punto-de-partida-y-participantes-celulares.csv","data/tablas/02/table-06-2-8-2-el-grupo-vivo-mas-proximo-no-esta-resuelto.csv","3","ecología o hábitat por taxón","identidad=«Fan et al. 2020»; campo=«ecología o hábitat por taxón»; valor=«no consta por cada taxón en la evidencia resumida [BN-114]»","0","451","62fe8db317f35c6679f79343610a8ebd1e1069944c66769b477742860e2791bc","8a33be0a189a42fe8a6c4b14ae5e36aa8df9da89aa312c045c6fd99de3c3f355","8267892735fc5d85b66160ad3906efba1127c076482c4555e79be517f75d93e8","Comprobación por el autor de sum(all(component in text for component in componentes) for text in textos) con ExactCooccurrenceIndex.count; componentes de nominal_query y corpus de source_snapshot. Coinciden ambos; resultado literal, no ausencia científica ni adjudicación de revisión."
"BN-149","ef4697d0b0e4a06875450271081652750f276fdd3b95e40d315d115dc112ce9f","REINSPECCION","2026-09-27T01:26:55Z","/root (autor; no revisión independiente)","C-1998","data/busquedas_negativas/15_1_15-1-punto-de-partida-y-participantes-celulares.csv","data/tablas/02/table-06-2-8-2-el-grupo-vivo-mas-proximo-no-esta-resuelto.csv","4","ecología o hábitat por taxón","identidad=«Muñoz-Gómez et al. 2022»; campo=«ecología o hábitat por taxón»; valor=«no consta por cada taxón en la evidencia resumida [BN-114]»","0","451","62fe8db317f35c6679f79343610a8ebd1e1069944c66769b477742860e2791bc","8a33be0a189a42fe8a6c4b14ae5e36aa8df9da89aa312c045c6fd99de3c3f355","8267892735fc5d85b66160ad3906efba1127c076482c4555e79be517f75d93e8","Comprobación por el autor de sum(all(component in text for component in componentes) for text in textos) con ExactCooccurrenceIndex.count; componentes de nominal_query y corpus de source_snapshot. Coinciden ambos; resultado literal, no ausencia científica ni adjudicación de revisión."
"BN-150","c7197af470283b2d2a340425d63a6527f6f482a72d56ee8d65d1de5ad7ffaef0","REINSPECCION","2026-09-27T01:26:55Z","/root (autor; no revisión independiente)","C-2064","data/busquedas_negativas/15_1_15-1-punto-de-partida-y-participantes-celulares.csv","data/tablas/02/table-06-2-8-2-el-grupo-vivo-mas-proximo-no-esta-resuelto.csv","10","posición o alcance","identidad=«S49 tabla 2»; campo=«posición o alcance»; valor=«linaje metagenómico; criterio discriminatorio»","0","451","62fe8db317f35c6679f79343610a8ebd1e1069944c66769b477742860e2791bc","8a33be0a189a42fe8a6c4b14ae5e36aa8df9da89aa312c045c6fd99de3c3f355","8267892735fc5d85b66160ad3906efba1127c076482c4555e79be517f75d93e8","Comprobación por el autor de sum(all(component in text for component in componentes) for text in textos) con ExactCooccurrenceIndex.count; componentes de nominal_query y corpus de source_snapshot. Coinciden ambos; resultado literal, no ausencia científica ni adjudicación de revisión."
"BN-151","66ea0506c3d83aec03a3923df4392988cc0c2de5beb9ddeeabcbe24aa43da2c7","REINSPECCION","2026-09-27T01:26:56Z","/root (autor; no revisión independiente)","C-2086","data/busquedas_negativas/15_1_15-1-punto-de-partida-y-participantes-celulares.csv","data/tablas/02/table-06-2-8-2-el-grupo-vivo-mas-proximo-no-esta-resuelto.csv","12","posición o alcance","identidad=«S49 tabla 2»; campo=«posición o alcance»; valor=«linaje metagenómico; criterio discriminatorio»","0","451","62fe8db317f35c6679f79343610a8ebd1e1069944c66769b477742860e2791bc","8a33be0a189a42fe8a6c4b14ae5e36aa8df9da89aa312c045c6fd99de3c3f355","8267892735fc5d85b66160ad3906efba1127c076482c4555e79be517f75d93e8","Comprobación por el autor de sum(all(component in text for component in componentes) for text in textos) con ExactCooccurrenceIndex.count; componentes de nominal_query y corpus de source_snapshot. Coinciden ambos; resultado literal, no ausencia científica ni adjudicación de revisión."
"BN-152","071d32c68431747a589850da2981f33d38a6c56329d081b5358187f0cbb4580f","REINSPECCION","2026-09-27T01:26:56Z","/root (autor; no revisión independiente)","C-2119","data/busquedas_negativas/15_1_15-1-punto-de-partida-y-participantes-celulares.csv","data/tablas/02/table-06-2-8-2-el-grupo-vivo-mas-proximo-no-esta-resuelto.csv","15","posición o alcance","identidad=«S49 tabla 2»; campo=«posición o alcance»; valor=«linaje metagenómico; agrupa con Iodidimonas»","0","451","62fe8db317f35c6679f79343610a8ebd1e1069944c66769b477742860e2791bc","8a33be0a189a42fe8a6c4b14ae5e36aa8df9da89aa312c045c6fd99de3c3f355","8267892735fc5d85b66160ad3906efba1127c076482c4555e79be517f75d93e8","Comprobación por el autor de sum(all(component in text for component in componentes) for text in textos) con ExactCooccurrenceIndex.count; componentes de nominal_query y corpus de source_snapshot. Coinciden ambos; resultado literal, no ausencia científica ni adjudicación de revisión."
"BN-153","b330920b0c627fd2f2402f716d23def1ffe0aeeae70b9397464e2a0b2b8f7d50","REINSPECCION","2026-09-27T01:26:57Z","/root (autor; no revisión independiente)","C-2222","data/busquedas_negativas/15_1_15-1-punto-de-partida-y-participantes-celulares.csv","data/tablas/02/table-06-2-8-2-el-grupo-vivo-mas-proximo-no-esta-resuelto.csv","25","posición o alcance","identidad=«S49 tabla 3»; campo=«posición o alcance»; valor=«distribución metabólica, no posición filogenética»","0","451","62fe8db317f35c6679f79343610a8ebd1e1069944c66769b477742860e2791bc","8a33be0a189a42fe8a6c4b14ae5e36aa8df9da89aa312c045c6fd99de3c3f355","8267892735fc5d85b66160ad3906efba1127c076482c4555e79be517f75d93e8","Comprobación por el autor de sum(all(component in text for component in componentes) for text in textos) con ExactCooccurrenceIndex.count; componentes de nominal_query y corpus de source_snapshot. Coinciden ambos; resultado literal, no ausencia científica ni adjudicación de revisión."
"BN-154","18bb0f16b6146174393c13a9bbe52cb0615b0fcdf770c53224b79004791a2e1b","REINSPECCION","2026-09-27T01:26:58Z","/root (autor; no revisión independiente)","C-2226","data/busquedas_negativas/15_1_15-1-punto-de-partida-y-participantes-celulares.csv","data/tablas/02/table-06-2-8-2-el-grupo-vivo-mas-proximo-no-esta-resuelto.csv","26","posición o alcance","identidad=«S49 tabla 3»; campo=«posición o alcance»; valor=«distribución metabólica, no posición filogenética»","0","451","62fe8db317f35c6679f79343610a8ebd1e1069944c66769b477742860e2791bc","8a33be0a189a42fe8a6c4b14ae5e36aa8df9da89aa312c045c6fd99de3c3f355","8267892735fc5d85b66160ad3906efba1127c076482c4555e79be517f75d93e8","Comprobación por el autor de sum(all(component in text for component in componentes) for text in textos) con ExactCooccurrenceIndex.count; componentes de nominal_query y corpus de source_snapshot. Coinciden ambos; resultado literal, no ausencia científica ni adjudicación de revisión."
"BN-155","096a06f9d8860a0f722afa31f8896fd912c916998f7103ddff19c648855f88fd","REINSPECCION","2026-09-27T01:26:58Z","/root (autor; no revisión independiente)","C-2230","data/busquedas_negativas/15_1_15-1-punto-de-partida-y-participantes-celulares.csv","data/tablas/02/table-06-2-8-2-el-grupo-vivo-mas-proximo-no-esta-resuelto.csv","27","posición o alcance","identidad=«S49 tabla 3»; campo=«posición o alcance»; valor=«distribución metabólica, no posición filogenética»","0","451","62fe8db317f35c6679f79343610a8ebd1e1069944c66769b477742860e2791bc","8a33be0a189a42fe8a6c4b14ae5e36aa8df9da89aa312c045c6fd99de3c3f355","8267892735fc5d85b66160ad3906efba1127c076482c4555e79be517f75d93e8","Comprobación por el autor de sum(all(component in text for component in componentes) for text in textos) con ExactCooccurrenceIndex.count; componentes de nominal_query y corpus de source_snapshot. Coinciden ambos; resultado literal, no ausencia científica ni adjudicación de revisión."
"BN-156","e8e2c7bfe94c8f68c855843f9168db1329bb81510cd531c36a2ac4f7e0ca34ef","REINSPECCION","2026-09-27T01:26:58Z","/root (autor; no revisión independiente)","C-2234","data/busquedas_negativas/15_1_15-1-punto-de-partida-y-participantes-celulares.csv","data/tablas/02/table-06-2-8-2-el-grupo-vivo-mas-proximo-no-esta-resuelto.csv","28","posición o alcance","identidad=«S49 tabla 3»; campo=«posición o alcance»; valor=«distribución metabólica, no posición filogenética»","0","451","62fe8db317f35c6679f79343610a8ebd1e1069944c66769b477742860e2791bc","8a33be0a189a42fe8a6c4b14ae5e36aa8df9da89aa312c045c6fd99de3c3f355","8267892735fc5d85b66160ad3906efba1127c076482c4555e79be517f75d93e8","Comprobación por el autor de sum(all(component in text for component in componentes) for text in textos) con ExactCooccurrenceIndex.count; componentes de nominal_query y corpus de source_snapshot. Coinciden ambos; resultado literal, no ausencia científica ni adjudicación de revisión."
"BN-157","12a9da04cf25ff9155fe6ab90d27363c8a723bde97c589d844577a359dad041f","REINSPECCION","2026-09-27T01:26:59Z","/root (autor; no revisión independiente)","C-2238","data/busquedas_negativas/15_1_15-1-punto-de-partida-y-participantes-celulares.csv","data/tablas/02/table-06-2-8-2-el-grupo-vivo-mas-proximo-no-esta-resuelto.csv","29","posición o alcance","identidad=«S49 tabla 3»; campo=«posición o alcance»; valor=«distribución metabólica, no posición filogenética»","0","451","62fe8db317f35c6679f79343610a8ebd1e1069944c66769b477742860e2791bc","8a33be0a189a42fe8a6c4b14ae5e36aa8df9da89aa312c045c6fd99de3c3f355","8267892735fc5d85b66160ad3906efba1127c076482c4555e79be517f75d93e8","Comprobación por el autor de sum(all(component in text for component in componentes) for text in textos) con ExactCooccurrenceIndex.count; componentes de nominal_query y corpus de source_snapshot. Coinciden ambos; resultado literal, no ausencia científica ni adjudicación de revisión."
"BN-158","6fa94824a63a133b82a0df3705ebc42c5076caf3fd651ef8231e59bcc1c9de58","REINSPECCION","2026-09-27T01:26:59Z","/root (autor; no revisión independiente)","C-2242","data/busquedas_negativas/15_1_15-1-punto-de-partida-y-participantes-celulares.csv","data/tablas/02/table-06-2-8-2-el-grupo-vivo-mas-proximo-no-esta-resuelto.csv","30","posición o alcance","identidad=«S49 tabla 3»; campo=«posición o alcance»; valor=«metabolismo anaerobio; no posición filogenética»","0","451","62fe8db317f35c6679f79343610a8ebd1e1069944c66769b477742860e2791bc","8a33be0a189a42fe8a6c4b14ae5e36aa8df9da89aa312c045c6fd99de3c3f355","8267892735fc5d85b66160ad3906efba1127c076482c4555e79be517f75d93e8","Comprobación por el autor de sum(all(component in text for component in componentes) for text in textos) con ExactCooccurrenceIndex.count; componentes de nominal_query y corpus de source_snapshot. Coinciden ambos; resultado literal, no ausencia científica ni adjudicación de revisión."
"BN-159","9efdd8bdeae203f9997516ed5c2bae6f656538a2287e1cf162fc4044e80034d8","REINSPECCION","2026-09-27T01:27:00Z","/root (autor; no revisión independiente)","C-2254","data/busquedas_negativas/15_1_15-1-punto-de-partida-y-participantes-celulares.csv","data/tablas/02/table-06-2-8-2-el-grupo-vivo-mas-proximo-no-esta-resuelto.csv","33","posición o alcance","identidad=«S49 tabla 3»; campo=«posición o alcance»; valor=«clasificación de membrana; no posición filogenética»","0","451","62fe8db317f35c6679f79343610a8ebd1e1069944c66769b477742860e2791bc","8a33be0a189a42fe8a6c4b14ae5e36aa8df9da89aa312c045c6fd99de3c3f355","8267892735fc5d85b66160ad3906efba1127c076482c4555e79be517f75d93e8","Comprobación por el autor de sum(all(component in text for component in componentes) for text in textos) con ExactCooccurrenceIndex.count; componentes de nominal_query y corpus de source_snapshot. Coinciden ambos; resultado literal, no ausencia científica ni adjudicación de revisión."
"BN-160","99a31ec4d8dadeb8b6c5e850eef6e6b7cb797ed9c32d40b5bd4b3817e5a33513","REINSPECCION","2026-09-27T01:27:00Z","/root (autor; no revisión independiente)","C-2258","data/busquedas_negativas/15_1_15-1-punto-de-partida-y-participantes-celulares.csv","data/tablas/02/table-06-2-8-2-el-grupo-vivo-mas-proximo-no-esta-resuelto.csv","34","posición o alcance","identidad=«S49 tabla 3»; campo=«posición o alcance»; valor=«distribución metabólica, no posición filogenética»","0","451","62fe8db317f35c6679f79343610a8ebd1e1069944c66769b477742860e2791bc","8a33be0a189a42fe8a6c4b14ae5e36aa8df9da89aa312c045c6fd99de3c3f355","8267892735fc5d85b66160ad3906efba1127c076482c4555e79be517f75d93e8","Comprobación por el autor de sum(all(component in text for component in componentes) for text in textos) con ExactCooccurrenceIndex.count; componentes de nominal_query y corpus de source_snapshot. Coinciden ambos; resultado literal, no ausencia científica ni adjudicación de revisión."
"BN-161","f72c860ec6fd203230dc4d806a19cf2b872c64296751f8ddf113a427e7ddc856","REINSPECCION","2026-09-27T01:27:00Z","/root (autor; no revisión independiente)","C-2270","data/busquedas_negativas/15_1_15-1-punto-de-partida-y-participantes-celulares.csv","data/tablas/02/table-06-2-8-2-el-grupo-vivo-mas-proximo-no-esta-resuelto.csv","37","posición o alcance","identidad=«S49 tabla 3»; campo=«posición o alcance»; valor=«distribución metabólica, no posición filogenética»","0","451","62fe8db317f35c6679f79343610a8ebd1e1069944c66769b477742860e2791bc","8a33be0a189a42fe8a6c4b14ae5e36aa8df9da89aa312c045c6fd99de3c3f355","8267892735fc5d85b66160ad3906efba1127c076482c4555e79be517f75d93e8","Comprobación por el autor de sum(all(component in text for component in componentes) for text in textos) con ExactCooccurrenceIndex.count; componentes de nominal_query y corpus de source_snapshot. Coinciden ambos; resultado literal, no ausencia científica ni adjudicación de revisión."
"BN-162","64a7dfde19dde8edbc52663dc8559939f51d3c449b263e725b0ba3f17640d724","REINSPECCION","2026-09-27T01:27:01Z","/root (autor; no revisión independiente)","C-2274","data/busquedas_negativas/15_1_15-1-punto-de-partida-y-participantes-celulares.csv","data/tablas/02/table-06-2-8-2-el-grupo-vivo-mas-proximo-no-esta-resuelto.csv","38","posición o alcance","identidad=«S49 tabla 3»; campo=«posición o alcance»; valor=«similitud de proteínas, no parentesco por sí sola»","0","451","62fe8db317f35c6679f79343610a8ebd1e1069944c66769b477742860e2791bc","8a33be0a189a42fe8a6c4b14ae5e36aa8df9da89aa312c045c6fd99de3c3f355","8267892735fc5d85b66160ad3906efba1127c076482c4555e79be517f75d93e8","Comprobación por el autor de sum(all(component in text for component in componentes) for text in textos) con ExactCooccurrenceIndex.count; componentes de nominal_query y corpus de source_snapshot. Coinciden ambos; resultado literal, no ausencia científica ni adjudicación de revisión."
"BN-163","72d941ffeabc21bc76542caefee5bf7ab12c0caa8fceba67892736896504c6de","REINSPECCION","2026-09-27T01:27:02Z","/root (autor; no revisión independiente)","C-2275","data/busquedas_negativas/15_1_15-1-punto-de-partida-y-participantes-celulares.csv","data/tablas/02/table-06a-2-8-2-diversidad-ecologia-metabolismo-posicion-alphaproteobacteria.csv","2","diversidad interna documentada","identidad=«Rickettsiales»; campo=«diversidad interna documentada»; valor=«linaje temprano de las 15 unidades comparadas; incluye genomas reducidos»","0","451","62fe8db317f35c6679f79343610a8ebd1e1069944c66769b477742860e2791bc","8a33be0a189a42fe8a6c4b14ae5e36aa8df9da89aa312c045c6fd99de3c3f355","8267892735fc5d85b66160ad3906efba1127c076482c4555e79be517f75d93e8","Comprobación por el autor de sum(all(component in text for component in componentes) for text in textos) con ExactCooccurrenceIndex.count; componentes de nominal_query y corpus de source_snapshot. Coinciden ambos; resultado literal, no ausencia científica ni adjudicación de revisión."
"BN-164","0afa06ffc733cf838e7accba42ed44cc428d6f7e79a1ef59cb6b44b72f05bc4e","REINSPECCION","2026-09-27T01:27:02Z","/root (autor; no revisión independiente)","C-2276","data/busquedas_negativas/15_1_15-1-punto-de-partida-y-participantes-celulares.csv","data/tablas/02/table-06a-2-8-2-diversidad-ecologia-metabolismo-posicion-alphaproteobacteria.csv","2","ecología o tipo de vida explícito","identidad=«Rickettsiales»; campo=«ecología o tipo de vida explícito»; valor=«no consta una ficha ecológica representativa del linaje en los pasajes de S49 usados aquí»","0","451","62fe8db317f35c6679f79343610a8ebd1e1069944c66769b477742860e2791bc","8a33be0a189a42fe8a6c4b14ae5e36aa8df9da89aa312c045c6fd99de3c3f355","8267892735fc5d85b66160ad3906efba1127c076482c4555e79be517f75d93e8","Comprobación por el autor de sum(all(component in text for component in componentes) for text in textos) con ExactCooccurrenceIndex.count; componentes de nominal_query y corpus de source_snapshot. Coinciden ambos; resultado literal, no ausencia científica ni adjudicación de revisión."
"BN-165","12ea445160ecfcf241a90a2ffe6b5b6b50496ab21347de70fcb258e97622a871","REINSPECCION","2026-09-27T01:27:02Z","/root (autor; no revisión independiente)","C-2277","data/busquedas_negativas/15_1_15-1-punto-de-partida-y-participantes-celulares.csv","data/tablas/02/table-06a-2-8-2-diversidad-ecologia-metabolismo-posicion-alphaproteobacteria.csv","2","metabolismo documentado","identidad=«Rickettsiales»; campo=«metabolismo documentado»; valor=«puntuación acumulada de rasgos aerobios significativamente menor que la de mitocondrias aerobias; sin evidencia bioquímica de cardiolipina localizada por S49»","0","451","62fe8db317f35c6679f79343610a8ebd1e1069944c66769b477742860e2791bc","8a33be0a189a42fe8a6c4b14ae5e36aa8df9da89aa312c045c6fd99de3c3f355","8267892735fc5d85b66160ad3906efba1127c076482c4555e79be517f75d93e8","Comprobación por el autor de sum(all(component in text for component in componentes) for text in textos) con ExactCooccurrenceIndex.count; componentes de nominal_query y corpus de source_snapshot. Coinciden ambos; resultado literal, no ausencia científica ni adjudicación de revisión."
"BN-166","6010a954d8f10317730f5f8eeaa4123a6a51d770c86c7ee7acf02af37c233da6","REINSPECCION","2026-09-27T01:27:03Z","/root (autor; no revisión independiente)","C-2278","data/busquedas_negativas/15_1_15-1-punto-de-partida-y-participantes-celulares.csv","data/tablas/02/table-06a-2-8-2-diversidad-ecologia-metabolismo-posicion-alphaproteobacteria.csv","2","posición filogenética o relación con mitocondrias","identidad=«Rickettsiales»; campo=«posición filogenética o relación con mitocondrias»; valor=«extremo temprano del muestreo de S49; la ausencia de la sintenia Cox11–COX3 y otros filtros llevaron a S49 a excluirlo como mejor candidato metabólico»","0","451","62fe8db317f35c6679f79343610a8ebd1e1069944c66769b477742860e2791bc","8a33be0a189a42fe8a6c4b14ae5e36aa8df9da89aa312c045c6fd99de3c3f355","8267892735fc5d85b66160ad3906efba1127c076482c4555e79be517f75d93e8","Comprobación por el autor de sum(all(component in text for component in componentes) for text in textos) con ExactCooccurrenceIndex.count; componentes de nominal_query y corpus de source_snapshot. Coinciden ambos; resultado literal, no ausencia científica ni adjudicación de revisión."
"BN-167","13ce51b09d4cf65ebe40b764f6da05f06f89073861612884b47fdfdd04502f11","REINSPECCION","2026-09-27T01:27:03Z","/root (autor; no revisión independiente)","C-2280","data/busquedas_negativas/15_1_15-1-punto-de-partida-y-participantes-celulares.csv","data/tablas/02/table-06a-2-8-2-diversidad-ecologia-metabolismo-posicion-alphaproteobacteria.csv","3","diversidad interna documentada","identidad=«Holosporales»; campo=«diversidad interna documentada»; valor=«unidad analítica separada con genomas ricos en AT»","0","451","62fe8db317f35c6679f79343610a8ebd1e1069944c66769b477742860e2791bc","8a33be0a189a42fe8a6c4b14ae5e36aa8df9da89aa312c045c6fd99de3c3f355","8267892735fc5d85b66160ad3906efba1127c076482c4555e79be517f75d93e8","Comprobación por el autor de sum(all(component in text for component in componentes) for text in textos) con ExactCooccurrenceIndex.count; componentes de nominal_query y corpus de source_snapshot. Coinciden ambos; resultado literal, no ausencia científica ni adjudicación de revisión."
"BN-168","8a43be31f26d6a09fc862ef4b5087f649b99c15e86d7f689bf59ae908def4a8a","REINSPECCION","2026-09-27T01:27:04Z","/root (autor; no revisión independiente)","C-2281","data/busquedas_negativas/15_1_15-1-punto-de-partida-y-participantes-celulares.csv","data/tablas/02/table-06a-2-8-2-diversidad-ecologia-metabolismo-posicion-alphaproteobacteria.csv","3","ecología o tipo de vida explícito","identidad=«Holosporales»; campo=«ecología o tipo de vida explícito»; valor=«no consta una ficha ecológica representativa del linaje en los pasajes de S49 usados aquí»","0","451","62fe8db317f35c6679f79343610a8ebd1e1069944c66769b477742860e2791bc","8a33be0a189a42fe8a6c4b14ae5e36aa8df9da89aa312c045c6fd99de3c3f355","8267892735fc5d85b66160ad3906efba1127c076482c4555e79be517f75d93e8","Comprobación por el autor de sum(all(component in text for component in componentes) for text in textos) con ExactCooccurrenceIndex.count; componentes de nominal_query y corpus de source_snapshot. Coinciden ambos; resultado literal, no ausencia científica ni adjudicación de revisión."
"BN-169","f94b406a3a161d13a0a4b86494e4ea3e7a91c0bd2dcdf79d224da0b77308cb78","REINSPECCION","2026-09-27T01:27:04Z","/root (autor; no revisión independiente)","C-2282","data/busquedas_negativas/15_1_15-1-punto-de-partida-y-participantes-celulares.csv","data/tablas/02/table-06a-2-8-2-diversidad-ecologia-metabolismo-posicion-alphaproteobacteria.csv","3","posición filogenética o relación con mitocondrias","identidad=«Holosporales»; campo=«posición filogenética o relación con mitocondrias»; valor=«posición intermedia entre Rickettsiales y Rhodospirillales después de corregir composición rica en AT»","0","451","62fe8db317f35c6679f79343610a8ebd1e1069944c66769b477742860e2791bc","8a33be0a189a42fe8a6c4b14ae5e36aa8df9da89aa312c045c6fd99de3c3f355","8267892735fc5d85b66160ad3906efba1127c076482c4555e79be517f75d93e8","Comprobación por el autor de sum(all(component in text for component in componentes) for text in textos) con ExactCooccurrenceIndex.count; componentes de nominal_query y corpus de source_snapshot. Coinciden ambos; resultado literal, no ausencia científica ni adjudicación de revisión."
"BN-170","09212412e3e38718fec8d16980188d73b5c8cc5c06404260f0fe086d2aa3358c","REINSPECCION","2026-09-27T01:27:05Z","/root (autor; no revisión independiente)","C-2283","data/busquedas_negativas/15_1_15-1-punto-de-partida-y-participantes-celulares.csv","data/tablas/02/table-06a-2-8-2-diversidad-ecologia-metabolismo-posicion-alphaproteobacteria.csv","3","clase de evidencia y límite","identidad=«Holosporales»; campo=«clase de evidencia y límite»; valor=«posición y metabolismo proceden del esquema analítico de S49; no se extrapola ecología desde el nombre del clado»","0","451","62fe8db317f35c6679f79343610a8ebd1e1069944c66769b477742860e2791bc","8a33be0a189a42fe8a6c4b14ae5e36aa8df9da89aa312c045c6fd99de3c3f355","8267892735fc5d85b66160ad3906efba1127c076482c4555e79be517f75d93e8","Comprobación por el autor de sum(all(component in text for component in componentes) for text in textos) con ExactCooccurrenceIndex.count; componentes de nominal_query y corpus de source_snapshot. Coinciden ambos; resultado literal, no ausencia científica ni adjudicación de revisión."
"BN-171","c5e3fb56e2ce6800fbf9f88af24ff7c1a3c301cc420b57f421ce4e9f25fcebd3","REINSPECCION","2026-09-27T01:27:05Z","/root (autor; no revisión independiente)","C-2284","data/busquedas_negativas/15_1_15-1-punto-de-partida-y-participantes-celulares.csv","data/tablas/02/table-06a-2-8-2-diversidad-ecologia-metabolismo-posicion-alphaproteobacteria.csv","4","metabolismo documentado","identidad=«Rhodospirillales, incluidas Methylocystaceae»; campo=«metabolismo documentado»; valor=«M16B próximo al operón COX con M32 en Rhodospirillales; SPT en algunos miembros; Methylocystaceae con SPT»","0","451","62fe8db317f35c6679f79343610a8ebd1e1069944c66769b477742860e2791bc","8a33be0a189a42fe8a6c4b14ae5e36aa8df9da89aa312c045c6fd99de3c3f355","8267892735fc5d85b66160ad3906efba1127c076482c4555e79be517f75d93e8","Comprobación por el autor de sum(all(component in text for component in componentes) for text in textos) con ExactCooccurrenceIndex.count; componentes de nominal_query y corpus de source_snapshot. Coinciden ambos; resultado literal, no ausencia científica ni adjudicación de revisión."
"BN-172","c585c69ce1ea16f32e2fa0d26fa285cce80d15c6d7a9392e99774c3715eb50c8","REINSPECCION","2026-09-27T01:27:05Z","/root (autor; no revisión independiente)","C-2285","data/busquedas_negativas/15_1_15-1-punto-de-partida-y-participantes-celulares.csv","data/tablas/02/table-06a-2-8-2-diversidad-ecologia-metabolismo-posicion-alphaproteobacteria.csv","4","posición filogenética o relación con mitocondrias","identidad=«Rhodospirillales, incluidas Methylocystaceae»; campo=«posición filogenética o relación con mitocondrias»; valor=«superorden diverso de posición intermedia; algunos grupos marinos y Holosporales se evalúan respecto de él»","0","451","62fe8db317f35c6679f79343610a8ebd1e1069944c66769b477742860e2791bc","8a33be0a189a42fe8a6c4b14ae5e36aa8df9da89aa312c045c6fd99de3c3f355","8267892735fc5d85b66160ad3906efba1127c076482c4555e79be517f75d93e8","Comprobación por el autor de sum(all(component in text for component in componentes) for text in textos) con ExactCooccurrenceIndex.count; componentes de nominal_query y corpus de source_snapshot. Coinciden ambos; resultado literal, no ausencia científica ni adjudicación de revisión."
"BN-173","546ec3fae47585b2394dddd011a8418a997c6b1edc97b1debbc9bca99714a0b5","REINSPECCION","2026-09-27T01:27:06Z","/root (autor; no revisión independiente)","C-2286","data/busquedas_negativas/15_1_15-1-punto-de-partida-y-participantes-celulares.csv","data/tablas/02/table-06a-2-8-2-diversidad-ecologia-metabolismo-posicion-alphaproteobacteria.csv","5","metabolismo documentado","identidad=«MarineAlpha: HIMB59, TMED109 y TMED127»; campo=«metabolismo documentado»; valor=«puntuación acumulada de rasgos aerobios significativamente menor que la de mitocondrias aerobias»","0","451","62fe8db317f35c6679f79343610a8ebd1e1069944c66769b477742860e2791bc","8a33be0a189a42fe8a6c4b14ae5e36aa8df9da89aa312c045c6fd99de3c3f355","8267892735fc5d85b66160ad3906efba1127c076482c4555e79be517f75d93e8","Comprobación por el autor de sum(all(component in text for component in componentes) for text in textos) con ExactCooccurrenceIndex.count; componentes de nominal_query y corpus de source_snapshot. Coinciden ambos; resultado literal, no ausencia científica ni adjudicación de revisión."
"BN-174","62ee8b0fd00ce6eb2171061e2a954c6875e0ba531faede8b085a54a4624f6a6a","REINSPECCION","2026-09-27T01:27:06Z","/root (autor; no revisión independiente)","C-2289","data/busquedas_negativas/15_1_15-1-punto-de-partida-y-participantes-celulares.csv","data/tablas/02/table-06a-2-8-2-diversidad-ecologia-metabolismo-posicion-alphaproteobacteria.csv","6","metabolismo documentado","identidad=«Sneathiellales y nuevos clados marinos»; campo=«metabolismo documentado»; valor=«Sneathiellales y clados relacionados mostraron puntuaciones aerobias comparables a mitocondrias; los nuevos clados concentran OFOR y otros rasgos anaerobios»","0","451","62fe8db317f35c6679f79343610a8ebd1e1069944c66769b477742860e2791bc","8a33be0a189a42fe8a6c4b14ae5e36aa8df9da89aa312c045c6fd99de3c3f355","8267892735fc5d85b66160ad3906efba1127c076482c4555e79be517f75d93e8","Comprobación por el autor de sum(all(component in text for component in componentes) for text in textos) con ExactCooccurrenceIndex.count; componentes de nominal_query y corpus de source_snapshot. Coinciden ambos; resultado literal, no ausencia científica ni adjudicación de revisión."
"BN-175","086d1b3aae03a799ceb8ef409e9f5bc5432ffa7209015e9e49c89938f5076bca","REINSPECCION","2026-09-27T01:27:07Z","/root (autor; no revisión independiente)","C-2290","data/busquedas_negativas/15_1_15-1-punto-de-partida-y-participantes-celulares.csv","data/tablas/02/table-06a-2-8-2-diversidad-ecologia-metabolismo-posicion-alphaproteobacteria.csv","6","posición filogenética o relación con mitocondrias","identidad=«Sneathiellales y nuevos clados marinos»; campo=«posición filogenética o relación con mitocondrias»; valor=«región filogenética central próxima al conjunto SERIK; separación analítica por diversidad bioenergética»","0","451","62fe8db317f35c6679f79343610a8ebd1e1069944c66769b477742860e2791bc","8a33be0a189a42fe8a6c4b14ae5e36aa8df9da89aa312c045c6fd99de3c3f355","8267892735fc5d85b66160ad3906efba1127c076482c4555e79be517f75d93e8","Comprobación por el autor de sum(all(component in text for component in componentes) for text in textos) con ExactCooccurrenceIndex.count; componentes de nominal_query y corpus de source_snapshot. Coinciden ambos; resultado literal, no ausencia científica ni adjudicación de revisión."
"BN-176","5206edeb6479f227bd0e1dc320c22972c08fb944852eb0afe544487c942b9539","REINSPECCION","2026-09-27T01:27:07Z","/root (autor; no revisión independiente)","C-2292","data/busquedas_negativas/15_1_15-1-punto-de-partida-y-participantes-celulares.csv","data/tablas/02/table-06a-2-8-2-diversidad-ecologia-metabolismo-posicion-alphaproteobacteria.csv","7","diversidad interna documentada","identidad=«Iodidimonadales: *Iodidimonas*, Q-1, J067, J084 y J134»; campo=«diversidad interna documentada»; valor=«orden del grupo SERIK; incluye cultivos y MAG que agrupan con *Iodidimonas*»","0","451","62fe8db317f35c6679f79343610a8ebd1e1069944c66769b477742860e2791bc","8a33be0a189a42fe8a6c4b14ae5e36aa8df9da89aa312c045c6fd99de3c3f355","8267892735fc5d85b66160ad3906efba1127c076482c4555e79be517f75d93e8","Comprobación por el autor de sum(all(component in text for component in componentes) for text in textos) con ExactCooccurrenceIndex.count; componentes de nominal_query y corpus de source_snapshot. Coinciden ambos; resultado literal, no ausencia científica ni adjudicación de revisión."
"BN-177","2300ce976ff1f94d2f23f33506f003b3fa1732d4e2cb32b9ae6cb6068d232e6d","REINSPECCION","2026-09-27T01:27:07Z","/root (autor; no revisión independiente)","C-2293","data/busquedas_negativas/15_1_15-1-punto-de-partida-y-participantes-celulares.csv","data/tablas/02/table-06a-2-8-2-diversidad-ecologia-metabolismo-posicion-alphaproteobacteria.csv","7","metabolismo documentado","identidad=«Iodidimonadales: *Iodidimonas*, Q-1, J067, J084 y J134»; campo=«metabolismo documentado»; valor=«puntuación aerobia comparable a mitocondrias, sintenia M16B–ISP, máxima frecuencia de doble cardiolipina sintasa y combinación de rasgos aerobios y anaerobios»","0","451","62fe8db317f35c6679f79343610a8ebd1e1069944c66769b477742860e2791bc","8a33be0a189a42fe8a6c4b14ae5e36aa8df9da89aa312c045c6fd99de3c3f355","8267892735fc5d85b66160ad3906efba1127c076482c4555e79be517f75d93e8","Comprobación por el autor de sum(all(component in text for component in componentes) for text in textos) con ExactCooccurrenceIndex.count; componentes de nominal_query y corpus de source_snapshot. Coinciden ambos; resultado literal, no ausencia científica ni adjudicación de revisión."
"BN-178","1a137da207dac9b301e5f3fc086d03c525667594c48d05f92df0f37fc23bc5a3","REINSPECCION","2026-09-27T01:27:08Z","/root (autor; no revisión independiente)","C-2294","data/busquedas_negativas/15_1_15-1-punto-de-partida-y-participantes-celulares.csv","data/tablas/02/table-06a-2-8-2-diversidad-ecologia-metabolismo-posicion-alphaproteobacteria.csv","7","posición filogenética o relación con mitocondrias","identidad=«Iodidimonadales: *Iodidimonas*, Q-1, J067, J084 y J134»; campo=«posición filogenética o relación con mitocondrias»; valor=«linaje SERIK mantenido separado; S49 lo propone como mejor candidato funcional y espacio filogenético posible, no como grupo hermano demostrado»","0","451","62fe8db317f35c6679f79343610a8ebd1e1069944c66769b477742860e2791bc","8a33be0a189a42fe8a6c4b14ae5e36aa8df9da89aa312c045c6fd99de3c3f355","8267892735fc5d85b66160ad3906efba1127c076482c4555e79be517f75d93e8","Comprobación por el autor de sum(all(component in text for component in componentes) for text in textos) con ExactCooccurrenceIndex.count; componentes de nominal_query y corpus de source_snapshot. Coinciden ambos; resultado literal, no ausencia científica ni adjudicación de revisión."
"BN-179","a15ec61325d491ceb838ed2764b19259f1ed4093387ca78fb3504b8772a3991c","REINSPECCION","2026-09-27T01:27:08Z","/root (autor; no revisión independiente)","C-2295","data/busquedas_negativas/15_1_15-1-punto-de-partida-y-participantes-celulares.csv","data/tablas/02/table-06a-2-8-2-diversidad-ecologia-metabolismo-posicion-alphaproteobacteria.csv","7","clase de evidencia y límite","identidad=«Iodidimonadales: *Iodidimonas*, Q-1, J067, J084 y J134»; campo=«clase de evidencia y límite»; valor=«genomas de cultivo y MAG, operones, rasgos y árbol COX3; el hábitat no convierte la hipótesis de origen en demostración»","0","451","62fe8db317f35c6679f79343610a8ebd1e1069944c66769b477742860e2791bc","8a33be0a189a42fe8a6c4b14ae5e36aa8df9da89aa312c045c6fd99de3c3f355","8267892735fc5d85b66160ad3906efba1127c076482c4555e79be517f75d93e8","Comprobación por el autor de sum(all(component in text for component in componentes) for text in textos) con ExactCooccurrenceIndex.count; componentes de nominal_query y corpus de source_snapshot. Coinciden ambos; resultado literal, no ausencia científica ni adjudicación de revisión."
"BN-180","1e00f8aa87283580bcc045c349c8b8ecda62798c8b0334a3a95b303df475a8cd","REINSPECCION","2026-09-27T01:27:08Z","/root (autor; no revisión independiente)","C-2296","data/busquedas_negativas/15_1_15-1-punto-de-partida-y-participantes-celulares.csv","data/tablas/02/table-06a-2-8-2-diversidad-ecologia-metabolismo-posicion-alphaproteobacteria.csv","8","diversidad interna documentada","identidad=«Rhodothalassiales + Kordiimonadales»; campo=«diversidad interna documentada»; valor=«unidades fusionadas en el análisis por rasgos comunes; *Kordiimonas pumila* figura nominalmente en tabla 2»","0","451","62fe8db317f35c6679f79343610a8ebd1e1069944c66769b477742860e2791bc","8a33be0a189a42fe8a6c4b14ae5e36aa8df9da89aa312c045c6fd99de3c3f355","8267892735fc5d85b66160ad3906efba1127c076482c4555e79be517f75d93e8","Comprobación por el autor de sum(all(component in text for component in componentes) for text in textos) con ExactCooccurrenceIndex.count; componentes de nominal_query y corpus de source_snapshot. Coinciden ambos; resultado literal, no ausencia científica ni adjudicación de revisión."
"BN-181","09f0ccd36a34458c8f135a84f126011cbcb298deee18c9852b62f1048e03c9d2","REINSPECCION","2026-09-27T01:27:08Z","/root (autor; no revisión independiente)","C-2297","data/busquedas_negativas/15_1_15-1-punto-de-partida-y-participantes-celulares.csv","data/tablas/02/table-06a-2-8-2-diversidad-ecologia-metabolismo-posicion-alphaproteobacteria.csv","8","ecología o tipo de vida explícito","identidad=«Rhodothalassiales + Kordiimonadales»; campo=«ecología o tipo de vida explícito»; valor=«no consta una ficha ecológica representativa de toda la unidad en los pasajes de S49 usados aquí»","0","451","62fe8db317f35c6679f79343610a8ebd1e1069944c66769b477742860e2791bc","8a33be0a189a42fe8a6c4b14ae5e36aa8df9da89aa312c045c6fd99de3c3f355","8267892735fc5d85b66160ad3906efba1127c076482c4555e79be517f75d93e8","Comprobación por el autor de sum(all(component in text for component in componentes) for text in textos) con ExactCooccurrenceIndex.count; componentes de nominal_query y corpus de source_snapshot. Coinciden ambos; resultado literal, no ausencia científica ni adjudicación de revisión."
"BN-182","b4b933ab1a3d312deb3079f151aaadce6c7ade37758b1bdb9254b52c7c462947","REINSPECCION","2026-09-27T01:27:09Z","/root (autor; no revisión independiente)","C-2298","data/busquedas_negativas/15_1_15-1-punto-de-partida-y-participantes-celulares.csv","data/tablas/02/table-06a-2-8-2-diversidad-ecologia-metabolismo-posicion-alphaproteobacteria.csv","8","metabolismo documentado","identidad=«Rhodothalassiales + Kordiimonadales»; campo=«metabolismo documentado»; valor=«Kordiimonadales mostró puntuación aerobia comparable a mitocondrias; tabla 2 registra sintenia ribosomal, SPT/KynU y ≥3 rasgos anaerobios en *K. pumila*»","0","451","62fe8db317f35c6679f79343610a8ebd1e1069944c66769b477742860e2791bc","8a33be0a189a42fe8a6c4b14ae5e36aa8df9da89aa312c045c6fd99de3c3f355","8267892735fc5d85b66160ad3906efba1127c076482c4555e79be517f75d93e8","Comprobación por el autor de sum(all(component in text for component in componentes) for text in textos) con ExactCooccurrenceIndex.count; componentes de nominal_query y corpus de source_snapshot. Coinciden ambos; resultado literal, no ausencia científica ni adjudicación de revisión."
"BN-183","0776c80b3f48e7a36bbbe326c073b4337f17c62cfeba6285cb1d133df814f092","REINSPECCION","2026-09-27T01:27:09Z","/root (autor; no revisión independiente)","C-2299","data/busquedas_negativas/15_1_15-1-punto-de-partida-y-participantes-celulares.csv","data/tablas/02/table-06a-2-8-2-diversidad-ecologia-metabolismo-posicion-alphaproteobacteria.csv","8","posición filogenética o relación con mitocondrias","identidad=«Rhodothalassiales + Kordiimonadales»; campo=«posición filogenética o relación con mitocondrias»; valor=«parte del conjunto SERIK; corona RIK comparada mediante COX3 con mitocondrias»","0","451","62fe8db317f35c6679f79343610a8ebd1e1069944c66769b477742860e2791bc","8a33be0a189a42fe8a6c4b14ae5e36aa8df9da89aa312c045c6fd99de3c3f355","8267892735fc5d85b66160ad3906efba1127c076482c4555e79be517f75d93e8","Comprobación por el autor de sum(all(component in text for component in componentes) for text in textos) con ExactCooccurrenceIndex.count; componentes de nominal_query y corpus de source_snapshot. Coinciden ambos; resultado literal, no ausencia científica ni adjudicación de revisión."
"BN-184","b8fb74cbb3953a16767337e6412dac0ee0895ede34ce31e841363c3ebfb9a440","REINSPECCION","2026-09-27T01:27:09Z","/root (autor; no revisión independiente)","C-2300","data/busquedas_negativas/15_1_15-1-punto-de-partida-y-participantes-celulares.csv","data/tablas/02/table-06a-2-8-2-diversidad-ecologia-metabolismo-posicion-alphaproteobacteria.csv","8","clase de evidencia y límite","identidad=«Rhodothalassiales + Kordiimonadales»; campo=«clase de evidencia y límite»; valor=«fusión analítica de S49, no sinonimia taxonómica; las celdas vacías de tabla 2 no son ausencias»","0","451","62fe8db317f35c6679f79343610a8ebd1e1069944c66769b477742860e2791bc","8a33be0a189a42fe8a6c4b14ae5e36aa8df9da89aa312c045c6fd99de3c3f355","8267892735fc5d85b66160ad3906efba1127c076482c4555e79be517f75d93e8","Comprobación por el autor de sum(all(component in text for component in componentes) for text in textos) con ExactCooccurrenceIndex.count; componentes de nominal_query y corpus de source_snapshot. Coinciden ambos; resultado literal, no ausencia científica ni adjudicación de revisión."
"BN-185","a1f438c788ddcd5fec0e6f7e34373084e4a0c1c884440cb69128c6c5c0aba18a","REINSPECCION","2026-09-27T01:27:10Z","/root (autor; no revisión independiente)","C-2301","data/busquedas_negativas/15_1_15-1-punto-de-partida-y-participantes-celulares.csv","data/tablas/02/table-06a-2-8-2-diversidad-ecologia-metabolismo-posicion-alphaproteobacteria.csv","9","ecología o tipo de vida explícito","identidad=«Pelagibacterales»; campo=«ecología o tipo de vida explícito»; valor=«no consta una ficha ecológica representativa en los pasajes de S49 usados aquí»","0","451","62fe8db317f35c6679f79343610a8ebd1e1069944c66769b477742860e2791bc","8a33be0a189a42fe8a6c4b14ae5e36aa8df9da89aa312c045c6fd99de3c3f355","8267892735fc5d85b66160ad3906efba1127c076482c4555e79be517f75d93e8","Comprobación por el autor de sum(all(component in text for component in componentes) for text in textos) con ExactCooccurrenceIndex.count; componentes de nominal_query y corpus de source_snapshot. Coinciden ambos; resultado literal, no ausencia científica ni adjudicación de revisión."
"BN-186","5de5c6dcfe71551ab68b0c79cd99a62a3d2ae208c71e01d2a18845962d1a3d02","REINSPECCION","2026-09-27T01:27:10Z","/root (autor; no revisión independiente)","C-2302","data/busquedas_negativas/15_1_15-1-punto-de-partida-y-participantes-celulares.csv","data/tablas/02/table-06a-2-8-2-diversidad-ecologia-metabolismo-posicion-alphaproteobacteria.csv","9","clase de evidencia y límite","identidad=«Pelagibacterales»; campo=«clase de evidencia y límite»; valor=«muestreo representativo limitado y comparación de rasgos; no se infiere ecología por el nombre»","0","451","62fe8db317f35c6679f79343610a8ebd1e1069944c66769b477742860e2791bc","8a33be0a189a42fe8a6c4b14ae5e36aa8df9da89aa312c045c6fd99de3c3f355","8267892735fc5d85b66160ad3906efba1127c076482c4555e79be517f75d93e8","Comprobación por el autor de sum(all(component in text for component in componentes) for text in textos) con ExactCooccurrenceIndex.count; componentes de nominal_query y corpus de source_snapshot. Coinciden ambos; resultado literal, no ausencia científica ni adjudicación de revisión."
"BN-187","505bc4a5e2ab13d977fa04ae24109099f6681ea6691d1803140d616ac775761a","REINSPECCION","2026-09-27T01:27:11Z","/root (autor; no revisión independiente)","C-2303","data/busquedas_negativas/15_1_15-1-punto-de-partida-y-participantes-celulares.csv","data/tablas/02/table-06a-2-8-2-diversidad-ecologia-metabolismo-posicion-alphaproteobacteria.csv","10","ecología o tipo de vida explícito","identidad=«Rhizobiales»; campo=«ecología o tipo de vida explícito»; valor=«no consta una ficha ecológica única del orden en los pasajes de S49 usados aquí»","0","451","62fe8db317f35c6679f79343610a8ebd1e1069944c66769b477742860e2791bc","8a33be0a189a42fe8a6c4b14ae5e36aa8df9da89aa312c045c6fd99de3c3f355","8267892735fc5d85b66160ad3906efba1127c076482c4555e79be517f75d93e8","Comprobación por el autor de sum(all(component in text for component in componentes) for text in textos) con ExactCooccurrenceIndex.count; componentes de nominal_query y corpus de source_snapshot. Coinciden ambos; resultado literal, no ausencia científica ni adjudicación de revisión."
"BN-188","d3df17b1072809b5b49e045ee5b25adb1f8c4161fbcc0889a976563cc70f9f60","REINSPECCION","2026-09-27T01:27:11Z","/root (autor; no revisión independiente)","C-2304","data/busquedas_negativas/15_1_15-1-punto-de-partida-y-participantes-celulares.csv","data/tablas/02/table-06a-2-8-2-diversidad-ecologia-metabolismo-posicion-alphaproteobacteria.csv","10","metabolismo documentado","identidad=«Rhizobiales»; campo=«metabolismo documentado»; valor=«puntuación aerobia comparable a mitocondrias; frecuencia máxima de ambos tipos de cardiolipina sintasa; SPT en pocos miembros y rasgos anaerobios en Azospirillaceae»","0","451","62fe8db317f35c6679f79343610a8ebd1e1069944c66769b477742860e2791bc","8a33be0a189a42fe8a6c4b14ae5e36aa8df9da89aa312c045c6fd99de3c3f355","8267892735fc5d85b66160ad3906efba1127c076482c4555e79be517f75d93e8","Comprobación por el autor de sum(all(component in text for component in componentes) for text in textos) con ExactCooccurrenceIndex.count; componentes de nominal_query y corpus de source_snapshot. Coinciden ambos; resultado literal, no ausencia científica ni adjudicación de revisión."
"BN-189","a56f30e08157cb7f8ea79ce0d25217f4d2ed9ac2d2ca329978281f086bf02115","REINSPECCION","2026-09-27T01:27:12Z","/root (autor; no revisión independiente)","C-2305","data/busquedas_negativas/15_1_15-1-punto-de-partida-y-participantes-celulares.csv","data/tablas/02/table-06a-2-8-2-diversidad-ecologia-metabolismo-posicion-alphaproteobacteria.csv","10","posición filogenética o relación con mitocondrias","identidad=«Rhizobiales»; campo=«posición filogenética o relación con mitocondrias»; valor=«posterior a Pelagibacterales en el orden adoptado; próximo a SERIK/Rhodospirillales en análisis COX3 sin ser candidato único»","0","451","62fe8db317f35c6679f79343610a8ebd1e1069944c66769b477742860e2791bc","8a33be0a189a42fe8a6c4b14ae5e36aa8df9da89aa312c045c6fd99de3c3f355","8267892735fc5d85b66160ad3906efba1127c076482c4555e79be517f75d93e8","Comprobación por el autor de sum(all(component in text for component in componentes) for text in textos) con ExactCooccurrenceIndex.count; componentes de nominal_query y corpus de source_snapshot. Coinciden ambos; resultado literal, no ausencia científica ni adjudicación de revisión."
"BN-190","bd8d0a3a7b15a0dbbc1cfe93a8ed8727da122db3fcdcb5e6b79741b4e1f89b2f","REINSPECCION","2026-09-27T01:27:12Z","/root (autor; no revisión independiente)","C-2306","data/busquedas_negativas/15_1_15-1-punto-de-partida-y-participantes-celulares.csv","data/tablas/02/table-06a-2-8-2-diversidad-ecologia-metabolismo-posicion-alphaproteobacteria.csv","10","clase de evidencia y límite","identidad=«Rhizobiales»; campo=«clase de evidencia y límite»; valor=«genómica comparada; heterogeneidad interna explícita impide atribuir cada rasgo a todo el orden»","0","451","62fe8db317f35c6679f79343610a8ebd1e1069944c66769b477742860e2791bc","8a33be0a189a42fe8a6c4b14ae5e36aa8df9da89aa312c045c6fd99de3c3f355","8267892735fc5d85b66160ad3906efba1127c076482c4555e79be517f75d93e8","Comprobación por el autor de sum(all(component in text for component in componentes) for text in textos) con ExactCooccurrenceIndex.count; componentes de nominal_query y corpus de source_snapshot. Coinciden ambos; resultado literal, no ausencia científica ni adjudicación de revisión."
"BN-191","5eed6f710c1cc4c57b105fccc6383c6b0046a3d9de0d51afbb3063e9d534745b","REINSPECCION","2026-09-27T01:27:13Z","/root (autor; no revisión independiente)","C-2307","data/busquedas_negativas/15_1_15-1-punto-de-partida-y-participantes-celulares.csv","data/tablas/02/table-06a-2-8-2-diversidad-ecologia-metabolismo-posicion-alphaproteobacteria.csv","11","ecología o tipo de vida explícito","identidad=«Sphingomonadales»; campo=«ecología o tipo de vida explícito»; valor=«no consta una ficha ecológica representativa en los pasajes de S49 usados aquí»","0","451","62fe8db317f35c6679f79343610a8ebd1e1069944c66769b477742860e2791bc","8a33be0a189a42fe8a6c4b14ae5e36aa8df9da89aa312c045c6fd99de3c3f355","8267892735fc5d85b66160ad3906efba1127c076482c4555e79be517f75d93e8","Comprobación por el autor de sum(all(component in text for component in componentes) for text in textos) con ExactCooccurrenceIndex.count; componentes de nominal_query y corpus de source_snapshot. Coinciden ambos; resultado literal, no ausencia científica ni adjudicación de revisión."
"BN-192","09b287e7d74b52dbf228a1ea24cb0ebeb430fc995a8e8abe0fe3a15aff2b63d8","REINSPECCION","2026-09-27T01:27:13Z","/root (autor; no revisión independiente)","C-2308","data/busquedas_negativas/15_1_15-1-punto-de-partida-y-participantes-celulares.csv","data/tablas/02/table-06a-2-8-2-diversidad-ecologia-metabolismo-posicion-alphaproteobacteria.csv","11","metabolismo documentado","identidad=«Sphingomonadales»; campo=«metabolismo documentado»; valor=«puntuación aerobia comparable a mitocondrias y frecuencia alta esperada de genes de biosíntesis de esfingolípidos»","0","451","62fe8db317f35c6679f79343610a8ebd1e1069944c66769b477742860e2791bc","8a33be0a189a42fe8a6c4b14ae5e36aa8df9da89aa312c045c6fd99de3c3f355","8267892735fc5d85b66160ad3906efba1127c076482c4555e79be517f75d93e8","Comprobación por el autor de sum(all(component in text for component in componentes) for text in textos) con ExactCooccurrenceIndex.count; componentes de nominal_query y corpus de source_snapshot. Coinciden ambos; resultado literal, no ausencia científica ni adjudicación de revisión."
"BN-193","4d3041b3014d7daffe202e182af60e8a1930643a3a12a1c10fc285abf90aa4e1","REINSPECCION","2026-09-27T01:27:13Z","/root (autor; no revisión independiente)","C-2309","data/busquedas_negativas/15_1_15-1-punto-de-partida-y-participantes-celulares.csv","data/tablas/02/table-06a-2-8-2-diversidad-ecologia-metabolismo-posicion-alphaproteobacteria.csv","11","posición filogenética o relación con mitocondrias","identidad=«Sphingomonadales»; campo=«posición filogenética o relación con mitocondrias»; valor=«linaje tardío representado por muestreo reducido; no se lo identifica como hermano mitocondrial»","0","451","62fe8db317f35c6679f79343610a8ebd1e1069944c66769b477742860e2791bc","8a33be0a189a42fe8a6c4b14ae5e36aa8df9da89aa312c045c6fd99de3c3f355","8267892735fc5d85b66160ad3906efba1127c076482c4555e79be517f75d93e8","Comprobación por el autor de sum(all(component in text for component in componentes) for text in textos) con ExactCooccurrenceIndex.count; componentes de nominal_query y corpus de source_snapshot. Coinciden ambos; resultado literal, no ausencia científica ni adjudicación de revisión."
"BN-194","444420825b387045f8c9c5d164d44cafb836ae1d8a8c7f357d21dc7e519e99f8","REINSPECCION","2026-09-27T01:27:14Z","/root (autor; no revisión independiente)","C-2310","data/busquedas_negativas/15_1_15-1-punto-de-partida-y-participantes-celulares.csv","data/tablas/02/table-06a-2-8-2-diversidad-ecologia-metabolismo-posicion-alphaproteobacteria.csv","11","clase de evidencia y límite","identidad=«Sphingomonadales»; campo=«clase de evidencia y límite»; valor=«genómica de rasgos; la alta frecuencia de una vía no describe toda su ecología»","0","451","62fe8db317f35c6679f79343610a8ebd1e1069944c66769b477742860e2791bc","8a33be0a189a42fe8a6c4b14ae5e36aa8df9da89aa312c045c6fd99de3c3f355","8267892735fc5d85b66160ad3906efba1127c076482c4555e79be517f75d93e8","Comprobación por el autor de sum(all(component in text for component in componentes) for text in textos) con ExactCooccurrenceIndex.count; componentes de nominal_query y corpus de source_snapshot. Coinciden ambos; resultado literal, no ausencia científica ni adjudicación de revisión."
"BN-195","0fcc1a74793fd37415523df806c9592b6371026e22057f1ab4d322064f9047fb","REINSPECCION","2026-09-27T01:27:14Z","/root (autor; no revisión independiente)","C-2311","data/busquedas_negativas/15_1_15-1-punto-de-partida-y-participantes-celulares.csv","data/tablas/02/table-06a-2-8-2-diversidad-ecologia-metabolismo-posicion-alphaproteobacteria.csv","12","ecología o tipo de vida explícito","identidad=«Caulobacterales»; campo=«ecología o tipo de vida explícito»; valor=«no consta una ficha ecológica representativa en los pasajes de S49 usados aquí»","0","451","62fe8db317f35c6679f79343610a8ebd1e1069944c66769b477742860e2791bc","8a33be0a189a42fe8a6c4b14ae5e36aa8df9da89aa312c045c6fd99de3c3f355","8267892735fc5d85b66160ad3906efba1127c076482c4555e79be517f75d93e8","Comprobación por el autor de sum(all(component in text for component in componentes) for text in textos) con ExactCooccurrenceIndex.count; componentes de nominal_query y corpus de source_snapshot. Coinciden ambos; resultado literal, no ausencia científica ni adjudicación de revisión."
"BN-196","d63d8f1c9b8f455405215b1eb97cde3275d4efa7b96ede668f6a7669b454a5f0","REINSPECCION","2026-09-27T01:27:15Z","/root (autor; no revisión independiente)","C-2312","data/busquedas_negativas/15_1_15-1-punto-de-partida-y-participantes-celulares.csv","data/tablas/02/table-06a-2-8-2-diversidad-ecologia-metabolismo-posicion-alphaproteobacteria.csv","12","metabolismo documentado","identidad=«Caulobacterales»; campo=«metabolismo documentado»; valor=«puntuación aerobia comparable a mitocondrias, pero enzimas de cardiolipina distintas de PgsA esencialmente ausentes; SPT limitado y combinación SPT–KynU ausente»","0","451","62fe8db317f35c6679f79343610a8ebd1e1069944c66769b477742860e2791bc","8a33be0a189a42fe8a6c4b14ae5e36aa8df9da89aa312c045c6fd99de3c3f355","8267892735fc5d85b66160ad3906efba1127c076482c4555e79be517f75d93e8","Comprobación por el autor de sum(all(component in text for component in componentes) for text in textos) con ExactCooccurrenceIndex.count; componentes de nominal_query y corpus de source_snapshot. Coinciden ambos; resultado literal, no ausencia científica ni adjudicación de revisión."
"BN-197","7533b142e761355e7b10e8de2a8c3a12c89f372338ed1ec5cb12de2cbb5946ba","REINSPECCION","2026-09-27T01:27:15Z","/root (autor; no revisión independiente)","C-2313","data/busquedas_negativas/15_1_15-1-punto-de-partida-y-participantes-celulares.csv","data/tablas/02/table-06a-2-8-2-diversidad-ecologia-metabolismo-posicion-alphaproteobacteria.csv","12","posición filogenética o relación con mitocondrias","identidad=«Caulobacterales»; campo=«posición filogenética o relación con mitocondrias»; valor=«linaje tardío representado; algunos Parvularculales/Maricaulales agrupan con él y no se trataron aparte»","0","451","62fe8db317f35c6679f79343610a8ebd1e1069944c66769b477742860e2791bc","8a33be0a189a42fe8a6c4b14ae5e36aa8df9da89aa312c045c6fd99de3c3f355","8267892735fc5d85b66160ad3906efba1127c076482c4555e79be517f75d93e8","Comprobación por el autor de sum(all(component in text for component in componentes) for text in textos) con ExactCooccurrenceIndex.count; componentes de nominal_query y corpus de source_snapshot. Coinciden ambos; resultado literal, no ausencia científica ni adjudicación de revisión."
"BN-198","028f70fc658dc27ac8de7889d9cf37c051dd64d15805374001de4ee01358d536","REINSPECCION","2026-09-27T01:27:16Z","/root (autor; no revisión independiente)","C-2315","data/busquedas_negativas/15_1_15-1-punto-de-partida-y-participantes-celulares.csv","data/tablas/02/table-06a-2-8-2-diversidad-ecologia-metabolismo-posicion-alphaproteobacteria.csv","13","ecología o tipo de vida explícito","identidad=«Rhodobacterales»; campo=«ecología o tipo de vida explícito»; valor=«no consta una ficha ecológica representativa en los pasajes de S49 usados aquí»","0","451","62fe8db317f35c6679f79343610a8ebd1e1069944c66769b477742860e2791bc","8a33be0a189a42fe8a6c4b14ae5e36aa8df9da89aa312c045c6fd99de3c3f355","8267892735fc5d85b66160ad3906efba1127c076482c4555e79be517f75d93e8","Comprobación por el autor de sum(all(component in text for component in componentes) for text in textos) con ExactCooccurrenceIndex.count; componentes de nominal_query y corpus de source_snapshot. Coinciden ambos; resultado literal, no ausencia científica ni adjudicación de revisión."
"BN-199","49228411d25dd537c67426f8fac8afe548ca93cba816f79eed29281ca12cc605","REINSPECCION","2026-09-27T01:27:16Z","/root (autor; no revisión independiente)","C-2321","data/busquedas_negativas/15_4_15-4-registro-material-tiempo-ambiente-y-ecologia.csv","data/tablas/05/table-34a-5-8-inventario-fosiles-proterozoicos.csv","2","asignación corona/tallo/indeterminada","identidad=«*Tappania plana*»; campo=«asignación corona/tallo/indeterminada»; valor=«posición indeterminada dentro de Eukaryota; no asignada a corona o tallo»","0","451","62fe8db317f35c6679f79343610a8ebd1e1069944c66769b477742860e2791bc","8a33be0a189a42fe8a6c4b14ae5e36aa8df9da89aa312c045c6fd99de3c3f355","8267892735fc5d85b66160ad3906efba1127c076482c4555e79be517f75d93e8","Comprobación por el autor de sum(all(component in text for component in componentes) for text in textos) con ExactCooccurrenceIndex.count; componentes de nominal_query y corpus de source_snapshot. Coinciden ambos; resultado literal, no ausencia científica ni adjudicación de revisión."
"BN-200","d35cefcca7c3454f88ba5e3e314932fbbdca936e4afc4936d19d0b0a0d77a3d7","REINSPECCION","2026-09-27T01:27:17Z","/root (autor; no revisión independiente)","C-2334","data/busquedas_negativas/15_4_15-4-registro-material-tiempo-ambiente-y-ecologia.csv","data/tablas/05/table-34a-5-8-inventario-fosiles-proterozoicos.csv","10","argumento contrario o límite","identidad=«*Bangiomorpha pubescens*»; campo=«argumento contrario o límite»; valor=«meiosis y gametos no se observan directamente; calibración depende de afinidad»","0","451","62fe8db317f35c6679f79343610a8ebd1e1069944c66769b477742860e2791bc","8a33be0a189a42fe8a6c4b14ae5e36aa8df9da89aa312c045c6fd99de3c3f355","8267892735fc5d85b66160ad3906efba1127c076482c4555e79be517f75d93e8","Comprobación por el autor de sum(all(component in text for component in componentes) for text in textos) con ExactCooccurrenceIndex.count; componentes de nominal_query y corpus de source_snapshot. Coinciden ambos; resultado literal, no ausencia científica ni adjudicación de revisión."
"BN-201","7cb4e723377a9817a0b4e9e93cdca7cb979b4f88ee6fd7df7202fd30e701538d","REINSPECCION","2026-09-27T01:27:17Z","/root (autor; no revisión independiente)","C-2336","data/busquedas_negativas/15_4_15-4-registro-material-tiempo-ambiente-y-ecologia.csv","data/tablas/05/table-34a-5-8-inventario-fosiles-proterozoicos.csv","13","carácter argumental","identidad=«*Tianzhushania* / ciclo *Megasphaera*»; campo=«carácter argumental»; valor=«divisiones palintómicas, núcleos/estructuras de germinación y diferenciación propuestas»","0","451","62fe8db317f35c6679f79343610a8ebd1e1069944c66769b477742860e2791bc","8a33be0a189a42fe8a6c4b14ae5e36aa8df9da89aa312c045c6fd99de3c3f355","8267892735fc5d85b66160ad3906efba1127c076482c4555e79be517f75d93e8","Comprobación por el autor de sum(all(component in text for component in componentes) for text in textos) con ExactCooccurrenceIndex.count; componentes de nominal_query y corpus de source_snapshot. Coinciden ambos; resultado literal, no ausencia científica ni adjudicación de revisión."
"BN-202","e46dd97b8ed39f88e8b2bda39ab42ae8aff6af9f194ab65d1abd5b16ff3ab9ce","REINSPECCION","2026-09-27T01:27:18Z","/root (autor; no revisión independiente)","C-2339","data/busquedas_negativas/15_4_15-4-registro-material-tiempo-ambiente-y-ecologia.csv","data/tablas/06/table-36-6-1-estimaciones-publicadas.csv","2","genes y taxones muestreados","identidad=«Douzery et al. 2004»; campo=«genes y taxones muestreados»; valor=«genes y taxones no desglosados en las afirmaciones recuperadas [BN-117]»","0","451","62fe8db317f35c6679f79343610a8ebd1e1069944c66769b477742860e2791bc","8a33be0a189a42fe8a6c4b14ae5e36aa8df9da89aa312c045c6fd99de3c3f355","8267892735fc5d85b66160ad3906efba1127c076482c4555e79be517f75d93e8","Comprobación por el autor de sum(all(component in text for component in componentes) for text in textos) con ExactCooccurrenceIndex.count; componentes de nominal_query y corpus de source_snapshot. Coinciden ambos; resultado literal, no ausencia científica ni adjudicación de revisión."
"BN-203","e10a2b9b5df72dddf7947539aca5543b79c99f9be7d04bd21083ed7cd2f69d60","REINSPECCION","2026-09-27T01:27:18Z","/root (autor; no revisión independiente)","C-2340","data/busquedas_negativas/15_4_15-4-registro-material-tiempo-ambiente-y-ecologia.csv","data/tablas/06/table-36-6-1-estimaciones-publicadas.csv","2","solapamiento publicado","identidad=«Douzery et al. 2004»; campo=«solapamiento publicado»; valor=«no hay valor publicado localizado para el solapamiento con los demás intervalos [BN-117]»","0","451","62fe8db317f35c6679f79343610a8ebd1e1069944c66769b477742860e2791bc","8a33be0a189a42fe8a6c4b14ae5e36aa8df9da89aa312c045c6fd99de3c3f355","8267892735fc5d85b66160ad3906efba1127c076482c4555e79be517f75d93e8","Comprobación por el autor de sum(all(component in text for component in componentes) for text in textos) con ExactCooccurrenceIndex.count; componentes de nominal_query y corpus de source_snapshot. Coinciden ambos; resultado literal, no ausencia científica ni adjudicación de revisión."
"BN-204","3b56db306b6c8776f033876907bddb605269ed34e9edd04f1b2b376e291e0641","REINSPECCION","2026-09-27T01:27:18Z","/root (autor; no revisión independiente)","C-2341","data/busquedas_negativas/15_4_15-4-registro-material-tiempo-ambiente-y-ecologia.csv","data/tablas/06/table-36-6-1-estimaciones-publicadas.csv","3","genes y taxones muestreados","identidad=«Douzery et al. 2004»; campo=«genes y taxones muestreados»; valor=«mismo muestreo que la fila anterior; desglose no localizado [BN-117]»","0","451","62fe8db317f35c6679f79343610a8ebd1e1069944c66769b477742860e2791bc","8a33be0a189a42fe8a6c4b14ae5e36aa8df9da89aa312c045c6fd99de3c3f355","8267892735fc5d85b66160ad3906efba1127c076482c4555e79be517f75d93e8","Comprobación por el autor de sum(all(component in text for component in componentes) for text in textos) con ExactCooccurrenceIndex.count; componentes de nominal_query y corpus de source_snapshot. Coinciden ambos; resultado literal, no ausencia científica ni adjudicación de revisión."
"BN-205","d132f60d322736fbd6fd3fb66af7a31fbcf2be05e615e1cc4bbe15cb4d014c95","REINSPECCION","2026-09-27T01:27:19Z","/root (autor; no revisión independiente)","C-2342","data/busquedas_negativas/15_4_15-4-registro-material-tiempo-ambiente-y-ecologia.csv","data/tablas/06/table-36-6-1-estimaciones-publicadas.csv","3","solapamiento publicado","identidad=«Douzery et al. 2004»; campo=«solapamiento publicado»; valor=«no hay valor publicado localizado para el solapamiento con los demás intervalos [BN-117]»","0","451","62fe8db317f35c6679f79343610a8ebd1e1069944c66769b477742860e2791bc","8a33be0a189a42fe8a6c4b14ae5e36aa8df9da89aa312c045c6fd99de3c3f355","8267892735fc5d85b66160ad3906efba1127c076482c4555e79be517f75d93e8","Comprobación por el autor de sum(all(component in text for component in componentes) for text in textos) con ExactCooccurrenceIndex.count; componentes de nominal_query y corpus de source_snapshot. Coinciden ambos; resultado literal, no ausencia científica ni adjudicación de revisión."
"BN-206","2958fb293a67c691ce3f67225c606700ba72b3c6b83f52a27037b2ee45bfce0a","REINSPECCION","2026-09-27T01:27:19Z","/root (autor; no revisión independiente)","C-2343","data/busquedas_negativas/15_4_15-4-registro-material-tiempo-ambiente-y-ecologia.csv","data/tablas/06/table-36-6-1-estimaciones-publicadas.csv","4","solapamiento publicado","identidad=«Parfrey et al. 2011»; campo=«solapamiento publicado»; valor=«no hay valor publicado localizado para el solapamiento con los demás intervalos [BN-117]»","0","451","62fe8db317f35c6679f79343610a8ebd1e1069944c66769b477742860e2791bc","8a33be0a189a42fe8a6c4b14ae5e36aa8df9da89aa312c045c6fd99de3c3f355","8267892735fc5d85b66160ad3906efba1127c076482c4555e79be517f75d93e8","Comprobación por el autor de sum(all(component in text for component in componentes) for text in textos) con ExactCooccurrenceIndex.count; componentes de nominal_query y corpus de source_snapshot. Coinciden ambos; resultado literal, no ausencia científica ni adjudicación de revisión."
"BN-207","39863a5679d5a41679f5f9819731871a210a2632e1ca17b2501ee34533fca58b","REINSPECCION","2026-09-27T01:27:20Z","/root (autor; no revisión independiente)","C-2344","data/busquedas_negativas/15_4_15-4-registro-material-tiempo-ambiente-y-ecologia.csv","data/tablas/06/table-36-6-1-estimaciones-publicadas.csv","5","genes y taxones muestreados","identidad=«Eme et al. 2014»; campo=«genes y taxones muestreados»; valor=«genes y taxones no desglosados en las afirmaciones recuperadas [BN-117]»","0","451","62fe8db317f35c6679f79343610a8ebd1e1069944c66769b477742860e2791bc","8a33be0a189a42fe8a6c4b14ae5e36aa8df9da89aa312c045c6fd99de3c3f355","8267892735fc5d85b66160ad3906efba1127c076482c4555e79be517f75d93e8","Comprobación por el autor de sum(all(component in text for component in componentes) for text in textos) con ExactCooccurrenceIndex.count; componentes de nominal_query y corpus de source_snapshot. Coinciden ambos; resultado literal, no ausencia científica ni adjudicación de revisión."
"BN-208","e6a86a7fa6c606fb54081bb5594b9579d79759080843902c81b2118516520ad3","REINSPECCION","2026-09-27T01:27:20Z","/root (autor; no revisión independiente)","C-2345","data/busquedas_negativas/15_4_15-4-registro-material-tiempo-ambiente-y-ecologia.csv","data/tablas/06/table-36-6-1-estimaciones-publicadas.csv","5","solapamiento publicado","identidad=«Eme et al. 2014»; campo=«solapamiento publicado»; valor=«no hay valor publicado localizado para el solapamiento con los demás intervalos [BN-117]»","0","451","62fe8db317f35c6679f79343610a8ebd1e1069944c66769b477742860e2791bc","8a33be0a189a42fe8a6c4b14ae5e36aa8df9da89aa312c045c6fd99de3c3f355","8267892735fc5d85b66160ad3906efba1127c076482c4555e79be517f75d93e8","Comprobación por el autor de sum(all(component in text for component in componentes) for text in textos) con ExactCooccurrenceIndex.count; componentes de nominal_query y corpus de source_snapshot. Coinciden ambos; resultado literal, no ausencia científica ni adjudicación de revisión."
"BN-209","5e63091d27b9c8c8554ee081ba2b746719961122e3c4f0231395dc25606d0c23","REINSPECCION","2026-09-27T01:27:20Z","/root (autor; no revisión independiente)","C-2346","data/busquedas_negativas/15_4_15-4-registro-material-tiempo-ambiente-y-ecologia.csv","data/tablas/06/table-36-6-1-estimaciones-publicadas.csv","6","genes y taxones muestreados","identidad=«Eme et al. 2014»; campo=«genes y taxones muestreados»; valor=«mismo estudio; genes y taxones no desglosados [BN-117]»","0","451","62fe8db317f35c6679f79343610a8ebd1e1069944c66769b477742860e2791bc","8a33be0a189a42fe8a6c4b14ae5e36aa8df9da89aa312c045c6fd99de3c3f355","8267892735fc5d85b66160ad3906efba1127c076482c4555e79be517f75d93e8","Comprobación por el autor de sum(all(component in text for component in componentes) for text in textos) con ExactCooccurrenceIndex.count; componentes de nominal_query y corpus de source_snapshot. Coinciden ambos; resultado literal, no ausencia científica ni adjudicación de revisión."
"BN-210","253f405d7430cb4d189ee141c12d801c175b2fe5d30636ae40a0486034dd14d8","REINSPECCION","2026-09-27T01:27:21Z","/root (autor; no revisión independiente)","C-2347","data/busquedas_negativas/15_4_15-4-registro-material-tiempo-ambiente-y-ecologia.csv","data/tablas/06/table-36-6-1-estimaciones-publicadas.csv","6","solapamiento publicado","identidad=«Eme et al. 2014»; campo=«solapamiento publicado»; valor=«no hay valor publicado localizado para el solapamiento con los demás intervalos [BN-117]»","0","451","62fe8db317f35c6679f79343610a8ebd1e1069944c66769b477742860e2791bc","8a33be0a189a42fe8a6c4b14ae5e36aa8df9da89aa312c045c6fd99de3c3f355","8267892735fc5d85b66160ad3906efba1127c076482c4555e79be517f75d93e8","Comprobación por el autor de sum(all(component in text for component in componentes) for text in textos) con ExactCooccurrenceIndex.count; componentes de nominal_query y corpus de source_snapshot. Coinciden ambos; resultado literal, no ausencia científica ni adjudicación de revisión."
"BN-211","0b99d58633b580d5f9e4f947845e65093e835ed49081a42dc89b87e780d9c1a1","REINSPECCION","2026-09-27T01:27:21Z","/root (autor; no revisión independiente)","C-2349","data/busquedas_negativas/15_4_15-4-registro-material-tiempo-ambiente-y-ecologia.csv","data/tablas/06/table-36-6-1-estimaciones-publicadas.csv","7","genes y taxones muestreados","identidad=«Eme et al. 2014»; campo=«genes y taxones muestreados»; valor=«mismo estudio; genes y taxones no desglosados [BN-117]»","0","451","62fe8db317f35c6679f79343610a8ebd1e1069944c66769b477742860e2791bc","8a33be0a189a42fe8a6c4b14ae5e36aa8df9da89aa312c045c6fd99de3c3f355","8267892735fc5d85b66160ad3906efba1127c076482c4555e79be517f75d93e8","Comprobación por el autor de sum(all(component in text for component in componentes) for text in textos) con ExactCooccurrenceIndex.count; componentes de nominal_query y corpus de source_snapshot. Coinciden ambos; resultado literal, no ausencia científica ni adjudicación de revisión."
"BN-212","f1428cdd04334143b181cf309c4186ddf852f921cb6d06452eb14ead8a6fc2f8","REINSPECCION","2026-09-27T01:27:22Z","/root (autor; no revisión independiente)","C-2350","data/busquedas_negativas/15_4_15-4-registro-material-tiempo-ambiente-y-ecologia.csv","data/tablas/06/table-36-6-1-estimaciones-publicadas.csv","7","solapamiento publicado","identidad=«Eme et al. 2014»; campo=«solapamiento publicado»; valor=«no hay valor publicado localizado para compararla con otros estudios [BN-117]»","0","451","62fe8db317f35c6679f79343610a8ebd1e1069944c66769b477742860e2791bc","8a33be0a189a42fe8a6c4b14ae5e36aa8df9da89aa312c045c6fd99de3c3f355","8267892735fc5d85b66160ad3906efba1127c076482c4555e79be517f75d93e8","Comprobación por el autor de sum(all(component in text for component in componentes) for text in textos) con ExactCooccurrenceIndex.count; componentes de nominal_query y corpus de source_snapshot. Coinciden ambos; resultado literal, no ausencia científica ni adjudicación de revisión."
"BN-213","fb2d3a034bb6e38adfa553e42507f95ba462a60e03ad11e787cd7951d718e099","REINSPECCION","2026-09-27T01:27:22Z","/root (autor; no revisión independiente)","C-2351","data/busquedas_negativas/15_4_15-4-registro-material-tiempo-ambiente-y-ecologia.csv","data/tablas/06/table-36-6-1-estimaciones-publicadas.csv","8","genes y taxones muestreados","identidad=«Strassert et al. 2021»; campo=«genes y taxones muestreados»; valor=«genes y taxones no desglosados en las afirmaciones recuperadas [BN-117]»","0","451","62fe8db317f35c6679f79343610a8ebd1e1069944c66769b477742860e2791bc","8a33be0a189a42fe8a6c4b14ae5e36aa8df9da89aa312c045c6fd99de3c3f355","8267892735fc5d85b66160ad3906efba1127c076482c4555e79be517f75d93e8","Comprobación por el autor de sum(all(component in text for component in componentes) for text in textos) con ExactCooccurrenceIndex.count; componentes de nominal_query y corpus de source_snapshot. Coinciden ambos; resultado literal, no ausencia científica ni adjudicación de revisión."
"BN-214","f16a7f7749d05b8b3ec8e7cf3f374cb3d38a13c90ac2546183d978717495ce6a","REINSPECCION","2026-09-27T01:27:22Z","/root (autor; no revisión independiente)","C-2352","data/busquedas_negativas/15_4_15-4-registro-material-tiempo-ambiente-y-ecologia.csv","data/tablas/06/table-36-6-1-estimaciones-publicadas.csv","8","solapamiento publicado","identidad=«Strassert et al. 2021»; campo=«solapamiento publicado»; valor=«no hay valor publicado localizado para el solapamiento con los demás intervalos [BN-117]»","0","451","62fe8db317f35c6679f79343610a8ebd1e1069944c66769b477742860e2791bc","8a33be0a189a42fe8a6c4b14ae5e36aa8df9da89aa312c045c6fd99de3c3f355","8267892735fc5d85b66160ad3906efba1127c076482c4555e79be517f75d93e8","Comprobación por el autor de sum(all(component in text for component in componentes) for text in textos) con ExactCooccurrenceIndex.count; componentes de nominal_query y corpus de source_snapshot. Coinciden ambos; resultado literal, no ausencia científica ni adjudicación de revisión."
"BN-215","6cc9fdc912133c355996269d25b8d8e8aec80bff71d2d94fd38285dc7cc787e9","REINSPECCION","2026-09-27T01:27:23Z","/root (autor; no revisión independiente)","C-2353","data/busquedas_negativas/15_4_15-4-registro-material-tiempo-ambiente-y-ecologia.csv","data/tablas/06/table-36-6-1-estimaciones-publicadas.csv","9","magnitud","identidad=«Betts et al. 2018»; campo=«magnitud»; valor=«no hay valor publicado localizado en esta tabla»","0","451","62fe8db317f35c6679f79343610a8ebd1e1069944c66769b477742860e2791bc","8a33be0a189a42fe8a6c4b14ae5e36aa8df9da89aa312c045c6fd99de3c3f355","8267892735fc5d85b66160ad3906efba1127c076482c4555e79be517f75d93e8","Comprobación por el autor de sum(all(component in text for component in componentes) for text in textos) con ExactCooccurrenceIndex.count; componentes de nominal_query y corpus de source_snapshot. Coinciden ambos; resultado literal, no ausencia científica ni adjudicación de revisión."
"BN-216","dda7b78b85b85f1ff2776a9f1c7e02fe89c4a368d736ce6df19b4d5d45f48d06","REINSPECCION","2026-09-27T01:27:23Z","/root (autor; no revisión independiente)","C-2354","data/busquedas_negativas/15_4_15-4-registro-material-tiempo-ambiente-y-ecologia.csv","data/tablas/06/table-36-6-1-estimaciones-publicadas.csv","9","intervalo publicado","identidad=«Betts et al. 2018»; campo=«intervalo publicado»; valor=«no hay valor publicado localizado en esta tabla»","0","451","62fe8db317f35c6679f79343610a8ebd1e1069944c66769b477742860e2791bc","8a33be0a189a42fe8a6c4b14ae5e36aa8df9da89aa312c045c6fd99de3c3f355","8267892735fc5d85b66160ad3906efba1127c076482c4555e79be517f75d93e8","Comprobación por el autor de sum(all(component in text for component in componentes) for text in textos) con ExactCooccurrenceIndex.count; componentes de nominal_query y corpus de source_snapshot. Coinciden ambos; resultado literal, no ausencia científica ni adjudicación de revisión."
"BN-217","07cc6c9aca503bc732c5d00ee5d73e2fa0a6fdad93497c9ce2d8c4e8007ad5d1","REINSPECCION","2026-09-27T01:27:24Z","/root (autor; no revisión independiente)","C-2355","data/busquedas_negativas/15_4_15-4-registro-material-tiempo-ambiente-y-ecologia.csv","data/tablas/06/table-36-6-1-estimaciones-publicadas.csv","9","genes y taxones muestreados","identidad=«Betts et al. 2018»; campo=«genes y taxones muestreados»; valor=«muestreo no desglosado en las afirmaciones recuperadas [BN-117]»","0","451","62fe8db317f35c6679f79343610a8ebd1e1069944c66769b477742860e2791bc","8a33be0a189a42fe8a6c4b14ae5e36aa8df9da89aa312c045c6fd99de3c3f355","8267892735fc5d85b66160ad3906efba1127c076482c4555e79be517f75d93e8","Comprobación por el autor de sum(all(component in text for component in componentes) for text in textos) con ExactCooccurrenceIndex.count; componentes de nominal_query y corpus de source_snapshot. Coinciden ambos; resultado literal, no ausencia científica ni adjudicación de revisión."
"BN-218","e83706ad6f4beea45f799388497984f8d2bd11ef5933df478c372a6af72f6700","REINSPECCION","2026-09-27T01:27:24Z","/root (autor; no revisión independiente)","C-2356","data/busquedas_negativas/15_4_15-4-registro-material-tiempo-ambiente-y-ecologia.csv","data/tablas/06/table-36-6-1-estimaciones-publicadas.csv","9","datación de nodo o evidencia total","identidad=«Betts et al. 2018»; campo=«datación de nodo o evidencia total»; valor=«clase exacta nodo/evidencia total no localizada [BN-117]»","0","451","62fe8db317f35c6679f79343610a8ebd1e1069944c66769b477742860e2791bc","8a33be0a189a42fe8a6c4b14ae5e36aa8df9da89aa312c045c6fd99de3c3f355","8267892735fc5d85b66160ad3906efba1127c076482c4555e79be517f75d93e8","Comprobación por el autor de sum(all(component in text for component in componentes) for text in textos) con ExactCooccurrenceIndex.count; componentes de nominal_query y corpus de source_snapshot. Coinciden ambos; resultado literal, no ausencia científica ni adjudicación de revisión."
"BN-219","f84137c738c51987bd24ed20ae03b27bffd150cf4eeda46ee70aeb0a1b292797","REINSPECCION","2026-09-27T01:27:24Z","/root (autor; no revisión independiente)","C-2357","data/busquedas_negativas/15_4_15-4-registro-material-tiempo-ambiente-y-ecologia.csv","data/tablas/06/table-36-6-1-estimaciones-publicadas.csv","9","solapamiento publicado","identidad=«Betts et al. 2018»; campo=«solapamiento publicado»; valor=«no aplica: no se conserva intervalo nominal»","0","451","62fe8db317f35c6679f79343610a8ebd1e1069944c66769b477742860e2791bc","8a33be0a189a42fe8a6c4b14ae5e36aa8df9da89aa312c045c6fd99de3c3f355","8267892735fc5d85b66160ad3906efba1127c076482c4555e79be517f75d93e8","Comprobación por el autor de sum(all(component in text for component in componentes) for text in textos) con ExactCooccurrenceIndex.count; componentes de nominal_query y corpus de source_snapshot. Coinciden ambos; resultado literal, no ausencia científica ni adjudicación de revisión."
"BN-220","ed3010aa5cf48fa0548438ea940220b0e3315208a15c78ccb3a573da2d4fee30","REINSPECCION","2026-09-27T01:27:24Z","/root (autor; no revisión independiente)","C-2358","data/busquedas_negativas/15_4_15-4-registro-material-tiempo-ambiente-y-ecologia.csv","data/tablas/06/table-36-6-1-estimaciones-publicadas.csv","9","fuente y razón de diferencia","identidad=«Betts et al. 2018»; campo=«fuente y razón de diferencia»; valor=«S177; se conserva como contraste metodológico, no como intervalo vacío comparable»","0","451","62fe8db317f35c6679f79343610a8ebd1e1069944c66769b477742860e2791bc","8a33be0a189a42fe8a6c4b14ae5e36aa8df9da89aa312c045c6fd99de3c3f355","8267892735fc5d85b66160ad3906efba1127c076482c4555e79be517f75d93e8","Comprobación por el autor de sum(all(component in text for component in componentes) for text in textos) con ExactCooccurrenceIndex.count; componentes de nominal_query y corpus de source_snapshot. Coinciden ambos; resultado literal, no ausencia científica ni adjudicación de revisión."
"BN-221","89d7c368e60b4494a2eff1115b52d52524bffeab95bd2e1c9432e78a970d6e92","REINSPECCION","2026-09-27T01:27:25Z","/root (autor; no revisión independiente)","C-2359","data/busquedas_negativas/15_4_15-4-registro-material-tiempo-ambiente-y-ecologia.csv","data/tablas/06/table-36-6-1-estimaciones-publicadas.csv","10","genes y taxones muestreados","identidad=«Porter 2020»; campo=«genes y taxones muestreados»; valor=«conjunto fósil discutido por la fuente; desglose no localizado [BN-117]»","0","451","62fe8db317f35c6679f79343610a8ebd1e1069944c66769b477742860e2791bc","8a33be0a189a42fe8a6c4b14ae5e36aa8df9da89aa312c045c6fd99de3c3f355","8267892735fc5d85b66160ad3906efba1127c076482c4555e79be517f75d93e8","Comprobación por el autor de sum(all(component in text for component in componentes) for text in textos) con ExactCooccurrenceIndex.count; componentes de nominal_query y corpus de source_snapshot. Coinciden ambos; resultado literal, no ausencia científica ni adjudicación de revisión."
"BN-222","6e465da9348b0e5bf03f62ce7906256f93f64c983f042b64b232ab4d8f344b23","REINSPECCION","2026-09-27T01:27:26Z","/root (autor; no revisión independiente)","C-2360","data/busquedas_negativas/15_4_15-4-registro-material-tiempo-ambiente-y-ecologia.csv","data/tablas/06/table-36-6-1-estimaciones-publicadas.csv","10","solapamiento publicado","identidad=«Porter 2020»; campo=«solapamiento publicado»; valor=«no hay valor publicado localizado para el solapamiento con relojes [BN-117]»","0","451","62fe8db317f35c6679f79343610a8ebd1e1069944c66769b477742860e2791bc","8a33be0a189a42fe8a6c4b14ae5e36aa8df9da89aa312c045c6fd99de3c3f355","8267892735fc5d85b66160ad3906efba1127c076482c4555e79be517f75d93e8","Comprobación por el autor de sum(all(component in text for component in componentes) for text in textos) con ExactCooccurrenceIndex.count; componentes de nominal_query y corpus de source_snapshot. Coinciden ambos; resultado literal, no ausencia científica ni adjudicación de revisión."
"BN-223","2c68ec795b235d297b57713729a0846023b2ca8f75d8f266868e09cbe8d89493","REINSPECCION","2026-09-27T01:27:26Z","/root (autor; no revisión independiente)","C-2361","data/busquedas_negativas/15_4_15-4-registro-material-tiempo-ambiente-y-ecologia.csv","data/tablas/06/table-36-6-1-estimaciones-publicadas.csv","11","intervalo publicado","identidad=«Chernikova et al. 2011 / posición de origen tardío»; campo=«intervalo publicado»; valor=«no hay valor publicado localizado en esta tabla»","0","451","62fe8db317f35c6679f79343610a8ebd1e1069944c66769b477742860e2791bc","8a33be0a189a42fe8a6c4b14ae5e36aa8df9da89aa312c045c6fd99de3c3f355","8267892735fc5d85b66160ad3906efba1127c076482c4555e79be517f75d93e8","Comprobación por el autor de sum(all(component in text for component in componentes) for text in textos) con ExactCooccurrenceIndex.count; componentes de nominal_query y corpus de source_snapshot. Coinciden ambos; resultado literal, no ausencia científica ni adjudicación de revisión."
"BN-224","85b84bfebfccc428e7b3e2fcfa92da2307caead92ea4856dd549d4392771bcd4","REINSPECCION","2026-09-27T01:27:27Z","/root (autor; no revisión independiente)","C-2362","data/busquedas_negativas/15_4_15-4-registro-material-tiempo-ambiente-y-ecologia.csv","data/tablas/06/table-36-6-1-estimaciones-publicadas.csv","11","genes y taxones muestreados","identidad=«Chernikova et al. 2011 / posición de origen tardío»; campo=«genes y taxones muestreados»; valor=«registro fósil; muestreo exacto no localizado [BN-117]»","0","451","62fe8db317f35c6679f79343610a8ebd1e1069944c66769b477742860e2791bc","8a33be0a189a42fe8a6c4b14ae5e36aa8df9da89aa312c045c6fd99de3c3f355","8267892735fc5d85b66160ad3906efba1127c076482c4555e79be517f75d93e8","Comprobación por el autor de sum(all(component in text for component in componentes) for text in textos) con ExactCooccurrenceIndex.count; componentes de nominal_query y corpus de source_snapshot. Coinciden ambos; resultado literal, no ausencia científica ni adjudicación de revisión."
"BN-225","328384ed05560def067bce0f77b9579df333dab5c92cb88699ad40692f2bfffd","REINSPECCION","2026-09-27T01:27:27Z","/root (autor; no revisión independiente)","C-2363","data/busquedas_negativas/15_4_15-4-registro-material-tiempo-ambiente-y-ecologia.csv","data/tablas/06/table-36-6-1-estimaciones-publicadas.csv","11","solapamiento publicado","identidad=«Chernikova et al. 2011 / posición de origen tardío»; campo=«solapamiento publicado»; valor=«no aplica: no se conserva intervalo nominal»","0","451","62fe8db317f35c6679f79343610a8ebd1e1069944c66769b477742860e2791bc","8a33be0a189a42fe8a6c4b14ae5e36aa8df9da89aa312c045c6fd99de3c3f355","8267892735fc5d85b66160ad3906efba1127c076482c4555e79be517f75d93e8","Comprobación por el autor de sum(all(component in text for component in componentes) for text in textos) con ExactCooccurrenceIndex.count; componentes de nominal_query y corpus de source_snapshot. Coinciden ambos; resultado literal, no ausencia científica ni adjudicación de revisión."
"BN-226","db4bf2e060adf4792472859c4f8a0b2b35b3f2f7da05e608d461be93e23d1767","REINSPECCION","2026-09-27T01:27:27Z","/root (autor; no revisión independiente)","C-2364","data/busquedas_negativas/15_4_15-4-registro-material-tiempo-ambiente-y-ecologia.csv","data/tablas/06/table-36-6-1-estimaciones-publicadas.csv","12","genes y taxones muestreados","identidad=«preprint de dinámica de clados 2026»; campo=«genes y taxones muestreados»; valor=«muestreo no desglosado en las afirmaciones recuperadas [BN-117]»","0","451","62fe8db317f35c6679f79343610a8ebd1e1069944c66769b477742860e2791bc","8a33be0a189a42fe8a6c4b14ae5e36aa8df9da89aa312c045c6fd99de3c3f355","8267892735fc5d85b66160ad3906efba1127c076482c4555e79be517f75d93e8","Comprobación por el autor de sum(all(component in text for component in componentes) for text in textos) con ExactCooccurrenceIndex.count; componentes de nominal_query y corpus de source_snapshot. Coinciden ambos; resultado literal, no ausencia científica ni adjudicación de revisión."
"BN-227","298d7636e936389371212ee7528479bfa4852d66bb90b203fe45d326f67f8b96","REINSPECCION","2026-09-27T01:27:27Z","/root (autor; no revisión independiente)","C-2365","data/busquedas_negativas/15_4_15-4-registro-material-tiempo-ambiente-y-ecologia.csv","data/tablas/06/table-36-6-1-estimaciones-publicadas.csv","12","datación de nodo o evidencia total","identidad=«preprint de dinámica de clados 2026»; campo=«datación de nodo o evidencia total»; valor=«clase exacta nodo/evidencia total no localizada [BN-117]»","0","451","62fe8db317f35c6679f79343610a8ebd1e1069944c66769b477742860e2791bc","8a33be0a189a42fe8a6c4b14ae5e36aa8df9da89aa312c045c6fd99de3c3f355","8267892735fc5d85b66160ad3906efba1127c076482c4555e79be517f75d93e8","Comprobación por el autor de sum(all(component in text for component in componentes) for text in textos) con ExactCooccurrenceIndex.count; componentes de nominal_query y corpus de source_snapshot. Coinciden ambos; resultado literal, no ausencia científica ni adjudicación de revisión."
"BN-228","e9c85f7cff614c89c9e6cf19499e3f1706a8623774dfb1de86cb8a44e0baf02f","REINSPECCION","2026-09-27T01:27:28Z","/root (autor; no revisión independiente)","C-2366","data/busquedas_negativas/15_4_15-4-registro-material-tiempo-ambiente-y-ecologia.csv","data/tablas/06/table-36-6-1-estimaciones-publicadas.csv","12","solapamiento publicado","identidad=«preprint de dinámica de clados 2026»; campo=«solapamiento publicado»; valor=«no hay valor publicado localizado para el solapamiento con los demás intervalos [BN-117]»","0","451","62fe8db317f35c6679f79343610a8ebd1e1069944c66769b477742860e2791bc","8a33be0a189a42fe8a6c4b14ae5e36aa8df9da89aa312c045c6fd99de3c3f355","8267892735fc5d85b66160ad3906efba1127c076482c4555e79be517f75d93e8","Comprobación por el autor de sum(all(component in text for component in componentes) for text in textos) con ExactCooccurrenceIndex.count; componentes de nominal_query y corpus de source_snapshot. Coinciden ambos; resultado literal, no ausencia científica ni adjudicación de revisión."
"BN-229","66097bcf7c7d2494318f241dd8a73fbff7f28a235f6a4aa999deddcaf3a80fe5","REINSPECCION","2026-09-27T01:27:28Z","/root (autor; no revisión independiente)","C-2368","data/busquedas_negativas/15_4_15-4-registro-material-tiempo-ambiente-y-ecologia.csv","data/tablas/06/table-36-6-1-estimaciones-publicadas.csv","14","solapamiento publicado","identidad=«Sandin et al. 2026»; campo=«solapamiento publicado»; valor=«no hay valor publicado localizado para el solapamiento con los demás intervalos [BN-117]»","0","451","62fe8db317f35c6679f79343610a8ebd1e1069944c66769b477742860e2791bc","8a33be0a189a42fe8a6c4b14ae5e36aa8df9da89aa312c045c6fd99de3c3f355","8267892735fc5d85b66160ad3906efba1127c076482c4555e79be517f75d93e8","Comprobación por el autor de sum(all(component in text for component in componentes) for text in textos) con ExactCooccurrenceIndex.count; componentes de nominal_query y corpus de source_snapshot. Coinciden ambos; resultado literal, no ausencia científica ni adjudicación de revisión."
"BN-230","b3a9345d25ebea9f007fde8436fcaeae54040c99ad570f3ad0eb45d68ad741d0","REINSPECCION","2026-09-27T01:27:29Z","/root (autor; no revisión independiente)","C-2369","data/busquedas_negativas/15_4_15-4-registro-material-tiempo-ambiente-y-ecologia.csv","data/tablas/06/table-36-6-1-estimaciones-publicadas.csv","15","solapamiento publicado","identidad=«Sandin et al. 2026»; campo=«solapamiento publicado»; valor=«no hay valor publicado localizado para el solapamiento con los demás intervalos [BN-117]»","0","451","62fe8db317f35c6679f79343610a8ebd1e1069944c66769b477742860e2791bc","8a33be0a189a42fe8a6c4b14ae5e36aa8df9da89aa312c045c6fd99de3c3f355","8267892735fc5d85b66160ad3906efba1127c076482c4555e79be517f75d93e8","Comprobación por el autor de sum(all(component in text for component in componentes) for text in textos) con ExactCooccurrenceIndex.count; componentes de nominal_query y corpus de source_snapshot. Coinciden ambos; resultado literal, no ausencia científica ni adjudicación de revisión."
"BN-231","fb3f943ee390fa6dc3d87f21cba206b8b06660d63cdc0e510dcdf18bdf5de3e1","REINSPECCION","2026-09-27T01:27:29Z","/root (autor; no revisión independiente)","C-2370","data/busquedas_negativas/15_4_15-4-registro-material-tiempo-ambiente-y-ecologia.csv","data/tablas/06/table-36-6-1-estimaciones-publicadas.csv","16","solapamiento publicado","identidad=«Sandin et al. 2026»; campo=«solapamiento publicado»; valor=«no hay valor publicado localizado para el solapamiento con los demás intervalos [BN-117]»","0","451","62fe8db317f35c6679f79343610a8ebd1e1069944c66769b477742860e2791bc","8a33be0a189a42fe8a6c4b14ae5e36aa8df9da89aa312c045c6fd99de3c3f355","8267892735fc5d85b66160ad3906efba1127c076482c4555e79be517f75d93e8","Comprobación por el autor de sum(all(component in text for component in componentes) for text in textos) con ExactCooccurrenceIndex.count; componentes de nominal_query y corpus de source_snapshot. Coinciden ambos; resultado literal, no ausencia científica ni adjudicación de revisión."
"BN-232","8a85f73b197db3ceabaa5bbcea3bbf1864eb5652c1df65f54714eec0139d45b6","REINSPECCION","2026-09-27T01:27:30Z","/root (autor; no revisión independiente)","C-2371","data/busquedas_negativas/15_4_15-4-registro-material-tiempo-ambiente-y-ecologia.csv","data/tablas/08/table-40a-8-3-censo-morfologia-genoma-cultivo.csv","2","estado de cultivo","identidad=«*Monosiga brevicollis*»; campo=«estado de cultivo»; valor=«cultivo no censado en esta tabla»","0","451","62fe8db317f35c6679f79343610a8ebd1e1069944c66769b477742860e2791bc","8a33be0a189a42fe8a6c4b14ae5e36aa8df9da89aa312c045c6fd99de3c3f355","8267892735fc5d85b66160ad3906efba1127c076482c4555e79be517f75d93e8","Comprobación por el autor de sum(all(component in text for component in componentes) for text in textos) con ExactCooccurrenceIndex.count; componentes de nominal_query y corpus de source_snapshot. Coinciden ambos; resultado literal, no ausencia científica ni adjudicación de revisión."
"BN-233","6c630df60dc85c523483545910f14e9a956ef34e6199f59d9b84ff3c1ad863dc","REINSPECCION","2026-09-27T01:27:30Z","/root (autor; no revisión independiente)","C-2372","data/busquedas_negativas/15_4_15-4-registro-material-tiempo-ambiente-y-ecologia.csv","data/tablas/08/table-40a-8-3-censo-morfologia-genoma-cultivo.csv","3","descripción solo morfológica","identidad=«*Salpingoeca rosetta*»; campo=«descripción solo morfológica»; valor=«no: hay ensayos celulares y genómicos»","0","451","62fe8db317f35c6679f79343610a8ebd1e1069944c66769b477742860e2791bc","8a33be0a189a42fe8a6c4b14ae5e36aa8df9da89aa312c045c6fd99de3c3f355","8267892735fc5d85b66160ad3906efba1127c076482c4555e79be517f75d93e8","Comprobación por el autor de sum(all(component in text for component in componentes) for text in textos) con ExactCooccurrenceIndex.count; componentes de nominal_query y corpus de source_snapshot. Coinciden ambos; resultado literal, no ausencia científica ni adjudicación de revisión."
"BN-234","7559fe8ea18261a50de982138971e1f46cbc60b42270b1d5005fb4a7a0b248f7","REINSPECCION","2026-09-27T01:27:31Z","/root (autor; no revisión independiente)","C-2373","data/busquedas_negativas/15_4_15-4-registro-material-tiempo-ambiente-y-ecologia.csv","data/tablas/08/table-40a-8-3-censo-morfologia-genoma-cultivo.csv","3","estado de genoma","identidad=«*Salpingoeca rosetta*»; campo=«estado de genoma»; valor=«genoma documentado en el corpus»","0","451","62fe8db317f35c6679f79343610a8ebd1e1069944c66769b477742860e2791bc","8a33be0a189a42fe8a6c4b14ae5e36aa8df9da89aa312c045c6fd99de3c3f355","8267892735fc5d85b66160ad3906efba1127c076482c4555e79be517f75d93e8","Comprobación por el autor de sum(all(component in text for component in componentes) for text in textos) con ExactCooccurrenceIndex.count; componentes de nominal_query y corpus de source_snapshot. Coinciden ambos; resultado literal, no ausencia científica ni adjudicación de revisión."
"BN-235","d45b89dcac163e498840092657e9b98f35687905c650a2100727bf3bbc725705","REINSPECCION","2026-09-27T01:27:31Z","/root (autor; no revisión independiente)","C-2374","data/busquedas_negativas/15_4_15-4-registro-material-tiempo-ambiente-y-ecologia.csv","data/tablas/08/table-40a-8-3-censo-morfologia-genoma-cultivo.csv","3","estado de cultivo","identidad=«*Salpingoeca rosetta*»; campo=«estado de cultivo»; valor=«cultivo experimental documentado»","0","451","62fe8db317f35c6679f79343610a8ebd1e1069944c66769b477742860e2791bc","8a33be0a189a42fe8a6c4b14ae5e36aa8df9da89aa312c045c6fd99de3c3f355","8267892735fc5d85b66160ad3906efba1127c076482c4555e79be517f75d93e8","Comprobación por el autor de sum(all(component in text for component in componentes) for text in textos) con ExactCooccurrenceIndex.count; componentes de nominal_query y corpus de source_snapshot. Coinciden ambos; resultado literal, no ausencia científica ni adjudicación de revisión."
"BN-236","e3fdb8a3237875b0ac19747431f878256cc3b3784d069b17a3582fc746c83c57","REINSPECCION","2026-09-27T01:27:31Z","/root (autor; no revisión independiente)","C-2375","data/busquedas_negativas/15_4_15-4-registro-material-tiempo-ambiente-y-ecologia.csv","data/tablas/08/table-40a-8-3-censo-morfologia-genoma-cultivo.csv","3","resultado combinado","identidad=«*Salpingoeca rosetta*»; campo=«resultado combinado»; valor=«NO es caso solo morfológico sin genoma ni cultivo»","0","451","62fe8db317f35c6679f79343610a8ebd1e1069944c66769b477742860e2791bc","8a33be0a189a42fe8a6c4b14ae5e36aa8df9da89aa312c045c6fd99de3c3f355","8267892735fc5d85b66160ad3906efba1127c076482c4555e79be517f75d93e8","Comprobación por el autor de sum(all(component in text for component in componentes) for text in textos) con ExactCooccurrenceIndex.count; componentes de nominal_query y corpus de source_snapshot. Coinciden ambos; resultado literal, no ausencia científica ni adjudicación de revisión."
"BN-237","2a4131484a0af493d3c2b78ca1614bf1bc40993bf8f333dc1d6c420a87745db2","REINSPECCION","2026-09-27T01:27:32Z","/root (autor; no revisión independiente)","C-2376","data/busquedas_negativas/15_4_15-4-registro-material-tiempo-ambiente-y-ecologia.csv","data/tablas/08/table-40a-8-3-censo-morfologia-genoma-cultivo.csv","4","estado de genoma","identidad=«*Choanoeca flexa*»; campo=«estado de genoma»; valor=«genoma NO LOCALIZADO EN ESTA SESIÓN»","0","451","62fe8db317f35c6679f79343610a8ebd1e1069944c66769b477742860e2791bc","8a33be0a189a42fe8a6c4b14ae5e36aa8df9da89aa312c045c6fd99de3c3f355","8267892735fc5d85b66160ad3906efba1127c076482c4555e79be517f75d93e8","Comprobación por el autor de sum(all(component in text for component in componentes) for text in textos) con ExactCooccurrenceIndex.count; componentes de nominal_query y corpus de source_snapshot. Coinciden ambos; resultado literal, no ausencia científica ni adjudicación de revisión."
"BN-238","676e161011fa504b94cb5e30fbb3cbc8aa5a896413241fe70c9044e0f3751045","REINSPECCION","2026-09-27T01:27:32Z","/root (autor; no revisión independiente)","C-2377","data/busquedas_negativas/15_4_15-4-registro-material-tiempo-ambiente-y-ecologia.csv","data/tablas/08/table-40a-8-3-censo-morfologia-genoma-cultivo.csv","4","estado de cultivo","identidad=«*Choanoeca flexa*»; campo=«estado de cultivo»; valor=«cultivo NO LOCALIZADO EN ESTA SESIÓN»","0","451","62fe8db317f35c6679f79343610a8ebd1e1069944c66769b477742860e2791bc","8a33be0a189a42fe8a6c4b14ae5e36aa8df9da89aa312c045c6fd99de3c3f355","8267892735fc5d85b66160ad3906efba1127c076482c4555e79be517f75d93e8","Comprobación por el autor de sum(all(component in text for component in componentes) for text in textos) con ExactCooccurrenceIndex.count; componentes de nominal_query y corpus de source_snapshot. Coinciden ambos; resultado literal, no ausencia científica ni adjudicación de revisión."
"BN-239","c4b128fc7e2f2f78c000513563c77fe9fd3c050da4594547cff5e0d38ca47fa5","REINSPECCION","2026-09-27T01:27:33Z","/root (autor; no revisión independiente)","C-2378","data/busquedas_negativas/15_4_15-4-registro-material-tiempo-ambiente-y-ecologia.csv","data/tablas/08/table-40a-8-3-censo-morfologia-genoma-cultivo.csv","4","resultado combinado","identidad=«*Choanoeca flexa*»; campo=«resultado combinado»; valor=«NO RESUELTO; no se infiere ausencia desde falta de localización»","0","451","62fe8db317f35c6679f79343610a8ebd1e1069944c66769b477742860e2791bc","8a33be0a189a42fe8a6c4b14ae5e36aa8df9da89aa312c045c6fd99de3c3f355","8267892735fc5d85b66160ad3906efba1127c076482c4555e79be517f75d93e8","Comprobación por el autor de sum(all(component in text for component in componentes) for text in textos) con ExactCooccurrenceIndex.count; componentes de nominal_query y corpus de source_snapshot. Coinciden ambos; resultado literal, no ausencia científica ni adjudicación de revisión."
"BN-240","818d193e9f9493f878d111e1305f4b323ec467a8ff8952c9cd321486bcd6ed38","REINSPECCION","2026-09-27T01:27:33Z","/root (autor; no revisión independiente)","C-2379","data/busquedas_negativas/15_4_15-4-registro-material-tiempo-ambiente-y-ecologia.csv","data/tablas/08/table-40a-8-3-censo-morfologia-genoma-cultivo.csv","5","descripción solo morfológica","identidad=«*Capsaspora owczarzaki*»; campo=«descripción solo morfológica»; valor=«no: cultivo y genómica documentados»","0","451","62fe8db317f35c6679f79343610a8ebd1e1069944c66769b477742860e2791bc","8a33be0a189a42fe8a6c4b14ae5e36aa8df9da89aa312c045c6fd99de3c3f355","8267892735fc5d85b66160ad3906efba1127c076482c4555e79be517f75d93e8","Comprobación por el autor de sum(all(component in text for component in componentes) for text in textos) con ExactCooccurrenceIndex.count; componentes de nominal_query y corpus de source_snapshot. Coinciden ambos; resultado literal, no ausencia científica ni adjudicación de revisión."
"BN-241","6e5985ecd2904fd85dd59f47985159441df1721f54926aaf01733ddbcd9368a4","REINSPECCION","2026-09-27T01:27:33Z","/root (autor; no revisión independiente)","C-2380","data/busquedas_negativas/15_4_15-4-registro-material-tiempo-ambiente-y-ecologia.csv","data/tablas/08/table-40a-8-3-censo-morfologia-genoma-cultivo.csv","5","estado de genoma","identidad=«*Capsaspora owczarzaki*»; campo=«estado de genoma»; valor=«genoma documentado en el corpus»","0","451","62fe8db317f35c6679f79343610a8ebd1e1069944c66769b477742860e2791bc","8a33be0a189a42fe8a6c4b14ae5e36aa8df9da89aa312c045c6fd99de3c3f355","8267892735fc5d85b66160ad3906efba1127c076482c4555e79be517f75d93e8","Comprobación por el autor de sum(all(component in text for component in componentes) for text in textos) con ExactCooccurrenceIndex.count; componentes de nominal_query y corpus de source_snapshot. Coinciden ambos; resultado literal, no ausencia científica ni adjudicación de revisión."
"BN-242","f2864d6de50c7e167bf8d1e8d3efc04437b6b9dfd62491275a753afdc39ce185","REINSPECCION","2026-09-27T01:27:34Z","/root (autor; no revisión independiente)","C-2381","data/busquedas_negativas/15_4_15-4-registro-material-tiempo-ambiente-y-ecologia.csv","data/tablas/08/table-40a-8-3-censo-morfologia-genoma-cultivo.csv","6","descripción solo morfológica","identidad=«*Ministeria vibrans*»; campo=«descripción solo morfológica»; valor=«no: microscopía y alimentación en cultivo»","0","451","62fe8db317f35c6679f79343610a8ebd1e1069944c66769b477742860e2791bc","8a33be0a189a42fe8a6c4b14ae5e36aa8df9da89aa312c045c6fd99de3c3f355","8267892735fc5d85b66160ad3906efba1127c076482c4555e79be517f75d93e8","Comprobación por el autor de sum(all(component in text for component in componentes) for text in textos) con ExactCooccurrenceIndex.count; componentes de nominal_query y corpus de source_snapshot. Coinciden ambos; resultado literal, no ausencia científica ni adjudicación de revisión."
"BN-243","625a5ed1f311a8745197bed5e4346dcb770cbc85867ba245752816c9a254d0d5","REINSPECCION","2026-09-27T01:27:34Z","/root (autor; no revisión independiente)","C-2382","data/busquedas_negativas/15_4_15-4-registro-material-tiempo-ambiente-y-ecologia.csv","data/tablas/08/table-40a-8-3-censo-morfologia-genoma-cultivo.csv","6","estado de genoma","identidad=«*Ministeria vibrans*»; campo=«estado de genoma»; valor=«genoma NO LOCALIZADO EN ESTA SESIÓN»","0","451","62fe8db317f35c6679f79343610a8ebd1e1069944c66769b477742860e2791bc","8a33be0a189a42fe8a6c4b14ae5e36aa8df9da89aa312c045c6fd99de3c3f355","8267892735fc5d85b66160ad3906efba1127c076482c4555e79be517f75d93e8","Comprobación por el autor de sum(all(component in text for component in componentes) for text in textos) con ExactCooccurrenceIndex.count; componentes de nominal_query y corpus de source_snapshot. Coinciden ambos; resultado literal, no ausencia científica ni adjudicación de revisión."
"BN-244","4ad36a95619857d8c857fa7df19e76b0e1ebabd5f2521d90de4aaa9af5100a19","REINSPECCION","2026-09-27T01:27:35Z","/root (autor; no revisión independiente)","C-2383","data/busquedas_negativas/15_4_15-4-registro-material-tiempo-ambiente-y-ecologia.csv","data/tablas/08/table-40a-8-3-censo-morfologia-genoma-cultivo.csv","7","estado de genoma","identidad=«*Sphaeroforma arctica*»; campo=«estado de genoma»; valor=«genoma NO LOCALIZADO EN ESTA SESIÓN»","0","451","62fe8db317f35c6679f79343610a8ebd1e1069944c66769b477742860e2791bc","8a33be0a189a42fe8a6c4b14ae5e36aa8df9da89aa312c045c6fd99de3c3f355","8267892735fc5d85b66160ad3906efba1127c076482c4555e79be517f75d93e8","Comprobación por el autor de sum(all(component in text for component in componentes) for text in textos) con ExactCooccurrenceIndex.count; componentes de nominal_query y corpus de source_snapshot. Coinciden ambos; resultado literal, no ausencia científica ni adjudicación de revisión."
"BN-245","1f701a963d64f1a2e2cbd251d0c300b32944fbe0f3cbba7c2e1405c33a32c6ea","REINSPECCION","2026-09-27T01:27:35Z","/root (autor; no revisión independiente)","C-2384","data/busquedas_negativas/15_4_15-4-registro-material-tiempo-ambiente-y-ecologia.csv","data/tablas/08/table-40a-8-3-censo-morfologia-genoma-cultivo.csv","7","estado de cultivo","identidad=«*Sphaeroforma arctica*»; campo=«estado de cultivo»; valor=«cultivo experimental implícito, condición nominal no censada»","0","451","62fe8db317f35c6679f79343610a8ebd1e1069944c66769b477742860e2791bc","8a33be0a189a42fe8a6c4b14ae5e36aa8df9da89aa312c045c6fd99de3c3f355","8267892735fc5d85b66160ad3906efba1127c076482c4555e79be517f75d93e8","Comprobación por el autor de sum(all(component in text for component in componentes) for text in textos) con ExactCooccurrenceIndex.count; componentes de nominal_query y corpus de source_snapshot. Coinciden ambos; resultado literal, no ausencia científica ni adjudicación de revisión."
"BN-246","37c28207d4966d98fe44a34f078011f3afca9ab1ad8dfaf09b3a7f256b046309","REINSPECCION","2026-09-27T01:27:36Z","/root (autor; no revisión independiente)","C-2385","data/busquedas_negativas/15_4_15-4-registro-material-tiempo-ambiente-y-ecologia.csv","data/tablas/08/table-40a-8-3-censo-morfologia-genoma-cultivo.csv","7","resultado combinado","identidad=«*Sphaeroforma arctica*»; campo=«resultado combinado»; valor=«NO RESUELTO; no se infiere ausencia»","0","451","62fe8db317f35c6679f79343610a8ebd1e1069944c66769b477742860e2791bc","8a33be0a189a42fe8a6c4b14ae5e36aa8df9da89aa312c045c6fd99de3c3f355","8267892735fc5d85b66160ad3906efba1127c076482c4555e79be517f75d93e8","Comprobación por el autor de sum(all(component in text for component in componentes) for text in textos) con ExactCooccurrenceIndex.count; componentes de nominal_query y corpus de source_snapshot. Coinciden ambos; resultado literal, no ausencia científica ni adjudicación de revisión."
"BN-247","92d3ec3ee6593a06c646c18558e9c719f32e96823b5cecc1d4d964505cab495b","REINSPECCION","2026-09-27T01:27:36Z","/root (autor; no revisión independiente)","C-2386","data/busquedas_negativas/15_4_15-4-registro-material-tiempo-ambiente-y-ecologia.csv","data/tablas/08/table-40a-8-3-censo-morfologia-genoma-cultivo.csv","8","estado de genoma","identidad=«*Creolimax fragrantissima*»; campo=«estado de genoma»; valor=«genoma NO LOCALIZADO EN ESTA SESIÓN»","0","451","62fe8db317f35c6679f79343610a8ebd1e1069944c66769b477742860e2791bc","8a33be0a189a42fe8a6c4b14ae5e36aa8df9da89aa312c045c6fd99de3c3f355","8267892735fc5d85b66160ad3906efba1127c076482c4555e79be517f75d93e8","Comprobación por el autor de sum(all(component in text for component in componentes) for text in textos) con ExactCooccurrenceIndex.count; componentes de nominal_query y corpus de source_snapshot. Coinciden ambos; resultado literal, no ausencia científica ni adjudicación de revisión."
"BN-248","dc2c47a9e96491a3a0e5c48009c0db3f6b62325f588ea0f799297eeafee22d9f","REINSPECCION","2026-09-27T01:27:36Z","/root (autor; no revisión independiente)","C-2387","data/busquedas_negativas/15_4_15-4-registro-material-tiempo-ambiente-y-ecologia.csv","data/tablas/08/table-40a-8-3-censo-morfologia-genoma-cultivo.csv","8","estado de cultivo","identidad=«*Creolimax fragrantissima*»; campo=«estado de cultivo»; valor=«cultivo experimental implícito, condición nominal no censada»","0","451","62fe8db317f35c6679f79343610a8ebd1e1069944c66769b477742860e2791bc","8a33be0a189a42fe8a6c4b14ae5e36aa8df9da89aa312c045c6fd99de3c3f355","8267892735fc5d85b66160ad3906efba1127c076482c4555e79be517f75d93e8","Comprobación por el autor de sum(all(component in text for component in componentes) for text in textos) con ExactCooccurrenceIndex.count; componentes de nominal_query y corpus de source_snapshot. Coinciden ambos; resultado literal, no ausencia científica ni adjudicación de revisión."
"BN-249","910839d54faf7fc7a2301818e938efc017513a8cab64d3b7e587ff219b1a47c2","REINSPECCION","2026-09-27T01:27:36Z","/root (autor; no revisión independiente)","C-2388","data/busquedas_negativas/15_4_15-4-registro-material-tiempo-ambiente-y-ecologia.csv","data/tablas/08/table-40a-8-3-censo-morfologia-genoma-cultivo.csv","8","resultado combinado","identidad=«*Creolimax fragrantissima*»; campo=«resultado combinado»; valor=«NO RESUELTO; no se infiere ausencia»","0","451","62fe8db317f35c6679f79343610a8ebd1e1069944c66769b477742860e2791bc","8a33be0a189a42fe8a6c4b14ae5e36aa8df9da89aa312c045c6fd99de3c3f355","8267892735fc5d85b66160ad3906efba1127c076482c4555e79be517f75d93e8","Comprobación por el autor de sum(all(component in text for component in componentes) for text in textos) con ExactCooccurrenceIndex.count; componentes de nominal_query y corpus de source_snapshot. Coinciden ambos; resultado literal, no ausencia científica ni adjudicación de revisión."
"BN-250","4c9fa22b142dfdcaaca943b4ef5447f6dceaf24945c2f1386fe615ddd52a0a40","REINSPECCION","2026-09-27T01:27:37Z","/root (autor; no revisión independiente)","C-2389","data/busquedas_negativas/15_4_15-4-registro-material-tiempo-ambiente-y-ecologia.csv","data/tablas/08/table-40a-8-3-censo-morfologia-genoma-cultivo.csv","9","estado de genoma","identidad=«*Abeoforma whisleri* / *Pirum gemmata*»; campo=«estado de genoma»; valor=«genoma NO LOCALIZADO EN ESTA SESIÓN»","0","451","62fe8db317f35c6679f79343610a8ebd1e1069944c66769b477742860e2791bc","8a33be0a189a42fe8a6c4b14ae5e36aa8df9da89aa312c045c6fd99de3c3f355","8267892735fc5d85b66160ad3906efba1127c076482c4555e79be517f75d93e8","Comprobación por el autor de sum(all(component in text for component in componentes) for text in textos) con ExactCooccurrenceIndex.count; componentes de nominal_query y corpus de source_snapshot. Coinciden ambos; resultado literal, no ausencia científica ni adjudicación de revisión."
"BN-251","cab8d53c84777117505d64e0e53af983170cc55b5127f0b20f70b9d1ea9dff7f","REINSPECCION","2026-09-27T01:27:37Z","/root (autor; no revisión independiente)","C-2390","data/busquedas_negativas/15_4_15-4-registro-material-tiempo-ambiente-y-ecologia.csv","data/tablas/08/table-40a-8-3-censo-morfologia-genoma-cultivo.csv","9","estado de cultivo","identidad=«*Abeoforma whisleri* / *Pirum gemmata*»; campo=«estado de cultivo»; valor=«cultivo documentado»","0","451","62fe8db317f35c6679f79343610a8ebd1e1069944c66769b477742860e2791bc","8a33be0a189a42fe8a6c4b14ae5e36aa8df9da89aa312c045c6fd99de3c3f355","8267892735fc5d85b66160ad3906efba1127c076482c4555e79be517f75d93e8","Comprobación por el autor de sum(all(component in text for component in componentes) for text in textos) con ExactCooccurrenceIndex.count; componentes de nominal_query y corpus de source_snapshot. Coinciden ambos; resultado literal, no ausencia científica ni adjudicación de revisión."
"BN-252","5a7aa1c20d76c85c90f9b934ed73210c8b862094ee9fa3cd930363fbc0d10946","REINSPECCION","2026-09-27T01:27:37Z","/root (autor; no revisión independiente)","C-2391","data/busquedas_negativas/15_4_15-4-registro-material-tiempo-ambiente-y-ecologia.csv","data/tablas/08/table-40a-8-3-censo-morfologia-genoma-cultivo.csv","9","resultado combinado","identidad=«*Abeoforma whisleri* / *Pirum gemmata*»; campo=«resultado combinado»; valor=«NO es caso simultáneamente sin cultivo»","0","451","62fe8db317f35c6679f79343610a8ebd1e1069944c66769b477742860e2791bc","8a33be0a189a42fe8a6c4b14ae5e36aa8df9da89aa312c045c6fd99de3c3f355","8267892735fc5d85b66160ad3906efba1127c076482c4555e79be517f75d93e8","Comprobación por el autor de sum(all(component in text for component in componentes) for text in textos) con ExactCooccurrenceIndex.count; componentes de nominal_query y corpus de source_snapshot. Coinciden ambos; resultado literal, no ausencia científica ni adjudicación de revisión."
"BN-253","8d576a4de62d7ea59bbd6ed47f2d985ca5c35e6c4041579321641272d231aac0","REINSPECCION","2026-09-27T01:27:38Z","/root (autor; no revisión independiente)","C-2392","data/busquedas_negativas/15_4_15-4-registro-material-tiempo-ambiente-y-ecologia.csv","data/tablas/08/table-40a-8-3-censo-morfologia-genoma-cultivo.csv","10","estado de genoma","identidad=«*Ichthyophonus hoferi* / *Ichthyophonus* sp.»; campo=«estado de genoma»; valor=«genoma NO LOCALIZADO EN ESTA SESIÓN»","0","451","62fe8db317f35c6679f79343610a8ebd1e1069944c66769b477742860e2791bc","8a33be0a189a42fe8a6c4b14ae5e36aa8df9da89aa312c045c6fd99de3c3f355","8267892735fc5d85b66160ad3906efba1127c076482c4555e79be517f75d93e8","Comprobación por el autor de sum(all(component in text for component in componentes) for text in textos) con ExactCooccurrenceIndex.count; componentes de nominal_query y corpus de source_snapshot. Coinciden ambos; resultado literal, no ausencia científica ni adjudicación de revisión."
"BN-254","e62892ba0d33407b16e88bf1e1b7be203a666b8a0bfac625fd160d526fb8d33e","REINSPECCION","2026-09-27T01:27:38Z","/root (autor; no revisión independiente)","C-2393","data/busquedas_negativas/15_4_15-4-registro-material-tiempo-ambiente-y-ecologia.csv","data/tablas/08/table-40a-8-3-censo-morfologia-genoma-cultivo.csv","10","estado de cultivo","identidad=«*Ichthyophonus hoferi* / *Ichthyophonus* sp.»; campo=«estado de cultivo»; valor=«ensayo de infección documentado; estado de cultivo no consta»","0","451","62fe8db317f35c6679f79343610a8ebd1e1069944c66769b477742860e2791bc","8a33be0a189a42fe8a6c4b14ae5e36aa8df9da89aa312c045c6fd99de3c3f355","8267892735fc5d85b66160ad3906efba1127c076482c4555e79be517f75d93e8","Comprobación por el autor de sum(all(component in text for component in componentes) for text in textos) con ExactCooccurrenceIndex.count; componentes de nominal_query y corpus de source_snapshot. Coinciden ambos; resultado literal, no ausencia científica ni adjudicación de revisión."
"BN-255","b9a3d2ac8c0f6cda6f67ba8e1eb36d8abee1baa5c42137b45641d0a2ab3f1d9e","REINSPECCION","2026-09-27T01:27:38Z","/root (autor; no revisión independiente)","C-2394","data/busquedas_negativas/15_4_15-4-registro-material-tiempo-ambiente-y-ecologia.csv","data/tablas/08/table-40a-8-3-censo-morfologia-genoma-cultivo.csv","10","resultado combinado","identidad=«*Ichthyophonus hoferi* / *Ichthyophonus* sp.»; campo=«resultado combinado»; valor=«NO RESUELTO; no se infiere ausencia»","0","451","62fe8db317f35c6679f79343610a8ebd1e1069944c66769b477742860e2791bc","8a33be0a189a42fe8a6c4b14ae5e36aa8df9da89aa312c045c6fd99de3c3f355","8267892735fc5d85b66160ad3906efba1127c076482c4555e79be517f75d93e8","Comprobación por el autor de sum(all(component in text for component in componentes) for text in textos) con ExactCooccurrenceIndex.count; componentes de nominal_query y corpus de source_snapshot. Coinciden ambos; resultado literal, no ausencia científica ni adjudicación de revisión."
"BN-256","2c24976beffb755ba8e656a6d2e39cc3a065ec1e989e255b85f69560b3200913","REINSPECCION","2026-09-27T01:27:39Z","/root (autor; no revisión independiente)","C-2395","data/busquedas_negativas/15_4_15-4-registro-material-tiempo-ambiente-y-ecologia.csv","data/tablas/08/table-40a-8-3-censo-morfologia-genoma-cultivo.csv","11","estado de genoma","identidad=«*Corallochytrium limacisporum*»; campo=«estado de genoma»; valor=«genoma NO LOCALIZADO EN ESTA SESIÓN»","0","451","62fe8db317f35c6679f79343610a8ebd1e1069944c66769b477742860e2791bc","8a33be0a189a42fe8a6c4b14ae5e36aa8df9da89aa312c045c6fd99de3c3f355","8267892735fc5d85b66160ad3906efba1127c076482c4555e79be517f75d93e8","Comprobación por el autor de sum(all(component in text for component in componentes) for text in textos) con ExactCooccurrenceIndex.count; componentes de nominal_query y corpus de source_snapshot. Coinciden ambos; resultado literal, no ausencia científica ni adjudicación de revisión."
"BN-257","7661c1edc765853f393446ed282a322474b0ebc7db7785311af903f979cb01f5","REINSPECCION","2026-09-27T01:27:39Z","/root (autor; no revisión independiente)","C-2396","data/busquedas_negativas/15_4_15-4-registro-material-tiempo-ambiente-y-ecologia.csv","data/tablas/08/table-40a-8-3-censo-morfologia-genoma-cultivo.csv","12","estado de genoma","identidad=«*Syssomonas multiformis*»; campo=«estado de genoma»; valor=«genoma NO LOCALIZADO EN ESTA SESIÓN»","0","451","62fe8db317f35c6679f79343610a8ebd1e1069944c66769b477742860e2791bc","8a33be0a189a42fe8a6c4b14ae5e36aa8df9da89aa312c045c6fd99de3c3f355","8267892735fc5d85b66160ad3906efba1127c076482c4555e79be517f75d93e8","Comprobación por el autor de sum(all(component in text for component in componentes) for text in textos) con ExactCooccurrenceIndex.count; componentes de nominal_query y corpus de source_snapshot. Coinciden ambos; resultado literal, no ausencia científica ni adjudicación de revisión."
"BN-258","f44fe6c78b7fcceb63a982b08b2995c4ff38aed2e89bdffc482a86deb31bce74","REINSPECCION","2026-09-27T01:27:40Z","/root (autor; no revisión independiente)","C-2397","data/busquedas_negativas/15_4_15-4-registro-material-tiempo-ambiente-y-ecologia.csv","data/tablas/08/table-40a-8-3-censo-morfologia-genoma-cultivo.csv","12","resultado combinado","identidad=«*Syssomonas multiformis*»; campo=«resultado combinado»; valor=«NO RESUELTO; no se infiere ausencia»","0","451","62fe8db317f35c6679f79343610a8ebd1e1069944c66769b477742860e2791bc","8a33be0a189a42fe8a6c4b14ae5e36aa8df9da89aa312c045c6fd99de3c3f355","8267892735fc5d85b66160ad3906efba1127c076482c4555e79be517f75d93e8","Comprobación por el autor de sum(all(component in text for component in componentes) for text in textos) con ExactCooccurrenceIndex.count; componentes de nominal_query y corpus de source_snapshot. Coinciden ambos; resultado literal, no ausencia científica ni adjudicación de revisión."
"BN-259","b1667285becd8b1d24e8d237880d0707d879020694c0f48e2ffaf7123f4b636a","REINSPECCION","2026-09-27T01:27:40Z","/root (autor; no revisión independiente)","C-2398","data/busquedas_negativas/15_4_15-4-registro-material-tiempo-ambiente-y-ecologia.csv","data/tablas/08/table-40a-8-3-censo-morfologia-genoma-cultivo.csv","13","estado de genoma","identidad=«*Pigoraptor vietnamica* y *P. chileana*»; campo=«estado de genoma»; valor=«genoma NO LOCALIZADO EN ESTA SESIÓN»","0","451","62fe8db317f35c6679f79343610a8ebd1e1069944c66769b477742860e2791bc","8a33be0a189a42fe8a6c4b14ae5e36aa8df9da89aa312c045c6fd99de3c3f355","8267892735fc5d85b66160ad3906efba1127c076482c4555e79be517f75d93e8","Comprobación por el autor de sum(all(component in text for component in componentes) for text in textos) con ExactCooccurrenceIndex.count; componentes de nominal_query y corpus de source_snapshot. Coinciden ambos; resultado literal, no ausencia científica ni adjudicación de revisión."
"BN-260","2b9879039d46d956773e8a0ce9ca33df4d0430d1cc4358a56c027d80a40d8a64","REINSPECCION","2026-09-27T01:27:40Z","/root (autor; no revisión independiente)","C-2399","data/busquedas_negativas/15_4_15-4-registro-material-tiempo-ambiente-y-ecologia.csv","data/tablas/08/table-40a-8-3-censo-morfologia-genoma-cultivo.csv","13","estado de cultivo","identidad=«*Pigoraptor vietnamica* y *P. chileana*»; campo=«estado de cultivo»; valor=«cultivo NO LOCALIZADO EN ESTA SESIÓN»","0","451","62fe8db317f35c6679f79343610a8ebd1e1069944c66769b477742860e2791bc","8a33be0a189a42fe8a6c4b14ae5e36aa8df9da89aa312c045c6fd99de3c3f355","8267892735fc5d85b66160ad3906efba1127c076482c4555e79be517f75d93e8","Comprobación por el autor de sum(all(component in text for component in componentes) for text in textos) con ExactCooccurrenceIndex.count; componentes de nominal_query y corpus de source_snapshot. Coinciden ambos; resultado literal, no ausencia científica ni adjudicación de revisión."
"BN-261","79bce6eafa9841cface0693576fd29e36c1c40e8463c80519f25b17c5acbd242","REINSPECCION","2026-09-27T01:27:41Z","/root (autor; no revisión independiente)","C-2400","data/busquedas_negativas/15_4_15-4-registro-material-tiempo-ambiente-y-ecologia.csv","data/tablas/08/table-40a-8-3-censo-morfologia-genoma-cultivo.csv","13","resultado combinado","identidad=«*Pigoraptor vietnamica* y *P. chileana*»; campo=«resultado combinado»; valor=«NO RESUELTO; no se infiere ausencia»","0","451","62fe8db317f35c6679f79343610a8ebd1e1069944c66769b477742860e2791bc","8a33be0a189a42fe8a6c4b14ae5e36aa8df9da89aa312c045c6fd99de3c3f355","8267892735fc5d85b66160ad3906efba1127c076482c4555e79be517f75d93e8","Comprobación por el autor de sum(all(component in text for component in componentes) for text in textos) con ExactCooccurrenceIndex.count; componentes de nominal_query y corpus de source_snapshot. Coinciden ambos; resultado literal, no ausencia científica ni adjudicación de revisión."
"BN-262","c0c6763bec0cde8b453469186df05ce29d61e28ccc8953daba86a2707eaa87a3","REINSPECCION","2026-09-27T01:27:41Z","/root (autor; no revisión independiente)","C-2401","data/busquedas_negativas/15_4_15-4-registro-material-tiempo-ambiente-y-ecologia.csv","data/tablas/08/table-40a-8-3-censo-morfologia-genoma-cultivo.csv","14","estado de genoma","identidad=«*Tunicaraptor unikontum*»; campo=«estado de genoma»; valor=«genoma NO LOCALIZADO EN ESTA SESIÓN»","0","451","62fe8db317f35c6679f79343610a8ebd1e1069944c66769b477742860e2791bc","8a33be0a189a42fe8a6c4b14ae5e36aa8df9da89aa312c045c6fd99de3c3f355","8267892735fc5d85b66160ad3906efba1127c076482c4555e79be517f75d93e8","Comprobación por el autor de sum(all(component in text for component in componentes) for text in textos) con ExactCooccurrenceIndex.count; componentes de nominal_query y corpus de source_snapshot. Coinciden ambos; resultado literal, no ausencia científica ni adjudicación de revisión."
"BN-263","8e9f5e7824fb4349652f436af3537b73b84b6c2e2a457becbe043cd7912bd19b","REINSPECCION","2026-09-27T01:27:41Z","/root (autor; no revisión independiente)","C-2402","data/busquedas_negativas/15_4_15-4-registro-material-tiempo-ambiente-y-ecologia.csv","data/tablas/08/table-40a-8-3-censo-morfologia-genoma-cultivo.csv","14","estado de cultivo","identidad=«*Tunicaraptor unikontum*»; campo=«estado de cultivo»; valor=«cultivo NO LOCALIZADO EN ESTA SESIÓN»","0","451","62fe8db317f35c6679f79343610a8ebd1e1069944c66769b477742860e2791bc","8a33be0a189a42fe8a6c4b14ae5e36aa8df9da89aa312c045c6fd99de3c3f355","8267892735fc5d85b66160ad3906efba1127c076482c4555e79be517f75d93e8","Comprobación por el autor de sum(all(component in text for component in componentes) for text in textos) con ExactCooccurrenceIndex.count; componentes de nominal_query y corpus de source_snapshot. Coinciden ambos; resultado literal, no ausencia científica ni adjudicación de revisión."
"BN-264","291a3a23dba80414827ea04d7770fdf451a67f04512a5df95f1491e378baea3f","REINSPECCION","2026-09-27T01:27:42Z","/root (autor; no revisión independiente)","C-2403","data/busquedas_negativas/15_4_15-4-registro-material-tiempo-ambiente-y-ecologia.csv","data/tablas/08/table-40a-8-3-censo-morfologia-genoma-cultivo.csv","14","resultado combinado","identidad=«*Tunicaraptor unikontum*»; campo=«resultado combinado»; valor=«NO RESUELTO; no se infiere ausencia»","0","451","62fe8db317f35c6679f79343610a8ebd1e1069944c66769b477742860e2791bc","8a33be0a189a42fe8a6c4b14ae5e36aa8df9da89aa312c045c6fd99de3c3f355","8267892735fc5d85b66160ad3906efba1127c076482c4555e79be517f75d93e8","Comprobación por el autor de sum(all(component in text for component in componentes) for text in textos) con ExactCooccurrenceIndex.count; componentes de nominal_query y corpus de source_snapshot. Coinciden ambos; resultado literal, no ausencia científica ni adjudicación de revisión."
"BN-265","97384cc4602b620d53c798e587b8feae23d5b3b3738fd62e1eb5603cbcdd58c0","REINSPECCION","2026-09-27T01:27:42Z","/root (autor; no revisión independiente)","C-2404","data/busquedas_negativas/15_4_15-4-registro-material-tiempo-ambiente-y-ecologia.csv","data/tablas/08/table-40a-8-3-censo-morfologia-genoma-cultivo.csv","15","descripción solo morfológica","identidad=«*Lenisia limosa*»; campo=«descripción solo morfológica»; valor=«no: metabolismo y epibiontes documentados»","0","451","62fe8db317f35c6679f79343610a8ebd1e1069944c66769b477742860e2791bc","8a33be0a189a42fe8a6c4b14ae5e36aa8df9da89aa312c045c6fd99de3c3f355","8267892735fc5d85b66160ad3906efba1127c076482c4555e79be517f75d93e8","Comprobación por el autor de sum(all(component in text for component in componentes) for text in textos) con ExactCooccurrenceIndex.count; componentes de nominal_query y corpus de source_snapshot. Coinciden ambos; resultado literal, no ausencia científica ni adjudicación de revisión."
"BN-266","b8094ecf1013bd521a1f543ea6f7815443a496ecd73e6eca73caaca11ff930e2","REINSPECCION","2026-09-27T01:27:43Z","/root (autor; no revisión independiente)","C-2405","data/busquedas_negativas/15_4_15-4-registro-material-tiempo-ambiente-y-ecologia.csv","data/tablas/08/table-40a-8-3-censo-morfologia-genoma-cultivo.csv","15","estado de genoma","identidad=«*Lenisia limosa*»; campo=«estado de genoma»; valor=«genoma NO LOCALIZADO EN ESTA SESIÓN»","0","451","62fe8db317f35c6679f79343610a8ebd1e1069944c66769b477742860e2791bc","8a33be0a189a42fe8a6c4b14ae5e36aa8df9da89aa312c045c6fd99de3c3f355","8267892735fc5d85b66160ad3906efba1127c076482c4555e79be517f75d93e8","Comprobación por el autor de sum(all(component in text for component in componentes) for text in textos) con ExactCooccurrenceIndex.count; componentes de nominal_query y corpus de source_snapshot. Coinciden ambos; resultado literal, no ausencia científica ni adjudicación de revisión."
"BN-267","f004b3f0b7b815a07fedb1910e1633a3031e7c28464ce543f4cff80e319b0959","REINSPECCION","2026-09-27T01:27:43Z","/root (autor; no revisión independiente)","C-2406","data/busquedas_negativas/15_4_15-4-registro-material-tiempo-ambiente-y-ecologia.csv","data/tablas/08/table-40a-8-3-censo-morfologia-genoma-cultivo.csv","15","estado de cultivo","identidad=«*Lenisia limosa*»; campo=«estado de cultivo»; valor=«cultivo NO LOCALIZADO EN ESTA SESIÓN»","0","451","62fe8db317f35c6679f79343610a8ebd1e1069944c66769b477742860e2791bc","8a33be0a189a42fe8a6c4b14ae5e36aa8df9da89aa312c045c6fd99de3c3f355","8267892735fc5d85b66160ad3906efba1127c076482c4555e79be517f75d93e8","Comprobación por el autor de sum(all(component in text for component in componentes) for text in textos) con ExactCooccurrenceIndex.count; componentes de nominal_query y corpus de source_snapshot. Coinciden ambos; resultado literal, no ausencia científica ni adjudicación de revisión."
"BN-268","fa39326552973e0a0a70671c6de2e3bed891dd4d014598520c2c68202dfc832c","REINSPECCION","2026-09-27T01:27:43Z","/root (autor; no revisión independiente)","C-2407","data/busquedas_negativas/15_4_15-4-registro-material-tiempo-ambiente-y-ecologia.csv","data/tablas/08/table-40a-8-3-censo-morfologia-genoma-cultivo.csv","15","resultado combinado","identidad=«*Lenisia limosa*»; campo=«resultado combinado»; valor=«NO RESUELTO; no se infiere ausencia»","0","451","62fe8db317f35c6679f79343610a8ebd1e1069944c66769b477742860e2791bc","8a33be0a189a42fe8a6c4b14ae5e36aa8df9da89aa312c045c6fd99de3c3f355","8267892735fc5d85b66160ad3906efba1127c076482c4555e79be517f75d93e8","Comprobación por el autor de sum(all(component in text for component in componentes) for text in textos) con ExactCooccurrenceIndex.count; componentes de nominal_query y corpus de source_snapshot. Coinciden ambos; resultado literal, no ausencia científica ni adjudicación de revisión."
"BN-269","7539404eb9e7c20b5df61a6f34c0f606973c1fac1da87649781300bd6f9765e8","REINSPECCION","2026-09-27T01:27:44Z","/root (autor; no revisión independiente)","C-2408","data/busquedas_negativas/15_4_15-4-registro-material-tiempo-ambiente-y-ecologia.csv","data/tablas/08/table-40a-8-3-censo-morfologia-genoma-cultivo.csv","16","estado de genoma","identidad=«*Pygsuia biforma*»; campo=«estado de genoma»; valor=«genoma NO LOCALIZADO EN ESTA SESIÓN»","0","451","62fe8db317f35c6679f79343610a8ebd1e1069944c66769b477742860e2791bc","8a33be0a189a42fe8a6c4b14ae5e36aa8df9da89aa312c045c6fd99de3c3f355","8267892735fc5d85b66160ad3906efba1127c076482c4555e79be517f75d93e8","Comprobación por el autor de sum(all(component in text for component in componentes) for text in textos) con ExactCooccurrenceIndex.count; componentes de nominal_query y corpus de source_snapshot. Coinciden ambos; resultado literal, no ausencia científica ni adjudicación de revisión."
"BN-270","2dfd71298c2c184ff0f6e3ad1a42f871ffb6f7a5494b159c38b7e15ea499f6e6","REINSPECCION","2026-09-27T01:27:44Z","/root (autor; no revisión independiente)","C-2409","data/busquedas_negativas/15_4_15-4-registro-material-tiempo-ambiente-y-ecologia.csv","data/tablas/08/table-40a-8-3-censo-morfologia-genoma-cultivo.csv","16","estado de cultivo","identidad=«*Pygsuia biforma*»; campo=«estado de cultivo»; valor=«cultivo NO LOCALIZADO EN ESTA SESIÓN»","0","451","62fe8db317f35c6679f79343610a8ebd1e1069944c66769b477742860e2791bc","8a33be0a189a42fe8a6c4b14ae5e36aa8df9da89aa312c045c6fd99de3c3f355","8267892735fc5d85b66160ad3906efba1127c076482c4555e79be517f75d93e8","Comprobación por el autor de sum(all(component in text for component in componentes) for text in textos) con ExactCooccurrenceIndex.count; componentes de nominal_query y corpus de source_snapshot. Coinciden ambos; resultado literal, no ausencia científica ni adjudicación de revisión."
"BN-271","20af929c0a7f2b9bf7fb76b2d9b26be4613de05327b6061a88aae48a9bcf146e","REINSPECCION","2026-09-27T01:27:44Z","/root (autor; no revisión independiente)","C-2410","data/busquedas_negativas/15_4_15-4-registro-material-tiempo-ambiente-y-ecologia.csv","data/tablas/08/table-40a-8-3-censo-morfologia-genoma-cultivo.csv","16","resultado combinado","identidad=«*Pygsuia biforma*»; campo=«resultado combinado»; valor=«NO RESUELTO; no se infiere ausencia»","0","451","62fe8db317f35c6679f79343610a8ebd1e1069944c66769b477742860e2791bc","8a33be0a189a42fe8a6c4b14ae5e36aa8df9da89aa312c045c6fd99de3c3f355","8267892735fc5d85b66160ad3906efba1127c076482c4555e79be517f75d93e8","Comprobación por el autor de sum(all(component in text for component in componentes) for text in textos) con ExactCooccurrenceIndex.count; componentes de nominal_query y corpus de source_snapshot. Coinciden ambos; resultado literal, no ausencia científica ni adjudicación de revisión."
"BN-272","6727b13ad3d1781e3c798a006f8948da6cb402a786aae1814a195b38c71b8976","REINSPECCION","2026-09-27T01:27:45Z","/root (autor; no revisión independiente)","C-2411","data/busquedas_negativas/15_4_15-4-registro-material-tiempo-ambiente-y-ecologia.csv","data/tablas/08/table-40a-8-3-censo-morfologia-genoma-cultivo.csv","17","estado de genoma","identidad=«*Thecamonas trahens*»; campo=«estado de genoma»; valor=«genoma NO LOCALIZADO EN ESTA SESIÓN»","0","451","62fe8db317f35c6679f79343610a8ebd1e1069944c66769b477742860e2791bc","8a33be0a189a42fe8a6c4b14ae5e36aa8df9da89aa312c045c6fd99de3c3f355","8267892735fc5d85b66160ad3906efba1127c076482c4555e79be517f75d93e8","Comprobación por el autor de sum(all(component in text for component in componentes) for text in textos) con ExactCooccurrenceIndex.count; componentes de nominal_query y corpus de source_snapshot. Coinciden ambos; resultado literal, no ausencia científica ni adjudicación de revisión."
"BN-273","35091b0d6b32659df516e6d0dc7315d9020725428a82b013e3d2b8cef21f1295","REINSPECCION","2026-09-27T01:27:45Z","/root (autor; no revisión independiente)","C-2412","data/busquedas_negativas/15_4_15-4-registro-material-tiempo-ambiente-y-ecologia.csv","data/tablas/08/table-40a-8-3-censo-morfologia-genoma-cultivo.csv","17","estado de cultivo","identidad=«*Thecamonas trahens*»; campo=«estado de cultivo»; valor=«cultivo NO LOCALIZADO EN ESTA SESIÓN»","0","451","62fe8db317f35c6679f79343610a8ebd1e1069944c66769b477742860e2791bc","8a33be0a189a42fe8a6c4b14ae5e36aa8df9da89aa312c045c6fd99de3c3f355","8267892735fc5d85b66160ad3906efba1127c076482c4555e79be517f75d93e8","Comprobación por el autor de sum(all(component in text for component in componentes) for text in textos) con ExactCooccurrenceIndex.count; componentes de nominal_query y corpus de source_snapshot. Coinciden ambos; resultado literal, no ausencia científica ni adjudicación de revisión."
"BN-274","f002ebd6af10f8aebf19afd42fe0f9f8128d17b634a17757d8a06330e4c6a5cc","REINSPECCION","2026-09-27T01:27:45Z","/root (autor; no revisión independiente)","C-2413","data/busquedas_negativas/15_4_15-4-registro-material-tiempo-ambiente-y-ecologia.csv","data/tablas/08/table-40a-8-3-censo-morfologia-genoma-cultivo.csv","17","resultado combinado","identidad=«*Thecamonas trahens*»; campo=«resultado combinado»; valor=«CANDIDATO NO RESUELTO; falta de localización no prueba ausencia»","0","451","62fe8db317f35c6679f79343610a8ebd1e1069944c66769b477742860e2791bc","8a33be0a189a42fe8a6c4b14ae5e36aa8df9da89aa312c045c6fd99de3c3f355","8267892735fc5d85b66160ad3906efba1127c076482c4555e79be517f75d93e8","Comprobación por el autor de sum(all(component in text for component in componentes) for text in textos) con ExactCooccurrenceIndex.count; componentes de nominal_query y corpus de source_snapshot. Coinciden ambos; resultado literal, no ausencia científica ni adjudicación de revisión."
"BN-275","2872da16810c532f0a4e6c4ba7255e08b6ce197b3873cae71b251a754b0f7525","REINSPECCION","2026-09-27T01:27:46Z","/root (autor; no revisión independiente)","C-2414","data/busquedas_negativas/15_4_15-4-registro-material-tiempo-ambiente-y-ecologia.csv","data/tablas/08/table-40a-8-3-censo-morfologia-genoma-cultivo.csv","18","estado de genoma","identidad=«*Breviata anathema*»; campo=«estado de genoma»; valor=«genoma NO LOCALIZADO EN ESTA SESIÓN»","0","451","62fe8db317f35c6679f79343610a8ebd1e1069944c66769b477742860e2791bc","8a33be0a189a42fe8a6c4b14ae5e36aa8df9da89aa312c045c6fd99de3c3f355","8267892735fc5d85b66160ad3906efba1127c076482c4555e79be517f75d93e8","Comprobación por el autor de sum(all(component in text for component in componentes) for text in textos) con ExactCooccurrenceIndex.count; componentes de nominal_query y corpus de source_snapshot. Coinciden ambos; resultado literal, no ausencia científica ni adjudicación de revisión."
"BN-276","cee904a9ebcf26ef3df400e261a133805db7140674a03737b9ba5f49b03e7e00","REINSPECCION","2026-09-27T01:27:46Z","/root (autor; no revisión independiente)","C-2415","data/busquedas_negativas/15_4_15-4-registro-material-tiempo-ambiente-y-ecologia.csv","data/tablas/08/table-40a-8-3-censo-morfologia-genoma-cultivo.csv","18","estado de cultivo","identidad=«*Breviata anathema*»; campo=«estado de cultivo»; valor=«cultivo NO LOCALIZADO EN ESTA SESIÓN»","0","451","62fe8db317f35c6679f79343610a8ebd1e1069944c66769b477742860e2791bc","8a33be0a189a42fe8a6c4b14ae5e36aa8df9da89aa312c045c6fd99de3c3f355","8267892735fc5d85b66160ad3906efba1127c076482c4555e79be517f75d93e8","Comprobación por el autor de sum(all(component in text for component in componentes) for text in textos) con ExactCooccurrenceIndex.count; componentes de nominal_query y corpus de source_snapshot. Coinciden ambos; resultado literal, no ausencia científica ni adjudicación de revisión."
"BN-277","97f769b7f20ae8fabc0d9ace00b847a87532d91b990f59e4ee6594d3078af048","REINSPECCION","2026-09-27T01:27:47Z","/root (autor; no revisión independiente)","C-2416","data/busquedas_negativas/15_4_15-4-registro-material-tiempo-ambiente-y-ecologia.csv","data/tablas/08/table-40a-8-3-censo-morfologia-genoma-cultivo.csv","18","resultado combinado","identidad=«*Breviata anathema*»; campo=«resultado combinado»; valor=«NO RESUELTO; no se infiere ausencia»","0","451","62fe8db317f35c6679f79343610a8ebd1e1069944c66769b477742860e2791bc","8a33be0a189a42fe8a6c4b14ae5e36aa8df9da89aa312c045c6fd99de3c3f355","8267892735fc5d85b66160ad3906efba1127c076482c4555e79be517f75d93e8","Comprobación por el autor de sum(all(component in text for component in componentes) for text in textos) con ExactCooccurrenceIndex.count; componentes de nominal_query y corpus de source_snapshot. Coinciden ambos; resultado literal, no ausencia científica ni adjudicación de revisión."
"BN-278","c09305a8be3119bce233d451068c9c6cc9d903238f81abaf0ae93ec3a76799ec","REINSPECCION","2026-09-27T01:27:47Z","/root (autor; no revisión independiente)","C-2417","data/busquedas_negativas/15_4_15-4-registro-material-tiempo-ambiente-y-ecologia.csv","data/tablas/08/table-40a-8-3-censo-morfologia-genoma-cultivo.csv","19","estado de genoma","identidad=«*Fonticula alba*»; campo=«estado de genoma»; valor=«genoma NO LOCALIZADO EN ESTA SESIÓN»","0","451","62fe8db317f35c6679f79343610a8ebd1e1069944c66769b477742860e2791bc","8a33be0a189a42fe8a6c4b14ae5e36aa8df9da89aa312c045c6fd99de3c3f355","8267892735fc5d85b66160ad3906efba1127c076482c4555e79be517f75d93e8","Comprobación por el autor de sum(all(component in text for component in componentes) for text in textos) con ExactCooccurrenceIndex.count; componentes de nominal_query y corpus de source_snapshot. Coinciden ambos; resultado literal, no ausencia científica ni adjudicación de revisión."
"BN-279","2ecebabd88168b35d37db13afb292694ec9ceda564a5be995354312208d55808","REINSPECCION","2026-09-27T01:27:47Z","/root (autor; no revisión independiente)","C-2418","data/busquedas_negativas/15_4_15-4-registro-material-tiempo-ambiente-y-ecologia.csv","data/tablas/08/table-40a-8-3-censo-morfologia-genoma-cultivo.csv","19","estado de cultivo","identidad=«*Fonticula alba*»; campo=«estado de cultivo»; valor=«cultivo NO LOCALIZADO EN ESTA SESIÓN»","0","451","62fe8db317f35c6679f79343610a8ebd1e1069944c66769b477742860e2791bc","8a33be0a189a42fe8a6c4b14ae5e36aa8df9da89aa312c045c6fd99de3c3f355","8267892735fc5d85b66160ad3906efba1127c076482c4555e79be517f75d93e8","Comprobación por el autor de sum(all(component in text for component in componentes) for text in textos) con ExactCooccurrenceIndex.count; componentes de nominal_query y corpus de source_snapshot. Coinciden ambos; resultado literal, no ausencia científica ni adjudicación de revisión."
"BN-280","8bb23ac94addb68efcd521aaec7658d50bbbb19ee3f5976bf244ab56ededf779","REINSPECCION","2026-09-27T01:27:48Z","/root (autor; no revisión independiente)","C-2419","data/busquedas_negativas/15_4_15-4-registro-material-tiempo-ambiente-y-ecologia.csv","data/tablas/08/table-40a-8-3-censo-morfologia-genoma-cultivo.csv","19","resultado combinado","identidad=«*Fonticula alba*»; campo=«resultado combinado»; valor=«NO RESUELTO; no se infiere ausencia»","0","451","62fe8db317f35c6679f79343610a8ebd1e1069944c66769b477742860e2791bc","8a33be0a189a42fe8a6c4b14ae5e36aa8df9da89aa312c045c6fd99de3c3f355","8267892735fc5d85b66160ad3906efba1127c076482c4555e79be517f75d93e8","Comprobación por el autor de sum(all(component in text for component in componentes) for text in textos) con ExactCooccurrenceIndex.count; componentes de nominal_query y corpus de source_snapshot. Coinciden ambos; resultado literal, no ausencia científica ni adjudicación de revisión."
"BN-281","348da3b21a4f8112634d132b7d8f6f9825a915c3e8be63eda5f9ce3d7817b083","REINSPECCION","2026-09-27T01:27:48Z","/root (autor; no revisión independiente)","C-2420","data/busquedas_negativas/15_4_15-4-registro-material-tiempo-ambiente-y-ecologia.csv","data/tablas/08/table-40a-8-3-censo-morfologia-genoma-cultivo.csv","20","estado de genoma","identidad=«*Nuclearia delicatula*»; campo=«estado de genoma»; valor=«genoma NO LOCALIZADO EN ESTA SESIÓN»","0","451","62fe8db317f35c6679f79343610a8ebd1e1069944c66769b477742860e2791bc","8a33be0a189a42fe8a6c4b14ae5e36aa8df9da89aa312c045c6fd99de3c3f355","8267892735fc5d85b66160ad3906efba1127c076482c4555e79be517f75d93e8","Comprobación por el autor de sum(all(component in text for component in componentes) for text in textos) con ExactCooccurrenceIndex.count; componentes de nominal_query y corpus de source_snapshot. Coinciden ambos; resultado literal, no ausencia científica ni adjudicación de revisión."
"BN-282","cf5273ed8fe0fcfbe1d9778a513e89f233db144a003b9a7dea9ce35d6acb909e","REINSPECCION","2026-09-27T01:27:48Z","/root (autor; no revisión independiente)","C-2421","data/busquedas_negativas/15_4_15-4-registro-material-tiempo-ambiente-y-ecologia.csv","data/tablas/08/table-40a-8-3-censo-morfologia-genoma-cultivo.csv","20","estado de cultivo","identidad=«*Nuclearia delicatula*»; campo=«estado de cultivo»; valor=«cultivo NO LOCALIZADO EN ESTA SESIÓN»","0","451","62fe8db317f35c6679f79343610a8ebd1e1069944c66769b477742860e2791bc","8a33be0a189a42fe8a6c4b14ae5e36aa8df9da89aa312c045c6fd99de3c3f355","8267892735fc5d85b66160ad3906efba1127c076482c4555e79be517f75d93e8","Comprobación por el autor de sum(all(component in text for component in componentes) for text in textos) con ExactCooccurrenceIndex.count; componentes de nominal_query y corpus de source_snapshot. Coinciden ambos; resultado literal, no ausencia científica ni adjudicación de revisión."
"BN-283","7c9d72bb7652fd3e70efdc13190d34192a39fcebe322987ae5d066efa7e5e5a5","REINSPECCION","2026-09-27T01:27:49Z","/root (autor; no revisión independiente)","C-2422","data/busquedas_negativas/15_4_15-4-registro-material-tiempo-ambiente-y-ecologia.csv","data/tablas/08/table-40a-8-3-censo-morfologia-genoma-cultivo.csv","20","resultado combinado","identidad=«*Nuclearia delicatula*»; campo=«resultado combinado»; valor=«NO RESUELTO; no se infiere ausencia»","0","451","62fe8db317f35c6679f79343610a8ebd1e1069944c66769b477742860e2791bc","8a33be0a189a42fe8a6c4b14ae5e36aa8df9da89aa312c045c6fd99de3c3f355","8267892735fc5d85b66160ad3906efba1127c076482c4555e79be517f75d93e8","Comprobación por el autor de sum(all(component in text for component in componentes) for text in textos) con ExactCooccurrenceIndex.count; componentes de nominal_query y corpus de source_snapshot. Coinciden ambos; resultado literal, no ausencia científica ni adjudicación de revisión."
"BN-284","89abe10efcda9e119436dd502acc51851a86b4c3a8c603a77aed8b8d48c41e13","REINSPECCION","2026-09-27T01:27:49Z","/root (autor; no revisión independiente)","C-2423","data/busquedas_negativas/15_4_15-4-registro-material-tiempo-ambiente-y-ecologia.csv","data/tablas/08/table-40a-8-3-censo-morfologia-genoma-cultivo.csv","21","descripción solo morfológica","identidad=«*Rozella allomycis*»; campo=«descripción solo morfológica»; valor=«no: ciclo de infección observado»","0","451","62fe8db317f35c6679f79343610a8ebd1e1069944c66769b477742860e2791bc","8a33be0a189a42fe8a6c4b14ae5e36aa8df9da89aa312c045c6fd99de3c3f355","8267892735fc5d85b66160ad3906efba1127c076482c4555e79be517f75d93e8","Comprobación por el autor de sum(all(component in text for component in componentes) for text in textos) con ExactCooccurrenceIndex.count; componentes de nominal_query y corpus de source_snapshot. Coinciden ambos; resultado literal, no ausencia científica ni adjudicación de revisión."
"BN-285","1c481ac6befdc9cbbc680d8be4baf5c74ca7cab94b884ec2fc28cb3b8923267c","REINSPECCION","2026-09-27T01:27:50Z","/root (autor; no revisión independiente)","C-2424","data/busquedas_negativas/15_4_15-4-registro-material-tiempo-ambiente-y-ecologia.csv","data/tablas/08/table-40a-8-3-censo-morfologia-genoma-cultivo.csv","21","estado de genoma","identidad=«*Rozella allomycis*»; campo=«estado de genoma»; valor=«genoma NO LOCALIZADO EN ESTA SESIÓN»","0","451","62fe8db317f35c6679f79343610a8ebd1e1069944c66769b477742860e2791bc","8a33be0a189a42fe8a6c4b14ae5e36aa8df9da89aa312c045c6fd99de3c3f355","8267892735fc5d85b66160ad3906efba1127c076482c4555e79be517f75d93e8","Comprobación por el autor de sum(all(component in text for component in componentes) for text in textos) con ExactCooccurrenceIndex.count; componentes de nominal_query y corpus de source_snapshot. Coinciden ambos; resultado literal, no ausencia científica ni adjudicación de revisión."
"BN-286","0741560b7cf3affbce20b3c1ae8d6b0f0fa9c9d696702f19374107f7f35ce2f2","REINSPECCION","2026-09-27T01:27:50Z","/root (autor; no revisión independiente)","C-2425","data/busquedas_negativas/15_4_15-4-registro-material-tiempo-ambiente-y-ecologia.csv","data/tablas/08/table-40a-8-3-censo-morfologia-genoma-cultivo.csv","21","estado de cultivo","identidad=«*Rozella allomycis*»; campo=«estado de cultivo»; valor=«cultivo con hospedador; estado axénico no consta»","0","451","62fe8db317f35c6679f79343610a8ebd1e1069944c66769b477742860e2791bc","8a33be0a189a42fe8a6c4b14ae5e36aa8df9da89aa312c045c6fd99de3c3f355","8267892735fc5d85b66160ad3906efba1127c076482c4555e79be517f75d93e8","Comprobación por el autor de sum(all(component in text for component in componentes) for text in textos) con ExactCooccurrenceIndex.count; componentes de nominal_query y corpus de source_snapshot. Coinciden ambos; resultado literal, no ausencia científica ni adjudicación de revisión."
"BN-287","d9c6005735892da0e809c8a651e20e15f81d58eeb27dcaf3bacb9031011eb907","REINSPECCION","2026-09-27T01:27:50Z","/root (autor; no revisión independiente)","C-2426","data/busquedas_negativas/15_4_15-4-registro-material-tiempo-ambiente-y-ecologia.csv","data/tablas/08/table-40a-8-3-censo-morfologia-genoma-cultivo.csv","21","resultado combinado","identidad=«*Rozella allomycis*»; campo=«resultado combinado»; valor=«NO RESUELTO; no se infiere ausencia»","0","451","62fe8db317f35c6679f79343610a8ebd1e1069944c66769b477742860e2791bc","8a33be0a189a42fe8a6c4b14ae5e36aa8df9da89aa312c045c6fd99de3c3f355","8267892735fc5d85b66160ad3906efba1127c076482c4555e79be517f75d93e8","Comprobación por el autor de sum(all(component in text for component in componentes) for text in textos) con ExactCooccurrenceIndex.count; componentes de nominal_query y corpus de source_snapshot. Coinciden ambos; resultado literal, no ausencia científica ni adjudicación de revisión."
"BN-288","a7c0dfebcd4dee7fd0f1ab5fcfe905cd9aaed4d8e4eedee62d16b9db66b03e89","REINSPECCION","2026-09-27T01:27:51Z","/root (autor; no revisión independiente)","C-2427","data/busquedas_negativas/15_4_15-4-registro-material-tiempo-ambiente-y-ecologia.csv","data/tablas/08/table-40a-8-3-censo-morfologia-genoma-cultivo.csv","22","descripción solo morfológica","identidad=«*Rhizophydium planktonicum*»; campo=«descripción solo morfológica»; valor=«no: parasitismo y flujo de carbono medidos»","0","451","62fe8db317f35c6679f79343610a8ebd1e1069944c66769b477742860e2791bc","8a33be0a189a42fe8a6c4b14ae5e36aa8df9da89aa312c045c6fd99de3c3f355","8267892735fc5d85b66160ad3906efba1127c076482c4555e79be517f75d93e8","Comprobación por el autor de sum(all(component in text for component in componentes) for text in textos) con ExactCooccurrenceIndex.count; componentes de nominal_query y corpus de source_snapshot. Coinciden ambos; resultado literal, no ausencia científica ni adjudicación de revisión."
"BN-289","994cbdb05d965f88134d9e77978e012e9ef96765ff27b0f2b06841fc6f991dbf","REINSPECCION","2026-09-27T01:27:51Z","/root (autor; no revisión independiente)","C-2428","data/busquedas_negativas/15_4_15-4-registro-material-tiempo-ambiente-y-ecologia.csv","data/tablas/08/table-40a-8-3-censo-morfologia-genoma-cultivo.csv","22","estado de genoma","identidad=«*Rhizophydium planktonicum*»; campo=«estado de genoma»; valor=«genoma NO LOCALIZADO EN ESTA SESIÓN»","0","451","62fe8db317f35c6679f79343610a8ebd1e1069944c66769b477742860e2791bc","8a33be0a189a42fe8a6c4b14ae5e36aa8df9da89aa312c045c6fd99de3c3f355","8267892735fc5d85b66160ad3906efba1127c076482c4555e79be517f75d93e8","Comprobación por el autor de sum(all(component in text for component in componentes) for text in textos) con ExactCooccurrenceIndex.count; componentes de nominal_query y corpus de source_snapshot. Coinciden ambos; resultado literal, no ausencia científica ni adjudicación de revisión."
"BN-290","926581c085a64a8efa7012b91144f061639adb4944cfc8c043182ece6766db43","REINSPECCION","2026-09-27T01:27:51Z","/root (autor; no revisión independiente)","C-2429","data/busquedas_negativas/15_4_15-4-registro-material-tiempo-ambiente-y-ecologia.csv","data/tablas/08/table-40a-8-3-censo-morfologia-genoma-cultivo.csv","22","estado de cultivo","identidad=«*Rhizophydium planktonicum*»; campo=«estado de cultivo»; valor=«ensayo con hospedador documentado; estado axénico no consta»","0","451","62fe8db317f35c6679f79343610a8ebd1e1069944c66769b477742860e2791bc","8a33be0a189a42fe8a6c4b14ae5e36aa8df9da89aa312c045c6fd99de3c3f355","8267892735fc5d85b66160ad3906efba1127c076482c4555e79be517f75d93e8","Comprobación por el autor de sum(all(component in text for component in componentes) for text in textos) con ExactCooccurrenceIndex.count; componentes de nominal_query y corpus de source_snapshot. Coinciden ambos; resultado literal, no ausencia científica ni adjudicación de revisión."
"BN-291","4cfc84e85fb23ae70e4030b40342a9d48ee13814d9aa8ff42b2b79563cd4c9f9","REINSPECCION","2026-09-27T01:27:51Z","/root (autor; no revisión independiente)","C-2430","data/busquedas_negativas/15_4_15-4-registro-material-tiempo-ambiente-y-ecologia.csv","data/tablas/08/table-40a-8-3-censo-morfologia-genoma-cultivo.csv","22","resultado combinado","identidad=«*Rhizophydium planktonicum*»; campo=«resultado combinado»; valor=«NO RESUELTO; no se infiere ausencia»","0","451","62fe8db317f35c6679f79343610a8ebd1e1069944c66769b477742860e2791bc","8a33be0a189a42fe8a6c4b14ae5e36aa8df9da89aa312c045c6fd99de3c3f355","8267892735fc5d85b66160ad3906efba1127c076482c4555e79be517f75d93e8","Comprobación por el autor de sum(all(component in text for component in componentes) for text in textos) con ExactCooccurrenceIndex.count; componentes de nominal_query y corpus de source_snapshot. Coinciden ambos; resultado literal, no ausencia científica ni adjudicación de revisión."
"BN-292","41e457f7df547c8fc29165013842a572df3b8738e228856702db676bcd8fc565","REINSPECCION","2026-09-27T01:27:52Z","/root (autor; no revisión independiente)","C-2431","data/busquedas_negativas/15_4_15-4-registro-material-tiempo-ambiente-y-ecologia.csv","data/tablas/08/table-40a-8-3-censo-morfologia-genoma-cultivo.csv","23","estado de cultivo","identidad=«Microsporidia»; campo=«estado de cultivo»; valor=«cultivo NO LOCALIZADO EN ESTA SESIÓN»","0","451","62fe8db317f35c6679f79343610a8ebd1e1069944c66769b477742860e2791bc","8a33be0a189a42fe8a6c4b14ae5e36aa8df9da89aa312c045c6fd99de3c3f355","8267892735fc5d85b66160ad3906efba1127c076482c4555e79be517f75d93e8","Comprobación por el autor de sum(all(component in text for component in componentes) for text in textos) con ExactCooccurrenceIndex.count; componentes de nominal_query y corpus de source_snapshot. Coinciden ambos; resultado literal, no ausencia científica ni adjudicación de revisión."
"BN-293","1a1807ede02dc6d5507499de02379783b56b4e5854b9b1dbfa4302f5cd078dd1","REINSPECCION","2026-09-27T01:27:53Z","/root (autor; no revisión independiente)","C-2432","data/busquedas_negativas/15_4_15-4-registro-material-tiempo-ambiente-y-ecologia.csv","data/tablas/08/table-40a-8-3-censo-morfologia-genoma-cultivo.csv","24","estado de genoma","identidad=«*Dictyostelium discoideum*»; campo=«estado de genoma»; valor=«genoma NO LOCALIZADO EN ESTA SESIÓN»","0","451","62fe8db317f35c6679f79343610a8ebd1e1069944c66769b477742860e2791bc","8a33be0a189a42fe8a6c4b14ae5e36aa8df9da89aa312c045c6fd99de3c3f355","8267892735fc5d85b66160ad3906efba1127c076482c4555e79be517f75d93e8","Comprobación por el autor de sum(all(component in text for component in componentes) for text in textos) con ExactCooccurrenceIndex.count; componentes de nominal_query y corpus de source_snapshot. Coinciden ambos; resultado literal, no ausencia científica ni adjudicación de revisión."
"BN-294","5e38ffb614d147a8a48ff58d8c8bfbb22768fd42e15003479feaac51ffe38a22","REINSPECCION","2026-09-27T01:27:53Z","/root (autor; no revisión independiente)","C-2433","data/busquedas_negativas/15_4_15-4-registro-material-tiempo-ambiente-y-ecologia.csv","data/tablas/08/table-40a-8-3-censo-morfologia-genoma-cultivo.csv","24","estado de cultivo","identidad=«*Dictyostelium discoideum*»; campo=«estado de cultivo»; valor=«cultivo experimental implícito, condición nominal no censada»","0","451","62fe8db317f35c6679f79343610a8ebd1e1069944c66769b477742860e2791bc","8a33be0a189a42fe8a6c4b14ae5e36aa8df9da89aa312c045c6fd99de3c3f355","8267892735fc5d85b66160ad3906efba1127c076482c4555e79be517f75d93e8","Comprobación por el autor de sum(all(component in text for component in componentes) for text in textos) con ExactCooccurrenceIndex.count; componentes de nominal_query y corpus de source_snapshot. Coinciden ambos; resultado literal, no ausencia científica ni adjudicación de revisión."
"BN-295","53f0cbcd86692f579076bcbea86bc568e176c73ed2bac33ad4adc7c497aed24f","REINSPECCION","2026-09-27T01:27:53Z","/root (autor; no revisión independiente)","C-2434","data/busquedas_negativas/15_4_15-4-registro-material-tiempo-ambiente-y-ecologia.csv","data/tablas/08/table-40a-8-3-censo-morfologia-genoma-cultivo.csv","24","resultado combinado","identidad=«*Dictyostelium discoideum*»; campo=«resultado combinado»; valor=«NO RESUELTO; no se infiere ausencia»","0","451","62fe8db317f35c6679f79343610a8ebd1e1069944c66769b477742860e2791bc","8a33be0a189a42fe8a6c4b14ae5e36aa8df9da89aa312c045c6fd99de3c3f355","8267892735fc5d85b66160ad3906efba1127c076482c4555e79be517f75d93e8","Comprobación por el autor de sum(all(component in text for component in componentes) for text in textos) con ExactCooccurrenceIndex.count; componentes de nominal_query y corpus de source_snapshot. Coinciden ambos; resultado literal, no ausencia científica ni adjudicación de revisión."
"BN-296","8c7f5e9bdaf9cab07a31e2ec9f129fa3462d4006dd264b87db8c759d36a25483","REINSPECCION","2026-09-27T01:27:53Z","/root (autor; no revisión independiente)","C-2435","data/busquedas_negativas/15_4_15-4-registro-material-tiempo-ambiente-y-ecologia.csv","data/tablas/08/table-40a-8-3-censo-morfologia-genoma-cultivo.csv","25","estado de genoma","identidad=«*Entamoeba histolytica*»; campo=«estado de genoma»; valor=«genoma NO LOCALIZADO EN ESTA SESIÓN»","0","451","62fe8db317f35c6679f79343610a8ebd1e1069944c66769b477742860e2791bc","8a33be0a189a42fe8a6c4b14ae5e36aa8df9da89aa312c045c6fd99de3c3f355","8267892735fc5d85b66160ad3906efba1127c076482c4555e79be517f75d93e8","Comprobación por el autor de sum(all(component in text for component in componentes) for text in textos) con ExactCooccurrenceIndex.count; componentes de nominal_query y corpus de source_snapshot. Coinciden ambos; resultado literal, no ausencia científica ni adjudicación de revisión."
"BN-297","7dea8a8ba5d2cd44cdb55309776b485b4130173bd837fb9e90febb2b1aec6dcf","REINSPECCION","2026-09-27T01:27:54Z","/root (autor; no revisión independiente)","C-2436","data/busquedas_negativas/15_4_15-4-registro-material-tiempo-ambiente-y-ecologia.csv","data/tablas/08/table-40a-8-3-censo-morfologia-genoma-cultivo.csv","25","estado de cultivo","identidad=«*Entamoeba histolytica*»; campo=«estado de cultivo»; valor=«ensayo celular documentado; estado de cultivo no consta»","0","451","62fe8db317f35c6679f79343610a8ebd1e1069944c66769b477742860e2791bc","8a33be0a189a42fe8a6c4b14ae5e36aa8df9da89aa312c045c6fd99de3c3f355","8267892735fc5d85b66160ad3906efba1127c076482c4555e79be517f75d93e8","Comprobación por el autor de sum(all(component in text for component in componentes) for text in textos) con ExactCooccurrenceIndex.count; componentes de nominal_query y corpus de source_snapshot. Coinciden ambos; resultado literal, no ausencia científica ni adjudicación de revisión."
"BN-298","969283f27fcfea4f447fcb3dd4f4a054acd8f706c149356ff663691fef217dbb","REINSPECCION","2026-09-27T01:27:54Z","/root (autor; no revisión independiente)","C-2437","data/busquedas_negativas/15_4_15-4-registro-material-tiempo-ambiente-y-ecologia.csv","data/tablas/08/table-40a-8-3-censo-morfologia-genoma-cultivo.csv","25","resultado combinado","identidad=«*Entamoeba histolytica*»; campo=«resultado combinado»; valor=«NO RESUELTO; no se infiere ausencia»","0","451","62fe8db317f35c6679f79343610a8ebd1e1069944c66769b477742860e2791bc","8a33be0a189a42fe8a6c4b14ae5e36aa8df9da89aa312c045c6fd99de3c3f355","8267892735fc5d85b66160ad3906efba1127c076482c4555e79be517f75d93e8","Comprobación por el autor de sum(all(component in text for component in componentes) for text in textos) con ExactCooccurrenceIndex.count; componentes de nominal_query y corpus de source_snapshot. Coinciden ambos; resultado literal, no ausencia científica ni adjudicación de revisión."
"BN-299","7836163389075cf4bfe5cb9c46f3902b5b167f56daedda911c6bb46f44cc3afe","REINSPECCION","2026-09-27T01:27:55Z","/root (autor; no revisión independiente)","C-2438","data/busquedas_negativas/15_4_15-4-registro-material-tiempo-ambiente-y-ecologia.csv","data/tablas/08/table-40a-8-3-censo-morfologia-genoma-cultivo.csv","26","estado de genoma","identidad=«*Pelomyxa*»; campo=«estado de genoma»; valor=«genoma NO LOCALIZADO EN ESTA SESIÓN»","0","451","62fe8db317f35c6679f79343610a8ebd1e1069944c66769b477742860e2791bc","8a33be0a189a42fe8a6c4b14ae5e36aa8df9da89aa312c045c6fd99de3c3f355","8267892735fc5d85b66160ad3906efba1127c076482c4555e79be517f75d93e8","Comprobación por el autor de sum(all(component in text for component in componentes) for text in textos) con ExactCooccurrenceIndex.count; componentes de nominal_query y corpus de source_snapshot. Coinciden ambos; resultado literal, no ausencia científica ni adjudicación de revisión."
"BN-300","ade7e26a7a66873868f6f16f0be3d29999dbe848fb9448d2458855e96eaae307","REINSPECCION","2026-09-27T01:27:55Z","/root (autor; no revisión independiente)","C-2439","data/busquedas_negativas/15_4_15-4-registro-material-tiempo-ambiente-y-ecologia.csv","data/tablas/08/table-40a-8-3-censo-morfologia-genoma-cultivo.csv","26","estado de cultivo","identidad=«*Pelomyxa*»; campo=«estado de cultivo»; valor=«cultivo NO LOCALIZADO EN ESTA SESIÓN»","0","451","62fe8db317f35c6679f79343610a8ebd1e1069944c66769b477742860e2791bc","8a33be0a189a42fe8a6c4b14ae5e36aa8df9da89aa312c045c6fd99de3c3f355","8267892735fc5d85b66160ad3906efba1127c076482c4555e79be517f75d93e8","Comprobación por el autor de sum(all(component in text for component in componentes) for text in textos) con ExactCooccurrenceIndex.count; componentes de nominal_query y corpus de source_snapshot. Coinciden ambos; resultado literal, no ausencia científica ni adjudicación de revisión."
"BN-301","d63bd9146965d5983f87e23d99b45ab9809fe5acfbd85cce622d20ea4ab5d27b","REINSPECCION","2026-09-27T01:27:56Z","/root (autor; no revisión independiente)","C-2440","data/busquedas_negativas/15_4_15-4-registro-material-tiempo-ambiente-y-ecologia.csv","data/tablas/08/table-40a-8-3-censo-morfologia-genoma-cultivo.csv","26","resultado combinado","identidad=«*Pelomyxa*»; campo=«resultado combinado»; valor=«NO RESUELTO; no se infiere ausencia»","0","451","62fe8db317f35c6679f79343610a8ebd1e1069944c66769b477742860e2791bc","8a33be0a189a42fe8a6c4b14ae5e36aa8df9da89aa312c045c6fd99de3c3f355","8267892735fc5d85b66160ad3906efba1127c076482c4555e79be517f75d93e8","Comprobación por el autor de sum(all(component in text for component in componentes) for text in textos) con ExactCooccurrenceIndex.count; componentes de nominal_query y corpus de source_snapshot. Coinciden ambos; resultado literal, no ausencia científica ni adjudicación de revisión."
"BN-302","dba7d93976154681f497f6265cc7a528d1b64502e10b608429f0fd46e0535ae6","REINSPECCION","2026-09-27T01:27:56Z","/root (autor; no revisión independiente)","C-2441","data/busquedas_negativas/15_4_15-4-registro-material-tiempo-ambiente-y-ecologia.csv","data/tablas/08/table-40a-8-3-censo-morfologia-genoma-cultivo.csv","27","estado de genoma","identidad=«*Mastigamoeba balamuthi*»; campo=«estado de genoma»; valor=«genoma NO LOCALIZADO EN ESTA SESIÓN»","0","451","62fe8db317f35c6679f79343610a8ebd1e1069944c66769b477742860e2791bc","8a33be0a189a42fe8a6c4b14ae5e36aa8df9da89aa312c045c6fd99de3c3f355","8267892735fc5d85b66160ad3906efba1127c076482c4555e79be517f75d93e8","Comprobación por el autor de sum(all(component in text for component in componentes) for text in textos) con ExactCooccurrenceIndex.count; componentes de nominal_query y corpus de source_snapshot. Coinciden ambos; resultado literal, no ausencia científica ni adjudicación de revisión."
"BN-303","20ec5c64a082fc314c8e1274bb279c572e76c66c8844b7dad62c1cfa5b16dc31","REINSPECCION","2026-09-27T01:27:56Z","/root (autor; no revisión independiente)","C-2442","data/busquedas_negativas/15_4_15-4-registro-material-tiempo-ambiente-y-ecologia.csv","data/tablas/08/table-40a-8-3-censo-morfologia-genoma-cultivo.csv","27","estado de cultivo","identidad=«*Mastigamoeba balamuthi*»; campo=«estado de cultivo»; valor=«cultivo NO LOCALIZADO EN ESTA SESIÓN»","0","451","62fe8db317f35c6679f79343610a8ebd1e1069944c66769b477742860e2791bc","8a33be0a189a42fe8a6c4b14ae5e36aa8df9da89aa312c045c6fd99de3c3f355","8267892735fc5d85b66160ad3906efba1127c076482c4555e79be517f75d93e8","Comprobación por el autor de sum(all(component in text for component in componentes) for text in textos) con ExactCooccurrenceIndex.count; componentes de nominal_query y corpus de source_snapshot. Coinciden ambos; resultado literal, no ausencia científica ni adjudicación de revisión."
"BN-304","45b7d600c43ceccd28386fe1a0854bcb020399f9b83601d653f9dea7b2f51fc9","REINSPECCION","2026-09-27T01:27:57Z","/root (autor; no revisión independiente)","C-2443","data/busquedas_negativas/15_4_15-4-registro-material-tiempo-ambiente-y-ecologia.csv","data/tablas/08/table-40a-8-3-censo-morfologia-genoma-cultivo.csv","27","resultado combinado","identidad=«*Mastigamoeba balamuthi*»; campo=«resultado combinado»; valor=«NO RESUELTO; no se infiere ausencia»","0","451","62fe8db317f35c6679f79343610a8ebd1e1069944c66769b477742860e2791bc","8a33be0a189a42fe8a6c4b14ae5e36aa8df9da89aa312c045c6fd99de3c3f355","8267892735fc5d85b66160ad3906efba1127c076482c4555e79be517f75d93e8","Comprobación por el autor de sum(all(component in text for component in componentes) for text in textos) con ExactCooccurrenceIndex.count; componentes de nominal_query y corpus de source_snapshot. Coinciden ambos; resultado literal, no ausencia científica ni adjudicación de revisión."
"BN-305","1090a34dfd515979c978c910a08407aea89739a747343501baf3e742ac1c2068","REINSPECCION","2026-09-27T01:27:57Z","/root (autor; no revisión independiente)","C-2444","data/busquedas_negativas/15_9_15-9-multicelularidad-y-repertorio-preanimal.csv","data/tablas/12/table-54-12-10-1-repertorio-funcional-localizado.csv","2","otros choanoflagelados","identidad=«integrinas y adhesoma»; campo=«otros choanoflagelados»; valor=«NO LOCALIZADO por linaje»","0","451","62fe8db317f35c6679f79343610a8ebd1e1069944c66769b477742860e2791bc","8a33be0a189a42fe8a6c4b14ae5e36aa8df9da89aa312c045c6fd99de3c3f355","8267892735fc5d85b66160ad3906efba1127c076482c4555e79be517f75d93e8","Comprobación por el autor de sum(all(component in text for component in componentes) for text in textos) con ExactCooccurrenceIndex.count; componentes de nominal_query y corpus de source_snapshot. Coinciden ambos; resultado literal, no ausencia científica ni adjudicación de revisión."
"BN-306","4fcb9ba856af465d1c72a582761570f99a543b9de713622de85a6fdc17a019d5","REINSPECCION","2026-09-27T01:27:58Z","/root (autor; no revisión independiente)","C-2445","data/busquedas_negativas/15_9_15-9-multicelularidad-y-repertorio-preanimal.csv","data/tablas/12/table-54-12-10-1-repertorio-funcional-localizado.csv","2","Metazoa","identidad=«integrinas y adhesoma»; campo=«Metazoa»; valor=«presente»","0","451","62fe8db317f35c6679f79343610a8ebd1e1069944c66769b477742860e2791bc","8a33be0a189a42fe8a6c4b14ae5e36aa8df9da89aa312c045c6fd99de3c3f355","8267892735fc5d85b66160ad3906efba1127c076482c4555e79be517f75d93e8","Comprobación por el autor de sum(all(component in text for component in componentes) for text in textos) con ExactCooccurrenceIndex.count; componentes de nominal_query y corpus de source_snapshot. Coinciden ambos; resultado literal, no ausencia científica ni adjudicación de revisión."
"BN-307","ffcea1edc2fe18327edb2c5846743209bbd2dc9372133075a1212f3ab1334126","REINSPECCION","2026-09-27T01:27:58Z","/root (autor; no revisión independiente)","C-2446","data/busquedas_negativas/15_9_15-9-multicelularidad-y-repertorio-preanimal.csv","data/tablas/12/table-54-12-10-1-repertorio-funcional-localizado.csv","2","criterio de presencia/ausencia","identidad=«integrinas y adhesoma»; campo=«criterio de presencia/ausencia»; valor=«presencia por homología de dominios; ausencia solo cuando la fuente la declara»","0","451","62fe8db317f35c6679f79343610a8ebd1e1069944c66769b477742860e2791bc","8a33be0a189a42fe8a6c4b14ae5e36aa8df9da89aa312c045c6fd99de3c3f355","8267892735fc5d85b66160ad3906efba1127c076482c4555e79be517f75d93e8","Comprobación por el autor de sum(all(component in text for component in componentes) for text in textos) con ExactCooccurrenceIndex.count; componentes de nominal_query y corpus de source_snapshot. Coinciden ambos; resultado literal, no ausencia científica ni adjudicación de revisión."
"BN-308","c5bc1127839204a03dc4552cfc720c41d472aa541ca55fce59264d1106b5c10b","REINSPECCION","2026-09-27T01:27:58Z","/root (autor; no revisión independiente)","C-2447","data/busquedas_negativas/15_9_15-9-multicelularidad-y-repertorio-preanimal.csv","data/tablas/12/table-54-12-10-1-repertorio-funcional-localizado.csv","2","límite","identidad=«integrinas y adhesoma»; campo=«límite»; valor=«no se infiere ausencia en combinaciones no muestreadas»","0","451","62fe8db317f35c6679f79343610a8ebd1e1069944c66769b477742860e2791bc","8a33be0a189a42fe8a6c4b14ae5e36aa8df9da89aa312c045c6fd99de3c3f355","8267892735fc5d85b66160ad3906efba1127c076482c4555e79be517f75d93e8","Comprobación por el autor de sum(all(component in text for component in componentes) for text in textos) con ExactCooccurrenceIndex.count; componentes de nominal_query y corpus de source_snapshot. Coinciden ambos; resultado literal, no ausencia científica ni adjudicación de revisión."
"BN-309","2f27aec49c522a26d19e7386e0f09f2c66d9f934723ab2a4c161e16115346e8c","REINSPECCION","2026-09-27T01:27:59Z","/root (autor; no revisión independiente)","C-2448","data/busquedas_negativas/15_9_15-9-multicelularidad-y-repertorio-preanimal.csv","data/tablas/12/table-54-12-10-1-repertorio-funcional-localizado.csv","3","Capsaspora","identidad=«cadherinas»; campo=«Capsaspora»; valor=«NO LOCALIZADO»","0","451","62fe8db317f35c6679f79343610a8ebd1e1069944c66769b477742860e2791bc","8a33be0a189a42fe8a6c4b14ae5e36aa8df9da89aa312c045c6fd99de3c3f355","8267892735fc5d85b66160ad3906efba1127c076482c4555e79be517f75d93e8","Comprobación por el autor de sum(all(component in text for component in componentes) for text in textos) con ExactCooccurrenceIndex.count; componentes de nominal_query y corpus de source_snapshot. Coinciden ambos; resultado literal, no ausencia científica ni adjudicación de revisión."
"BN-310","00c0864984da958f7eb3e1e610809bac6612f2f9035eebaa038903b7ee1e0055","REINSPECCION","2026-09-27T01:27:59Z","/root (autor; no revisión independiente)","C-2449","data/busquedas_negativas/15_9_15-9-multicelularidad-y-repertorio-preanimal.csv","data/tablas/12/table-54-12-10-1-repertorio-funcional-localizado.csv","3","otros choanoflagelados","identidad=«cadherinas»; campo=«otros choanoflagelados»; valor=«NO LOCALIZADO por linaje»","0","451","62fe8db317f35c6679f79343610a8ebd1e1069944c66769b477742860e2791bc","8a33be0a189a42fe8a6c4b14ae5e36aa8df9da89aa312c045c6fd99de3c3f355","8267892735fc5d85b66160ad3906efba1127c076482c4555e79be517f75d93e8","Comprobación por el autor de sum(all(component in text for component in componentes) for text in textos) con ExactCooccurrenceIndex.count; componentes de nominal_query y corpus de source_snapshot. Coinciden ambos; resultado literal, no ausencia científica ni adjudicación de revisión."
"BN-311","79210d142082e200ebb93ed17c097b5ff33a7e4b7ea29604df5ab7afe42ff7be","REINSPECCION","2026-09-27T01:28:00Z","/root (autor; no revisión independiente)","C-2450","data/busquedas_negativas/15_9_15-9-multicelularidad-y-repertorio-preanimal.csv","data/tablas/12/table-54-12-10-1-repertorio-funcional-localizado.csv","3","otros holozoos unicelulares","identidad=«cadherinas»; campo=«otros holozoos unicelulares»; valor=«NO LOCALIZADO por linaje»","0","451","62fe8db317f35c6679f79343610a8ebd1e1069944c66769b477742860e2791bc","8a33be0a189a42fe8a6c4b14ae5e36aa8df9da89aa312c045c6fd99de3c3f355","8267892735fc5d85b66160ad3906efba1127c076482c4555e79be517f75d93e8","Comprobación por el autor de sum(all(component in text for component in componentes) for text in textos) con ExactCooccurrenceIndex.count; componentes de nominal_query y corpus de source_snapshot. Coinciden ambos; resultado literal, no ausencia científica ni adjudicación de revisión."
"BN-312","aa63bea42cade829fd57c4b6b10b17c09181696dea5a559d064318b50aa3c049","REINSPECCION","2026-09-27T01:28:00Z","/root (autor; no revisión independiente)","C-2451","data/busquedas_negativas/15_9_15-9-multicelularidad-y-repertorio-preanimal.csv","data/tablas/12/table-54-12-10-1-repertorio-funcional-localizado.csv","3","Metazoa","identidad=«cadherinas»; campo=«Metazoa»; valor=«presente»","0","451","62fe8db317f35c6679f79343610a8ebd1e1069944c66769b477742860e2791bc","8a33be0a189a42fe8a6c4b14ae5e36aa8df9da89aa312c045c6fd99de3c3f355","8267892735fc5d85b66160ad3906efba1127c076482c4555e79be517f75d93e8","Comprobación por el autor de sum(all(component in text for component in componentes) for text in textos) con ExactCooccurrenceIndex.count; componentes de nominal_query y corpus de source_snapshot. Coinciden ambos; resultado literal, no ausencia científica ni adjudicación de revisión."
"BN-313","c4638906ff96a053d9efe95043931f18b515415977eda9ef50255c02e17191e5","REINSPECCION","2026-09-27T01:28:01Z","/root (autor; no revisión independiente)","C-2452","data/busquedas_negativas/15_9_15-9-multicelularidad-y-repertorio-preanimal.csv","data/tablas/12/table-54-12-10-1-repertorio-funcional-localizado.csv","3","límite","identidad=«cadherinas»; campo=«límite»; valor=«matriz animal completa no demostrada fuera de Metazoa»","0","451","62fe8db317f35c6679f79343610a8ebd1e1069944c66769b477742860e2791bc","8a33be0a189a42fe8a6c4b14ae5e36aa8df9da89aa312c045c6fd99de3c3f355","8267892735fc5d85b66160ad3906efba1127c076482c4555e79be517f75d93e8","Comprobación por el autor de sum(all(component in text for component in componentes) for text in textos) con ExactCooccurrenceIndex.count; componentes de nominal_query y corpus de source_snapshot. Coinciden ambos; resultado literal, no ausencia científica ni adjudicación de revisión."
"BN-314","4a454ea6ea198e9a9e1120e26922ffc602ae194d6aceeadc13b1f9b31f840d75","REINSPECCION","2026-09-27T01:28:01Z","/root (autor; no revisión independiente)","C-2453","data/busquedas_negativas/15_9_15-9-multicelularidad-y-repertorio-preanimal.csv","data/tablas/12/table-54-12-10-1-repertorio-funcional-localizado.csv","4","Capsaspora","identidad=«matriz y colágeno»; campo=«Capsaspora»; valor=«NO LOCALIZADO»","0","451","62fe8db317f35c6679f79343610a8ebd1e1069944c66769b477742860e2791bc","8a33be0a189a42fe8a6c4b14ae5e36aa8df9da89aa312c045c6fd99de3c3f355","8267892735fc5d85b66160ad3906efba1127c076482c4555e79be517f75d93e8","Comprobación por el autor de sum(all(component in text for component in componentes) for text in textos) con ExactCooccurrenceIndex.count; componentes de nominal_query y corpus de source_snapshot. Coinciden ambos; resultado literal, no ausencia científica ni adjudicación de revisión."
"BN-315","8bc82e6af06b459bb8d4dcb0e0a4a4b9e90c570c927ffb3748702e28c8e26ab4","REINSPECCION","2026-09-27T01:28:02Z","/root (autor; no revisión independiente)","C-2454","data/busquedas_negativas/15_9_15-9-multicelularidad-y-repertorio-preanimal.csv","data/tablas/12/table-54-12-10-1-repertorio-funcional-localizado.csv","4","otros choanoflagelados","identidad=«matriz y colágeno»; campo=«otros choanoflagelados»; valor=«NO LOCALIZADO por linaje»","0","451","62fe8db317f35c6679f79343610a8ebd1e1069944c66769b477742860e2791bc","8a33be0a189a42fe8a6c4b14ae5e36aa8df9da89aa312c045c6fd99de3c3f355","8267892735fc5d85b66160ad3906efba1127c076482c4555e79be517f75d93e8","Comprobación por el autor de sum(all(component in text for component in componentes) for text in textos) con ExactCooccurrenceIndex.count; componentes de nominal_query y corpus de source_snapshot. Coinciden ambos; resultado literal, no ausencia científica ni adjudicación de revisión."
"BN-316","6f3ea1fe12b31409e02f286ebe2c1d28b0b2e43d8db0289392ee49ded2e9a70e","REINSPECCION","2026-09-27T01:28:02Z","/root (autor; no revisión independiente)","C-2455","data/busquedas_negativas/15_9_15-9-multicelularidad-y-repertorio-preanimal.csv","data/tablas/12/table-54-12-10-1-repertorio-funcional-localizado.csv","4","otros holozoos unicelulares","identidad=«matriz y colágeno»; campo=«otros holozoos unicelulares»; valor=«NO LOCALIZADO por linaje»","0","451","62fe8db317f35c6679f79343610a8ebd1e1069944c66769b477742860e2791bc","8a33be0a189a42fe8a6c4b14ae5e36aa8df9da89aa312c045c6fd99de3c3f355","8267892735fc5d85b66160ad3906efba1127c076482c4555e79be517f75d93e8","Comprobación por el autor de sum(all(component in text for component in componentes) for text in textos) con ExactCooccurrenceIndex.count; componentes de nominal_query y corpus de source_snapshot. Coinciden ambos; resultado literal, no ausencia científica ni adjudicación de revisión."
"BN-317","46fc6dfc341e312c3cec296d3c97554260505ded80a54ff2f22504a18f5d6c95","REINSPECCION","2026-09-27T01:28:02Z","/root (autor; no revisión independiente)","C-2456","data/busquedas_negativas/15_9_15-9-multicelularidad-y-repertorio-preanimal.csv","data/tablas/12/table-54-12-10-1-repertorio-funcional-localizado.csv","4","Metazoa","identidad=«matriz y colágeno»; campo=«Metazoa»; valor=«presente»","0","451","62fe8db317f35c6679f79343610a8ebd1e1069944c66769b477742860e2791bc","8a33be0a189a42fe8a6c4b14ae5e36aa8df9da89aa312c045c6fd99de3c3f355","8267892735fc5d85b66160ad3906efba1127c076482c4555e79be517f75d93e8","Comprobación por el autor de sum(all(component in text for component in componentes) for text in textos) con ExactCooccurrenceIndex.count; componentes de nominal_query y corpus de source_snapshot. Coinciden ambos; resultado literal, no ausencia científica ni adjudicación de revisión."
"BN-318","b00d05d3b45420755e69633d171cd4966446de771eb0654b850af541185cf9cb","REINSPECCION","2026-09-27T01:28:03Z","/root (autor; no revisión independiente)","C-2457","data/busquedas_negativas/15_9_15-9-multicelularidad-y-repertorio-preanimal.csv","data/tablas/12/table-54-12-10-1-repertorio-funcional-localizado.csv","4","límite","identidad=«matriz y colágeno»; campo=«límite»; valor=«fibrillas y matriz animal completa no demostradas»","0","451","62fe8db317f35c6679f79343610a8ebd1e1069944c66769b477742860e2791bc","8a33be0a189a42fe8a6c4b14ae5e36aa8df9da89aa312c045c6fd99de3c3f355","8267892735fc5d85b66160ad3906efba1127c076482c4555e79be517f75d93e8","Comprobación por el autor de sum(all(component in text for component in componentes) for text in textos) con ExactCooccurrenceIndex.count; componentes de nominal_query y corpus de source_snapshot. Coinciden ambos; resultado literal, no ausencia científica ni adjudicación de revisión."
"BN-319","ed5ebd6efbc9aa95b99eba423da2aec2f073fb0427740a72585a8e206e61de56","REINSPECCION","2026-09-27T01:28:03Z","/root (autor; no revisión independiente)","C-2458","data/busquedas_negativas/15_9_15-9-multicelularidad-y-repertorio-preanimal.csv","data/tablas/12/table-54-12-10-1-repertorio-funcional-localizado.csv","5","otros choanoflagelados","identidad=«fosfotirosina»; campo=«otros choanoflagelados»; valor=«NO LOCALIZADO por linaje»","0","451","62fe8db317f35c6679f79343610a8ebd1e1069944c66769b477742860e2791bc","8a33be0a189a42fe8a6c4b14ae5e36aa8df9da89aa312c045c6fd99de3c3f355","8267892735fc5d85b66160ad3906efba1127c076482c4555e79be517f75d93e8","Comprobación por el autor de sum(all(component in text for component in componentes) for text in textos) con ExactCooccurrenceIndex.count; componentes de nominal_query y corpus de source_snapshot. Coinciden ambos; resultado literal, no ausencia científica ni adjudicación de revisión."
"BN-320","7f29d9a3b8ca325d9edc2bab4f992925659ea032763c3af6e234bd14e1ba9bcc","REINSPECCION","2026-09-27T01:28:04Z","/root (autor; no revisión independiente)","C-2459","data/busquedas_negativas/15_9_15-9-multicelularidad-y-repertorio-preanimal.csv","data/tablas/12/table-54-12-10-1-repertorio-funcional-localizado.csv","5","otros holozoos unicelulares","identidad=«fosfotirosina»; campo=«otros holozoos unicelulares»; valor=«NO LOCALIZADO por linaje»","0","451","62fe8db317f35c6679f79343610a8ebd1e1069944c66769b477742860e2791bc","8a33be0a189a42fe8a6c4b14ae5e36aa8df9da89aa312c045c6fd99de3c3f355","8267892735fc5d85b66160ad3906efba1127c076482c4555e79be517f75d93e8","Comprobación por el autor de sum(all(component in text for component in componentes) for text in textos) con ExactCooccurrenceIndex.count; componentes de nominal_query y corpus de source_snapshot. Coinciden ambos; resultado literal, no ausencia científica ni adjudicación de revisión."
"BN-321","f9f35ebda8c5205a3f7e56772917e067fbb2c08d62ec1dbee4a53670f54b27ff","REINSPECCION","2026-09-27T01:28:04Z","/root (autor; no revisión independiente)","C-2460","data/busquedas_negativas/15_9_15-9-multicelularidad-y-repertorio-preanimal.csv","data/tablas/12/table-54-12-10-1-repertorio-funcional-localizado.csv","5","Metazoa","identidad=«fosfotirosina»; campo=«Metazoa»; valor=«presente»","0","451","62fe8db317f35c6679f79343610a8ebd1e1069944c66769b477742860e2791bc","8a33be0a189a42fe8a6c4b14ae5e36aa8df9da89aa312c045c6fd99de3c3f355","8267892735fc5d85b66160ad3906efba1127c076482c4555e79be517f75d93e8","Comprobación por el autor de sum(all(component in text for component in componentes) for text in textos) con ExactCooccurrenceIndex.count; componentes de nominal_query y corpus de source_snapshot. Coinciden ambos; resultado literal, no ausencia científica ni adjudicación de revisión."
"BN-322","8ec74a87dbbbba1f9d5ea564c0b5dae0760cc9f6d3983f69f03f41d1001e4b68","REINSPECCION","2026-09-27T01:28:05Z","/root (autor; no revisión independiente)","C-2461","data/busquedas_negativas/15_9_15-9-multicelularidad-y-repertorio-preanimal.csv","data/tablas/12/table-54-12-10-1-repertorio-funcional-localizado.csv","5","criterio de presencia/ausencia","identidad=«fosfotirosina»; campo=«criterio de presencia/ausencia»; valor=«repertorio o actividad bioquímica según fuente»","0","451","62fe8db317f35c6679f79343610a8ebd1e1069944c66769b477742860e2791bc","8a33be0a189a42fe8a6c4b14ae5e36aa8df9da89aa312c045c6fd99de3c3f355","8267892735fc5d85b66160ad3906efba1127c076482c4555e79be517f75d93e8","Comprobación por el autor de sum(all(component in text for component in componentes) for text in textos) con ExactCooccurrenceIndex.count; componentes de nominal_query y corpus de source_snapshot. Coinciden ambos; resultado literal, no ausencia científica ni adjudicación de revisión."
"BN-323","63d332af15f153b9881499c1798c1578cf91380e3a26c5eacc3d75109f0f14c2","REINSPECCION","2026-09-27T01:28:05Z","/root (autor; no revisión independiente)","C-2462","data/busquedas_negativas/15_9_15-9-multicelularidad-y-repertorio-preanimal.csv","data/tablas/12/table-54-12-10-1-repertorio-funcional-localizado.csv","6","Monosiga","identidad=«Notch y Delta»; campo=«Monosiga»; valor=«distribución mosaico; estado nominal NO LOCALIZADO»","0","451","62fe8db317f35c6679f79343610a8ebd1e1069944c66769b477742860e2791bc","8a33be0a189a42fe8a6c4b14ae5e36aa8df9da89aa312c045c6fd99de3c3f355","8267892735fc5d85b66160ad3906efba1127c076482c4555e79be517f75d93e8","Comprobación por el autor de sum(all(component in text for component in componentes) for text in textos) con ExactCooccurrenceIndex.count; componentes de nominal_query y corpus de source_snapshot. Coinciden ambos; resultado literal, no ausencia científica ni adjudicación de revisión."
"BN-324","e4c71d973fec1dca566a0723769ea2f69851edd309dba49995a2a375f03a67b7","REINSPECCION","2026-09-27T01:28:06Z","/root (autor; no revisión independiente)","C-2463","data/busquedas_negativas/15_9_15-9-multicelularidad-y-repertorio-preanimal.csv","data/tablas/12/table-54-12-10-1-repertorio-funcional-localizado.csv","6","Capsaspora","identidad=«Notch y Delta»; campo=«Capsaspora»; valor=«NO LOCALIZADO»","0","451","62fe8db317f35c6679f79343610a8ebd1e1069944c66769b477742860e2791bc","8a33be0a189a42fe8a6c4b14ae5e36aa8df9da89aa312c045c6fd99de3c3f355","8267892735fc5d85b66160ad3906efba1127c076482c4555e79be517f75d93e8","Comprobación por el autor de sum(all(component in text for component in componentes) for text in textos) con ExactCooccurrenceIndex.count; componentes de nominal_query y corpus de source_snapshot. Coinciden ambos; resultado literal, no ausencia científica ni adjudicación de revisión."
"BN-325","224031dcb261deae7f6942ca1e6e1ea881c2d6f5f6a88c97f44cacf1a10978f7","REINSPECCION","2026-09-27T01:28:06Z","/root (autor; no revisión independiente)","C-2464","data/busquedas_negativas/15_9_15-9-multicelularidad-y-repertorio-preanimal.csv","data/tablas/12/table-54-12-10-1-repertorio-funcional-localizado.csv","6","otros holozoos unicelulares","identidad=«Notch y Delta»; campo=«otros holozoos unicelulares»; valor=«distribución mosaico»","0","451","62fe8db317f35c6679f79343610a8ebd1e1069944c66769b477742860e2791bc","8a33be0a189a42fe8a6c4b14ae5e36aa8df9da89aa312c045c6fd99de3c3f355","8267892735fc5d85b66160ad3906efba1127c076482c4555e79be517f75d93e8","Comprobación por el autor de sum(all(component in text for component in componentes) for text in textos) con ExactCooccurrenceIndex.count; componentes de nominal_query y corpus de source_snapshot. Coinciden ambos; resultado literal, no ausencia científica ni adjudicación de revisión."
"BN-326","4c51d25994ab0938dca5a2e4e69bf79db390a1db92f37f94da07d12ee14a0f82","REINSPECCION","2026-09-27T01:28:06Z","/root (autor; no revisión independiente)","C-2465","data/busquedas_negativas/15_9_15-9-multicelularidad-y-repertorio-preanimal.csv","data/tablas/12/table-54-12-10-1-repertorio-funcional-localizado.csv","6","Metazoa","identidad=«Notch y Delta»; campo=«Metazoa»; valor=«presente»","0","451","62fe8db317f35c6679f79343610a8ebd1e1069944c66769b477742860e2791bc","8a33be0a189a42fe8a6c4b14ae5e36aa8df9da89aa312c045c6fd99de3c3f355","8267892735fc5d85b66160ad3906efba1127c076482c4555e79be517f75d93e8","Comprobación por el autor de sum(all(component in text for component in componentes) for text in textos) con ExactCooccurrenceIndex.count; componentes de nominal_query y corpus de source_snapshot. Coinciden ambos; resultado literal, no ausencia científica ni adjudicación de revisión."
"BN-327","9b3bf0d54e5ccdfe49339f366318d155cc0a68e7ae10f32894450f164a8d7967","REINSPECCION","2026-09-27T01:28:07Z","/root (autor; no revisión independiente)","C-2466","data/busquedas_negativas/15_9_15-9-multicelularidad-y-repertorio-preanimal.csv","data/tablas/12/table-54-12-10-1-repertorio-funcional-localizado.csv","6","criterio de presencia/ausencia","identidad=«Notch y Delta»; campo=«criterio de presencia/ausencia»; valor=«presencia transcriptómica; no detección no equivale a ausencia»","0","451","62fe8db317f35c6679f79343610a8ebd1e1069944c66769b477742860e2791bc","8a33be0a189a42fe8a6c4b14ae5e36aa8df9da89aa312c045c6fd99de3c3f355","8267892735fc5d85b66160ad3906efba1127c076482c4555e79be517f75d93e8","Comprobación por el autor de sum(all(component in text for component in componentes) for text in textos) con ExactCooccurrenceIndex.count; componentes de nominal_query y corpus de source_snapshot. Coinciden ambos; resultado literal, no ausencia científica ni adjudicación de revisión."
"BN-328","9a6c3c219fdee0531209c98c534e786ad0346f18bdeb374c2bdf6d4ef93a3cd0","REINSPECCION","2026-09-27T01:28:07Z","/root (autor; no revisión independiente)","C-2467","data/busquedas_negativas/15_9_15-9-multicelularidad-y-repertorio-preanimal.csv","data/tablas/12/table-54-12-10-1-repertorio-funcional-localizado.csv","6","límite","identidad=«Notch y Delta»; campo=«límite»; valor=«pérdida o falta de expresión no distinguidas»","0","451","62fe8db317f35c6679f79343610a8ebd1e1069944c66769b477742860e2791bc","8a33be0a189a42fe8a6c4b14ae5e36aa8df9da89aa312c045c6fd99de3c3f355","8267892735fc5d85b66160ad3906efba1127c076482c4555e79be517f75d93e8","Comprobación por el autor de sum(all(component in text for component in componentes) for text in textos) con ExactCooccurrenceIndex.count; componentes de nominal_query y corpus de source_snapshot. Coinciden ambos; resultado literal, no ausencia científica ni adjudicación de revisión."
"BN-329","84d65480c947c4d42496d3d228c398e734ee89eb1ef2f30dc931a710219e9920","REINSPECCION","2026-09-27T01:28:08Z","/root (autor; no revisión independiente)","C-2468","data/busquedas_negativas/15_9_15-9-multicelularidad-y-repertorio-preanimal.csv","data/tablas/12/table-54-12-10-1-repertorio-funcional-localizado.csv","7","Monosiga","identidad=«Hedgehog»; campo=«Monosiga»; valor=«no localizado en el genoma comparado por S352»","0","451","62fe8db317f35c6679f79343610a8ebd1e1069944c66769b477742860e2791bc","8a33be0a189a42fe8a6c4b14ae5e36aa8df9da89aa312c045c6fd99de3c3f355","8267892735fc5d85b66160ad3906efba1127c076482c4555e79be517f75d93e8","Comprobación por el autor de sum(all(component in text for component in componentes) for text in textos) con ExactCooccurrenceIndex.count; componentes de nominal_query y corpus de source_snapshot. Coinciden ambos; resultado literal, no ausencia científica ni adjudicación de revisión."
"BN-330","992e7c6472487978b1386bd0df7ef04d4d88ff1bba228d7a7db2697ea73c597b","REINSPECCION","2026-09-27T01:28:09Z","/root (autor; no revisión independiente)","C-2469","data/busquedas_negativas/15_9_15-9-multicelularidad-y-repertorio-preanimal.csv","data/tablas/12/table-54-12-10-1-repertorio-funcional-localizado.csv","7","Capsaspora","identidad=«Hedgehog»; campo=«Capsaspora»; valor=«no localizado en el genoma comparado por S352»","0","451","62fe8db317f35c6679f79343610a8ebd1e1069944c66769b477742860e2791bc","8a33be0a189a42fe8a6c4b14ae5e36aa8df9da89aa312c045c6fd99de3c3f355","8267892735fc5d85b66160ad3906efba1127c076482c4555e79be517f75d93e8","Comprobación por el autor de sum(all(component in text for component in componentes) for text in textos) con ExactCooccurrenceIndex.count; componentes de nominal_query y corpus de source_snapshot. Coinciden ambos; resultado literal, no ausencia científica ni adjudicación de revisión."
"BN-331","de0b3c34e291fd30c8a97eb5bfc905be7634968172ba969d985cb01185e08086","REINSPECCION","2026-09-27T01:28:09Z","/root (autor; no revisión independiente)","C-2470","data/busquedas_negativas/15_9_15-9-multicelularidad-y-repertorio-preanimal.csv","data/tablas/12/table-54-12-10-1-repertorio-funcional-localizado.csv","7","otros choanoflagelados","identidad=«Hedgehog»; campo=«otros choanoflagelados»; valor=«NO LOCALIZADO por linaje»","0","451","62fe8db317f35c6679f79343610a8ebd1e1069944c66769b477742860e2791bc","8a33be0a189a42fe8a6c4b14ae5e36aa8df9da89aa312c045c6fd99de3c3f355","8267892735fc5d85b66160ad3906efba1127c076482c4555e79be517f75d93e8","Comprobación por el autor de sum(all(component in text for component in componentes) for text in textos) con ExactCooccurrenceIndex.count; componentes de nominal_query y corpus de source_snapshot. Coinciden ambos; resultado literal, no ausencia científica ni adjudicación de revisión."
"BN-332","5dfc7d2ba65a56ba61950c021e509c1c3ad43f4e4bba9ff0aba70b119b6240d0","REINSPECCION","2026-09-27T01:28:10Z","/root (autor; no revisión independiente)","C-2471","data/busquedas_negativas/15_9_15-9-multicelularidad-y-repertorio-preanimal.csv","data/tablas/12/table-54-12-10-1-repertorio-funcional-localizado.csv","7","otros holozoos unicelulares","identidad=«Hedgehog»; campo=«otros holozoos unicelulares»; valor=«NO LOCALIZADO por linaje»","0","451","62fe8db317f35c6679f79343610a8ebd1e1069944c66769b477742860e2791bc","8a33be0a189a42fe8a6c4b14ae5e36aa8df9da89aa312c045c6fd99de3c3f355","8267892735fc5d85b66160ad3906efba1127c076482c4555e79be517f75d93e8","Comprobación por el autor de sum(all(component in text for component in componentes) for text in textos) con ExactCooccurrenceIndex.count; componentes de nominal_query y corpus de source_snapshot. Coinciden ambos; resultado literal, no ausencia científica ni adjudicación de revisión."
"BN-334","33ba7a3a0c82b84b76c502992a870e7b67419cb27926b2926ce8f3868e0116a6","REINSPECCION","2026-09-27T01:28:11Z","/root (autor; no revisión independiente)","C-2474","data/busquedas_negativas/15_9_15-9-multicelularidad-y-repertorio-preanimal.csv","data/tablas/12/table-54-12-10-1-repertorio-funcional-localizado.csv","8","Monosiga","identidad=«GPCR y otras señales»; campo=«Monosiga»; valor=«familias antiguas; detalle nominal NO LOCALIZADO»","0","451","62fe8db317f35c6679f79343610a8ebd1e1069944c66769b477742860e2791bc","8a33be0a189a42fe8a6c4b14ae5e36aa8df9da89aa312c045c6fd99de3c3f355","8267892735fc5d85b66160ad3906efba1127c076482c4555e79be517f75d93e8","Comprobación por el autor de sum(all(component in text for component in componentes) for text in textos) con ExactCooccurrenceIndex.count; componentes de nominal_query y corpus de source_snapshot. Coinciden ambos; resultado literal, no ausencia científica ni adjudicación de revisión."
"BN-335","7549cb89801f86cad401458a6b6e16f55a74c24a4746b0b870b3ca95194d25f3","REINSPECCION","2026-09-27T01:28:11Z","/root (autor; no revisión independiente)","C-2475","data/busquedas_negativas/15_9_15-9-multicelularidad-y-repertorio-preanimal.csv","data/tablas/12/table-54-12-10-1-repertorio-funcional-localizado.csv","8","Capsaspora","identidad=«GPCR y otras señales»; campo=«Capsaspora»; valor=«familias antiguas; detalle nominal NO LOCALIZADO»","0","451","62fe8db317f35c6679f79343610a8ebd1e1069944c66769b477742860e2791bc","8a33be0a189a42fe8a6c4b14ae5e36aa8df9da89aa312c045c6fd99de3c3f355","8267892735fc5d85b66160ad3906efba1127c076482c4555e79be517f75d93e8","Comprobación por el autor de sum(all(component in text for component in componentes) for text in textos) con ExactCooccurrenceIndex.count; componentes de nominal_query y corpus de source_snapshot. Coinciden ambos; resultado literal, no ausencia científica ni adjudicación de revisión."
"BN-336","5a7a593fc369a2f027c7e300dd9f4b97306106b7098591d881875cb44bc50d8e","REINSPECCION","2026-09-27T01:28:11Z","/root (autor; no revisión independiente)","C-2476","data/busquedas_negativas/15_9_15-9-multicelularidad-y-repertorio-preanimal.csv","data/tablas/12/table-54-12-10-1-repertorio-funcional-localizado.csv","8","otros choanoflagelados","identidad=«GPCR y otras señales»; campo=«otros choanoflagelados»; valor=«NO LOCALIZADO por linaje»","0","451","62fe8db317f35c6679f79343610a8ebd1e1069944c66769b477742860e2791bc","8a33be0a189a42fe8a6c4b14ae5e36aa8df9da89aa312c045c6fd99de3c3f355","8267892735fc5d85b66160ad3906efba1127c076482c4555e79be517f75d93e8","Comprobación por el autor de sum(all(component in text for component in componentes) for text in textos) con ExactCooccurrenceIndex.count; componentes de nominal_query y corpus de source_snapshot. Coinciden ambos; resultado literal, no ausencia científica ni adjudicación de revisión."
"BN-337","c1649dd656c3d6809a5d36631fcb3a869b062b168ed7f556ad47c7b89508c901","REINSPECCION","2026-09-27T01:28:12Z","/root (autor; no revisión independiente)","C-2477","data/busquedas_negativas/15_9_15-9-multicelularidad-y-repertorio-preanimal.csv","data/tablas/12/table-54-12-10-1-repertorio-funcional-localizado.csv","8","otros holozoos unicelulares","identidad=«GPCR y otras señales»; campo=«otros holozoos unicelulares»; valor=«expansiones y pérdidas; detalle nominal NO LOCALIZADO»","0","451","62fe8db317f35c6679f79343610a8ebd1e1069944c66769b477742860e2791bc","8a33be0a189a42fe8a6c4b14ae5e36aa8df9da89aa312c045c6fd99de3c3f355","8267892735fc5d85b66160ad3906efba1127c076482c4555e79be517f75d93e8","Comprobación por el autor de sum(all(component in text for component in componentes) for text in textos) con ExactCooccurrenceIndex.count; componentes de nominal_query y corpus de source_snapshot. Coinciden ambos; resultado literal, no ausencia científica ni adjudicación de revisión."
"BN-338","3b64e455e49fe68fe2a710fa1f4e4e0d52ca03aaa435879f5a13b66920a3780c","REINSPECCION","2026-09-27T01:28:12Z","/root (autor; no revisión independiente)","C-2478","data/busquedas_negativas/15_9_15-9-multicelularidad-y-repertorio-preanimal.csv","data/tablas/12/table-54-12-10-1-repertorio-funcional-localizado.csv","8","criterio de presencia/ausencia","identidad=«GPCR y otras señales»; campo=«criterio de presencia/ausencia»; valor=«homología de familias y clasificación de innovaciones»","0","451","62fe8db317f35c6679f79343610a8ebd1e1069944c66769b477742860e2791bc","8a33be0a189a42fe8a6c4b14ae5e36aa8df9da89aa312c045c6fd99de3c3f355","8267892735fc5d85b66160ad3906efba1127c076482c4555e79be517f75d93e8","Comprobación por el autor de sum(all(component in text for component in componentes) for text in textos) con ExactCooccurrenceIndex.count; componentes de nominal_query y corpus de source_snapshot. Coinciden ambos; resultado literal, no ausencia científica ni adjudicación de revisión."
"BN-339","a36cdd8af26eb1a99cb2d0e36120177b121d08bb102a4b1a692b0fa5042cd0e6","REINSPECCION","2026-09-27T01:28:12Z","/root (autor; no revisión independiente)","C-2479","data/busquedas_negativas/15_9_15-9-multicelularidad-y-repertorio-preanimal.csv","data/tablas/12/table-54-12-10-1-repertorio-funcional-localizado.csv","8","límite","identidad=«GPCR y otras señales»; campo=«límite»; valor=«historia mosaico; no hay matriz completa publicada en C-1582–C-1583»","0","451","62fe8db317f35c6679f79343610a8ebd1e1069944c66769b477742860e2791bc","8a33be0a189a42fe8a6c4b14ae5e36aa8df9da89aa312c045c6fd99de3c3f355","8267892735fc5d85b66160ad3906efba1127c076482c4555e79be517f75d93e8","Comprobación por el autor de sum(all(component in text for component in componentes) for text in textos) con ExactCooccurrenceIndex.count; componentes de nominal_query y corpus de source_snapshot. Coinciden ambos; resultado literal, no ausencia científica ni adjudicación de revisión."
"BN-340","ef692839e1da6044854b9279224261de0f828bb0d31305b1947612e007762a86","REINSPECCION","2026-09-27T01:28:13Z","/root (autor; no revisión independiente)","C-2480","data/busquedas_negativas/15_9_15-9-multicelularidad-y-repertorio-preanimal.csv","data/tablas/12/table-54-12-10-1-repertorio-funcional-localizado.csv","9","Monosiga","identidad=«Brachyury/T-box»; campo=«Monosiga»; valor=«NO LOCALIZADO»","0","451","62fe8db317f35c6679f79343610a8ebd1e1069944c66769b477742860e2791bc","8a33be0a189a42fe8a6c4b14ae5e36aa8df9da89aa312c045c6fd99de3c3f355","8267892735fc5d85b66160ad3906efba1127c076482c4555e79be517f75d93e8","Comprobación por el autor de sum(all(component in text for component in componentes) for text in textos) con ExactCooccurrenceIndex.count; componentes de nominal_query y corpus de source_snapshot. Coinciden ambos; resultado literal, no ausencia científica ni adjudicación de revisión."
"BN-341","3908b9adbe0001f9153d3b46667c77bd9073eb67d508654ab27296384ff8ce71","REINSPECCION","2026-09-27T01:28:13Z","/root (autor; no revisión independiente)","C-2481","data/busquedas_negativas/15_9_15-9-multicelularidad-y-repertorio-preanimal.csv","data/tablas/12/table-54-12-10-1-repertorio-funcional-localizado.csv","9","Capsaspora","identidad=«Brachyury/T-box»; campo=«Capsaspora»; valor=«tres T-box; uno inicialmente asociado con Brachyury»","0","451","62fe8db317f35c6679f79343610a8ebd1e1069944c66769b477742860e2791bc","8a33be0a189a42fe8a6c4b14ae5e36aa8df9da89aa312c045c6fd99de3c3f355","8267892735fc5d85b66160ad3906efba1127c076482c4555e79be517f75d93e8","Comprobación por el autor de sum(all(component in text for component in componentes) for text in textos) con ExactCooccurrenceIndex.count; componentes de nominal_query y corpus de source_snapshot. Coinciden ambos; resultado literal, no ausencia científica ni adjudicación de revisión."
"BN-342","5298d30f6a4895b30d5a339fbd6a343edf1c229639ea6725c31ee0e263dd6cee","REINSPECCION","2026-09-27T01:28:13Z","/root (autor; no revisión independiente)","C-2482","data/busquedas_negativas/15_9_15-9-multicelularidad-y-repertorio-preanimal.csv","data/tablas/12/table-54-12-10-1-repertorio-funcional-localizado.csv","9","otros choanoflagelados","identidad=«Brachyury/T-box»; campo=«otros choanoflagelados»; valor=«NO LOCALIZADO por linaje»","0","451","62fe8db317f35c6679f79343610a8ebd1e1069944c66769b477742860e2791bc","8a33be0a189a42fe8a6c4b14ae5e36aa8df9da89aa312c045c6fd99de3c3f355","8267892735fc5d85b66160ad3906efba1127c076482c4555e79be517f75d93e8","Comprobación por el autor de sum(all(component in text for component in componentes) for text in textos) con ExactCooccurrenceIndex.count; componentes de nominal_query y corpus de source_snapshot. Coinciden ambos; resultado literal, no ausencia científica ni adjudicación de revisión."
"BN-343","c09b035ae15fb72d3344c54aa7177612665d525c151726212569001506831ab6","REINSPECCION","2026-09-27T01:28:14Z","/root (autor; no revisión independiente)","C-2483","data/busquedas_negativas/15_9_15-9-multicelularidad-y-repertorio-preanimal.csv","data/tablas/12/table-54-12-10-1-repertorio-funcional-localizado.csv","9","otros holozoos unicelulares","identidad=«Brachyury/T-box»; campo=«otros holozoos unicelulares»; valor=«NO LOCALIZADO por linaje»","0","451","62fe8db317f35c6679f79343610a8ebd1e1069944c66769b477742860e2791bc","8a33be0a189a42fe8a6c4b14ae5e36aa8df9da89aa312c045c6fd99de3c3f355","8267892735fc5d85b66160ad3906efba1127c076482c4555e79be517f75d93e8","Comprobación por el autor de sum(all(component in text for component in componentes) for text in textos) con ExactCooccurrenceIndex.count; componentes de nominal_query y corpus de source_snapshot. Coinciden ambos; resultado literal, no ausencia científica ni adjudicación de revisión."
"BN-344","edb0d9ca00415439adf78095c66844eb4fc3e25a29fce54d6a9f5561dd77c119","REINSPECCION","2026-09-27T01:28:14Z","/root (autor; no revisión independiente)","C-2484","data/busquedas_negativas/15_9_15-9-multicelularidad-y-repertorio-preanimal.csv","data/tablas/12/table-54-12-10-1-repertorio-funcional-localizado.csv","9","Metazoa","identidad=«Brachyury/T-box»; campo=«Metazoa»; valor=«presente»","0","451","62fe8db317f35c6679f79343610a8ebd1e1069944c66769b477742860e2791bc","8a33be0a189a42fe8a6c4b14ae5e36aa8df9da89aa312c045c6fd99de3c3f355","8267892735fc5d85b66160ad3906efba1127c076482c4555e79be517f75d93e8","Comprobación por el autor de sum(all(component in text for component in componentes) for text in textos) con ExactCooccurrenceIndex.count; componentes de nominal_query y corpus de source_snapshot. Coinciden ambos; resultado literal, no ausencia científica ni adjudicación de revisión."
"BN-345","8e994e46eff893d73893e2f70be69d650621465e3bdc9aecb79339698d135a26","REINSPECCION","2026-09-27T01:28:14Z","/root (autor; no revisión independiente)","C-2485","data/busquedas_negativas/15_9_15-9-multicelularidad-y-repertorio-preanimal.csv","data/tablas/12/table-54-12-10-1-repertorio-funcional-localizado.csv","9","límite","identidad=«Brachyury/T-box»; campo=«límite»; valor=«bootstrap inicial 50 %; uso celular ancestral no observado»","0","451","62fe8db317f35c6679f79343610a8ebd1e1069944c66769b477742860e2791bc","8a33be0a189a42fe8a6c4b14ae5e36aa8df9da89aa312c045c6fd99de3c3f355","8267892735fc5d85b66160ad3906efba1127c076482c4555e79be517f75d93e8","Comprobación por el autor de sum(all(component in text for component in componentes) for text in textos) con ExactCooccurrenceIndex.count; componentes de nominal_query y corpus de source_snapshot. Coinciden ambos; resultado literal, no ausencia científica ni adjudicación de revisión."
"BN-346","44b6996442a6a3ca5ff0da96f1516b4da1aae64856e5fdaa9770ca9b25697aae","REINSPECCION","2026-09-27T01:28:15Z","/root (autor; no revisión independiente)","C-2486","data/busquedas_negativas/15_9_15-9-multicelularidad-y-repertorio-preanimal.csv","data/tablas/12/table-54-12-10-1-repertorio-funcional-localizado.csv","10","Monosiga","identidad=«Runx»; campo=«Monosiga»; valor=«NO LOCALIZADO»","0","451","62fe8db317f35c6679f79343610a8ebd1e1069944c66769b477742860e2791bc","8a33be0a189a42fe8a6c4b14ae5e36aa8df9da89aa312c045c6fd99de3c3f355","8267892735fc5d85b66160ad3906efba1127c076482c4555e79be517f75d93e8","Comprobación por el autor de sum(all(component in text for component in componentes) for text in textos) con ExactCooccurrenceIndex.count; componentes de nominal_query y corpus de source_snapshot. Coinciden ambos; resultado literal, no ausencia científica ni adjudicación de revisión."
"BN-347","ccab4aa97eaf3dfcfa199b05ba7e6fe7389033aba6d5bf23f259d8ac437fdb71","REINSPECCION","2026-09-27T01:28:16Z","/root (autor; no revisión independiente)","C-2487","data/busquedas_negativas/15_9_15-9-multicelularidad-y-repertorio-preanimal.csv","data/tablas/12/table-54-12-10-1-repertorio-funcional-localizado.csv","10","otros choanoflagelados","identidad=«Runx»; campo=«otros choanoflagelados»; valor=«NO LOCALIZADO por linaje»","0","451","62fe8db317f35c6679f79343610a8ebd1e1069944c66769b477742860e2791bc","8a33be0a189a42fe8a6c4b14ae5e36aa8df9da89aa312c045c6fd99de3c3f355","8267892735fc5d85b66160ad3906efba1127c076482c4555e79be517f75d93e8","Comprobación por el autor de sum(all(component in text for component in componentes) for text in textos) con ExactCooccurrenceIndex.count; componentes de nominal_query y corpus de source_snapshot. Coinciden ambos; resultado literal, no ausencia científica ni adjudicación de revisión."
"BN-348","f6d4da0cc4e24aa9a10e7238427c045248ff853b531a5193fa1ab6e521e5b124","REINSPECCION","2026-09-27T01:28:16Z","/root (autor; no revisión independiente)","C-2488","data/busquedas_negativas/15_9_15-9-multicelularidad-y-repertorio-preanimal.csv","data/tablas/12/table-54-12-10-1-repertorio-funcional-localizado.csv","10","otros holozoos unicelulares","identidad=«Runx»; campo=«otros holozoos unicelulares»; valor=«NO LOCALIZADO por linaje»","0","451","62fe8db317f35c6679f79343610a8ebd1e1069944c66769b477742860e2791bc","8a33be0a189a42fe8a6c4b14ae5e36aa8df9da89aa312c045c6fd99de3c3f355","8267892735fc5d85b66160ad3906efba1127c076482c4555e79be517f75d93e8","Comprobación por el autor de sum(all(component in text for component in componentes) for text in textos) con ExactCooccurrenceIndex.count; componentes de nominal_query y corpus de source_snapshot. Coinciden ambos; resultado literal, no ausencia científica ni adjudicación de revisión."
"BN-350","7b83bb931c34dd3a50b79acb7fae3e51635eac8cab61186a0ef6a74484d98293","REINSPECCION","2026-09-27T01:28:18Z","/root (autor; no revisión independiente)","C-2490","data/busquedas_negativas/15_9_15-9-multicelularidad-y-repertorio-preanimal.csv","data/tablas/12/table-54-12-10-1-repertorio-funcional-localizado.csv","11","Monosiga","identidad=«p53/p63/p73»; campo=«Monosiga»; valor=«NO LOCALIZADO»","0","451","62fe8db317f35c6679f79343610a8ebd1e1069944c66769b477742860e2791bc","8a33be0a189a42fe8a6c4b14ae5e36aa8df9da89aa312c045c6fd99de3c3f355","8267892735fc5d85b66160ad3906efba1127c076482c4555e79be517f75d93e8","Comprobación por el autor de sum(all(component in text for component in componentes) for text in textos) con ExactCooccurrenceIndex.count; componentes de nominal_query y corpus de source_snapshot. Coinciden ambos; resultado literal, no ausencia científica ni adjudicación de revisión."
"BN-351","00a8330b14cd51b4515bb908c05eeb7e4e4d0135f0308fb38234821f9cfe84ca","REINSPECCION","2026-09-27T01:28:18Z","/root (autor; no revisión independiente)","C-2491","data/busquedas_negativas/15_9_15-9-multicelularidad-y-repertorio-preanimal.csv","data/tablas/12/table-54-12-10-1-repertorio-funcional-localizado.csv","11","Capsaspora","identidad=«p53/p63/p73»; campo=«Capsaspora»; valor=«NO LOCALIZADO»","0","451","62fe8db317f35c6679f79343610a8ebd1e1069944c66769b477742860e2791bc","8a33be0a189a42fe8a6c4b14ae5e36aa8df9da89aa312c045c6fd99de3c3f355","8267892735fc5d85b66160ad3906efba1127c076482c4555e79be517f75d93e8","Comprobación por el autor de sum(all(component in text for component in componentes) for text in textos) con ExactCooccurrenceIndex.count; componentes de nominal_query y corpus de source_snapshot. Coinciden ambos; resultado literal, no ausencia científica ni adjudicación de revisión."
"BN-352","c36c38cced3af1b24010ca16c3e2a76922edfa0c075f471315a59ebb7c9f444b","REINSPECCION","2026-09-27T01:28:19Z","/root (autor; no revisión independiente)","C-2492","data/busquedas_negativas/15_9_15-9-multicelularidad-y-repertorio-preanimal.csv","data/tablas/12/table-54-12-10-1-repertorio-funcional-localizado.csv","11","otros choanoflagelados","identidad=«p53/p63/p73»; campo=«otros choanoflagelados»; valor=«NO LOCALIZADO por linaje»","0","451","62fe8db317f35c6679f79343610a8ebd1e1069944c66769b477742860e2791bc","8a33be0a189a42fe8a6c4b14ae5e36aa8df9da89aa312c045c6fd99de3c3f355","8267892735fc5d85b66160ad3906efba1127c076482c4555e79be517f75d93e8","Comprobación por el autor de sum(all(component in text for component in componentes) for text in textos) con ExactCooccurrenceIndex.count; componentes de nominal_query y corpus de source_snapshot. Coinciden ambos; resultado literal, no ausencia científica ni adjudicación de revisión."
"BN-353","796e64bccd5580153d2e2aef5b54b7c80c0ea58b01f3e20f968a51550101d080","REINSPECCION","2026-09-27T01:28:19Z","/root (autor; no revisión independiente)","C-2493","data/busquedas_negativas/15_9_15-9-multicelularidad-y-repertorio-preanimal.csv","data/tablas/12/table-54-12-10-1-repertorio-funcional-localizado.csv","11","Metazoa","identidad=«p53/p63/p73»; campo=«Metazoa»; valor=«presente»","0","451","62fe8db317f35c6679f79343610a8ebd1e1069944c66769b477742860e2791bc","8a33be0a189a42fe8a6c4b14ae5e36aa8df9da89aa312c045c6fd99de3c3f355","8267892735fc5d85b66160ad3906efba1127c076482c4555e79be517f75d93e8","Comprobación por el autor de sum(all(component in text for component in componentes) for text in textos) con ExactCooccurrenceIndex.count; componentes de nominal_query y corpus de source_snapshot. Coinciden ambos; resultado literal, no ausencia científica ni adjudicación de revisión."
"BN-354","ae6d33d076a6148dc5541e3e104b0195919a54e45e69c616f49d4725f809746a","REINSPECCION","2026-09-27T01:28:20Z","/root (autor; no revisión independiente)","C-2496","data/busquedas_negativas/15_9_15-9-multicelularidad-y-repertorio-preanimal.csv","data/tablas/12/table-54-12-10-1-repertorio-funcional-localizado.csv","12","otros choanoflagelados","identidad=«Myc–Max»; campo=«otros choanoflagelados»; valor=«NO LOCALIZADO por linaje»","0","451","62fe8db317f35c6679f79343610a8ebd1e1069944c66769b477742860e2791bc","8a33be0a189a42fe8a6c4b14ae5e36aa8df9da89aa312c045c6fd99de3c3f355","8267892735fc5d85b66160ad3906efba1127c076482c4555e79be517f75d93e8","Comprobación por el autor de sum(all(component in text for component in componentes) for text in textos) con ExactCooccurrenceIndex.count; componentes de nominal_query y corpus de source_snapshot. Coinciden ambos; resultado literal, no ausencia científica ni adjudicación de revisión."
"BN-355","decad65eb3e6966a5c7218c3d103ed1b043a18b1ae01afa7bf80cac68ade7134","REINSPECCION","2026-09-27T01:28:21Z","/root (autor; no revisión independiente)","C-2497","data/busquedas_negativas/15_9_15-9-multicelularidad-y-repertorio-preanimal.csv","data/tablas/12/table-54-12-10-1-repertorio-funcional-localizado.csv","12","otros holozoos unicelulares","identidad=«Myc–Max»; campo=«otros holozoos unicelulares»; valor=«NO LOCALIZADO por linaje»","0","451","62fe8db317f35c6679f79343610a8ebd1e1069944c66769b477742860e2791bc","8a33be0a189a42fe8a6c4b14ae5e36aa8df9da89aa312c045c6fd99de3c3f355","8267892735fc5d85b66160ad3906efba1127c076482c4555e79be517f75d93e8","Comprobación por el autor de sum(all(component in text for component in componentes) for text in textos) con ExactCooccurrenceIndex.count; componentes de nominal_query y corpus de source_snapshot. Coinciden ambos; resultado literal, no ausencia científica ni adjudicación de revisión."
"BN-356","f54d1b4d6be1411afcdaef3810dd5c418e1370e423f0e1a2a26a1cadb6499513","REINSPECCION","2026-09-27T01:28:22Z","/root (autor; no revisión independiente)","C-2498","data/busquedas_negativas/15_9_15-9-multicelularidad-y-repertorio-preanimal.csv","data/tablas/12/table-54-12-10-1-repertorio-funcional-localizado.csv","12","Metazoa","identidad=«Myc–Max»; campo=«Metazoa»; valor=«presente»","0","451","62fe8db317f35c6679f79343610a8ebd1e1069944c66769b477742860e2791bc","8a33be0a189a42fe8a6c4b14ae5e36aa8df9da89aa312c045c6fd99de3c3f355","8267892735fc5d85b66160ad3906efba1127c076482c4555e79be517f75d93e8","Comprobación por el autor de sum(all(component in text for component in componentes) for text in textos) con ExactCooccurrenceIndex.count; componentes de nominal_query y corpus de source_snapshot. Coinciden ambos; resultado literal, no ausencia científica ni adjudicación de revisión."
"BN-357","cf6fcc4a586c51a91a7eff27c6041b995ecc597f5b8a621b93a8f60e78e856b7","REINSPECCION","2026-09-27T01:28:22Z","/root (autor; no revisión independiente)","C-2499","data/busquedas_negativas/15_9_15-9-multicelularidad-y-repertorio-preanimal.csv","data/tablas/12/table-54-12-10-1-repertorio-funcional-localizado.csv","12","límite","identidad=«Myc–Max»; campo=«límite»; valor=«función bioquímica no ensayada nominalmente en cada linaje»","0","451","62fe8db317f35c6679f79343610a8ebd1e1069944c66769b477742860e2791bc","8a33be0a189a42fe8a6c4b14ae5e36aa8df9da89aa312c045c6fd99de3c3f355","8267892735fc5d85b66160ad3906efba1127c076482c4555e79be517f75d93e8","Comprobación por el autor de sum(all(component in text for component in componentes) for text in textos) con ExactCooccurrenceIndex.count; componentes de nominal_query y corpus de source_snapshot. Coinciden ambos; resultado literal, no ausencia científica ni adjudicación de revisión."
"BN-358","fa73b61192e2ef1220559484959d45bcb68c70316a781cd234b59eaf0734d7fb","REINSPECCION","2026-09-27T01:28:23Z","/root (autor; no revisión independiente)","C-2500","data/busquedas_negativas/15_9_15-9-multicelularidad-y-repertorio-preanimal.csv","data/tablas/12/table-54-12-10-1-repertorio-funcional-localizado.csv","13","Monosiga","identidad=«homeodominios»; campo=«Monosiga»; valor=«NO LOCALIZADO por familia»","0","451","62fe8db317f35c6679f79343610a8ebd1e1069944c66769b477742860e2791bc","8a33be0a189a42fe8a6c4b14ae5e36aa8df9da89aa312c045c6fd99de3c3f355","8267892735fc5d85b66160ad3906efba1127c076482c4555e79be517f75d93e8","Comprobación por el autor de sum(all(component in text for component in componentes) for text in textos) con ExactCooccurrenceIndex.count; componentes de nominal_query y corpus de source_snapshot. Coinciden ambos; resultado literal, no ausencia científica ni adjudicación de revisión."
"BN-359","c920b783a61f729e091911e6fa92d357169e2f2ff9f9dc0af4e94d537169abe0","REINSPECCION","2026-09-27T01:28:23Z","/root (autor; no revisión independiente)","C-2501","data/busquedas_negativas/15_9_15-9-multicelularidad-y-repertorio-preanimal.csv","data/tablas/12/table-54-12-10-1-repertorio-funcional-localizado.csv","13","Capsaspora","identidad=«homeodominios»; campo=«Capsaspora»; valor=«familias localizadas»","0","451","62fe8db317f35c6679f79343610a8ebd1e1069944c66769b477742860e2791bc","8a33be0a189a42fe8a6c4b14ae5e36aa8df9da89aa312c045c6fd99de3c3f355","8267892735fc5d85b66160ad3906efba1127c076482c4555e79be517f75d93e8","Comprobación por el autor de sum(all(component in text for component in componentes) for text in textos) con ExactCooccurrenceIndex.count; componentes de nominal_query y corpus de source_snapshot. Coinciden ambos; resultado literal, no ausencia científica ni adjudicación de revisión."
"BN-360","c3572794e53f9e4c5914e38697152863d6f9d3442ef44763321404e23b7ae5f9","REINSPECCION","2026-09-27T01:28:24Z","/root (autor; no revisión independiente)","C-2502","data/busquedas_negativas/15_9_15-9-multicelularidad-y-repertorio-preanimal.csv","data/tablas/12/table-54-12-10-1-repertorio-funcional-localizado.csv","13","otros choanoflagelados","identidad=«homeodominios»; campo=«otros choanoflagelados»; valor=«NO LOCALIZADO por linaje»","0","451","62fe8db317f35c6679f79343610a8ebd1e1069944c66769b477742860e2791bc","8a33be0a189a42fe8a6c4b14ae5e36aa8df9da89aa312c045c6fd99de3c3f355","8267892735fc5d85b66160ad3906efba1127c076482c4555e79be517f75d93e8","Comprobación por el autor de sum(all(component in text for component in componentes) for text in textos) con ExactCooccurrenceIndex.count; componentes de nominal_query y corpus de source_snapshot. Coinciden ambos; resultado literal, no ausencia científica ni adjudicación de revisión."
"BN-361","e3807ba3be161de74e26801af8044c972c69753970f737c3ebbb488a2455356b","REINSPECCION","2026-09-27T01:28:24Z","/root (autor; no revisión independiente)","C-2503","data/busquedas_negativas/15_9_15-9-multicelularidad-y-repertorio-preanimal.csv","data/tablas/12/table-54-12-10-1-repertorio-funcional-localizado.csv","13","Metazoa","identidad=«homeodominios»; campo=«Metazoa»; valor=«presente»","0","451","62fe8db317f35c6679f79343610a8ebd1e1069944c66769b477742860e2791bc","8a33be0a189a42fe8a6c4b14ae5e36aa8df9da89aa312c045c6fd99de3c3f355","8267892735fc5d85b66160ad3906efba1127c076482c4555e79be517f75d93e8","Comprobación por el autor de sum(all(component in text for component in componentes) for text in textos) con ExactCooccurrenceIndex.count; componentes de nominal_query y corpus de source_snapshot. Coinciden ambos; resultado literal, no ausencia científica ni adjudicación de revisión."
"BN-362","e3efff6ac3f9d3471fa290306c949340318d22624d1d5a352bc3d8d8e4d932aa","REINSPECCION","2026-09-27T01:28:24Z","/root (autor; no revisión independiente)","C-2504","data/busquedas_negativas/15_9_15-9-multicelularidad-y-repertorio-preanimal.csv","data/tablas/12/table-54-12-10-1-repertorio-funcional-localizado.csv","13","criterio de presencia/ausencia","identidad=«homeodominios»; campo=«criterio de presencia/ausencia»; valor=«homología y arquitectura de dominio»","0","451","62fe8db317f35c6679f79343610a8ebd1e1069944c66769b477742860e2791bc","8a33be0a189a42fe8a6c4b14ae5e36aa8df9da89aa312c045c6fd99de3c3f355","8267892735fc5d85b66160ad3906efba1127c076482c4555e79be517f75d93e8","Comprobación por el autor de sum(all(component in text for component in componentes) for text in textos) con ExactCooccurrenceIndex.count; componentes de nominal_query y corpus de source_snapshot. Coinciden ambos; resultado literal, no ausencia científica ni adjudicación de revisión."
"BN-363","9130e9c10b57cdbeaa66440e4b018f254ea117eda06e586a700f23bf6273b26e","REINSPECCION","2026-09-27T01:28:25Z","/root (autor; no revisión independiente)","C-2505","data/busquedas_negativas/15_9_15-9-multicelularidad-y-repertorio-preanimal.csv","data/tablas/12/table-54-12-10-1-repertorio-funcional-localizado.csv","13","límite","identidad=«homeodominios»; campo=«límite»; valor=«función espacial no demostrada y distribuciones incompletas»","0","451","62fe8db317f35c6679f79343610a8ebd1e1069944c66769b477742860e2791bc","8a33be0a189a42fe8a6c4b14ae5e36aa8df9da89aa312c045c6fd99de3c3f355","8267892735fc5d85b66160ad3906efba1127c076482c4555e79be517f75d93e8","Comprobación por el autor de sum(all(component in text for component in componentes) for text in textos) con ExactCooccurrenceIndex.count; componentes de nominal_query y corpus de source_snapshot. Coinciden ambos; resultado literal, no ausencia científica ni adjudicación de revisión."
"BN-364","f691f1589d61a75336927ace6f283088b890187f279765298d7f0c49edadf7eb","REINSPECCION","2026-09-27T01:28:26Z","/root (autor; no revisión independiente)","C-2506","data/busquedas_negativas/15_8_15-8-nombres-y-nomenclatura.csv","data/tablas/14/table-56a-14-8-1-codigos-por-nodo.csv","2","ICZN","identidad=«Eukaryota»; campo=«ICZN»; valor=«no gobierna la circunscripción filogenética del nodo»","0","451","62fe8db317f35c6679f79343610a8ebd1e1069944c66769b477742860e2791bc","8a33be0a189a42fe8a6c4b14ae5e36aa8df9da89aa312c045c6fd99de3c3f355","8267892735fc5d85b66160ad3906efba1127c076482c4555e79be517f75d93e8","Comprobación por el autor de sum(all(component in text for component in componentes) for text in textos) con ExactCooccurrenceIndex.count; componentes de nominal_query y corpus de source_snapshot. Coinciden ambos; resultado literal, no ausencia científica ni adjudicación de revisión."
"BN-365","62bbc7ec2b8887d83565a6b885dcb7a3aca78c5a033f12d0ba55bba7b27a3c2f","REINSPECCION","2026-09-27T01:28:26Z","/root (autor; no revisión independiente)","C-2507","data/busquedas_negativas/15_8_15-8-nombres-y-nomenclatura.csv","data/tablas/14/table-56a-14-8-1-codigos-por-nodo.csv","2","ICNP","identidad=«Eukaryota»; campo=«ICNP»; valor=«no aplica: código procariótico»","0","451","62fe8db317f35c6679f79343610a8ebd1e1069944c66769b477742860e2791bc","8a33be0a189a42fe8a6c4b14ae5e36aa8df9da89aa312c045c6fd99de3c3f355","8267892735fc5d85b66160ad3906efba1127c076482c4555e79be517f75d93e8","Comprobación por el autor de sum(all(component in text for component in componentes) for text in textos) con ExactCooccurrenceIndex.count; componentes de nominal_query y corpus de source_snapshot. Coinciden ambos; resultado literal, no ausencia científica ni adjudicación de revisión."
"BN-366","7d81cf416acee379012679de7b1c5658cdab26129c59b81ba9b396e33dcf13d8","REINSPECCION","2026-09-27T01:28:27Z","/root (autor; no revisión independiente)","C-2508","data/busquedas_negativas/15_8_15-8-nombres-y-nomenclatura.csv","data/tablas/14/table-56a-14-8-1-codigos-por-nodo.csv","3","ICZN","identidad=«Amorphea»; campo=«ICZN»; valor=«no gobierna la circunscripción filogenética del nodo»","0","451","62fe8db317f35c6679f79343610a8ebd1e1069944c66769b477742860e2791bc","8a33be0a189a42fe8a6c4b14ae5e36aa8df9da89aa312c045c6fd99de3c3f355","8267892735fc5d85b66160ad3906efba1127c076482c4555e79be517f75d93e8","Comprobación por el autor de sum(all(component in text for component in componentes) for text in textos) con ExactCooccurrenceIndex.count; componentes de nominal_query y corpus de source_snapshot. Coinciden ambos; resultado literal, no ausencia científica ni adjudicación de revisión."
"BN-367","fdb78e684a2d590fc3e92f7300525467c09c2d99922db824f153073ba0a2a444","REINSPECCION","2026-09-27T01:28:28Z","/root (autor; no revisión independiente)","C-2509","data/busquedas_negativas/15_8_15-8-nombres-y-nomenclatura.csv","data/tablas/14/table-56a-14-8-1-codigos-por-nodo.csv","3","ICN","identidad=«Amorphea»; campo=«ICN»; valor=«no gobierna la circunscripción filogenética del nodo»","0","451","62fe8db317f35c6679f79343610a8ebd1e1069944c66769b477742860e2791bc","8a33be0a189a42fe8a6c4b14ae5e36aa8df9da89aa312c045c6fd99de3c3f355","8267892735fc5d85b66160ad3906efba1127c076482c4555e79be517f75d93e8","Comprobación por el autor de sum(all(component in text for component in componentes) for text in textos) con ExactCooccurrenceIndex.count; componentes de nominal_query y corpus de source_snapshot. Coinciden ambos; resultado literal, no ausencia científica ni adjudicación de revisión."
"BN-368","b6ec2732eb41485b8689bfc760120d6fa7145231d9d83f92a6ca4d888790c10e","REINSPECCION","2026-09-27T01:28:28Z","/root (autor; no revisión independiente)","C-2510","data/busquedas_negativas/15_8_15-8-nombres-y-nomenclatura.csv","data/tablas/14/table-56a-14-8-1-codigos-por-nodo.csv","3","ICNP","identidad=«Amorphea»; campo=«ICNP»; valor=«no aplica»","0","451","62fe8db317f35c6679f79343610a8ebd1e1069944c66769b477742860e2791bc","8a33be0a189a42fe8a6c4b14ae5e36aa8df9da89aa312c045c6fd99de3c3f355","8267892735fc5d85b66160ad3906efba1127c076482c4555e79be517f75d93e8","Comprobación por el autor de sum(all(component in text for component in componentes) for text in textos) con ExactCooccurrenceIndex.count; componentes de nominal_query y corpus de source_snapshot. Coinciden ambos; resultado literal, no ausencia científica ni adjudicación de revisión."
"BN-369","f3a4b31c6e5625e6ec169b9399f923911007e260194d4d2f5cdf691c8dd37f0e","REINSPECCION","2026-09-27T01:28:29Z","/root (autor; no revisión independiente)","C-2511","data/busquedas_negativas/15_8_15-8-nombres-y-nomenclatura.csv","data/tablas/14/table-56a-14-8-1-codigos-por-nodo.csv","4","ICZN","identidad=«Amoebozoa»; campo=«ICZN»; valor=«puede regir nombres zoológicos de rango incluidos, no la circunscripción del clado»","0","451","62fe8db317f35c6679f79343610a8ebd1e1069944c66769b477742860e2791bc","8a33be0a189a42fe8a6c4b14ae5e36aa8df9da89aa312c045c6fd99de3c3f355","8267892735fc5d85b66160ad3906efba1127c076482c4555e79be517f75d93e8","Comprobación por el autor de sum(all(component in text for component in componentes) for text in textos) con ExactCooccurrenceIndex.count; componentes de nominal_query y corpus de source_snapshot. Coinciden ambos; resultado literal, no ausencia científica ni adjudicación de revisión."
"BN-370","a1be9921041ec8580b44e6c3e0ce579cfc0f8b25aba7e6d4fc039af5f99f5576","REINSPECCION","2026-09-27T01:28:30Z","/root (autor; no revisión independiente)","C-2512","data/busquedas_negativas/15_8_15-8-nombres-y-nomenclatura.csv","data/tablas/14/table-56a-14-8-1-codigos-por-nodo.csv","4","ICN","identidad=«Amoebozoa»; campo=«ICN»; valor=«puede concurrir según historia del nombre, no fija el clado»","0","451","62fe8db317f35c6679f79343610a8ebd1e1069944c66769b477742860e2791bc","8a33be0a189a42fe8a6c4b14ae5e36aa8df9da89aa312c045c6fd99de3c3f355","8267892735fc5d85b66160ad3906efba1127c076482c4555e79be517f75d93e8","Comprobación por el autor de sum(all(component in text for component in componentes) for text in textos) con ExactCooccurrenceIndex.count; componentes de nominal_query y corpus de source_snapshot. Coinciden ambos; resultado literal, no ausencia científica ni adjudicación de revisión."
"BN-371","57c2a3a8de8dc506100746fe1ccf717476e3b9ab619a9df5118dde4bba811a1c","REINSPECCION","2026-09-27T01:28:30Z","/root (autor; no revisión independiente)","C-2513","data/busquedas_negativas/15_8_15-8-nombres-y-nomenclatura.csv","data/tablas/14/table-56a-14-8-1-codigos-por-nodo.csv","4","ICNP","identidad=«Amoebozoa»; campo=«ICNP»; valor=«no aplica»","0","451","62fe8db317f35c6679f79343610a8ebd1e1069944c66769b477742860e2791bc","8a33be0a189a42fe8a6c4b14ae5e36aa8df9da89aa312c045c6fd99de3c3f355","8267892735fc5d85b66160ad3906efba1127c076482c4555e79be517f75d93e8","Comprobación por el autor de sum(all(component in text for component in componentes) for text in textos) con ExactCooccurrenceIndex.count; componentes de nominal_query y corpus de source_snapshot. Coinciden ambos; resultado literal, no ausencia científica ni adjudicación de revisión."
"BN-372","80f6a42a81bb494851a3cc968db526dea11937805bbba3b41c6fe6e719f7f296","REINSPECCION","2026-09-27T01:28:31Z","/root (autor; no revisión independiente)","C-2515","data/busquedas_negativas/15_8_15-8-nombres-y-nomenclatura.csv","data/tablas/14/table-56a-14-8-1-codigos-por-nodo.csv","4","definición filogenética publicada o uso","identidad=«Amoebozoa»; campo=«definición filogenética publicada o uso»; valor=«uso de circunscripción del corpus; definición PhyloCode NO LOCALIZADA EN ESTA SESIÓN»","0","451","62fe8db317f35c6679f79343610a8ebd1e1069944c66769b477742860e2791bc","8a33be0a189a42fe8a6c4b14ae5e36aa8df9da89aa312c045c6fd99de3c3f355","8267892735fc5d85b66160ad3906efba1127c076482c4555e79be517f75d93e8","Comprobación por el autor de sum(all(component in text for component in componentes) for text in textos) con ExactCooccurrenceIndex.count; componentes de nominal_query y corpus de source_snapshot. Coinciden ambos; resultado literal, no ausencia científica ni adjudicación de revisión."
"BN-373","2eb88de34769fdbeb7299463117dfe3409dae623121a1e1afdfd47d2d2c4efb0","REINSPECCION","2026-09-27T01:28:32Z","/root (autor; no revisión independiente)","C-2516","data/busquedas_negativas/15_8_15-8-nombres-y-nomenclatura.csv","data/tablas/14/table-56a-14-8-1-codigos-por-nodo.csv","5","ICZN","identidad=«Obazoa»; campo=«ICZN»; valor=«no gobierna la circunscripción filogenética del nodo»","0","451","62fe8db317f35c6679f79343610a8ebd1e1069944c66769b477742860e2791bc","8a33be0a189a42fe8a6c4b14ae5e36aa8df9da89aa312c045c6fd99de3c3f355","8267892735fc5d85b66160ad3906efba1127c076482c4555e79be517f75d93e8","Comprobación por el autor de sum(all(component in text for component in componentes) for text in textos) con ExactCooccurrenceIndex.count; componentes de nominal_query y corpus de source_snapshot. Coinciden ambos; resultado literal, no ausencia científica ni adjudicación de revisión."
"BN-374","2833671df38544499c0d981b48c9ad90b49ff426e27569b710d0e1e0b777f166","REINSPECCION","2026-09-27T01:28:33Z","/root (autor; no revisión independiente)","C-2517","data/busquedas_negativas/15_8_15-8-nombres-y-nomenclatura.csv","data/tablas/14/table-56a-14-8-1-codigos-por-nodo.csv","5","ICN","identidad=«Obazoa»; campo=«ICN»; valor=«no gobierna la circunscripción filogenética del nodo»","0","451","62fe8db317f35c6679f79343610a8ebd1e1069944c66769b477742860e2791bc","8a33be0a189a42fe8a6c4b14ae5e36aa8df9da89aa312c045c6fd99de3c3f355","8267892735fc5d85b66160ad3906efba1127c076482c4555e79be517f75d93e8","Comprobación por el autor de sum(all(component in text for component in componentes) for text in textos) con ExactCooccurrenceIndex.count; componentes de nominal_query y corpus de source_snapshot. Coinciden ambos; resultado literal, no ausencia científica ni adjudicación de revisión."
"BN-375","85b573a57b853058ba00d31982144994cad86367fa4230a7a092cdb9103f99cb","REINSPECCION","2026-09-27T01:28:34Z","/root (autor; no revisión independiente)","C-2518","data/busquedas_negativas/15_8_15-8-nombres-y-nomenclatura.csv","data/tablas/14/table-56a-14-8-1-codigos-por-nodo.csv","5","ICNP","identidad=«Obazoa»; campo=«ICNP»; valor=«no aplica»","0","451","62fe8db317f35c6679f79343610a8ebd1e1069944c66769b477742860e2791bc","8a33be0a189a42fe8a6c4b14ae5e36aa8df9da89aa312c045c6fd99de3c3f355","8267892735fc5d85b66160ad3906efba1127c076482c4555e79be517f75d93e8","Comprobación por el autor de sum(all(component in text for component in componentes) for text in textos) con ExactCooccurrenceIndex.count; componentes de nominal_query y corpus de source_snapshot. Coinciden ambos; resultado literal, no ausencia científica ni adjudicación de revisión."
"BN-376","24e286b9b0a5f41fa36498035f397d00655d6e22ada08b22875a39aeafda46cf","REINSPECCION","2026-09-27T01:28:34Z","/root (autor; no revisión independiente)","C-2520","data/busquedas_negativas/15_8_15-8-nombres-y-nomenclatura.csv","data/tablas/14/table-56a-14-8-1-codigos-por-nodo.csv","5","definición filogenética publicada o uso","identidad=«Obazoa»; campo=«definición filogenética publicada o uso»; valor=«uso convencional/circunscripción filogenómica; no entrada formal localizada»","0","451","62fe8db317f35c6679f79343610a8ebd1e1069944c66769b477742860e2791bc","8a33be0a189a42fe8a6c4b14ae5e36aa8df9da89aa312c045c6fd99de3c3f355","8267892735fc5d85b66160ad3906efba1127c076482c4555e79be517f75d93e8","Comprobación por el autor de sum(all(component in text for component in componentes) for text in textos) con ExactCooccurrenceIndex.count; componentes de nominal_query y corpus de source_snapshot. Coinciden ambos; resultado literal, no ausencia científica ni adjudicación de revisión."
"BN-377","b4fb6a833975d3c022567c0e608c44d96ce8ccbf745ada6144ee1b59f073bd7e","REINSPECCION","2026-09-27T01:28:35Z","/root (autor; no revisión independiente)","C-2521","data/busquedas_negativas/15_8_15-8-nombres-y-nomenclatura.csv","data/tablas/14/table-56a-14-8-1-codigos-por-nodo.csv","6","ICNP","identidad=«Apusomonadida»; campo=«ICNP»; valor=«no aplica»","0","451","62fe8db317f35c6679f79343610a8ebd1e1069944c66769b477742860e2791bc","8a33be0a189a42fe8a6c4b14ae5e36aa8df9da89aa312c045c6fd99de3c3f355","8267892735fc5d85b66160ad3906efba1127c076482c4555e79be517f75d93e8","Comprobación por el autor de sum(all(component in text for component in componentes) for text in textos) con ExactCooccurrenceIndex.count; componentes de nominal_query y corpus de source_snapshot. Coinciden ambos; resultado literal, no ausencia científica ni adjudicación de revisión."
"BN-378","b99733f2149f3773169bf66d6e17a8d60b9e792fb80ee13f7079ee84ac8aeb4c","REINSPECCION","2026-09-27T01:28:36Z","/root (autor; no revisión independiente)","C-2523","data/busquedas_negativas/15_8_15-8-nombres-y-nomenclatura.csv","data/tablas/14/table-56a-14-8-1-codigos-por-nodo.csv","6","definición filogenética publicada o uso","identidad=«Apusomonadida»; campo=«definición filogenética publicada o uso»; valor=«uso convencional; definición PhyloCode NO LOCALIZADA EN ESTA SESIÓN»","0","451","62fe8db317f35c6679f79343610a8ebd1e1069944c66769b477742860e2791bc","8a33be0a189a42fe8a6c4b14ae5e36aa8df9da89aa312c045c6fd99de3c3f355","8267892735fc5d85b66160ad3906efba1127c076482c4555e79be517f75d93e8","Comprobación por el autor de sum(all(component in text for component in componentes) for text in textos) con ExactCooccurrenceIndex.count; componentes de nominal_query y corpus de source_snapshot. Coinciden ambos; resultado literal, no ausencia científica ni adjudicación de revisión."
"BN-379","6ceee46e0e1f9754ebea3e04cf6a22984f6102598a10a1eaf547c53c03f0e52a","REINSPECCION","2026-09-27T01:28:37Z","/root (autor; no revisión independiente)","C-2524","data/busquedas_negativas/15_8_15-8-nombres-y-nomenclatura.csv","data/tablas/14/table-56a-14-8-1-codigos-por-nodo.csv","7","ICNP","identidad=«Breviatea»; campo=«ICNP»; valor=«no aplica»","0","451","62fe8db317f35c6679f79343610a8ebd1e1069944c66769b477742860e2791bc","8a33be0a189a42fe8a6c4b14ae5e36aa8df9da89aa312c045c6fd99de3c3f355","8267892735fc5d85b66160ad3906efba1127c076482c4555e79be517f75d93e8","Comprobación por el autor de sum(all(component in text for component in componentes) for text in textos) con ExactCooccurrenceIndex.count; componentes de nominal_query y corpus de source_snapshot. Coinciden ambos; resultado literal, no ausencia científica ni adjudicación de revisión."
"BN-380","2fc33f3582737461046b48ca11d168d4a6648f3fa5771267429d4fbafac87715","REINSPECCION","2026-09-27T01:28:37Z","/root (autor; no revisión independiente)","C-2526","data/busquedas_negativas/15_8_15-8-nombres-y-nomenclatura.csv","data/tablas/14/table-56a-14-8-1-codigos-por-nodo.csv","7","definición filogenética publicada o uso","identidad=«Breviatea»; campo=«definición filogenética publicada o uso»; valor=«uso convencional; definición PhyloCode NO LOCALIZADA EN ESTA SESIÓN»","0","451","62fe8db317f35c6679f79343610a8ebd1e1069944c66769b477742860e2791bc","8a33be0a189a42fe8a6c4b14ae5e36aa8df9da89aa312c045c6fd99de3c3f355","8267892735fc5d85b66160ad3906efba1127c076482c4555e79be517f75d93e8","Comprobación por el autor de sum(all(component in text for component in componentes) for text in textos) con ExactCooccurrenceIndex.count; componentes de nominal_query y corpus de source_snapshot. Coinciden ambos; resultado literal, no ausencia científica ni adjudicación de revisión."
"BN-381","1cbbdaff826913e8a4d23567677c00a3b46cb3a32c44f711afe7a171a5e40f17","REINSPECCION","2026-09-27T01:28:38Z","/root (autor; no revisión independiente)","C-2527","data/busquedas_negativas/15_8_15-8-nombres-y-nomenclatura.csv","data/tablas/14/table-56a-14-8-1-codigos-por-nodo.csv","8","ICZN","identidad=«Opisthokonta»; campo=«ICZN»; valor=«no gobierna la circunscripción filogenética del nodo»","0","451","62fe8db317f35c6679f79343610a8ebd1e1069944c66769b477742860e2791bc","8a33be0a189a42fe8a6c4b14ae5e36aa8df9da89aa312c045c6fd99de3c3f355","8267892735fc5d85b66160ad3906efba1127c076482c4555e79be517f75d93e8","Comprobación por el autor de sum(all(component in text for component in componentes) for text in textos) con ExactCooccurrenceIndex.count; componentes de nominal_query y corpus de source_snapshot. Coinciden ambos; resultado literal, no ausencia científica ni adjudicación de revisión."
"BN-382","d3a2cf53a96a0a4d8d5f44dd80461701af6c497e84f7e766801812c5a65bd149","REINSPECCION","2026-09-27T01:28:39Z","/root (autor; no revisión independiente)","C-2528","data/busquedas_negativas/15_8_15-8-nombres-y-nomenclatura.csv","data/tablas/14/table-56a-14-8-1-codigos-por-nodo.csv","8","ICN","identidad=«Opisthokonta»; campo=«ICN»; valor=«ICN e ICZN pueden regir nombres incluidos, no fijan el clado»","0","451","62fe8db317f35c6679f79343610a8ebd1e1069944c66769b477742860e2791bc","8a33be0a189a42fe8a6c4b14ae5e36aa8df9da89aa312c045c6fd99de3c3f355","8267892735fc5d85b66160ad3906efba1127c076482c4555e79be517f75d93e8","Comprobación por el autor de sum(all(component in text for component in componentes) for text in textos) con ExactCooccurrenceIndex.count; componentes de nominal_query y corpus de source_snapshot. Coinciden ambos; resultado literal, no ausencia científica ni adjudicación de revisión."
"BN-383","2cf1e143b8e8a6c2150181586652d7331fbcb1bb15de8a4ad75cec12f89b1845","REINSPECCION","2026-09-27T01:28:40Z","/root (autor; no revisión independiente)","C-2529","data/busquedas_negativas/15_8_15-8-nombres-y-nomenclatura.csv","data/tablas/14/table-56a-14-8-1-codigos-por-nodo.csv","8","ICNP","identidad=«Opisthokonta»; campo=«ICNP»; valor=«no aplica»","0","451","62fe8db317f35c6679f79343610a8ebd1e1069944c66769b477742860e2791bc","8a33be0a189a42fe8a6c4b14ae5e36aa8df9da89aa312c045c6fd99de3c3f355","8267892735fc5d85b66160ad3906efba1127c076482c4555e79be517f75d93e8","Comprobación por el autor de sum(all(component in text for component in componentes) for text in textos) con ExactCooccurrenceIndex.count; componentes de nominal_query y corpus de source_snapshot. Coinciden ambos; resultado literal, no ausencia científica ni adjudicación de revisión."
"BN-384","1e30cd073aab17dd3f224feeb71690914fba97fe1e526953c32c1421bef64e7c","REINSPECCION","2026-09-27T01:28:41Z","/root (autor; no revisión independiente)","C-2530","data/busquedas_negativas/15_8_15-8-nombres-y-nomenclatura.csv","data/tablas/14/table-56a-14-8-1-codigos-por-nodo.csv","9","ICZN","identidad=«Holomycota»; campo=«ICZN»; valor=«no gobierna la circunscripción filogenética del nodo»","0","451","62fe8db317f35c6679f79343610a8ebd1e1069944c66769b477742860e2791bc","8a33be0a189a42fe8a6c4b14ae5e36aa8df9da89aa312c045c6fd99de3c3f355","8267892735fc5d85b66160ad3906efba1127c076482c4555e79be517f75d93e8","Comprobación por el autor de sum(all(component in text for component in componentes) for text in textos) con ExactCooccurrenceIndex.count; componentes de nominal_query y corpus de source_snapshot. Coinciden ambos; resultado literal, no ausencia científica ni adjudicación de revisión."
"BN-385","91b9e0580b202ce07529f253a9402b2aad139e916ba194c03428dc2e774e4569","REINSPECCION","2026-09-27T01:28:42Z","/root (autor; no revisión independiente)","C-2531","data/busquedas_negativas/15_8_15-8-nombres-y-nomenclatura.csv","data/tablas/14/table-56a-14-8-1-codigos-por-nodo.csv","9","ICNP","identidad=«Holomycota»; campo=«ICNP»; valor=«no aplica»","0","451","62fe8db317f35c6679f79343610a8ebd1e1069944c66769b477742860e2791bc","8a33be0a189a42fe8a6c4b14ae5e36aa8df9da89aa312c045c6fd99de3c3f355","8267892735fc5d85b66160ad3906efba1127c076482c4555e79be517f75d93e8","Comprobación por el autor de sum(all(component in text for component in componentes) for text in textos) con ExactCooccurrenceIndex.count; componentes de nominal_query y corpus de source_snapshot. Coinciden ambos; resultado literal, no ausencia científica ni adjudicación de revisión."
"BN-386","e4012aec3246f4efa259a8be7b3f49d8f8bb3fd48f008c7c91115c7f3acbfa6b","REINSPECCION","2026-09-27T01:28:42Z","/root (autor; no revisión independiente)","C-2533","data/busquedas_negativas/15_8_15-8-nombres-y-nomenclatura.csv","data/tablas/14/table-56a-14-8-1-codigos-por-nodo.csv","9","definición filogenética publicada o uso","identidad=«Holomycota»; campo=«definición filogenética publicada o uso»; valor=«uso convencional; definición PhyloCode NO LOCALIZADA EN ESTA SESIÓN»","0","451","62fe8db317f35c6679f79343610a8ebd1e1069944c66769b477742860e2791bc","8a33be0a189a42fe8a6c4b14ae5e36aa8df9da89aa312c045c6fd99de3c3f355","8267892735fc5d85b66160ad3906efba1127c076482c4555e79be517f75d93e8","Comprobación por el autor de sum(all(component in text for component in componentes) for text in textos) con ExactCooccurrenceIndex.count; componentes de nominal_query y corpus de source_snapshot. Coinciden ambos; resultado literal, no ausencia científica ni adjudicación de revisión."
"BN-387","d6cf5d114ae4299c37ad20949aa4bc989de0f577389200b2f475c4b99e7bfc58","REINSPECCION","2026-09-27T01:28:44Z","/root (autor; no revisión independiente)","C-2534","data/busquedas_negativas/15_8_15-8-nombres-y-nomenclatura.csv","data/tablas/14/table-56a-14-8-1-codigos-por-nodo.csv","10","ICZN","identidad=«Holozoa»; campo=«ICZN»; valor=«ICZN puede regir nombres zoológicos incluidos, no fija el clado»","0","451","62fe8db317f35c6679f79343610a8ebd1e1069944c66769b477742860e2791bc","8a33be0a189a42fe8a6c4b14ae5e36aa8df9da89aa312c045c6fd99de3c3f355","8267892735fc5d85b66160ad3906efba1127c076482c4555e79be517f75d93e8","Comprobación por el autor de sum(all(component in text for component in componentes) for text in textos) con ExactCooccurrenceIndex.count; componentes de nominal_query y corpus de source_snapshot. Coinciden ambos; resultado literal, no ausencia científica ni adjudicación de revisión."
"BN-388","a64a628f5014d4046793b36a95aa77367c8d281734bbb28c455bca683091081e","REINSPECCION","2026-09-27T01:28:44Z","/root (autor; no revisión independiente)","C-2535","data/busquedas_negativas/15_8_15-8-nombres-y-nomenclatura.csv","data/tablas/14/table-56a-14-8-1-codigos-por-nodo.csv","10","ICNP","identidad=«Holozoa»; campo=«ICNP»; valor=«no aplica»","0","451","62fe8db317f35c6679f79343610a8ebd1e1069944c66769b477742860e2791bc","8a33be0a189a42fe8a6c4b14ae5e36aa8df9da89aa312c045c6fd99de3c3f355","8267892735fc5d85b66160ad3906efba1127c076482c4555e79be517f75d93e8","Comprobación por el autor de sum(all(component in text for component in componentes) for text in textos) con ExactCooccurrenceIndex.count; componentes de nominal_query y corpus de source_snapshot. Coinciden ambos; resultado literal, no ausencia científica ni adjudicación de revisión."
"BN-389","23477da93f84820783aa5b53fb9b009f8e7b414021a9d6d44cfa70701d720189","REINSPECCION","2026-09-27T01:28:45Z","/root (autor; no revisión independiente)","C-2537","data/busquedas_negativas/15_8_15-8-nombres-y-nomenclatura.csv","data/tablas/14/table-56a-14-8-1-codigos-por-nodo.csv","10","definición filogenética publicada o uso","identidad=«Holozoa»; campo=«definición filogenética publicada o uso»; valor=«uso convencional/filogenómico; no entrada formal localizada»","0","451","62fe8db317f35c6679f79343610a8ebd1e1069944c66769b477742860e2791bc","8a33be0a189a42fe8a6c4b14ae5e36aa8df9da89aa312c045c6fd99de3c3f355","8267892735fc5d85b66160ad3906efba1127c076482c4555e79be517f75d93e8","Comprobación por el autor de sum(all(component in text for component in componentes) for text in textos) con ExactCooccurrenceIndex.count; componentes de nominal_query y corpus de source_snapshot. Coinciden ambos; resultado literal, no ausencia científica ni adjudicación de revisión."
"BN-390","618e831f77038b805fb855b827fe324eca038d8a5eaf83860cb76ca091cf2526","REINSPECCION","2026-09-27T01:28:46Z","/root (autor; no revisión independiente)","C-2538","data/busquedas_negativas/15_8_15-8-nombres-y-nomenclatura.csv","data/tablas/14/table-56a-14-8-1-codigos-por-nodo.csv","11","ICNP","identidad=«Ichthyosporea»; campo=«ICNP»; valor=«no aplica»","0","451","62fe8db317f35c6679f79343610a8ebd1e1069944c66769b477742860e2791bc","8a33be0a189a42fe8a6c4b14ae5e36aa8df9da89aa312c045c6fd99de3c3f355","8267892735fc5d85b66160ad3906efba1127c076482c4555e79be517f75d93e8","Comprobación por el autor de sum(all(component in text for component in componentes) for text in textos) con ExactCooccurrenceIndex.count; componentes de nominal_query y corpus de source_snapshot. Coinciden ambos; resultado literal, no ausencia científica ni adjudicación de revisión."
"BN-391","9222a3250625230395c837aee5aef8eb7e6ba22e5327b0ea2262fe4f5c3af0aa","REINSPECCION","2026-09-27T01:28:46Z","/root (autor; no revisión independiente)","C-2540","data/busquedas_negativas/15_8_15-8-nombres-y-nomenclatura.csv","data/tablas/14/table-56a-14-8-1-codigos-por-nodo.csv","11","definición filogenética publicada o uso","identidad=«Ichthyosporea»; campo=«definición filogenética publicada o uso»; valor=«uso convencional; definición PhyloCode NO LOCALIZADA EN ESTA SESIÓN»","0","451","62fe8db317f35c6679f79343610a8ebd1e1069944c66769b477742860e2791bc","8a33be0a189a42fe8a6c4b14ae5e36aa8df9da89aa312c045c6fd99de3c3f355","8267892735fc5d85b66160ad3906efba1127c076482c4555e79be517f75d93e8","Comprobación por el autor de sum(all(component in text for component in componentes) for text in textos) con ExactCooccurrenceIndex.count; componentes de nominal_query y corpus de source_snapshot. Coinciden ambos; resultado literal, no ausencia científica ni adjudicación de revisión."
"BN-392","bb1b5861ad5f3061644e303f75639c2ad629bb95bc32c059c719e66bcc22682a","REINSPECCION","2026-09-27T01:28:47Z","/root (autor; no revisión independiente)","C-2541","data/busquedas_negativas/15_8_15-8-nombres-y-nomenclatura.csv","data/tablas/14/table-56a-14-8-1-codigos-por-nodo.csv","12","ICZN","identidad=«Pluriformea»; campo=«ICZN»; valor=«régimen de nombres de rango depende del nombre concreto»","0","451","62fe8db317f35c6679f79343610a8ebd1e1069944c66769b477742860e2791bc","8a33be0a189a42fe8a6c4b14ae5e36aa8df9da89aa312c045c6fd99de3c3f355","8267892735fc5d85b66160ad3906efba1127c076482c4555e79be517f75d93e8","Comprobación por el autor de sum(all(component in text for component in componentes) for text in textos) con ExactCooccurrenceIndex.count; componentes de nominal_query y corpus de source_snapshot. Coinciden ambos; resultado literal, no ausencia científica ni adjudicación de revisión."
"BN-393","dd86a9094ac9f9712e0ef6f973784ffdeb738863262da10e76cf45f69251cadc","REINSPECCION","2026-09-27T01:28:48Z","/root (autor; no revisión independiente)","C-2542","data/busquedas_negativas/15_8_15-8-nombres-y-nomenclatura.csv","data/tablas/14/table-56a-14-8-1-codigos-por-nodo.csv","12","ICN","identidad=«Pluriformea»; campo=«ICN»; valor=«régimen de nombres de rango depende del nombre concreto»","0","451","62fe8db317f35c6679f79343610a8ebd1e1069944c66769b477742860e2791bc","8a33be0a189a42fe8a6c4b14ae5e36aa8df9da89aa312c045c6fd99de3c3f355","8267892735fc5d85b66160ad3906efba1127c076482c4555e79be517f75d93e8","Comprobación por el autor de sum(all(component in text for component in componentes) for text in textos) con ExactCooccurrenceIndex.count; componentes de nominal_query y corpus de source_snapshot. Coinciden ambos; resultado literal, no ausencia científica ni adjudicación de revisión."
"BN-394","27525c76e8b9b8f0d6a9869d8d16d7d4465a612e70da742b5c907c1a6cd48ded","REINSPECCION","2026-09-27T01:28:48Z","/root (autor; no revisión independiente)","C-2543","data/busquedas_negativas/15_8_15-8-nombres-y-nomenclatura.csv","data/tablas/14/table-56a-14-8-1-codigos-por-nodo.csv","12","ICNP","identidad=«Pluriformea»; campo=«ICNP»; valor=«no aplica»","0","451","62fe8db317f35c6679f79343610a8ebd1e1069944c66769b477742860e2791bc","8a33be0a189a42fe8a6c4b14ae5e36aa8df9da89aa312c045c6fd99de3c3f355","8267892735fc5d85b66160ad3906efba1127c076482c4555e79be517f75d93e8","Comprobación por el autor de sum(all(component in text for component in componentes) for text in textos) con ExactCooccurrenceIndex.count; componentes de nominal_query y corpus de source_snapshot. Coinciden ambos; resultado literal, no ausencia científica ni adjudicación de revisión."
"BN-395","004ee2f0fd71cb62bc8507d9588a115ccc12fa0c576a09b87f0516e83859f37a","REINSPECCION","2026-09-27T01:28:48Z","/root (autor; no revisión independiente)","C-2545","data/busquedas_negativas/15_8_15-8-nombres-y-nomenclatura.csv","data/tablas/14/table-56a-14-8-1-codigos-por-nodo.csv","12","definición filogenética publicada o uso","identidad=«Pluriformea»; campo=«definición filogenética publicada o uso»; valor=«uso de Hehenberger et al.; no entrada formal localizada»","0","451","62fe8db317f35c6679f79343610a8ebd1e1069944c66769b477742860e2791bc","8a33be0a189a42fe8a6c4b14ae5e36aa8df9da89aa312c045c6fd99de3c3f355","8267892735fc5d85b66160ad3906efba1127c076482c4555e79be517f75d93e8","Comprobación por el autor de sum(all(component in text for component in componentes) for text in textos) con ExactCooccurrenceIndex.count; componentes de nominal_query y corpus de source_snapshot. Coinciden ambos; resultado literal, no ausencia científica ni adjudicación de revisión."
"BN-396","33e000bcad2d2a819a869c52773a508eecba7ab349f6af6905b2a3bae6c4e966","REINSPECCION","2026-09-27T01:28:49Z","/root (autor; no revisión independiente)","C-2546","data/busquedas_negativas/15_8_15-8-nombres-y-nomenclatura.csv","data/tablas/14/table-56a-14-8-1-codigos-por-nodo.csv","13","ICZN","identidad=«Corallochytrea»; campo=«ICZN»; valor=«régimen de nombres de rango depende del nombre concreto»","0","451","62fe8db317f35c6679f79343610a8ebd1e1069944c66769b477742860e2791bc","8a33be0a189a42fe8a6c4b14ae5e36aa8df9da89aa312c045c6fd99de3c3f355","8267892735fc5d85b66160ad3906efba1127c076482c4555e79be517f75d93e8","Comprobación por el autor de sum(all(component in text for component in componentes) for text in textos) con ExactCooccurrenceIndex.count; componentes de nominal_query y corpus de source_snapshot. Coinciden ambos; resultado literal, no ausencia científica ni adjudicación de revisión."
"BN-397","4f6413ee9a8afd4b67ede0c8470292ebfc168a0ffc76bb49b6097742503125dd","REINSPECCION","2026-09-27T01:28:49Z","/root (autor; no revisión independiente)","C-2547","data/busquedas_negativas/15_8_15-8-nombres-y-nomenclatura.csv","data/tablas/14/table-56a-14-8-1-codigos-por-nodo.csv","13","ICN","identidad=«Corallochytrea»; campo=«ICN»; valor=«régimen de nombres de rango depende del nombre concreto»","0","451","62fe8db317f35c6679f79343610a8ebd1e1069944c66769b477742860e2791bc","8a33be0a189a42fe8a6c4b14ae5e36aa8df9da89aa312c045c6fd99de3c3f355","8267892735fc5d85b66160ad3906efba1127c076482c4555e79be517f75d93e8","Comprobación por el autor de sum(all(component in text for component in componentes) for text in textos) con ExactCooccurrenceIndex.count; componentes de nominal_query y corpus de source_snapshot. Coinciden ambos; resultado literal, no ausencia científica ni adjudicación de revisión."
"BN-398","b01b83a636dcec373b03af5cbb90798d29768b9c0f87b32b02d67b82858b82e1","REINSPECCION","2026-09-27T01:28:50Z","/root (autor; no revisión independiente)","C-2548","data/busquedas_negativas/15_8_15-8-nombres-y-nomenclatura.csv","data/tablas/14/table-56a-14-8-1-codigos-por-nodo.csv","13","ICNP","identidad=«Corallochytrea»; campo=«ICNP»; valor=«no aplica»","0","451","62fe8db317f35c6679f79343610a8ebd1e1069944c66769b477742860e2791bc","8a33be0a189a42fe8a6c4b14ae5e36aa8df9da89aa312c045c6fd99de3c3f355","8267892735fc5d85b66160ad3906efba1127c076482c4555e79be517f75d93e8","Comprobación por el autor de sum(all(component in text for component in componentes) for text in textos) con ExactCooccurrenceIndex.count; componentes de nominal_query y corpus de source_snapshot. Coinciden ambos; resultado literal, no ausencia científica ni adjudicación de revisión."
"BN-399","f5cbcc0622f7c61186142c2eeb382787e9e753202aba3141fac296bc35f14a9f","REINSPECCION","2026-09-27T01:28:50Z","/root (autor; no revisión independiente)","C-2550","data/busquedas_negativas/15_8_15-8-nombres-y-nomenclatura.csv","data/tablas/14/table-56a-14-8-1-codigos-por-nodo.csv","13","definición filogenética publicada o uso","identidad=«Corallochytrea»; campo=«definición filogenética publicada o uso»; valor=«uso convencional; no entrada formal localizada»","0","451","62fe8db317f35c6679f79343610a8ebd1e1069944c66769b477742860e2791bc","8a33be0a189a42fe8a6c4b14ae5e36aa8df9da89aa312c045c6fd99de3c3f355","8267892735fc5d85b66160ad3906efba1127c076482c4555e79be517f75d93e8","Comprobación por el autor de sum(all(component in text for component in componentes) for text in textos) con ExactCooccurrenceIndex.count; componentes de nominal_query y corpus de source_snapshot. Coinciden ambos; resultado literal, no ausencia científica ni adjudicación de revisión."
"BN-400","93bc9ee31fc4a8937c39640a752169ebf86864948c3e176923ed8dd8143bd4a9","REINSPECCION","2026-09-27T01:28:51Z","/root (autor; no revisión independiente)","C-2551","data/busquedas_negativas/15_8_15-8-nombres-y-nomenclatura.csv","data/tablas/14/table-56a-14-8-1-codigos-por-nodo.csv","14","ICNP","identidad=«Filasterea»; campo=«ICNP»; valor=«no aplica»","0","451","62fe8db317f35c6679f79343610a8ebd1e1069944c66769b477742860e2791bc","8a33be0a189a42fe8a6c4b14ae5e36aa8df9da89aa312c045c6fd99de3c3f355","8267892735fc5d85b66160ad3906efba1127c076482c4555e79be517f75d93e8","Comprobación por el autor de sum(all(component in text for component in componentes) for text in textos) con ExactCooccurrenceIndex.count; componentes de nominal_query y corpus de source_snapshot. Coinciden ambos; resultado literal, no ausencia científica ni adjudicación de revisión."
"BN-401","bfb3dc538664649431a57f6b88454b59221a66b9489637be360eaeed0beca1af","REINSPECCION","2026-09-27T01:28:52Z","/root (autor; no revisión independiente)","C-2553","data/busquedas_negativas/15_8_15-8-nombres-y-nomenclatura.csv","data/tablas/14/table-56a-14-8-1-codigos-por-nodo.csv","14","definición filogenética publicada o uso","identidad=«Filasterea»; campo=«definición filogenética publicada o uso»; valor=«uso convencional; definición PhyloCode NO LOCALIZADA EN ESTA SESIÓN»","0","451","62fe8db317f35c6679f79343610a8ebd1e1069944c66769b477742860e2791bc","8a33be0a189a42fe8a6c4b14ae5e36aa8df9da89aa312c045c6fd99de3c3f355","8267892735fc5d85b66160ad3906efba1127c076482c4555e79be517f75d93e8","Comprobación por el autor de sum(all(component in text for component in componentes) for text in textos) con ExactCooccurrenceIndex.count; componentes de nominal_query y corpus de source_snapshot. Coinciden ambos; resultado literal, no ausencia científica ni adjudicación de revisión."
"BN-402","527eb5faf6fcbe7e86026880e1e3cb921512776635df07459f4b9fd2ac7b4d04","REINSPECCION","2026-09-27T01:28:54Z","/root (autor; no revisión independiente)","C-2554","data/busquedas_negativas/15_8_15-8-nombres-y-nomenclatura.csv","data/tablas/14/table-56a-14-8-1-codigos-por-nodo.csv","15","ICZN","identidad=«Filozoa»; campo=«ICZN»; valor=«ICZN puede regir nombres zoológicos incluidos, no fija el clado»","0","451","62fe8db317f35c6679f79343610a8ebd1e1069944c66769b477742860e2791bc","8a33be0a189a42fe8a6c4b14ae5e36aa8df9da89aa312c045c6fd99de3c3f355","8267892735fc5d85b66160ad3906efba1127c076482c4555e79be517f75d93e8","Comprobación por el autor de sum(all(component in text for component in componentes) for text in textos) con ExactCooccurrenceIndex.count; componentes de nominal_query y corpus de source_snapshot. Coinciden ambos; resultado literal, no ausencia científica ni adjudicación de revisión."
"BN-403","27378766d3451e31e2fd5102f65cf8f6cc599ab5381c0ae74d3d4b398e389992","REINSPECCION","2026-09-27T01:28:55Z","/root (autor; no revisión independiente)","C-2555","data/busquedas_negativas/15_8_15-8-nombres-y-nomenclatura.csv","data/tablas/14/table-56a-14-8-1-codigos-por-nodo.csv","15","ICNP","identidad=«Filozoa»; campo=«ICNP»; valor=«no aplica»","0","451","62fe8db317f35c6679f79343610a8ebd1e1069944c66769b477742860e2791bc","8a33be0a189a42fe8a6c4b14ae5e36aa8df9da89aa312c045c6fd99de3c3f355","8267892735fc5d85b66160ad3906efba1127c076482c4555e79be517f75d93e8","Comprobación por el autor de sum(all(component in text for component in componentes) for text in textos) con ExactCooccurrenceIndex.count; componentes de nominal_query y corpus de source_snapshot. Coinciden ambos; resultado literal, no ausencia científica ni adjudicación de revisión."
"BN-404","b1ded39955d6d6b6eeac126771d142c1104eb9f8fe58aa542a05186dc9aefcac","REINSPECCION","2026-09-27T01:28:56Z","/root (autor; no revisión independiente)","C-2557","data/busquedas_negativas/15_8_15-8-nombres-y-nomenclatura.csv","data/tablas/14/table-56a-14-8-1-codigos-por-nodo.csv","15","definición filogenética publicada o uso","identidad=«Filozoa»; campo=«definición filogenética publicada o uso»; valor=«uso convencional/filogenómico; no entrada formal localizada»","0","451","62fe8db317f35c6679f79343610a8ebd1e1069944c66769b477742860e2791bc","8a33be0a189a42fe8a6c4b14ae5e36aa8df9da89aa312c045c6fd99de3c3f355","8267892735fc5d85b66160ad3906efba1127c076482c4555e79be517f75d93e8","Comprobación por el autor de sum(all(component in text for component in componentes) for text in textos) con ExactCooccurrenceIndex.count; componentes de nominal_query y corpus de source_snapshot. Coinciden ambos; resultado literal, no ausencia científica ni adjudicación de revisión."
"BN-405","74871b7a2c131d35cb9e9420b6fe6d3ff54f60e14aa04f4ac7d514cf58aa961a","REINSPECCION","2026-09-27T01:28:57Z","/root (autor; no revisión independiente)","C-2558","data/busquedas_negativas/15_8_15-8-nombres-y-nomenclatura.csv","data/tablas/14/table-56a-14-8-1-codigos-por-nodo.csv","16","ICZN","identidad=«Choanozoa sensu stricto»; campo=«ICZN»; valor=«ICZN puede regir nombres zoológicos incluidos, no fija el clado»","0","451","62fe8db317f35c6679f79343610a8ebd1e1069944c66769b477742860e2791bc","8a33be0a189a42fe8a6c4b14ae5e36aa8df9da89aa312c045c6fd99de3c3f355","8267892735fc5d85b66160ad3906efba1127c076482c4555e79be517f75d93e8","Comprobación por el autor de sum(all(component in text for component in componentes) for text in textos) con ExactCooccurrenceIndex.count; componentes de nominal_query y corpus de source_snapshot. Coinciden ambos; resultado literal, no ausencia científica ni adjudicación de revisión."
"BN-406","a4b617fa2b7f470e1acf7885be73566cd73ee64979ae58e3d11be225a4584743","REINSPECCION","2026-09-27T01:28:57Z","/root (autor; no revisión independiente)","C-2559","data/busquedas_negativas/15_8_15-8-nombres-y-nomenclatura.csv","data/tablas/14/table-56a-14-8-1-codigos-por-nodo.csv","16","ICNP","identidad=«Choanozoa sensu stricto»; campo=«ICNP»; valor=«no aplica»","0","451","62fe8db317f35c6679f79343610a8ebd1e1069944c66769b477742860e2791bc","8a33be0a189a42fe8a6c4b14ae5e36aa8df9da89aa312c045c6fd99de3c3f355","8267892735fc5d85b66160ad3906efba1127c076482c4555e79be517f75d93e8","Comprobación por el autor de sum(all(component in text for component in componentes) for text in textos) con ExactCooccurrenceIndex.count; componentes de nominal_query y corpus de source_snapshot. Coinciden ambos; resultado literal, no ausencia científica ni adjudicación de revisión."
"BN-407","de1587064dabcd8229427e72ae68cd68e2d21f94ce09dff848482680fd9dbb61","REINSPECCION","2026-09-27T01:28:58Z","/root (autor; no revisión independiente)","C-2561","data/busquedas_negativas/15_8_15-8-nombres-y-nomenclatura.csv","data/tablas/14/table-56a-14-8-1-codigos-por-nodo.csv","16","definición filogenética publicada o uso","identidad=«Choanozoa sensu stricto»; campo=«definición filogenética publicada o uso»; valor=«uso convencional con equivalencia dependiente de definición»","0","451","62fe8db317f35c6679f79343610a8ebd1e1069944c66769b477742860e2791bc","8a33be0a189a42fe8a6c4b14ae5e36aa8df9da89aa312c045c6fd99de3c3f355","8267892735fc5d85b66160ad3906efba1127c076482c4555e79be517f75d93e8","Comprobación por el autor de sum(all(component in text for component in componentes) for text in textos) con ExactCooccurrenceIndex.count; componentes de nominal_query y corpus de source_snapshot. Coinciden ambos; resultado literal, no ausencia científica ni adjudicación de revisión."
"BN-408","0ae13226fcba591e21ef84f0d811d237126c3d670f280dc1328e8673eb0cac42","REINSPECCION","2026-09-27T01:28:59Z","/root (autor; no revisión independiente)","C-2562","data/busquedas_negativas/15_8_15-8-nombres-y-nomenclatura.csv","data/tablas/14/table-56a-14-8-1-codigos-por-nodo.csv","17","ICZN","identidad=«Choanoflagellata»; campo=«ICZN»; valor=«ICZN puede regir nombres de rango zoológicos según tratamiento concreto»","0","451","62fe8db317f35c6679f79343610a8ebd1e1069944c66769b477742860e2791bc","8a33be0a189a42fe8a6c4b14ae5e36aa8df9da89aa312c045c6fd99de3c3f355","8267892735fc5d85b66160ad3906efba1127c076482c4555e79be517f75d93e8","Comprobación por el autor de sum(all(component in text for component in componentes) for text in textos) con ExactCooccurrenceIndex.count; componentes de nominal_query y corpus de source_snapshot. Coinciden ambos; resultado literal, no ausencia científica ni adjudicación de revisión."
"BN-409","abd4a9aee3e8d279530b1daac9437a7c8ac4a937a1b7d90238afa656bc8712f5","REINSPECCION","2026-09-27T01:28:59Z","/root (autor; no revisión independiente)","C-2563","data/busquedas_negativas/15_8_15-8-nombres-y-nomenclatura.csv","data/tablas/14/table-56a-14-8-1-codigos-por-nodo.csv","17","ICN","identidad=«Choanoflagellata»; campo=«ICN»; valor=«ICN puede concurrir por historia del nombre»","0","451","62fe8db317f35c6679f79343610a8ebd1e1069944c66769b477742860e2791bc","8a33be0a189a42fe8a6c4b14ae5e36aa8df9da89aa312c045c6fd99de3c3f355","8267892735fc5d85b66160ad3906efba1127c076482c4555e79be517f75d93e8","Comprobación por el autor de sum(all(component in text for component in componentes) for text in textos) con ExactCooccurrenceIndex.count; componentes de nominal_query y corpus de source_snapshot. Coinciden ambos; resultado literal, no ausencia científica ni adjudicación de revisión."
"BN-410","9e0c10b669bd50b7964ff280beaa20886c858cfc7b01baa709b07276d28ef10e","REINSPECCION","2026-09-27T01:28:59Z","/root (autor; no revisión independiente)","C-2564","data/busquedas_negativas/15_8_15-8-nombres-y-nomenclatura.csv","data/tablas/14/table-56a-14-8-1-codigos-por-nodo.csv","17","ICNP","identidad=«Choanoflagellata»; campo=«ICNP»; valor=«no aplica»","0","451","62fe8db317f35c6679f79343610a8ebd1e1069944c66769b477742860e2791bc","8a33be0a189a42fe8a6c4b14ae5e36aa8df9da89aa312c045c6fd99de3c3f355","8267892735fc5d85b66160ad3906efba1127c076482c4555e79be517f75d93e8","Comprobación por el autor de sum(all(component in text for component in componentes) for text in textos) con ExactCooccurrenceIndex.count; componentes de nominal_query y corpus de source_snapshot. Coinciden ambos; resultado literal, no ausencia científica ni adjudicación de revisión."
"BN-411","3790af1887f09d36edf4815de40b0f05784526c7ce8d1fa538fa7349cfb76df5","REINSPECCION","2026-09-27T01:29:00Z","/root (autor; no revisión independiente)","C-2566","data/busquedas_negativas/15_8_15-8-nombres-y-nomenclatura.csv","data/tablas/14/table-56a-14-8-1-codigos-por-nodo.csv","17","definición filogenética publicada o uso","identidad=«Choanoflagellata»; campo=«definición filogenética publicada o uso»; valor=«uso convencional; régimen ambiregnal depende del nombre»","0","451","62fe8db317f35c6679f79343610a8ebd1e1069944c66769b477742860e2791bc","8a33be0a189a42fe8a6c4b14ae5e36aa8df9da89aa312c045c6fd99de3c3f355","8267892735fc5d85b66160ad3906efba1127c076482c4555e79be517f75d93e8","Comprobación por el autor de sum(all(component in text for component in componentes) for text in textos) con ExactCooccurrenceIndex.count; componentes de nominal_query y corpus de source_snapshot. Coinciden ambos; resultado literal, no ausencia científica ni adjudicación de revisión."
"BN-412","90cf124d627b7710fd6b6b4adf5bee63441ffd0d996c4333237ba8a640175915","REINSPECCION","2026-09-27T01:29:01Z","/root (autor; no revisión independiente)","C-2567","data/busquedas_negativas/15_8_15-8-nombres-y-nomenclatura.csv","data/tablas/14/table-56a-14-8-1-codigos-por-nodo.csv","18","ICN","identidad=«Metazoa»; campo=«ICN»; valor=«no aplica a la nomenclatura zoológica del grupo»","0","451","62fe8db317f35c6679f79343610a8ebd1e1069944c66769b477742860e2791bc","8a33be0a189a42fe8a6c4b14ae5e36aa8df9da89aa312c045c6fd99de3c3f355","8267892735fc5d85b66160ad3906efba1127c076482c4555e79be517f75d93e8","Comprobación por el autor de sum(all(component in text for component in componentes) for text in textos) con ExactCooccurrenceIndex.count; componentes de nominal_query y corpus de source_snapshot. Coinciden ambos; resultado literal, no ausencia científica ni adjudicación de revisión."
"BN-413","41a1060f6ae624d70ddcd7e8bf35ed2ff5815086b0f4ed4efd070f1c449e5482","REINSPECCION","2026-09-27T01:29:02Z","/root (autor; no revisión independiente)","C-2568","data/busquedas_negativas/15_8_15-8-nombres-y-nomenclatura.csv","data/tablas/14/table-56a-14-8-1-codigos-por-nodo.csv","18","ICNP","identidad=«Metazoa»; campo=«ICNP»; valor=«no aplica»","0","451","62fe8db317f35c6679f79343610a8ebd1e1069944c66769b477742860e2791bc","8a33be0a189a42fe8a6c4b14ae5e36aa8df9da89aa312c045c6fd99de3c3f355","8267892735fc5d85b66160ad3906efba1127c076482c4555e79be517f75d93e8","Comprobación por el autor de sum(all(component in text for component in componentes) for text in textos) con ExactCooccurrenceIndex.count; componentes de nominal_query y corpus de source_snapshot. Coinciden ambos; resultado literal, no ausencia científica ni adjudicación de revisión."
"BN-414","1b46213f94ee2adb574f7f122ebbc2f791651779678f8dea11ecfac43df47d3d","REINSPECCION","2026-09-27T01:29:02Z","/root (autor; no revisión independiente)","C-2569","data/busquedas_negativas/15_8_15-8-nombres-y-nomenclatura.csv","data/tablas/14/table-56a-14-8-1-codigos-por-nodo.csv","18","PhyloCode/RegNum","identidad=«Metazoa»; campo=«PhyloCode/RegNum»; valor=«PhyloCode puede aplicarse a nombres de clados; entrada no censada aquí»","0","451","62fe8db317f35c6679f79343610a8ebd1e1069944c66769b477742860e2791bc","8a33be0a189a42fe8a6c4b14ae5e36aa8df9da89aa312c045c6fd99de3c3f355","8267892735fc5d85b66160ad3906efba1127c076482c4555e79be517f75d93e8","Comprobación por el autor de sum(all(component in text for component in componentes) for text in textos) con ExactCooccurrenceIndex.count; componentes de nominal_query y corpus de source_snapshot. Coinciden ambos; resultado literal, no ausencia científica ni adjudicación de revisión."
"BN-415","01d3da6d3093cfbedd95ee22417efab2dc1030a5e1cfc748cb662f1935dea7df","REINSPECCION","2026-09-27T01:29:03Z","/root (autor; no revisión independiente)","C-2572","data/busquedas_negativas/15_1_15-1-punto-de-partida-y-participantes-celulares.csv","data/tablas/02/table-01-2-1-2-por-que-el-modelo-cambia-el-arbol.csv","2","matriz","identidad=«Woese et al. 1990»; campo=«matriz»; valor=«no consta en las afirmaciones recuperadas [BN-115]»","0","451","62fe8db317f35c6679f79343610a8ebd1e1069944c66769b477742860e2791bc","8a33be0a189a42fe8a6c4b14ae5e36aa8df9da89aa312c045c6fd99de3c3f355","8267892735fc5d85b66160ad3906efba1127c076482c4555e79be517f75d93e8","Comprobación por el autor de sum(all(component in text for component in componentes) for text in textos) con ExactCooccurrenceIndex.count; componentes de nominal_query y corpus de source_snapshot. Coinciden ambos; resultado literal, no ausencia científica ni adjudicación de revisión."
"BN-416","17a5b499f9b78f4228eb662d404df149a9aa4c76beac04d5959180fe96b496d9","REINSPECCION","2026-09-27T01:29:03Z","/root (autor; no revisión independiente)","C-2573","data/busquedas_negativas/15_1_15-1-punto-de-partida-y-participantes-celulares.csv","data/tablas/02/table-01-2-1-2-por-que-el-modelo-cambia-el-arbol.csv","2","muestreo taxonómico","identidad=«Woese et al. 1990»; campo=«muestreo taxonómico»; valor=«no consta en las afirmaciones recuperadas [BN-115]»","0","451","62fe8db317f35c6679f79343610a8ebd1e1069944c66769b477742860e2791bc","8a33be0a189a42fe8a6c4b14ae5e36aa8df9da89aa312c045c6fd99de3c3f355","8267892735fc5d85b66160ad3906efba1127c076482c4555e79be517f75d93e8","Comprobación por el autor de sum(all(component in text for component in componentes) for text in textos) con ExactCooccurrenceIndex.count; componentes de nominal_query y corpus de source_snapshot. Coinciden ambos; resultado literal, no ausencia científica ni adjudicación de revisión."
"BN-417","eda5ce03267a618799e4dd0d9d14870dc69a6ef2f7a7195b5c05b367a9f9f1b5","REINSPECCION","2026-09-27T01:29:04Z","/root (autor; no revisión independiente)","C-2575","data/busquedas_negativas/15_1_15-1-punto-de-partida-y-participantes-celulares.csv","data/tablas/02/table-01-2-1-2-por-que-el-modelo-cambia-el-arbol.csv","2","modelo","identidad=«Woese et al. 1990»; campo=«modelo»; valor=«no consta en la fuente localizada [BN-115]»","0","451","62fe8db317f35c6679f79343610a8ebd1e1069944c66769b477742860e2791bc","8a33be0a189a42fe8a6c4b14ae5e36aa8df9da89aa312c045c6fd99de3c3f355","8267892735fc5d85b66160ad3906efba1127c076482c4555e79be517f75d93e8","Comprobación por el autor de sum(all(component in text for component in componentes) for text in textos) con ExactCooccurrenceIndex.count; componentes de nominal_query y corpus de source_snapshot. Coinciden ambos; resultado literal, no ausencia científica ni adjudicación de revisión."
"BN-418","8d19e4d46a273e9d6157afb2a20ef1514359898e5557fdc5a62a123ea80ca2e6","REINSPECCION","2026-09-27T01:29:04Z","/root (autor; no revisión independiente)","C-2577","data/busquedas_negativas/15_1_15-1-punto-de-partida-y-participantes-celulares.csv","data/tablas/02/table-01-2-1-2-por-que-el-modelo-cambia-el-arbol.csv","2","límite o campo no publicado/localizado","identidad=«Woese et al. 1990»; campo=«límite o campo no publicado/localizado»; valor=«Resultado histórico sin matriz, muestreo, modelo o soporte cuantitativo recuperados; no se equipara a una filogenómica posterior.»","0","451","62fe8db317f35c6679f79343610a8ebd1e1069944c66769b477742860e2791bc","8a33be0a189a42fe8a6c4b14ae5e36aa8df9da89aa312c045c6fd99de3c3f355","8267892735fc5d85b66160ad3906efba1127c076482c4555e79be517f75d93e8","Comprobación por el autor de sum(all(component in text for component in componentes) for text in textos) con ExactCooccurrenceIndex.count; componentes de nominal_query y corpus de source_snapshot. Coinciden ambos; resultado literal, no ausencia científica ni adjudicación de revisión."
"BN-419","7b4a5c9207368aa98f40409d8c978a7bd843fb14d615f6b9d78cfd8af18b6157","REINSPECCION","2026-09-27T01:29:05Z","/root (autor; no revisión independiente)","C-2578","data/busquedas_negativas/15_1_15-1-punto-de-partida-y-participantes-celulares.csv","data/tablas/02/table-01-2-1-2-por-que-el-modelo-cambia-el-arbol.csv","3","muestreo taxonómico","identidad=«Lake et al. 1984»; campo=«muestreo taxonómico»; valor=«eocitos termoacidófilos examinados; desglose nominal no consta en las afirmaciones recuperadas [BN-115]»","0","451","62fe8db317f35c6679f79343610a8ebd1e1069944c66769b477742860e2791bc","8a33be0a189a42fe8a6c4b14ae5e36aa8df9da89aa312c045c6fd99de3c3f355","8267892735fc5d85b66160ad3906efba1127c076482c4555e79be517f75d93e8","Comprobación por el autor de sum(all(component in text for component in componentes) for text in textos) con ExactCooccurrenceIndex.count; componentes de nominal_query y corpus de source_snapshot. Coinciden ambos; resultado literal, no ausencia científica ni adjudicación de revisión."
"BN-420","34c66f0f928620412809eff574ca5c11f90dcb7354d8fac02956600343a41ed3","REINSPECCION","2026-09-27T01:29:05Z","/root (autor; no revisión independiente)","C-2579","data/busquedas_negativas/15_1_15-1-punto-de-partida-y-participantes-celulares.csv","data/tablas/02/table-01-2-1-2-por-que-el-modelo-cambia-el-arbol.csv","3","modelo","identidad=«Lake et al. 1984»; campo=«modelo»; valor=«n/a: no es una inferencia de sustitución molecular»","0","451","62fe8db317f35c6679f79343610a8ebd1e1069944c66769b477742860e2791bc","8a33be0a189a42fe8a6c4b14ae5e36aa8df9da89aa312c045c6fd99de3c3f355","8267892735fc5d85b66160ad3906efba1127c076482c4555e79be517f75d93e8","Comprobación por el autor de sum(all(component in text for component in componentes) for text in textos) con ExactCooccurrenceIndex.count; componentes de nominal_query y corpus de source_snapshot. Coinciden ambos; resultado literal, no ausencia científica ni adjudicación de revisión."
"BN-421","ee7af1651c88ec50f89d6d482cc490ffbe4bb6ef65d0dc24a6c2a77d0dffe2f2","REINSPECCION","2026-09-27T01:29:06Z","/root (autor; no revisión independiente)","C-2580","data/busquedas_negativas/15_1_15-1-punto-de-partida-y-participantes-celulares.csv","data/tablas/02/table-01-2-1-2-por-que-el-modelo-cambia-el-arbol.csv","3","soporte cuantitativo tal cual","identidad=«Lake et al. 1984»; campo=«soporte cuantitativo tal cual»; valor=«cuatro patrones; figuras 1–4; no consta una estadística de soporte común [BN-115]»","0","451","62fe8db317f35c6679f79343610a8ebd1e1069944c66769b477742860e2791bc","8a33be0a189a42fe8a6c4b14ae5e36aa8df9da89aa312c045c6fd99de3c3f355","8267892735fc5d85b66160ad3906efba1127c076482c4555e79be517f75d93e8","Comprobación por el autor de sum(all(component in text for component in componentes) for text in textos) con ExactCooccurrenceIndex.count; componentes de nominal_query y corpus de source_snapshot. Coinciden ambos; resultado literal, no ausencia científica ni adjudicación de revisión."
"BN-422","4017885f5e35f17a2b78e30bb8cf5c308df282d418320a4e7cddfcc5dcd0b64d","REINSPECCION","2026-09-27T01:29:06Z","/root (autor; no revisión independiente)","C-2581","data/busquedas_negativas/15_1_15-1-punto-de-partida-y-participantes-celulares.csv","data/tablas/02/table-01-2-1-2-por-que-el-modelo-cambia-el-arbol.csv","3","límite o campo no publicado/localizado","identidad=«Lake et al. 1984»; campo=«límite o campo no publicado/localizado»; valor=«El muestreo histórico no equivale a una matriz genómica moderna.»","0","451","62fe8db317f35c6679f79343610a8ebd1e1069944c66769b477742860e2791bc","8a33be0a189a42fe8a6c4b14ae5e36aa8df9da89aa312c045c6fd99de3c3f355","8267892735fc5d85b66160ad3906efba1127c076482c4555e79be517f75d93e8","Comprobación por el autor de sum(all(component in text for component in componentes) for text in textos) con ExactCooccurrenceIndex.count; componentes de nominal_query y corpus de source_snapshot. Coinciden ambos; resultado literal, no ausencia científica ni adjudicación de revisión."
"BN-423","447cc6e436589d4740f99900418e46e523f97eea50e037cc7946f5f889c23ac6","REINSPECCION","2026-09-27T01:29:07Z","/root (autor; no revisión independiente)","C-2586","data/busquedas_negativas/15_1_15-1-punto-de-partida-y-participantes-celulares.csv","data/tablas/02/table-01-2-1-2-por-que-el-modelo-cambia-el-arbol.csv","5","muestreo taxonómico","identidad=«Da Cunha et al. 2017»; campo=«muestreo taxonómico»; valor=«taxones incluidos en los conjuntos publicados; desglose nominal no consta en las afirmaciones recuperadas [BN-115]»","0","451","62fe8db317f35c6679f79343610a8ebd1e1069944c66769b477742860e2791bc","8a33be0a189a42fe8a6c4b14ae5e36aa8df9da89aa312c045c6fd99de3c3f355","8267892735fc5d85b66160ad3906efba1127c076482c4555e79be517f75d93e8","Comprobación por el autor de sum(all(component in text for component in componentes) for text in textos) con ExactCooccurrenceIndex.count; componentes de nominal_query y corpus de source_snapshot. Coinciden ambos; resultado literal, no ausencia científica ni adjudicación de revisión."
"BN-424","4a179b4db8386c414506ca1e6a44df4c432377e6a8579fc7e82cd8ca006a9293","REINSPECCION","2026-09-27T01:29:07Z","/root (autor; no revisión independiente)","C-2588","data/busquedas_negativas/15_1_15-1-punto-de-partida-y-participantes-celulares.csv","data/tablas/02/table-01-2-1-2-por-que-el-modelo-cambia-el-arbol.csv","5","modelo","identidad=«Da Cunha et al. 2017»; campo=«modelo»; valor=«modelo de sustitución no consta en las afirmaciones recuperadas [BN-115]»","0","451","62fe8db317f35c6679f79343610a8ebd1e1069944c66769b477742860e2791bc","8a33be0a189a42fe8a6c4b14ae5e36aa8df9da89aa312c045c6fd99de3c3f355","8267892735fc5d85b66160ad3906efba1127c076482c4555e79be517f75d93e8","Comprobación por el autor de sum(all(component in text for component in componentes) for text in textos) con ExactCooccurrenceIndex.count; componentes de nominal_query y corpus de source_snapshot. Coinciden ambos; resultado literal, no ausencia científica ni adjudicación de revisión."
"BN-425","33de452fb179223d1c118242b9f1fad835cbdea33fdddb16843174085f0e4379","REINSPECCION","2026-09-27T01:29:08Z","/root (autor; no revisión independiente)","C-2591","data/busquedas_negativas/15_1_15-1-punto-de-partida-y-participantes-celulares.csv","data/tablas/02/table-01-2-1-2-por-que-el-modelo-cambia-el-arbol.csv","6","muestreo taxonómico","identidad=«Spang et al. 2018»; campo=«muestreo taxonómico»; valor=«taxones del reanálisis publicado; desglose nominal no consta en las afirmaciones recuperadas [BN-115]»","0","451","62fe8db317f35c6679f79343610a8ebd1e1069944c66769b477742860e2791bc","8a33be0a189a42fe8a6c4b14ae5e36aa8df9da89aa312c045c6fd99de3c3f355","8267892735fc5d85b66160ad3906efba1127c076482c4555e79be517f75d93e8","Comprobación por el autor de sum(all(component in text for component in componentes) for text in textos) con ExactCooccurrenceIndex.count; componentes de nominal_query y corpus de source_snapshot. Coinciden ambos; resultado literal, no ausencia científica ni adjudicación de revisión."
"BN-426","243cbf8965f48bd7021fa7d76d068852a6d750fbe3ca57add299c7682d04167d","REINSPECCION","2026-09-27T01:29:08Z","/root (autor; no revisión independiente)","C-2592","data/busquedas_negativas/15_1_15-1-punto-de-partida-y-participantes-celulares.csv","data/tablas/02/table-01-2-1-2-por-que-el-modelo-cambia-el-arbol.csv","6","análisis","identidad=«Spang et al. 2018»; campo=«análisis»; valor=«reanálisis de contaminación, selección de proteínas y diagnóstico de atracción de ramas largas»","0","451","62fe8db317f35c6679f79343610a8ebd1e1069944c66769b477742860e2791bc","8a33be0a189a42fe8a6c4b14ae5e36aa8df9da89aa312c045c6fd99de3c3f355","8267892735fc5d85b66160ad3906efba1127c076482c4555e79be517f75d93e8","Comprobación por el autor de sum(all(component in text for component in componentes) for text in textos) con ExactCooccurrenceIndex.count; componentes de nominal_query y corpus de source_snapshot. Coinciden ambos; resultado literal, no ausencia científica ni adjudicación de revisión."
"BN-427","4b2d016448da1945976d5a846c53e4ed1f0612eb36235bafe5eb1952f05b1f94","REINSPECCION","2026-09-27T01:29:09Z","/root (autor; no revisión independiente)","C-2593","data/busquedas_negativas/15_1_15-1-punto-de-partida-y-participantes-celulares.csv","data/tablas/02/table-01-2-1-2-por-que-el-modelo-cambia-el-arbol.csv","6","modelo","identidad=«Spang et al. 2018»; campo=«modelo»; valor=«modelos por conjunto no constan en el pasaje recuperado [BN-115]»","0","451","62fe8db317f35c6679f79343610a8ebd1e1069944c66769b477742860e2791bc","8a33be0a189a42fe8a6c4b14ae5e36aa8df9da89aa312c045c6fd99de3c3f355","8267892735fc5d85b66160ad3906efba1127c076482c4555e79be517f75d93e8","Comprobación por el autor de sum(all(component in text for component in componentes) for text in textos) con ExactCooccurrenceIndex.count; componentes de nominal_query y corpus de source_snapshot. Coinciden ambos; resultado literal, no ausencia científica ni adjudicación de revisión."
"BN-428","62d9ede2ed70be658a389b6acdedf24770d7ac824cb8287f1ec9f4af14d73531","REINSPECCION","2026-09-27T01:29:09Z","/root (autor; no revisión independiente)","C-2595","data/busquedas_negativas/15_1_15-1-punto-de-partida-y-participantes-celulares.csv","data/tablas/02/table-01-2-1-2-por-que-el-modelo-cambia-el-arbol.csv","7","muestreo taxonómico","identidad=«Williams et al. 2020»; campo=«muestreo taxonómico»; valor=«muestreo taxonómico no desglosado en C-028–C-029 [BN-115]»","0","451","62fe8db317f35c6679f79343610a8ebd1e1069944c66769b477742860e2791bc","8a33be0a189a42fe8a6c4b14ae5e36aa8df9da89aa312c045c6fd99de3c3f355","8267892735fc5d85b66160ad3906efba1127c076482c4555e79be517f75d93e8","Comprobación por el autor de sum(all(component in text for component in componentes) for text in textos) con ExactCooccurrenceIndex.count; componentes de nominal_query y corpus de source_snapshot. Coinciden ambos; resultado literal, no ausencia científica ni adjudicación de revisión."
"BN-429","3c4a3875282d7ade1403900a852c6c0f4f6d50a27bcbd15b799857590ee5f7f7","REINSPECCION","2026-09-27T01:29:09Z","/root (autor; no revisión independiente)","C-2596","data/busquedas_negativas/15_1_15-1-punto-de-partida-y-participantes-celulares.csv","data/tablas/02/table-01-2-1-2-por-que-el-modelo-cambia-el-arbol.csv","8","muestreo taxonómico","identidad=«Williams et al. 2020»; campo=«muestreo taxonómico»; valor=«mismo muestreo publicado que C-028–C-029; desglose nominal no recuperado [BN-115]»","0","451","62fe8db317f35c6679f79343610a8ebd1e1069944c66769b477742860e2791bc","8a33be0a189a42fe8a6c4b14ae5e36aa8df9da89aa312c045c6fd99de3c3f355","8267892735fc5d85b66160ad3906efba1127c076482c4555e79be517f75d93e8","Comprobación por el autor de sum(all(component in text for component in componentes) for text in textos) con ExactCooccurrenceIndex.count; componentes de nominal_query y corpus de source_snapshot. Coinciden ambos; resultado literal, no ausencia científica ni adjudicación de revisión."
"BN-430","75f1d917bdcad2b59bb534fd7cb8c70c3d232a4d27352b464fca0700a4d6d724","REINSPECCION","2026-09-27T01:29:10Z","/root (autor; no revisión independiente)","C-2599","data/busquedas_negativas/15_1_15-1-punto-de-partida-y-participantes-celulares.csv","data/tablas/02/table-01-2-1-2-por-que-el-modelo-cambia-el-arbol.csv","9","muestreo taxonómico","identidad=«Williams et al. 2020»; campo=«muestreo taxonómico»; valor=«mismo muestreo publicado que C-028–C-029; desglose nominal no recuperado [BN-115]»","0","451","62fe8db317f35c6679f79343610a8ebd1e1069944c66769b477742860e2791bc","8a33be0a189a42fe8a6c4b14ae5e36aa8df9da89aa312c045c6fd99de3c3f355","8267892735fc5d85b66160ad3906efba1127c076482c4555e79be517f75d93e8","Comprobación por el autor de sum(all(component in text for component in componentes) for text in textos) con ExactCooccurrenceIndex.count; componentes de nominal_query y corpus de source_snapshot. Coinciden ambos; resultado literal, no ausencia científica ni adjudicación de revisión."
"BN-431","d2d0e7174a6dd334786fee4c1f3738785808a6d3bd8111ae6eafde50a95de250","REINSPECCION","2026-09-27T01:29:10Z","/root (autor; no revisión independiente)","C-2602","data/busquedas_negativas/15_1_15-1-punto-de-partida-y-participantes-celulares.csv","data/tablas/02/table-01-2-1-2-por-que-el-modelo-cambia-el-arbol.csv","10","muestreo taxonómico","identidad=«Williams et al. 2020»; campo=«muestreo taxonómico»; valor=«mismo muestreo publicado que C-028–C-029; desglose nominal no recuperado [BN-115]»","0","451","62fe8db317f35c6679f79343610a8ebd1e1069944c66769b477742860e2791bc","8a33be0a189a42fe8a6c4b14ae5e36aa8df9da89aa312c045c6fd99de3c3f355","8267892735fc5d85b66160ad3906efba1127c076482c4555e79be517f75d93e8","Comprobación por el autor de sum(all(component in text for component in componentes) for text in textos) con ExactCooccurrenceIndex.count; componentes de nominal_query y corpus de source_snapshot. Coinciden ambos; resultado literal, no ausencia científica ni adjudicación de revisión."
"BN-432","c128ba2de67c48b54c56979a882f69607f9b3d9a9527c481c6e87972a3baf03d","REINSPECCION","2026-09-27T01:29:10Z","/root (autor; no revisión independiente)","C-2608","data/busquedas_negativas/15_1_15-1-punto-de-partida-y-participantes-celulares.csv","data/tablas/02/table-01-2-1-2-por-que-el-modelo-cambia-el-arbol.csv","11","muestreo taxonómico","identidad=«Williams et al. 2020»; campo=«muestreo taxonómico»; valor=«mismo muestreo publicado que C-028–C-029; desglose nominal no recuperado [BN-115]»","0","451","62fe8db317f35c6679f79343610a8ebd1e1069944c66769b477742860e2791bc","8a33be0a189a42fe8a6c4b14ae5e36aa8df9da89aa312c045c6fd99de3c3f355","8267892735fc5d85b66160ad3906efba1127c076482c4555e79be517f75d93e8","Comprobación por el autor de sum(all(component in text for component in componentes) for text in textos) con ExactCooccurrenceIndex.count; componentes de nominal_query y corpus de source_snapshot. Coinciden ambos; resultado literal, no ausencia científica ni adjudicación de revisión."
"BN-433","79ff7c793139fc4ef94184f26d839f56cdc1b52f079ca638705eb1082c48a4c7","REINSPECCION","2026-09-27T01:29:11Z","/root (autor; no revisión independiente)","C-2609","data/busquedas_negativas/15_1_15-1-punto-de-partida-y-participantes-celulares.csv","data/tablas/02/table-01-2-1-2-por-que-el-modelo-cambia-el-arbol.csv","11","análisis","identidad=«Williams et al. 2020»; campo=«análisis»; valor=«prueba contra sesgo composicional»","0","451","62fe8db317f35c6679f79343610a8ebd1e1069944c66769b477742860e2791bc","8a33be0a189a42fe8a6c4b14ae5e36aa8df9da89aa312c045c6fd99de3c3f355","8267892735fc5d85b66160ad3906efba1127c076482c4555e79be517f75d93e8","Comprobación por el autor de sum(all(component in text for component in componentes) for text in textos) con ExactCooccurrenceIndex.count; componentes de nominal_query y corpus de source_snapshot. Coinciden ambos; resultado literal, no ausencia científica ni adjudicación de revisión."
"BN-434","88ac10e73e20f9b1926a3c6095ad6b090b706128240fdf1ae056ced776a28031","REINSPECCION","2026-09-27T01:29:11Z","/root (autor; no revisión independiente)","C-2611","data/busquedas_negativas/15_1_15-1-punto-de-partida-y-participantes-celulares.csv","data/tablas/02/table-01-2-1-2-por-que-el-modelo-cambia-el-arbol.csv","11","límite o campo no publicado/localizado","identidad=«Williams et al. 2020»; campo=«límite o campo no publicado/localizado»; valor=«La recodificación es parte del análisis, no una matriz independiente no documentada.»","0","451","62fe8db317f35c6679f79343610a8ebd1e1069944c66769b477742860e2791bc","8a33be0a189a42fe8a6c4b14ae5e36aa8df9da89aa312c045c6fd99de3c3f355","8267892735fc5d85b66160ad3906efba1127c076482c4555e79be517f75d93e8","Comprobación por el autor de sum(all(component in text for component in componentes) for text in textos) con ExactCooccurrenceIndex.count; componentes de nominal_query y corpus de source_snapshot. Coinciden ambos; resultado literal, no ausencia científica ni adjudicación de revisión."
"BN-435","fac9ee556b5ccddf07b44c541623993242610b26b826c0232d7766b7b5bce0af","REINSPECCION","2026-09-27T01:29:11Z","/root (autor; no revisión independiente)","C-2612","data/busquedas_negativas/15_1_15-1-punto-de-partida-y-participantes-celulares.csv","data/tablas/02/table-01-2-1-2-por-que-el-modelo-cambia-el-arbol.csv","12","modelo","identidad=«Williams et al. 2020»; campo=«modelo»; valor=«modelos particulares no constan en las afirmaciones recuperadas [BN-115]»","0","451","62fe8db317f35c6679f79343610a8ebd1e1069944c66769b477742860e2791bc","8a33be0a189a42fe8a6c4b14ae5e36aa8df9da89aa312c045c6fd99de3c3f355","8267892735fc5d85b66160ad3906efba1127c076482c4555e79be517f75d93e8","Comprobación por el autor de sum(all(component in text for component in componentes) for text in textos) con ExactCooccurrenceIndex.count; componentes de nominal_query y corpus de source_snapshot. Coinciden ambos; resultado literal, no ausencia científica ni adjudicación de revisión."
"BN-436","225bad05259ddc59ca4a5f4ddc1dad4b68037e500814d44ceaa3120adbc4bec6","REINSPECCION","2026-09-27T01:29:12Z","/root (autor; no revisión independiente)","C-2613","data/busquedas_negativas/15_4_15-4-registro-material-tiempo-ambiente-y-ecologia.csv","data/tablas/05/table-33-5-4-evidencia-de-interaccion-en-perforaciones-del-grupo-chuar.csv","2","incertidumbre y disputa","identidad=«Grupo Chuar; afloramientos sobre unos 15 km² del este del Grand Canyon; S158 indica muestras distribuidas a lo largo del grupo, pero no localiza la formación individual de cada espécimen [C-1960; BN-116]»; campo=«incertidumbre y disputa»; valor=«el productor no está preservado; S158 evalúa alternativas, pero no se localizó un contradictor nominal independiente en las afirmaciones recuperadas»","0","451","62fe8db317f35c6679f79343610a8ebd1e1069944c66769b477742860e2791bc","8a33be0a189a42fe8a6c4b14ae5e36aa8df9da89aa312c045c6fd99de3c3f355","8267892735fc5d85b66160ad3906efba1127c076482c4555e79be517f75d93e8","Comprobación por el autor de sum(all(component in text for component in componentes) for text in textos) con ExactCooccurrenceIndex.count; componentes de nominal_query y corpus de source_snapshot. Coinciden ambos; resultado literal, no ausencia científica ni adjudicación de revisión."
"BN-437","b156b8f33c44e4f8959d29a4bba067cacc757dd2f216f2162cc6c2827e04e726","REINSPECCION","2026-09-27T01:29:13Z","/root (autor; no revisión independiente)","C-2614","data/busquedas_negativas/15_4_15-4-registro-material-tiempo-ambiente-y-ecologia.csv","data/tablas/05/table-34-5-8-asignacion-fosil-mas-antigua-localizada-por-nodo.csv","2","fósil más antiguo localizado","identidad=«Eukaryota»; campo=«fósil más antiguo localizado»; valor=«conjunto de Lechte et al.; *Bangiomorpha pubescens* como mínimo corona condicionado»","0","451","62fe8db317f35c6679f79343610a8ebd1e1069944c66769b477742860e2791bc","8a33be0a189a42fe8a6c4b14ae5e36aa8df9da89aa312c045c6fd99de3c3f355","8267892735fc5d85b66160ad3906efba1127c076482c4555e79be517f75d93e8","Comprobación por el autor de sum(all(component in text for component in componentes) for text in textos) con ExactCooccurrenceIndex.count; componentes de nominal_query y corpus de source_snapshot. Coinciden ambos; resultado literal, no ausencia científica ni adjudicación de revisión."
"BN-438","5fac5312a9d58716418a8301ac2c6b2eca782f50417957dc949ae3462f453fe2","REINSPECCION","2026-09-27T01:29:13Z","/root (autor; no revisión independiente)","C-2618","data/busquedas_negativas/15_4_15-4-registro-material-tiempo-ambiente-y-ecologia.csv","data/tablas/05/table-34-5-8-asignacion-fosil-mas-antigua-localizada-por-nodo.csv","2","método de datación","identidad=«Eukaryota»; campo=«método de datación»; valor=«cronología del conjunto de Lechte et al.; geocronología radiométrica de la sucesión de *Bangiomorpha*»","0","451","62fe8db317f35c6679f79343610a8ebd1e1069944c66769b477742860e2791bc","8a33be0a189a42fe8a6c4b14ae5e36aa8df9da89aa312c045c6fd99de3c3f355","8267892735fc5d85b66160ad3906efba1127c076482c4555e79be517f75d93e8","Comprobación por el autor de sum(all(component in text for component in componentes) for text in textos) con ExactCooccurrenceIndex.count; componentes de nominal_query y corpus de source_snapshot. Coinciden ambos; resultado literal, no ausencia científica ni adjudicación de revisión."
"BN-439","8c6372fe9c6d146863822ab2d5e67f7cd2492f30cfe7c2b19b1ea8126c873b6f","REINSPECCION","2026-09-27T01:29:14Z","/root (autor; no revisión independiente)","C-2619","data/busquedas_negativas/15_4_15-4-registro-material-tiempo-ambiente-y-ecologia.csv","data/tablas/05/table-34-5-8-asignacion-fosil-mas-antigua-localizada-por-nodo.csv","2","incertidumbre publicada","identidad=«Eukaryota»; campo=«incertidumbre publicada»; valor=«no consta para el intervalo de Lechte et al.; incertidumbre exacta de 1.047 Ga no localizada»","0","451","62fe8db317f35c6679f79343610a8ebd1e1069944c66769b477742860e2791bc","8a33be0a189a42fe8a6c4b14ae5e36aa8df9da89aa312c045c6fd99de3c3f355","8267892735fc5d85b66160ad3906efba1127c076482c4555e79be517f75d93e8","Comprobación por el autor de sum(all(component in text for component in componentes) for text in textos) con ExactCooccurrenceIndex.count; componentes de nominal_query y corpus de source_snapshot. Coinciden ambos; resultado literal, no ausencia científica ni adjudicación de revisión."
"BN-440","c0d4db5fb184eb0978b136058175606548aa4812be1d121b4d093fdcc5ca3c76","REINSPECCION","2026-09-27T01:29:14Z","/root (autor; no revisión independiente)","C-2620","data/busquedas_negativas/15_4_15-4-registro-material-tiempo-ambiente-y-ecologia.csv","data/tablas/05/table-34-5-8-asignacion-fosil-mas-antigua-localizada-por-nodo.csv","2","quién discute la atribución","identidad=«Eukaryota»; campo=«quién discute la atribución»; valor=«no consta un oponente nominal en las fuentes citadas»","0","451","62fe8db317f35c6679f79343610a8ebd1e1069944c66769b477742860e2791bc","8a33be0a189a42fe8a6c4b14ae5e36aa8df9da89aa312c045c6fd99de3c3f355","8267892735fc5d85b66160ad3906efba1127c076482c4555e79be517f75d93e8","Comprobación por el autor de sum(all(component in text for component in componentes) for text in textos) con ExactCooccurrenceIndex.count; componentes de nominal_query y corpus de source_snapshot. Coinciden ambos; resultado literal, no ausencia científica ni adjudicación de revisión."
"BN-441","b998300199bf3860d5faf2ef57aa4f053b9c458c975eee403861c88302a85ad6","REINSPECCION","2026-09-27T01:29:15Z","/root (autor; no revisión independiente)","C-2622","data/busquedas_negativas/15_4_15-4-registro-material-tiempo-ambiente-y-ecologia.csv","data/tablas/05/table-34-5-8-asignacion-fosil-mas-antigua-localizada-por-nodo.csv","4","edad","identidad=«Amoebozoa»; campo=«edad»; valor=«no consta en la fuente citada por C-713»","0","451","62fe8db317f35c6679f79343610a8ebd1e1069944c66769b477742860e2791bc","8a33be0a189a42fe8a6c4b14ae5e36aa8df9da89aa312c045c6fd99de3c3f355","8267892735fc5d85b66160ad3906efba1127c076482c4555e79be517f75d93e8","Comprobación por el autor de sum(all(component in text for component in componentes) for text in textos) con ExactCooccurrenceIndex.count; componentes de nominal_query y corpus de source_snapshot. Coinciden ambos; resultado literal, no ausencia científica ni adjudicación de revisión."
"BN-442","493961baac4e155c182d992f4cf1432511c83e728d6a18c00877f872d0e64c24","REINSPECCION","2026-09-27T01:29:15Z","/root (autor; no revisión independiente)","C-2623","data/busquedas_negativas/15_4_15-4-registro-material-tiempo-ambiente-y-ecologia.csv","data/tablas/05/table-34-5-8-asignacion-fosil-mas-antigua-localizada-por-nodo.csv","4","método de datación","identidad=«Amoebozoa»; campo=«método de datación»; valor=«no consta en la fuente citada por C-713»","0","451","62fe8db317f35c6679f79343610a8ebd1e1069944c66769b477742860e2791bc","8a33be0a189a42fe8a6c4b14ae5e36aa8df9da89aa312c045c6fd99de3c3f355","8267892735fc5d85b66160ad3906efba1127c076482c4555e79be517f75d93e8","Comprobación por el autor de sum(all(component in text for component in componentes) for text in textos) con ExactCooccurrenceIndex.count; componentes de nominal_query y corpus de source_snapshot. Coinciden ambos; resultado literal, no ausencia científica ni adjudicación de revisión."
"BN-443","916ef67965926b79b2f2332c118565040be5778315f898578155bf3c89d31fca","REINSPECCION","2026-09-27T01:29:16Z","/root (autor; no revisión independiente)","C-2624","data/busquedas_negativas/15_4_15-4-registro-material-tiempo-ambiente-y-ecologia.csv","data/tablas/05/table-34-5-8-asignacion-fosil-mas-antigua-localizada-por-nodo.csv","4","incertidumbre publicada","identidad=«Amoebozoa»; campo=«incertidumbre publicada»; valor=«no consta en la fuente citada por C-713»","0","451","62fe8db317f35c6679f79343610a8ebd1e1069944c66769b477742860e2791bc","8a33be0a189a42fe8a6c4b14ae5e36aa8df9da89aa312c045c6fd99de3c3f355","8267892735fc5d85b66160ad3906efba1127c076482c4555e79be517f75d93e8","Comprobación por el autor de sum(all(component in text for component in componentes) for text in textos) con ExactCooccurrenceIndex.count; componentes de nominal_query y corpus de source_snapshot. Coinciden ambos; resultado literal, no ausencia científica ni adjudicación de revisión."
"BN-444","4f9ebb8ecafc2eb39209f47584e442c7c3be5e22cc2b87575265dd8e5b159b87","REINSPECCION","2026-09-27T01:29:16Z","/root (autor; no revisión independiente)","C-2625","data/busquedas_negativas/15_4_15-4-registro-material-tiempo-ambiente-y-ecologia.csv","data/tablas/05/table-34-5-8-asignacion-fosil-mas-antigua-localizada-por-nodo.csv","4","quién discute la atribución","identidad=«Amoebozoa»; campo=«quién discute la atribución»; valor=«no consta un oponente nominal en la fuente citada»","0","451","62fe8db317f35c6679f79343610a8ebd1e1069944c66769b477742860e2791bc","8a33be0a189a42fe8a6c4b14ae5e36aa8df9da89aa312c045c6fd99de3c3f355","8267892735fc5d85b66160ad3906efba1127c076482c4555e79be517f75d93e8","Comprobación por el autor de sum(all(component in text for component in componentes) for text in textos) con ExactCooccurrenceIndex.count; componentes de nominal_query y corpus de source_snapshot. Coinciden ambos; resultado literal, no ausencia científica ni adjudicación de revisión."
"BN-445","0dd2f9a77ca5efbd8adf8df15d39ea193b5e8063da881e0d5bf2930dbb09d948","REINSPECCION","2026-09-27T01:29:17Z","/root (autor; no revisión independiente)","C-2626","data/busquedas_negativas/15_4_15-4-registro-material-tiempo-ambiente-y-ecologia.csv","data/tablas/05/table-34-5-8-asignacion-fosil-mas-antigua-localizada-por-nodo.csv","8","quién discute la atribución","identidad=«Opisthokonta»; campo=«quién discute la atribución»; valor=«Loron et al. explicitan el límite taxonómico; no consta otro oponente nominal en las fuentes citadas»","0","451","62fe8db317f35c6679f79343610a8ebd1e1069944c66769b477742860e2791bc","8a33be0a189a42fe8a6c4b14ae5e36aa8df9da89aa312c045c6fd99de3c3f355","8267892735fc5d85b66160ad3906efba1127c076482c4555e79be517f75d93e8","Comprobación por el autor de sum(all(component in text for component in componentes) for text in textos) con ExactCooccurrenceIndex.count; componentes de nominal_query y corpus de source_snapshot. Coinciden ambos; resultado literal, no ausencia científica ni adjudicación de revisión."
"BN-446","2efa0cdfe327f140deb266327ae5ca5f7d2726ed15b626701f592d97dc3c78c7","REINSPECCION","2026-09-27T01:29:17Z","/root (autor; no revisión independiente)","C-2628","data/busquedas_negativas/15_4_15-4-registro-material-tiempo-ambiente-y-ecologia.csv","data/tablas/05/table-34-5-8-asignacion-fosil-mas-antigua-localizada-por-nodo.csv","9","quién discute la atribución","identidad=«Holomycota»; campo=«quién discute la atribución»; valor=«Loron et al. explicitan el límite; no consta otro oponente nominal en las fuentes citadas»","0","451","62fe8db317f35c6679f79343610a8ebd1e1069944c66769b477742860e2791bc","8a33be0a189a42fe8a6c4b14ae5e36aa8df9da89aa312c045c6fd99de3c3f355","8267892735fc5d85b66160ad3906efba1127c076482c4555e79be517f75d93e8","Comprobación por el autor de sum(all(component in text for component in componentes) for text in textos) con ExactCooccurrenceIndex.count; componentes de nominal_query y corpus de source_snapshot. Coinciden ambos; resultado literal, no ausencia científica ni adjudicación de revisión."
"BN-447","916400a9226c699b63d6ee008b26b663089386f13c5ccbfbd25b966a22dfa3e9","REINSPECCION","2026-09-27T01:29:18Z","/root (autor; no revisión independiente)","C-2631","data/busquedas_negativas/15_4_15-4-registro-material-tiempo-ambiente-y-ecologia.csv","data/tablas/05/table-34-5-8-asignacion-fosil-mas-antigua-localizada-por-nodo.csv","10","incertidumbre publicada","identidad=«Holozoa»; campo=«incertidumbre publicada»; valor=«no consta en la fuente citada»","0","451","62fe8db317f35c6679f79343610a8ebd1e1069944c66769b477742860e2791bc","8a33be0a189a42fe8a6c4b14ae5e36aa8df9da89aa312c045c6fd99de3c3f355","8267892735fc5d85b66160ad3906efba1127c076482c4555e79be517f75d93e8","Comprobación por el autor de sum(all(component in text for component in componentes) for text in textos) con ExactCooccurrenceIndex.count; componentes de nominal_query y corpus de source_snapshot. Coinciden ambos; resultado literal, no ausencia científica ni adjudicación de revisión."
"BN-448","1e0d54f536297237e767629b5c0c8857ef5eab3e23deb09c1bb600e2b46088b6","REINSPECCION","2026-09-27T01:29:18Z","/root (autor; no revisión independiente)","C-2633","data/busquedas_negativas/15_4_15-4-registro-material-tiempo-ambiente-y-ecologia.csv","data/tablas/05/table-34-5-8-asignacion-fosil-mas-antigua-localizada-por-nodo.csv","15","qué se infiere","identidad=«Filozoa»; campo=«qué se infiere»; valor=«afinidad putativa de coanoflagelado y, condicionalmente, inclusión en Filozoa»","0","451","62fe8db317f35c6679f79343610a8ebd1e1069944c66769b477742860e2791bc","8a33be0a189a42fe8a6c4b14ae5e36aa8df9da89aa312c045c6fd99de3c3f355","8267892735fc5d85b66160ad3906efba1127c076482c4555e79be517f75d93e8","Comprobación por el autor de sum(all(component in text for component in componentes) for text in textos) con ExactCooccurrenceIndex.count; componentes de nominal_query y corpus de source_snapshot. Coinciden ambos; resultado literal, no ausencia científica ni adjudicación de revisión."
"BN-449","ce5e333c6458319cc03670d736ec7aaa2481502c0fdef4d63e5abe9153a89c03","REINSPECCION","2026-09-27T01:29:19Z","/root (autor; no revisión independiente)","C-2634","data/busquedas_negativas/15_4_15-4-registro-material-tiempo-ambiente-y-ecologia.csv","data/tablas/05/table-34-5-8-asignacion-fosil-mas-antigua-localizada-por-nodo.csv","15","método de datación","identidad=«Filozoa»; campo=«método de datación»; valor=«posición estratigráfica en la Formación Capas Blancas»","0","451","62fe8db317f35c6679f79343610a8ebd1e1069944c66769b477742860e2791bc","8a33be0a189a42fe8a6c4b14ae5e36aa8df9da89aa312c045c6fd99de3c3f355","8267892735fc5d85b66160ad3906efba1127c076482c4555e79be517f75d93e8","Comprobación por el autor de sum(all(component in text for component in componentes) for text in textos) con ExactCooccurrenceIndex.count; componentes de nominal_query y corpus de source_snapshot. Coinciden ambos; resultado literal, no ausencia científica ni adjudicación de revisión."
"BN-450","fdf0c741cb20102c6fb7f4e771c92260632fa4f0c7160e3395b67c7c77a3dba6","REINSPECCION","2026-09-27T01:29:20Z","/root (autor; no revisión independiente)","C-2635","data/busquedas_negativas/15_4_15-4-registro-material-tiempo-ambiente-y-ecologia.csv","data/tablas/05/table-34-5-8-asignacion-fosil-mas-antigua-localizada-por-nodo.csv","16","qué se infiere","identidad=«Choanozoa *sensu stricto* ≈ Apoikozoa»; campo=«qué se infiere»; valor=«afinidad putativa de coanoflagelado y, condicionalmente, inclusión en Choanozoa»","0","451","62fe8db317f35c6679f79343610a8ebd1e1069944c66769b477742860e2791bc","8a33be0a189a42fe8a6c4b14ae5e36aa8df9da89aa312c045c6fd99de3c3f355","8267892735fc5d85b66160ad3906efba1127c076482c4555e79be517f75d93e8","Comprobación por el autor de sum(all(component in text for component in componentes) for text in textos) con ExactCooccurrenceIndex.count; componentes de nominal_query y corpus de source_snapshot. Coinciden ambos; resultado literal, no ausencia científica ni adjudicación de revisión."
"BN-451","36a647051e7781b4a8d0a9f1dc279923eeec0395ac485b0bfa854b64df9d4188","REINSPECCION","2026-09-27T01:29:20Z","/root (autor; no revisión independiente)","C-2636","data/busquedas_negativas/15_4_15-4-registro-material-tiempo-ambiente-y-ecologia.csv","data/tablas/05/table-34-5-8-asignacion-fosil-mas-antigua-localizada-por-nodo.csv","16","método de datación","identidad=«Choanozoa *sensu stricto* ≈ Apoikozoa»; campo=«método de datación»; valor=«posición estratigráfica en la Formación Capas Blancas»","0","451","62fe8db317f35c6679f79343610a8ebd1e1069944c66769b477742860e2791bc","8a33be0a189a42fe8a6c4b14ae5e36aa8df9da89aa312c045c6fd99de3c3f355","8267892735fc5d85b66160ad3906efba1127c076482c4555e79be517f75d93e8","Comprobación por el autor de sum(all(component in text for component in componentes) for text in textos) con ExactCooccurrenceIndex.count; componentes de nominal_query y corpus de source_snapshot. Coinciden ambos; resultado literal, no ausencia científica ni adjudicación de revisión."
"BN-452","906a65da6528c7968948c653aad5641b42f9f1b89bb1f539eeab63ab7ed76508","REINSPECCION","2026-09-27T01:29:20Z","/root (autor; no revisión independiente)","C-2637","data/busquedas_negativas/15_4_15-4-registro-material-tiempo-ambiente-y-ecologia.csv","data/tablas/05/table-34-5-8-asignacion-fosil-mas-antigua-localizada-por-nodo.csv","17","método de datación","identidad=«Choanoflagellata»; campo=«método de datación»; valor=«posición estratigráfica en la Formación Capas Blancas»","0","451","62fe8db317f35c6679f79343610a8ebd1e1069944c66769b477742860e2791bc","8a33be0a189a42fe8a6c4b14ae5e36aa8df9da89aa312c045c6fd99de3c3f355","8267892735fc5d85b66160ad3906efba1127c076482c4555e79be517f75d93e8","Comprobación por el autor de sum(all(component in text for component in componentes) for text in textos) con ExactCooccurrenceIndex.count; componentes de nominal_query y corpus de source_snapshot. Coinciden ambos; resultado literal, no ausencia científica ni adjudicación de revisión."
"BN-453","1ca33111323a71afd808dfeb80cf62cf0c6af4235858087a01b7e226cc088741","REINSPECCION","2026-09-27T01:29:21Z","/root (autor; no revisión independiente)","C-2638","data/busquedas_negativas/15_4_15-4-registro-material-tiempo-ambiente-y-ecologia.csv","data/tablas/05/table-34-5-8-asignacion-fosil-mas-antigua-localizada-por-nodo.csv","18","fósil más antiguo localizado","identidad=«Metazoa»; campo=«fósil más antiguo localizado»; valor=«candidatos de Weng’an sin asignación resuelta»","0","451","62fe8db317f35c6679f79343610a8ebd1e1069944c66769b477742860e2791bc","8a33be0a189a42fe8a6c4b14ae5e36aa8df9da89aa312c045c6fd99de3c3f355","8267892735fc5d85b66160ad3906efba1127c076482c4555e79be517f75d93e8","Comprobación por el autor de sum(all(component in text for component in componentes) for text in textos) con ExactCooccurrenceIndex.count; componentes de nominal_query y corpus de source_snapshot. Coinciden ambos; resultado literal, no ausencia científica ni adjudicación de revisión."
"BN-454","ad3f54ea26c4c4f763ec500e202e514a97f98d05df625cc573e41c4d275b778e","REINSPECCION","2026-09-27T01:29:22Z","/root (autor; no revisión independiente)","C-2640","data/busquedas_negativas/15_4_15-4-registro-material-tiempo-ambiente-y-ecologia.csv","data/tablas/05/table-34-5-8-asignacion-fosil-mas-antigua-localizada-por-nodo.csv","18","quién discute la atribución","identidad=«Metazoa»; campo=«quién discute la atribución»; valor=«Huldtgren et al.; Chen et al.; Moczydłowska et al.»","0","451","62fe8db317f35c6679f79343610a8ebd1e1069944c66769b477742860e2791bc","8a33be0a189a42fe8a6c4b14ae5e36aa8df9da89aa312c045c6fd99de3c3f355","8267892735fc5d85b66160ad3906efba1127c076482c4555e79be517f75d93e8","Comprobación por el autor de sum(all(component in text for component in componentes) for text in textos) con ExactCooccurrenceIndex.count; componentes de nominal_query y corpus de source_snapshot. Coinciden ambos; resultado literal, no ausencia científica ni adjudicación de revisión."
"BN-455","e463b4eb9cfe9b70572138638f225fdcb636c19a9775e597a96f3b190256c660","REINSPECCION","2026-09-27T01:29:22Z","/root (autor; no revisión independiente)","C-2683","data/busquedas_negativas/15_5_15-5-asociacion-integracion-y-transferencia.csv","data/tablas/09/table-43-9-4-1-fichas-comparativas-por-grado-de-integracion.csv","2","genoma del socio comparado con parientes de vida libre","identidad=«Mecanismo: sintrofía externa — *Lenisia limosa*–*Arcobacter*»; campo=«genoma del socio comparado con parientes de vida libre»; valor=«NO DOCUMENTADO POR LAS C CITADAS EN ESTA FICHA»","0","451","62fe8db317f35c6679f79343610a8ebd1e1069944c66769b477742860e2791bc","8a33be0a189a42fe8a6c4b14ae5e36aa8df9da89aa312c045c6fd99de3c3f355","8267892735fc5d85b66160ad3906efba1127c076482c4555e79be517f75d93e8","Comprobación por el autor de sum(all(component in text for component in componentes) for text in textos) con ExactCooccurrenceIndex.count; componentes de nominal_query y corpus de source_snapshot. Coinciden ambos; resultado literal, no ausencia científica ni adjudicación de revisión."
"BN-456","a7c5f2703a00fbd9f67418911d2b42a0cd851e84f8ffbb52f78605a843bdea9f","REINSPECCION","2026-09-27T01:29:22Z","/root (autor; no revisión independiente)","C-2684","data/busquedas_negativas/15_5_15-5-asociacion-integracion-y-transferencia.csv","data/tablas/09/table-43-9-4-1-fichas-comparativas-por-grado-de-integracion.csv","2","EGT al núcleo; importación de proteínas de vuelta","identidad=«Mecanismo: sintrofía externa — *Lenisia limosa*–*Arcobacter*»; campo=«EGT al núcleo; importación de proteínas de vuelta»; valor=«EGT: NO DOCUMENTADA; importación: NO DOCUMENTADA POR LAS C CITADAS»","0","451","62fe8db317f35c6679f79343610a8ebd1e1069944c66769b477742860e2791bc","8a33be0a189a42fe8a6c4b14ae5e36aa8df9da89aa312c045c6fd99de3c3f355","8267892735fc5d85b66160ad3906efba1127c076482c4555e79be517f75d93e8","Comprobación por el autor de sum(all(component in text for component in componentes) for text in textos) con ExactCooccurrenceIndex.count; componentes de nominal_query y corpus de source_snapshot. Coinciden ambos; resultado literal, no ausencia científica ni adjudicación de revisión."
"BN-457","c772f9ac35e420820cb3ccc686ee6fe68e6dbe075558057177ea0902423e3983","REINSPECCION","2026-09-27T01:29:23Z","/root (autor; no revisión independiente)","C-2685","data/busquedas_negativas/15_5_15-5-asociacion-integracion-y-transferencia.csv","data/tablas/09/table-43-9-4-1-fichas-comparativas-por-grado-de-integracion.csv","2","estado obligado, facultativo o reversible","identidad=«Mecanismo: sintrofía externa — *Lenisia limosa*–*Arcobacter*»; campo=«estado obligado, facultativo o reversible»; valor=«estado de obligación no resuelto; asociación externa funcional mantenida en cultivo»","0","451","62fe8db317f35c6679f79343610a8ebd1e1069944c66769b477742860e2791bc","8a33be0a189a42fe8a6c4b14ae5e36aa8df9da89aa312c045c6fd99de3c3f355","8267892735fc5d85b66160ad3906efba1127c076482c4555e79be517f75d93e8","Comprobación por el autor de sum(all(component in text for component in componentes) for text in textos) con ExactCooccurrenceIndex.count; componentes de nominal_query y corpus de source_snapshot. Coinciden ambos; resultado literal, no ausencia científica ni adjudicación de revisión."
"BN-458","5872a878593ea0bae8d6008fa6d92ed43ed7aa5e99325f0bb9921ea5ea5c3dd1","REINSPECCION","2026-09-27T01:29:23Z","/root (autor; no revisión independiente)","C-2687","data/busquedas_negativas/15_5_15-5-asociacion-integracion-y-transferencia.csv","data/tablas/09/table-43-9-4-1-fichas-comparativas-por-grado-de-integracion.csv","3","genoma del socio comparado con parientes de vida libre","identidad=«Mecanismo: consorcio extracelular con transferencia de electrones — ANME–SRB»; campo=«genoma del socio comparado con parientes de vida libre»; valor=«NO DOCUMENTADO POR LAS C CITADAS EN ESTA FICHA»","0","451","62fe8db317f35c6679f79343610a8ebd1e1069944c66769b477742860e2791bc","8a33be0a189a42fe8a6c4b14ae5e36aa8df9da89aa312c045c6fd99de3c3f355","8267892735fc5d85b66160ad3906efba1127c076482c4555e79be517f75d93e8","Comprobación por el autor de sum(all(component in text for component in componentes) for text in textos) con ExactCooccurrenceIndex.count; componentes de nominal_query y corpus de source_snapshot. Coinciden ambos; resultado literal, no ausencia científica ni adjudicación de revisión."
"BN-459","6c392ed40862b8f5ee9bbeb3439244038f979b85a5199b44525bc2d5cd02238f","REINSPECCION","2026-09-27T01:29:24Z","/root (autor; no revisión independiente)","C-2688","data/busquedas_negativas/15_5_15-5-asociacion-integracion-y-transferencia.csv","data/tablas/09/table-43-9-4-1-fichas-comparativas-por-grado-de-integracion.csv","3","EGT al núcleo; importación de proteínas de vuelta","identidad=«Mecanismo: consorcio extracelular con transferencia de electrones — ANME–SRB»; campo=«EGT al núcleo; importación de proteínas de vuelta»; valor=«EGT: NO DOCUMENTADA; importación: NO DOCUMENTADA POR LAS C CITADAS»","0","451","62fe8db317f35c6679f79343610a8ebd1e1069944c66769b477742860e2791bc","8a33be0a189a42fe8a6c4b14ae5e36aa8df9da89aa312c045c6fd99de3c3f355","8267892735fc5d85b66160ad3906efba1127c076482c4555e79be517f75d93e8","Comprobación por el autor de sum(all(component in text for component in componentes) for text in textos) con ExactCooccurrenceIndex.count; componentes de nominal_query y corpus de source_snapshot. Coinciden ambos; resultado literal, no ausencia científica ni adjudicación de revisión."
"BN-460","2b3a51e78e5f6236344e6903b9176d11182237b22ed3e0cb95b076d99e6a1df7","REINSPECCION","2026-09-27T01:29:24Z","/root (autor; no revisión independiente)","C-2689","data/busquedas_negativas/15_5_15-5-asociacion-integracion-y-transferencia.csv","data/tablas/09/table-43-9-4-1-fichas-comparativas-por-grado-de-integracion.csv","3","estado obligado, facultativo o reversible","identidad=«Mecanismo: consorcio extracelular con transferencia de electrones — ANME–SRB»; campo=«estado obligado, facultativo o reversible»; valor=«estado de obligación no resuelto; consorcio extracelular estable»","0","451","62fe8db317f35c6679f79343610a8ebd1e1069944c66769b477742860e2791bc","8a33be0a189a42fe8a6c4b14ae5e36aa8df9da89aa312c045c6fd99de3c3f355","8267892735fc5d85b66160ad3906efba1127c076482c4555e79be517f75d93e8","Comprobación por el autor de sum(all(component in text for component in componentes) for text in textos) con ExactCooccurrenceIndex.count; componentes de nominal_query y corpus de source_snapshot. Coinciden ambos; resultado literal, no ausencia científica ni adjudicación de revisión."
"BN-461","2c96902a38d4bcc21c5b9cea60c8e422c7be4a2110ed4589471acaa46a7be8b0","REINSPECCION","2026-09-27T01:29:25Z","/root (autor; no revisión independiente)","C-2691","data/busquedas_negativas/15_5_15-5-asociacion-integracion-y-transferencia.csv","data/tablas/09/table-43-9-4-1-fichas-comparativas-por-grado-de-integracion.csv","4","transmisión","identidad=«Mecanismo: endosimbiosis metabólica — *Pelomyxa*–metanógenos»; campo=«transmisión»; valor=«NO DOCUMENTADA POR LAS C CITADAS EN ESTA FICHA»","0","451","62fe8db317f35c6679f79343610a8ebd1e1069944c66769b477742860e2791bc","8a33be0a189a42fe8a6c4b14ae5e36aa8df9da89aa312c045c6fd99de3c3f355","8267892735fc5d85b66160ad3906efba1127c076482c4555e79be517f75d93e8","Comprobación por el autor de sum(all(component in text for component in componentes) for text in textos) con ExactCooccurrenceIndex.count; componentes de nominal_query y corpus de source_snapshot. Coinciden ambos; resultado literal, no ausencia científica ni adjudicación de revisión."
"BN-462","ee82c775e329a476077f0742b4177f9d0cec74be02f441c4e5ac4202bc5b06c9","REINSPECCION","2026-09-27T01:29:25Z","/root (autor; no revisión independiente)","C-2692","data/busquedas_negativas/15_5_15-5-asociacion-integracion-y-transferencia.csv","data/tablas/09/table-43-9-4-1-fichas-comparativas-por-grado-de-integracion.csv","4","genoma del socio comparado con parientes de vida libre","identidad=«Mecanismo: endosimbiosis metabólica — *Pelomyxa*–metanógenos»; campo=«genoma del socio comparado con parientes de vida libre»; valor=«NO DOCUMENTADO POR LAS C CITADAS EN ESTA FICHA»","0","451","62fe8db317f35c6679f79343610a8ebd1e1069944c66769b477742860e2791bc","8a33be0a189a42fe8a6c4b14ae5e36aa8df9da89aa312c045c6fd99de3c3f355","8267892735fc5d85b66160ad3906efba1127c076482c4555e79be517f75d93e8","Comprobación por el autor de sum(all(component in text for component in componentes) for text in textos) con ExactCooccurrenceIndex.count; componentes de nominal_query y corpus de source_snapshot. Coinciden ambos; resultado literal, no ausencia científica ni adjudicación de revisión."
"BN-463","3b8b416fa6498157f5febb6ccdb2c2d45d59b3b4181ef73f2ba9d31a7164d7e3","REINSPECCION","2026-09-27T01:29:25Z","/root (autor; no revisión independiente)","C-2693","data/busquedas_negativas/15_5_15-5-asociacion-integracion-y-transferencia.csv","data/tablas/09/table-43-9-4-1-fichas-comparativas-por-grado-de-integracion.csv","4","EGT al núcleo; importación de proteínas de vuelta","identidad=«Mecanismo: endosimbiosis metabólica — *Pelomyxa*–metanógenos»; campo=«EGT al núcleo; importación de proteínas de vuelta»; valor=«EGT: NO DOCUMENTADA; importación: NO DOCUMENTADA POR LAS C CITADAS»","0","451","62fe8db317f35c6679f79343610a8ebd1e1069944c66769b477742860e2791bc","8a33be0a189a42fe8a6c4b14ae5e36aa8df9da89aa312c045c6fd99de3c3f355","8267892735fc5d85b66160ad3906efba1127c076482c4555e79be517f75d93e8","Comprobación por el autor de sum(all(component in text for component in componentes) for text in textos) con ExactCooccurrenceIndex.count; componentes de nominal_query y corpus de source_snapshot. Coinciden ambos; resultado literal, no ausencia científica ni adjudicación de revisión."
"BN-464","f934400120d8daa05ad0977ee6c51970fdeda2e68d0fac168bdc96fb4a00f3d0","REINSPECCION","2026-09-27T01:29:26Z","/root (autor; no revisión independiente)","C-2694","data/busquedas_negativas/15_5_15-5-asociacion-integracion-y-transferencia.csv","data/tablas/09/table-43-9-4-1-fichas-comparativas-por-grado-de-integracion.csv","4","estado obligado, facultativo o reversible","identidad=«Mecanismo: endosimbiosis metabólica — *Pelomyxa*–metanógenos»; campo=«estado obligado, facultativo o reversible»; valor=«estado de obligación no resuelto y la identidad del metanógeno de P. palustris no es universal»","0","451","62fe8db317f35c6679f79343610a8ebd1e1069944c66769b477742860e2791bc","8a33be0a189a42fe8a6c4b14ae5e36aa8df9da89aa312c045c6fd99de3c3f355","8267892735fc5d85b66160ad3906efba1127c076482c4555e79be517f75d93e8","Comprobación por el autor de sum(all(component in text for component in componentes) for text in textos) con ExactCooccurrenceIndex.count; componentes de nominal_query y corpus de source_snapshot. Coinciden ambos; resultado literal, no ausencia científica ni adjudicación de revisión."
"BN-465","e539505422b80a34658767ff30221a36a55feca3f302ab1c3212bdcf0a9fec00","REINSPECCION","2026-09-27T01:29:26Z","/root (autor; no revisión independiente)","C-2695","data/busquedas_negativas/15_5_15-5-asociacion-integracion-y-transferencia.csv","data/tablas/09/table-43-9-4-1-fichas-comparativas-por-grado-de-integracion.csv","5","aporte documentado del hospedador; aporte documentado del socio","identidad=«Mecanismo: adquisiciones múltiples con transmisión variable — ciliados anaerobios–metanógenos»; campo=«aporte documentado del hospedador; aporte documentado del socio»; valor=«Hospedador: hábitat intracelular y H₂; socio: metanogénesis; otros aportes NO DOCUMENTADOS POR LAS C CITADAS.»","0","451","62fe8db317f35c6679f79343610a8ebd1e1069944c66769b477742860e2791bc","8a33be0a189a42fe8a6c4b14ae5e36aa8df9da89aa312c045c6fd99de3c3f355","8267892735fc5d85b66160ad3906efba1127c076482c4555e79be517f75d93e8","Comprobación por el autor de sum(all(component in text for component in componentes) for text in textos) con ExactCooccurrenceIndex.count; componentes de nominal_query y corpus de source_snapshot. Coinciden ambos; resultado literal, no ausencia científica ni adjudicación de revisión."
"BN-466","e09f2361679858ff3698986f8ce6a8d2e67d9bead9dfa54ebc4d2914443ad195","REINSPECCION","2026-09-27T01:29:26Z","/root (autor; no revisión independiente)","C-2697","data/busquedas_negativas/15_5_15-5-asociacion-integracion-y-transferencia.csv","data/tablas/09/table-43-9-4-1-fichas-comparativas-por-grado-de-integracion.csv","5","genoma del socio comparado con parientes de vida libre","identidad=«Mecanismo: adquisiciones múltiples con transmisión variable — ciliados anaerobios–metanógenos»; campo=«genoma del socio comparado con parientes de vida libre»; valor=«NO DOCUMENTADO POR LAS C CITADAS EN ESTA FICHA»","0","451","62fe8db317f35c6679f79343610a8ebd1e1069944c66769b477742860e2791bc","8a33be0a189a42fe8a6c4b14ae5e36aa8df9da89aa312c045c6fd99de3c3f355","8267892735fc5d85b66160ad3906efba1127c076482c4555e79be517f75d93e8","Comprobación por el autor de sum(all(component in text for component in componentes) for text in textos) con ExactCooccurrenceIndex.count; componentes de nominal_query y corpus de source_snapshot. Coinciden ambos; resultado literal, no ausencia científica ni adjudicación de revisión."
"BN-467","14a4b81a626781ccc1a4728bec501a841f401b81efe5e073e8a0139a90000532","REINSPECCION","2026-09-27T01:29:27Z","/root (autor; no revisión independiente)","C-2698","data/busquedas_negativas/15_5_15-5-asociacion-integracion-y-transferencia.csv","data/tablas/09/table-43-9-4-1-fichas-comparativas-por-grado-de-integracion.csv","5","EGT al núcleo; importación de proteínas de vuelta","identidad=«Mecanismo: adquisiciones múltiples con transmisión variable — ciliados anaerobios–metanógenos»; campo=«EGT al núcleo; importación de proteínas de vuelta»; valor=«EGT: NO DOCUMENTADA; importación: NO DOCUMENTADA POR LAS C CITADAS»","0","451","62fe8db317f35c6679f79343610a8ebd1e1069944c66769b477742860e2791bc","8a33be0a189a42fe8a6c4b14ae5e36aa8df9da89aa312c045c6fd99de3c3f355","8267892735fc5d85b66160ad3906efba1127c076482c4555e79be517f75d93e8","Comprobación por el autor de sum(all(component in text for component in componentes) for text in textos) con ExactCooccurrenceIndex.count; componentes de nominal_query y corpus de source_snapshot. Coinciden ambos; resultado literal, no ausencia científica ni adjudicación de revisión."
"BN-468","eb3452332e5abbba1fca6398c58e7268e5f8ebfa86d793484d44734d2a7f06bd","REINSPECCION","2026-09-27T01:29:27Z","/root (autor; no revisión independiente)","C-2699","data/busquedas_negativas/15_5_15-5-asociacion-integracion-y-transferencia.csv","data/tablas/09/table-43-9-4-1-fichas-comparativas-por-grado-de-integracion.csv","5","estado obligado, facultativo o reversible","identidad=«Mecanismo: adquisiciones múltiples con transmisión variable — ciliados anaerobios–metanógenos»; campo=«estado obligado, facultativo o reversible»; valor=«depende del linaje; no se clasifica todo el grupo como obligado o facultativo»","0","451","62fe8db317f35c6679f79343610a8ebd1e1069944c66769b477742860e2791bc","8a33be0a189a42fe8a6c4b14ae5e36aa8df9da89aa312c045c6fd99de3c3f355","8267892735fc5d85b66160ad3906efba1127c076482c4555e79be517f75d93e8","Comprobación por el autor de sum(all(component in text for component in componentes) for text in textos) con ExactCooccurrenceIndex.count; componentes de nominal_query y corpus de source_snapshot. Coinciden ambos; resultado literal, no ausencia científica ni adjudicación de revisión."
"BN-469","a8ea34bea27b2fcb215b14c07b41da090cd98ad769849d0ba7ceee553f2785a3","REINSPECCION","2026-09-27T01:29:28Z","/root (autor; no revisión independiente)","C-2702","data/busquedas_negativas/15_5_15-5-asociacion-integracion-y-transferencia.csv","data/tablas/09/table-43-9-4-1-fichas-comparativas-por-grado-de-integracion.csv","6","transmisión","identidad=«Mecanismo: control hospedador de la división endosimbionte — *Angomonas deanei*–*Kinetoplastibacterium*»; campo=«transmisión»; valor=«división sincronizada con el ciclo celular del hospedador; modo entre generaciones NO DOCUMENTADO EN ESTA FICHA»","0","451","62fe8db317f35c6679f79343610a8ebd1e1069944c66769b477742860e2791bc","8a33be0a189a42fe8a6c4b14ae5e36aa8df9da89aa312c045c6fd99de3c3f355","8267892735fc5d85b66160ad3906efba1127c076482c4555e79be517f75d93e8","Comprobación por el autor de sum(all(component in text for component in componentes) for text in textos) con ExactCooccurrenceIndex.count; componentes de nominal_query y corpus de source_snapshot. Coinciden ambos; resultado literal, no ausencia científica ni adjudicación de revisión."
"BN-470","3ed0246f2cf1d42c68c52b5e4faea84a8122e6fe870b5bfb3b563aa676bc58ea","REINSPECCION","2026-09-27T01:29:29Z","/root (autor; no revisión independiente)","C-2704","data/busquedas_negativas/15_5_15-5-asociacion-integracion-y-transferencia.csv","data/tablas/09/table-43-9-4-1-fichas-comparativas-por-grado-de-integracion.csv","6","estado obligado, facultativo o reversible","identidad=«Mecanismo: control hospedador de la división endosimbionte — *Angomonas deanei*–*Kinetoplastibacterium*»; campo=«estado obligado, facultativo o reversible»; valor=«dependencia integrada; reversibilidad NO DOCUMENTADA»","0","451","62fe8db317f35c6679f79343610a8ebd1e1069944c66769b477742860e2791bc","8a33be0a189a42fe8a6c4b14ae5e36aa8df9da89aa312c045c6fd99de3c3f355","8267892735fc5d85b66160ad3906efba1127c076482c4555e79be517f75d93e8","Comprobación por el autor de sum(all(component in text for component in componentes) for text in textos) con ExactCooccurrenceIndex.count; componentes de nominal_query y corpus de source_snapshot. Coinciden ambos; resultado literal, no ausencia científica ni adjudicación de revisión."
"BN-471","00cc57bed86916d7bddbece401c93188cb5cdcd6e74f458554404601f43c7a3b","REINSPECCION","2026-09-27T01:29:29Z","/root (autor; no revisión independiente)","C-2705","data/busquedas_negativas/15_5_15-5-asociacion-integracion-y-transferencia.csv","data/tablas/09/table-43-9-4-1-fichas-comparativas-por-grado-de-integracion.csv","7","aporte documentado del hospedador; aporte documentado del socio","identidad=«Mecanismo: endosimbiosis eucariota obligada — *Paramoeba*–*Perkinsela*»; campo=«aporte documentado del hospedador; aporte documentado del socio»; valor=«Hospedador: citoplasma y metabolitos; socio: rutas complementarias dentro de una interdependencia metabólica.»","0","451","62fe8db317f35c6679f79343610a8ebd1e1069944c66769b477742860e2791bc","8a33be0a189a42fe8a6c4b14ae5e36aa8df9da89aa312c045c6fd99de3c3f355","8267892735fc5d85b66160ad3906efba1127c076482c4555e79be517f75d93e8","Comprobación por el autor de sum(all(component in text for component in componentes) for text in textos) con ExactCooccurrenceIndex.count; componentes de nominal_query y corpus de source_snapshot. Coinciden ambos; resultado literal, no ausencia científica ni adjudicación de revisión."
"BN-472","b33fb733973caa465c00259f403fdfd9155f1df7cabb28dd3d33104ddd9fb720","REINSPECCION","2026-09-27T01:29:29Z","/root (autor; no revisión independiente)","C-2707","data/busquedas_negativas/15_5_15-5-asociacion-integracion-y-transferencia.csv","data/tablas/09/table-43-9-4-1-fichas-comparativas-por-grado-de-integracion.csv","7","transmisión","identidad=«Mecanismo: endosimbiosis eucariota obligada — *Paramoeba*–*Perkinsela*»; campo=«transmisión»; valor=«NO DOCUMENTADA POR LAS C CITADAS EN ESTA FICHA»","0","451","62fe8db317f35c6679f79343610a8ebd1e1069944c66769b477742860e2791bc","8a33be0a189a42fe8a6c4b14ae5e36aa8df9da89aa312c045c6fd99de3c3f355","8267892735fc5d85b66160ad3906efba1127c076482c4555e79be517f75d93e8","Comprobación por el autor de sum(all(component in text for component in componentes) for text in textos) con ExactCooccurrenceIndex.count; componentes de nominal_query y corpus de source_snapshot. Coinciden ambos; resultado literal, no ausencia científica ni adjudicación de revisión."
"BN-473","4ce3eaf7718f139c7ddf31c50f70e6adc1c10fda6e7301733df211d5fa2f7c3a","REINSPECCION","2026-09-27T01:29:30Z","/root (autor; no revisión independiente)","C-2708","data/busquedas_negativas/15_5_15-5-asociacion-integracion-y-transferencia.csv","data/tablas/09/table-43-9-4-1-fichas-comparativas-por-grado-de-integracion.csv","7","genoma del socio comparado con parientes de vida libre","identidad=«Mecanismo: endosimbiosis eucariota obligada — *Paramoeba*–*Perkinsela*»; campo=«genoma del socio comparado con parientes de vida libre»; valor=«núcleo aprox. 9,5 Mb; mitocondria conserva 6 genes proteicos; comparación con pariente libre NO LOCALIZADA»","0","451","62fe8db317f35c6679f79343610a8ebd1e1069944c66769b477742860e2791bc","8a33be0a189a42fe8a6c4b14ae5e36aa8df9da89aa312c045c6fd99de3c3f355","8267892735fc5d85b66160ad3906efba1127c076482c4555e79be517f75d93e8","Comprobación por el autor de sum(all(component in text for component in componentes) for text in textos) con ExactCooccurrenceIndex.count; componentes de nominal_query y corpus de source_snapshot. Coinciden ambos; resultado literal, no ausencia científica ni adjudicación de revisión."
"BN-474","eab11c7bb93d0946fd34ff3fbe7973093b971fde7dfb77147beb66165abb8b3a","REINSPECCION","2026-09-27T01:29:30Z","/root (autor; no revisión independiente)","C-2709","data/busquedas_negativas/15_5_15-5-asociacion-integracion-y-transferencia.csv","data/tablas/09/table-43-9-4-1-fichas-comparativas-por-grado-de-integracion.csv","7","EGT al núcleo; importación de proteínas de vuelta","identidad=«Mecanismo: endosimbiosis eucariota obligada — *Paramoeba*–*Perkinsela*»; campo=«EGT al núcleo; importación de proteínas de vuelta»; valor=«EGT: NO DOCUMENTADA; importación de vuelta: NO DOCUMENTADA; Perkinsela incorpora material citoplasmático del hospedador»","0","451","62fe8db317f35c6679f79343610a8ebd1e1069944c66769b477742860e2791bc","8a33be0a189a42fe8a6c4b14ae5e36aa8df9da89aa312c045c6fd99de3c3f355","8267892735fc5d85b66160ad3906efba1127c076482c4555e79be517f75d93e8","Comprobación por el autor de sum(all(component in text for component in componentes) for text in textos) con ExactCooccurrenceIndex.count; componentes de nominal_query y corpus de source_snapshot. Coinciden ambos; resultado literal, no ausencia científica ni adjudicación de revisión."
"BN-475","d9f5fbe1770857253be71d07624c0898d634a30bcfc15d620795f7285f30a721","REINSPECCION","2026-09-27T01:29:31Z","/root (autor; no revisión independiente)","C-2710","data/busquedas_negativas/15_5_15-5-asociacion-integracion-y-transferencia.csv","data/tablas/09/table-43-9-4-1-fichas-comparativas-por-grado-de-integracion.csv","8","estado obligado, facultativo o reversible","identidad=«Mecanismo: orgánulo fotosintético con EGT e importación — *Paulinella chromatophora*–cromatóforo»; campo=«estado obligado, facultativo o reversible»; valor=«integración funcional heredada; reversibilidad NO DOCUMENTADA»","0","451","62fe8db317f35c6679f79343610a8ebd1e1069944c66769b477742860e2791bc","8a33be0a189a42fe8a6c4b14ae5e36aa8df9da89aa312c045c6fd99de3c3f355","8267892735fc5d85b66160ad3906efba1127c076482c4555e79be517f75d93e8","Comprobación por el autor de sum(all(component in text for component in componentes) for text in textos) con ExactCooccurrenceIndex.count; componentes de nominal_query y corpus de source_snapshot. Coinciden ambos; resultado literal, no ausencia científica ni adjudicación de revisión."
"BN-476","fde5f814e338b67d71f9c4b443b937f925ed374e66b3b1ac48afb567e021e0fc","REINSPECCION","2026-09-27T01:29:31Z","/root (autor; no revisión independiente)","C-2711","data/busquedas_negativas/15_5_15-5-asociacion-integracion-y-transferencia.csv","data/tablas/09/table-43-9-4-1-fichas-comparativas-por-grado-de-integracion.csv","9","transmisión","identidad=«Mecanismo: orgánulo fijador de nitrógeno propuesto — *Braarudosphaera bigelowii*–UCYN-A»; campo=«transmisión»; valor=«división coordinada con el ciclo celular; modo entre generaciones NO DOCUMENTADO EN ESTA FICHA»","0","451","62fe8db317f35c6679f79343610a8ebd1e1069944c66769b477742860e2791bc","8a33be0a189a42fe8a6c4b14ae5e36aa8df9da89aa312c045c6fd99de3c3f355","8267892735fc5d85b66160ad3906efba1127c076482c4555e79be517f75d93e8","Comprobación por el autor de sum(all(component in text for component in componentes) for text in textos) con ExactCooccurrenceIndex.count; componentes de nominal_query y corpus de source_snapshot. Coinciden ambos; resultado literal, no ausencia científica ni adjudicación de revisión."
"BN-477","f3485d0ae72d81e9f0eef50f777ce9977a189f5ddc1fd3666cd1907773aff9ad","REINSPECCION","2026-09-27T01:29:31Z","/root (autor; no revisión independiente)","C-2712","data/busquedas_negativas/15_5_15-5-asociacion-integracion-y-transferencia.csv","data/tablas/09/table-43-9-4-1-fichas-comparativas-por-grado-de-integracion.csv","9","genoma del socio comparado con parientes de vida libre","identidad=«Mecanismo: orgánulo fijador de nitrógeno propuesto — *Braarudosphaera bigelowii*–UCYN-A»; campo=«genoma del socio comparado con parientes de vida libre»; valor=«NO DOCUMENTADO POR LAS C CITADAS EN ESTA FICHA»","0","451","62fe8db317f35c6679f79343610a8ebd1e1069944c66769b477742860e2791bc","8a33be0a189a42fe8a6c4b14ae5e36aa8df9da89aa312c045c6fd99de3c3f355","8267892735fc5d85b66160ad3906efba1127c076482c4555e79be517f75d93e8","Comprobación por el autor de sum(all(component in text for component in componentes) for text in textos) con ExactCooccurrenceIndex.count; componentes de nominal_query y corpus de source_snapshot. Coinciden ambos; resultado literal, no ausencia científica ni adjudicación de revisión."
"BN-478","faf4bc49837e0caeb5f0d8fca75e0225b8b6ab0eab51165e0bf546b71fb230c1","REINSPECCION","2026-09-27T01:29:32Z","/root (autor; no revisión independiente)","C-2713","data/busquedas_negativas/15_5_15-5-asociacion-integracion-y-transferencia.csv","data/tablas/09/table-43-9-4-1-fichas-comparativas-por-grado-de-integracion.csv","9","EGT al núcleo; importación de proteínas de vuelta","identidad=«Mecanismo: orgánulo fijador de nitrógeno propuesto — *Braarudosphaera bigelowii*–UCYN-A»; campo=«EGT al núcleo; importación de proteínas de vuelta»; valor=«EGT: NO DEMOSTRADA POR LAS FUENTES RECUPERADAS; importación: proteínas nucleares dirigidas a UCYN-A»","0","451","62fe8db317f35c6679f79343610a8ebd1e1069944c66769b477742860e2791bc","8a33be0a189a42fe8a6c4b14ae5e36aa8df9da89aa312c045c6fd99de3c3f355","8267892735fc5d85b66160ad3906efba1127c076482c4555e79be517f75d93e8","Comprobación por el autor de sum(all(component in text for component in componentes) for text in textos) con ExactCooccurrenceIndex.count; componentes de nominal_query y corpus de source_snapshot. Coinciden ambos; resultado literal, no ausencia científica ni adjudicación de revisión."
"BN-479","9ec4e5c532929ccffd8673edfc883fed410930e3acf2fa5e9cfce90f4cb9e6db","REINSPECCION","2026-09-27T01:29:32Z","/root (autor; no revisión independiente)","C-2714","data/busquedas_negativas/15_5_15-5-asociacion-integracion-y-transferencia.csv","data/tablas/09/table-43-9-4-1-fichas-comparativas-por-grado-de-integracion.csv","9","estado obligado, facultativo o reversible","identidad=«Mecanismo: orgánulo fijador de nitrógeno propuesto — *Braarudosphaera bigelowii*–UCYN-A»; campo=«estado obligado, facultativo o reversible»; valor=«orgánulo propuesto; obligación y reversibilidad NO CLASIFICADAS POR LAS C CITADAS»","0","451","62fe8db317f35c6679f79343610a8ebd1e1069944c66769b477742860e2791bc","8a33be0a189a42fe8a6c4b14ae5e36aa8df9da89aa312c045c6fd99de3c3f355","8267892735fc5d85b66160ad3906efba1127c076482c4555e79be517f75d93e8","Comprobación por el autor de sum(all(component in text for component in componentes) for text in textos) con ExactCooccurrenceIndex.count; componentes de nominal_query y corpus de source_snapshot. Coinciden ambos; resultado literal, no ausencia científica ni adjudicación de revisión."
"BN-480","352320b3ca2d05cdbbf8f311a00305b2aaf267493f11d209418172a78d912d9f","REINSPECCION","2026-09-27T01:29:32Z","/root (autor; no revisión independiente)","C-2715","data/busquedas_negativas/15_5_15-5-asociacion-integracion-y-transferencia.csv","data/tablas/09/table-43-9-4-1-fichas-comparativas-por-grado-de-integracion.csv","10","aporte documentado del hospedador; aporte documentado del socio","identidad=«Mecanismo: transmisión vertical incompleta con readquisición — *Hatena arenicola*–*Nephroselmis*»; campo=«aporte documentado del hospedador; aporte documentado del socio»; valor=«Hospedador: aparato de alimentación y captura; socio: fotosíntesis y remodelación intracelular.»","0","451","62fe8db317f35c6679f79343610a8ebd1e1069944c66769b477742860e2791bc","8a33be0a189a42fe8a6c4b14ae5e36aa8df9da89aa312c045c6fd99de3c3f355","8267892735fc5d85b66160ad3906efba1127c076482c4555e79be517f75d93e8","Comprobación por el autor de sum(all(component in text for component in componentes) for text in textos) con ExactCooccurrenceIndex.count; componentes de nominal_query y corpus de source_snapshot. Coinciden ambos; resultado literal, no ausencia científica ni adjudicación de revisión."
"BN-481","cdf93ba9ec1d90404099438c12828f69b9069b8b13e347421b644a9e090eb5d2","REINSPECCION","2026-09-27T01:29:33Z","/root (autor; no revisión independiente)","C-2717","data/busquedas_negativas/15_5_15-5-asociacion-integracion-y-transferencia.csv","data/tablas/09/table-43-9-4-1-fichas-comparativas-por-grado-de-integracion.csv","10","genoma del socio comparado con parientes de vida libre","identidad=«Mecanismo: transmisión vertical incompleta con readquisición — *Hatena arenicola*–*Nephroselmis*»; campo=«genoma del socio comparado con parientes de vida libre»; valor=«NO DOCUMENTADO POR LAS C CITADAS EN ESTA FICHA»","0","451","62fe8db317f35c6679f79343610a8ebd1e1069944c66769b477742860e2791bc","8a33be0a189a42fe8a6c4b14ae5e36aa8df9da89aa312c045c6fd99de3c3f355","8267892735fc5d85b66160ad3906efba1127c076482c4555e79be517f75d93e8","Comprobación por el autor de sum(all(component in text for component in componentes) for text in textos) con ExactCooccurrenceIndex.count; componentes de nominal_query y corpus de source_snapshot. Coinciden ambos; resultado literal, no ausencia científica ni adjudicación de revisión."
"BN-482","8f51786ebee7d2f4ec3ac26b2effedb9dba908251041e98b06076339a602af94","REINSPECCION","2026-09-27T01:29:33Z","/root (autor; no revisión independiente)","C-2718","data/busquedas_negativas/15_5_15-5-asociacion-integracion-y-transferencia.csv","data/tablas/09/table-43-9-4-1-fichas-comparativas-por-grado-de-integracion.csv","10","EGT al núcleo; importación de proteínas de vuelta","identidad=«Mecanismo: transmisión vertical incompleta con readquisición — *Hatena arenicola*–*Nephroselmis*»; campo=«EGT al núcleo; importación de proteínas de vuelta»; valor=«EGT: 30 candidatos en informe de proyecto sin validación funcional publicada; importación: NO DOCUMENTADA»","0","451","62fe8db317f35c6679f79343610a8ebd1e1069944c66769b477742860e2791bc","8a33be0a189a42fe8a6c4b14ae5e36aa8df9da89aa312c045c6fd99de3c3f355","8267892735fc5d85b66160ad3906efba1127c076482c4555e79be517f75d93e8","Comprobación por el autor de sum(all(component in text for component in componentes) for text in textos) con ExactCooccurrenceIndex.count; componentes de nominal_query y corpus de source_snapshot. Coinciden ambos; resultado literal, no ausencia científica ni adjudicación de revisión."
"BN-483","283b2619f1eeb379621908d6b9f199ad6cc73e16ba3f859f4697d97af42a267a","REINSPECCION","2026-09-27T01:29:34Z","/root (autor; no revisión independiente)","C-2719","data/busquedas_negativas/15_5_15-5-asociacion-integracion-y-transferencia.csv","data/tablas/09/table-43-9-4-1-fichas-comparativas-por-grado-de-integracion.csv","11","aporte documentado del hospedador; aporte documentado del socio","identidad=«Mecanismo: cuerpo esferoidal fijador de nitrógeno tras pérdida fotosintética — *Rhopalodia*/*Epithemia*»; campo=«aporte documentado del hospedador; aporte documentado del socio»; valor=«Hospedador: ambiente y metabolitos NO DESGLOSADOS EN ESTA FICHA; socio: fijación de nitrógeno.»","0","451","62fe8db317f35c6679f79343610a8ebd1e1069944c66769b477742860e2791bc","8a33be0a189a42fe8a6c4b14ae5e36aa8df9da89aa312c045c6fd99de3c3f355","8267892735fc5d85b66160ad3906efba1127c076482c4555e79be517f75d93e8","Comprobación por el autor de sum(all(component in text for component in componentes) for text in textos) con ExactCooccurrenceIndex.count; componentes de nominal_query y corpus de source_snapshot. Coinciden ambos; resultado literal, no ausencia científica ni adjudicación de revisión."
"BN-484","37d9987b590add7c773ae305c5d533d7e4cf57253a4d865594addeaec6fc232e","REINSPECCION","2026-09-27T01:29:34Z","/root (autor; no revisión independiente)","C-2720","data/busquedas_negativas/15_5_15-5-asociacion-integracion-y-transferencia.csv","data/tablas/09/table-43-9-4-1-fichas-comparativas-por-grado-de-integracion.csv","11","transmisión","identidad=«Mecanismo: cuerpo esferoidal fijador de nitrógeno tras pérdida fotosintética — *Rhopalodia*/*Epithemia*»; campo=«transmisión»; valor=«NO DOCUMENTADA POR LAS C CITADAS EN ESTA FICHA»","0","451","62fe8db317f35c6679f79343610a8ebd1e1069944c66769b477742860e2791bc","8a33be0a189a42fe8a6c4b14ae5e36aa8df9da89aa312c045c6fd99de3c3f355","8267892735fc5d85b66160ad3906efba1127c076482c4555e79be517f75d93e8","Comprobación por el autor de sum(all(component in text for component in componentes) for text in textos) con ExactCooccurrenceIndex.count; componentes de nominal_query y corpus de source_snapshot. Coinciden ambos; resultado literal, no ausencia científica ni adjudicación de revisión."
"BN-485","3041326404afc125de137245a6033b1c2269817ab2fb86d2f423133d7dd80b94","REINSPECCION","2026-09-27T01:29:35Z","/root (autor; no revisión independiente)","C-2721","data/busquedas_negativas/15_5_15-5-asociacion-integracion-y-transferencia.csv","data/tablas/09/table-43-9-4-1-fichas-comparativas-por-grado-de-integracion.csv","11","genoma del socio comparado con parientes de vida libre","identidad=«Mecanismo: cuerpo esferoidal fijador de nitrógeno tras pérdida fotosintética — *Rhopalodia*/*Epithemia*»; campo=«genoma del socio comparado con parientes de vida libre»; valor=«genoma cianobacteriano reducido y no fotosintético; comparación cuantitativa con pariente libre NO LOCALIZADA»","0","451","62fe8db317f35c6679f79343610a8ebd1e1069944c66769b477742860e2791bc","8a33be0a189a42fe8a6c4b14ae5e36aa8df9da89aa312c045c6fd99de3c3f355","8267892735fc5d85b66160ad3906efba1127c076482c4555e79be517f75d93e8","Comprobación por el autor de sum(all(component in text for component in componentes) for text in textos) con ExactCooccurrenceIndex.count; componentes de nominal_query y corpus de source_snapshot. Coinciden ambos; resultado literal, no ausencia científica ni adjudicación de revisión."
"BN-486","3884874ad7bf3d0c338916547211303fcc03f23d0470c84e31b5a85603f48ce8","REINSPECCION","2026-09-27T01:29:35Z","/root (autor; no revisión independiente)","C-2722","data/busquedas_negativas/15_5_15-5-asociacion-integracion-y-transferencia.csv","data/tablas/09/table-43-9-4-1-fichas-comparativas-por-grado-de-integracion.csv","11","EGT al núcleo; importación de proteínas de vuelta","identidad=«Mecanismo: cuerpo esferoidal fijador de nitrógeno tras pérdida fotosintética — *Rhopalodia*/*Epithemia*»; campo=«EGT al núcleo; importación de proteínas de vuelta»; valor=«EGT: transferencias detectadas no funcionales en Epithemia; importación: NO DOCUMENTADA»","0","451","62fe8db317f35c6679f79343610a8ebd1e1069944c66769b477742860e2791bc","8a33be0a189a42fe8a6c4b14ae5e36aa8df9da89aa312c045c6fd99de3c3f355","8267892735fc5d85b66160ad3906efba1127c076482c4555e79be517f75d93e8","Comprobación por el autor de sum(all(component in text for component in componentes) for text in textos) con ExactCooccurrenceIndex.count; componentes de nominal_query y corpus de source_snapshot. Coinciden ambos; resultado literal, no ausencia científica ni adjudicación de revisión."
"BN-487","253c601e6671a3ac14a8c86af865fc232ce4c0b52e8982ac1be2a337e33d3641","REINSPECCION","2026-09-27T01:29:36Z","/root (autor; no revisión independiente)","C-2723","data/busquedas_negativas/15_5_15-5-asociacion-integracion-y-transferencia.csv","data/tablas/09/table-43-9-4-1-fichas-comparativas-por-grado-de-integracion.csv","11","estado obligado, facultativo o reversible","identidad=«Mecanismo: cuerpo esferoidal fijador de nitrógeno tras pérdida fotosintética — *Rhopalodia*/*Epithemia*»; campo=«estado obligado, facultativo o reversible»; valor=«especializada; obligación o reversibilidad NO CLASIFICADAS POR LAS C CITADAS»","0","451","62fe8db317f35c6679f79343610a8ebd1e1069944c66769b477742860e2791bc","8a33be0a189a42fe8a6c4b14ae5e36aa8df9da89aa312c045c6fd99de3c3f355","8267892735fc5d85b66160ad3906efba1127c076482c4555e79be517f75d93e8","Comprobación por el autor de sum(all(component in text for component in componentes) for text in textos) con ExactCooccurrenceIndex.count; componentes de nominal_query y corpus de source_snapshot. Coinciden ambos; resultado literal, no ausencia científica ni adjudicación de revisión."
"BN-488","8a20a060f17bd99cb7552f508b0c8306aff875ad71410def39bff2c892152559","REINSPECCION","2026-09-27T01:29:37Z","/root (autor; no revisión independiente)","C-2724","data/busquedas_negativas/15_5_15-5-asociacion-integracion-y-transferencia.csv","data/tablas/09/table-43-9-4-1-fichas-comparativas-por-grado-de-integracion.csv","12","aporte documentado del hospedador; aporte documentado del socio","identidad=«Mecanismo: adquisición trófica reiterada de orgánulos y núcleo — *Mesodinium rubrum*–criptófita»; campo=«aporte documentado del hospedador; aporte documentado del socio»; valor=«Hospedador: captura y mantenimiento; socio: plastos, mitocondrias, nucleomorfos y núcleos secuestrados.»","0","451","62fe8db317f35c6679f79343610a8ebd1e1069944c66769b477742860e2791bc","8a33be0a189a42fe8a6c4b14ae5e36aa8df9da89aa312c045c6fd99de3c3f355","8267892735fc5d85b66160ad3906efba1127c076482c4555e79be517f75d93e8","Comprobación por el autor de sum(all(component in text for component in componentes) for text in textos) con ExactCooccurrenceIndex.count; componentes de nominal_query y corpus de source_snapshot. Coinciden ambos; resultado literal, no ausencia científica ni adjudicación de revisión."
"BN-489","e9322c912824fda68f4f3837ddc8651616bccd17eea09814d889262abb263dd8","REINSPECCION","2026-09-27T01:29:37Z","/root (autor; no revisión independiente)","C-2726","data/busquedas_negativas/15_5_15-5-asociacion-integracion-y-transferencia.csv","data/tablas/09/table-43-9-4-1-fichas-comparativas-por-grado-de-integracion.csv","12","genoma del socio comparado con parientes de vida libre","identidad=«Mecanismo: adquisición trófica reiterada de orgánulos y núcleo — *Mesodinium rubrum*–criptófita»; campo=«genoma del socio comparado con parientes de vida libre»; valor=«orgánulos y núcleo retenidos; comparación con parientes libres NO LOCALIZADA»","0","451","62fe8db317f35c6679f79343610a8ebd1e1069944c66769b477742860e2791bc","8a33be0a189a42fe8a6c4b14ae5e36aa8df9da89aa312c045c6fd99de3c3f355","8267892735fc5d85b66160ad3906efba1127c076482c4555e79be517f75d93e8","Comprobación por el autor de sum(all(component in text for component in componentes) for text in textos) con ExactCooccurrenceIndex.count; componentes de nominal_query y corpus de source_snapshot. Coinciden ambos; resultado literal, no ausencia científica ni adjudicación de revisión."
"BN-490","f1910d88b946574efefe5d65621a16701a28fab6e6a3b8dc4c45217ebf3398c0","REINSPECCION","2026-09-27T01:29:38Z","/root (autor; no revisión independiente)","C-2727","data/busquedas_negativas/15_5_15-5-asociacion-integracion-y-transferencia.csv","data/tablas/09/table-43-9-4-1-fichas-comparativas-por-grado-de-integracion.csv","12","EGT al núcleo; importación de proteínas de vuelta","identidad=«Mecanismo: adquisición trófica reiterada de orgánulos y núcleo — *Mesodinium rubrum*–criptófita»; campo=«EGT al núcleo; importación de proteínas de vuelta»; valor=«EGT: NO DOCUMENTADA; importación: NO DOCUMENTADA POR LAS C CITADAS»","0","451","62fe8db317f35c6679f79343610a8ebd1e1069944c66769b477742860e2791bc","8a33be0a189a42fe8a6c4b14ae5e36aa8df9da89aa312c045c6fd99de3c3f355","8267892735fc5d85b66160ad3906efba1127c076482c4555e79be517f75d93e8","Comprobación por el autor de sum(all(component in text for component in componentes) for text in textos) con ExactCooccurrenceIndex.count; componentes de nominal_query y corpus de source_snapshot. Coinciden ambos; resultado literal, no ausencia científica ni adjudicación de revisión."
"BN-491","d84d360f9c2040bf6e5263456e4cab2389cd000fa0632210dd312c2260dc8699","REINSPECCION","2026-09-27T01:29:38Z","/root (autor; no revisión independiente)","C-2729","data/busquedas_negativas/15_5_15-5-asociacion-integracion-y-transferencia.csv","data/tablas/09/table-43-9-4-1-fichas-comparativas-por-grado-de-integracion.csv","13","genoma del socio comparado con parientes de vida libre","identidad=«Mecanismo: kleptoplastia vía presa intermediaria — *Dinophysis*–plastos criptófitos»; campo=«genoma del socio comparado con parientes de vida libre»; valor=«NO DOCUMENTADO POR LAS C CITADAS EN ESTA FICHA»","0","451","62fe8db317f35c6679f79343610a8ebd1e1069944c66769b477742860e2791bc","8a33be0a189a42fe8a6c4b14ae5e36aa8df9da89aa312c045c6fd99de3c3f355","8267892735fc5d85b66160ad3906efba1127c076482c4555e79be517f75d93e8","Comprobación por el autor de sum(all(component in text for component in componentes) for text in textos) con ExactCooccurrenceIndex.count; componentes de nominal_query y corpus de source_snapshot. Coinciden ambos; resultado literal, no ausencia científica ni adjudicación de revisión."
"BN-492","564927a01829cd277c99b620aa06d94285347e7956a4d1b736cafbf3fa3cffbe","REINSPECCION","2026-09-27T01:29:39Z","/root (autor; no revisión independiente)","C-2730","data/busquedas_negativas/15_5_15-5-asociacion-integracion-y-transferencia.csv","data/tablas/09/table-43-9-4-1-fichas-comparativas-por-grado-de-integracion.csv","13","EGT al núcleo; importación de proteínas de vuelta","identidad=«Mecanismo: kleptoplastia vía presa intermediaria — *Dinophysis*–plastos criptófitos»; campo=«EGT al núcleo; importación de proteínas de vuelta»; valor=«EGT: NO DOCUMENTADA; importación: NO DOCUMENTADA POR LAS C CITADAS»","0","451","62fe8db317f35c6679f79343610a8ebd1e1069944c66769b477742860e2791bc","8a33be0a189a42fe8a6c4b14ae5e36aa8df9da89aa312c045c6fd99de3c3f355","8267892735fc5d85b66160ad3906efba1127c076482c4555e79be517f75d93e8","Comprobación por el autor de sum(all(component in text for component in componentes) for text in textos) con ExactCooccurrenceIndex.count; componentes de nominal_query y corpus de source_snapshot. Coinciden ambos; resultado literal, no ausencia científica ni adjudicación de revisión."
"BN-493","e45020e1f62023cf2e94ef990b18f32caee02a5c740fda0907f0002b002afe56","REINSPECCION","2026-09-27T01:29:39Z","/root (autor; no revisión independiente)","C-2731","data/busquedas_negativas/15_5_15-5-asociacion-integracion-y-transferencia.csv","data/tablas/09/table-43-9-4-1-fichas-comparativas-por-grado-de-integracion.csv","13","estado obligado, facultativo o reversible","identidad=«Mecanismo: kleptoplastia vía presa intermediaria — *Dinophysis*–plastos criptófitos»; campo=«estado obligado, facultativo o reversible»; valor=«reversible por reposición trófica; no asociación heredada demostrada»","0","451","62fe8db317f35c6679f79343610a8ebd1e1069944c66769b477742860e2791bc","8a33be0a189a42fe8a6c4b14ae5e36aa8df9da89aa312c045c6fd99de3c3f355","8267892735fc5d85b66160ad3906efba1127c076482c4555e79be517f75d93e8","Comprobación por el autor de sum(all(component in text for component in componentes) for text in textos) con ExactCooccurrenceIndex.count; componentes de nominal_query y corpus de source_snapshot. Coinciden ambos; resultado literal, no ausencia científica ni adjudicación de revisión."
"BN-494","0e3cf93235d9f2c9da67296f6d8766bb3a409abc45911ad21e23d06f378c63de","REINSPECCION","2026-09-27T01:29:40Z","/root (autor; no revisión independiente)","C-2733","data/busquedas_negativas/15_5_15-5-asociacion-integracion-y-transferencia.csv","data/tablas/09/table-43-9-4-1-fichas-comparativas-por-grado-de-integracion.csv","14","genoma del socio comparado con parientes de vida libre","identidad=«Mecanismo: kleptoplastia animal sin HGT nuclear extensa — *Elysia*/*Plakobranchus*–plastos»; campo=«genoma del socio comparado con parientes de vida libre»; valor=«NO DOCUMENTADO POR LAS C CITADAS EN ESTA FICHA»","0","451","62fe8db317f35c6679f79343610a8ebd1e1069944c66769b477742860e2791bc","8a33be0a189a42fe8a6c4b14ae5e36aa8df9da89aa312c045c6fd99de3c3f355","8267892735fc5d85b66160ad3906efba1127c076482c4555e79be517f75d93e8","Comprobación por el autor de sum(all(component in text for component in componentes) for text in textos) con ExactCooccurrenceIndex.count; componentes de nominal_query y corpus de source_snapshot. Coinciden ambos; resultado literal, no ausencia científica ni adjudicación de revisión."
"BN-495","44fa2625f5fcf759dcc2b654db117961e6e89aed2ec629701189b086b9351d1c","REINSPECCION","2026-09-27T01:29:41Z","/root (autor; no revisión independiente)","C-2734","data/busquedas_negativas/15_5_15-5-asociacion-integracion-y-transferencia.csv","data/tablas/09/table-43-9-4-1-fichas-comparativas-por-grado-de-integracion.csv","14","EGT al núcleo; importación de proteínas de vuelta","identidad=«Mecanismo: kleptoplastia animal sin HGT nuclear extensa — *Elysia*/*Plakobranchus*–plastos»; campo=«EGT al núcleo; importación de proteínas de vuelta»; valor=«EGT: sin HGT nuclear extensa demostrada en los genomas examinados; importación: NO DOCUMENTADA»","0","451","62fe8db317f35c6679f79343610a8ebd1e1069944c66769b477742860e2791bc","8a33be0a189a42fe8a6c4b14ae5e36aa8df9da89aa312c045c6fd99de3c3f355","8267892735fc5d85b66160ad3906efba1127c076482c4555e79be517f75d93e8","Comprobación por el autor de sum(all(component in text for component in componentes) for text in textos) con ExactCooccurrenceIndex.count; componentes de nominal_query y corpus de source_snapshot. Coinciden ambos; resultado literal, no ausencia científica ni adjudicación de revisión."
"BN-496","e2736e00fc331d30d63c057c5f57905b1aea58858ff75e6cb00a6260ce343e69","REINSPECCION","2026-09-27T01:29:41Z","/root (autor; no revisión independiente)","C-2735","data/busquedas_negativas/15_5_15-5-asociacion-integracion-y-transferencia.csv","data/tablas/09/table-43-9-4-1-fichas-comparativas-por-grado-de-integracion.csv","15","aporte documentado del hospedador; aporte documentado del socio","identidad=«Mecanismo: endosimbiosis secundaria con núcleo reducido retenido — criptófitos/cloraracniófitos–nucleomorfo»; campo=«aporte documentado del hospedador; aporte documentado del socio»; valor=«Hospedador: compartimentalización y mantenimiento; socio: genoma nucleomórfico reducido.»","0","451","62fe8db317f35c6679f79343610a8ebd1e1069944c66769b477742860e2791bc","8a33be0a189a42fe8a6c4b14ae5e36aa8df9da89aa312c045c6fd99de3c3f355","8267892735fc5d85b66160ad3906efba1127c076482c4555e79be517f75d93e8","Comprobación por el autor de sum(all(component in text for component in componentes) for text in textos) con ExactCooccurrenceIndex.count; componentes de nominal_query y corpus de source_snapshot. Coinciden ambos; resultado literal, no ausencia científica ni adjudicación de revisión."
"BN-497","8c1b544bf8d5cb8beb260fbffcf0049a8ed79a372ce85f1648d49d4ab3478428","REINSPECCION","2026-09-27T01:29:42Z","/root (autor; no revisión independiente)","C-2737","data/busquedas_negativas/15_5_15-5-asociacion-integracion-y-transferencia.csv","data/tablas/09/table-43-9-4-1-fichas-comparativas-por-grado-de-integracion.csv","15","transmisión","identidad=«Mecanismo: endosimbiosis secundaria con núcleo reducido retenido — criptófitos/cloraracniófitos–nucleomorfo»; campo=«transmisión»; valor=«NO DOCUMENTADA POR LAS C CITADAS EN ESTA FICHA»","0","451","62fe8db317f35c6679f79343610a8ebd1e1069944c66769b477742860e2791bc","8a33be0a189a42fe8a6c4b14ae5e36aa8df9da89aa312c045c6fd99de3c3f355","8267892735fc5d85b66160ad3906efba1127c076482c4555e79be517f75d93e8","Comprobación por el autor de sum(all(component in text for component in componentes) for text in textos) con ExactCooccurrenceIndex.count; componentes de nominal_query y corpus de source_snapshot. Coinciden ambos; resultado literal, no ausencia científica ni adjudicación de revisión."
"BN-498","32028803185cd2a645cbd83c41bb756f1837c45de594d722fcdb24d4d9d271bd","REINSPECCION","2026-09-27T01:29:42Z","/root (autor; no revisión independiente)","C-2738","data/busquedas_negativas/15_5_15-5-asociacion-integracion-y-transferencia.csv","data/tablas/09/table-43-9-4-1-fichas-comparativas-por-grado-de-integracion.csv","15","genoma del socio comparado con parientes de vida libre","identidad=«Mecanismo: endosimbiosis secundaria con núcleo reducido retenido — criptófitos/cloraracniófitos–nucleomorfo»; campo=«genoma del socio comparado con parientes de vida libre»; valor=«373 kb/331 genes en *Bigelowiella*; 551 kb en *Guillardia*; comparación con pariente libre NO CUANTIFICADA EN ESTA FICHA»","0","451","62fe8db317f35c6679f79343610a8ebd1e1069944c66769b477742860e2791bc","8a33be0a189a42fe8a6c4b14ae5e36aa8df9da89aa312c045c6fd99de3c3f355","8267892735fc5d85b66160ad3906efba1127c076482c4555e79be517f75d93e8","Comprobación por el autor de sum(all(component in text for component in componentes) for text in textos) con ExactCooccurrenceIndex.count; componentes de nominal_query y corpus de source_snapshot. Coinciden ambos; resultado literal, no ausencia científica ni adjudicación de revisión."
"BN-499","07aaf711c9a5c67d6ec78edfae4e33c0db5862ee734421bee12cde1aca3f2eda","REINSPECCION","2026-09-27T01:29:43Z","/root (autor; no revisión independiente)","C-2739","data/busquedas_negativas/15_5_15-5-asociacion-integracion-y-transferencia.csv","data/tablas/09/table-43-9-4-1-fichas-comparativas-por-grado-de-integracion.csv","15","EGT al núcleo; importación de proteínas de vuelta","identidad=«Mecanismo: endosimbiosis secundaria con núcleo reducido retenido — criptófitos/cloraracniófitos–nucleomorfo»; campo=«EGT al núcleo; importación de proteínas de vuelta»; valor=«EGT: NO DOCUMENTADA EN ESTA FICHA; importación: NO DOCUMENTADA EN ESTA FICHA»","0","451","62fe8db317f35c6679f79343610a8ebd1e1069944c66769b477742860e2791bc","8a33be0a189a42fe8a6c4b14ae5e36aa8df9da89aa312c045c6fd99de3c3f355","8267892735fc5d85b66160ad3906efba1127c076482c4555e79be517f75d93e8","Comprobación por el autor de sum(all(component in text for component in componentes) for text in textos) con ExactCooccurrenceIndex.count; componentes de nominal_query y corpus de source_snapshot. Coinciden ambos; resultado literal, no ausencia científica ni adjudicación de revisión."
"BN-500","a36d2055bd09d550fd77d4aabe091fe23daf8675cdb2a0670d2f8a1a4503279f","REINSPECCION","2026-09-27T01:29:43Z","/root (autor; no revisión independiente)","C-2740","data/busquedas_negativas/15_5_15-5-asociacion-integracion-y-transferencia.csv","data/tablas/09/table-43-9-4-1-fichas-comparativas-por-grado-de-integracion.csv","15","estado obligado, facultativo o reversible","identidad=«Mecanismo: endosimbiosis secundaria con núcleo reducido retenido — criptófitos/cloraracniófitos–nucleomorfo»; campo=«estado obligado, facultativo o reversible»; valor=«dos integraciones independientes; obligación/reversibilidad NO CLASIFICADAS POR LAS C CITADAS»","0","451","62fe8db317f35c6679f79343610a8ebd1e1069944c66769b477742860e2791bc","8a33be0a189a42fe8a6c4b14ae5e36aa8df9da89aa312c045c6fd99de3c3f355","8267892735fc5d85b66160ad3906efba1127c076482c4555e79be517f75d93e8","Comprobación por el autor de sum(all(component in text for component in componentes) for text in textos) con ExactCooccurrenceIndex.count; componentes de nominal_query y corpus de source_snapshot. Coinciden ambos; resultado literal, no ausencia científica ni adjudicación de revisión."
"BN-501","c388b907931e6b2cc1bcaf7b5975ae6a2e6d24c02857cd474d63b84b71f8c7ce","REINSPECCION","2026-09-27T01:29:44Z","/root (autor; no revisión independiente)","C-2742","data/busquedas_negativas/15_5_15-5-asociacion-integracion-y-transferencia.csv","data/tablas/09/table-43-9-4-1-fichas-comparativas-por-grado-de-integracion.csv","16","transmisión","identidad=«Mecanismo: endosimbiosis terciaria con núcleo y mitocondrias retenidos — dinotomos–endosimbionte diatomeo»; campo=«transmisión»; valor=«NO DOCUMENTADA POR LAS C CITADAS EN ESTA FICHA»","0","451","62fe8db317f35c6679f79343610a8ebd1e1069944c66769b477742860e2791bc","8a33be0a189a42fe8a6c4b14ae5e36aa8df9da89aa312c045c6fd99de3c3f355","8267892735fc5d85b66160ad3906efba1127c076482c4555e79be517f75d93e8","Comprobación por el autor de sum(all(component in text for component in componentes) for text in textos) con ExactCooccurrenceIndex.count; componentes de nominal_query y corpus de source_snapshot. Coinciden ambos; resultado literal, no ausencia científica ni adjudicación de revisión."
"BN-502","29ae2c43c8f0e0209f420fae759e752660e3a9366296e21483dbf8e04aa6c585","REINSPECCION","2026-09-27T01:29:44Z","/root (autor; no revisión independiente)","C-2743","data/busquedas_negativas/15_5_15-5-asociacion-integracion-y-transferencia.csv","data/tablas/09/table-43-9-4-1-fichas-comparativas-por-grado-de-integracion.csv","16","EGT al núcleo; importación de proteínas de vuelta","identidad=«Mecanismo: endosimbiosis terciaria con núcleo y mitocondrias retenidos — dinotomos–endosimbionte diatomeo»; campo=«EGT al núcleo; importación de proteínas de vuelta»; valor=«EGT: 9 candidatos; importación: NO DOCUMENTADA POR LAS C CITADAS»","0","451","62fe8db317f35c6679f79343610a8ebd1e1069944c66769b477742860e2791bc","8a33be0a189a42fe8a6c4b14ae5e36aa8df9da89aa312c045c6fd99de3c3f355","8267892735fc5d85b66160ad3906efba1127c076482c4555e79be517f75d93e8","Comprobación por el autor de sum(all(component in text for component in componentes) for text in textos) con ExactCooccurrenceIndex.count; componentes de nominal_query y corpus de source_snapshot. Coinciden ambos; resultado literal, no ausencia científica ni adjudicación de revisión."
"BN-503","c027b4b22c80b520baac3ae69baf6cf58dc8328acda008ccdf1eec6e02e5369c","REINSPECCION","2026-09-27T01:29:44Z","/root (autor; no revisión independiente)","C-2744","data/busquedas_negativas/15_5_15-5-asociacion-integracion-y-transferencia.csv","data/tablas/09/table-43-9-4-1-fichas-comparativas-por-grado-de-integracion.csv","17","aporte documentado del hospedador; aporte documentado del socio","identidad=«Mecanismo: reemplazo terciario por plasto haptófito — kareniáceos–plasto haptófito»; campo=«aporte documentado del hospedador; aporte documentado del socio»; valor=«Hospedador: mantenimiento e integración nuclear; socio: fotosíntesis.»","0","451","62fe8db317f35c6679f79343610a8ebd1e1069944c66769b477742860e2791bc","8a33be0a189a42fe8a6c4b14ae5e36aa8df9da89aa312c045c6fd99de3c3f355","8267892735fc5d85b66160ad3906efba1127c076482c4555e79be517f75d93e8","Comprobación por el autor de sum(all(component in text for component in componentes) for text in textos) con ExactCooccurrenceIndex.count; componentes de nominal_query y corpus de source_snapshot. Coinciden ambos; resultado literal, no ausencia científica ni adjudicación de revisión."
"BN-504","86b0ea01d2738bdd4f75310a64cac8cf0b02a2017e6c20608a4dfd27373ed43e","REINSPECCION","2026-09-27T01:29:45Z","/root (autor; no revisión independiente)","C-2746","data/busquedas_negativas/15_5_15-5-asociacion-integracion-y-transferencia.csv","data/tablas/09/table-43-9-4-1-fichas-comparativas-por-grado-de-integracion.csv","17","transmisión","identidad=«Mecanismo: reemplazo terciario por plasto haptófito — kareniáceos–plasto haptófito»; campo=«transmisión»; valor=«NO DOCUMENTADA POR LAS C CITADAS EN ESTA FICHA»","0","451","62fe8db317f35c6679f79343610a8ebd1e1069944c66769b477742860e2791bc","8a33be0a189a42fe8a6c4b14ae5e36aa8df9da89aa312c045c6fd99de3c3f355","8267892735fc5d85b66160ad3906efba1127c076482c4555e79be517f75d93e8","Comprobación por el autor de sum(all(component in text for component in componentes) for text in textos) con ExactCooccurrenceIndex.count; componentes de nominal_query y corpus de source_snapshot. Coinciden ambos; resultado literal, no ausencia científica ni adjudicación de revisión."
"BN-505","bddd7a38722b8bd423ad8c79221fa0a9366a01b07d972baa7764a317d7652e51","REINSPECCION","2026-09-27T01:29:45Z","/root (autor; no revisión independiente)","C-2747","data/busquedas_negativas/15_5_15-5-asociacion-integracion-y-transferencia.csv","data/tablas/09/table-43-9-4-1-fichas-comparativas-por-grado-de-integracion.csv","17","EGT al núcleo; importación de proteínas de vuelta","identidad=«Mecanismo: reemplazo terciario por plasto haptófito — kareniáceos–plasto haptófito»; campo=«EGT al núcleo; importación de proteínas de vuelta»; valor=«EGT: 90 candidatos; importación: NO DOCUMENTADA POR LAS C CITADAS»","0","451","62fe8db317f35c6679f79343610a8ebd1e1069944c66769b477742860e2791bc","8a33be0a189a42fe8a6c4b14ae5e36aa8df9da89aa312c045c6fd99de3c3f355","8267892735fc5d85b66160ad3906efba1127c076482c4555e79be517f75d93e8","Comprobación por el autor de sum(all(component in text for component in componentes) for text in textos) con ExactCooccurrenceIndex.count; componentes de nominal_query y corpus de source_snapshot. Coinciden ambos; resultado literal, no ausencia científica ni adjudicación de revisión."
"BN-506","51211eae89d5d220c9bd4128f3c9e8def54cc4808b96392cc0dbaa7d00524119","REINSPECCION","2026-09-27T01:29:45Z","/root (autor; no revisión independiente)","C-2748","data/busquedas_negativas/15_5_15-5-asociacion-integracion-y-transferencia.csv","data/tablas/09/table-43-9-4-1-fichas-comparativas-por-grado-de-integracion.csv","17","estado obligado, facultativo o reversible","identidad=«Mecanismo: reemplazo terciario por plasto haptófito — kareniáceos–plasto haptófito»; campo=«estado obligado, facultativo o reversible»; valor=«integrada; una o varias adquisiciones no resueltas; reversibilidad NO DOCUMENTADA»","0","451","62fe8db317f35c6679f79343610a8ebd1e1069944c66769b477742860e2791bc","8a33be0a189a42fe8a6c4b14ae5e36aa8df9da89aa312c045c6fd99de3c3f355","8267892735fc5d85b66160ad3906efba1127c076482c4555e79be517f75d93e8","Comprobación por el autor de sum(all(component in text for component in componentes) for text in textos) con ExactCooccurrenceIndex.count; componentes de nominal_query y corpus de source_snapshot. Coinciden ambos; resultado literal, no ausencia científica ni adjudicación de revisión."
"BN-507","4f13993855c6931068f72d44ab53e92cdbc1bf5ab1ab3f8d54852a27c843a01f","REINSPECCION","2026-09-27T01:29:46Z","/root (autor; no revisión independiente)","C-2750","data/busquedas_negativas/15_5_15-5-asociacion-integracion-y-transferencia.csv","data/tablas/09/table-43-9-4-1-fichas-comparativas-por-grado-de-integracion.csv","18","transmisión","identidad=«Mecanismo: endosimbiosis anidada con reemplazo — *Tremblaya*–*Moranella*–piojo harinoso»; campo=«transmisión»; valor=«reemplazos históricos del endosimbionte interno en distintos linajes; modo generacional NO DOCUMENTADO EN ESTA FICHA»","0","451","62fe8db317f35c6679f79343610a8ebd1e1069944c66769b477742860e2791bc","8a33be0a189a42fe8a6c4b14ae5e36aa8df9da89aa312c045c6fd99de3c3f355","8267892735fc5d85b66160ad3906efba1127c076482c4555e79be517f75d93e8","Comprobación por el autor de sum(all(component in text for component in componentes) for text in textos) con ExactCooccurrenceIndex.count; componentes de nominal_query y corpus de source_snapshot. Coinciden ambos; resultado literal, no ausencia científica ni adjudicación de revisión."
"BN-508","0ad1102212b7a7036db9c2e5fb4a2c48f54ce5827b7ba50d147a7aadb5550bde","REINSPECCION","2026-09-27T01:29:46Z","/root (autor; no revisión independiente)","C-2751","data/busquedas_negativas/15_5_15-5-asociacion-integracion-y-transferencia.csv","data/tablas/09/table-43-9-4-1-fichas-comparativas-por-grado-de-integracion.csv","18","genoma del socio comparado con parientes de vida libre","identidad=«Mecanismo: endosimbiosis anidada con reemplazo — *Tremblaya*–*Moranella*–piojo harinoso»; campo=«genoma del socio comparado con parientes de vida libre»; valor=«138.927 bp y 538.294 bp; comparación con parientes libres NO CUANTIFICADA EN ESTA FICHA»","0","451","62fe8db317f35c6679f79343610a8ebd1e1069944c66769b477742860e2791bc","8a33be0a189a42fe8a6c4b14ae5e36aa8df9da89aa312c045c6fd99de3c3f355","8267892735fc5d85b66160ad3906efba1127c076482c4555e79be517f75d93e8","Comprobación por el autor de sum(all(component in text for component in componentes) for text in textos) con ExactCooccurrenceIndex.count; componentes de nominal_query y corpus de source_snapshot. Coinciden ambos; resultado literal, no ausencia científica ni adjudicación de revisión."
"BN-509","7517c94a5b9b92de875a09f3018c9a8cadc40d927e67260c169e44c099aeb58a","REINSPECCION","2026-09-27T01:29:46Z","/root (autor; no revisión independiente)","C-2752","data/busquedas_negativas/15_5_15-5-asociacion-integracion-y-transferencia.csv","data/tablas/09/table-43-9-4-1-fichas-comparativas-por-grado-de-integracion.csv","18","EGT al núcleo; importación de proteínas de vuelta","identidad=«Mecanismo: endosimbiosis anidada con reemplazo — *Tremblaya*–*Moranella*–piojo harinoso»; campo=«EGT al núcleo; importación de proteínas de vuelta»; valor=«EGT/HGT: genes bacterianos al insecto; importación de vuelta: NO DOCUMENTADA POR LAS C CITADAS»","0","451","62fe8db317f35c6679f79343610a8ebd1e1069944c66769b477742860e2791bc","8a33be0a189a42fe8a6c4b14ae5e36aa8df9da89aa312c045c6fd99de3c3f355","8267892735fc5d85b66160ad3906efba1127c076482c4555e79be517f75d93e8","Comprobación por el autor de sum(all(component in text for component in componentes) for text in textos) con ExactCooccurrenceIndex.count; componentes de nominal_query y corpus de source_snapshot. Coinciden ambos; resultado literal, no ausencia científica ni adjudicación de revisión."
"BN-510","32261a8603140ab342545b31a8a411346c6a75fa8d502fed0f4e4462aa694308","REINSPECCION","2026-09-27T01:29:47Z","/root (autor; no revisión independiente)","C-2753","data/busquedas_negativas/15_5_15-5-asociacion-integracion-y-transferencia.csv","data/tablas/09/table-43-9-4-1-fichas-comparativas-por-grado-de-integracion.csv","19","aporte documentado del hospedador; aporte documentado del socio","identidad=«Mecanismo: dependencia nutricional con transmisión materna — áfido–*Buchnera aphidicola*»; campo=«aporte documentado del hospedador; aporte documentado del socio»; valor=«Hospedador: ambiente y precursores metabólicos; socio: aminoácidos esenciales.»","0","451","62fe8db317f35c6679f79343610a8ebd1e1069944c66769b477742860e2791bc","8a33be0a189a42fe8a6c4b14ae5e36aa8df9da89aa312c045c6fd99de3c3f355","8267892735fc5d85b66160ad3906efba1127c076482c4555e79be517f75d93e8","Comprobación por el autor de sum(all(component in text for component in componentes) for text in textos) con ExactCooccurrenceIndex.count; componentes de nominal_query y corpus de source_snapshot. Coinciden ambos; resultado literal, no ausencia científica ni adjudicación de revisión."
"BN-511","88213cb208f8270746934255cb445071016861f570520c32def2cc983c0eb5ce","REINSPECCION","2026-09-27T01:29:47Z","/root (autor; no revisión independiente)","C-2754","data/busquedas_negativas/15_5_15-5-asociacion-integracion-y-transferencia.csv","data/tablas/09/table-43-9-4-1-fichas-comparativas-por-grado-de-integracion.csv","19","genoma del socio comparado con parientes de vida libre","identidad=«Mecanismo: dependencia nutricional con transmisión materna — áfido–*Buchnera aphidicola*»; campo=«genoma del socio comparado con parientes de vida libre»; valor=«640.681 bp en APS; rango moderno 412–646 kb; reducción respecto de bacterias libres sostenida cualitativamente, comparación exacta NO TRANSCRITA»","0","451","62fe8db317f35c6679f79343610a8ebd1e1069944c66769b477742860e2791bc","8a33be0a189a42fe8a6c4b14ae5e36aa8df9da89aa312c045c6fd99de3c3f355","8267892735fc5d85b66160ad3906efba1127c076482c4555e79be517f75d93e8","Comprobación por el autor de sum(all(component in text for component in componentes) for text in textos) con ExactCooccurrenceIndex.count; componentes de nominal_query y corpus de source_snapshot. Coinciden ambos; resultado literal, no ausencia científica ni adjudicación de revisión."
"BN-512","0d0c9642f24a2ae63f3f258a8df869e4ef452cc220e5190495d59a77a322b89d","REINSPECCION","2026-09-27T01:29:47Z","/root (autor; no revisión independiente)","C-2755","data/busquedas_negativas/15_5_15-5-asociacion-integracion-y-transferencia.csv","data/tablas/09/table-43-9-4-1-fichas-comparativas-por-grado-de-integracion.csv","19","EGT al núcleo; importación de proteínas de vuelta","identidad=«Mecanismo: dependencia nutricional con transmisión materna — áfido–*Buchnera aphidicola*»; campo=«EGT al núcleo; importación de proteínas de vuelta»; valor=«EGT: NO DOCUMENTADA; importación: NO DOCUMENTADA POR LAS C CITADAS»","0","451","62fe8db317f35c6679f79343610a8ebd1e1069944c66769b477742860e2791bc","8a33be0a189a42fe8a6c4b14ae5e36aa8df9da89aa312c045c6fd99de3c3f355","8267892735fc5d85b66160ad3906efba1127c076482c4555e79be517f75d93e8","Comprobación por el autor de sum(all(component in text for component in componentes) for text in textos) con ExactCooccurrenceIndex.count; componentes de nominal_query y corpus de source_snapshot. Coinciden ambos; resultado literal, no ausencia científica ni adjudicación de revisión."
"BN-513","07d0881ec57da520ab08249708c6f55cc000bbc76d0cb2930ccfefd40fad846a","REINSPECCION","2026-09-27T01:29:48Z","/root (autor; no revisión independiente)","C-2756","data/busquedas_negativas/15_5_15-5-asociacion-integracion-y-transferencia.csv","data/tablas/09/table-43-9-4-1-fichas-comparativas-por-grado-de-integracion.csv","20","aporte documentado del hospedador; aporte documentado del socio","identidad=«Mecanismo: transmisión materna con saltos horizontales y desenlaces variables — hospedadores–*Wolbachia*»; campo=«aporte documentado del hospedador; aporte documentado del socio»; valor=«Hospedador: recursos y transmisión; socio: manipulación reproductiva o aporte mutualista según el caso.»","0","451","62fe8db317f35c6679f79343610a8ebd1e1069944c66769b477742860e2791bc","8a33be0a189a42fe8a6c4b14ae5e36aa8df9da89aa312c045c6fd99de3c3f355","8267892735fc5d85b66160ad3906efba1127c076482c4555e79be517f75d93e8","Comprobación por el autor de sum(all(component in text for component in componentes) for text in textos) con ExactCooccurrenceIndex.count; componentes de nominal_query y corpus de source_snapshot. Coinciden ambos; resultado literal, no ausencia científica ni adjudicación de revisión."
"BN-514","067e47747a91b1a6cc961be9b951a5b7d076a6a1c387e2bdb1b65629377cd56d","REINSPECCION","2026-09-27T01:29:48Z","/root (autor; no revisión independiente)","C-2758","data/busquedas_negativas/15_5_15-5-asociacion-integracion-y-transferencia.csv","data/tablas/09/table-43-9-4-1-fichas-comparativas-por-grado-de-integracion.csv","20","genoma del socio comparado con parientes de vida libre","identidad=«Mecanismo: transmisión materna con saltos horizontales y desenlaces variables — hospedadores–*Wolbachia*»; campo=«genoma del socio comparado con parientes de vida libre»; valor=«variable; hasta 10 % de elementos de inserción en algunos genomas; comparación libre NO LOCALIZADA»","0","451","62fe8db317f35c6679f79343610a8ebd1e1069944c66769b477742860e2791bc","8a33be0a189a42fe8a6c4b14ae5e36aa8df9da89aa312c045c6fd99de3c3f355","8267892735fc5d85b66160ad3906efba1127c076482c4555e79be517f75d93e8","Comprobación por el autor de sum(all(component in text for component in componentes) for text in textos) con ExactCooccurrenceIndex.count; componentes de nominal_query y corpus de source_snapshot. Coinciden ambos; resultado literal, no ausencia científica ni adjudicación de revisión."
"BN-515","1cfdb887dde47b99027fef3fdb15db6960d87cc6cf5f04a68cda3772ab550bd9","REINSPECCION","2026-09-27T01:29:48Z","/root (autor; no revisión independiente)","C-2759","data/busquedas_negativas/15_5_15-5-asociacion-integracion-y-transferencia.csv","data/tablas/09/table-43-9-4-1-fichas-comparativas-por-grado-de-integracion.csv","20","EGT al núcleo; importación de proteínas de vuelta","identidad=«Mecanismo: transmisión materna con saltos horizontales y desenlaces variables — hospedadores–*Wolbachia*»; campo=«EGT al núcleo; importación de proteínas de vuelta»; valor=«EGT: NO DOCUMENTADA EN ESTA FICHA; importación: NO DOCUMENTADA POR LAS C CITADAS»","0","451","62fe8db317f35c6679f79343610a8ebd1e1069944c66769b477742860e2791bc","8a33be0a189a42fe8a6c4b14ae5e36aa8df9da89aa312c045c6fd99de3c3f355","8267892735fc5d85b66160ad3906efba1127c076482c4555e79be517f75d93e8","Comprobación por el autor de sum(all(component in text for component in componentes) for text in textos) con ExactCooccurrenceIndex.count; componentes de nominal_query y corpus de source_snapshot. Coinciden ambos; resultado literal, no ausencia científica ni adjudicación de revisión."
"BN-516","7c7ad1d050a93d8f5f457d9c22364755ffc15c320ab515ed98ff64080298e8b0","REINSPECCION","2026-09-27T01:29:49Z","/root (autor; no revisión independiente)","C-2761","data/busquedas_negativas/15_5_15-5-asociacion-integracion-y-transferencia.csv","data/tablas/09/table-45-9-8-1-gradiente-funcional-comparado.csv","2","funciones perdidas o no demostradas","identidad=«mitocondria aerobia completa»; campo=«funciones perdidas o no demostradas»; valor=«pérdidas: NO APLICA a este estado de referencia; no representa un organismo único»","0","451","62fe8db317f35c6679f79343610a8ebd1e1069944c66769b477742860e2791bc","8a33be0a189a42fe8a6c4b14ae5e36aa8df9da89aa312c045c6fd99de3c3f355","8267892735fc5d85b66160ad3906efba1127c076482c4555e79be517f75d93e8","Comprobación por el autor de sum(all(component in text for component in componentes) for text in textos) con ExactCooccurrenceIndex.count; componentes de nominal_query y corpus de source_snapshot. Coinciden ambos; resultado literal, no ausencia científica ni adjudicación de revisión."
"BN-517","720b3ecd5da4a84d7ff35127fa55a8c32db50dd785c37dbc2b68d7d1d28fedc7","REINSPECCION","2026-09-27T01:29:49Z","/root (autor; no revisión independiente)","C-2762","data/busquedas_negativas/15_5_15-5-asociacion-integracion-y-transferencia.csv","data/tablas/09/table-45-9-8-1-gradiente-funcional-comparado.csv","2","rendimiento energético localizado","identidad=«mitocondria aerobia completa»; campo=«rendimiento energético localizado»; valor=«ATP por fosforilación oxidativa; cifra por organismo NO LOCALIZADA en esta ficha»","0","451","62fe8db317f35c6679f79343610a8ebd1e1069944c66769b477742860e2791bc","8a33be0a189a42fe8a6c4b14ae5e36aa8df9da89aa312c045c6fd99de3c3f355","8267892735fc5d85b66160ad3906efba1127c076482c4555e79be517f75d93e8","Comprobación por el autor de sum(all(component in text for component in componentes) for text in textos) con ExactCooccurrenceIndex.count; componentes de nominal_query y corpus de source_snapshot. Coinciden ambos; resultado literal, no ausencia científica ni adjudicación de revisión."
"BN-518","5326c959f65fc2783d92ab33061d2dfa7138204de43e8c825414445e5c75e526","REINSPECCION","2026-09-27T01:29:49Z","/root (autor; no revisión independiente)","C-2763","data/busquedas_negativas/15_5_15-5-asociacion-integracion-y-transferencia.csv","data/tablas/09/table-45-9-8-1-gradiente-funcional-comparado.csv","2","ambiente o asociación documentado","identidad=«mitocondria aerobia completa»; campo=«ambiente o asociación documentado»; valor=«ambiente: NO APLICA a un estado funcional que no designa un organismo único»","0","451","62fe8db317f35c6679f79343610a8ebd1e1069944c66769b477742860e2791bc","8a33be0a189a42fe8a6c4b14ae5e36aa8df9da89aa312c045c6fd99de3c3f355","8267892735fc5d85b66160ad3906efba1127c076482c4555e79be517f75d93e8","Comprobación por el autor de sum(all(component in text for component in componentes) for text in textos) con ExactCooccurrenceIndex.count; componentes de nominal_query y corpus de source_snapshot. Coinciden ambos; resultado literal, no ausencia científica ni adjudicación de revisión."
"BN-519","a5ae9ad7fea549fda69282d213628f58bbe5f6286391dfcc614811c87a5191a0","REINSPECCION","2026-09-27T01:29:50Z","/root (autor; no revisión independiente)","C-2765","data/busquedas_negativas/15_5_15-5-asociacion-integracion-y-transferencia.csv","data/tablas/09/table-45-9-8-1-gradiente-funcional-comparado.csv","4","rendimiento energético localizado","identidad=«hidrogenosoma sin genoma»; campo=«rendimiento energético localizado»; valor=«ATP por fosforilación a nivel de sustrato; cifra por sustrato NO LOCALIZADA en esta ficha»","0","451","62fe8db317f35c6679f79343610a8ebd1e1069944c66769b477742860e2791bc","8a33be0a189a42fe8a6c4b14ae5e36aa8df9da89aa312c045c6fd99de3c3f355","8267892735fc5d85b66160ad3906efba1127c076482c4555e79be517f75d93e8","Comprobación por el autor de sum(all(component in text for component in componentes) for text in textos) con ExactCooccurrenceIndex.count; componentes de nominal_query y corpus de source_snapshot. Coinciden ambos; resultado literal, no ausencia científica ni adjudicación de revisión."
"BN-520","95135216171104749cf267f724194c5e58348a5334971a884a405bb3a79daa98","REINSPECCION","2026-09-27T01:29:50Z","/root (autor; no revisión independiente)","C-2766","data/busquedas_negativas/15_5_15-5-asociacion-integracion-y-transferencia.csv","data/tablas/09/table-45-9-8-1-gradiente-funcional-comparado.csv","4","ambiente o asociación documentado","identidad=«hidrogenosoma sin genoma»; campo=«ambiente o asociación documentado»; valor=«parásito humano extracelular y microaerófilo del tracto genital o urinario»","0","451","62fe8db317f35c6679f79343610a8ebd1e1069944c66769b477742860e2791bc","8a33be0a189a42fe8a6c4b14ae5e36aa8df9da89aa312c045c6fd99de3c3f355","8267892735fc5d85b66160ad3906efba1127c076482c4555e79be517f75d93e8","Comprobación por el autor de sum(all(component in text for component in componentes) for text in textos) con ExactCooccurrenceIndex.count; componentes de nominal_query y corpus de source_snapshot. Coinciden ambos; resultado literal, no ausencia científica ni adjudicación de revisión."
"BN-521","4e91edcd4dc4ae21bcb6c7b7a61465f987453d8609c71da3c5869c7248b55fe5","REINSPECCION","2026-09-27T01:29:51Z","/root (autor; no revisión independiente)","C-2767","data/busquedas_negativas/15_5_15-5-asociacion-integracion-y-transferencia.csv","data/tablas/09/table-45-9-8-1-gradiente-funcional-comparado.csv","5","ambiente o asociación documentado","identidad=«mitosoma con ISC»; campo=«ambiente o asociación documentado»; valor=«parásito intestinal humano; el ambiente se atribuye al organismo, no al mitosoma aislado»","0","451","62fe8db317f35c6679f79343610a8ebd1e1069944c66769b477742860e2791bc","8a33be0a189a42fe8a6c4b14ae5e36aa8df9da89aa312c045c6fd99de3c3f355","8267892735fc5d85b66160ad3906efba1127c076482c4555e79be517f75d93e8","Comprobación por el autor de sum(all(component in text for component in componentes) for text in textos) con ExactCooccurrenceIndex.count; componentes de nominal_query y corpus de source_snapshot. Coinciden ambos; resultado literal, no ausencia científica ni adjudicación de revisión."
"BN-522","db7882f0028d71edd5d83b72ca078e63cebf878c9eb21c9583cbaac48c1740cc","REINSPECCION","2026-09-27T01:29:51Z","/root (autor; no revisión independiente)","C-2769","data/busquedas_negativas/15_5_15-5-asociacion-integracion-y-transferencia.csv","data/tablas/09/table-45-9-8-1-gradiente-funcional-comparado.csv","6","ambiente o asociación documentado","identidad=«mitosoma con activación de sulfato»; campo=«ambiente o asociación documentado»; valor=«parásito intestinal humano; el ambiente se atribuye al organismo, no al mitosoma aislado»","0","451","62fe8db317f35c6679f79343610a8ebd1e1069944c66769b477742860e2791bc","8a33be0a189a42fe8a6c4b14ae5e36aa8df9da89aa312c045c6fd99de3c3f355","8267892735fc5d85b66160ad3906efba1127c076482c4555e79be517f75d93e8","Comprobación por el autor de sum(all(component in text for component in componentes) for text in textos) con ExactCooccurrenceIndex.count; componentes de nominal_query y corpus de source_snapshot. Coinciden ambos; resultado literal, no ausencia científica ni adjudicación de revisión."
"BN-523","09c1670292842b9b963ea8509da318719fd3ce9b1bc45f6d900395c704c4a9fe","REINSPECCION","2026-09-27T01:29:52Z","/root (autor; no revisión independiente)","C-2770","data/busquedas_negativas/15_5_15-5-asociacion-integracion-y-transferencia.csv","data/tablas/09/table-45-9-8-1-gradiente-funcional-comparado.csv","7","funciones perdidas o no demostradas","identidad=«mitosomas microsporidianos»; campo=«funciones perdidas o no demostradas»; valor=«pérdidas adicionales: NO DOCUMENTADAS POR LAS C CITADAS EN ESTA FILA»","0","451","62fe8db317f35c6679f79343610a8ebd1e1069944c66769b477742860e2791bc","8a33be0a189a42fe8a6c4b14ae5e36aa8df9da89aa312c045c6fd99de3c3f355","8267892735fc5d85b66160ad3906efba1127c076482c4555e79be517f75d93e8","Comprobación por el autor de sum(all(component in text for component in componentes) for text in textos) con ExactCooccurrenceIndex.count; componentes de nominal_query y corpus de source_snapshot. Coinciden ambos; resultado literal, no ausencia científica ni adjudicación de revisión."
"BN-524","31f62470d27898b19ff19aa0821f79ad5bfb11d1f8068e5638ba1cb51e3790c3","REINSPECCION","2026-09-27T01:29:52Z","/root (autor; no revisión independiente)","C-2772","data/busquedas_negativas/15_5_15-5-asociacion-integracion-y-transferencia.csv","data/tablas/09/table-45-9-8-1-gradiente-funcional-comparado.csv","7","ambiente o asociación documentado","identidad=«mitosomas microsporidianos»; campo=«ambiente o asociación documentado»; valor=«parásitos intracelulares obligados de otros eucariotas; el hospedador concreto depende del microsporidio»","0","451","62fe8db317f35c6679f79343610a8ebd1e1069944c66769b477742860e2791bc","8a33be0a189a42fe8a6c4b14ae5e36aa8df9da89aa312c045c6fd99de3c3f355","8267892735fc5d85b66160ad3906efba1127c076482c4555e79be517f75d93e8","Comprobación por el autor de sum(all(component in text for component in componentes) for text in textos) con ExactCooccurrenceIndex.count; componentes de nominal_query y corpus de source_snapshot. Coinciden ambos; resultado literal, no ausencia científica ni adjudicación de revisión."
"BN-525","d076842b439cd60c54e441049bd59aa8cce7ad4c85fbc340041f9edb61b79448","REINSPECCION","2026-09-27T01:29:53Z","/root (autor; no revisión independiente)","C-2774","data/busquedas_negativas/15_5_15-5-asociacion-integracion-y-transferencia.csv","data/tablas/09/table-45-9-8-1-gradiente-funcional-comparado.csv","8","ambiente o asociación documentado","identidad=«ausencia de MRO»; campo=«ambiente o asociación documentado»; valor=«intestino de roedores caviomorfos; endobionte microaerófilo o de baja presión de oxígeno»","0","451","62fe8db317f35c6679f79343610a8ebd1e1069944c66769b477742860e2791bc","8a33be0a189a42fe8a6c4b14ae5e36aa8df9da89aa312c045c6fd99de3c3f355","8267892735fc5d85b66160ad3906efba1127c076482c4555e79be517f75d93e8","Comprobación por el autor de sum(all(component in text for component in componentes) for text in textos) con ExactCooccurrenceIndex.count; componentes de nominal_query y corpus de source_snapshot. Coinciden ambos; resultado literal, no ausencia científica ni adjudicación de revisión."
"BN-526","966a1784a7d2af1b08cad7fdfd8dd21bc60d1b3ba319efad23ec7a1b38ddc471","REINSPECCION","2026-09-27T01:29:53Z","/root (autor; no revisión independiente)","C-2776","data/busquedas_negativas/15_5_15-5-asociacion-integracion-y-transferencia.csv","data/tablas/09/table-45-9-8-1-gradiente-funcional-comparado.csv","9","ambiente o asociación documentado","identidad=«MRO sin genoma mitocondrial»; campo=«ambiente o asociación documentado»; valor=«parásito de peces salmónidos en un ambiente de hospedador con baja disponibilidad de oxígeno»","0","451","62fe8db317f35c6679f79343610a8ebd1e1069944c66769b477742860e2791bc","8a33be0a189a42fe8a6c4b14ae5e36aa8df9da89aa312c045c6fd99de3c3f355","8267892735fc5d85b66160ad3906efba1127c076482c4555e79be517f75d93e8","Comprobación por el autor de sum(all(component in text for component in componentes) for text in textos) con ExactCooccurrenceIndex.count; componentes de nominal_query y corpus de source_snapshot. Coinciden ambos; resultado literal, no ausencia científica ni adjudicación de revisión."
"BN-527","946679be8cecdb78992316c6dd6ec748204b26ff9088b759b8d372e04ac15c2d","REINSPECCION","2026-09-27T01:29:54Z","/root (autor; no revisión independiente)","C-2777","data/busquedas_negativas/15_6_15-6-rasgos-con-costo-y-controversia-energetica.csv","data/tablas/10/table-47-10-1-tabla-consolidada-de-rasgos-con-coste.csv","17","dependencias previas que exige","identidad=«mitosis semiabierta o parcialmente abierta, comparación entre tres modos»; campo=«dependencias previas que exige»; valor=«distribución: documentada en el entorno eucariota; no se localizó en las C de esta ficha una asignación específica dentro del corredor holozoo»","0","451","62fe8db317f35c6679f79343610a8ebd1e1069944c66769b477742860e2791bc","8a33be0a189a42fe8a6c4b14ae5e36aa8df9da89aa312c045c6fd99de3c3f355","8267892735fc5d85b66160ad3906efba1127c076482c4555e79be517f75d93e8","Comprobación por el autor de sum(all(component in text for component in componentes) for text in textos) con ExactCooccurrenceIndex.count; componentes de nominal_query y corpus de source_snapshot. Coinciden ambos; resultado literal, no ausencia científica ni adjudicación de revisión."
"BN-528","a182753ffe1470fdb8d51c7bf20d172db0bce06755d3229f4d362547843e8abe","REINSPECCION","2026-09-27T01:29:54Z","/root (autor; no revisión independiente)","C-2778","data/busquedas_negativas/15_6_15-6-rasgos-con-costo-y-controversia-energetica.csv","data/tablas/10/table-47-10-1-tabla-consolidada-de-rasgos-con-coste.csv","17","organismo, condición experimental o modelo del que procede","identidad=«mitosis semiabierta o parcialmente abierta, comparación entre tres modos»; campo=«organismo, condición experimental o modelo del que procede»; valor=«entorno eucariota y comparación protista; el hueco de distribución interna del corredor queda explícito»","0","451","62fe8db317f35c6679f79343610a8ebd1e1069944c66769b477742860e2791bc","8a33be0a189a42fe8a6c4b14ae5e36aa8df9da89aa312c045c6fd99de3c3f355","8267892735fc5d85b66160ad3906efba1127c076482c4555e79be517f75d93e8","Comprobación por el autor de sum(all(component in text for component in componentes) for text in textos) con ExactCooccurrenceIndex.count; componentes de nominal_query y corpus de source_snapshot. Coinciden ambos; resultado literal, no ausencia científica ni adjudicación de revisión."
"BN-529","37d271eacfb7c5eeda05bfdd7fd749c618c1be65b92ee503db4a9ce5edb162c2","REINSPECCION","2026-09-27T01:29:55Z","/root (autor; no revisión independiente)","C-2779","data/busquedas_negativas/15_9_15-9-multicelularidad-y-repertorio-preanimal.csv","data/tablas/12/table-52-12-6-1-costes-y-compensaciones-cuantificados-o-no-localizado.csv","5","condición","identidad=«agregación de *Capsaspora owczarzaki*»; campo=«condición»; valor=«lípidos, fracción sérica y calcio; no se localizó un coste energético directo de mantenimiento»","0","451","62fe8db317f35c6679f79343610a8ebd1e1069944c66769b477742860e2791bc","8a33be0a189a42fe8a6c4b14ae5e36aa8df9da89aa312c045c6fd99de3c3f355","8267892735fc5d85b66160ad3906efba1127c076482c4555e79be517f75d93e8","Comprobación por el autor de sum(all(component in text for component in componentes) for text in textos) con ExactCooccurrenceIndex.count; componentes de nominal_query y corpus de source_snapshot. Coinciden ambos; resultado literal, no ausencia científica ni adjudicación de revisión."
"BN-530","bb52ae1ece80c140070896d982f847e1bbbb509e55630577ddacc5b79802cfe7","REINSPECCION","2026-09-27T01:29:55Z","/root (autor; no revisión independiente)","C-2780","data/busquedas_negativas/15_9_15-9-multicelularidad-y-repertorio-preanimal.csv","data/tablas/12/table-52-12-6-1-costes-y-compensaciones-cuantificados-o-no-localizado.csv","6","condición","identidad=«agregación de *Ministeria vibrans*»; campo=«condición»; valor=«disrupción física y superficie de menor agregación, ambas con confusores declarados; no hay conversión válida a coste energético»","0","451","62fe8db317f35c6679f79343610a8ebd1e1069944c66769b477742860e2791bc","8a33be0a189a42fe8a6c4b14ae5e36aa8df9da89aa312c045c6fd99de3c3f355","8267892735fc5d85b66160ad3906efba1127c076482c4555e79be517f75d93e8","Comprobación por el autor de sum(all(component in text for component in componentes) for text in textos) con ExactCooccurrenceIndex.count; componentes de nominal_query y corpus de source_snapshot. Coinciden ambos; resultado literal, no ausencia científica ni adjudicación de revisión."
"BN-531","66af87e3b47b8b9afc9cc8f5b284933c9cc287c187ac0ff705209669569599ea","REINSPECCION","2026-09-27T01:29:56Z","/root (autor; no revisión independiente)","C-2781","data/busquedas_negativas/15_9_15-9-multicelularidad-y-repertorio-preanimal.csv","data/tablas/12/table-52-12-6-1-costes-y-compensaciones-cuantificados-o-no-localizado.csv","9","condición","identidad=«levadura snowflake inicial»; campo=«condición»; valor=«ensayo de sedimentación; la ventaja de aptitud publicada no es un coste energético de mantenimiento»","0","451","62fe8db317f35c6679f79343610a8ebd1e1069944c66769b477742860e2791bc","8a33be0a189a42fe8a6c4b14ae5e36aa8df9da89aa312c045c6fd99de3c3f355","8267892735fc5d85b66160ad3906efba1127c076482c4555e79be517f75d93e8","Comprobación por el autor de sum(all(component in text for component in componentes) for text in textos) con ExactCooccurrenceIndex.count; componentes de nominal_query y corpus de source_snapshot. Coinciden ambos; resultado literal, no ausencia científica ni adjudicación de revisión."
"BN-532","6032400b97980b6877c02dd0a77567d818f1e7d10d7ded28884bcb414d36d32c","REINSPECCION","2026-09-27T01:29:56Z","/root (autor; no revisión independiente)","C-2782","data/busquedas_negativas/15_9_15-9-multicelularidad-y-repertorio-preanimal.csv","data/tablas/12/table-52-12-6-1-costes-y-compensaciones-cuantificados-o-no-localizado.csv","10","condición","identidad=«levadura snowflake prolongada»; campo=«condición»; valor=«tratamiento anaerobio, 600 rondas; tamaño, tenacidad y limitación por oxígeno no se convierten en coste energético directo»","0","451","62fe8db317f35c6679f79343610a8ebd1e1069944c66769b477742860e2791bc","8a33be0a189a42fe8a6c4b14ae5e36aa8df9da89aa312c045c6fd99de3c3f355","8267892735fc5d85b66160ad3906efba1127c076482c4555e79be517f75d93e8","Comprobación por el autor de sum(all(component in text for component in componentes) for text in textos) con ExactCooccurrenceIndex.count; componentes de nominal_query y corpus de source_snapshot. Coinciden ambos; resultado literal, no ausencia científica ni adjudicación de revisión."
"BN-533","7ef8f2cf721bbec793b46013b35533a7a8bff3dba4d1f200198ec3481b42c14a","REINSPECCION","2026-09-27T01:29:57Z","/root (autor; no revisión independiente)","C-2789","data/busquedas_negativas/15_8_15-8-nombres-y-nomenclatura.csv","data/tablas/14/table-56a-14-8-1-codigos-por-nodo.csv","2","ICN","identidad=«Eukaryota»; campo=«ICN»; valor=«no gobierna la circunscripción filogenética del nodo»","0","451","62fe8db317f35c6679f79343610a8ebd1e1069944c66769b477742860e2791bc","8a33be0a189a42fe8a6c4b14ae5e36aa8df9da89aa312c045c6fd99de3c3f355","8267892735fc5d85b66160ad3906efba1127c076482c4555e79be517f75d93e8","Comprobación por el autor de sum(all(component in text for component in componentes) for text in textos) con ExactCooccurrenceIndex.count; componentes de nominal_query y corpus de source_snapshot. Coinciden ambos; resultado literal, no ausencia científica ni adjudicación de revisión."
"BN-534","0a9af8eb365575069b905a78fe3df1e6bf259af2240899b5742687fbd8e2c614","REINSPECCION","2026-09-27T01:29:58Z","/root (autor; no revisión independiente)","C-2790","data/busquedas_negativas/15_8_15-8-nombres-y-nomenclatura.csv","data/tablas/14/table-56a-14-8-1-codigos-por-nodo.csv","10","ICN","identidad=«Holozoa»; campo=«ICN»; valor=«no gobierna la circunscripción filogenética del nodo»","0","451","62fe8db317f35c6679f79343610a8ebd1e1069944c66769b477742860e2791bc","8a33be0a189a42fe8a6c4b14ae5e36aa8df9da89aa312c045c6fd99de3c3f355","8267892735fc5d85b66160ad3906efba1127c076482c4555e79be517f75d93e8","Comprobación por el autor de sum(all(component in text for component in componentes) for text in textos) con ExactCooccurrenceIndex.count; componentes de nominal_query y corpus de source_snapshot. Coinciden ambos; resultado literal, no ausencia científica ni adjudicación de revisión."
"BN-535","bcda00eefe7dc07b52440d49d48b52e10661fca80d630e65439be45379b29442","REINSPECCION","2026-09-27T01:29:58Z","/root (autor; no revisión independiente)","C-2791","data/busquedas_negativas/15_8_15-8-nombres-y-nomenclatura.csv","data/tablas/14/table-56a-14-8-1-codigos-por-nodo.csv","15","ICN","identidad=«Filozoa»; campo=«ICN»; valor=«no gobierna la circunscripción filogenética del nodo»","0","451","62fe8db317f35c6679f79343610a8ebd1e1069944c66769b477742860e2791bc","8a33be0a189a42fe8a6c4b14ae5e36aa8df9da89aa312c045c6fd99de3c3f355","8267892735fc5d85b66160ad3906efba1127c076482c4555e79be517f75d93e8","Comprobación por el autor de sum(all(component in text for component in componentes) for text in textos) con ExactCooccurrenceIndex.count; componentes de nominal_query y corpus de source_snapshot. Coinciden ambos; resultado literal, no ausencia científica ni adjudicación de revisión."
"BN-536","992aeb4ba87b44dc3bc6b4df03b5ea15616fe98d786d115ce8ff497788cc09de","REINSPECCION","2026-09-27T01:29:59Z","/root (autor; no revisión independiente)","C-2792","data/busquedas_negativas/15_8_15-8-nombres-y-nomenclatura.csv","data/tablas/14/table-56a-14-8-1-codigos-por-nodo.csv","16","ICN","identidad=«Choanozoa sensu stricto»; campo=«ICN»; valor=«no gobierna la circunscripción filogenética del nodo»","0","451","62fe8db317f35c6679f79343610a8ebd1e1069944c66769b477742860e2791bc","8a33be0a189a42fe8a6c4b14ae5e36aa8df9da89aa312c045c6fd99de3c3f355","8267892735fc5d85b66160ad3906efba1127c076482c4555e79be517f75d93e8","Comprobación por el autor de sum(all(component in text for component in componentes) for text in textos) con ExactCooccurrenceIndex.count; componentes de nominal_query y corpus de source_snapshot. Coinciden ambos; resultado literal, no ausencia científica ni adjudicación de revisión."
"BN-537","2ea9f983d1b5e07e4ec477ded9ed02c4b1b574a7a1135101cb0b349aab752f51","REINSPECCION","2026-09-27T01:30:00Z","/root (autor; no revisión independiente)","C-2793","data/busquedas_negativas/15_8_15-8-nombres-y-nomenclatura.csv","data/tablas/14/table-58-14-8-3-terminos-problematicos-y-reemplazos.csv","4","quién lo introdujo y cuándo","identidad=«alga»; campo=«quién lo introdujo y cuándo»; valor=«NO BUSCADO (motivo: las C localizadas documentan distribución y uso, no una acuñación única)»","0","451","62fe8db317f35c6679f79343610a8ebd1e1069944c66769b477742860e2791bc","8a33be0a189a42fe8a6c4b14ae5e36aa8df9da89aa312c045c6fd99de3c3f355","8267892735fc5d85b66160ad3906efba1127c076482c4555e79be517f75d93e8","Comprobación por el autor de sum(all(component in text for component in componentes) for text in textos) con ExactCooccurrenceIndex.count; componentes de nominal_query y corpus de source_snapshot. Coinciden ambos; resultado literal, no ausencia científica ni adjudicación de revisión."
"BN-538","f34126f08ea8e288a3754f5a8063303e1eb4a95bd6d1c34a12f01ed6d305e84d","REINSPECCION","2026-09-27T01:30:01Z","/root (autor; no revisión independiente)","C-2794","data/busquedas_negativas/15_8_15-8-nombres-y-nomenclatura.csv","data/tablas/14/table-58-14-8-3-terminos-problematicos-y-reemplazos.csv","8","quién lo introdujo y cuándo","identidad=«reino»; campo=«quién lo introdujo y cuándo»; valor=«NO BUSCADO para la acuñación del rango (motivo: las C comparan Whittaker 1969, Cavalier-Smith 1998 y Ruggiero et al. 2015)»","0","451","62fe8db317f35c6679f79343610a8ebd1e1069944c66769b477742860e2791bc","8a33be0a189a42fe8a6c4b14ae5e36aa8df9da89aa312c045c6fd99de3c3f355","8267892735fc5d85b66160ad3906efba1127c076482c4555e79be517f75d93e8","Comprobación por el autor de sum(all(component in text for component in componentes) for text in textos) con ExactCooccurrenceIndex.count; componentes de nominal_query y corpus de source_snapshot. Coinciden ambos; resultado literal, no ausencia científica ni adjudicación de revisión."
"BN-539","b59d23d4b7fee54f0725bb5392ac2ac8579b2cb411ba1d5b96bc7e60b7cb625d","REINSPECCION","2026-09-27T01:30:02Z","/root (autor; no revisión independiente)","C-2795","data/busquedas_negativas/15_8_15-8-nombres-y-nomenclatura.csv","data/tablas/14/table-58-14-8-3-terminos-problematicos-y-reemplazos.csv","9","quién lo introdujo y cuándo","identidad=«Archezoa»; campo=«quién lo introdujo y cuándo»; valor=«NO BUSCADO en esta tabla (motivo: las C conservan la historia de la hipótesis pero no una fila atómica de introductor y fecha)»","0","451","62fe8db317f35c6679f79343610a8ebd1e1069944c66769b477742860e2791bc","8a33be0a189a42fe8a6c4b14ae5e36aa8df9da89aa312c045c6fd99de3c3f355","8267892735fc5d85b66160ad3906efba1127c076482c4555e79be517f75d93e8","Comprobación por el autor de sum(all(component in text for component in componentes) for text in textos) con ExactCooccurrenceIndex.count; componentes de nominal_query y corpus de source_snapshot. Coinciden ambos; resultado literal, no ausencia científica ni adjudicación de revisión."
"BN-540","b016717d8a8dea0401031cab7c848b0767b8d351bb4e085d60a86b54fc1ec521","REINSPECCION","2026-09-27T01:30:03Z","/root (autor; no revisión independiente)","C-2796","data/busquedas_negativas/15_8_15-8-nombres-y-nomenclatura.csv","data/tablas/14/table-58-14-8-3-terminos-problematicos-y-reemplazos.csv","10","quién lo introdujo y cuándo","identidad=«Excavata»; campo=«quién lo introdujo y cuándo»; valor=«NO BUSCADO en esta tabla (motivo: las C citadas no registran introductor y fecha como proposición separada)»","0","451","62fe8db317f35c6679f79343610a8ebd1e1069944c66769b477742860e2791bc","8a33be0a189a42fe8a6c4b14ae5e36aa8df9da89aa312c045c6fd99de3c3f355","8267892735fc5d85b66160ad3906efba1127c076482c4555e79be517f75d93e8","Comprobación por el autor de sum(all(component in text for component in componentes) for text in textos) con ExactCooccurrenceIndex.count; componentes de nominal_query y corpus de source_snapshot. Coinciden ambos; resultado literal, no ausencia científica ni adjudicación de revisión."
"BN-541","41c81dab6d2fd3c946115febe51dfee9adaeb4a8fe835fbfba3932f588b8d687","REINSPECCION","2026-09-27T01:30:03Z","/root (autor; no revisión independiente)","C-2797","data/busquedas_negativas/15_8_15-8-nombres-y-nomenclatura.csv","data/tablas/14/table-58-14-8-3-terminos-problematicos-y-reemplazos.csv","11","quién lo introdujo y cuándo","identidad=«Chromalveolata»; campo=«quién lo introdujo y cuándo»; valor=«NO BUSCADO en esta tabla (motivo: las C registran el modelo, no una fila atómica de autor y fecha de acuñación)»","0","451","62fe8db317f35c6679f79343610a8ebd1e1069944c66769b477742860e2791bc","8a33be0a189a42fe8a6c4b14ae5e36aa8df9da89aa312c045c6fd99de3c3f355","8267892735fc5d85b66160ad3906efba1127c076482c4555e79be517f75d93e8","Comprobación por el autor de sum(all(component in text for component in componentes) for text in textos) con ExactCooccurrenceIndex.count; componentes de nominal_query y corpus de source_snapshot. Coinciden ambos; resultado literal, no ausencia científica ni adjudicación de revisión."
"BN-542","93d2ae477dd7a09297ba47484e0ba06c2e921600c8e9923f9f160c813165351e","REINSPECCION","2026-09-27T01:30:04Z","/root (autor; no revisión independiente)","C-2798","data/busquedas_negativas/15_8_15-8-nombres-y-nomenclatura.csv","data/tablas/14/table-58-14-8-3-terminos-problematicos-y-reemplazos.csv","12","quién lo introdujo y cuándo","identidad=«Unikonta / Bikonta»; campo=«quién lo introdujo y cuándo»; valor=«NO BUSCADO en esta tabla (motivo: las C citadas no registran una acuñación única)»","0","451","62fe8db317f35c6679f79343610a8ebd1e1069944c66769b477742860e2791bc","8a33be0a189a42fe8a6c4b14ae5e36aa8df9da89aa312c045c6fd99de3c3f355","8267892735fc5d85b66160ad3906efba1127c076482c4555e79be517f75d93e8","Comprobación por el autor de sum(all(component in text for component in componentes) for text in textos) con ExactCooccurrenceIndex.count; componentes de nominal_query y corpus de source_snapshot. Coinciden ambos; resultado literal, no ausencia científica ni adjudicación de revisión."
"BN-543","d067bcc3e0875ba17efd968a5843ea38020d6b4e6e83de8df8b2c308c1d636e1","REINSPECCION","2026-09-27T01:30:04Z","/root (autor; no revisión independiente)","C-2799","data/busquedas_negativas/15_8_15-8-nombres-y-nomenclatura.csv","data/tablas/14/table-58-14-8-3-terminos-problematicos-y-reemplazos.csv","13","quién lo introdujo y cuándo","identidad=«hongo para oomicetos o mohos mucilaginosos»; campo=«quién lo introdujo y cuándo»; valor=«NO APLICA como término de acuñación única; es un uso comparativo histórico»","0","451","62fe8db317f35c6679f79343610a8ebd1e1069944c66769b477742860e2791bc","8a33be0a189a42fe8a6c4b14ae5e36aa8df9da89aa312c045c6fd99de3c3f355","8267892735fc5d85b66160ad3906efba1127c076482c4555e79be517f75d93e8","Comprobación por el autor de sum(all(component in text for component in componentes) for text in textos) con ExactCooccurrenceIndex.count; componentes de nominal_query y corpus de source_snapshot. Coinciden ambos; resultado literal, no ausencia científica ni adjudicación de revisión."
"BN-544","f355652ea940a1639beed96914f8d63984b3dcbe72f42464908d1daf7190ea3c","REINSPECCION","2026-09-27T01:30:06Z","/root (autor; no revisión independiente)","C-2800","data/busquedas_negativas/15_8_15-8-nombres-y-nomenclatura.csv","data/tablas/14/table-58-14-8-3-terminos-problematicos-y-reemplazos.csv","14","quién lo introdujo y cuándo","identidad=«flagelo»; campo=«quién lo introdujo y cuándo»; valor=«NO APLICA como acuñación única evaluada; el problema es homonimia funcional»","0","451","62fe8db317f35c6679f79343610a8ebd1e1069944c66769b477742860e2791bc","8a33be0a189a42fe8a6c4b14ae5e36aa8df9da89aa312c045c6fd99de3c3f355","8267892735fc5d85b66160ad3906efba1127c076482c4555e79be517f75d93e8","Comprobación por el autor de sum(all(component in text for component in componentes) for text in textos) con ExactCooccurrenceIndex.count; componentes de nominal_query y corpus de source_snapshot. Coinciden ambos; resultado literal, no ausencia científica ni adjudicación de revisión."
"BN-545","7e352a08d80e5e0bf5d578ef87f24c57f6912ffc97d41129c5211853d122e0a7","REINSPECCION","2026-09-27T01:30:07Z","/root (autor; no revisión independiente)","C-2801","data/busquedas_negativas/15_8_15-8-nombres-y-nomenclatura.csv","data/tablas/14/table-58-14-8-3-terminos-problematicos-y-reemplazos.csv","15","quién lo introdujo y cuándo","identidad=«simbiosis»; campo=«quién lo introdujo y cuándo»; valor=«NO BUSCADO en esta tabla (motivo: las C documentan usos, no una atribución histórica única)»","0","451","62fe8db317f35c6679f79343610a8ebd1e1069944c66769b477742860e2791bc","8a33be0a189a42fe8a6c4b14ae5e36aa8df9da89aa312c045c6fd99de3c3f355","8267892735fc5d85b66160ad3906efba1127c076482c4555e79be517f75d93e8","Comprobación por el autor de sum(all(component in text for component in componentes) for text in textos) con ExactCooccurrenceIndex.count; componentes de nominal_query y corpus de source_snapshot. Coinciden ambos; resultado literal, no ausencia científica ni adjudicación de revisión."
"BN-546","2f5fa764a444dab64429579f60de941ee540af7976fcc13863379d8e3652174d","REINSPECCION","2026-09-27T01:30:07Z","/root (autor; no revisión independiente)","C-2802","data/busquedas_negativas/15_8_15-8-nombres-y-nomenclatura.csv","data/tablas/14/table-58-14-8-3-terminos-problematicos-y-reemplazos.csv","17","quién lo introdujo y cuándo","identidad=«eucariota primitivo»; campo=«quién lo introdujo y cuándo»; valor=«NO APLICA como acuñación única; es una etiqueta criticada»","0","451","62fe8db317f35c6679f79343610a8ebd1e1069944c66769b477742860e2791bc","8a33be0a189a42fe8a6c4b14ae5e36aa8df9da89aa312c045c6fd99de3c3f355","8267892735fc5d85b66160ad3906efba1127c076482c4555e79be517f75d93e8","Comprobación por el autor de sum(all(component in text for component in componentes) for text in textos) con ExactCooccurrenceIndex.count; componentes de nominal_query y corpus de source_snapshot. Coinciden ambos; resultado literal, no ausencia científica ni adjudicación de revisión."
"BN-547","a4314e5d6dc275c804e9762648589a0c00e192f5ba669acb8762ed53addb271e","REINSPECCION","2026-09-27T01:30:08Z","/root (autor; no revisión independiente)","C-2803","data/busquedas_negativas/15_8_15-8-nombres-y-nomenclatura.csv","data/tablas/14/table-58-14-8-3-terminos-problematicos-y-reemplazos.csv","18","quién lo introdujo y cuándo","identidad=«organismo simple»; campo=«quién lo introdujo y cuándo»; valor=«NO APLICA como acuñación única; es un descriptor subespecificado»","0","451","62fe8db317f35c6679f79343610a8ebd1e1069944c66769b477742860e2791bc","8a33be0a189a42fe8a6c4b14ae5e36aa8df9da89aa312c045c6fd99de3c3f355","8267892735fc5d85b66160ad3906efba1127c076482c4555e79be517f75d93e8","Comprobación por el autor de sum(all(component in text for component in componentes) for text in textos) con ExactCooccurrenceIndex.count; componentes de nominal_query y corpus de source_snapshot. Coinciden ambos; resultado literal, no ausencia científica ni adjudicación de revisión."
"BN-548","38d46d3c9bc8b4beef3bf436c240c67739a36c69fc1c2b8ca24e978a47656431","REINSPECCION","2026-09-27T01:30:09Z","/root (autor; no revisión independiente)","C-2804","data/busquedas_negativas/15_8_15-8-nombres-y-nomenclatura.csv","data/tablas/14/table-58-14-8-3-terminos-problematicos-y-reemplazos.csv","19","quién lo introdujo y cuándo","identidad=«fósil viviente»; campo=«quién lo introdujo y cuándo»; valor=«NO BUSCADO para acuñación (motivo: las C evalúan criterios contemporáneos)»","0","451","62fe8db317f35c6679f79343610a8ebd1e1069944c66769b477742860e2791bc","8a33be0a189a42fe8a6c4b14ae5e36aa8df9da89aa312c045c6fd99de3c3f355","8267892735fc5d85b66160ad3906efba1127c076482c4555e79be517f75d93e8","Comprobación por el autor de sum(all(component in text for component in componentes) for text in textos) con ExactCooccurrenceIndex.count; componentes de nominal_query y corpus de source_snapshot. Coinciden ambos; resultado literal, no ausencia científica ni adjudicación de revisión."
"BN-549","0fec3d24d9745308311e610ffbf38baf02f3fd677912e77cdef89af57d3ae2bd","REINSPECCION","2026-09-27T01:30:09Z","/root (autor; no revisión independiente)","C-2805","data/busquedas_negativas/15_3_15-3-raiz-eucariota-y-corredor-filogenetico.csv","data/tablas/15/table-59-15-1-mapa-del-terreno-probatorio.csv","5","resolución temporal","identidad=«biomarcadores»; campo=«resolución temporal»; valor=«edad del estrato y resolución del muestreo geoquímico, no fecha de divergencia directa»","0","451","62fe8db317f35c6679f79343610a8ebd1e1069944c66769b477742860e2791bc","8a33be0a189a42fe8a6c4b14ae5e36aa8df9da89aa312c045c6fd99de3c3f355","8267892735fc5d85b66160ad3906efba1127c076482c4555e79be517f75d93e8","Comprobación por el autor de sum(all(component in text for component in componentes) for text in textos) con ExactCooccurrenceIndex.count; componentes de nominal_query y corpus de source_snapshot. Coinciden ambos; resultado literal, no ausencia científica ni adjudicación de revisión."
"BN-550","aa3bfc58f14b52bebdcd1e2d371766f7b16dec6b6a491711d13f8fb973487253","REINSPECCION","2026-09-27T01:30:10Z","/root (autor; no revisión independiente)","C-2806","data/busquedas_negativas/15_3_15-3-raiz-eucariota-y-corredor-filogenetico.csv","data/tablas/15/table-61-15-3-nodos-fechas-y-relaciones-debiles.csv","2","qué dato discriminaría mejor","identidad=«raíz de Eukaryota»; campo=«qué dato discriminaría mejor»; valor=«más muestreo de linajes profundos y modelos que acomoden heterogeneidad con pruebas de artefacto; pregunta abierta: qué raíz permanece al variar ambos»","0","451","62fe8db317f35c6679f79343610a8ebd1e1069944c66769b477742860e2791bc","8a33be0a189a42fe8a6c4b14ae5e36aa8df9da89aa312c045c6fd99de3c3f355","8267892735fc5d85b66160ad3906efba1127c076482c4555e79be517f75d93e8","Comprobación por el autor de sum(all(component in text for component in componentes) for text in textos) con ExactCooccurrenceIndex.count; componentes de nominal_query y corpus de source_snapshot. Coinciden ambos; resultado literal, no ausencia científica ni adjudicación de revisión."
"BN-551","28fc6f8584aa347b6e60351970e76c2628faab57c9abfa7073d6e1de914ec1d9","REINSPECCION","2026-09-27T01:30:10Z","/root (autor; no revisión independiente)","C-2807","data/busquedas_negativas/15_3_15-3-raiz-eucariota-y-corredor-filogenetico.csv","data/tablas/15/table-61-15-3-nodos-fechas-y-relaciones-debiles.csv","3","qué dato discriminaría mejor","identidad=«inserción de Eukaryota en Asgard»; campo=«qué dato discriminaría mejor»; valor=«más genomas asgard de alta calidad y matrices sometidas a los mismos filtros/modelos; pregunta abierta: qué rama asgard resulta hermana estable»","0","451","62fe8db317f35c6679f79343610a8ebd1e1069944c66769b477742860e2791bc","8a33be0a189a42fe8a6c4b14ae5e36aa8df9da89aa312c045c6fd99de3c3f355","8267892735fc5d85b66160ad3906efba1127c076482c4555e79be517f75d93e8","Comprobación por el autor de sum(all(component in text for component in componentes) for text in textos) con ExactCooccurrenceIndex.count; componentes de nominal_query y corpus de source_snapshot. Coinciden ambos; resultado literal, no ausencia científica ni adjudicación de revisión."
"BN-552","a48a8655cc651503fadcc7629995c835cf9da2c927bfca533019a86e2cd71d1f","REINSPECCION","2026-09-27T01:30:11Z","/root (autor; no revisión independiente)","C-2808","data/busquedas_negativas/15_3_15-3-raiz-eucariota-y-corredor-filogenetico.csv","data/tablas/15/table-61-15-3-nodos-fechas-y-relaciones-debiles.csv","4","qué dato discriminaría mejor","identidad=«relaciones internas de Holozoa unicelular»; campo=«qué dato discriminaría mejor»; valor=«más taxones cercanos y loci ortólogos con modelos de heterogeneidad; pregunta abierta: cuál es la posición estable de Tunicaraptor»","0","451","62fe8db317f35c6679f79343610a8ebd1e1069944c66769b477742860e2791bc","8a33be0a189a42fe8a6c4b14ae5e36aa8df9da89aa312c045c6fd99de3c3f355","8267892735fc5d85b66160ad3906efba1127c076482c4555e79be517f75d93e8","Comprobación por el autor de sum(all(component in text for component in componentes) for text in textos) con ExactCooccurrenceIndex.count; componentes de nominal_query y corpus de source_snapshot. Coinciden ambos; resultado literal, no ausencia científica ni adjudicación de revisión."
"BN-553","7daec4a263adf9d90b3a702ae12b397b0bda26a174c3f54fa0b8161c257d520a","REINSPECCION","2026-09-27T01:30:11Z","/root (autor; no revisión independiente)","C-2809","data/busquedas_negativas/15_3_15-3-raiz-eucariota-y-corredor-filogenetico.csv","data/tablas/15/table-61-15-3-nodos-fechas-y-relaciones-debiles.csv","5","qué dato discriminaría mejor","identidad=«fósiles proterozoicos candidatos»; campo=«qué dato discriminaría mejor»; valor=«caracteres diagnósticos adicionales, preservación tridimensional o química y contexto datado; pregunta abierta: qué candidatos discriminan corona de tallo»","0","451","62fe8db317f35c6679f79343610a8ebd1e1069944c66769b477742860e2791bc","8a33be0a189a42fe8a6c4b14ae5e36aa8df9da89aa312c045c6fd99de3c3f355","8267892735fc5d85b66160ad3906efba1127c076482c4555e79be517f75d93e8","Comprobación por el autor de sum(all(component in text for component in componentes) for text in textos) con ExactCooccurrenceIndex.count; componentes de nominal_query y corpus de source_snapshot. Coinciden ambos; resultado literal, no ausencia científica ni adjudicación de revisión."
"BN-554","a167f71a2929cb8bd82ca82de01ce3375f44bf82546c7b4d5f5a777e0907f82b","REINSPECCION","2026-09-27T01:30:12Z","/root (autor; no revisión independiente)","C-2811","data/busquedas_negativas/15_3_15-3-raiz-eucariota-y-corredor-filogenetico.csv","data/tablas/15/table-61-15-3-nodos-fechas-y-relaciones-debiles.csv","6","qué dato discriminaría mejor","identidad=«edad de LECA»; campo=«qué dato discriminaría mejor»; valor=«reloj comparado con calibraciones compartidas, raíz explícita y análisis de sensibilidad; pregunta abierta: qué intervalo sobrevive a esas decisiones»","0","451","62fe8db317f35c6679f79343610a8ebd1e1069944c66769b477742860e2791bc","8a33be0a189a42fe8a6c4b14ae5e36aa8df9da89aa312c045c6fd99de3c3f355","8267892735fc5d85b66160ad3906efba1127c076482c4555e79be517f75d93e8","Comprobación por el autor de sum(all(component in text for component in componentes) for text in textos) con ExactCooccurrenceIndex.count; componentes de nominal_query y corpus de source_snapshot. Coinciden ambos; resultado literal, no ausencia científica ni adjudicación de revisión."
"BN-555","08bdbbd7e75afa0d109a824b447ce77465e5c39129e02809661a8a307dbd6511","REINSPECCION","2026-09-27T01:30:12Z","/root (autor; no revisión independiente)","C-2812","data/busquedas_negativas/15_3_15-3-raiz-eucariota-y-corredor-filogenetico.csv","data/tablas/15/table-61-15-3-nodos-fechas-y-relaciones-debiles.csv","7","qué dato discriminaría mejor","identidad=«corona multiespecífica de Corallochytrea»; campo=«qué dato discriminaría mejor»; valor=«muestreo de más de un linaje interno, circunscripción declarada y reloj calibrado; pregunta abierta: cuál es la edad de esa corona»","0","451","62fe8db317f35c6679f79343610a8ebd1e1069944c66769b477742860e2791bc","8a33be0a189a42fe8a6c4b14ae5e36aa8df9da89aa312c045c6fd99de3c3f355","8267892735fc5d85b66160ad3906efba1127c076482c4555e79be517f75d93e8","Comprobación por el autor de sum(all(component in text for component in componentes) for text in textos) con ExactCooccurrenceIndex.count; componentes de nominal_query y corpus de source_snapshot. Coinciden ambos; resultado literal, no ausencia científica ni adjudicación de revisión."
"BN-556","c66d810a5a31d783d5910667aa5ae8e50058e6a5f477d2790711b54a31560785","REINSPECCION","2026-09-27T01:30:13Z","/root (autor; no revisión independiente)","C-2813","data/busquedas_negativas/15_3_15-3-raiz-eucariota-y-corredor-filogenetico.csv","data/tablas/15/table-61-15-3-nodos-fechas-y-relaciones-debiles.csv","7","qué no depende de resolverlo","identidad=«corona multiespecífica de Corallochytrea»; campo=«qué no depende de resolverlo»; valor=«la existencia y circunscripción operacional de Corallochytrea en el corpus»","0","451","62fe8db317f35c6679f79343610a8ebd1e1069944c66769b477742860e2791bc","8a33be0a189a42fe8a6c4b14ae5e36aa8df9da89aa312c045c6fd99de3c3f355","8267892735fc5d85b66160ad3906efba1127c076482c4555e79be517f75d93e8","Comprobación por el autor de sum(all(component in text for component in componentes) for text in textos) con ExactCooccurrenceIndex.count; componentes de nominal_query y corpus de source_snapshot. Coinciden ambos; resultado literal, no ausencia científica ni adjudicación de revisión."
