"clave_bn","huella_fila_bn_sha256","clase_fecha","fecha_ejecucion","revisor_ejecutor","claim_id_residual","csv_bn","csv_celda","fila_celda","columna_celda","consulta_exacta","coincidencias_artefactos","artefactos_censados","huella_inventario_fuentes_sha256","huella_censo_residual_sha256","huella_script_consulta_sha256","metodo"
"BN-147","fa52b531545c4bebf9b3ee7e6997969d35e468f2adca28953deac8e05dffd8b7","REINSPECCION","2026-09-27T00:01:44Z","/root (autor; no revisión independiente)","C-1996","data/busquedas_negativas/15_1_15-1-punto-de-partida-y-participantes-celulares.csv","data/tablas/02/table-06-2-8-2-el-grupo-vivo-mas-proximo-no-esta-resuelto.csv","2","ecología o hábitat por taxón","identidad=«Martijn et al. 2018»; campo=«ecología o hábitat por taxón»; valor=«no consta por cada clado en la evidencia resumida [BN-114]»","0","447","eb65a6efc4b262af7edb4488ea907c29f7dba2c4e4f61fd76472b653aa547f93","8a33be0a189a42fe8a6c4b14ae5e36aa8df9da89aa312c045c6fd99de3c3f355","91b70d4fa98036b2ebac634c822e133cb4ed9780393b3446f9a0004b0a5c67a3","Comprobación por el autor de sum(all(component in text for component in componentes) for text in textos) con ExactCooccurrenceIndex.count; componentes de nominal_query y corpus de source_snapshot. Coinciden ambos; resultado literal, no ausencia científica ni adjudicación de revisión."
"BN-148","8f9c89aedd42f21e35c6d3c71ea04917c26393bd279e4aae49b2a2ba9073e998","REINSPECCION","2026-09-27T00:01:45Z","/root (autor; no revisión independiente)","C-1997","data/busquedas_negativas/15_1_15-1-punto-de-partida-y-participantes-celulares.csv","data/tablas/02/table-06-2-8-2-el-grupo-vivo-mas-proximo-no-esta-resuelto.csv","3","ecología o hábitat por taxón","identidad=«Fan et al. 2020»; campo=«ecología o hábitat por taxón»; valor=«no consta por cada taxón en la evidencia resumida [BN-114]»","0","447","eb65a6efc4b262af7edb4488ea907c29f7dba2c4e4f61fd76472b653aa547f93","8a33be0a189a42fe8a6c4b14ae5e36aa8df9da89aa312c045c6fd99de3c3f355","91b70d4fa98036b2ebac634c822e133cb4ed9780393b3446f9a0004b0a5c67a3","Comprobación por el autor de sum(all(component in text for component in componentes) for text in textos) con ExactCooccurrenceIndex.count; componentes de nominal_query y corpus de source_snapshot. Coinciden ambos; resultado literal, no ausencia científica ni adjudicación de revisión."
"BN-149","49201cb2ddeac2fb0e28a75165f37c0ebe2331c2830494cc6c849186cac193c4","REINSPECCION","2026-09-27T00:01:46Z","/root (autor; no revisión independiente)","C-1998","data/busquedas_negativas/15_1_15-1-punto-de-partida-y-participantes-celulares.csv","data/tablas/02/table-06-2-8-2-el-grupo-vivo-mas-proximo-no-esta-resuelto.csv","4","ecología o hábitat por taxón","identidad=«Muñoz-Gómez et al. 2022»; campo=«ecología o hábitat por taxón»; valor=«no consta por cada taxón en la evidencia resumida [BN-114]»","0","447","eb65a6efc4b262af7edb4488ea907c29f7dba2c4e4f61fd76472b653aa547f93","8a33be0a189a42fe8a6c4b14ae5e36aa8df9da89aa312c045c6fd99de3c3f355","91b70d4fa98036b2ebac634c822e133cb4ed9780393b3446f9a0004b0a5c67a3","Comprobación por el autor de sum(all(component in text for component in componentes) for text in textos) con ExactCooccurrenceIndex.count; componentes de nominal_query y corpus de source_snapshot. Coinciden ambos; resultado literal, no ausencia científica ni adjudicación de revisión."
"BN-150","9e3997c0a76e21b415cbef88b49cc2229a4875cffe5177a0ee42ec4e88c58c62","REINSPECCION","2026-09-27T00:01:46Z","/root (autor; no revisión independiente)","C-2064","data/busquedas_negativas/15_1_15-1-punto-de-partida-y-participantes-celulares.csv","data/tablas/02/table-06-2-8-2-el-grupo-vivo-mas-proximo-no-esta-resuelto.csv","10","posición o alcance","identidad=«S49 tabla 2»; campo=«posición o alcance»; valor=«linaje metagenómico; criterio discriminatorio»","0","447","eb65a6efc4b262af7edb4488ea907c29f7dba2c4e4f61fd76472b653aa547f93","8a33be0a189a42fe8a6c4b14ae5e36aa8df9da89aa312c045c6fd99de3c3f355","91b70d4fa98036b2ebac634c822e133cb4ed9780393b3446f9a0004b0a5c67a3","Comprobación por el autor de sum(all(component in text for component in componentes) for text in textos) con ExactCooccurrenceIndex.count; componentes de nominal_query y corpus de source_snapshot. Coinciden ambos; resultado literal, no ausencia científica ni adjudicación de revisión."
"BN-151","7e317a69a1835e537318708e109208b4a31b0f538f6124c7162652426d64a883","REINSPECCION","2026-09-27T00:01:47Z","/root (autor; no revisión independiente)","C-2086","data/busquedas_negativas/15_1_15-1-punto-de-partida-y-participantes-celulares.csv","data/tablas/02/table-06-2-8-2-el-grupo-vivo-mas-proximo-no-esta-resuelto.csv","12","posición o alcance","identidad=«S49 tabla 2»; campo=«posición o alcance»; valor=«linaje metagenómico; criterio discriminatorio»","0","447","eb65a6efc4b262af7edb4488ea907c29f7dba2c4e4f61fd76472b653aa547f93","8a33be0a189a42fe8a6c4b14ae5e36aa8df9da89aa312c045c6fd99de3c3f355","91b70d4fa98036b2ebac634c822e133cb4ed9780393b3446f9a0004b0a5c67a3","Comprobación por el autor de sum(all(component in text for component in componentes) for text in textos) con ExactCooccurrenceIndex.count; componentes de nominal_query y corpus de source_snapshot. Coinciden ambos; resultado literal, no ausencia científica ni adjudicación de revisión."
"BN-152","e762d2d6b44fec6ec3450992f0cceffcc66064f8da1198ce0ccf572454260c33","REINSPECCION","2026-09-27T00:01:47Z","/root (autor; no revisión independiente)","C-2119","data/busquedas_negativas/15_1_15-1-punto-de-partida-y-participantes-celulares.csv","data/tablas/02/table-06-2-8-2-el-grupo-vivo-mas-proximo-no-esta-resuelto.csv","15","posición o alcance","identidad=«S49 tabla 2»; campo=«posición o alcance»; valor=«linaje metagenómico; agrupa con Iodidimonas»","0","447","eb65a6efc4b262af7edb4488ea907c29f7dba2c4e4f61fd76472b653aa547f93","8a33be0a189a42fe8a6c4b14ae5e36aa8df9da89aa312c045c6fd99de3c3f355","91b70d4fa98036b2ebac634c822e133cb4ed9780393b3446f9a0004b0a5c67a3","Comprobación por el autor de sum(all(component in text for component in componentes) for text in textos) con ExactCooccurrenceIndex.count; componentes de nominal_query y corpus de source_snapshot. Coinciden ambos; resultado literal, no ausencia científica ni adjudicación de revisión."
"BN-153","3fa42537bcb65b18ca334d19927b063352903c8b79b1d82b74d63015373a02ce","REINSPECCION","2026-09-27T00:01:48Z","/root (autor; no revisión independiente)","C-2222","data/busquedas_negativas/15_1_15-1-punto-de-partida-y-participantes-celulares.csv","data/tablas/02/table-06-2-8-2-el-grupo-vivo-mas-proximo-no-esta-resuelto.csv","25","posición o alcance","identidad=«S49 tabla 3»; campo=«posición o alcance»; valor=«distribución metabólica, no posición filogenética»","0","447","eb65a6efc4b262af7edb4488ea907c29f7dba2c4e4f61fd76472b653aa547f93","8a33be0a189a42fe8a6c4b14ae5e36aa8df9da89aa312c045c6fd99de3c3f355","91b70d4fa98036b2ebac634c822e133cb4ed9780393b3446f9a0004b0a5c67a3","Comprobación por el autor de sum(all(component in text for component in componentes) for text in textos) con ExactCooccurrenceIndex.count; componentes de nominal_query y corpus de source_snapshot. Coinciden ambos; resultado literal, no ausencia científica ni adjudicación de revisión."
"BN-154","40782a879ff085fc76be144fa63dcbe68186852b6e4949c3692d81f900c772ca","REINSPECCION","2026-09-27T00:01:49Z","/root (autor; no revisión independiente)","C-2226","data/busquedas_negativas/15_1_15-1-punto-de-partida-y-participantes-celulares.csv","data/tablas/02/table-06-2-8-2-el-grupo-vivo-mas-proximo-no-esta-resuelto.csv","26","posición o alcance","identidad=«S49 tabla 3»; campo=«posición o alcance»; valor=«distribución metabólica, no posición filogenética»","0","447","eb65a6efc4b262af7edb4488ea907c29f7dba2c4e4f61fd76472b653aa547f93","8a33be0a189a42fe8a6c4b14ae5e36aa8df9da89aa312c045c6fd99de3c3f355","91b70d4fa98036b2ebac634c822e133cb4ed9780393b3446f9a0004b0a5c67a3","Comprobación por el autor de sum(all(component in text for component in componentes) for text in textos) con ExactCooccurrenceIndex.count; componentes de nominal_query y corpus de source_snapshot. Coinciden ambos; resultado literal, no ausencia científica ni adjudicación de revisión."
"BN-155","013b499e6145b99d16ea1b230f27d3b6aa2377fdc96b57aef2f1ed8b9f60ac89","REINSPECCION","2026-09-27T00:01:50Z","/root (autor; no revisión independiente)","C-2230","data/busquedas_negativas/15_1_15-1-punto-de-partida-y-participantes-celulares.csv","data/tablas/02/table-06-2-8-2-el-grupo-vivo-mas-proximo-no-esta-resuelto.csv","27","posición o alcance","identidad=«S49 tabla 3»; campo=«posición o alcance»; valor=«distribución metabólica, no posición filogenética»","0","447","eb65a6efc4b262af7edb4488ea907c29f7dba2c4e4f61fd76472b653aa547f93","8a33be0a189a42fe8a6c4b14ae5e36aa8df9da89aa312c045c6fd99de3c3f355","91b70d4fa98036b2ebac634c822e133cb4ed9780393b3446f9a0004b0a5c67a3","Comprobación por el autor de sum(all(component in text for component in componentes) for text in textos) con ExactCooccurrenceIndex.count; componentes de nominal_query y corpus de source_snapshot. Coinciden ambos; resultado literal, no ausencia científica ni adjudicación de revisión."
"BN-156","5c3ea2fd1dfa37cee307226034ee8d5f4526a0ebc08ecd47f6dc2f3215e1aecf","REINSPECCION","2026-09-27T00:01:50Z","/root (autor; no revisión independiente)","C-2234","data/busquedas_negativas/15_1_15-1-punto-de-partida-y-participantes-celulares.csv","data/tablas/02/table-06-2-8-2-el-grupo-vivo-mas-proximo-no-esta-resuelto.csv","28","posición o alcance","identidad=«S49 tabla 3»; campo=«posición o alcance»; valor=«distribución metabólica, no posición filogenética»","0","447","eb65a6efc4b262af7edb4488ea907c29f7dba2c4e4f61fd76472b653aa547f93","8a33be0a189a42fe8a6c4b14ae5e36aa8df9da89aa312c045c6fd99de3c3f355","91b70d4fa98036b2ebac634c822e133cb4ed9780393b3446f9a0004b0a5c67a3","Comprobación por el autor de sum(all(component in text for component in componentes) for text in textos) con ExactCooccurrenceIndex.count; componentes de nominal_query y corpus de source_snapshot. Coinciden ambos; resultado literal, no ausencia científica ni adjudicación de revisión."
"BN-157","9c307645ce5b9ef2e5b1286099c4685bb82e63caaf92aea2e1836b43645df955","REINSPECCION","2026-09-27T00:01:51Z","/root (autor; no revisión independiente)","C-2238","data/busquedas_negativas/15_1_15-1-punto-de-partida-y-participantes-celulares.csv","data/tablas/02/table-06-2-8-2-el-grupo-vivo-mas-proximo-no-esta-resuelto.csv","29","posición o alcance","identidad=«S49 tabla 3»; campo=«posición o alcance»; valor=«distribución metabólica, no posición filogenética»","0","447","eb65a6efc4b262af7edb4488ea907c29f7dba2c4e4f61fd76472b653aa547f93","8a33be0a189a42fe8a6c4b14ae5e36aa8df9da89aa312c045c6fd99de3c3f355","91b70d4fa98036b2ebac634c822e133cb4ed9780393b3446f9a0004b0a5c67a3","Comprobación por el autor de sum(all(component in text for component in componentes) for text in textos) con ExactCooccurrenceIndex.count; componentes de nominal_query y corpus de source_snapshot. Coinciden ambos; resultado literal, no ausencia científica ni adjudicación de revisión."
"BN-158","a7d10e3f219218258c49108b9659d2102eeab9ff0e46d1fed82888ed20e5e516","REINSPECCION","2026-09-27T00:01:52Z","/root (autor; no revisión independiente)","C-2242","data/busquedas_negativas/15_1_15-1-punto-de-partida-y-participantes-celulares.csv","data/tablas/02/table-06-2-8-2-el-grupo-vivo-mas-proximo-no-esta-resuelto.csv","30","posición o alcance","identidad=«S49 tabla 3»; campo=«posición o alcance»; valor=«metabolismo anaerobio; no posición filogenética»","0","447","eb65a6efc4b262af7edb4488ea907c29f7dba2c4e4f61fd76472b653aa547f93","8a33be0a189a42fe8a6c4b14ae5e36aa8df9da89aa312c045c6fd99de3c3f355","91b70d4fa98036b2ebac634c822e133cb4ed9780393b3446f9a0004b0a5c67a3","Comprobación por el autor de sum(all(component in text for component in componentes) for text in textos) con ExactCooccurrenceIndex.count; componentes de nominal_query y corpus de source_snapshot. Coinciden ambos; resultado literal, no ausencia científica ni adjudicación de revisión."
"BN-159","4a0d2bf942af0d75a3d27870eb83ef030900a58bd35e8480fd93a46670f7704c","REINSPECCION","2026-09-27T00:01:53Z","/root (autor; no revisión independiente)","C-2254","data/busquedas_negativas/15_1_15-1-punto-de-partida-y-participantes-celulares.csv","data/tablas/02/table-06-2-8-2-el-grupo-vivo-mas-proximo-no-esta-resuelto.csv","33","posición o alcance","identidad=«S49 tabla 3»; campo=«posición o alcance»; valor=«clasificación de membrana; no posición filogenética»","0","447","eb65a6efc4b262af7edb4488ea907c29f7dba2c4e4f61fd76472b653aa547f93","8a33be0a189a42fe8a6c4b14ae5e36aa8df9da89aa312c045c6fd99de3c3f355","91b70d4fa98036b2ebac634c822e133cb4ed9780393b3446f9a0004b0a5c67a3","Comprobación por el autor de sum(all(component in text for component in componentes) for text in textos) con ExactCooccurrenceIndex.count; componentes de nominal_query y corpus de source_snapshot. Coinciden ambos; resultado literal, no ausencia científica ni adjudicación de revisión."
"BN-160","051cb66a65df4b7e4ea6b709bb603a248c94463fb89b1105853f19de3f843cf3","REINSPECCION","2026-09-27T00:01:53Z","/root (autor; no revisión independiente)","C-2258","data/busquedas_negativas/15_1_15-1-punto-de-partida-y-participantes-celulares.csv","data/tablas/02/table-06-2-8-2-el-grupo-vivo-mas-proximo-no-esta-resuelto.csv","34","posición o alcance","identidad=«S49 tabla 3»; campo=«posición o alcance»; valor=«distribución metabólica, no posición filogenética»","0","447","eb65a6efc4b262af7edb4488ea907c29f7dba2c4e4f61fd76472b653aa547f93","8a33be0a189a42fe8a6c4b14ae5e36aa8df9da89aa312c045c6fd99de3c3f355","91b70d4fa98036b2ebac634c822e133cb4ed9780393b3446f9a0004b0a5c67a3","Comprobación por el autor de sum(all(component in text for component in componentes) for text in textos) con ExactCooccurrenceIndex.count; componentes de nominal_query y corpus de source_snapshot. Coinciden ambos; resultado literal, no ausencia científica ni adjudicación de revisión."
"BN-161","8dc9aa5a555f2dc17860821faae090c018884920d5c966e6b5e1f40fc3acef95","REINSPECCION","2026-09-27T00:01:54Z","/root (autor; no revisión independiente)","C-2270","data/busquedas_negativas/15_1_15-1-punto-de-partida-y-participantes-celulares.csv","data/tablas/02/table-06-2-8-2-el-grupo-vivo-mas-proximo-no-esta-resuelto.csv","37","posición o alcance","identidad=«S49 tabla 3»; campo=«posición o alcance»; valor=«distribución metabólica, no posición filogenética»","0","447","eb65a6efc4b262af7edb4488ea907c29f7dba2c4e4f61fd76472b653aa547f93","8a33be0a189a42fe8a6c4b14ae5e36aa8df9da89aa312c045c6fd99de3c3f355","91b70d4fa98036b2ebac634c822e133cb4ed9780393b3446f9a0004b0a5c67a3","Comprobación por el autor de sum(all(component in text for component in componentes) for text in textos) con ExactCooccurrenceIndex.count; componentes de nominal_query y corpus de source_snapshot. Coinciden ambos; resultado literal, no ausencia científica ni adjudicación de revisión."
"BN-162","46f56817ff86d3f0b0d22ce20626224f1cd9a8e4b1082c189b21fe2174afbe0f","REINSPECCION","2026-09-27T00:01:55Z","/root (autor; no revisión independiente)","C-2274","data/busquedas_negativas/15_1_15-1-punto-de-partida-y-participantes-celulares.csv","data/tablas/02/table-06-2-8-2-el-grupo-vivo-mas-proximo-no-esta-resuelto.csv","38","posición o alcance","identidad=«S49 tabla 3»; campo=«posición o alcance»; valor=«similitud de proteínas, no parentesco por sí sola»","0","447","eb65a6efc4b262af7edb4488ea907c29f7dba2c4e4f61fd76472b653aa547f93","8a33be0a189a42fe8a6c4b14ae5e36aa8df9da89aa312c045c6fd99de3c3f355","91b70d4fa98036b2ebac634c822e133cb4ed9780393b3446f9a0004b0a5c67a3","Comprobación por el autor de sum(all(component in text for component in componentes) for text in textos) con ExactCooccurrenceIndex.count; componentes de nominal_query y corpus de source_snapshot. Coinciden ambos; resultado literal, no ausencia científica ni adjudicación de revisión."
"BN-163","1e3083b8a62eca6b002dec21444f97761e5bd460b5b4cc5149af00174ce5234f","REINSPECCION","2026-09-27T00:01:56Z","/root (autor; no revisión independiente)","C-2275","data/busquedas_negativas/15_1_15-1-punto-de-partida-y-participantes-celulares.csv","data/tablas/02/table-06a-2-8-2-diversidad-ecologia-metabolismo-posicion-alphaproteobacteria.csv","2","diversidad interna documentada","identidad=«Rickettsiales»; campo=«diversidad interna documentada»; valor=«linaje temprano de las 15 unidades comparadas; incluye genomas reducidos»","0","447","eb65a6efc4b262af7edb4488ea907c29f7dba2c4e4f61fd76472b653aa547f93","8a33be0a189a42fe8a6c4b14ae5e36aa8df9da89aa312c045c6fd99de3c3f355","91b70d4fa98036b2ebac634c822e133cb4ed9780393b3446f9a0004b0a5c67a3","Comprobación por el autor de sum(all(component in text for component in componentes) for text in textos) con ExactCooccurrenceIndex.count; componentes de nominal_query y corpus de source_snapshot. Coinciden ambos; resultado literal, no ausencia científica ni adjudicación de revisión."
"BN-164","d8466cd2b2827ddeccef9ede5c9823eb2740e1196b096533f52aa890aa5a473b","REINSPECCION","2026-09-27T00:01:57Z","/root (autor; no revisión independiente)","C-2276","data/busquedas_negativas/15_1_15-1-punto-de-partida-y-participantes-celulares.csv","data/tablas/02/table-06a-2-8-2-diversidad-ecologia-metabolismo-posicion-alphaproteobacteria.csv","2","ecología o tipo de vida explícito","identidad=«Rickettsiales»; campo=«ecología o tipo de vida explícito»; valor=«no consta una ficha ecológica representativa del linaje en los pasajes de S49 usados aquí»","0","447","eb65a6efc4b262af7edb4488ea907c29f7dba2c4e4f61fd76472b653aa547f93","8a33be0a189a42fe8a6c4b14ae5e36aa8df9da89aa312c045c6fd99de3c3f355","91b70d4fa98036b2ebac634c822e133cb4ed9780393b3446f9a0004b0a5c67a3","Comprobación por el autor de sum(all(component in text for component in componentes) for text in textos) con ExactCooccurrenceIndex.count; componentes de nominal_query y corpus de source_snapshot. Coinciden ambos; resultado literal, no ausencia científica ni adjudicación de revisión."
"BN-165","0823766c249993d43d2e325f6e03a369ef9d44c53edc8cf41a8ad38f0b71be11","REINSPECCION","2026-09-27T00:01:57Z","/root (autor; no revisión independiente)","C-2277","data/busquedas_negativas/15_1_15-1-punto-de-partida-y-participantes-celulares.csv","data/tablas/02/table-06a-2-8-2-diversidad-ecologia-metabolismo-posicion-alphaproteobacteria.csv","2","metabolismo documentado","identidad=«Rickettsiales»; campo=«metabolismo documentado»; valor=«puntuación acumulada de rasgos aerobios significativamente menor que la de mitocondrias aerobias; sin evidencia bioquímica de cardiolipina localizada por S49»","0","447","eb65a6efc4b262af7edb4488ea907c29f7dba2c4e4f61fd76472b653aa547f93","8a33be0a189a42fe8a6c4b14ae5e36aa8df9da89aa312c045c6fd99de3c3f355","91b70d4fa98036b2ebac634c822e133cb4ed9780393b3446f9a0004b0a5c67a3","Comprobación por el autor de sum(all(component in text for component in componentes) for text in textos) con ExactCooccurrenceIndex.count; componentes de nominal_query y corpus de source_snapshot. Coinciden ambos; resultado literal, no ausencia científica ni adjudicación de revisión."
"BN-166","7c6f02ad6ad4bbe026d3cfcc3e3ceea01eaf7034085248b68c062897efa0d621","REINSPECCION","2026-09-27T00:01:58Z","/root (autor; no revisión independiente)","C-2278","data/busquedas_negativas/15_1_15-1-punto-de-partida-y-participantes-celulares.csv","data/tablas/02/table-06a-2-8-2-diversidad-ecologia-metabolismo-posicion-alphaproteobacteria.csv","2","posición filogenética o relación con mitocondrias","identidad=«Rickettsiales»; campo=«posición filogenética o relación con mitocondrias»; valor=«extremo temprano del muestreo de S49; la ausencia de la sintenia Cox11–COX3 y otros filtros llevaron a S49 a excluirlo como mejor candidato metabólico»","0","447","eb65a6efc4b262af7edb4488ea907c29f7dba2c4e4f61fd76472b653aa547f93","8a33be0a189a42fe8a6c4b14ae5e36aa8df9da89aa312c045c6fd99de3c3f355","91b70d4fa98036b2ebac634c822e133cb4ed9780393b3446f9a0004b0a5c67a3","Comprobación por el autor de sum(all(component in text for component in componentes) for text in textos) con ExactCooccurrenceIndex.count; componentes de nominal_query y corpus de source_snapshot. Coinciden ambos; resultado literal, no ausencia científica ni adjudicación de revisión."
"BN-167","52b7c73fe204f8f81f9e1dda555d2b86f57486469a891b528107ee603f24b003","REINSPECCION","2026-09-27T00:01:59Z","/root (autor; no revisión independiente)","C-2280","data/busquedas_negativas/15_1_15-1-punto-de-partida-y-participantes-celulares.csv","data/tablas/02/table-06a-2-8-2-diversidad-ecologia-metabolismo-posicion-alphaproteobacteria.csv","3","diversidad interna documentada","identidad=«Holosporales»; campo=«diversidad interna documentada»; valor=«unidad analítica separada con genomas ricos en AT»","0","447","eb65a6efc4b262af7edb4488ea907c29f7dba2c4e4f61fd76472b653aa547f93","8a33be0a189a42fe8a6c4b14ae5e36aa8df9da89aa312c045c6fd99de3c3f355","91b70d4fa98036b2ebac634c822e133cb4ed9780393b3446f9a0004b0a5c67a3","Comprobación por el autor de sum(all(component in text for component in componentes) for text in textos) con ExactCooccurrenceIndex.count; componentes de nominal_query y corpus de source_snapshot. Coinciden ambos; resultado literal, no ausencia científica ni adjudicación de revisión."
"BN-168","66d33ebc52aee08320f8cbe88925abbf727984a260ea6cd1dadd337a6df051dc","REINSPECCION","2026-09-27T00:01:59Z","/root (autor; no revisión independiente)","C-2281","data/busquedas_negativas/15_1_15-1-punto-de-partida-y-participantes-celulares.csv","data/tablas/02/table-06a-2-8-2-diversidad-ecologia-metabolismo-posicion-alphaproteobacteria.csv","3","ecología o tipo de vida explícito","identidad=«Holosporales»; campo=«ecología o tipo de vida explícito»; valor=«no consta una ficha ecológica representativa del linaje en los pasajes de S49 usados aquí»","0","447","eb65a6efc4b262af7edb4488ea907c29f7dba2c4e4f61fd76472b653aa547f93","8a33be0a189a42fe8a6c4b14ae5e36aa8df9da89aa312c045c6fd99de3c3f355","91b70d4fa98036b2ebac634c822e133cb4ed9780393b3446f9a0004b0a5c67a3","Comprobación por el autor de sum(all(component in text for component in componentes) for text in textos) con ExactCooccurrenceIndex.count; componentes de nominal_query y corpus de source_snapshot. Coinciden ambos; resultado literal, no ausencia científica ni adjudicación de revisión."
"BN-169","48d6e076dda39713d2954f44a6e3d4d9ed650a0e7effe216096b755724bc13d6","REINSPECCION","2026-09-27T00:01:59Z","/root (autor; no revisión independiente)","C-2282","data/busquedas_negativas/15_1_15-1-punto-de-partida-y-participantes-celulares.csv","data/tablas/02/table-06a-2-8-2-diversidad-ecologia-metabolismo-posicion-alphaproteobacteria.csv","3","posición filogenética o relación con mitocondrias","identidad=«Holosporales»; campo=«posición filogenética o relación con mitocondrias»; valor=«posición intermedia entre Rickettsiales y Rhodospirillales después de corregir composición rica en AT»","0","447","eb65a6efc4b262af7edb4488ea907c29f7dba2c4e4f61fd76472b653aa547f93","8a33be0a189a42fe8a6c4b14ae5e36aa8df9da89aa312c045c6fd99de3c3f355","91b70d4fa98036b2ebac634c822e133cb4ed9780393b3446f9a0004b0a5c67a3","Comprobación por el autor de sum(all(component in text for component in componentes) for text in textos) con ExactCooccurrenceIndex.count; componentes de nominal_query y corpus de source_snapshot. Coinciden ambos; resultado literal, no ausencia científica ni adjudicación de revisión."
"BN-170","9958a4d648ae38c94c6ee068bcbd2fe2f8610af12435f6f44e4f20a3e890e089","REINSPECCION","2026-09-27T00:02:00Z","/root (autor; no revisión independiente)","C-2283","data/busquedas_negativas/15_1_15-1-punto-de-partida-y-participantes-celulares.csv","data/tablas/02/table-06a-2-8-2-diversidad-ecologia-metabolismo-posicion-alphaproteobacteria.csv","3","clase de evidencia y límite","identidad=«Holosporales»; campo=«clase de evidencia y límite»; valor=«posición y metabolismo proceden del esquema analítico de S49; no se extrapola ecología desde el nombre del clado»","0","447","eb65a6efc4b262af7edb4488ea907c29f7dba2c4e4f61fd76472b653aa547f93","8a33be0a189a42fe8a6c4b14ae5e36aa8df9da89aa312c045c6fd99de3c3f355","91b70d4fa98036b2ebac634c822e133cb4ed9780393b3446f9a0004b0a5c67a3","Comprobación por el autor de sum(all(component in text for component in componentes) for text in textos) con ExactCooccurrenceIndex.count; componentes de nominal_query y corpus de source_snapshot. Coinciden ambos; resultado literal, no ausencia científica ni adjudicación de revisión."
"BN-171","42d2e3512a8e057db540f491a2cf060b963455961a2a01f1db8cb3e4f6775c16","REINSPECCION","2026-09-27T00:02:00Z","/root (autor; no revisión independiente)","C-2284","data/busquedas_negativas/15_1_15-1-punto-de-partida-y-participantes-celulares.csv","data/tablas/02/table-06a-2-8-2-diversidad-ecologia-metabolismo-posicion-alphaproteobacteria.csv","4","metabolismo documentado","identidad=«Rhodospirillales, incluidas Methylocystaceae»; campo=«metabolismo documentado»; valor=«M16B próximo al operón COX con M32 en Rhodospirillales; SPT en algunos miembros; Methylocystaceae con SPT»","0","447","eb65a6efc4b262af7edb4488ea907c29f7dba2c4e4f61fd76472b653aa547f93","8a33be0a189a42fe8a6c4b14ae5e36aa8df9da89aa312c045c6fd99de3c3f355","91b70d4fa98036b2ebac634c822e133cb4ed9780393b3446f9a0004b0a5c67a3","Comprobación por el autor de sum(all(component in text for component in componentes) for text in textos) con ExactCooccurrenceIndex.count; componentes de nominal_query y corpus de source_snapshot. Coinciden ambos; resultado literal, no ausencia científica ni adjudicación de revisión."
"BN-172","640c095b8bea8275464730f7a59a742dda6154489f893999d730046254d9ca4e","REINSPECCION","2026-09-27T00:02:01Z","/root (autor; no revisión independiente)","C-2285","data/busquedas_negativas/15_1_15-1-punto-de-partida-y-participantes-celulares.csv","data/tablas/02/table-06a-2-8-2-diversidad-ecologia-metabolismo-posicion-alphaproteobacteria.csv","4","posición filogenética o relación con mitocondrias","identidad=«Rhodospirillales, incluidas Methylocystaceae»; campo=«posición filogenética o relación con mitocondrias»; valor=«superorden diverso de posición intermedia; algunos grupos marinos y Holosporales se evalúan respecto de él»","0","447","eb65a6efc4b262af7edb4488ea907c29f7dba2c4e4f61fd76472b653aa547f93","8a33be0a189a42fe8a6c4b14ae5e36aa8df9da89aa312c045c6fd99de3c3f355","91b70d4fa98036b2ebac634c822e133cb4ed9780393b3446f9a0004b0a5c67a3","Comprobación por el autor de sum(all(component in text for component in componentes) for text in textos) con ExactCooccurrenceIndex.count; componentes de nominal_query y corpus de source_snapshot. Coinciden ambos; resultado literal, no ausencia científica ni adjudicación de revisión."
"BN-173","9aac17753403a71d00457b865e9b02fa89e478daec2494eb800b725c9e1b853c","REINSPECCION","2026-09-27T00:02:01Z","/root (autor; no revisión independiente)","C-2286","data/busquedas_negativas/15_1_15-1-punto-de-partida-y-participantes-celulares.csv","data/tablas/02/table-06a-2-8-2-diversidad-ecologia-metabolismo-posicion-alphaproteobacteria.csv","5","metabolismo documentado","identidad=«MarineAlpha: HIMB59, TMED109 y TMED127»; campo=«metabolismo documentado»; valor=«puntuación acumulada de rasgos aerobios significativamente menor que la de mitocondrias aerobias»","0","447","eb65a6efc4b262af7edb4488ea907c29f7dba2c4e4f61fd76472b653aa547f93","8a33be0a189a42fe8a6c4b14ae5e36aa8df9da89aa312c045c6fd99de3c3f355","91b70d4fa98036b2ebac634c822e133cb4ed9780393b3446f9a0004b0a5c67a3","Comprobación por el autor de sum(all(component in text for component in componentes) for text in textos) con ExactCooccurrenceIndex.count; componentes de nominal_query y corpus de source_snapshot. Coinciden ambos; resultado literal, no ausencia científica ni adjudicación de revisión."
"BN-174","47f11ff03de256104e847aa7cc73678766cda99558fe37b4fb94c7f0a37120c2","REINSPECCION","2026-09-27T00:02:02Z","/root (autor; no revisión independiente)","C-2289","data/busquedas_negativas/15_1_15-1-punto-de-partida-y-participantes-celulares.csv","data/tablas/02/table-06a-2-8-2-diversidad-ecologia-metabolismo-posicion-alphaproteobacteria.csv","6","metabolismo documentado","identidad=«Sneathiellales y nuevos clados marinos»; campo=«metabolismo documentado»; valor=«Sneathiellales y clados relacionados mostraron puntuaciones aerobias comparables a mitocondrias; los nuevos clados concentran OFOR y otros rasgos anaerobios»","0","447","eb65a6efc4b262af7edb4488ea907c29f7dba2c4e4f61fd76472b653aa547f93","8a33be0a189a42fe8a6c4b14ae5e36aa8df9da89aa312c045c6fd99de3c3f355","91b70d4fa98036b2ebac634c822e133cb4ed9780393b3446f9a0004b0a5c67a3","Comprobación por el autor de sum(all(component in text for component in componentes) for text in textos) con ExactCooccurrenceIndex.count; componentes de nominal_query y corpus de source_snapshot. Coinciden ambos; resultado literal, no ausencia científica ni adjudicación de revisión."
"BN-175","e6efd0a8de4a27d30443472c67a1dc5eadaf3fe7907766fa994239f5cd7e0bf9","REINSPECCION","2026-09-27T00:02:02Z","/root (autor; no revisión independiente)","C-2290","data/busquedas_negativas/15_1_15-1-punto-de-partida-y-participantes-celulares.csv","data/tablas/02/table-06a-2-8-2-diversidad-ecologia-metabolismo-posicion-alphaproteobacteria.csv","6","posición filogenética o relación con mitocondrias","identidad=«Sneathiellales y nuevos clados marinos»; campo=«posición filogenética o relación con mitocondrias»; valor=«región filogenética central próxima al conjunto SERIK; separación analítica por diversidad bioenergética»","0","447","eb65a6efc4b262af7edb4488ea907c29f7dba2c4e4f61fd76472b653aa547f93","8a33be0a189a42fe8a6c4b14ae5e36aa8df9da89aa312c045c6fd99de3c3f355","91b70d4fa98036b2ebac634c822e133cb4ed9780393b3446f9a0004b0a5c67a3","Comprobación por el autor de sum(all(component in text for component in componentes) for text in textos) con ExactCooccurrenceIndex.count; componentes de nominal_query y corpus de source_snapshot. Coinciden ambos; resultado literal, no ausencia científica ni adjudicación de revisión."
"BN-176","de1ecb5e26a2e3ccfce6162bc64353612481ab431aaf9a3de6ac1a0bfda94861","REINSPECCION","2026-09-27T00:02:03Z","/root (autor; no revisión independiente)","C-2292","data/busquedas_negativas/15_1_15-1-punto-de-partida-y-participantes-celulares.csv","data/tablas/02/table-06a-2-8-2-diversidad-ecologia-metabolismo-posicion-alphaproteobacteria.csv","7","diversidad interna documentada","identidad=«Iodidimonadales: *Iodidimonas*, Q-1, J067, J084 y J134»; campo=«diversidad interna documentada»; valor=«orden del grupo SERIK; incluye cultivos y MAG que agrupan con *Iodidimonas*»","0","447","eb65a6efc4b262af7edb4488ea907c29f7dba2c4e4f61fd76472b653aa547f93","8a33be0a189a42fe8a6c4b14ae5e36aa8df9da89aa312c045c6fd99de3c3f355","91b70d4fa98036b2ebac634c822e133cb4ed9780393b3446f9a0004b0a5c67a3","Comprobación por el autor de sum(all(component in text for component in componentes) for text in textos) con ExactCooccurrenceIndex.count; componentes de nominal_query y corpus de source_snapshot. Coinciden ambos; resultado literal, no ausencia científica ni adjudicación de revisión."
"BN-177","79b105e7aa3baec23241a402bc3f24937f6fa686e143df633c51d4361a121f80","REINSPECCION","2026-09-27T00:02:03Z","/root (autor; no revisión independiente)","C-2293","data/busquedas_negativas/15_1_15-1-punto-de-partida-y-participantes-celulares.csv","data/tablas/02/table-06a-2-8-2-diversidad-ecologia-metabolismo-posicion-alphaproteobacteria.csv","7","metabolismo documentado","identidad=«Iodidimonadales: *Iodidimonas*, Q-1, J067, J084 y J134»; campo=«metabolismo documentado»; valor=«puntuación aerobia comparable a mitocondrias, sintenia M16B–ISP, máxima frecuencia de doble cardiolipina sintasa y combinación de rasgos aerobios y anaerobios»","0","447","eb65a6efc4b262af7edb4488ea907c29f7dba2c4e4f61fd76472b653aa547f93","8a33be0a189a42fe8a6c4b14ae5e36aa8df9da89aa312c045c6fd99de3c3f355","91b70d4fa98036b2ebac634c822e133cb4ed9780393b3446f9a0004b0a5c67a3","Comprobación por el autor de sum(all(component in text for component in componentes) for text in textos) con ExactCooccurrenceIndex.count; componentes de nominal_query y corpus de source_snapshot. Coinciden ambos; resultado literal, no ausencia científica ni adjudicación de revisión."
"BN-178","c312683f751f90f5d91c4e851f7f0b56a1db5c018e54028f834e3c3900309f6f","REINSPECCION","2026-09-27T00:02:03Z","/root (autor; no revisión independiente)","C-2294","data/busquedas_negativas/15_1_15-1-punto-de-partida-y-participantes-celulares.csv","data/tablas/02/table-06a-2-8-2-diversidad-ecologia-metabolismo-posicion-alphaproteobacteria.csv","7","posición filogenética o relación con mitocondrias","identidad=«Iodidimonadales: *Iodidimonas*, Q-1, J067, J084 y J134»; campo=«posición filogenética o relación con mitocondrias»; valor=«linaje SERIK mantenido separado; S49 lo propone como mejor candidato funcional y espacio filogenético posible, no como grupo hermano demostrado»","0","447","eb65a6efc4b262af7edb4488ea907c29f7dba2c4e4f61fd76472b653aa547f93","8a33be0a189a42fe8a6c4b14ae5e36aa8df9da89aa312c045c6fd99de3c3f355","91b70d4fa98036b2ebac634c822e133cb4ed9780393b3446f9a0004b0a5c67a3","Comprobación por el autor de sum(all(component in text for component in componentes) for text in textos) con ExactCooccurrenceIndex.count; componentes de nominal_query y corpus de source_snapshot. Coinciden ambos; resultado literal, no ausencia científica ni adjudicación de revisión."
"BN-179","de27041127e418acdf59de6c5be100d9e6a2cc9322bf8be36d651f5157a2f61f","REINSPECCION","2026-09-27T00:02:03Z","/root (autor; no revisión independiente)","C-2295","data/busquedas_negativas/15_1_15-1-punto-de-partida-y-participantes-celulares.csv","data/tablas/02/table-06a-2-8-2-diversidad-ecologia-metabolismo-posicion-alphaproteobacteria.csv","7","clase de evidencia y límite","identidad=«Iodidimonadales: *Iodidimonas*, Q-1, J067, J084 y J134»; campo=«clase de evidencia y límite»; valor=«genomas de cultivo y MAG, operones, rasgos y árbol COX3; el hábitat no convierte la hipótesis de origen en demostración»","0","447","eb65a6efc4b262af7edb4488ea907c29f7dba2c4e4f61fd76472b653aa547f93","8a33be0a189a42fe8a6c4b14ae5e36aa8df9da89aa312c045c6fd99de3c3f355","91b70d4fa98036b2ebac634c822e133cb4ed9780393b3446f9a0004b0a5c67a3","Comprobación por el autor de sum(all(component in text for component in componentes) for text in textos) con ExactCooccurrenceIndex.count; componentes de nominal_query y corpus de source_snapshot. Coinciden ambos; resultado literal, no ausencia científica ni adjudicación de revisión."
"BN-180","96ae20773316dee16c609e5b7eed045e80920b2994edb6e9d87dde8e029f7027","REINSPECCION","2026-09-27T00:02:04Z","/root (autor; no revisión independiente)","C-2296","data/busquedas_negativas/15_1_15-1-punto-de-partida-y-participantes-celulares.csv","data/tablas/02/table-06a-2-8-2-diversidad-ecologia-metabolismo-posicion-alphaproteobacteria.csv","8","diversidad interna documentada","identidad=«Rhodothalassiales + Kordiimonadales»; campo=«diversidad interna documentada»; valor=«unidades fusionadas en el análisis por rasgos comunes; *Kordiimonas pumila* figura nominalmente en tabla 2»","0","447","eb65a6efc4b262af7edb4488ea907c29f7dba2c4e4f61fd76472b653aa547f93","8a33be0a189a42fe8a6c4b14ae5e36aa8df9da89aa312c045c6fd99de3c3f355","91b70d4fa98036b2ebac634c822e133cb4ed9780393b3446f9a0004b0a5c67a3","Comprobación por el autor de sum(all(component in text for component in componentes) for text in textos) con ExactCooccurrenceIndex.count; componentes de nominal_query y corpus de source_snapshot. Coinciden ambos; resultado literal, no ausencia científica ni adjudicación de revisión."
"BN-181","79b87fe33251f987b20320119e1d094e9459b39411d9118e277f06a0c2080583","REINSPECCION","2026-09-27T00:02:04Z","/root (autor; no revisión independiente)","C-2297","data/busquedas_negativas/15_1_15-1-punto-de-partida-y-participantes-celulares.csv","data/tablas/02/table-06a-2-8-2-diversidad-ecologia-metabolismo-posicion-alphaproteobacteria.csv","8","ecología o tipo de vida explícito","identidad=«Rhodothalassiales + Kordiimonadales»; campo=«ecología o tipo de vida explícito»; valor=«no consta una ficha ecológica representativa de toda la unidad en los pasajes de S49 usados aquí»","0","447","eb65a6efc4b262af7edb4488ea907c29f7dba2c4e4f61fd76472b653aa547f93","8a33be0a189a42fe8a6c4b14ae5e36aa8df9da89aa312c045c6fd99de3c3f355","91b70d4fa98036b2ebac634c822e133cb4ed9780393b3446f9a0004b0a5c67a3","Comprobación por el autor de sum(all(component in text for component in componentes) for text in textos) con ExactCooccurrenceIndex.count; componentes de nominal_query y corpus de source_snapshot. Coinciden ambos; resultado literal, no ausencia científica ni adjudicación de revisión."
"BN-182","03b2e84936829dd6109a25c763f8d73fca8e7f9d708dfad72942e78c64ddf61e","REINSPECCION","2026-09-27T00:02:05Z","/root (autor; no revisión independiente)","C-2298","data/busquedas_negativas/15_1_15-1-punto-de-partida-y-participantes-celulares.csv","data/tablas/02/table-06a-2-8-2-diversidad-ecologia-metabolismo-posicion-alphaproteobacteria.csv","8","metabolismo documentado","identidad=«Rhodothalassiales + Kordiimonadales»; campo=«metabolismo documentado»; valor=«Kordiimonadales mostró puntuación aerobia comparable a mitocondrias; tabla 2 registra sintenia ribosomal, SPT/KynU y ≥3 rasgos anaerobios en *K. pumila*»","0","447","eb65a6efc4b262af7edb4488ea907c29f7dba2c4e4f61fd76472b653aa547f93","8a33be0a189a42fe8a6c4b14ae5e36aa8df9da89aa312c045c6fd99de3c3f355","91b70d4fa98036b2ebac634c822e133cb4ed9780393b3446f9a0004b0a5c67a3","Comprobación por el autor de sum(all(component in text for component in componentes) for text in textos) con ExactCooccurrenceIndex.count; componentes de nominal_query y corpus de source_snapshot. Coinciden ambos; resultado literal, no ausencia científica ni adjudicación de revisión."
"BN-183","89be72be2c82eb60eac95ab508c0230195aa9478d127ce568f774cfbbb1fd4b9","REINSPECCION","2026-09-27T00:02:05Z","/root (autor; no revisión independiente)","C-2299","data/busquedas_negativas/15_1_15-1-punto-de-partida-y-participantes-celulares.csv","data/tablas/02/table-06a-2-8-2-diversidad-ecologia-metabolismo-posicion-alphaproteobacteria.csv","8","posición filogenética o relación con mitocondrias","identidad=«Rhodothalassiales + Kordiimonadales»; campo=«posición filogenética o relación con mitocondrias»; valor=«parte del conjunto SERIK; corona RIK comparada mediante COX3 con mitocondrias»","0","447","eb65a6efc4b262af7edb4488ea907c29f7dba2c4e4f61fd76472b653aa547f93","8a33be0a189a42fe8a6c4b14ae5e36aa8df9da89aa312c045c6fd99de3c3f355","91b70d4fa98036b2ebac634c822e133cb4ed9780393b3446f9a0004b0a5c67a3","Comprobación por el autor de sum(all(component in text for component in componentes) for text in textos) con ExactCooccurrenceIndex.count; componentes de nominal_query y corpus de source_snapshot. Coinciden ambos; resultado literal, no ausencia científica ni adjudicación de revisión."
"BN-184","bca099f11e9972009a684710067cda438af00ccfaadf5fd5732dd444012c3a0d","REINSPECCION","2026-09-27T00:02:05Z","/root (autor; no revisión independiente)","C-2300","data/busquedas_negativas/15_1_15-1-punto-de-partida-y-participantes-celulares.csv","data/tablas/02/table-06a-2-8-2-diversidad-ecologia-metabolismo-posicion-alphaproteobacteria.csv","8","clase de evidencia y límite","identidad=«Rhodothalassiales + Kordiimonadales»; campo=«clase de evidencia y límite»; valor=«fusión analítica de S49, no sinonimia taxonómica; las celdas vacías de tabla 2 no son ausencias»","0","447","eb65a6efc4b262af7edb4488ea907c29f7dba2c4e4f61fd76472b653aa547f93","8a33be0a189a42fe8a6c4b14ae5e36aa8df9da89aa312c045c6fd99de3c3f355","91b70d4fa98036b2ebac634c822e133cb4ed9780393b3446f9a0004b0a5c67a3","Comprobación por el autor de sum(all(component in text for component in componentes) for text in textos) con ExactCooccurrenceIndex.count; componentes de nominal_query y corpus de source_snapshot. Coinciden ambos; resultado literal, no ausencia científica ni adjudicación de revisión."
"BN-185","3499e8670346fcf2cfc5a52c69481bd3310986fdb166ed28e58ac467beb3eacd","REINSPECCION","2026-09-27T00:02:06Z","/root (autor; no revisión independiente)","C-2301","data/busquedas_negativas/15_1_15-1-punto-de-partida-y-participantes-celulares.csv","data/tablas/02/table-06a-2-8-2-diversidad-ecologia-metabolismo-posicion-alphaproteobacteria.csv","9","ecología o tipo de vida explícito","identidad=«Pelagibacterales»; campo=«ecología o tipo de vida explícito»; valor=«no consta una ficha ecológica representativa en los pasajes de S49 usados aquí»","0","447","eb65a6efc4b262af7edb4488ea907c29f7dba2c4e4f61fd76472b653aa547f93","8a33be0a189a42fe8a6c4b14ae5e36aa8df9da89aa312c045c6fd99de3c3f355","91b70d4fa98036b2ebac634c822e133cb4ed9780393b3446f9a0004b0a5c67a3","Comprobación por el autor de sum(all(component in text for component in componentes) for text in textos) con ExactCooccurrenceIndex.count; componentes de nominal_query y corpus de source_snapshot. Coinciden ambos; resultado literal, no ausencia científica ni adjudicación de revisión."
"BN-186","42628784269226613cb046f06875a5063497dbc7a28abd4ef576b21d7fd70553","REINSPECCION","2026-09-27T00:02:06Z","/root (autor; no revisión independiente)","C-2302","data/busquedas_negativas/15_1_15-1-punto-de-partida-y-participantes-celulares.csv","data/tablas/02/table-06a-2-8-2-diversidad-ecologia-metabolismo-posicion-alphaproteobacteria.csv","9","clase de evidencia y límite","identidad=«Pelagibacterales»; campo=«clase de evidencia y límite»; valor=«muestreo representativo limitado y comparación de rasgos; no se infiere ecología por el nombre»","0","447","eb65a6efc4b262af7edb4488ea907c29f7dba2c4e4f61fd76472b653aa547f93","8a33be0a189a42fe8a6c4b14ae5e36aa8df9da89aa312c045c6fd99de3c3f355","91b70d4fa98036b2ebac634c822e133cb4ed9780393b3446f9a0004b0a5c67a3","Comprobación por el autor de sum(all(component in text for component in componentes) for text in textos) con ExactCooccurrenceIndex.count; componentes de nominal_query y corpus de source_snapshot. Coinciden ambos; resultado literal, no ausencia científica ni adjudicación de revisión."
"BN-187","f3ccea74cc1f89bcb1e0923043eed07ab11d3f68ee56ce6dcdba97e7239b8c5c","REINSPECCION","2026-09-27T00:02:07Z","/root (autor; no revisión independiente)","C-2303","data/busquedas_negativas/15_1_15-1-punto-de-partida-y-participantes-celulares.csv","data/tablas/02/table-06a-2-8-2-diversidad-ecologia-metabolismo-posicion-alphaproteobacteria.csv","10","ecología o tipo de vida explícito","identidad=«Rhizobiales»; campo=«ecología o tipo de vida explícito»; valor=«no consta una ficha ecológica única del orden en los pasajes de S49 usados aquí»","0","447","eb65a6efc4b262af7edb4488ea907c29f7dba2c4e4f61fd76472b653aa547f93","8a33be0a189a42fe8a6c4b14ae5e36aa8df9da89aa312c045c6fd99de3c3f355","91b70d4fa98036b2ebac634c822e133cb4ed9780393b3446f9a0004b0a5c67a3","Comprobación por el autor de sum(all(component in text for component in componentes) for text in textos) con ExactCooccurrenceIndex.count; componentes de nominal_query y corpus de source_snapshot. Coinciden ambos; resultado literal, no ausencia científica ni adjudicación de revisión."
"BN-188","800a3348a3b5e9def53e126c64522b02b29ede663e3f1f856ed6c8506e178032","REINSPECCION","2026-09-27T00:02:07Z","/root (autor; no revisión independiente)","C-2304","data/busquedas_negativas/15_1_15-1-punto-de-partida-y-participantes-celulares.csv","data/tablas/02/table-06a-2-8-2-diversidad-ecologia-metabolismo-posicion-alphaproteobacteria.csv","10","metabolismo documentado","identidad=«Rhizobiales»; campo=«metabolismo documentado»; valor=«puntuación aerobia comparable a mitocondrias; frecuencia máxima de ambos tipos de cardiolipina sintasa; SPT en pocos miembros y rasgos anaerobios en Azospirillaceae»","0","447","eb65a6efc4b262af7edb4488ea907c29f7dba2c4e4f61fd76472b653aa547f93","8a33be0a189a42fe8a6c4b14ae5e36aa8df9da89aa312c045c6fd99de3c3f355","91b70d4fa98036b2ebac634c822e133cb4ed9780393b3446f9a0004b0a5c67a3","Comprobación por el autor de sum(all(component in text for component in componentes) for text in textos) con ExactCooccurrenceIndex.count; componentes de nominal_query y corpus de source_snapshot. Coinciden ambos; resultado literal, no ausencia científica ni adjudicación de revisión."
"BN-189","f813b36e7da01db9d0449cc9f29ff8e34aeec4818547d30af2e070ab869c204d","REINSPECCION","2026-09-27T00:02:08Z","/root (autor; no revisión independiente)","C-2305","data/busquedas_negativas/15_1_15-1-punto-de-partida-y-participantes-celulares.csv","data/tablas/02/table-06a-2-8-2-diversidad-ecologia-metabolismo-posicion-alphaproteobacteria.csv","10","posición filogenética o relación con mitocondrias","identidad=«Rhizobiales»; campo=«posición filogenética o relación con mitocondrias»; valor=«posterior a Pelagibacterales en el orden adoptado; próximo a SERIK/Rhodospirillales en análisis COX3 sin ser candidato único»","0","447","eb65a6efc4b262af7edb4488ea907c29f7dba2c4e4f61fd76472b653aa547f93","8a33be0a189a42fe8a6c4b14ae5e36aa8df9da89aa312c045c6fd99de3c3f355","91b70d4fa98036b2ebac634c822e133cb4ed9780393b3446f9a0004b0a5c67a3","Comprobación por el autor de sum(all(component in text for component in componentes) for text in textos) con ExactCooccurrenceIndex.count; componentes de nominal_query y corpus de source_snapshot. Coinciden ambos; resultado literal, no ausencia científica ni adjudicación de revisión."
"BN-190","ff534ffeec26d77c80b8350565aa07299f9b37892ae4c642617bd3c52a601dfc","REINSPECCION","2026-09-27T00:02:08Z","/root (autor; no revisión independiente)","C-2306","data/busquedas_negativas/15_1_15-1-punto-de-partida-y-participantes-celulares.csv","data/tablas/02/table-06a-2-8-2-diversidad-ecologia-metabolismo-posicion-alphaproteobacteria.csv","10","clase de evidencia y límite","identidad=«Rhizobiales»; campo=«clase de evidencia y límite»; valor=«genómica comparada; heterogeneidad interna explícita impide atribuir cada rasgo a todo el orden»","0","447","eb65a6efc4b262af7edb4488ea907c29f7dba2c4e4f61fd76472b653aa547f93","8a33be0a189a42fe8a6c4b14ae5e36aa8df9da89aa312c045c6fd99de3c3f355","91b70d4fa98036b2ebac634c822e133cb4ed9780393b3446f9a0004b0a5c67a3","Comprobación por el autor de sum(all(component in text for component in componentes) for text in textos) con ExactCooccurrenceIndex.count; componentes de nominal_query y corpus de source_snapshot. Coinciden ambos; resultado literal, no ausencia científica ni adjudicación de revisión."
"BN-191","5aaaf5f0e473c9d83224aa95abe99a8139fa267f70ac1fe078482b29ac020f6e","REINSPECCION","2026-09-27T00:02:09Z","/root (autor; no revisión independiente)","C-2307","data/busquedas_negativas/15_1_15-1-punto-de-partida-y-participantes-celulares.csv","data/tablas/02/table-06a-2-8-2-diversidad-ecologia-metabolismo-posicion-alphaproteobacteria.csv","11","ecología o tipo de vida explícito","identidad=«Sphingomonadales»; campo=«ecología o tipo de vida explícito»; valor=«no consta una ficha ecológica representativa en los pasajes de S49 usados aquí»","0","447","eb65a6efc4b262af7edb4488ea907c29f7dba2c4e4f61fd76472b653aa547f93","8a33be0a189a42fe8a6c4b14ae5e36aa8df9da89aa312c045c6fd99de3c3f355","91b70d4fa98036b2ebac634c822e133cb4ed9780393b3446f9a0004b0a5c67a3","Comprobación por el autor de sum(all(component in text for component in componentes) for text in textos) con ExactCooccurrenceIndex.count; componentes de nominal_query y corpus de source_snapshot. Coinciden ambos; resultado literal, no ausencia científica ni adjudicación de revisión."
"BN-192","db39dca4a335afd6dadd328ff00e44721bfa2aed95b73c7e757232f698b5ad01","REINSPECCION","2026-09-27T00:02:09Z","/root (autor; no revisión independiente)","C-2308","data/busquedas_negativas/15_1_15-1-punto-de-partida-y-participantes-celulares.csv","data/tablas/02/table-06a-2-8-2-diversidad-ecologia-metabolismo-posicion-alphaproteobacteria.csv","11","metabolismo documentado","identidad=«Sphingomonadales»; campo=«metabolismo documentado»; valor=«puntuación aerobia comparable a mitocondrias y frecuencia alta esperada de genes de biosíntesis de esfingolípidos»","0","447","eb65a6efc4b262af7edb4488ea907c29f7dba2c4e4f61fd76472b653aa547f93","8a33be0a189a42fe8a6c4b14ae5e36aa8df9da89aa312c045c6fd99de3c3f355","91b70d4fa98036b2ebac634c822e133cb4ed9780393b3446f9a0004b0a5c67a3","Comprobación por el autor de sum(all(component in text for component in componentes) for text in textos) con ExactCooccurrenceIndex.count; componentes de nominal_query y corpus de source_snapshot. Coinciden ambos; resultado literal, no ausencia científica ni adjudicación de revisión."
"BN-193","a5310cf44e1dc6e89b886bb4346de56f04459994ef5a490935019a1587fdaabb","REINSPECCION","2026-09-27T00:02:10Z","/root (autor; no revisión independiente)","C-2309","data/busquedas_negativas/15_1_15-1-punto-de-partida-y-participantes-celulares.csv","data/tablas/02/table-06a-2-8-2-diversidad-ecologia-metabolismo-posicion-alphaproteobacteria.csv","11","posición filogenética o relación con mitocondrias","identidad=«Sphingomonadales»; campo=«posición filogenética o relación con mitocondrias»; valor=«linaje tardío representado por muestreo reducido; no se lo identifica como hermano mitocondrial»","0","447","eb65a6efc4b262af7edb4488ea907c29f7dba2c4e4f61fd76472b653aa547f93","8a33be0a189a42fe8a6c4b14ae5e36aa8df9da89aa312c045c6fd99de3c3f355","91b70d4fa98036b2ebac634c822e133cb4ed9780393b3446f9a0004b0a5c67a3","Comprobación por el autor de sum(all(component in text for component in componentes) for text in textos) con ExactCooccurrenceIndex.count; componentes de nominal_query y corpus de source_snapshot. Coinciden ambos; resultado literal, no ausencia científica ni adjudicación de revisión."
"BN-194","28c0e6f60d97505485b33d37c2faa69d1acf2c087a6539df2e21b2e68ae0dcb0","REINSPECCION","2026-09-27T00:02:10Z","/root (autor; no revisión independiente)","C-2310","data/busquedas_negativas/15_1_15-1-punto-de-partida-y-participantes-celulares.csv","data/tablas/02/table-06a-2-8-2-diversidad-ecologia-metabolismo-posicion-alphaproteobacteria.csv","11","clase de evidencia y límite","identidad=«Sphingomonadales»; campo=«clase de evidencia y límite»; valor=«genómica de rasgos; la alta frecuencia de una vía no describe toda su ecología»","0","447","eb65a6efc4b262af7edb4488ea907c29f7dba2c4e4f61fd76472b653aa547f93","8a33be0a189a42fe8a6c4b14ae5e36aa8df9da89aa312c045c6fd99de3c3f355","91b70d4fa98036b2ebac634c822e133cb4ed9780393b3446f9a0004b0a5c67a3","Comprobación por el autor de sum(all(component in text for component in componentes) for text in textos) con ExactCooccurrenceIndex.count; componentes de nominal_query y corpus de source_snapshot. Coinciden ambos; resultado literal, no ausencia científica ni adjudicación de revisión."
"BN-195","325e8f30d2457c6b5146bf1ed99cff15d8ff0c66213ad44a1aa45a5a156ec096","REINSPECCION","2026-09-27T00:02:11Z","/root (autor; no revisión independiente)","C-2311","data/busquedas_negativas/15_1_15-1-punto-de-partida-y-participantes-celulares.csv","data/tablas/02/table-06a-2-8-2-diversidad-ecologia-metabolismo-posicion-alphaproteobacteria.csv","12","ecología o tipo de vida explícito","identidad=«Caulobacterales»; campo=«ecología o tipo de vida explícito»; valor=«no consta una ficha ecológica representativa en los pasajes de S49 usados aquí»","0","447","eb65a6efc4b262af7edb4488ea907c29f7dba2c4e4f61fd76472b653aa547f93","8a33be0a189a42fe8a6c4b14ae5e36aa8df9da89aa312c045c6fd99de3c3f355","91b70d4fa98036b2ebac634c822e133cb4ed9780393b3446f9a0004b0a5c67a3","Comprobación por el autor de sum(all(component in text for component in componentes) for text in textos) con ExactCooccurrenceIndex.count; componentes de nominal_query y corpus de source_snapshot. Coinciden ambos; resultado literal, no ausencia científica ni adjudicación de revisión."
"BN-196","a6e09c4ab3c488ecadeb9d3d0538386e15ad3fa629d0c70f30aabfed89707040","REINSPECCION","2026-09-27T00:02:11Z","/root (autor; no revisión independiente)","C-2312","data/busquedas_negativas/15_1_15-1-punto-de-partida-y-participantes-celulares.csv","data/tablas/02/table-06a-2-8-2-diversidad-ecologia-metabolismo-posicion-alphaproteobacteria.csv","12","metabolismo documentado","identidad=«Caulobacterales»; campo=«metabolismo documentado»; valor=«puntuación aerobia comparable a mitocondrias, pero enzimas de cardiolipina distintas de PgsA esencialmente ausentes; SPT limitado y combinación SPT–KynU ausente»","0","447","eb65a6efc4b262af7edb4488ea907c29f7dba2c4e4f61fd76472b653aa547f93","8a33be0a189a42fe8a6c4b14ae5e36aa8df9da89aa312c045c6fd99de3c3f355","91b70d4fa98036b2ebac634c822e133cb4ed9780393b3446f9a0004b0a5c67a3","Comprobación por el autor de sum(all(component in text for component in componentes) for text in textos) con ExactCooccurrenceIndex.count; componentes de nominal_query y corpus de source_snapshot. Coinciden ambos; resultado literal, no ausencia científica ni adjudicación de revisión."
"BN-197","0eaf9dea3edd01f0f94965641635ae61eba36216135467a54e3a4901fc6c4b60","REINSPECCION","2026-09-27T00:02:11Z","/root (autor; no revisión independiente)","C-2313","data/busquedas_negativas/15_1_15-1-punto-de-partida-y-participantes-celulares.csv","data/tablas/02/table-06a-2-8-2-diversidad-ecologia-metabolismo-posicion-alphaproteobacteria.csv","12","posición filogenética o relación con mitocondrias","identidad=«Caulobacterales»; campo=«posición filogenética o relación con mitocondrias»; valor=«linaje tardío representado; algunos Parvularculales/Maricaulales agrupan con él y no se trataron aparte»","0","447","eb65a6efc4b262af7edb4488ea907c29f7dba2c4e4f61fd76472b653aa547f93","8a33be0a189a42fe8a6c4b14ae5e36aa8df9da89aa312c045c6fd99de3c3f355","91b70d4fa98036b2ebac634c822e133cb4ed9780393b3446f9a0004b0a5c67a3","Comprobación por el autor de sum(all(component in text for component in componentes) for text in textos) con ExactCooccurrenceIndex.count; componentes de nominal_query y corpus de source_snapshot. Coinciden ambos; resultado literal, no ausencia científica ni adjudicación de revisión."
"BN-198","889b7ca52b76bfb4d352defaf99d722b17efe7dbb8d37a494d8b70834b54576b","REINSPECCION","2026-09-27T00:02:12Z","/root (autor; no revisión independiente)","C-2315","data/busquedas_negativas/15_1_15-1-punto-de-partida-y-participantes-celulares.csv","data/tablas/02/table-06a-2-8-2-diversidad-ecologia-metabolismo-posicion-alphaproteobacteria.csv","13","ecología o tipo de vida explícito","identidad=«Rhodobacterales»; campo=«ecología o tipo de vida explícito»; valor=«no consta una ficha ecológica representativa en los pasajes de S49 usados aquí»","0","447","eb65a6efc4b262af7edb4488ea907c29f7dba2c4e4f61fd76472b653aa547f93","8a33be0a189a42fe8a6c4b14ae5e36aa8df9da89aa312c045c6fd99de3c3f355","91b70d4fa98036b2ebac634c822e133cb4ed9780393b3446f9a0004b0a5c67a3","Comprobación por el autor de sum(all(component in text for component in componentes) for text in textos) con ExactCooccurrenceIndex.count; componentes de nominal_query y corpus de source_snapshot. Coinciden ambos; resultado literal, no ausencia científica ni adjudicación de revisión."
"BN-199","ce2a2299bbea8cdca8b7567d64959ac89a23580fb7df7a6265c4d6b718487589","REINSPECCION","2026-09-27T00:02:13Z","/root (autor; no revisión independiente)","C-2321","data/busquedas_negativas/15_4_15-4-registro-material-tiempo-ambiente-y-ecologia.csv","data/tablas/05/table-34a-5-8-inventario-fosiles-proterozoicos.csv","2","asignación corona/tallo/indeterminada","identidad=«*Tappania plana*»; campo=«asignación corona/tallo/indeterminada»; valor=«posición indeterminada dentro de Eukaryota; no asignada a corona o tallo»","0","447","eb65a6efc4b262af7edb4488ea907c29f7dba2c4e4f61fd76472b653aa547f93","8a33be0a189a42fe8a6c4b14ae5e36aa8df9da89aa312c045c6fd99de3c3f355","91b70d4fa98036b2ebac634c822e133cb4ed9780393b3446f9a0004b0a5c67a3","Comprobación por el autor de sum(all(component in text for component in componentes) for text in textos) con ExactCooccurrenceIndex.count; componentes de nominal_query y corpus de source_snapshot. Coinciden ambos; resultado literal, no ausencia científica ni adjudicación de revisión."
"BN-200","97f1452d5828642d458a1f1ec8cd9ffb76e059a3e7003971636cde880234c895","REINSPECCION","2026-09-27T00:02:13Z","/root (autor; no revisión independiente)","C-2334","data/busquedas_negativas/15_4_15-4-registro-material-tiempo-ambiente-y-ecologia.csv","data/tablas/05/table-34a-5-8-inventario-fosiles-proterozoicos.csv","10","argumento contrario o límite","identidad=«*Bangiomorpha pubescens*»; campo=«argumento contrario o límite»; valor=«meiosis y gametos no se observan directamente; calibración depende de afinidad»","0","447","eb65a6efc4b262af7edb4488ea907c29f7dba2c4e4f61fd76472b653aa547f93","8a33be0a189a42fe8a6c4b14ae5e36aa8df9da89aa312c045c6fd99de3c3f355","91b70d4fa98036b2ebac634c822e133cb4ed9780393b3446f9a0004b0a5c67a3","Comprobación por el autor de sum(all(component in text for component in componentes) for text in textos) con ExactCooccurrenceIndex.count; componentes de nominal_query y corpus de source_snapshot. Coinciden ambos; resultado literal, no ausencia científica ni adjudicación de revisión."
"BN-201","c0e7d5bc7b2018adbb086c1e35a9588b4fd5a8edcb0617fa3053a8d6ae5b1a34","REINSPECCION","2026-09-27T00:02:14Z","/root (autor; no revisión independiente)","C-2336","data/busquedas_negativas/15_4_15-4-registro-material-tiempo-ambiente-y-ecologia.csv","data/tablas/05/table-34a-5-8-inventario-fosiles-proterozoicos.csv","13","carácter argumental","identidad=«*Tianzhushania* / ciclo *Megasphaera*»; campo=«carácter argumental»; valor=«divisiones palintómicas, núcleos/estructuras de germinación y diferenciación propuestas»","0","447","eb65a6efc4b262af7edb4488ea907c29f7dba2c4e4f61fd76472b653aa547f93","8a33be0a189a42fe8a6c4b14ae5e36aa8df9da89aa312c045c6fd99de3c3f355","91b70d4fa98036b2ebac634c822e133cb4ed9780393b3446f9a0004b0a5c67a3","Comprobación por el autor de sum(all(component in text for component in componentes) for text in textos) con ExactCooccurrenceIndex.count; componentes de nominal_query y corpus de source_snapshot. Coinciden ambos; resultado literal, no ausencia científica ni adjudicación de revisión."
"BN-202","2e13bf587c2e273831bd42d191b09b278d069c553f6b0ceac9b4212797e184fd","REINSPECCION","2026-09-27T00:02:14Z","/root (autor; no revisión independiente)","C-2339","data/busquedas_negativas/15_4_15-4-registro-material-tiempo-ambiente-y-ecologia.csv","data/tablas/06/table-36-6-1-estimaciones-publicadas.csv","2","genes y taxones muestreados","identidad=«Douzery et al. 2004»; campo=«genes y taxones muestreados»; valor=«genes y taxones no desglosados en las afirmaciones recuperadas [BN-117]»","0","447","eb65a6efc4b262af7edb4488ea907c29f7dba2c4e4f61fd76472b653aa547f93","8a33be0a189a42fe8a6c4b14ae5e36aa8df9da89aa312c045c6fd99de3c3f355","91b70d4fa98036b2ebac634c822e133cb4ed9780393b3446f9a0004b0a5c67a3","Comprobación por el autor de sum(all(component in text for component in componentes) for text in textos) con ExactCooccurrenceIndex.count; componentes de nominal_query y corpus de source_snapshot. Coinciden ambos; resultado literal, no ausencia científica ni adjudicación de revisión."
"BN-203","1accb6f51b0e58a0124e9fb445fb4a17a892301d6873cf772b6055dc3305dd68","REINSPECCION","2026-09-27T00:02:15Z","/root (autor; no revisión independiente)","C-2340","data/busquedas_negativas/15_4_15-4-registro-material-tiempo-ambiente-y-ecologia.csv","data/tablas/06/table-36-6-1-estimaciones-publicadas.csv","2","solapamiento publicado","identidad=«Douzery et al. 2004»; campo=«solapamiento publicado»; valor=«no hay valor publicado localizado para el solapamiento con los demás intervalos [BN-117]»","0","447","eb65a6efc4b262af7edb4488ea907c29f7dba2c4e4f61fd76472b653aa547f93","8a33be0a189a42fe8a6c4b14ae5e36aa8df9da89aa312c045c6fd99de3c3f355","91b70d4fa98036b2ebac634c822e133cb4ed9780393b3446f9a0004b0a5c67a3","Comprobación por el autor de sum(all(component in text for component in componentes) for text in textos) con ExactCooccurrenceIndex.count; componentes de nominal_query y corpus de source_snapshot. Coinciden ambos; resultado literal, no ausencia científica ni adjudicación de revisión."
"BN-204","d0754f0434bd571827c3a546a3c3084a3117e05db3445926ded58c23db871bc1","REINSPECCION","2026-09-27T00:02:15Z","/root (autor; no revisión independiente)","C-2341","data/busquedas_negativas/15_4_15-4-registro-material-tiempo-ambiente-y-ecologia.csv","data/tablas/06/table-36-6-1-estimaciones-publicadas.csv","3","genes y taxones muestreados","identidad=«Douzery et al. 2004»; campo=«genes y taxones muestreados»; valor=«mismo muestreo que la fila anterior; desglose no localizado [BN-117]»","0","447","eb65a6efc4b262af7edb4488ea907c29f7dba2c4e4f61fd76472b653aa547f93","8a33be0a189a42fe8a6c4b14ae5e36aa8df9da89aa312c045c6fd99de3c3f355","91b70d4fa98036b2ebac634c822e133cb4ed9780393b3446f9a0004b0a5c67a3","Comprobación por el autor de sum(all(component in text for component in componentes) for text in textos) con ExactCooccurrenceIndex.count; componentes de nominal_query y corpus de source_snapshot. Coinciden ambos; resultado literal, no ausencia científica ni adjudicación de revisión."
"BN-205","a11273f41725ae825fc7a96f7986a1d2ca3f521b9d551c47b586a7b9561a6277","REINSPECCION","2026-09-27T00:02:15Z","/root (autor; no revisión independiente)","C-2342","data/busquedas_negativas/15_4_15-4-registro-material-tiempo-ambiente-y-ecologia.csv","data/tablas/06/table-36-6-1-estimaciones-publicadas.csv","3","solapamiento publicado","identidad=«Douzery et al. 2004»; campo=«solapamiento publicado»; valor=«no hay valor publicado localizado para el solapamiento con los demás intervalos [BN-117]»","0","447","eb65a6efc4b262af7edb4488ea907c29f7dba2c4e4f61fd76472b653aa547f93","8a33be0a189a42fe8a6c4b14ae5e36aa8df9da89aa312c045c6fd99de3c3f355","91b70d4fa98036b2ebac634c822e133cb4ed9780393b3446f9a0004b0a5c67a3","Comprobación por el autor de sum(all(component in text for component in componentes) for text in textos) con ExactCooccurrenceIndex.count; componentes de nominal_query y corpus de source_snapshot. Coinciden ambos; resultado literal, no ausencia científica ni adjudicación de revisión."
"BN-206","8fa9d67254fec111b1ccf148e92a69479eac91caab00111879a41c241edaa0f5","REINSPECCION","2026-09-27T00:02:16Z","/root (autor; no revisión independiente)","C-2343","data/busquedas_negativas/15_4_15-4-registro-material-tiempo-ambiente-y-ecologia.csv","data/tablas/06/table-36-6-1-estimaciones-publicadas.csv","4","solapamiento publicado","identidad=«Parfrey et al. 2011»; campo=«solapamiento publicado»; valor=«no hay valor publicado localizado para el solapamiento con los demás intervalos [BN-117]»","0","447","eb65a6efc4b262af7edb4488ea907c29f7dba2c4e4f61fd76472b653aa547f93","8a33be0a189a42fe8a6c4b14ae5e36aa8df9da89aa312c045c6fd99de3c3f355","91b70d4fa98036b2ebac634c822e133cb4ed9780393b3446f9a0004b0a5c67a3","Comprobación por el autor de sum(all(component in text for component in componentes) for text in textos) con ExactCooccurrenceIndex.count; componentes de nominal_query y corpus de source_snapshot. Coinciden ambos; resultado literal, no ausencia científica ni adjudicación de revisión."
"BN-207","b0cf11d6798bf4fd430c74fe75d7357eb6f8232997da24291d6eb046cb24f2d3","REINSPECCION","2026-09-27T00:02:17Z","/root (autor; no revisión independiente)","C-2344","data/busquedas_negativas/15_4_15-4-registro-material-tiempo-ambiente-y-ecologia.csv","data/tablas/06/table-36-6-1-estimaciones-publicadas.csv","5","genes y taxones muestreados","identidad=«Eme et al. 2014»; campo=«genes y taxones muestreados»; valor=«genes y taxones no desglosados en las afirmaciones recuperadas [BN-117]»","0","447","eb65a6efc4b262af7edb4488ea907c29f7dba2c4e4f61fd76472b653aa547f93","8a33be0a189a42fe8a6c4b14ae5e36aa8df9da89aa312c045c6fd99de3c3f355","91b70d4fa98036b2ebac634c822e133cb4ed9780393b3446f9a0004b0a5c67a3","Comprobación por el autor de sum(all(component in text for component in componentes) for text in textos) con ExactCooccurrenceIndex.count; componentes de nominal_query y corpus de source_snapshot. Coinciden ambos; resultado literal, no ausencia científica ni adjudicación de revisión."
"BN-208","6da2fceadd4139054fe7219cf1042c0773df20bf4f30731bf2ec7c4c1e59a060","REINSPECCION","2026-09-27T00:02:17Z","/root (autor; no revisión independiente)","C-2345","data/busquedas_negativas/15_4_15-4-registro-material-tiempo-ambiente-y-ecologia.csv","data/tablas/06/table-36-6-1-estimaciones-publicadas.csv","5","solapamiento publicado","identidad=«Eme et al. 2014»; campo=«solapamiento publicado»; valor=«no hay valor publicado localizado para el solapamiento con los demás intervalos [BN-117]»","0","447","eb65a6efc4b262af7edb4488ea907c29f7dba2c4e4f61fd76472b653aa547f93","8a33be0a189a42fe8a6c4b14ae5e36aa8df9da89aa312c045c6fd99de3c3f355","91b70d4fa98036b2ebac634c822e133cb4ed9780393b3446f9a0004b0a5c67a3","Comprobación por el autor de sum(all(component in text for component in componentes) for text in textos) con ExactCooccurrenceIndex.count; componentes de nominal_query y corpus de source_snapshot. Coinciden ambos; resultado literal, no ausencia científica ni adjudicación de revisión."
"BN-209","11d2778e6c3f6d93bd71b03eaa56dec3ffec133fb703e088266bfae612efaf0d","REINSPECCION","2026-09-27T00:02:17Z","/root (autor; no revisión independiente)","C-2346","data/busquedas_negativas/15_4_15-4-registro-material-tiempo-ambiente-y-ecologia.csv","data/tablas/06/table-36-6-1-estimaciones-publicadas.csv","6","genes y taxones muestreados","identidad=«Eme et al. 2014»; campo=«genes y taxones muestreados»; valor=«mismo estudio; genes y taxones no desglosados [BN-117]»","0","447","eb65a6efc4b262af7edb4488ea907c29f7dba2c4e4f61fd76472b653aa547f93","8a33be0a189a42fe8a6c4b14ae5e36aa8df9da89aa312c045c6fd99de3c3f355","91b70d4fa98036b2ebac634c822e133cb4ed9780393b3446f9a0004b0a5c67a3","Comprobación por el autor de sum(all(component in text for component in componentes) for text in textos) con ExactCooccurrenceIndex.count; componentes de nominal_query y corpus de source_snapshot. Coinciden ambos; resultado literal, no ausencia científica ni adjudicación de revisión."
"BN-210","d1d16101bc530e3e148e753dfa2d3c6b4b412a270a7266403a17e1356db1d01f","REINSPECCION","2026-09-27T00:02:18Z","/root (autor; no revisión independiente)","C-2347","data/busquedas_negativas/15_4_15-4-registro-material-tiempo-ambiente-y-ecologia.csv","data/tablas/06/table-36-6-1-estimaciones-publicadas.csv","6","solapamiento publicado","identidad=«Eme et al. 2014»; campo=«solapamiento publicado»; valor=«no hay valor publicado localizado para el solapamiento con los demás intervalos [BN-117]»","0","447","eb65a6efc4b262af7edb4488ea907c29f7dba2c4e4f61fd76472b653aa547f93","8a33be0a189a42fe8a6c4b14ae5e36aa8df9da89aa312c045c6fd99de3c3f355","91b70d4fa98036b2ebac634c822e133cb4ed9780393b3446f9a0004b0a5c67a3","Comprobación por el autor de sum(all(component in text for component in componentes) for text in textos) con ExactCooccurrenceIndex.count; componentes de nominal_query y corpus de source_snapshot. Coinciden ambos; resultado literal, no ausencia científica ni adjudicación de revisión."
"BN-211","22eaaf79fcd93e20d6e33b08a4976ba66f8046d072d2035e2770fe3d036dd7f3","REINSPECCION","2026-09-27T00:02:18Z","/root (autor; no revisión independiente)","C-2349","data/busquedas_negativas/15_4_15-4-registro-material-tiempo-ambiente-y-ecologia.csv","data/tablas/06/table-36-6-1-estimaciones-publicadas.csv","7","genes y taxones muestreados","identidad=«Eme et al. 2014»; campo=«genes y taxones muestreados»; valor=«mismo estudio; genes y taxones no desglosados [BN-117]»","0","447","eb65a6efc4b262af7edb4488ea907c29f7dba2c4e4f61fd76472b653aa547f93","8a33be0a189a42fe8a6c4b14ae5e36aa8df9da89aa312c045c6fd99de3c3f355","91b70d4fa98036b2ebac634c822e133cb4ed9780393b3446f9a0004b0a5c67a3","Comprobación por el autor de sum(all(component in text for component in componentes) for text in textos) con ExactCooccurrenceIndex.count; componentes de nominal_query y corpus de source_snapshot. Coinciden ambos; resultado literal, no ausencia científica ni adjudicación de revisión."
"BN-212","088bbd1dd5ade5bf6198178749469aac27003c9e3219fd2d7b682b1f5754cd93","REINSPECCION","2026-09-27T00:02:18Z","/root (autor; no revisión independiente)","C-2350","data/busquedas_negativas/15_4_15-4-registro-material-tiempo-ambiente-y-ecologia.csv","data/tablas/06/table-36-6-1-estimaciones-publicadas.csv","7","solapamiento publicado","identidad=«Eme et al. 2014»; campo=«solapamiento publicado»; valor=«no hay valor publicado localizado para compararla con otros estudios [BN-117]»","0","447","eb65a6efc4b262af7edb4488ea907c29f7dba2c4e4f61fd76472b653aa547f93","8a33be0a189a42fe8a6c4b14ae5e36aa8df9da89aa312c045c6fd99de3c3f355","91b70d4fa98036b2ebac634c822e133cb4ed9780393b3446f9a0004b0a5c67a3","Comprobación por el autor de sum(all(component in text for component in componentes) for text in textos) con ExactCooccurrenceIndex.count; componentes de nominal_query y corpus de source_snapshot. Coinciden ambos; resultado literal, no ausencia científica ni adjudicación de revisión."
"BN-213","158997a3c759aa25ab5230152d09be0514f1dc8660749fc3af6c573234203b6f","REINSPECCION","2026-09-27T00:02:19Z","/root (autor; no revisión independiente)","C-2351","data/busquedas_negativas/15_4_15-4-registro-material-tiempo-ambiente-y-ecologia.csv","data/tablas/06/table-36-6-1-estimaciones-publicadas.csv","8","genes y taxones muestreados","identidad=«Strassert et al. 2021»; campo=«genes y taxones muestreados»; valor=«genes y taxones no desglosados en las afirmaciones recuperadas [BN-117]»","0","447","eb65a6efc4b262af7edb4488ea907c29f7dba2c4e4f61fd76472b653aa547f93","8a33be0a189a42fe8a6c4b14ae5e36aa8df9da89aa312c045c6fd99de3c3f355","91b70d4fa98036b2ebac634c822e133cb4ed9780393b3446f9a0004b0a5c67a3","Comprobación por el autor de sum(all(component in text for component in componentes) for text in textos) con ExactCooccurrenceIndex.count; componentes de nominal_query y corpus de source_snapshot. Coinciden ambos; resultado literal, no ausencia científica ni adjudicación de revisión."
"BN-214","76f95a711bcdbbcf1b74eb6610cb5a0cd95613749b30497d6e7a3dd2672a20bf","REINSPECCION","2026-09-27T00:02:19Z","/root (autor; no revisión independiente)","C-2352","data/busquedas_negativas/15_4_15-4-registro-material-tiempo-ambiente-y-ecologia.csv","data/tablas/06/table-36-6-1-estimaciones-publicadas.csv","8","solapamiento publicado","identidad=«Strassert et al. 2021»; campo=«solapamiento publicado»; valor=«no hay valor publicado localizado para el solapamiento con los demás intervalos [BN-117]»","0","447","eb65a6efc4b262af7edb4488ea907c29f7dba2c4e4f61fd76472b653aa547f93","8a33be0a189a42fe8a6c4b14ae5e36aa8df9da89aa312c045c6fd99de3c3f355","91b70d4fa98036b2ebac634c822e133cb4ed9780393b3446f9a0004b0a5c67a3","Comprobación por el autor de sum(all(component in text for component in componentes) for text in textos) con ExactCooccurrenceIndex.count; componentes de nominal_query y corpus de source_snapshot. Coinciden ambos; resultado literal, no ausencia científica ni adjudicación de revisión."
"BN-215","a386a518d2a311712e5e54f2d7d4bbc2d7a21d786787748226d6adfbdc8aeb21","REINSPECCION","2026-09-27T00:02:20Z","/root (autor; no revisión independiente)","C-2353","data/busquedas_negativas/15_4_15-4-registro-material-tiempo-ambiente-y-ecologia.csv","data/tablas/06/table-36-6-1-estimaciones-publicadas.csv","9","magnitud","identidad=«Betts et al. 2018»; campo=«magnitud»; valor=«no hay valor publicado localizado en esta tabla»","0","447","eb65a6efc4b262af7edb4488ea907c29f7dba2c4e4f61fd76472b653aa547f93","8a33be0a189a42fe8a6c4b14ae5e36aa8df9da89aa312c045c6fd99de3c3f355","91b70d4fa98036b2ebac634c822e133cb4ed9780393b3446f9a0004b0a5c67a3","Comprobación por el autor de sum(all(component in text for component in componentes) for text in textos) con ExactCooccurrenceIndex.count; componentes de nominal_query y corpus de source_snapshot. Coinciden ambos; resultado literal, no ausencia científica ni adjudicación de revisión."
"BN-216","41caddf3c16a406456620829a7af56a8497e413a19ab85d15403a7bae534fe56","REINSPECCION","2026-09-27T00:02:20Z","/root (autor; no revisión independiente)","C-2354","data/busquedas_negativas/15_4_15-4-registro-material-tiempo-ambiente-y-ecologia.csv","data/tablas/06/table-36-6-1-estimaciones-publicadas.csv","9","intervalo publicado","identidad=«Betts et al. 2018»; campo=«intervalo publicado»; valor=«no hay valor publicado localizado en esta tabla»","0","447","eb65a6efc4b262af7edb4488ea907c29f7dba2c4e4f61fd76472b653aa547f93","8a33be0a189a42fe8a6c4b14ae5e36aa8df9da89aa312c045c6fd99de3c3f355","91b70d4fa98036b2ebac634c822e133cb4ed9780393b3446f9a0004b0a5c67a3","Comprobación por el autor de sum(all(component in text for component in componentes) for text in textos) con ExactCooccurrenceIndex.count; componentes de nominal_query y corpus de source_snapshot. Coinciden ambos; resultado literal, no ausencia científica ni adjudicación de revisión."
"BN-217","29c8edad54339bf497896b4f8e305b092827e10b9cb71efe81bd787ca55905a5","REINSPECCION","2026-09-27T00:02:21Z","/root (autor; no revisión independiente)","C-2355","data/busquedas_negativas/15_4_15-4-registro-material-tiempo-ambiente-y-ecologia.csv","data/tablas/06/table-36-6-1-estimaciones-publicadas.csv","9","genes y taxones muestreados","identidad=«Betts et al. 2018»; campo=«genes y taxones muestreados»; valor=«muestreo no desglosado en las afirmaciones recuperadas [BN-117]»","0","447","eb65a6efc4b262af7edb4488ea907c29f7dba2c4e4f61fd76472b653aa547f93","8a33be0a189a42fe8a6c4b14ae5e36aa8df9da89aa312c045c6fd99de3c3f355","91b70d4fa98036b2ebac634c822e133cb4ed9780393b3446f9a0004b0a5c67a3","Comprobación por el autor de sum(all(component in text for component in componentes) for text in textos) con ExactCooccurrenceIndex.count; componentes de nominal_query y corpus de source_snapshot. Coinciden ambos; resultado literal, no ausencia científica ni adjudicación de revisión."
"BN-218","060ea710f13d526e1553e0e61311c1b8f7d706aa193cf25e6be18e1b38af5871","REINSPECCION","2026-09-27T00:02:21Z","/root (autor; no revisión independiente)","C-2356","data/busquedas_negativas/15_4_15-4-registro-material-tiempo-ambiente-y-ecologia.csv","data/tablas/06/table-36-6-1-estimaciones-publicadas.csv","9","datación de nodo o evidencia total","identidad=«Betts et al. 2018»; campo=«datación de nodo o evidencia total»; valor=«clase exacta nodo/evidencia total no localizada [BN-117]»","0","447","eb65a6efc4b262af7edb4488ea907c29f7dba2c4e4f61fd76472b653aa547f93","8a33be0a189a42fe8a6c4b14ae5e36aa8df9da89aa312c045c6fd99de3c3f355","91b70d4fa98036b2ebac634c822e133cb4ed9780393b3446f9a0004b0a5c67a3","Comprobación por el autor de sum(all(component in text for component in componentes) for text in textos) con ExactCooccurrenceIndex.count; componentes de nominal_query y corpus de source_snapshot. Coinciden ambos; resultado literal, no ausencia científica ni adjudicación de revisión."
"BN-219","7060cd70704178aa9feb624fb96b76b6b3b6eec5d8e46b89b675e0ded81a2674","REINSPECCION","2026-09-27T00:02:21Z","/root (autor; no revisión independiente)","C-2357","data/busquedas_negativas/15_4_15-4-registro-material-tiempo-ambiente-y-ecologia.csv","data/tablas/06/table-36-6-1-estimaciones-publicadas.csv","9","solapamiento publicado","identidad=«Betts et al. 2018»; campo=«solapamiento publicado»; valor=«no aplica: no se conserva intervalo nominal»","0","447","eb65a6efc4b262af7edb4488ea907c29f7dba2c4e4f61fd76472b653aa547f93","8a33be0a189a42fe8a6c4b14ae5e36aa8df9da89aa312c045c6fd99de3c3f355","91b70d4fa98036b2ebac634c822e133cb4ed9780393b3446f9a0004b0a5c67a3","Comprobación por el autor de sum(all(component in text for component in componentes) for text in textos) con ExactCooccurrenceIndex.count; componentes de nominal_query y corpus de source_snapshot. Coinciden ambos; resultado literal, no ausencia científica ni adjudicación de revisión."
"BN-220","569d1d634fb1b3363b514ae6724d679e4634d03dae021fdf96161ca2bed7c7be","REINSPECCION","2026-09-27T00:02:22Z","/root (autor; no revisión independiente)","C-2358","data/busquedas_negativas/15_4_15-4-registro-material-tiempo-ambiente-y-ecologia.csv","data/tablas/06/table-36-6-1-estimaciones-publicadas.csv","9","fuente y razón de diferencia","identidad=«Betts et al. 2018»; campo=«fuente y razón de diferencia»; valor=«S177; se conserva como contraste metodológico, no como intervalo vacío comparable»","0","447","eb65a6efc4b262af7edb4488ea907c29f7dba2c4e4f61fd76472b653aa547f93","8a33be0a189a42fe8a6c4b14ae5e36aa8df9da89aa312c045c6fd99de3c3f355","91b70d4fa98036b2ebac634c822e133cb4ed9780393b3446f9a0004b0a5c67a3","Comprobación por el autor de sum(all(component in text for component in componentes) for text in textos) con ExactCooccurrenceIndex.count; componentes de nominal_query y corpus de source_snapshot. Coinciden ambos; resultado literal, no ausencia científica ni adjudicación de revisión."
"BN-221","ddf9ac228d5736c90e90a78d4f865a2946d069940bddf4a8b37c11e18291ef1e","REINSPECCION","2026-09-27T00:02:22Z","/root (autor; no revisión independiente)","C-2359","data/busquedas_negativas/15_4_15-4-registro-material-tiempo-ambiente-y-ecologia.csv","data/tablas/06/table-36-6-1-estimaciones-publicadas.csv","10","genes y taxones muestreados","identidad=«Porter 2020»; campo=«genes y taxones muestreados»; valor=«conjunto fósil discutido por la fuente; desglose no localizado [BN-117]»","0","447","eb65a6efc4b262af7edb4488ea907c29f7dba2c4e4f61fd76472b653aa547f93","8a33be0a189a42fe8a6c4b14ae5e36aa8df9da89aa312c045c6fd99de3c3f355","91b70d4fa98036b2ebac634c822e133cb4ed9780393b3446f9a0004b0a5c67a3","Comprobación por el autor de sum(all(component in text for component in componentes) for text in textos) con ExactCooccurrenceIndex.count; componentes de nominal_query y corpus de source_snapshot. Coinciden ambos; resultado literal, no ausencia científica ni adjudicación de revisión."
"BN-222","ab96d36abbecd2bb913745cc52f5e1e07ebe404e44ae37b9690998d3a724c6a8","REINSPECCION","2026-09-27T00:02:23Z","/root (autor; no revisión independiente)","C-2360","data/busquedas_negativas/15_4_15-4-registro-material-tiempo-ambiente-y-ecologia.csv","data/tablas/06/table-36-6-1-estimaciones-publicadas.csv","10","solapamiento publicado","identidad=«Porter 2020»; campo=«solapamiento publicado»; valor=«no hay valor publicado localizado para el solapamiento con relojes [BN-117]»","0","447","eb65a6efc4b262af7edb4488ea907c29f7dba2c4e4f61fd76472b653aa547f93","8a33be0a189a42fe8a6c4b14ae5e36aa8df9da89aa312c045c6fd99de3c3f355","91b70d4fa98036b2ebac634c822e133cb4ed9780393b3446f9a0004b0a5c67a3","Comprobación por el autor de sum(all(component in text for component in componentes) for text in textos) con ExactCooccurrenceIndex.count; componentes de nominal_query y corpus de source_snapshot. Coinciden ambos; resultado literal, no ausencia científica ni adjudicación de revisión."
"BN-223","acd5330cdcf832ebba11c6d605e5a3f879a117c5576be890d09ec2ad2323c5d4","REINSPECCION","2026-09-27T00:02:23Z","/root (autor; no revisión independiente)","C-2361","data/busquedas_negativas/15_4_15-4-registro-material-tiempo-ambiente-y-ecologia.csv","data/tablas/06/table-36-6-1-estimaciones-publicadas.csv","11","intervalo publicado","identidad=«Chernikova et al. 2011 / posición de origen tardío»; campo=«intervalo publicado»; valor=«no hay valor publicado localizado en esta tabla»","0","447","eb65a6efc4b262af7edb4488ea907c29f7dba2c4e4f61fd76472b653aa547f93","8a33be0a189a42fe8a6c4b14ae5e36aa8df9da89aa312c045c6fd99de3c3f355","91b70d4fa98036b2ebac634c822e133cb4ed9780393b3446f9a0004b0a5c67a3","Comprobación por el autor de sum(all(component in text for component in componentes) for text in textos) con ExactCooccurrenceIndex.count; componentes de nominal_query y corpus de source_snapshot. Coinciden ambos; resultado literal, no ausencia científica ni adjudicación de revisión."
"BN-224","183bf8ecd174ffa9f4009c8bf0e53bd75fac703900b486862eb34e834ff956c0","REINSPECCION","2026-09-27T00:02:24Z","/root (autor; no revisión independiente)","C-2362","data/busquedas_negativas/15_4_15-4-registro-material-tiempo-ambiente-y-ecologia.csv","data/tablas/06/table-36-6-1-estimaciones-publicadas.csv","11","genes y taxones muestreados","identidad=«Chernikova et al. 2011 / posición de origen tardío»; campo=«genes y taxones muestreados»; valor=«registro fósil; muestreo exacto no localizado [BN-117]»","0","447","eb65a6efc4b262af7edb4488ea907c29f7dba2c4e4f61fd76472b653aa547f93","8a33be0a189a42fe8a6c4b14ae5e36aa8df9da89aa312c045c6fd99de3c3f355","91b70d4fa98036b2ebac634c822e133cb4ed9780393b3446f9a0004b0a5c67a3","Comprobación por el autor de sum(all(component in text for component in componentes) for text in textos) con ExactCooccurrenceIndex.count; componentes de nominal_query y corpus de source_snapshot. Coinciden ambos; resultado literal, no ausencia científica ni adjudicación de revisión."
"BN-225","eb04f7199bde63cded133b0a341c4b9a2c40c620e294d2530d53eb8f878b4703","REINSPECCION","2026-09-27T00:02:24Z","/root (autor; no revisión independiente)","C-2363","data/busquedas_negativas/15_4_15-4-registro-material-tiempo-ambiente-y-ecologia.csv","data/tablas/06/table-36-6-1-estimaciones-publicadas.csv","11","solapamiento publicado","identidad=«Chernikova et al. 2011 / posición de origen tardío»; campo=«solapamiento publicado»; valor=«no aplica: no se conserva intervalo nominal»","0","447","eb65a6efc4b262af7edb4488ea907c29f7dba2c4e4f61fd76472b653aa547f93","8a33be0a189a42fe8a6c4b14ae5e36aa8df9da89aa312c045c6fd99de3c3f355","91b70d4fa98036b2ebac634c822e133cb4ed9780393b3446f9a0004b0a5c67a3","Comprobación por el autor de sum(all(component in text for component in componentes) for text in textos) con ExactCooccurrenceIndex.count; componentes de nominal_query y corpus de source_snapshot. Coinciden ambos; resultado literal, no ausencia científica ni adjudicación de revisión."
"BN-226","2d824e0eb9390d937477915a6dac78a11c39e2961f1e061010a76c4c4e17ee19","REINSPECCION","2026-09-27T00:02:25Z","/root (autor; no revisión independiente)","C-2364","data/busquedas_negativas/15_4_15-4-registro-material-tiempo-ambiente-y-ecologia.csv","data/tablas/06/table-36-6-1-estimaciones-publicadas.csv","12","genes y taxones muestreados","identidad=«preprint de dinámica de clados 2026»; campo=«genes y taxones muestreados»; valor=«muestreo no desglosado en las afirmaciones recuperadas [BN-117]»","0","447","eb65a6efc4b262af7edb4488ea907c29f7dba2c4e4f61fd76472b653aa547f93","8a33be0a189a42fe8a6c4b14ae5e36aa8df9da89aa312c045c6fd99de3c3f355","91b70d4fa98036b2ebac634c822e133cb4ed9780393b3446f9a0004b0a5c67a3","Comprobación por el autor de sum(all(component in text for component in componentes) for text in textos) con ExactCooccurrenceIndex.count; componentes de nominal_query y corpus de source_snapshot. Coinciden ambos; resultado literal, no ausencia científica ni adjudicación de revisión."
"BN-227","c998443270fc21da0d164c4397b8ea5b08f1ee5bb7795dcfa0dcad75f07682e7","REINSPECCION","2026-09-27T00:02:25Z","/root (autor; no revisión independiente)","C-2365","data/busquedas_negativas/15_4_15-4-registro-material-tiempo-ambiente-y-ecologia.csv","data/tablas/06/table-36-6-1-estimaciones-publicadas.csv","12","datación de nodo o evidencia total","identidad=«preprint de dinámica de clados 2026»; campo=«datación de nodo o evidencia total»; valor=«clase exacta nodo/evidencia total no localizada [BN-117]»","0","447","eb65a6efc4b262af7edb4488ea907c29f7dba2c4e4f61fd76472b653aa547f93","8a33be0a189a42fe8a6c4b14ae5e36aa8df9da89aa312c045c6fd99de3c3f355","91b70d4fa98036b2ebac634c822e133cb4ed9780393b3446f9a0004b0a5c67a3","Comprobación por el autor de sum(all(component in text for component in componentes) for text in textos) con ExactCooccurrenceIndex.count; componentes de nominal_query y corpus de source_snapshot. Coinciden ambos; resultado literal, no ausencia científica ni adjudicación de revisión."
"BN-228","b8b4c69e6eda392b4340f5e96e5b24a3b6904b5013292a2467ae73928e22659d","REINSPECCION","2026-09-27T00:02:25Z","/root (autor; no revisión independiente)","C-2366","data/busquedas_negativas/15_4_15-4-registro-material-tiempo-ambiente-y-ecologia.csv","data/tablas/06/table-36-6-1-estimaciones-publicadas.csv","12","solapamiento publicado","identidad=«preprint de dinámica de clados 2026»; campo=«solapamiento publicado»; valor=«no hay valor publicado localizado para el solapamiento con los demás intervalos [BN-117]»","0","447","eb65a6efc4b262af7edb4488ea907c29f7dba2c4e4f61fd76472b653aa547f93","8a33be0a189a42fe8a6c4b14ae5e36aa8df9da89aa312c045c6fd99de3c3f355","91b70d4fa98036b2ebac634c822e133cb4ed9780393b3446f9a0004b0a5c67a3","Comprobación por el autor de sum(all(component in text for component in componentes) for text in textos) con ExactCooccurrenceIndex.count; componentes de nominal_query y corpus de source_snapshot. Coinciden ambos; resultado literal, no ausencia científica ni adjudicación de revisión."
"BN-229","f2e6d2e15dd76ccec0bd9231a9010e042d66d79e1d68d32186e3d5e3e8b9f330","REINSPECCION","2026-09-27T00:02:26Z","/root (autor; no revisión independiente)","C-2368","data/busquedas_negativas/15_4_15-4-registro-material-tiempo-ambiente-y-ecologia.csv","data/tablas/06/table-36-6-1-estimaciones-publicadas.csv","14","solapamiento publicado","identidad=«Sandin et al. 2026»; campo=«solapamiento publicado»; valor=«no hay valor publicado localizado para el solapamiento con los demás intervalos [BN-117]»","0","447","eb65a6efc4b262af7edb4488ea907c29f7dba2c4e4f61fd76472b653aa547f93","8a33be0a189a42fe8a6c4b14ae5e36aa8df9da89aa312c045c6fd99de3c3f355","91b70d4fa98036b2ebac634c822e133cb4ed9780393b3446f9a0004b0a5c67a3","Comprobación por el autor de sum(all(component in text for component in componentes) for text in textos) con ExactCooccurrenceIndex.count; componentes de nominal_query y corpus de source_snapshot. Coinciden ambos; resultado literal, no ausencia científica ni adjudicación de revisión."
"BN-230","97db7e743d72f7239350c176e55c63d3de14fb5f6fec19512db8c064a9f9adb9","REINSPECCION","2026-09-27T00:02:26Z","/root (autor; no revisión independiente)","C-2369","data/busquedas_negativas/15_4_15-4-registro-material-tiempo-ambiente-y-ecologia.csv","data/tablas/06/table-36-6-1-estimaciones-publicadas.csv","15","solapamiento publicado","identidad=«Sandin et al. 2026»; campo=«solapamiento publicado»; valor=«no hay valor publicado localizado para el solapamiento con los demás intervalos [BN-117]»","0","447","eb65a6efc4b262af7edb4488ea907c29f7dba2c4e4f61fd76472b653aa547f93","8a33be0a189a42fe8a6c4b14ae5e36aa8df9da89aa312c045c6fd99de3c3f355","91b70d4fa98036b2ebac634c822e133cb4ed9780393b3446f9a0004b0a5c67a3","Comprobación por el autor de sum(all(component in text for component in componentes) for text in textos) con ExactCooccurrenceIndex.count; componentes de nominal_query y corpus de source_snapshot. Coinciden ambos; resultado literal, no ausencia científica ni adjudicación de revisión."
"BN-231","9663f77572a9e95356575543917e1526e17756c3a6fcd7d7c0d95f8a3a092c6a","REINSPECCION","2026-09-27T00:02:26Z","/root (autor; no revisión independiente)","C-2370","data/busquedas_negativas/15_4_15-4-registro-material-tiempo-ambiente-y-ecologia.csv","data/tablas/06/table-36-6-1-estimaciones-publicadas.csv","16","solapamiento publicado","identidad=«Sandin et al. 2026»; campo=«solapamiento publicado»; valor=«no hay valor publicado localizado para el solapamiento con los demás intervalos [BN-117]»","0","447","eb65a6efc4b262af7edb4488ea907c29f7dba2c4e4f61fd76472b653aa547f93","8a33be0a189a42fe8a6c4b14ae5e36aa8df9da89aa312c045c6fd99de3c3f355","91b70d4fa98036b2ebac634c822e133cb4ed9780393b3446f9a0004b0a5c67a3","Comprobación por el autor de sum(all(component in text for component in componentes) for text in textos) con ExactCooccurrenceIndex.count; componentes de nominal_query y corpus de source_snapshot. Coinciden ambos; resultado literal, no ausencia científica ni adjudicación de revisión."
"BN-232","0ca472c7ba56cde685f4665afc0746cf38ef98bd174d51d228cc09542953b1f4","REINSPECCION","2026-09-27T00:02:27Z","/root (autor; no revisión independiente)","C-2371","data/busquedas_negativas/15_4_15-4-registro-material-tiempo-ambiente-y-ecologia.csv","data/tablas/08/table-40a-8-3-censo-morfologia-genoma-cultivo.csv","2","estado de cultivo","identidad=«*Monosiga brevicollis*»; campo=«estado de cultivo»; valor=«cultivo no censado en esta tabla»","0","447","eb65a6efc4b262af7edb4488ea907c29f7dba2c4e4f61fd76472b653aa547f93","8a33be0a189a42fe8a6c4b14ae5e36aa8df9da89aa312c045c6fd99de3c3f355","91b70d4fa98036b2ebac634c822e133cb4ed9780393b3446f9a0004b0a5c67a3","Comprobación por el autor de sum(all(component in text for component in componentes) for text in textos) con ExactCooccurrenceIndex.count; componentes de nominal_query y corpus de source_snapshot. Coinciden ambos; resultado literal, no ausencia científica ni adjudicación de revisión."
"BN-233","44580bbcac59aa8eee30ebcf10397ad3b9d73ec6b6323258cc969b86e41698cb","REINSPECCION","2026-09-27T00:02:28Z","/root (autor; no revisión independiente)","C-2372","data/busquedas_negativas/15_4_15-4-registro-material-tiempo-ambiente-y-ecologia.csv","data/tablas/08/table-40a-8-3-censo-morfologia-genoma-cultivo.csv","3","descripción solo morfológica","identidad=«*Salpingoeca rosetta*»; campo=«descripción solo morfológica»; valor=«no: hay ensayos celulares y genómicos»","0","447","eb65a6efc4b262af7edb4488ea907c29f7dba2c4e4f61fd76472b653aa547f93","8a33be0a189a42fe8a6c4b14ae5e36aa8df9da89aa312c045c6fd99de3c3f355","91b70d4fa98036b2ebac634c822e133cb4ed9780393b3446f9a0004b0a5c67a3","Comprobación por el autor de sum(all(component in text for component in componentes) for text in textos) con ExactCooccurrenceIndex.count; componentes de nominal_query y corpus de source_snapshot. Coinciden ambos; resultado literal, no ausencia científica ni adjudicación de revisión."
"BN-234","403600f3d9bc39e44c35715a8519b8c2a227c39e29e153dbb981fa56ce41bc66","REINSPECCION","2026-09-27T00:02:28Z","/root (autor; no revisión independiente)","C-2373","data/busquedas_negativas/15_4_15-4-registro-material-tiempo-ambiente-y-ecologia.csv","data/tablas/08/table-40a-8-3-censo-morfologia-genoma-cultivo.csv","3","estado de genoma","identidad=«*Salpingoeca rosetta*»; campo=«estado de genoma»; valor=«genoma documentado en el corpus»","0","447","eb65a6efc4b262af7edb4488ea907c29f7dba2c4e4f61fd76472b653aa547f93","8a33be0a189a42fe8a6c4b14ae5e36aa8df9da89aa312c045c6fd99de3c3f355","91b70d4fa98036b2ebac634c822e133cb4ed9780393b3446f9a0004b0a5c67a3","Comprobación por el autor de sum(all(component in text for component in componentes) for text in textos) con ExactCooccurrenceIndex.count; componentes de nominal_query y corpus de source_snapshot. Coinciden ambos; resultado literal, no ausencia científica ni adjudicación de revisión."
"BN-235","8e9920b145c2e90482b318630e20e3fe126ddbebfd39afc00347594a299dbc97","REINSPECCION","2026-09-27T00:02:28Z","/root (autor; no revisión independiente)","C-2374","data/busquedas_negativas/15_4_15-4-registro-material-tiempo-ambiente-y-ecologia.csv","data/tablas/08/table-40a-8-3-censo-morfologia-genoma-cultivo.csv","3","estado de cultivo","identidad=«*Salpingoeca rosetta*»; campo=«estado de cultivo»; valor=«cultivo experimental documentado»","0","447","eb65a6efc4b262af7edb4488ea907c29f7dba2c4e4f61fd76472b653aa547f93","8a33be0a189a42fe8a6c4b14ae5e36aa8df9da89aa312c045c6fd99de3c3f355","91b70d4fa98036b2ebac634c822e133cb4ed9780393b3446f9a0004b0a5c67a3","Comprobación por el autor de sum(all(component in text for component in componentes) for text in textos) con ExactCooccurrenceIndex.count; componentes de nominal_query y corpus de source_snapshot. Coinciden ambos; resultado literal, no ausencia científica ni adjudicación de revisión."
"BN-236","1f7e43540ac7ea3279189099979010e9a4949562bd7af183a5e411e73d2e0f1d","REINSPECCION","2026-09-27T00:02:29Z","/root (autor; no revisión independiente)","C-2375","data/busquedas_negativas/15_4_15-4-registro-material-tiempo-ambiente-y-ecologia.csv","data/tablas/08/table-40a-8-3-censo-morfologia-genoma-cultivo.csv","3","resultado combinado","identidad=«*Salpingoeca rosetta*»; campo=«resultado combinado»; valor=«NO es caso solo morfológico sin genoma ni cultivo»","0","447","eb65a6efc4b262af7edb4488ea907c29f7dba2c4e4f61fd76472b653aa547f93","8a33be0a189a42fe8a6c4b14ae5e36aa8df9da89aa312c045c6fd99de3c3f355","91b70d4fa98036b2ebac634c822e133cb4ed9780393b3446f9a0004b0a5c67a3","Comprobación por el autor de sum(all(component in text for component in componentes) for text in textos) con ExactCooccurrenceIndex.count; componentes de nominal_query y corpus de source_snapshot. Coinciden ambos; resultado literal, no ausencia científica ni adjudicación de revisión."
"BN-237","0c5a2afc05cc6c4a3fa3b9d608f9c05cf77ff4fd385c90189cae08f8480b8723","REINSPECCION","2026-09-27T00:02:29Z","/root (autor; no revisión independiente)","C-2376","data/busquedas_negativas/15_4_15-4-registro-material-tiempo-ambiente-y-ecologia.csv","data/tablas/08/table-40a-8-3-censo-morfologia-genoma-cultivo.csv","4","estado de genoma","identidad=«*Choanoeca flexa*»; campo=«estado de genoma»; valor=«genoma NO LOCALIZADO EN ESTA SESIÓN»","0","447","eb65a6efc4b262af7edb4488ea907c29f7dba2c4e4f61fd76472b653aa547f93","8a33be0a189a42fe8a6c4b14ae5e36aa8df9da89aa312c045c6fd99de3c3f355","91b70d4fa98036b2ebac634c822e133cb4ed9780393b3446f9a0004b0a5c67a3","Comprobación por el autor de sum(all(component in text for component in componentes) for text in textos) con ExactCooccurrenceIndex.count; componentes de nominal_query y corpus de source_snapshot. Coinciden ambos; resultado literal, no ausencia científica ni adjudicación de revisión."
"BN-238","e9cc09f187f1bdd94eb4ce446f326ef734eace740549956a9ab4535d848a5652","REINSPECCION","2026-09-27T00:02:30Z","/root (autor; no revisión independiente)","C-2377","data/busquedas_negativas/15_4_15-4-registro-material-tiempo-ambiente-y-ecologia.csv","data/tablas/08/table-40a-8-3-censo-morfologia-genoma-cultivo.csv","4","estado de cultivo","identidad=«*Choanoeca flexa*»; campo=«estado de cultivo»; valor=«cultivo NO LOCALIZADO EN ESTA SESIÓN»","0","447","eb65a6efc4b262af7edb4488ea907c29f7dba2c4e4f61fd76472b653aa547f93","8a33be0a189a42fe8a6c4b14ae5e36aa8df9da89aa312c045c6fd99de3c3f355","91b70d4fa98036b2ebac634c822e133cb4ed9780393b3446f9a0004b0a5c67a3","Comprobación por el autor de sum(all(component in text for component in componentes) for text in textos) con ExactCooccurrenceIndex.count; componentes de nominal_query y corpus de source_snapshot. Coinciden ambos; resultado literal, no ausencia científica ni adjudicación de revisión."
"BN-239","a82ce11811bd66c2879303a8f6035631adeb473a6a8647e6a318a69c9b87ae55","REINSPECCION","2026-09-27T00:02:30Z","/root (autor; no revisión independiente)","C-2378","data/busquedas_negativas/15_4_15-4-registro-material-tiempo-ambiente-y-ecologia.csv","data/tablas/08/table-40a-8-3-censo-morfologia-genoma-cultivo.csv","4","resultado combinado","identidad=«*Choanoeca flexa*»; campo=«resultado combinado»; valor=«NO RESUELTO; no se infiere ausencia desde falta de localización»","0","447","eb65a6efc4b262af7edb4488ea907c29f7dba2c4e4f61fd76472b653aa547f93","8a33be0a189a42fe8a6c4b14ae5e36aa8df9da89aa312c045c6fd99de3c3f355","91b70d4fa98036b2ebac634c822e133cb4ed9780393b3446f9a0004b0a5c67a3","Comprobación por el autor de sum(all(component in text for component in componentes) for text in textos) con ExactCooccurrenceIndex.count; componentes de nominal_query y corpus de source_snapshot. Coinciden ambos; resultado literal, no ausencia científica ni adjudicación de revisión."
"BN-240","4f6c9c96f8027fa47dcfb3b61358a9d275a12b6dda5cab8ec652797e6c988b35","REINSPECCION","2026-09-27T00:02:31Z","/root (autor; no revisión independiente)","C-2379","data/busquedas_negativas/15_4_15-4-registro-material-tiempo-ambiente-y-ecologia.csv","data/tablas/08/table-40a-8-3-censo-morfologia-genoma-cultivo.csv","5","descripción solo morfológica","identidad=«*Capsaspora owczarzaki*»; campo=«descripción solo morfológica»; valor=«no: cultivo y genómica documentados»","0","447","eb65a6efc4b262af7edb4488ea907c29f7dba2c4e4f61fd76472b653aa547f93","8a33be0a189a42fe8a6c4b14ae5e36aa8df9da89aa312c045c6fd99de3c3f355","91b70d4fa98036b2ebac634c822e133cb4ed9780393b3446f9a0004b0a5c67a3","Comprobación por el autor de sum(all(component in text for component in componentes) for text in textos) con ExactCooccurrenceIndex.count; componentes de nominal_query y corpus de source_snapshot. Coinciden ambos; resultado literal, no ausencia científica ni adjudicación de revisión."
"BN-241","ed85dd632704a10162d3eab02bebbd8aaac097c749808bc4ff9cb27a2e9fedf1","REINSPECCION","2026-09-27T00:02:31Z","/root (autor; no revisión independiente)","C-2380","data/busquedas_negativas/15_4_15-4-registro-material-tiempo-ambiente-y-ecologia.csv","data/tablas/08/table-40a-8-3-censo-morfologia-genoma-cultivo.csv","5","estado de genoma","identidad=«*Capsaspora owczarzaki*»; campo=«estado de genoma»; valor=«genoma documentado en el corpus»","0","447","eb65a6efc4b262af7edb4488ea907c29f7dba2c4e4f61fd76472b653aa547f93","8a33be0a189a42fe8a6c4b14ae5e36aa8df9da89aa312c045c6fd99de3c3f355","91b70d4fa98036b2ebac634c822e133cb4ed9780393b3446f9a0004b0a5c67a3","Comprobación por el autor de sum(all(component in text for component in componentes) for text in textos) con ExactCooccurrenceIndex.count; componentes de nominal_query y corpus de source_snapshot. Coinciden ambos; resultado literal, no ausencia científica ni adjudicación de revisión."
"BN-242","4e325e1539115a5e87f05670829e2a81c287e6cad3283dfc5583e17b32f03118","REINSPECCION","2026-09-27T00:02:32Z","/root (autor; no revisión independiente)","C-2381","data/busquedas_negativas/15_4_15-4-registro-material-tiempo-ambiente-y-ecologia.csv","data/tablas/08/table-40a-8-3-censo-morfologia-genoma-cultivo.csv","6","descripción solo morfológica","identidad=«*Ministeria vibrans*»; campo=«descripción solo morfológica»; valor=«no: microscopía y alimentación en cultivo»","0","447","eb65a6efc4b262af7edb4488ea907c29f7dba2c4e4f61fd76472b653aa547f93","8a33be0a189a42fe8a6c4b14ae5e36aa8df9da89aa312c045c6fd99de3c3f355","91b70d4fa98036b2ebac634c822e133cb4ed9780393b3446f9a0004b0a5c67a3","Comprobación por el autor de sum(all(component in text for component in componentes) for text in textos) con ExactCooccurrenceIndex.count; componentes de nominal_query y corpus de source_snapshot. Coinciden ambos; resultado literal, no ausencia científica ni adjudicación de revisión."
"BN-243","769c00433018bde8449ffb391a75f26bbd5dcff3ee4085697c8ef25dd3892cd8","REINSPECCION","2026-09-27T00:02:32Z","/root (autor; no revisión independiente)","C-2382","data/busquedas_negativas/15_4_15-4-registro-material-tiempo-ambiente-y-ecologia.csv","data/tablas/08/table-40a-8-3-censo-morfologia-genoma-cultivo.csv","6","estado de genoma","identidad=«*Ministeria vibrans*»; campo=«estado de genoma»; valor=«genoma NO LOCALIZADO EN ESTA SESIÓN»","0","447","eb65a6efc4b262af7edb4488ea907c29f7dba2c4e4f61fd76472b653aa547f93","8a33be0a189a42fe8a6c4b14ae5e36aa8df9da89aa312c045c6fd99de3c3f355","91b70d4fa98036b2ebac634c822e133cb4ed9780393b3446f9a0004b0a5c67a3","Comprobación por el autor de sum(all(component in text for component in componentes) for text in textos) con ExactCooccurrenceIndex.count; componentes de nominal_query y corpus de source_snapshot. Coinciden ambos; resultado literal, no ausencia científica ni adjudicación de revisión."
"BN-244","9ced5bf50adf81a14b4d55d6a626d01e3da403ad25b8e78871ff44f34f329e08","REINSPECCION","2026-09-27T00:02:33Z","/root (autor; no revisión independiente)","C-2383","data/busquedas_negativas/15_4_15-4-registro-material-tiempo-ambiente-y-ecologia.csv","data/tablas/08/table-40a-8-3-censo-morfologia-genoma-cultivo.csv","7","estado de genoma","identidad=«*Sphaeroforma arctica*»; campo=«estado de genoma»; valor=«genoma NO LOCALIZADO EN ESTA SESIÓN»","0","447","eb65a6efc4b262af7edb4488ea907c29f7dba2c4e4f61fd76472b653aa547f93","8a33be0a189a42fe8a6c4b14ae5e36aa8df9da89aa312c045c6fd99de3c3f355","91b70d4fa98036b2ebac634c822e133cb4ed9780393b3446f9a0004b0a5c67a3","Comprobación por el autor de sum(all(component in text for component in componentes) for text in textos) con ExactCooccurrenceIndex.count; componentes de nominal_query y corpus de source_snapshot. Coinciden ambos; resultado literal, no ausencia científica ni adjudicación de revisión."
"BN-245","92bb73de6edc92695e9e87a97d9d3b7b370aed0526ac031b29f5cc6ad00fc584","REINSPECCION","2026-09-27T00:02:33Z","/root (autor; no revisión independiente)","C-2384","data/busquedas_negativas/15_4_15-4-registro-material-tiempo-ambiente-y-ecologia.csv","data/tablas/08/table-40a-8-3-censo-morfologia-genoma-cultivo.csv","7","estado de cultivo","identidad=«*Sphaeroforma arctica*»; campo=«estado de cultivo»; valor=«cultivo experimental implícito, condición nominal no censada»","0","447","eb65a6efc4b262af7edb4488ea907c29f7dba2c4e4f61fd76472b653aa547f93","8a33be0a189a42fe8a6c4b14ae5e36aa8df9da89aa312c045c6fd99de3c3f355","91b70d4fa98036b2ebac634c822e133cb4ed9780393b3446f9a0004b0a5c67a3","Comprobación por el autor de sum(all(component in text for component in componentes) for text in textos) con ExactCooccurrenceIndex.count; componentes de nominal_query y corpus de source_snapshot. Coinciden ambos; resultado literal, no ausencia científica ni adjudicación de revisión."
"BN-246","09afdcb1f3cd0cf381f075d2a91ade81df60481bcee3769e454b4e211303c759","REINSPECCION","2026-09-27T00:02:33Z","/root (autor; no revisión independiente)","C-2385","data/busquedas_negativas/15_4_15-4-registro-material-tiempo-ambiente-y-ecologia.csv","data/tablas/08/table-40a-8-3-censo-morfologia-genoma-cultivo.csv","7","resultado combinado","identidad=«*Sphaeroforma arctica*»; campo=«resultado combinado»; valor=«NO RESUELTO; no se infiere ausencia»","0","447","eb65a6efc4b262af7edb4488ea907c29f7dba2c4e4f61fd76472b653aa547f93","8a33be0a189a42fe8a6c4b14ae5e36aa8df9da89aa312c045c6fd99de3c3f355","91b70d4fa98036b2ebac634c822e133cb4ed9780393b3446f9a0004b0a5c67a3","Comprobación por el autor de sum(all(component in text for component in componentes) for text in textos) con ExactCooccurrenceIndex.count; componentes de nominal_query y corpus de source_snapshot. Coinciden ambos; resultado literal, no ausencia científica ni adjudicación de revisión."
"BN-247","7a49b6349ee254fe97de9cc0302a91853063be1ec404718fe26b0531f52f3edf","REINSPECCION","2026-09-27T00:02:34Z","/root (autor; no revisión independiente)","C-2386","data/busquedas_negativas/15_4_15-4-registro-material-tiempo-ambiente-y-ecologia.csv","data/tablas/08/table-40a-8-3-censo-morfologia-genoma-cultivo.csv","8","estado de genoma","identidad=«*Creolimax fragrantissima*»; campo=«estado de genoma»; valor=«genoma NO LOCALIZADO EN ESTA SESIÓN»","0","447","eb65a6efc4b262af7edb4488ea907c29f7dba2c4e4f61fd76472b653aa547f93","8a33be0a189a42fe8a6c4b14ae5e36aa8df9da89aa312c045c6fd99de3c3f355","91b70d4fa98036b2ebac634c822e133cb4ed9780393b3446f9a0004b0a5c67a3","Comprobación por el autor de sum(all(component in text for component in componentes) for text in textos) con ExactCooccurrenceIndex.count; componentes de nominal_query y corpus de source_snapshot. Coinciden ambos; resultado literal, no ausencia científica ni adjudicación de revisión."
"BN-248","13d519b4ea57362ced302d52ca4f20295aba503c396475398cd790610b18b011","REINSPECCION","2026-09-27T00:02:34Z","/root (autor; no revisión independiente)","C-2387","data/busquedas_negativas/15_4_15-4-registro-material-tiempo-ambiente-y-ecologia.csv","data/tablas/08/table-40a-8-3-censo-morfologia-genoma-cultivo.csv","8","estado de cultivo","identidad=«*Creolimax fragrantissima*»; campo=«estado de cultivo»; valor=«cultivo experimental implícito, condición nominal no censada»","0","447","eb65a6efc4b262af7edb4488ea907c29f7dba2c4e4f61fd76472b653aa547f93","8a33be0a189a42fe8a6c4b14ae5e36aa8df9da89aa312c045c6fd99de3c3f355","91b70d4fa98036b2ebac634c822e133cb4ed9780393b3446f9a0004b0a5c67a3","Comprobación por el autor de sum(all(component in text for component in componentes) for text in textos) con ExactCooccurrenceIndex.count; componentes de nominal_query y corpus de source_snapshot. Coinciden ambos; resultado literal, no ausencia científica ni adjudicación de revisión."
"BN-249","cb82ce4e8a0475d4180646c4e1de397123f2627bb99afe8eed337566b6ce6bb6","REINSPECCION","2026-09-27T00:02:35Z","/root (autor; no revisión independiente)","C-2388","data/busquedas_negativas/15_4_15-4-registro-material-tiempo-ambiente-y-ecologia.csv","data/tablas/08/table-40a-8-3-censo-morfologia-genoma-cultivo.csv","8","resultado combinado","identidad=«*Creolimax fragrantissima*»; campo=«resultado combinado»; valor=«NO RESUELTO; no se infiere ausencia»","0","447","eb65a6efc4b262af7edb4488ea907c29f7dba2c4e4f61fd76472b653aa547f93","8a33be0a189a42fe8a6c4b14ae5e36aa8df9da89aa312c045c6fd99de3c3f355","91b70d4fa98036b2ebac634c822e133cb4ed9780393b3446f9a0004b0a5c67a3","Comprobación por el autor de sum(all(component in text for component in componentes) for text in textos) con ExactCooccurrenceIndex.count; componentes de nominal_query y corpus de source_snapshot. Coinciden ambos; resultado literal, no ausencia científica ni adjudicación de revisión."
"BN-250","b443df59e40eb22cede022cee5c86caf0d7a8bc7231c050fea531a6bd6afd3ca","REINSPECCION","2026-09-27T00:02:35Z","/root (autor; no revisión independiente)","C-2389","data/busquedas_negativas/15_4_15-4-registro-material-tiempo-ambiente-y-ecologia.csv","data/tablas/08/table-40a-8-3-censo-morfologia-genoma-cultivo.csv","9","estado de genoma","identidad=«*Abeoforma whisleri* / *Pirum gemmata*»; campo=«estado de genoma»; valor=«genoma NO LOCALIZADO EN ESTA SESIÓN»","0","447","eb65a6efc4b262af7edb4488ea907c29f7dba2c4e4f61fd76472b653aa547f93","8a33be0a189a42fe8a6c4b14ae5e36aa8df9da89aa312c045c6fd99de3c3f355","91b70d4fa98036b2ebac634c822e133cb4ed9780393b3446f9a0004b0a5c67a3","Comprobación por el autor de sum(all(component in text for component in componentes) for text in textos) con ExactCooccurrenceIndex.count; componentes de nominal_query y corpus de source_snapshot. Coinciden ambos; resultado literal, no ausencia científica ni adjudicación de revisión."
"BN-251","61985a53c560a95c9578eeed1aa1797539b3635fb70103e30ef3f038039dee5b","REINSPECCION","2026-09-27T00:02:36Z","/root (autor; no revisión independiente)","C-2390","data/busquedas_negativas/15_4_15-4-registro-material-tiempo-ambiente-y-ecologia.csv","data/tablas/08/table-40a-8-3-censo-morfologia-genoma-cultivo.csv","9","estado de cultivo","identidad=«*Abeoforma whisleri* / *Pirum gemmata*»; campo=«estado de cultivo»; valor=«cultivo documentado»","0","447","eb65a6efc4b262af7edb4488ea907c29f7dba2c4e4f61fd76472b653aa547f93","8a33be0a189a42fe8a6c4b14ae5e36aa8df9da89aa312c045c6fd99de3c3f355","91b70d4fa98036b2ebac634c822e133cb4ed9780393b3446f9a0004b0a5c67a3","Comprobación por el autor de sum(all(component in text for component in componentes) for text in textos) con ExactCooccurrenceIndex.count; componentes de nominal_query y corpus de source_snapshot. Coinciden ambos; resultado literal, no ausencia científica ni adjudicación de revisión."
"BN-252","805d6a603d1cfd7cddce8bc4cb8adf7c733140fba091906618f781a8ff9d8856","REINSPECCION","2026-09-27T00:02:36Z","/root (autor; no revisión independiente)","C-2391","data/busquedas_negativas/15_4_15-4-registro-material-tiempo-ambiente-y-ecologia.csv","data/tablas/08/table-40a-8-3-censo-morfologia-genoma-cultivo.csv","9","resultado combinado","identidad=«*Abeoforma whisleri* / *Pirum gemmata*»; campo=«resultado combinado»; valor=«NO es caso simultáneamente sin cultivo»","0","447","eb65a6efc4b262af7edb4488ea907c29f7dba2c4e4f61fd76472b653aa547f93","8a33be0a189a42fe8a6c4b14ae5e36aa8df9da89aa312c045c6fd99de3c3f355","91b70d4fa98036b2ebac634c822e133cb4ed9780393b3446f9a0004b0a5c67a3","Comprobación por el autor de sum(all(component in text for component in componentes) for text in textos) con ExactCooccurrenceIndex.count; componentes de nominal_query y corpus de source_snapshot. Coinciden ambos; resultado literal, no ausencia científica ni adjudicación de revisión."
"BN-253","6aa49ac5bba7cb5a8a3c3e5c2c35099b938894beb295f0eda797060394673c45","REINSPECCION","2026-09-27T00:02:37Z","/root (autor; no revisión independiente)","C-2392","data/busquedas_negativas/15_4_15-4-registro-material-tiempo-ambiente-y-ecologia.csv","data/tablas/08/table-40a-8-3-censo-morfologia-genoma-cultivo.csv","10","estado de genoma","identidad=«*Ichthyophonus hoferi* / *Ichthyophonus* sp.»; campo=«estado de genoma»; valor=«genoma NO LOCALIZADO EN ESTA SESIÓN»","0","447","eb65a6efc4b262af7edb4488ea907c29f7dba2c4e4f61fd76472b653aa547f93","8a33be0a189a42fe8a6c4b14ae5e36aa8df9da89aa312c045c6fd99de3c3f355","91b70d4fa98036b2ebac634c822e133cb4ed9780393b3446f9a0004b0a5c67a3","Comprobación por el autor de sum(all(component in text for component in componentes) for text in textos) con ExactCooccurrenceIndex.count; componentes de nominal_query y corpus de source_snapshot. Coinciden ambos; resultado literal, no ausencia científica ni adjudicación de revisión."
"BN-254","3e793f1e9e60b818d24b747cc4af2f2474837e61f1969f8e74bec7acbfb3382d","REINSPECCION","2026-09-27T00:02:37Z","/root (autor; no revisión independiente)","C-2393","data/busquedas_negativas/15_4_15-4-registro-material-tiempo-ambiente-y-ecologia.csv","data/tablas/08/table-40a-8-3-censo-morfologia-genoma-cultivo.csv","10","estado de cultivo","identidad=«*Ichthyophonus hoferi* / *Ichthyophonus* sp.»; campo=«estado de cultivo»; valor=«ensayo de infección documentado; estado de cultivo no consta»","0","447","eb65a6efc4b262af7edb4488ea907c29f7dba2c4e4f61fd76472b653aa547f93","8a33be0a189a42fe8a6c4b14ae5e36aa8df9da89aa312c045c6fd99de3c3f355","91b70d4fa98036b2ebac634c822e133cb4ed9780393b3446f9a0004b0a5c67a3","Comprobación por el autor de sum(all(component in text for component in componentes) for text in textos) con ExactCooccurrenceIndex.count; componentes de nominal_query y corpus de source_snapshot. Coinciden ambos; resultado literal, no ausencia científica ni adjudicación de revisión."
"BN-255","29576a0ba61ac5e2205eb1c2b233ee87c295e265f8059940bd2555e8ccb675ff","REINSPECCION","2026-09-27T00:02:38Z","/root (autor; no revisión independiente)","C-2394","data/busquedas_negativas/15_4_15-4-registro-material-tiempo-ambiente-y-ecologia.csv","data/tablas/08/table-40a-8-3-censo-morfologia-genoma-cultivo.csv","10","resultado combinado","identidad=«*Ichthyophonus hoferi* / *Ichthyophonus* sp.»; campo=«resultado combinado»; valor=«NO RESUELTO; no se infiere ausencia»","0","447","eb65a6efc4b262af7edb4488ea907c29f7dba2c4e4f61fd76472b653aa547f93","8a33be0a189a42fe8a6c4b14ae5e36aa8df9da89aa312c045c6fd99de3c3f355","91b70d4fa98036b2ebac634c822e133cb4ed9780393b3446f9a0004b0a5c67a3","Comprobación por el autor de sum(all(component in text for component in componentes) for text in textos) con ExactCooccurrenceIndex.count; componentes de nominal_query y corpus de source_snapshot. Coinciden ambos; resultado literal, no ausencia científica ni adjudicación de revisión."
"BN-256","49999418516585a4339854787d247ca86d1966be3ad1414c44c3982288697a63","REINSPECCION","2026-09-27T00:02:39Z","/root (autor; no revisión independiente)","C-2395","data/busquedas_negativas/15_4_15-4-registro-material-tiempo-ambiente-y-ecologia.csv","data/tablas/08/table-40a-8-3-censo-morfologia-genoma-cultivo.csv","11","estado de genoma","identidad=«*Corallochytrium limacisporum*»; campo=«estado de genoma»; valor=«genoma NO LOCALIZADO EN ESTA SESIÓN»","0","447","eb65a6efc4b262af7edb4488ea907c29f7dba2c4e4f61fd76472b653aa547f93","8a33be0a189a42fe8a6c4b14ae5e36aa8df9da89aa312c045c6fd99de3c3f355","91b70d4fa98036b2ebac634c822e133cb4ed9780393b3446f9a0004b0a5c67a3","Comprobación por el autor de sum(all(component in text for component in componentes) for text in textos) con ExactCooccurrenceIndex.count; componentes de nominal_query y corpus de source_snapshot. Coinciden ambos; resultado literal, no ausencia científica ni adjudicación de revisión."
"BN-257","10073bcffb4470e4d792aaa55469635feebf909f9be53e138b0d80393d5aa478","REINSPECCION","2026-09-27T00:02:40Z","/root (autor; no revisión independiente)","C-2396","data/busquedas_negativas/15_4_15-4-registro-material-tiempo-ambiente-y-ecologia.csv","data/tablas/08/table-40a-8-3-censo-morfologia-genoma-cultivo.csv","12","estado de genoma","identidad=«*Syssomonas multiformis*»; campo=«estado de genoma»; valor=«genoma NO LOCALIZADO EN ESTA SESIÓN»","0","447","eb65a6efc4b262af7edb4488ea907c29f7dba2c4e4f61fd76472b653aa547f93","8a33be0a189a42fe8a6c4b14ae5e36aa8df9da89aa312c045c6fd99de3c3f355","91b70d4fa98036b2ebac634c822e133cb4ed9780393b3446f9a0004b0a5c67a3","Comprobación por el autor de sum(all(component in text for component in componentes) for text in textos) con ExactCooccurrenceIndex.count; componentes de nominal_query y corpus de source_snapshot. Coinciden ambos; resultado literal, no ausencia científica ni adjudicación de revisión."
"BN-258","23aaad6307307f013b2dbfed69949e5d5aaebdcaca6c3b8eab4367ec87fbf2b8","REINSPECCION","2026-09-27T00:02:40Z","/root (autor; no revisión independiente)","C-2397","data/busquedas_negativas/15_4_15-4-registro-material-tiempo-ambiente-y-ecologia.csv","data/tablas/08/table-40a-8-3-censo-morfologia-genoma-cultivo.csv","12","resultado combinado","identidad=«*Syssomonas multiformis*»; campo=«resultado combinado»; valor=«NO RESUELTO; no se infiere ausencia»","0","447","eb65a6efc4b262af7edb4488ea907c29f7dba2c4e4f61fd76472b653aa547f93","8a33be0a189a42fe8a6c4b14ae5e36aa8df9da89aa312c045c6fd99de3c3f355","91b70d4fa98036b2ebac634c822e133cb4ed9780393b3446f9a0004b0a5c67a3","Comprobación por el autor de sum(all(component in text for component in componentes) for text in textos) con ExactCooccurrenceIndex.count; componentes de nominal_query y corpus de source_snapshot. Coinciden ambos; resultado literal, no ausencia científica ni adjudicación de revisión."
"BN-259","48f7a6469a991925312ac4b1fcf3db3738045f96b1efbd379f165db7b9a04bf8","REINSPECCION","2026-09-27T00:02:41Z","/root (autor; no revisión independiente)","C-2398","data/busquedas_negativas/15_4_15-4-registro-material-tiempo-ambiente-y-ecologia.csv","data/tablas/08/table-40a-8-3-censo-morfologia-genoma-cultivo.csv","13","estado de genoma","identidad=«*Pigoraptor vietnamica* y *P. chileana*»; campo=«estado de genoma»; valor=«genoma NO LOCALIZADO EN ESTA SESIÓN»","0","447","eb65a6efc4b262af7edb4488ea907c29f7dba2c4e4f61fd76472b653aa547f93","8a33be0a189a42fe8a6c4b14ae5e36aa8df9da89aa312c045c6fd99de3c3f355","91b70d4fa98036b2ebac634c822e133cb4ed9780393b3446f9a0004b0a5c67a3","Comprobación por el autor de sum(all(component in text for component in componentes) for text in textos) con ExactCooccurrenceIndex.count; componentes de nominal_query y corpus de source_snapshot. Coinciden ambos; resultado literal, no ausencia científica ni adjudicación de revisión."
"BN-260","817af52465aab33c6578a96b59007747474493a33b4f19b9831bdf057845f7ed","REINSPECCION","2026-09-27T00:02:42Z","/root (autor; no revisión independiente)","C-2399","data/busquedas_negativas/15_4_15-4-registro-material-tiempo-ambiente-y-ecologia.csv","data/tablas/08/table-40a-8-3-censo-morfologia-genoma-cultivo.csv","13","estado de cultivo","identidad=«*Pigoraptor vietnamica* y *P. chileana*»; campo=«estado de cultivo»; valor=«cultivo NO LOCALIZADO EN ESTA SESIÓN»","0","447","eb65a6efc4b262af7edb4488ea907c29f7dba2c4e4f61fd76472b653aa547f93","8a33be0a189a42fe8a6c4b14ae5e36aa8df9da89aa312c045c6fd99de3c3f355","91b70d4fa98036b2ebac634c822e133cb4ed9780393b3446f9a0004b0a5c67a3","Comprobación por el autor de sum(all(component in text for component in componentes) for text in textos) con ExactCooccurrenceIndex.count; componentes de nominal_query y corpus de source_snapshot. Coinciden ambos; resultado literal, no ausencia científica ni adjudicación de revisión."
"BN-261","1d945a878881249f240798142bff475ae0d553d00bc78324e2d74176c477c974","REINSPECCION","2026-09-27T00:02:43Z","/root (autor; no revisión independiente)","C-2400","data/busquedas_negativas/15_4_15-4-registro-material-tiempo-ambiente-y-ecologia.csv","data/tablas/08/table-40a-8-3-censo-morfologia-genoma-cultivo.csv","13","resultado combinado","identidad=«*Pigoraptor vietnamica* y *P. chileana*»; campo=«resultado combinado»; valor=«NO RESUELTO; no se infiere ausencia»","0","447","eb65a6efc4b262af7edb4488ea907c29f7dba2c4e4f61fd76472b653aa547f93","8a33be0a189a42fe8a6c4b14ae5e36aa8df9da89aa312c045c6fd99de3c3f355","91b70d4fa98036b2ebac634c822e133cb4ed9780393b3446f9a0004b0a5c67a3","Comprobación por el autor de sum(all(component in text for component in componentes) for text in textos) con ExactCooccurrenceIndex.count; componentes de nominal_query y corpus de source_snapshot. Coinciden ambos; resultado literal, no ausencia científica ni adjudicación de revisión."
"BN-262","f2c6d9577055ede5f4c5fc27adb0cd9aa6ee96f8c7f56e56de7cf8283e3e958b","REINSPECCION","2026-09-27T00:02:43Z","/root (autor; no revisión independiente)","C-2401","data/busquedas_negativas/15_4_15-4-registro-material-tiempo-ambiente-y-ecologia.csv","data/tablas/08/table-40a-8-3-censo-morfologia-genoma-cultivo.csv","14","estado de genoma","identidad=«*Tunicaraptor unikontum*»; campo=«estado de genoma»; valor=«genoma NO LOCALIZADO EN ESTA SESIÓN»","0","447","eb65a6efc4b262af7edb4488ea907c29f7dba2c4e4f61fd76472b653aa547f93","8a33be0a189a42fe8a6c4b14ae5e36aa8df9da89aa312c045c6fd99de3c3f355","91b70d4fa98036b2ebac634c822e133cb4ed9780393b3446f9a0004b0a5c67a3","Comprobación por el autor de sum(all(component in text for component in componentes) for text in textos) con ExactCooccurrenceIndex.count; componentes de nominal_query y corpus de source_snapshot. Coinciden ambos; resultado literal, no ausencia científica ni adjudicación de revisión."
"BN-263","c442de57b6af55b1ae46abb182fc98c35c7ae98d5cb5c7707a7e3a9555c86751","REINSPECCION","2026-09-27T00:02:44Z","/root (autor; no revisión independiente)","C-2402","data/busquedas_negativas/15_4_15-4-registro-material-tiempo-ambiente-y-ecologia.csv","data/tablas/08/table-40a-8-3-censo-morfologia-genoma-cultivo.csv","14","estado de cultivo","identidad=«*Tunicaraptor unikontum*»; campo=«estado de cultivo»; valor=«cultivo NO LOCALIZADO EN ESTA SESIÓN»","0","447","eb65a6efc4b262af7edb4488ea907c29f7dba2c4e4f61fd76472b653aa547f93","8a33be0a189a42fe8a6c4b14ae5e36aa8df9da89aa312c045c6fd99de3c3f355","91b70d4fa98036b2ebac634c822e133cb4ed9780393b3446f9a0004b0a5c67a3","Comprobación por el autor de sum(all(component in text for component in componentes) for text in textos) con ExactCooccurrenceIndex.count; componentes de nominal_query y corpus de source_snapshot. Coinciden ambos; resultado literal, no ausencia científica ni adjudicación de revisión."
"BN-264","14dbbd01344fa1411653018443b73f023f7788ff32935c1d86308a9863fdac46","REINSPECCION","2026-09-27T00:02:45Z","/root (autor; no revisión independiente)","C-2403","data/busquedas_negativas/15_4_15-4-registro-material-tiempo-ambiente-y-ecologia.csv","data/tablas/08/table-40a-8-3-censo-morfologia-genoma-cultivo.csv","14","resultado combinado","identidad=«*Tunicaraptor unikontum*»; campo=«resultado combinado»; valor=«NO RESUELTO; no se infiere ausencia»","0","447","eb65a6efc4b262af7edb4488ea907c29f7dba2c4e4f61fd76472b653aa547f93","8a33be0a189a42fe8a6c4b14ae5e36aa8df9da89aa312c045c6fd99de3c3f355","91b70d4fa98036b2ebac634c822e133cb4ed9780393b3446f9a0004b0a5c67a3","Comprobación por el autor de sum(all(component in text for component in componentes) for text in textos) con ExactCooccurrenceIndex.count; componentes de nominal_query y corpus de source_snapshot. Coinciden ambos; resultado literal, no ausencia científica ni adjudicación de revisión."
"BN-265","2d5a70268785829ce83755cfda0329d6a4ba1466db47adadfb425cc1e876226e","REINSPECCION","2026-09-27T00:02:46Z","/root (autor; no revisión independiente)","C-2404","data/busquedas_negativas/15_4_15-4-registro-material-tiempo-ambiente-y-ecologia.csv","data/tablas/08/table-40a-8-3-censo-morfologia-genoma-cultivo.csv","15","descripción solo morfológica","identidad=«*Lenisia limosa*»; campo=«descripción solo morfológica»; valor=«no: metabolismo y epibiontes documentados»","0","447","eb65a6efc4b262af7edb4488ea907c29f7dba2c4e4f61fd76472b653aa547f93","8a33be0a189a42fe8a6c4b14ae5e36aa8df9da89aa312c045c6fd99de3c3f355","91b70d4fa98036b2ebac634c822e133cb4ed9780393b3446f9a0004b0a5c67a3","Comprobación por el autor de sum(all(component in text for component in componentes) for text in textos) con ExactCooccurrenceIndex.count; componentes de nominal_query y corpus de source_snapshot. Coinciden ambos; resultado literal, no ausencia científica ni adjudicación de revisión."
"BN-266","1fc8ce9ba7b676ef84c655b9e4a3466136ba102ada3fc605538112838d8f05e6","REINSPECCION","2026-09-27T00:02:46Z","/root (autor; no revisión independiente)","C-2405","data/busquedas_negativas/15_4_15-4-registro-material-tiempo-ambiente-y-ecologia.csv","data/tablas/08/table-40a-8-3-censo-morfologia-genoma-cultivo.csv","15","estado de genoma","identidad=«*Lenisia limosa*»; campo=«estado de genoma»; valor=«genoma NO LOCALIZADO EN ESTA SESIÓN»","0","447","eb65a6efc4b262af7edb4488ea907c29f7dba2c4e4f61fd76472b653aa547f93","8a33be0a189a42fe8a6c4b14ae5e36aa8df9da89aa312c045c6fd99de3c3f355","91b70d4fa98036b2ebac634c822e133cb4ed9780393b3446f9a0004b0a5c67a3","Comprobación por el autor de sum(all(component in text for component in componentes) for text in textos) con ExactCooccurrenceIndex.count; componentes de nominal_query y corpus de source_snapshot. Coinciden ambos; resultado literal, no ausencia científica ni adjudicación de revisión."
"BN-267","30d8947fe3f7ffaeb466b55c9c151297500849c880cf04d1d6072cafe0e9dfd3","REINSPECCION","2026-09-27T00:02:47Z","/root (autor; no revisión independiente)","C-2406","data/busquedas_negativas/15_4_15-4-registro-material-tiempo-ambiente-y-ecologia.csv","data/tablas/08/table-40a-8-3-censo-morfologia-genoma-cultivo.csv","15","estado de cultivo","identidad=«*Lenisia limosa*»; campo=«estado de cultivo»; valor=«cultivo NO LOCALIZADO EN ESTA SESIÓN»","0","447","eb65a6efc4b262af7edb4488ea907c29f7dba2c4e4f61fd76472b653aa547f93","8a33be0a189a42fe8a6c4b14ae5e36aa8df9da89aa312c045c6fd99de3c3f355","91b70d4fa98036b2ebac634c822e133cb4ed9780393b3446f9a0004b0a5c67a3","Comprobación por el autor de sum(all(component in text for component in componentes) for text in textos) con ExactCooccurrenceIndex.count; componentes de nominal_query y corpus de source_snapshot. Coinciden ambos; resultado literal, no ausencia científica ni adjudicación de revisión."
"BN-268","adc70cee65f498639ecac2c02fc5c3dcd8c7aff4d7ffae5bec5cfd2b130d13ee","REINSPECCION","2026-09-27T00:02:47Z","/root (autor; no revisión independiente)","C-2407","data/busquedas_negativas/15_4_15-4-registro-material-tiempo-ambiente-y-ecologia.csv","data/tablas/08/table-40a-8-3-censo-morfologia-genoma-cultivo.csv","15","resultado combinado","identidad=«*Lenisia limosa*»; campo=«resultado combinado»; valor=«NO RESUELTO; no se infiere ausencia»","0","447","eb65a6efc4b262af7edb4488ea907c29f7dba2c4e4f61fd76472b653aa547f93","8a33be0a189a42fe8a6c4b14ae5e36aa8df9da89aa312c045c6fd99de3c3f355","91b70d4fa98036b2ebac634c822e133cb4ed9780393b3446f9a0004b0a5c67a3","Comprobación por el autor de sum(all(component in text for component in componentes) for text in textos) con ExactCooccurrenceIndex.count; componentes de nominal_query y corpus de source_snapshot. Coinciden ambos; resultado literal, no ausencia científica ni adjudicación de revisión."
"BN-269","d7668dd1657fbee0575c92b1d570936ab732e2c859aaa0a71a859924ac4b0446","REINSPECCION","2026-09-27T00:02:48Z","/root (autor; no revisión independiente)","C-2408","data/busquedas_negativas/15_4_15-4-registro-material-tiempo-ambiente-y-ecologia.csv","data/tablas/08/table-40a-8-3-censo-morfologia-genoma-cultivo.csv","16","estado de genoma","identidad=«*Pygsuia biforma*»; campo=«estado de genoma»; valor=«genoma NO LOCALIZADO EN ESTA SESIÓN»","0","447","eb65a6efc4b262af7edb4488ea907c29f7dba2c4e4f61fd76472b653aa547f93","8a33be0a189a42fe8a6c4b14ae5e36aa8df9da89aa312c045c6fd99de3c3f355","91b70d4fa98036b2ebac634c822e133cb4ed9780393b3446f9a0004b0a5c67a3","Comprobación por el autor de sum(all(component in text for component in componentes) for text in textos) con ExactCooccurrenceIndex.count; componentes de nominal_query y corpus de source_snapshot. Coinciden ambos; resultado literal, no ausencia científica ni adjudicación de revisión."
"BN-270","6a2b8099c22ae1dda48a7261545b384507b0c285dd467428f9f37b97b878dda4","REINSPECCION","2026-09-27T00:02:49Z","/root (autor; no revisión independiente)","C-2409","data/busquedas_negativas/15_4_15-4-registro-material-tiempo-ambiente-y-ecologia.csv","data/tablas/08/table-40a-8-3-censo-morfologia-genoma-cultivo.csv","16","estado de cultivo","identidad=«*Pygsuia biforma*»; campo=«estado de cultivo»; valor=«cultivo NO LOCALIZADO EN ESTA SESIÓN»","0","447","eb65a6efc4b262af7edb4488ea907c29f7dba2c4e4f61fd76472b653aa547f93","8a33be0a189a42fe8a6c4b14ae5e36aa8df9da89aa312c045c6fd99de3c3f355","91b70d4fa98036b2ebac634c822e133cb4ed9780393b3446f9a0004b0a5c67a3","Comprobación por el autor de sum(all(component in text for component in componentes) for text in textos) con ExactCooccurrenceIndex.count; componentes de nominal_query y corpus de source_snapshot. Coinciden ambos; resultado literal, no ausencia científica ni adjudicación de revisión."
"BN-271","0014b347cb1f0b590938bfe108b9aed2f37667658174fc869895e9d053d7dace","REINSPECCION","2026-09-27T00:02:49Z","/root (autor; no revisión independiente)","C-2410","data/busquedas_negativas/15_4_15-4-registro-material-tiempo-ambiente-y-ecologia.csv","data/tablas/08/table-40a-8-3-censo-morfologia-genoma-cultivo.csv","16","resultado combinado","identidad=«*Pygsuia biforma*»; campo=«resultado combinado»; valor=«NO RESUELTO; no se infiere ausencia»","0","447","eb65a6efc4b262af7edb4488ea907c29f7dba2c4e4f61fd76472b653aa547f93","8a33be0a189a42fe8a6c4b14ae5e36aa8df9da89aa312c045c6fd99de3c3f355","91b70d4fa98036b2ebac634c822e133cb4ed9780393b3446f9a0004b0a5c67a3","Comprobación por el autor de sum(all(component in text for component in componentes) for text in textos) con ExactCooccurrenceIndex.count; componentes de nominal_query y corpus de source_snapshot. Coinciden ambos; resultado literal, no ausencia científica ni adjudicación de revisión."
"BN-272","069085b4eb07b09bf67a516e022b81066ac5c34b3f6907eb4450c854937782ef","REINSPECCION","2026-09-27T00:02:50Z","/root (autor; no revisión independiente)","C-2411","data/busquedas_negativas/15_4_15-4-registro-material-tiempo-ambiente-y-ecologia.csv","data/tablas/08/table-40a-8-3-censo-morfologia-genoma-cultivo.csv","17","estado de genoma","identidad=«*Thecamonas trahens*»; campo=«estado de genoma»; valor=«genoma NO LOCALIZADO EN ESTA SESIÓN»","0","447","eb65a6efc4b262af7edb4488ea907c29f7dba2c4e4f61fd76472b653aa547f93","8a33be0a189a42fe8a6c4b14ae5e36aa8df9da89aa312c045c6fd99de3c3f355","91b70d4fa98036b2ebac634c822e133cb4ed9780393b3446f9a0004b0a5c67a3","Comprobación por el autor de sum(all(component in text for component in componentes) for text in textos) con ExactCooccurrenceIndex.count; componentes de nominal_query y corpus de source_snapshot. Coinciden ambos; resultado literal, no ausencia científica ni adjudicación de revisión."
"BN-273","da2a2e558ef886d606f553528d0ba9b3c765c668eea2f69ab0a9441c17be5c17","REINSPECCION","2026-09-27T00:02:51Z","/root (autor; no revisión independiente)","C-2412","data/busquedas_negativas/15_4_15-4-registro-material-tiempo-ambiente-y-ecologia.csv","data/tablas/08/table-40a-8-3-censo-morfologia-genoma-cultivo.csv","17","estado de cultivo","identidad=«*Thecamonas trahens*»; campo=«estado de cultivo»; valor=«cultivo NO LOCALIZADO EN ESTA SESIÓN»","0","447","eb65a6efc4b262af7edb4488ea907c29f7dba2c4e4f61fd76472b653aa547f93","8a33be0a189a42fe8a6c4b14ae5e36aa8df9da89aa312c045c6fd99de3c3f355","91b70d4fa98036b2ebac634c822e133cb4ed9780393b3446f9a0004b0a5c67a3","Comprobación por el autor de sum(all(component in text for component in componentes) for text in textos) con ExactCooccurrenceIndex.count; componentes de nominal_query y corpus de source_snapshot. Coinciden ambos; resultado literal, no ausencia científica ni adjudicación de revisión."
"BN-274","838292d69f36e387060c54eda774d70406807b145d1ea7965c1fcbf54ff52c9a","REINSPECCION","2026-09-27T00:02:51Z","/root (autor; no revisión independiente)","C-2413","data/busquedas_negativas/15_4_15-4-registro-material-tiempo-ambiente-y-ecologia.csv","data/tablas/08/table-40a-8-3-censo-morfologia-genoma-cultivo.csv","17","resultado combinado","identidad=«*Thecamonas trahens*»; campo=«resultado combinado»; valor=«CANDIDATO NO RESUELTO; falta de localización no prueba ausencia»","0","447","eb65a6efc4b262af7edb4488ea907c29f7dba2c4e4f61fd76472b653aa547f93","8a33be0a189a42fe8a6c4b14ae5e36aa8df9da89aa312c045c6fd99de3c3f355","91b70d4fa98036b2ebac634c822e133cb4ed9780393b3446f9a0004b0a5c67a3","Comprobación por el autor de sum(all(component in text for component in componentes) for text in textos) con ExactCooccurrenceIndex.count; componentes de nominal_query y corpus de source_snapshot. Coinciden ambos; resultado literal, no ausencia científica ni adjudicación de revisión."
"BN-275","151db2c5679a5da1b1105e8d869c8402d4a899e7ac92a395f56d31550bd09461","REINSPECCION","2026-09-27T00:02:52Z","/root (autor; no revisión independiente)","C-2414","data/busquedas_negativas/15_4_15-4-registro-material-tiempo-ambiente-y-ecologia.csv","data/tablas/08/table-40a-8-3-censo-morfologia-genoma-cultivo.csv","18","estado de genoma","identidad=«*Breviata anathema*»; campo=«estado de genoma»; valor=«genoma NO LOCALIZADO EN ESTA SESIÓN»","0","447","eb65a6efc4b262af7edb4488ea907c29f7dba2c4e4f61fd76472b653aa547f93","8a33be0a189a42fe8a6c4b14ae5e36aa8df9da89aa312c045c6fd99de3c3f355","91b70d4fa98036b2ebac634c822e133cb4ed9780393b3446f9a0004b0a5c67a3","Comprobación por el autor de sum(all(component in text for component in componentes) for text in textos) con ExactCooccurrenceIndex.count; componentes de nominal_query y corpus de source_snapshot. Coinciden ambos; resultado literal, no ausencia científica ni adjudicación de revisión."
"BN-276","79ecb478d075ed8bb78471712d616040bed0305ac3fd16080c20ef26398bec28","REINSPECCION","2026-09-27T00:02:53Z","/root (autor; no revisión independiente)","C-2415","data/busquedas_negativas/15_4_15-4-registro-material-tiempo-ambiente-y-ecologia.csv","data/tablas/08/table-40a-8-3-censo-morfologia-genoma-cultivo.csv","18","estado de cultivo","identidad=«*Breviata anathema*»; campo=«estado de cultivo»; valor=«cultivo NO LOCALIZADO EN ESTA SESIÓN»","0","447","eb65a6efc4b262af7edb4488ea907c29f7dba2c4e4f61fd76472b653aa547f93","8a33be0a189a42fe8a6c4b14ae5e36aa8df9da89aa312c045c6fd99de3c3f355","91b70d4fa98036b2ebac634c822e133cb4ed9780393b3446f9a0004b0a5c67a3","Comprobación por el autor de sum(all(component in text for component in componentes) for text in textos) con ExactCooccurrenceIndex.count; componentes de nominal_query y corpus de source_snapshot. Coinciden ambos; resultado literal, no ausencia científica ni adjudicación de revisión."
"BN-277","1e31ef445a182f24e0bd9bd23fd8d0fdc65f5075283d5eb006df38a67dd87d6e","REINSPECCION","2026-09-27T00:02:53Z","/root (autor; no revisión independiente)","C-2416","data/busquedas_negativas/15_4_15-4-registro-material-tiempo-ambiente-y-ecologia.csv","data/tablas/08/table-40a-8-3-censo-morfologia-genoma-cultivo.csv","18","resultado combinado","identidad=«*Breviata anathema*»; campo=«resultado combinado»; valor=«NO RESUELTO; no se infiere ausencia»","0","447","eb65a6efc4b262af7edb4488ea907c29f7dba2c4e4f61fd76472b653aa547f93","8a33be0a189a42fe8a6c4b14ae5e36aa8df9da89aa312c045c6fd99de3c3f355","91b70d4fa98036b2ebac634c822e133cb4ed9780393b3446f9a0004b0a5c67a3","Comprobación por el autor de sum(all(component in text for component in componentes) for text in textos) con ExactCooccurrenceIndex.count; componentes de nominal_query y corpus de source_snapshot. Coinciden ambos; resultado literal, no ausencia científica ni adjudicación de revisión."
"BN-278","171ab082d1d496dc643473f316a9651f3055d75724276ba74eff23b9fed2d9d9","REINSPECCION","2026-09-27T00:02:54Z","/root (autor; no revisión independiente)","C-2417","data/busquedas_negativas/15_4_15-4-registro-material-tiempo-ambiente-y-ecologia.csv","data/tablas/08/table-40a-8-3-censo-morfologia-genoma-cultivo.csv","19","estado de genoma","identidad=«*Fonticula alba*»; campo=«estado de genoma»; valor=«genoma NO LOCALIZADO EN ESTA SESIÓN»","0","447","eb65a6efc4b262af7edb4488ea907c29f7dba2c4e4f61fd76472b653aa547f93","8a33be0a189a42fe8a6c4b14ae5e36aa8df9da89aa312c045c6fd99de3c3f355","91b70d4fa98036b2ebac634c822e133cb4ed9780393b3446f9a0004b0a5c67a3","Comprobación por el autor de sum(all(component in text for component in componentes) for text in textos) con ExactCooccurrenceIndex.count; componentes de nominal_query y corpus de source_snapshot. Coinciden ambos; resultado literal, no ausencia científica ni adjudicación de revisión."
"BN-279","c884bd0eafa9afc2c52e3ca70bc5152e6fee40869737b9b3bb69b59080caf466","REINSPECCION","2026-09-27T00:02:55Z","/root (autor; no revisión independiente)","C-2418","data/busquedas_negativas/15_4_15-4-registro-material-tiempo-ambiente-y-ecologia.csv","data/tablas/08/table-40a-8-3-censo-morfologia-genoma-cultivo.csv","19","estado de cultivo","identidad=«*Fonticula alba*»; campo=«estado de cultivo»; valor=«cultivo NO LOCALIZADO EN ESTA SESIÓN»","0","447","eb65a6efc4b262af7edb4488ea907c29f7dba2c4e4f61fd76472b653aa547f93","8a33be0a189a42fe8a6c4b14ae5e36aa8df9da89aa312c045c6fd99de3c3f355","91b70d4fa98036b2ebac634c822e133cb4ed9780393b3446f9a0004b0a5c67a3","Comprobación por el autor de sum(all(component in text for component in componentes) for text in textos) con ExactCooccurrenceIndex.count; componentes de nominal_query y corpus de source_snapshot. Coinciden ambos; resultado literal, no ausencia científica ni adjudicación de revisión."
"BN-280","7b8db7695ebaa53f9daaf9d6f9caa0deec894df141dbd72496d10772c822ad0c","REINSPECCION","2026-09-27T00:02:55Z","/root (autor; no revisión independiente)","C-2419","data/busquedas_negativas/15_4_15-4-registro-material-tiempo-ambiente-y-ecologia.csv","data/tablas/08/table-40a-8-3-censo-morfologia-genoma-cultivo.csv","19","resultado combinado","identidad=«*Fonticula alba*»; campo=«resultado combinado»; valor=«NO RESUELTO; no se infiere ausencia»","0","447","eb65a6efc4b262af7edb4488ea907c29f7dba2c4e4f61fd76472b653aa547f93","8a33be0a189a42fe8a6c4b14ae5e36aa8df9da89aa312c045c6fd99de3c3f355","91b70d4fa98036b2ebac634c822e133cb4ed9780393b3446f9a0004b0a5c67a3","Comprobación por el autor de sum(all(component in text for component in componentes) for text in textos) con ExactCooccurrenceIndex.count; componentes de nominal_query y corpus de source_snapshot. Coinciden ambos; resultado literal, no ausencia científica ni adjudicación de revisión."
"BN-281","aba4325ca6d6f13fd19d91daefad78111a9d3798791a628b3039acf2d2e0472f","REINSPECCION","2026-09-27T00:02:56Z","/root (autor; no revisión independiente)","C-2420","data/busquedas_negativas/15_4_15-4-registro-material-tiempo-ambiente-y-ecologia.csv","data/tablas/08/table-40a-8-3-censo-morfologia-genoma-cultivo.csv","20","estado de genoma","identidad=«*Nuclearia delicatula*»; campo=«estado de genoma»; valor=«genoma NO LOCALIZADO EN ESTA SESIÓN»","0","447","eb65a6efc4b262af7edb4488ea907c29f7dba2c4e4f61fd76472b653aa547f93","8a33be0a189a42fe8a6c4b14ae5e36aa8df9da89aa312c045c6fd99de3c3f355","91b70d4fa98036b2ebac634c822e133cb4ed9780393b3446f9a0004b0a5c67a3","Comprobación por el autor de sum(all(component in text for component in componentes) for text in textos) con ExactCooccurrenceIndex.count; componentes de nominal_query y corpus de source_snapshot. Coinciden ambos; resultado literal, no ausencia científica ni adjudicación de revisión."
"BN-282","051aa4a3f3ceec3738b3d83e4a1ac6bf39bbe9ff8b4281bca096d761ff21182a","REINSPECCION","2026-09-27T00:02:57Z","/root (autor; no revisión independiente)","C-2421","data/busquedas_negativas/15_4_15-4-registro-material-tiempo-ambiente-y-ecologia.csv","data/tablas/08/table-40a-8-3-censo-morfologia-genoma-cultivo.csv","20","estado de cultivo","identidad=«*Nuclearia delicatula*»; campo=«estado de cultivo»; valor=«cultivo NO LOCALIZADO EN ESTA SESIÓN»","0","447","eb65a6efc4b262af7edb4488ea907c29f7dba2c4e4f61fd76472b653aa547f93","8a33be0a189a42fe8a6c4b14ae5e36aa8df9da89aa312c045c6fd99de3c3f355","91b70d4fa98036b2ebac634c822e133cb4ed9780393b3446f9a0004b0a5c67a3","Comprobación por el autor de sum(all(component in text for component in componentes) for text in textos) con ExactCooccurrenceIndex.count; componentes de nominal_query y corpus de source_snapshot. Coinciden ambos; resultado literal, no ausencia científica ni adjudicación de revisión."
"BN-283","85d3f33dbc0c2a774c5721db4df67f4565ef7b91c81bf125217c9bf2a9b7a283","REINSPECCION","2026-09-27T00:02:57Z","/root (autor; no revisión independiente)","C-2422","data/busquedas_negativas/15_4_15-4-registro-material-tiempo-ambiente-y-ecologia.csv","data/tablas/08/table-40a-8-3-censo-morfologia-genoma-cultivo.csv","20","resultado combinado","identidad=«*Nuclearia delicatula*»; campo=«resultado combinado»; valor=«NO RESUELTO; no se infiere ausencia»","0","447","eb65a6efc4b262af7edb4488ea907c29f7dba2c4e4f61fd76472b653aa547f93","8a33be0a189a42fe8a6c4b14ae5e36aa8df9da89aa312c045c6fd99de3c3f355","91b70d4fa98036b2ebac634c822e133cb4ed9780393b3446f9a0004b0a5c67a3","Comprobación por el autor de sum(all(component in text for component in componentes) for text in textos) con ExactCooccurrenceIndex.count; componentes de nominal_query y corpus de source_snapshot. Coinciden ambos; resultado literal, no ausencia científica ni adjudicación de revisión."
"BN-284","f298474247f0f49a33e8e34a115e9e69b8455a384321de6ab3ec6bdfb1aab7dc","REINSPECCION","2026-09-27T00:02:58Z","/root (autor; no revisión independiente)","C-2423","data/busquedas_negativas/15_4_15-4-registro-material-tiempo-ambiente-y-ecologia.csv","data/tablas/08/table-40a-8-3-censo-morfologia-genoma-cultivo.csv","21","descripción solo morfológica","identidad=«*Rozella allomycis*»; campo=«descripción solo morfológica»; valor=«no: ciclo de infección observado»","0","447","eb65a6efc4b262af7edb4488ea907c29f7dba2c4e4f61fd76472b653aa547f93","8a33be0a189a42fe8a6c4b14ae5e36aa8df9da89aa312c045c6fd99de3c3f355","91b70d4fa98036b2ebac634c822e133cb4ed9780393b3446f9a0004b0a5c67a3","Comprobación por el autor de sum(all(component in text for component in componentes) for text in textos) con ExactCooccurrenceIndex.count; componentes de nominal_query y corpus de source_snapshot. Coinciden ambos; resultado literal, no ausencia científica ni adjudicación de revisión."
"BN-285","94f08242e6637edf6a8ae905f61f2ec469f24a14ae5add32f9fa328bb8a9cac2","REINSPECCION","2026-09-27T00:02:58Z","/root (autor; no revisión independiente)","C-2424","data/busquedas_negativas/15_4_15-4-registro-material-tiempo-ambiente-y-ecologia.csv","data/tablas/08/table-40a-8-3-censo-morfologia-genoma-cultivo.csv","21","estado de genoma","identidad=«*Rozella allomycis*»; campo=«estado de genoma»; valor=«genoma NO LOCALIZADO EN ESTA SESIÓN»","0","447","eb65a6efc4b262af7edb4488ea907c29f7dba2c4e4f61fd76472b653aa547f93","8a33be0a189a42fe8a6c4b14ae5e36aa8df9da89aa312c045c6fd99de3c3f355","91b70d4fa98036b2ebac634c822e133cb4ed9780393b3446f9a0004b0a5c67a3","Comprobación por el autor de sum(all(component in text for component in componentes) for text in textos) con ExactCooccurrenceIndex.count; componentes de nominal_query y corpus de source_snapshot. Coinciden ambos; resultado literal, no ausencia científica ni adjudicación de revisión."
"BN-286","dd3802c9257396fea31ebc7951384dbecff85a61f4f903ada3a2178e859f2f3a","REINSPECCION","2026-09-27T00:02:58Z","/root (autor; no revisión independiente)","C-2425","data/busquedas_negativas/15_4_15-4-registro-material-tiempo-ambiente-y-ecologia.csv","data/tablas/08/table-40a-8-3-censo-morfologia-genoma-cultivo.csv","21","estado de cultivo","identidad=«*Rozella allomycis*»; campo=«estado de cultivo»; valor=«cultivo con hospedador; estado axénico no consta»","0","447","eb65a6efc4b262af7edb4488ea907c29f7dba2c4e4f61fd76472b653aa547f93","8a33be0a189a42fe8a6c4b14ae5e36aa8df9da89aa312c045c6fd99de3c3f355","91b70d4fa98036b2ebac634c822e133cb4ed9780393b3446f9a0004b0a5c67a3","Comprobación por el autor de sum(all(component in text for component in componentes) for text in textos) con ExactCooccurrenceIndex.count; componentes de nominal_query y corpus de source_snapshot. Coinciden ambos; resultado literal, no ausencia científica ni adjudicación de revisión."
"BN-287","e7944ecc8cbc1db05fb19ea50a4bfee734e851d5064f468bd8e4dfd78d4d11d9","REINSPECCION","2026-09-27T00:02:59Z","/root (autor; no revisión independiente)","C-2426","data/busquedas_negativas/15_4_15-4-registro-material-tiempo-ambiente-y-ecologia.csv","data/tablas/08/table-40a-8-3-censo-morfologia-genoma-cultivo.csv","21","resultado combinado","identidad=«*Rozella allomycis*»; campo=«resultado combinado»; valor=«NO RESUELTO; no se infiere ausencia»","0","447","eb65a6efc4b262af7edb4488ea907c29f7dba2c4e4f61fd76472b653aa547f93","8a33be0a189a42fe8a6c4b14ae5e36aa8df9da89aa312c045c6fd99de3c3f355","91b70d4fa98036b2ebac634c822e133cb4ed9780393b3446f9a0004b0a5c67a3","Comprobación por el autor de sum(all(component in text for component in componentes) for text in textos) con ExactCooccurrenceIndex.count; componentes de nominal_query y corpus de source_snapshot. Coinciden ambos; resultado literal, no ausencia científica ni adjudicación de revisión."
"BN-288","7dd1beef24c2bbca44ec48dd48368efa056bfed4e9f9d731a695b8265401bef9","REINSPECCION","2026-09-27T00:02:59Z","/root (autor; no revisión independiente)","C-2427","data/busquedas_negativas/15_4_15-4-registro-material-tiempo-ambiente-y-ecologia.csv","data/tablas/08/table-40a-8-3-censo-morfologia-genoma-cultivo.csv","22","descripción solo morfológica","identidad=«*Rhizophydium planktonicum*»; campo=«descripción solo morfológica»; valor=«no: parasitismo y flujo de carbono medidos»","0","447","eb65a6efc4b262af7edb4488ea907c29f7dba2c4e4f61fd76472b653aa547f93","8a33be0a189a42fe8a6c4b14ae5e36aa8df9da89aa312c045c6fd99de3c3f355","91b70d4fa98036b2ebac634c822e133cb4ed9780393b3446f9a0004b0a5c67a3","Comprobación por el autor de sum(all(component in text for component in componentes) for text in textos) con ExactCooccurrenceIndex.count; componentes de nominal_query y corpus de source_snapshot. Coinciden ambos; resultado literal, no ausencia científica ni adjudicación de revisión."
"BN-289","c040b2f1ab7477d279a8b3ad4e2c721d99440096821e676da2ef5e6f15be4bb1","REINSPECCION","2026-09-27T00:03:00Z","/root (autor; no revisión independiente)","C-2428","data/busquedas_negativas/15_4_15-4-registro-material-tiempo-ambiente-y-ecologia.csv","data/tablas/08/table-40a-8-3-censo-morfologia-genoma-cultivo.csv","22","estado de genoma","identidad=«*Rhizophydium planktonicum*»; campo=«estado de genoma»; valor=«genoma NO LOCALIZADO EN ESTA SESIÓN»","0","447","eb65a6efc4b262af7edb4488ea907c29f7dba2c4e4f61fd76472b653aa547f93","8a33be0a189a42fe8a6c4b14ae5e36aa8df9da89aa312c045c6fd99de3c3f355","91b70d4fa98036b2ebac634c822e133cb4ed9780393b3446f9a0004b0a5c67a3","Comprobación por el autor de sum(all(component in text for component in componentes) for text in textos) con ExactCooccurrenceIndex.count; componentes de nominal_query y corpus de source_snapshot. Coinciden ambos; resultado literal, no ausencia científica ni adjudicación de revisión."
"BN-290","b42dbe7c28798da21f28b1ac84ebffcd20237cb945409caa5445e2ec80b06ea2","REINSPECCION","2026-09-27T00:03:00Z","/root (autor; no revisión independiente)","C-2429","data/busquedas_negativas/15_4_15-4-registro-material-tiempo-ambiente-y-ecologia.csv","data/tablas/08/table-40a-8-3-censo-morfologia-genoma-cultivo.csv","22","estado de cultivo","identidad=«*Rhizophydium planktonicum*»; campo=«estado de cultivo»; valor=«ensayo con hospedador documentado; estado axénico no consta»","0","447","eb65a6efc4b262af7edb4488ea907c29f7dba2c4e4f61fd76472b653aa547f93","8a33be0a189a42fe8a6c4b14ae5e36aa8df9da89aa312c045c6fd99de3c3f355","91b70d4fa98036b2ebac634c822e133cb4ed9780393b3446f9a0004b0a5c67a3","Comprobación por el autor de sum(all(component in text for component in componentes) for text in textos) con ExactCooccurrenceIndex.count; componentes de nominal_query y corpus de source_snapshot. Coinciden ambos; resultado literal, no ausencia científica ni adjudicación de revisión."
"BN-291","ac3e7e3199183b29d43684b266a7619c1dae4bfb9e62df5863213215c93286db","REINSPECCION","2026-09-27T00:03:00Z","/root (autor; no revisión independiente)","C-2430","data/busquedas_negativas/15_4_15-4-registro-material-tiempo-ambiente-y-ecologia.csv","data/tablas/08/table-40a-8-3-censo-morfologia-genoma-cultivo.csv","22","resultado combinado","identidad=«*Rhizophydium planktonicum*»; campo=«resultado combinado»; valor=«NO RESUELTO; no se infiere ausencia»","0","447","eb65a6efc4b262af7edb4488ea907c29f7dba2c4e4f61fd76472b653aa547f93","8a33be0a189a42fe8a6c4b14ae5e36aa8df9da89aa312c045c6fd99de3c3f355","91b70d4fa98036b2ebac634c822e133cb4ed9780393b3446f9a0004b0a5c67a3","Comprobación por el autor de sum(all(component in text for component in componentes) for text in textos) con ExactCooccurrenceIndex.count; componentes de nominal_query y corpus de source_snapshot. Coinciden ambos; resultado literal, no ausencia científica ni adjudicación de revisión."
"BN-292","97ed18b72f336d31e4f55616c10c24cbe509a0f9342f3d0a5a12d7b28a16948e","REINSPECCION","2026-09-27T00:03:01Z","/root (autor; no revisión independiente)","C-2431","data/busquedas_negativas/15_4_15-4-registro-material-tiempo-ambiente-y-ecologia.csv","data/tablas/08/table-40a-8-3-censo-morfologia-genoma-cultivo.csv","23","estado de cultivo","identidad=«Microsporidia»; campo=«estado de cultivo»; valor=«cultivo NO LOCALIZADO EN ESTA SESIÓN»","0","447","eb65a6efc4b262af7edb4488ea907c29f7dba2c4e4f61fd76472b653aa547f93","8a33be0a189a42fe8a6c4b14ae5e36aa8df9da89aa312c045c6fd99de3c3f355","91b70d4fa98036b2ebac634c822e133cb4ed9780393b3446f9a0004b0a5c67a3","Comprobación por el autor de sum(all(component in text for component in componentes) for text in textos) con ExactCooccurrenceIndex.count; componentes de nominal_query y corpus de source_snapshot. Coinciden ambos; resultado literal, no ausencia científica ni adjudicación de revisión."
"BN-293","099d09b6a9c59f26c56c8368599a44051e66c1168da5312418bfba8d50d0e0cb","REINSPECCION","2026-09-27T00:03:02Z","/root (autor; no revisión independiente)","C-2432","data/busquedas_negativas/15_4_15-4-registro-material-tiempo-ambiente-y-ecologia.csv","data/tablas/08/table-40a-8-3-censo-morfologia-genoma-cultivo.csv","24","estado de genoma","identidad=«*Dictyostelium discoideum*»; campo=«estado de genoma»; valor=«genoma NO LOCALIZADO EN ESTA SESIÓN»","0","447","eb65a6efc4b262af7edb4488ea907c29f7dba2c4e4f61fd76472b653aa547f93","8a33be0a189a42fe8a6c4b14ae5e36aa8df9da89aa312c045c6fd99de3c3f355","91b70d4fa98036b2ebac634c822e133cb4ed9780393b3446f9a0004b0a5c67a3","Comprobación por el autor de sum(all(component in text for component in componentes) for text in textos) con ExactCooccurrenceIndex.count; componentes de nominal_query y corpus de source_snapshot. Coinciden ambos; resultado literal, no ausencia científica ni adjudicación de revisión."
"BN-294","9300e35a6768fc098849b413b57724184b3e2339e86690f4f81951b61e66266e","REINSPECCION","2026-09-27T00:03:02Z","/root (autor; no revisión independiente)","C-2433","data/busquedas_negativas/15_4_15-4-registro-material-tiempo-ambiente-y-ecologia.csv","data/tablas/08/table-40a-8-3-censo-morfologia-genoma-cultivo.csv","24","estado de cultivo","identidad=«*Dictyostelium discoideum*»; campo=«estado de cultivo»; valor=«cultivo experimental implícito, condición nominal no censada»","0","447","eb65a6efc4b262af7edb4488ea907c29f7dba2c4e4f61fd76472b653aa547f93","8a33be0a189a42fe8a6c4b14ae5e36aa8df9da89aa312c045c6fd99de3c3f355","91b70d4fa98036b2ebac634c822e133cb4ed9780393b3446f9a0004b0a5c67a3","Comprobación por el autor de sum(all(component in text for component in componentes) for text in textos) con ExactCooccurrenceIndex.count; componentes de nominal_query y corpus de source_snapshot. Coinciden ambos; resultado literal, no ausencia científica ni adjudicación de revisión."
"BN-295","1f1140b30ba8351a862bed399844e07f7d5d407df060bf005f94f907d997da82","REINSPECCION","2026-09-27T00:03:02Z","/root (autor; no revisión independiente)","C-2434","data/busquedas_negativas/15_4_15-4-registro-material-tiempo-ambiente-y-ecologia.csv","data/tablas/08/table-40a-8-3-censo-morfologia-genoma-cultivo.csv","24","resultado combinado","identidad=«*Dictyostelium discoideum*»; campo=«resultado combinado»; valor=«NO RESUELTO; no se infiere ausencia»","0","447","eb65a6efc4b262af7edb4488ea907c29f7dba2c4e4f61fd76472b653aa547f93","8a33be0a189a42fe8a6c4b14ae5e36aa8df9da89aa312c045c6fd99de3c3f355","91b70d4fa98036b2ebac634c822e133cb4ed9780393b3446f9a0004b0a5c67a3","Comprobación por el autor de sum(all(component in text for component in componentes) for text in textos) con ExactCooccurrenceIndex.count; componentes de nominal_query y corpus de source_snapshot. Coinciden ambos; resultado literal, no ausencia científica ni adjudicación de revisión."
"BN-296","a5f662eac3d7bd98d6188076eb5ef7018889b2f402fd0f62ce5228f595bed541","REINSPECCION","2026-09-27T00:03:03Z","/root (autor; no revisión independiente)","C-2435","data/busquedas_negativas/15_4_15-4-registro-material-tiempo-ambiente-y-ecologia.csv","data/tablas/08/table-40a-8-3-censo-morfologia-genoma-cultivo.csv","25","estado de genoma","identidad=«*Entamoeba histolytica*»; campo=«estado de genoma»; valor=«genoma NO LOCALIZADO EN ESTA SESIÓN»","0","447","eb65a6efc4b262af7edb4488ea907c29f7dba2c4e4f61fd76472b653aa547f93","8a33be0a189a42fe8a6c4b14ae5e36aa8df9da89aa312c045c6fd99de3c3f355","91b70d4fa98036b2ebac634c822e133cb4ed9780393b3446f9a0004b0a5c67a3","Comprobación por el autor de sum(all(component in text for component in componentes) for text in textos) con ExactCooccurrenceIndex.count; componentes de nominal_query y corpus de source_snapshot. Coinciden ambos; resultado literal, no ausencia científica ni adjudicación de revisión."
"BN-297","0c8bfd6a6c7efb4bf5d092d1d9214b1ec8e391d750744cf699b7729852bd7662","REINSPECCION","2026-09-27T00:03:03Z","/root (autor; no revisión independiente)","C-2436","data/busquedas_negativas/15_4_15-4-registro-material-tiempo-ambiente-y-ecologia.csv","data/tablas/08/table-40a-8-3-censo-morfologia-genoma-cultivo.csv","25","estado de cultivo","identidad=«*Entamoeba histolytica*»; campo=«estado de cultivo»; valor=«ensayo celular documentado; estado de cultivo no consta»","0","447","eb65a6efc4b262af7edb4488ea907c29f7dba2c4e4f61fd76472b653aa547f93","8a33be0a189a42fe8a6c4b14ae5e36aa8df9da89aa312c045c6fd99de3c3f355","91b70d4fa98036b2ebac634c822e133cb4ed9780393b3446f9a0004b0a5c67a3","Comprobación por el autor de sum(all(component in text for component in componentes) for text in textos) con ExactCooccurrenceIndex.count; componentes de nominal_query y corpus de source_snapshot. Coinciden ambos; resultado literal, no ausencia científica ni adjudicación de revisión."
"BN-298","3b3350c6d373498371a4628f56ddb1a512112b8d05e6c1c43b9151701045e4c8","REINSPECCION","2026-09-27T00:03:03Z","/root (autor; no revisión independiente)","C-2437","data/busquedas_negativas/15_4_15-4-registro-material-tiempo-ambiente-y-ecologia.csv","data/tablas/08/table-40a-8-3-censo-morfologia-genoma-cultivo.csv","25","resultado combinado","identidad=«*Entamoeba histolytica*»; campo=«resultado combinado»; valor=«NO RESUELTO; no se infiere ausencia»","0","447","eb65a6efc4b262af7edb4488ea907c29f7dba2c4e4f61fd76472b653aa547f93","8a33be0a189a42fe8a6c4b14ae5e36aa8df9da89aa312c045c6fd99de3c3f355","91b70d4fa98036b2ebac634c822e133cb4ed9780393b3446f9a0004b0a5c67a3","Comprobación por el autor de sum(all(component in text for component in componentes) for text in textos) con ExactCooccurrenceIndex.count; componentes de nominal_query y corpus de source_snapshot. Coinciden ambos; resultado literal, no ausencia científica ni adjudicación de revisión."
"BN-299","5d8a99063082dc918f613e549b6fc3a8d9bc2672e2b950a81c8a01cf5e08c797","REINSPECCION","2026-09-27T00:03:04Z","/root (autor; no revisión independiente)","C-2438","data/busquedas_negativas/15_4_15-4-registro-material-tiempo-ambiente-y-ecologia.csv","data/tablas/08/table-40a-8-3-censo-morfologia-genoma-cultivo.csv","26","estado de genoma","identidad=«*Pelomyxa*»; campo=«estado de genoma»; valor=«genoma NO LOCALIZADO EN ESTA SESIÓN»","0","447","eb65a6efc4b262af7edb4488ea907c29f7dba2c4e4f61fd76472b653aa547f93","8a33be0a189a42fe8a6c4b14ae5e36aa8df9da89aa312c045c6fd99de3c3f355","91b70d4fa98036b2ebac634c822e133cb4ed9780393b3446f9a0004b0a5c67a3","Comprobación por el autor de sum(all(component in text for component in componentes) for text in textos) con ExactCooccurrenceIndex.count; componentes de nominal_query y corpus de source_snapshot. Coinciden ambos; resultado literal, no ausencia científica ni adjudicación de revisión."
"BN-300","f4cda338d5bbcf18fa2069613e99841160768425582c2d3c83018a426a2eb3e1","REINSPECCION","2026-09-27T00:03:05Z","/root (autor; no revisión independiente)","C-2439","data/busquedas_negativas/15_4_15-4-registro-material-tiempo-ambiente-y-ecologia.csv","data/tablas/08/table-40a-8-3-censo-morfologia-genoma-cultivo.csv","26","estado de cultivo","identidad=«*Pelomyxa*»; campo=«estado de cultivo»; valor=«cultivo NO LOCALIZADO EN ESTA SESIÓN»","0","447","eb65a6efc4b262af7edb4488ea907c29f7dba2c4e4f61fd76472b653aa547f93","8a33be0a189a42fe8a6c4b14ae5e36aa8df9da89aa312c045c6fd99de3c3f355","91b70d4fa98036b2ebac634c822e133cb4ed9780393b3446f9a0004b0a5c67a3","Comprobación por el autor de sum(all(component in text for component in componentes) for text in textos) con ExactCooccurrenceIndex.count; componentes de nominal_query y corpus de source_snapshot. Coinciden ambos; resultado literal, no ausencia científica ni adjudicación de revisión."
"BN-301","1a1565bbebacf4883cfaa1541412af624281f451462a3c4fb4b82313e3fc3349","REINSPECCION","2026-09-27T00:03:05Z","/root (autor; no revisión independiente)","C-2440","data/busquedas_negativas/15_4_15-4-registro-material-tiempo-ambiente-y-ecologia.csv","data/tablas/08/table-40a-8-3-censo-morfologia-genoma-cultivo.csv","26","resultado combinado","identidad=«*Pelomyxa*»; campo=«resultado combinado»; valor=«NO RESUELTO; no se infiere ausencia»","0","447","eb65a6efc4b262af7edb4488ea907c29f7dba2c4e4f61fd76472b653aa547f93","8a33be0a189a42fe8a6c4b14ae5e36aa8df9da89aa312c045c6fd99de3c3f355","91b70d4fa98036b2ebac634c822e133cb4ed9780393b3446f9a0004b0a5c67a3","Comprobación por el autor de sum(all(component in text for component in componentes) for text in textos) con ExactCooccurrenceIndex.count; componentes de nominal_query y corpus de source_snapshot. Coinciden ambos; resultado literal, no ausencia científica ni adjudicación de revisión."
"BN-302","f6c81687ff24799381184bfaa5c839fc200795ba84334c179fbed05f9b21d23f","REINSPECCION","2026-09-27T00:03:06Z","/root (autor; no revisión independiente)","C-2441","data/busquedas_negativas/15_4_15-4-registro-material-tiempo-ambiente-y-ecologia.csv","data/tablas/08/table-40a-8-3-censo-morfologia-genoma-cultivo.csv","27","estado de genoma","identidad=«*Mastigamoeba balamuthi*»; campo=«estado de genoma»; valor=«genoma NO LOCALIZADO EN ESTA SESIÓN»","0","447","eb65a6efc4b262af7edb4488ea907c29f7dba2c4e4f61fd76472b653aa547f93","8a33be0a189a42fe8a6c4b14ae5e36aa8df9da89aa312c045c6fd99de3c3f355","91b70d4fa98036b2ebac634c822e133cb4ed9780393b3446f9a0004b0a5c67a3","Comprobación por el autor de sum(all(component in text for component in componentes) for text in textos) con ExactCooccurrenceIndex.count; componentes de nominal_query y corpus de source_snapshot. Coinciden ambos; resultado literal, no ausencia científica ni adjudicación de revisión."
"BN-303","7f55fd173d705964c8abeac0a6675c1254e1e3ff1d36b68eef3c5bda9cabb5c3","REINSPECCION","2026-09-27T00:03:06Z","/root (autor; no revisión independiente)","C-2442","data/busquedas_negativas/15_4_15-4-registro-material-tiempo-ambiente-y-ecologia.csv","data/tablas/08/table-40a-8-3-censo-morfologia-genoma-cultivo.csv","27","estado de cultivo","identidad=«*Mastigamoeba balamuthi*»; campo=«estado de cultivo»; valor=«cultivo NO LOCALIZADO EN ESTA SESIÓN»","0","447","eb65a6efc4b262af7edb4488ea907c29f7dba2c4e4f61fd76472b653aa547f93","8a33be0a189a42fe8a6c4b14ae5e36aa8df9da89aa312c045c6fd99de3c3f355","91b70d4fa98036b2ebac634c822e133cb4ed9780393b3446f9a0004b0a5c67a3","Comprobación por el autor de sum(all(component in text for component in componentes) for text in textos) con ExactCooccurrenceIndex.count; componentes de nominal_query y corpus de source_snapshot. Coinciden ambos; resultado literal, no ausencia científica ni adjudicación de revisión."
"BN-304","263448b094b22e209124981f7f0659b2accc031d88b3e002849c1827d310e9d0","REINSPECCION","2026-09-27T00:03:06Z","/root (autor; no revisión independiente)","C-2443","data/busquedas_negativas/15_4_15-4-registro-material-tiempo-ambiente-y-ecologia.csv","data/tablas/08/table-40a-8-3-censo-morfologia-genoma-cultivo.csv","27","resultado combinado","identidad=«*Mastigamoeba balamuthi*»; campo=«resultado combinado»; valor=«NO RESUELTO; no se infiere ausencia»","0","447","eb65a6efc4b262af7edb4488ea907c29f7dba2c4e4f61fd76472b653aa547f93","8a33be0a189a42fe8a6c4b14ae5e36aa8df9da89aa312c045c6fd99de3c3f355","91b70d4fa98036b2ebac634c822e133cb4ed9780393b3446f9a0004b0a5c67a3","Comprobación por el autor de sum(all(component in text for component in componentes) for text in textos) con ExactCooccurrenceIndex.count; componentes de nominal_query y corpus de source_snapshot. Coinciden ambos; resultado literal, no ausencia científica ni adjudicación de revisión."
"BN-305","cc19c1af306dd74399fc72c6eb46fd12deca6a7425ea8ffe97a3be087b8836c3","REINSPECCION","2026-09-27T00:03:07Z","/root (autor; no revisión independiente)","C-2444","data/busquedas_negativas/15_9_15-9-multicelularidad-y-repertorio-preanimal.csv","data/tablas/12/table-54-12-10-1-repertorio-funcional-localizado.csv","2","otros choanoflagelados","identidad=«integrinas y adhesoma»; campo=«otros choanoflagelados»; valor=«NO LOCALIZADO por linaje»","0","447","eb65a6efc4b262af7edb4488ea907c29f7dba2c4e4f61fd76472b653aa547f93","8a33be0a189a42fe8a6c4b14ae5e36aa8df9da89aa312c045c6fd99de3c3f355","91b70d4fa98036b2ebac634c822e133cb4ed9780393b3446f9a0004b0a5c67a3","Comprobación por el autor de sum(all(component in text for component in componentes) for text in textos) con ExactCooccurrenceIndex.count; componentes de nominal_query y corpus de source_snapshot. Coinciden ambos; resultado literal, no ausencia científica ni adjudicación de revisión."
"BN-306","10dead3fcf352ccbd349ab1932ec323aefce409a37bfbe7c0fe0ba8beaf350a4","REINSPECCION","2026-09-27T00:03:07Z","/root (autor; no revisión independiente)","C-2445","data/busquedas_negativas/15_9_15-9-multicelularidad-y-repertorio-preanimal.csv","data/tablas/12/table-54-12-10-1-repertorio-funcional-localizado.csv","2","Metazoa","identidad=«integrinas y adhesoma»; campo=«Metazoa»; valor=«presente»","0","447","eb65a6efc4b262af7edb4488ea907c29f7dba2c4e4f61fd76472b653aa547f93","8a33be0a189a42fe8a6c4b14ae5e36aa8df9da89aa312c045c6fd99de3c3f355","91b70d4fa98036b2ebac634c822e133cb4ed9780393b3446f9a0004b0a5c67a3","Comprobación por el autor de sum(all(component in text for component in componentes) for text in textos) con ExactCooccurrenceIndex.count; componentes de nominal_query y corpus de source_snapshot. Coinciden ambos; resultado literal, no ausencia científica ni adjudicación de revisión."
"BN-307","8089b325d6f763c7e0357c8ad8bfbdfc04732d83c05e0d7d1f773f64cc7b6003","REINSPECCION","2026-09-27T00:03:08Z","/root (autor; no revisión independiente)","C-2446","data/busquedas_negativas/15_9_15-9-multicelularidad-y-repertorio-preanimal.csv","data/tablas/12/table-54-12-10-1-repertorio-funcional-localizado.csv","2","criterio de presencia/ausencia","identidad=«integrinas y adhesoma»; campo=«criterio de presencia/ausencia»; valor=«presencia por homología de dominios; ausencia solo cuando la fuente la declara»","0","447","eb65a6efc4b262af7edb4488ea907c29f7dba2c4e4f61fd76472b653aa547f93","8a33be0a189a42fe8a6c4b14ae5e36aa8df9da89aa312c045c6fd99de3c3f355","91b70d4fa98036b2ebac634c822e133cb4ed9780393b3446f9a0004b0a5c67a3","Comprobación por el autor de sum(all(component in text for component in componentes) for text in textos) con ExactCooccurrenceIndex.count; componentes de nominal_query y corpus de source_snapshot. Coinciden ambos; resultado literal, no ausencia científica ni adjudicación de revisión."
"BN-308","d86879c6e869c65aeb7d019929787739bfc6eb08b27b3d5847821be710caf9ff","REINSPECCION","2026-09-27T00:03:08Z","/root (autor; no revisión independiente)","C-2447","data/busquedas_negativas/15_9_15-9-multicelularidad-y-repertorio-preanimal.csv","data/tablas/12/table-54-12-10-1-repertorio-funcional-localizado.csv","2","límite","identidad=«integrinas y adhesoma»; campo=«límite»; valor=«no se infiere ausencia en combinaciones no muestreadas»","0","447","eb65a6efc4b262af7edb4488ea907c29f7dba2c4e4f61fd76472b653aa547f93","8a33be0a189a42fe8a6c4b14ae5e36aa8df9da89aa312c045c6fd99de3c3f355","91b70d4fa98036b2ebac634c822e133cb4ed9780393b3446f9a0004b0a5c67a3","Comprobación por el autor de sum(all(component in text for component in componentes) for text in textos) con ExactCooccurrenceIndex.count; componentes de nominal_query y corpus de source_snapshot. Coinciden ambos; resultado literal, no ausencia científica ni adjudicación de revisión."
"BN-309","a6a2d6dac81eb8dfc36839a337350fc30c19a756ab3b0a5285358e605e52297b","REINSPECCION","2026-09-27T00:03:09Z","/root (autor; no revisión independiente)","C-2448","data/busquedas_negativas/15_9_15-9-multicelularidad-y-repertorio-preanimal.csv","data/tablas/12/table-54-12-10-1-repertorio-funcional-localizado.csv","3","Capsaspora","identidad=«cadherinas»; campo=«Capsaspora»; valor=«NO LOCALIZADO»","0","447","eb65a6efc4b262af7edb4488ea907c29f7dba2c4e4f61fd76472b653aa547f93","8a33be0a189a42fe8a6c4b14ae5e36aa8df9da89aa312c045c6fd99de3c3f355","91b70d4fa98036b2ebac634c822e133cb4ed9780393b3446f9a0004b0a5c67a3","Comprobación por el autor de sum(all(component in text for component in componentes) for text in textos) con ExactCooccurrenceIndex.count; componentes de nominal_query y corpus de source_snapshot. Coinciden ambos; resultado literal, no ausencia científica ni adjudicación de revisión."
"BN-310","7a0e199d4ba6501ae3a6608b6ceb4167da1171caafb0b562fe6005b718dfa659","REINSPECCION","2026-09-27T00:03:09Z","/root (autor; no revisión independiente)","C-2449","data/busquedas_negativas/15_9_15-9-multicelularidad-y-repertorio-preanimal.csv","data/tablas/12/table-54-12-10-1-repertorio-funcional-localizado.csv","3","otros choanoflagelados","identidad=«cadherinas»; campo=«otros choanoflagelados»; valor=«NO LOCALIZADO por linaje»","0","447","eb65a6efc4b262af7edb4488ea907c29f7dba2c4e4f61fd76472b653aa547f93","8a33be0a189a42fe8a6c4b14ae5e36aa8df9da89aa312c045c6fd99de3c3f355","91b70d4fa98036b2ebac634c822e133cb4ed9780393b3446f9a0004b0a5c67a3","Comprobación por el autor de sum(all(component in text for component in componentes) for text in textos) con ExactCooccurrenceIndex.count; componentes de nominal_query y corpus de source_snapshot. Coinciden ambos; resultado literal, no ausencia científica ni adjudicación de revisión."
"BN-311","2b8b1e3a39e4964d1a9aa32d5dd4234c685d6dc5b96ba62c7e5111f8f8e96d86","REINSPECCION","2026-09-27T00:03:10Z","/root (autor; no revisión independiente)","C-2450","data/busquedas_negativas/15_9_15-9-multicelularidad-y-repertorio-preanimal.csv","data/tablas/12/table-54-12-10-1-repertorio-funcional-localizado.csv","3","otros holozoos unicelulares","identidad=«cadherinas»; campo=«otros holozoos unicelulares»; valor=«NO LOCALIZADO por linaje»","0","447","eb65a6efc4b262af7edb4488ea907c29f7dba2c4e4f61fd76472b653aa547f93","8a33be0a189a42fe8a6c4b14ae5e36aa8df9da89aa312c045c6fd99de3c3f355","91b70d4fa98036b2ebac634c822e133cb4ed9780393b3446f9a0004b0a5c67a3","Comprobación por el autor de sum(all(component in text for component in componentes) for text in textos) con ExactCooccurrenceIndex.count; componentes de nominal_query y corpus de source_snapshot. Coinciden ambos; resultado literal, no ausencia científica ni adjudicación de revisión."
"BN-312","ea839cd60e527a6a1e1d83b040f1b10abd230bfcf6f1adc6393bc6544a26e09d","REINSPECCION","2026-09-27T00:03:10Z","/root (autor; no revisión independiente)","C-2451","data/busquedas_negativas/15_9_15-9-multicelularidad-y-repertorio-preanimal.csv","data/tablas/12/table-54-12-10-1-repertorio-funcional-localizado.csv","3","Metazoa","identidad=«cadherinas»; campo=«Metazoa»; valor=«presente»","0","447","eb65a6efc4b262af7edb4488ea907c29f7dba2c4e4f61fd76472b653aa547f93","8a33be0a189a42fe8a6c4b14ae5e36aa8df9da89aa312c045c6fd99de3c3f355","91b70d4fa98036b2ebac634c822e133cb4ed9780393b3446f9a0004b0a5c67a3","Comprobación por el autor de sum(all(component in text for component in componentes) for text in textos) con ExactCooccurrenceIndex.count; componentes de nominal_query y corpus de source_snapshot. Coinciden ambos; resultado literal, no ausencia científica ni adjudicación de revisión."
"BN-313","a2ba84f4fbb130eed165aeebd101e4509706e67beaa9a91e6f5fb16ca707897e","REINSPECCION","2026-09-27T00:03:11Z","/root (autor; no revisión independiente)","C-2452","data/busquedas_negativas/15_9_15-9-multicelularidad-y-repertorio-preanimal.csv","data/tablas/12/table-54-12-10-1-repertorio-funcional-localizado.csv","3","límite","identidad=«cadherinas»; campo=«límite»; valor=«matriz animal completa no demostrada fuera de Metazoa»","0","447","eb65a6efc4b262af7edb4488ea907c29f7dba2c4e4f61fd76472b653aa547f93","8a33be0a189a42fe8a6c4b14ae5e36aa8df9da89aa312c045c6fd99de3c3f355","91b70d4fa98036b2ebac634c822e133cb4ed9780393b3446f9a0004b0a5c67a3","Comprobación por el autor de sum(all(component in text for component in componentes) for text in textos) con ExactCooccurrenceIndex.count; componentes de nominal_query y corpus de source_snapshot. Coinciden ambos; resultado literal, no ausencia científica ni adjudicación de revisión."
"BN-314","e84fd7f7f3de02f8ca00a8c940ce9a833c80a9d54b24cdbac2386891c6aaad4f","REINSPECCION","2026-09-27T00:03:12Z","/root (autor; no revisión independiente)","C-2453","data/busquedas_negativas/15_9_15-9-multicelularidad-y-repertorio-preanimal.csv","data/tablas/12/table-54-12-10-1-repertorio-funcional-localizado.csv","4","Capsaspora","identidad=«matriz y colágeno»; campo=«Capsaspora»; valor=«NO LOCALIZADO»","0","447","eb65a6efc4b262af7edb4488ea907c29f7dba2c4e4f61fd76472b653aa547f93","8a33be0a189a42fe8a6c4b14ae5e36aa8df9da89aa312c045c6fd99de3c3f355","91b70d4fa98036b2ebac634c822e133cb4ed9780393b3446f9a0004b0a5c67a3","Comprobación por el autor de sum(all(component in text for component in componentes) for text in textos) con ExactCooccurrenceIndex.count; componentes de nominal_query y corpus de source_snapshot. Coinciden ambos; resultado literal, no ausencia científica ni adjudicación de revisión."
"BN-315","b61f08a251585be3e6ee2e44976f069d9ba5f1d61cd99dfa323b153263d04bb9","REINSPECCION","2026-09-27T00:03:12Z","/root (autor; no revisión independiente)","C-2454","data/busquedas_negativas/15_9_15-9-multicelularidad-y-repertorio-preanimal.csv","data/tablas/12/table-54-12-10-1-repertorio-funcional-localizado.csv","4","otros choanoflagelados","identidad=«matriz y colágeno»; campo=«otros choanoflagelados»; valor=«NO LOCALIZADO por linaje»","0","447","eb65a6efc4b262af7edb4488ea907c29f7dba2c4e4f61fd76472b653aa547f93","8a33be0a189a42fe8a6c4b14ae5e36aa8df9da89aa312c045c6fd99de3c3f355","91b70d4fa98036b2ebac634c822e133cb4ed9780393b3446f9a0004b0a5c67a3","Comprobación por el autor de sum(all(component in text for component in componentes) for text in textos) con ExactCooccurrenceIndex.count; componentes de nominal_query y corpus de source_snapshot. Coinciden ambos; resultado literal, no ausencia científica ni adjudicación de revisión."
"BN-316","0b358fc0cf2897ebcda2c1f392f8b2004295adf60c167f1c59ad033fa01753b0","REINSPECCION","2026-09-27T00:03:12Z","/root (autor; no revisión independiente)","C-2455","data/busquedas_negativas/15_9_15-9-multicelularidad-y-repertorio-preanimal.csv","data/tablas/12/table-54-12-10-1-repertorio-funcional-localizado.csv","4","otros holozoos unicelulares","identidad=«matriz y colágeno»; campo=«otros holozoos unicelulares»; valor=«NO LOCALIZADO por linaje»","0","447","eb65a6efc4b262af7edb4488ea907c29f7dba2c4e4f61fd76472b653aa547f93","8a33be0a189a42fe8a6c4b14ae5e36aa8df9da89aa312c045c6fd99de3c3f355","91b70d4fa98036b2ebac634c822e133cb4ed9780393b3446f9a0004b0a5c67a3","Comprobación por el autor de sum(all(component in text for component in componentes) for text in textos) con ExactCooccurrenceIndex.count; componentes de nominal_query y corpus de source_snapshot. Coinciden ambos; resultado literal, no ausencia científica ni adjudicación de revisión."
"BN-317","b0b41ecc393a6af2cf2f74b9188e93060555a448ae0600aed5c22d88c03c2bf8","REINSPECCION","2026-09-27T00:03:13Z","/root (autor; no revisión independiente)","C-2456","data/busquedas_negativas/15_9_15-9-multicelularidad-y-repertorio-preanimal.csv","data/tablas/12/table-54-12-10-1-repertorio-funcional-localizado.csv","4","Metazoa","identidad=«matriz y colágeno»; campo=«Metazoa»; valor=«presente»","0","447","eb65a6efc4b262af7edb4488ea907c29f7dba2c4e4f61fd76472b653aa547f93","8a33be0a189a42fe8a6c4b14ae5e36aa8df9da89aa312c045c6fd99de3c3f355","91b70d4fa98036b2ebac634c822e133cb4ed9780393b3446f9a0004b0a5c67a3","Comprobación por el autor de sum(all(component in text for component in componentes) for text in textos) con ExactCooccurrenceIndex.count; componentes de nominal_query y corpus de source_snapshot. Coinciden ambos; resultado literal, no ausencia científica ni adjudicación de revisión."
"BN-318","08fe622c8e10228ac3d97a68724dd6a4bcd2ca78479cd236c665dbfdbba6316a","REINSPECCION","2026-09-27T00:03:13Z","/root (autor; no revisión independiente)","C-2457","data/busquedas_negativas/15_9_15-9-multicelularidad-y-repertorio-preanimal.csv","data/tablas/12/table-54-12-10-1-repertorio-funcional-localizado.csv","4","límite","identidad=«matriz y colágeno»; campo=«límite»; valor=«fibrillas y matriz animal completa no demostradas»","0","447","eb65a6efc4b262af7edb4488ea907c29f7dba2c4e4f61fd76472b653aa547f93","8a33be0a189a42fe8a6c4b14ae5e36aa8df9da89aa312c045c6fd99de3c3f355","91b70d4fa98036b2ebac634c822e133cb4ed9780393b3446f9a0004b0a5c67a3","Comprobación por el autor de sum(all(component in text for component in componentes) for text in textos) con ExactCooccurrenceIndex.count; componentes de nominal_query y corpus de source_snapshot. Coinciden ambos; resultado literal, no ausencia científica ni adjudicación de revisión."
"BN-319","77081f41dbc8b230cb7c83c2f7af23f9da90d54f094018eadf8b1f6a4ef119ea","REINSPECCION","2026-09-27T00:03:14Z","/root (autor; no revisión independiente)","C-2458","data/busquedas_negativas/15_9_15-9-multicelularidad-y-repertorio-preanimal.csv","data/tablas/12/table-54-12-10-1-repertorio-funcional-localizado.csv","5","otros choanoflagelados","identidad=«fosfotirosina»; campo=«otros choanoflagelados»; valor=«NO LOCALIZADO por linaje»","0","447","eb65a6efc4b262af7edb4488ea907c29f7dba2c4e4f61fd76472b653aa547f93","8a33be0a189a42fe8a6c4b14ae5e36aa8df9da89aa312c045c6fd99de3c3f355","91b70d4fa98036b2ebac634c822e133cb4ed9780393b3446f9a0004b0a5c67a3","Comprobación por el autor de sum(all(component in text for component in componentes) for text in textos) con ExactCooccurrenceIndex.count; componentes de nominal_query y corpus de source_snapshot. Coinciden ambos; resultado literal, no ausencia científica ni adjudicación de revisión."
"BN-320","40dcba1ef578729b2f96cb9ecda8a58de36e541ccc834781200e95548c3c1f64","REINSPECCION","2026-09-27T00:03:14Z","/root (autor; no revisión independiente)","C-2459","data/busquedas_negativas/15_9_15-9-multicelularidad-y-repertorio-preanimal.csv","data/tablas/12/table-54-12-10-1-repertorio-funcional-localizado.csv","5","otros holozoos unicelulares","identidad=«fosfotirosina»; campo=«otros holozoos unicelulares»; valor=«NO LOCALIZADO por linaje»","0","447","eb65a6efc4b262af7edb4488ea907c29f7dba2c4e4f61fd76472b653aa547f93","8a33be0a189a42fe8a6c4b14ae5e36aa8df9da89aa312c045c6fd99de3c3f355","91b70d4fa98036b2ebac634c822e133cb4ed9780393b3446f9a0004b0a5c67a3","Comprobación por el autor de sum(all(component in text for component in componentes) for text in textos) con ExactCooccurrenceIndex.count; componentes de nominal_query y corpus de source_snapshot. Coinciden ambos; resultado literal, no ausencia científica ni adjudicación de revisión."
"BN-321","4d1500a416eb9f7e44929b025d25aecd48a6ca2a136c81c064ae13e494c5e1e4","REINSPECCION","2026-09-27T00:03:15Z","/root (autor; no revisión independiente)","C-2460","data/busquedas_negativas/15_9_15-9-multicelularidad-y-repertorio-preanimal.csv","data/tablas/12/table-54-12-10-1-repertorio-funcional-localizado.csv","5","Metazoa","identidad=«fosfotirosina»; campo=«Metazoa»; valor=«presente»","0","447","eb65a6efc4b262af7edb4488ea907c29f7dba2c4e4f61fd76472b653aa547f93","8a33be0a189a42fe8a6c4b14ae5e36aa8df9da89aa312c045c6fd99de3c3f355","91b70d4fa98036b2ebac634c822e133cb4ed9780393b3446f9a0004b0a5c67a3","Comprobación por el autor de sum(all(component in text for component in componentes) for text in textos) con ExactCooccurrenceIndex.count; componentes de nominal_query y corpus de source_snapshot. Coinciden ambos; resultado literal, no ausencia científica ni adjudicación de revisión."
"BN-322","8cbf0023a8ad2a83fb1fa1065881464a98eacd13cbb0bf50f5775ef83f3f4101","REINSPECCION","2026-09-27T00:03:15Z","/root (autor; no revisión independiente)","C-2461","data/busquedas_negativas/15_9_15-9-multicelularidad-y-repertorio-preanimal.csv","data/tablas/12/table-54-12-10-1-repertorio-funcional-localizado.csv","5","criterio de presencia/ausencia","identidad=«fosfotirosina»; campo=«criterio de presencia/ausencia»; valor=«repertorio o actividad bioquímica según fuente»","0","447","eb65a6efc4b262af7edb4488ea907c29f7dba2c4e4f61fd76472b653aa547f93","8a33be0a189a42fe8a6c4b14ae5e36aa8df9da89aa312c045c6fd99de3c3f355","91b70d4fa98036b2ebac634c822e133cb4ed9780393b3446f9a0004b0a5c67a3","Comprobación por el autor de sum(all(component in text for component in componentes) for text in textos) con ExactCooccurrenceIndex.count; componentes de nominal_query y corpus de source_snapshot. Coinciden ambos; resultado literal, no ausencia científica ni adjudicación de revisión."
"BN-323","1e8690064941a84749142ccc77b06e4ed34095a19b8cf1da54ae40f06d1cb308","REINSPECCION","2026-09-27T00:03:16Z","/root (autor; no revisión independiente)","C-2462","data/busquedas_negativas/15_9_15-9-multicelularidad-y-repertorio-preanimal.csv","data/tablas/12/table-54-12-10-1-repertorio-funcional-localizado.csv","6","Monosiga","identidad=«Notch y Delta»; campo=«Monosiga»; valor=«distribución mosaico; estado nominal NO LOCALIZADO»","0","447","eb65a6efc4b262af7edb4488ea907c29f7dba2c4e4f61fd76472b653aa547f93","8a33be0a189a42fe8a6c4b14ae5e36aa8df9da89aa312c045c6fd99de3c3f355","91b70d4fa98036b2ebac634c822e133cb4ed9780393b3446f9a0004b0a5c67a3","Comprobación por el autor de sum(all(component in text for component in componentes) for text in textos) con ExactCooccurrenceIndex.count; componentes de nominal_query y corpus de source_snapshot. Coinciden ambos; resultado literal, no ausencia científica ni adjudicación de revisión."
"BN-324","4c0ea9289a8b1f32e76b5f6976b005fe24f373695a9a4995e1f97ecf47e0a370","REINSPECCION","2026-09-27T00:03:16Z","/root (autor; no revisión independiente)","C-2463","data/busquedas_negativas/15_9_15-9-multicelularidad-y-repertorio-preanimal.csv","data/tablas/12/table-54-12-10-1-repertorio-funcional-localizado.csv","6","Capsaspora","identidad=«Notch y Delta»; campo=«Capsaspora»; valor=«NO LOCALIZADO»","0","447","eb65a6efc4b262af7edb4488ea907c29f7dba2c4e4f61fd76472b653aa547f93","8a33be0a189a42fe8a6c4b14ae5e36aa8df9da89aa312c045c6fd99de3c3f355","91b70d4fa98036b2ebac634c822e133cb4ed9780393b3446f9a0004b0a5c67a3","Comprobación por el autor de sum(all(component in text for component in componentes) for text in textos) con ExactCooccurrenceIndex.count; componentes de nominal_query y corpus de source_snapshot. Coinciden ambos; resultado literal, no ausencia científica ni adjudicación de revisión."
"BN-325","c4fa95778eb9140ef75ec5820211f1a6bf81af43489827861eb0175e30adbd04","REINSPECCION","2026-09-27T00:03:17Z","/root (autor; no revisión independiente)","C-2464","data/busquedas_negativas/15_9_15-9-multicelularidad-y-repertorio-preanimal.csv","data/tablas/12/table-54-12-10-1-repertorio-funcional-localizado.csv","6","otros holozoos unicelulares","identidad=«Notch y Delta»; campo=«otros holozoos unicelulares»; valor=«distribución mosaico»","0","447","eb65a6efc4b262af7edb4488ea907c29f7dba2c4e4f61fd76472b653aa547f93","8a33be0a189a42fe8a6c4b14ae5e36aa8df9da89aa312c045c6fd99de3c3f355","91b70d4fa98036b2ebac634c822e133cb4ed9780393b3446f9a0004b0a5c67a3","Comprobación por el autor de sum(all(component in text for component in componentes) for text in textos) con ExactCooccurrenceIndex.count; componentes de nominal_query y corpus de source_snapshot. Coinciden ambos; resultado literal, no ausencia científica ni adjudicación de revisión."
"BN-326","a80cb6b5c1eadf3dcdb60ce8ac738927d484f8f189e8c6194b63a0c2b4fc4b99","REINSPECCION","2026-09-27T00:03:17Z","/root (autor; no revisión independiente)","C-2465","data/busquedas_negativas/15_9_15-9-multicelularidad-y-repertorio-preanimal.csv","data/tablas/12/table-54-12-10-1-repertorio-funcional-localizado.csv","6","Metazoa","identidad=«Notch y Delta»; campo=«Metazoa»; valor=«presente»","0","447","eb65a6efc4b262af7edb4488ea907c29f7dba2c4e4f61fd76472b653aa547f93","8a33be0a189a42fe8a6c4b14ae5e36aa8df9da89aa312c045c6fd99de3c3f355","91b70d4fa98036b2ebac634c822e133cb4ed9780393b3446f9a0004b0a5c67a3","Comprobación por el autor de sum(all(component in text for component in componentes) for text in textos) con ExactCooccurrenceIndex.count; componentes de nominal_query y corpus de source_snapshot. Coinciden ambos; resultado literal, no ausencia científica ni adjudicación de revisión."
"BN-327","1a40461d6170ebd96e7c5c445dbe7081efdeddfa3bc72136e5a92fd1b1595296","REINSPECCION","2026-09-27T00:03:18Z","/root (autor; no revisión independiente)","C-2466","data/busquedas_negativas/15_9_15-9-multicelularidad-y-repertorio-preanimal.csv","data/tablas/12/table-54-12-10-1-repertorio-funcional-localizado.csv","6","criterio de presencia/ausencia","identidad=«Notch y Delta»; campo=«criterio de presencia/ausencia»; valor=«presencia transcriptómica; no detección no equivale a ausencia»","0","447","eb65a6efc4b262af7edb4488ea907c29f7dba2c4e4f61fd76472b653aa547f93","8a33be0a189a42fe8a6c4b14ae5e36aa8df9da89aa312c045c6fd99de3c3f355","91b70d4fa98036b2ebac634c822e133cb4ed9780393b3446f9a0004b0a5c67a3","Comprobación por el autor de sum(all(component in text for component in componentes) for text in textos) con ExactCooccurrenceIndex.count; componentes de nominal_query y corpus de source_snapshot. Coinciden ambos; resultado literal, no ausencia científica ni adjudicación de revisión."
"BN-328","a105a02269a12fa6c6336cf413d428d55e455b265d1f947e18e567f1cb91bd57","REINSPECCION","2026-09-27T00:03:18Z","/root (autor; no revisión independiente)","C-2467","data/busquedas_negativas/15_9_15-9-multicelularidad-y-repertorio-preanimal.csv","data/tablas/12/table-54-12-10-1-repertorio-funcional-localizado.csv","6","límite","identidad=«Notch y Delta»; campo=«límite»; valor=«pérdida o falta de expresión no distinguidas»","0","447","eb65a6efc4b262af7edb4488ea907c29f7dba2c4e4f61fd76472b653aa547f93","8a33be0a189a42fe8a6c4b14ae5e36aa8df9da89aa312c045c6fd99de3c3f355","91b70d4fa98036b2ebac634c822e133cb4ed9780393b3446f9a0004b0a5c67a3","Comprobación por el autor de sum(all(component in text for component in componentes) for text in textos) con ExactCooccurrenceIndex.count; componentes de nominal_query y corpus de source_snapshot. Coinciden ambos; resultado literal, no ausencia científica ni adjudicación de revisión."
"BN-329","e9d32c206db682217afb792d190ba47a87023f4029e231634fcf9fc16f4d91d9","REINSPECCION","2026-09-27T00:03:19Z","/root (autor; no revisión independiente)","C-2468","data/busquedas_negativas/15_9_15-9-multicelularidad-y-repertorio-preanimal.csv","data/tablas/12/table-54-12-10-1-repertorio-funcional-localizado.csv","7","Monosiga","identidad=«Hedgehog»; campo=«Monosiga»; valor=«no localizado en el genoma comparado por S352»","0","447","eb65a6efc4b262af7edb4488ea907c29f7dba2c4e4f61fd76472b653aa547f93","8a33be0a189a42fe8a6c4b14ae5e36aa8df9da89aa312c045c6fd99de3c3f355","91b70d4fa98036b2ebac634c822e133cb4ed9780393b3446f9a0004b0a5c67a3","Comprobación por el autor de sum(all(component in text for component in componentes) for text in textos) con ExactCooccurrenceIndex.count; componentes de nominal_query y corpus de source_snapshot. Coinciden ambos; resultado literal, no ausencia científica ni adjudicación de revisión."
"BN-330","abec604ecf3583af497fed2511446c933e068a3e97adad77fb6a333852ba9a71","REINSPECCION","2026-09-27T00:03:20Z","/root (autor; no revisión independiente)","C-2469","data/busquedas_negativas/15_9_15-9-multicelularidad-y-repertorio-preanimal.csv","data/tablas/12/table-54-12-10-1-repertorio-funcional-localizado.csv","7","Capsaspora","identidad=«Hedgehog»; campo=«Capsaspora»; valor=«no localizado en el genoma comparado por S352»","0","447","eb65a6efc4b262af7edb4488ea907c29f7dba2c4e4f61fd76472b653aa547f93","8a33be0a189a42fe8a6c4b14ae5e36aa8df9da89aa312c045c6fd99de3c3f355","91b70d4fa98036b2ebac634c822e133cb4ed9780393b3446f9a0004b0a5c67a3","Comprobación por el autor de sum(all(component in text for component in componentes) for text in textos) con ExactCooccurrenceIndex.count; componentes de nominal_query y corpus de source_snapshot. Coinciden ambos; resultado literal, no ausencia científica ni adjudicación de revisión."
"BN-331","04cdbc20eedc5afd4c0f16966be7f0d741af9d2a28a2c716dbc30c444ffea4a0","REINSPECCION","2026-09-27T00:03:20Z","/root (autor; no revisión independiente)","C-2470","data/busquedas_negativas/15_9_15-9-multicelularidad-y-repertorio-preanimal.csv","data/tablas/12/table-54-12-10-1-repertorio-funcional-localizado.csv","7","otros choanoflagelados","identidad=«Hedgehog»; campo=«otros choanoflagelados»; valor=«NO LOCALIZADO por linaje»","0","447","eb65a6efc4b262af7edb4488ea907c29f7dba2c4e4f61fd76472b653aa547f93","8a33be0a189a42fe8a6c4b14ae5e36aa8df9da89aa312c045c6fd99de3c3f355","91b70d4fa98036b2ebac634c822e133cb4ed9780393b3446f9a0004b0a5c67a3","Comprobación por el autor de sum(all(component in text for component in componentes) for text in textos) con ExactCooccurrenceIndex.count; componentes de nominal_query y corpus de source_snapshot. Coinciden ambos; resultado literal, no ausencia científica ni adjudicación de revisión."
"BN-332","b64e36289762f1e707f66df9801e148e34eb5a04d2ece2bd1ffa3d272e152893","REINSPECCION","2026-09-27T00:03:21Z","/root (autor; no revisión independiente)","C-2471","data/busquedas_negativas/15_9_15-9-multicelularidad-y-repertorio-preanimal.csv","data/tablas/12/table-54-12-10-1-repertorio-funcional-localizado.csv","7","otros holozoos unicelulares","identidad=«Hedgehog»; campo=«otros holozoos unicelulares»; valor=«NO LOCALIZADO por linaje»","0","447","eb65a6efc4b262af7edb4488ea907c29f7dba2c4e4f61fd76472b653aa547f93","8a33be0a189a42fe8a6c4b14ae5e36aa8df9da89aa312c045c6fd99de3c3f355","91b70d4fa98036b2ebac634c822e133cb4ed9780393b3446f9a0004b0a5c67a3","Comprobación por el autor de sum(all(component in text for component in componentes) for text in textos) con ExactCooccurrenceIndex.count; componentes de nominal_query y corpus de source_snapshot. Coinciden ambos; resultado literal, no ausencia científica ni adjudicación de revisión."
"BN-334","9d3bcbfc183540192d17ab44887052310d9625abf78e53c0a4191722ba749b7c","REINSPECCION","2026-09-27T00:03:22Z","/root (autor; no revisión independiente)","C-2474","data/busquedas_negativas/15_9_15-9-multicelularidad-y-repertorio-preanimal.csv","data/tablas/12/table-54-12-10-1-repertorio-funcional-localizado.csv","8","Monosiga","identidad=«GPCR y otras señales»; campo=«Monosiga»; valor=«familias antiguas; detalle nominal NO LOCALIZADO»","0","447","eb65a6efc4b262af7edb4488ea907c29f7dba2c4e4f61fd76472b653aa547f93","8a33be0a189a42fe8a6c4b14ae5e36aa8df9da89aa312c045c6fd99de3c3f355","91b70d4fa98036b2ebac634c822e133cb4ed9780393b3446f9a0004b0a5c67a3","Comprobación por el autor de sum(all(component in text for component in componentes) for text in textos) con ExactCooccurrenceIndex.count; componentes de nominal_query y corpus de source_snapshot. Coinciden ambos; resultado literal, no ausencia científica ni adjudicación de revisión."
"BN-335","5beb1f4233667be6c127f9290fe5a49f0234d8e1232ace9b2e01128b2f87c46f","REINSPECCION","2026-09-27T00:03:23Z","/root (autor; no revisión independiente)","C-2475","data/busquedas_negativas/15_9_15-9-multicelularidad-y-repertorio-preanimal.csv","data/tablas/12/table-54-12-10-1-repertorio-funcional-localizado.csv","8","Capsaspora","identidad=«GPCR y otras señales»; campo=«Capsaspora»; valor=«familias antiguas; detalle nominal NO LOCALIZADO»","0","447","eb65a6efc4b262af7edb4488ea907c29f7dba2c4e4f61fd76472b653aa547f93","8a33be0a189a42fe8a6c4b14ae5e36aa8df9da89aa312c045c6fd99de3c3f355","91b70d4fa98036b2ebac634c822e133cb4ed9780393b3446f9a0004b0a5c67a3","Comprobación por el autor de sum(all(component in text for component in componentes) for text in textos) con ExactCooccurrenceIndex.count; componentes de nominal_query y corpus de source_snapshot. Coinciden ambos; resultado literal, no ausencia científica ni adjudicación de revisión."
"BN-336","026a616f8f88530d576b922d8f5228384d305cc5cf9a6b3fe859182bfcf1c201","REINSPECCION","2026-09-27T00:03:23Z","/root (autor; no revisión independiente)","C-2476","data/busquedas_negativas/15_9_15-9-multicelularidad-y-repertorio-preanimal.csv","data/tablas/12/table-54-12-10-1-repertorio-funcional-localizado.csv","8","otros choanoflagelados","identidad=«GPCR y otras señales»; campo=«otros choanoflagelados»; valor=«NO LOCALIZADO por linaje»","0","447","eb65a6efc4b262af7edb4488ea907c29f7dba2c4e4f61fd76472b653aa547f93","8a33be0a189a42fe8a6c4b14ae5e36aa8df9da89aa312c045c6fd99de3c3f355","91b70d4fa98036b2ebac634c822e133cb4ed9780393b3446f9a0004b0a5c67a3","Comprobación por el autor de sum(all(component in text for component in componentes) for text in textos) con ExactCooccurrenceIndex.count; componentes de nominal_query y corpus de source_snapshot. Coinciden ambos; resultado literal, no ausencia científica ni adjudicación de revisión."
"BN-337","9ba31ada10d85a5ecc4e2d5b655542a09ab98e1e2b9cce39e696c55bc7049f6d","REINSPECCION","2026-09-27T00:03:23Z","/root (autor; no revisión independiente)","C-2477","data/busquedas_negativas/15_9_15-9-multicelularidad-y-repertorio-preanimal.csv","data/tablas/12/table-54-12-10-1-repertorio-funcional-localizado.csv","8","otros holozoos unicelulares","identidad=«GPCR y otras señales»; campo=«otros holozoos unicelulares»; valor=«expansiones y pérdidas; detalle nominal NO LOCALIZADO»","0","447","eb65a6efc4b262af7edb4488ea907c29f7dba2c4e4f61fd76472b653aa547f93","8a33be0a189a42fe8a6c4b14ae5e36aa8df9da89aa312c045c6fd99de3c3f355","91b70d4fa98036b2ebac634c822e133cb4ed9780393b3446f9a0004b0a5c67a3","Comprobación por el autor de sum(all(component in text for component in componentes) for text in textos) con ExactCooccurrenceIndex.count; componentes de nominal_query y corpus de source_snapshot. Coinciden ambos; resultado literal, no ausencia científica ni adjudicación de revisión."
"BN-338","6b9528585f01974a233e2f8de94ef422ca678bbc653dcb8044399caf18a0421b","REINSPECCION","2026-09-27T00:03:24Z","/root (autor; no revisión independiente)","C-2478","data/busquedas_negativas/15_9_15-9-multicelularidad-y-repertorio-preanimal.csv","data/tablas/12/table-54-12-10-1-repertorio-funcional-localizado.csv","8","criterio de presencia/ausencia","identidad=«GPCR y otras señales»; campo=«criterio de presencia/ausencia»; valor=«homología de familias y clasificación de innovaciones»","0","447","eb65a6efc4b262af7edb4488ea907c29f7dba2c4e4f61fd76472b653aa547f93","8a33be0a189a42fe8a6c4b14ae5e36aa8df9da89aa312c045c6fd99de3c3f355","91b70d4fa98036b2ebac634c822e133cb4ed9780393b3446f9a0004b0a5c67a3","Comprobación por el autor de sum(all(component in text for component in componentes) for text in textos) con ExactCooccurrenceIndex.count; componentes de nominal_query y corpus de source_snapshot. Coinciden ambos; resultado literal, no ausencia científica ni adjudicación de revisión."
"BN-339","147339051063d3d1a43984dc8a79f3668d9056b5d37a8a46ccdb5d294c30846a","REINSPECCION","2026-09-27T00:03:24Z","/root (autor; no revisión independiente)","C-2479","data/busquedas_negativas/15_9_15-9-multicelularidad-y-repertorio-preanimal.csv","data/tablas/12/table-54-12-10-1-repertorio-funcional-localizado.csv","8","límite","identidad=«GPCR y otras señales»; campo=«límite»; valor=«historia mosaico; no hay matriz completa publicada en C-1582–C-1583»","0","447","eb65a6efc4b262af7edb4488ea907c29f7dba2c4e4f61fd76472b653aa547f93","8a33be0a189a42fe8a6c4b14ae5e36aa8df9da89aa312c045c6fd99de3c3f355","91b70d4fa98036b2ebac634c822e133cb4ed9780393b3446f9a0004b0a5c67a3","Comprobación por el autor de sum(all(component in text for component in componentes) for text in textos) con ExactCooccurrenceIndex.count; componentes de nominal_query y corpus de source_snapshot. Coinciden ambos; resultado literal, no ausencia científica ni adjudicación de revisión."
"BN-340","2b51ac1d441499ea62639d16092077961d566b0ade14aa967272ec965e67732b","REINSPECCION","2026-09-27T00:03:25Z","/root (autor; no revisión independiente)","C-2480","data/busquedas_negativas/15_9_15-9-multicelularidad-y-repertorio-preanimal.csv","data/tablas/12/table-54-12-10-1-repertorio-funcional-localizado.csv","9","Monosiga","identidad=«Brachyury/T-box»; campo=«Monosiga»; valor=«NO LOCALIZADO»","0","447","eb65a6efc4b262af7edb4488ea907c29f7dba2c4e4f61fd76472b653aa547f93","8a33be0a189a42fe8a6c4b14ae5e36aa8df9da89aa312c045c6fd99de3c3f355","91b70d4fa98036b2ebac634c822e133cb4ed9780393b3446f9a0004b0a5c67a3","Comprobación por el autor de sum(all(component in text for component in componentes) for text in textos) con ExactCooccurrenceIndex.count; componentes de nominal_query y corpus de source_snapshot. Coinciden ambos; resultado literal, no ausencia científica ni adjudicación de revisión."
"BN-341","1beea88fec8c1ace879940c6938d4cb55203f32e6f1e9a9d1f165802ea0373f1","REINSPECCION","2026-09-27T00:03:25Z","/root (autor; no revisión independiente)","C-2481","data/busquedas_negativas/15_9_15-9-multicelularidad-y-repertorio-preanimal.csv","data/tablas/12/table-54-12-10-1-repertorio-funcional-localizado.csv","9","Capsaspora","identidad=«Brachyury/T-box»; campo=«Capsaspora»; valor=«tres T-box; uno inicialmente asociado con Brachyury»","0","447","eb65a6efc4b262af7edb4488ea907c29f7dba2c4e4f61fd76472b653aa547f93","8a33be0a189a42fe8a6c4b14ae5e36aa8df9da89aa312c045c6fd99de3c3f355","91b70d4fa98036b2ebac634c822e133cb4ed9780393b3446f9a0004b0a5c67a3","Comprobación por el autor de sum(all(component in text for component in componentes) for text in textos) con ExactCooccurrenceIndex.count; componentes de nominal_query y corpus de source_snapshot. Coinciden ambos; resultado literal, no ausencia científica ni adjudicación de revisión."
"BN-342","43f928efee5dc3e0f988f90dae9b2d583e99bb361e4647393bf4592816978080","REINSPECCION","2026-09-27T00:03:25Z","/root (autor; no revisión independiente)","C-2482","data/busquedas_negativas/15_9_15-9-multicelularidad-y-repertorio-preanimal.csv","data/tablas/12/table-54-12-10-1-repertorio-funcional-localizado.csv","9","otros choanoflagelados","identidad=«Brachyury/T-box»; campo=«otros choanoflagelados»; valor=«NO LOCALIZADO por linaje»","0","447","eb65a6efc4b262af7edb4488ea907c29f7dba2c4e4f61fd76472b653aa547f93","8a33be0a189a42fe8a6c4b14ae5e36aa8df9da89aa312c045c6fd99de3c3f355","91b70d4fa98036b2ebac634c822e133cb4ed9780393b3446f9a0004b0a5c67a3","Comprobación por el autor de sum(all(component in text for component in componentes) for text in textos) con ExactCooccurrenceIndex.count; componentes de nominal_query y corpus de source_snapshot. Coinciden ambos; resultado literal, no ausencia científica ni adjudicación de revisión."
"BN-343","a38e73d4cd6ac27884b145f6bfe72fe71a2567410a022dd7e33c7e20c9cee053","REINSPECCION","2026-09-27T00:03:26Z","/root (autor; no revisión independiente)","C-2483","data/busquedas_negativas/15_9_15-9-multicelularidad-y-repertorio-preanimal.csv","data/tablas/12/table-54-12-10-1-repertorio-funcional-localizado.csv","9","otros holozoos unicelulares","identidad=«Brachyury/T-box»; campo=«otros holozoos unicelulares»; valor=«NO LOCALIZADO por linaje»","0","447","eb65a6efc4b262af7edb4488ea907c29f7dba2c4e4f61fd76472b653aa547f93","8a33be0a189a42fe8a6c4b14ae5e36aa8df9da89aa312c045c6fd99de3c3f355","91b70d4fa98036b2ebac634c822e133cb4ed9780393b3446f9a0004b0a5c67a3","Comprobación por el autor de sum(all(component in text for component in componentes) for text in textos) con ExactCooccurrenceIndex.count; componentes de nominal_query y corpus de source_snapshot. Coinciden ambos; resultado literal, no ausencia científica ni adjudicación de revisión."
"BN-344","25d93d5f7e322887f98fadcaf3c1c31964c8a4a6310b39b81dccbbed92fece4b","REINSPECCION","2026-09-27T00:03:26Z","/root (autor; no revisión independiente)","C-2484","data/busquedas_negativas/15_9_15-9-multicelularidad-y-repertorio-preanimal.csv","data/tablas/12/table-54-12-10-1-repertorio-funcional-localizado.csv","9","Metazoa","identidad=«Brachyury/T-box»; campo=«Metazoa»; valor=«presente»","0","447","eb65a6efc4b262af7edb4488ea907c29f7dba2c4e4f61fd76472b653aa547f93","8a33be0a189a42fe8a6c4b14ae5e36aa8df9da89aa312c045c6fd99de3c3f355","91b70d4fa98036b2ebac634c822e133cb4ed9780393b3446f9a0004b0a5c67a3","Comprobación por el autor de sum(all(component in text for component in componentes) for text in textos) con ExactCooccurrenceIndex.count; componentes de nominal_query y corpus de source_snapshot. Coinciden ambos; resultado literal, no ausencia científica ni adjudicación de revisión."
"BN-345","00a6468667fff777967f061f9c31752f52e8cb43e21c1097d61d0c84c9cd732b","REINSPECCION","2026-09-27T00:03:27Z","/root (autor; no revisión independiente)","C-2485","data/busquedas_negativas/15_9_15-9-multicelularidad-y-repertorio-preanimal.csv","data/tablas/12/table-54-12-10-1-repertorio-funcional-localizado.csv","9","límite","identidad=«Brachyury/T-box»; campo=«límite»; valor=«bootstrap inicial 50 %; uso celular ancestral no observado»","0","447","eb65a6efc4b262af7edb4488ea907c29f7dba2c4e4f61fd76472b653aa547f93","8a33be0a189a42fe8a6c4b14ae5e36aa8df9da89aa312c045c6fd99de3c3f355","91b70d4fa98036b2ebac634c822e133cb4ed9780393b3446f9a0004b0a5c67a3","Comprobación por el autor de sum(all(component in text for component in componentes) for text in textos) con ExactCooccurrenceIndex.count; componentes de nominal_query y corpus de source_snapshot. Coinciden ambos; resultado literal, no ausencia científica ni adjudicación de revisión."
"BN-346","0f87e6ecf77ead2c57706bb8cd3ed438cdf41c832be7f8099beb561a5427bad4","REINSPECCION","2026-09-27T00:03:28Z","/root (autor; no revisión independiente)","C-2486","data/busquedas_negativas/15_9_15-9-multicelularidad-y-repertorio-preanimal.csv","data/tablas/12/table-54-12-10-1-repertorio-funcional-localizado.csv","10","Monosiga","identidad=«Runx»; campo=«Monosiga»; valor=«NO LOCALIZADO»","0","447","eb65a6efc4b262af7edb4488ea907c29f7dba2c4e4f61fd76472b653aa547f93","8a33be0a189a42fe8a6c4b14ae5e36aa8df9da89aa312c045c6fd99de3c3f355","91b70d4fa98036b2ebac634c822e133cb4ed9780393b3446f9a0004b0a5c67a3","Comprobación por el autor de sum(all(component in text for component in componentes) for text in textos) con ExactCooccurrenceIndex.count; componentes de nominal_query y corpus de source_snapshot. Coinciden ambos; resultado literal, no ausencia científica ni adjudicación de revisión."
"BN-347","086654fb69d1befd9c1ea110df99bf1f15142190950a793a363b6f40a5eb1eeb","REINSPECCION","2026-09-27T00:03:28Z","/root (autor; no revisión independiente)","C-2487","data/busquedas_negativas/15_9_15-9-multicelularidad-y-repertorio-preanimal.csv","data/tablas/12/table-54-12-10-1-repertorio-funcional-localizado.csv","10","otros choanoflagelados","identidad=«Runx»; campo=«otros choanoflagelados»; valor=«NO LOCALIZADO por linaje»","0","447","eb65a6efc4b262af7edb4488ea907c29f7dba2c4e4f61fd76472b653aa547f93","8a33be0a189a42fe8a6c4b14ae5e36aa8df9da89aa312c045c6fd99de3c3f355","91b70d4fa98036b2ebac634c822e133cb4ed9780393b3446f9a0004b0a5c67a3","Comprobación por el autor de sum(all(component in text for component in componentes) for text in textos) con ExactCooccurrenceIndex.count; componentes de nominal_query y corpus de source_snapshot. Coinciden ambos; resultado literal, no ausencia científica ni adjudicación de revisión."
"BN-348","3a00f157e336f5e813c99ab17daacacbe4d8707a7ad5b38d0d8b40f4bb0c5f3d","REINSPECCION","2026-09-27T00:03:29Z","/root (autor; no revisión independiente)","C-2488","data/busquedas_negativas/15_9_15-9-multicelularidad-y-repertorio-preanimal.csv","data/tablas/12/table-54-12-10-1-repertorio-funcional-localizado.csv","10","otros holozoos unicelulares","identidad=«Runx»; campo=«otros holozoos unicelulares»; valor=«NO LOCALIZADO por linaje»","0","447","eb65a6efc4b262af7edb4488ea907c29f7dba2c4e4f61fd76472b653aa547f93","8a33be0a189a42fe8a6c4b14ae5e36aa8df9da89aa312c045c6fd99de3c3f355","91b70d4fa98036b2ebac634c822e133cb4ed9780393b3446f9a0004b0a5c67a3","Comprobación por el autor de sum(all(component in text for component in componentes) for text in textos) con ExactCooccurrenceIndex.count; componentes de nominal_query y corpus de source_snapshot. Coinciden ambos; resultado literal, no ausencia científica ni adjudicación de revisión."
"BN-350","9a62daa19870be1fa225542f441cf6ca96ec3b1391619ccdebaaaf348a9bc389","REINSPECCION","2026-09-27T00:03:31Z","/root (autor; no revisión independiente)","C-2490","data/busquedas_negativas/15_9_15-9-multicelularidad-y-repertorio-preanimal.csv","data/tablas/12/table-54-12-10-1-repertorio-funcional-localizado.csv","11","Monosiga","identidad=«p53/p63/p73»; campo=«Monosiga»; valor=«NO LOCALIZADO»","0","447","eb65a6efc4b262af7edb4488ea907c29f7dba2c4e4f61fd76472b653aa547f93","8a33be0a189a42fe8a6c4b14ae5e36aa8df9da89aa312c045c6fd99de3c3f355","91b70d4fa98036b2ebac634c822e133cb4ed9780393b3446f9a0004b0a5c67a3","Comprobación por el autor de sum(all(component in text for component in componentes) for text in textos) con ExactCooccurrenceIndex.count; componentes de nominal_query y corpus de source_snapshot. Coinciden ambos; resultado literal, no ausencia científica ni adjudicación de revisión."
"BN-351","19bca171143069437997fb29dcc2b1662bdc9427720bd70bbd26c042abeb0a1f","REINSPECCION","2026-09-27T00:03:31Z","/root (autor; no revisión independiente)","C-2491","data/busquedas_negativas/15_9_15-9-multicelularidad-y-repertorio-preanimal.csv","data/tablas/12/table-54-12-10-1-repertorio-funcional-localizado.csv","11","Capsaspora","identidad=«p53/p63/p73»; campo=«Capsaspora»; valor=«NO LOCALIZADO»","0","447","eb65a6efc4b262af7edb4488ea907c29f7dba2c4e4f61fd76472b653aa547f93","8a33be0a189a42fe8a6c4b14ae5e36aa8df9da89aa312c045c6fd99de3c3f355","91b70d4fa98036b2ebac634c822e133cb4ed9780393b3446f9a0004b0a5c67a3","Comprobación por el autor de sum(all(component in text for component in componentes) for text in textos) con ExactCooccurrenceIndex.count; componentes de nominal_query y corpus de source_snapshot. Coinciden ambos; resultado literal, no ausencia científica ni adjudicación de revisión."
"BN-352","6fcec415c06a2402f46ce2c5e79996b584d2b9c7bdd5b4bb2ac673a862aa8549","REINSPECCION","2026-09-27T00:03:32Z","/root (autor; no revisión independiente)","C-2492","data/busquedas_negativas/15_9_15-9-multicelularidad-y-repertorio-preanimal.csv","data/tablas/12/table-54-12-10-1-repertorio-funcional-localizado.csv","11","otros choanoflagelados","identidad=«p53/p63/p73»; campo=«otros choanoflagelados»; valor=«NO LOCALIZADO por linaje»","0","447","eb65a6efc4b262af7edb4488ea907c29f7dba2c4e4f61fd76472b653aa547f93","8a33be0a189a42fe8a6c4b14ae5e36aa8df9da89aa312c045c6fd99de3c3f355","91b70d4fa98036b2ebac634c822e133cb4ed9780393b3446f9a0004b0a5c67a3","Comprobación por el autor de sum(all(component in text for component in componentes) for text in textos) con ExactCooccurrenceIndex.count; componentes de nominal_query y corpus de source_snapshot. Coinciden ambos; resultado literal, no ausencia científica ni adjudicación de revisión."
"BN-353","417203aed69367f35fd1b512c921e13157abab63c7620e693f2a1cf5b556d27e","REINSPECCION","2026-09-27T00:03:32Z","/root (autor; no revisión independiente)","C-2493","data/busquedas_negativas/15_9_15-9-multicelularidad-y-repertorio-preanimal.csv","data/tablas/12/table-54-12-10-1-repertorio-funcional-localizado.csv","11","Metazoa","identidad=«p53/p63/p73»; campo=«Metazoa»; valor=«presente»","0","447","eb65a6efc4b262af7edb4488ea907c29f7dba2c4e4f61fd76472b653aa547f93","8a33be0a189a42fe8a6c4b14ae5e36aa8df9da89aa312c045c6fd99de3c3f355","91b70d4fa98036b2ebac634c822e133cb4ed9780393b3446f9a0004b0a5c67a3","Comprobación por el autor de sum(all(component in text for component in componentes) for text in textos) con ExactCooccurrenceIndex.count; componentes de nominal_query y corpus de source_snapshot. Coinciden ambos; resultado literal, no ausencia científica ni adjudicación de revisión."
"BN-354","92bd10a551631cca3ba279bbc63126e0c2340674a3e8c1b0660e30ea1bb554c6","REINSPECCION","2026-09-27T00:03:33Z","/root (autor; no revisión independiente)","C-2496","data/busquedas_negativas/15_9_15-9-multicelularidad-y-repertorio-preanimal.csv","data/tablas/12/table-54-12-10-1-repertorio-funcional-localizado.csv","12","otros choanoflagelados","identidad=«Myc–Max»; campo=«otros choanoflagelados»; valor=«NO LOCALIZADO por linaje»","0","447","eb65a6efc4b262af7edb4488ea907c29f7dba2c4e4f61fd76472b653aa547f93","8a33be0a189a42fe8a6c4b14ae5e36aa8df9da89aa312c045c6fd99de3c3f355","91b70d4fa98036b2ebac634c822e133cb4ed9780393b3446f9a0004b0a5c67a3","Comprobación por el autor de sum(all(component in text for component in componentes) for text in textos) con ExactCooccurrenceIndex.count; componentes de nominal_query y corpus de source_snapshot. Coinciden ambos; resultado literal, no ausencia científica ni adjudicación de revisión."
"BN-355","f5a7b65b240e613e6fc2510d4f658703ff2631ce30d7b0cd7a47946ef060821f","REINSPECCION","2026-09-27T00:03:34Z","/root (autor; no revisión independiente)","C-2497","data/busquedas_negativas/15_9_15-9-multicelularidad-y-repertorio-preanimal.csv","data/tablas/12/table-54-12-10-1-repertorio-funcional-localizado.csv","12","otros holozoos unicelulares","identidad=«Myc–Max»; campo=«otros holozoos unicelulares»; valor=«NO LOCALIZADO por linaje»","0","447","eb65a6efc4b262af7edb4488ea907c29f7dba2c4e4f61fd76472b653aa547f93","8a33be0a189a42fe8a6c4b14ae5e36aa8df9da89aa312c045c6fd99de3c3f355","91b70d4fa98036b2ebac634c822e133cb4ed9780393b3446f9a0004b0a5c67a3","Comprobación por el autor de sum(all(component in text for component in componentes) for text in textos) con ExactCooccurrenceIndex.count; componentes de nominal_query y corpus de source_snapshot. Coinciden ambos; resultado literal, no ausencia científica ni adjudicación de revisión."
"BN-356","ce166c4600b558f3a8c8da72ec37b2dd1d50464183913d41434b5abcf49783da","REINSPECCION","2026-09-27T00:03:35Z","/root (autor; no revisión independiente)","C-2498","data/busquedas_negativas/15_9_15-9-multicelularidad-y-repertorio-preanimal.csv","data/tablas/12/table-54-12-10-1-repertorio-funcional-localizado.csv","12","Metazoa","identidad=«Myc–Max»; campo=«Metazoa»; valor=«presente»","0","447","eb65a6efc4b262af7edb4488ea907c29f7dba2c4e4f61fd76472b653aa547f93","8a33be0a189a42fe8a6c4b14ae5e36aa8df9da89aa312c045c6fd99de3c3f355","91b70d4fa98036b2ebac634c822e133cb4ed9780393b3446f9a0004b0a5c67a3","Comprobación por el autor de sum(all(component in text for component in componentes) for text in textos) con ExactCooccurrenceIndex.count; componentes de nominal_query y corpus de source_snapshot. Coinciden ambos; resultado literal, no ausencia científica ni adjudicación de revisión."
"BN-357","7324a16e34f025000c58e23f958177987c462e8c7fd39f3c721c8375ced719aa","REINSPECCION","2026-09-27T00:03:35Z","/root (autor; no revisión independiente)","C-2499","data/busquedas_negativas/15_9_15-9-multicelularidad-y-repertorio-preanimal.csv","data/tablas/12/table-54-12-10-1-repertorio-funcional-localizado.csv","12","límite","identidad=«Myc–Max»; campo=«límite»; valor=«función bioquímica no ensayada nominalmente en cada linaje»","0","447","eb65a6efc4b262af7edb4488ea907c29f7dba2c4e4f61fd76472b653aa547f93","8a33be0a189a42fe8a6c4b14ae5e36aa8df9da89aa312c045c6fd99de3c3f355","91b70d4fa98036b2ebac634c822e133cb4ed9780393b3446f9a0004b0a5c67a3","Comprobación por el autor de sum(all(component in text for component in componentes) for text in textos) con ExactCooccurrenceIndex.count; componentes de nominal_query y corpus de source_snapshot. Coinciden ambos; resultado literal, no ausencia científica ni adjudicación de revisión."
"BN-358","f1037f1123978dd9fce71251450f4fe45174eca5abb1c27202d3b8eb51445b66","REINSPECCION","2026-09-27T00:03:36Z","/root (autor; no revisión independiente)","C-2500","data/busquedas_negativas/15_9_15-9-multicelularidad-y-repertorio-preanimal.csv","data/tablas/12/table-54-12-10-1-repertorio-funcional-localizado.csv","13","Monosiga","identidad=«homeodominios»; campo=«Monosiga»; valor=«NO LOCALIZADO por familia»","0","447","eb65a6efc4b262af7edb4488ea907c29f7dba2c4e4f61fd76472b653aa547f93","8a33be0a189a42fe8a6c4b14ae5e36aa8df9da89aa312c045c6fd99de3c3f355","91b70d4fa98036b2ebac634c822e133cb4ed9780393b3446f9a0004b0a5c67a3","Comprobación por el autor de sum(all(component in text for component in componentes) for text in textos) con ExactCooccurrenceIndex.count; componentes de nominal_query y corpus de source_snapshot. Coinciden ambos; resultado literal, no ausencia científica ni adjudicación de revisión."
"BN-359","578f8e0661ca5c693f63caf98c93b70e1bb16911fe63c70222b1658cf3f5bbad","REINSPECCION","2026-09-27T00:03:36Z","/root (autor; no revisión independiente)","C-2501","data/busquedas_negativas/15_9_15-9-multicelularidad-y-repertorio-preanimal.csv","data/tablas/12/table-54-12-10-1-repertorio-funcional-localizado.csv","13","Capsaspora","identidad=«homeodominios»; campo=«Capsaspora»; valor=«familias localizadas»","0","447","eb65a6efc4b262af7edb4488ea907c29f7dba2c4e4f61fd76472b653aa547f93","8a33be0a189a42fe8a6c4b14ae5e36aa8df9da89aa312c045c6fd99de3c3f355","91b70d4fa98036b2ebac634c822e133cb4ed9780393b3446f9a0004b0a5c67a3","Comprobación por el autor de sum(all(component in text for component in componentes) for text in textos) con ExactCooccurrenceIndex.count; componentes de nominal_query y corpus de source_snapshot. Coinciden ambos; resultado literal, no ausencia científica ni adjudicación de revisión."
"BN-360","041b2abb0edd13e7c55cc0fc37cadc745782e15cd3f8bffb68017b1ed34d8d06","REINSPECCION","2026-09-27T00:03:37Z","/root (autor; no revisión independiente)","C-2502","data/busquedas_negativas/15_9_15-9-multicelularidad-y-repertorio-preanimal.csv","data/tablas/12/table-54-12-10-1-repertorio-funcional-localizado.csv","13","otros choanoflagelados","identidad=«homeodominios»; campo=«otros choanoflagelados»; valor=«NO LOCALIZADO por linaje»","0","447","eb65a6efc4b262af7edb4488ea907c29f7dba2c4e4f61fd76472b653aa547f93","8a33be0a189a42fe8a6c4b14ae5e36aa8df9da89aa312c045c6fd99de3c3f355","91b70d4fa98036b2ebac634c822e133cb4ed9780393b3446f9a0004b0a5c67a3","Comprobación por el autor de sum(all(component in text for component in componentes) for text in textos) con ExactCooccurrenceIndex.count; componentes de nominal_query y corpus de source_snapshot. Coinciden ambos; resultado literal, no ausencia científica ni adjudicación de revisión."
"BN-361","1b2a34725c453c9ce9ccefba2b3f3b7c5bc0137b0f827e1715b97cc87e541df3","REINSPECCION","2026-09-27T00:03:37Z","/root (autor; no revisión independiente)","C-2503","data/busquedas_negativas/15_9_15-9-multicelularidad-y-repertorio-preanimal.csv","data/tablas/12/table-54-12-10-1-repertorio-funcional-localizado.csv","13","Metazoa","identidad=«homeodominios»; campo=«Metazoa»; valor=«presente»","0","447","eb65a6efc4b262af7edb4488ea907c29f7dba2c4e4f61fd76472b653aa547f93","8a33be0a189a42fe8a6c4b14ae5e36aa8df9da89aa312c045c6fd99de3c3f355","91b70d4fa98036b2ebac634c822e133cb4ed9780393b3446f9a0004b0a5c67a3","Comprobación por el autor de sum(all(component in text for component in componentes) for text in textos) con ExactCooccurrenceIndex.count; componentes de nominal_query y corpus de source_snapshot. Coinciden ambos; resultado literal, no ausencia científica ni adjudicación de revisión."
"BN-362","397cd40aca818c51d5446bfe8130626a68f32014b004baf5af0c7b009d107ca6","REINSPECCION","2026-09-27T00:03:38Z","/root (autor; no revisión independiente)","C-2504","data/busquedas_negativas/15_9_15-9-multicelularidad-y-repertorio-preanimal.csv","data/tablas/12/table-54-12-10-1-repertorio-funcional-localizado.csv","13","criterio de presencia/ausencia","identidad=«homeodominios»; campo=«criterio de presencia/ausencia»; valor=«homología y arquitectura de dominio»","0","447","eb65a6efc4b262af7edb4488ea907c29f7dba2c4e4f61fd76472b653aa547f93","8a33be0a189a42fe8a6c4b14ae5e36aa8df9da89aa312c045c6fd99de3c3f355","91b70d4fa98036b2ebac634c822e133cb4ed9780393b3446f9a0004b0a5c67a3","Comprobación por el autor de sum(all(component in text for component in componentes) for text in textos) con ExactCooccurrenceIndex.count; componentes de nominal_query y corpus de source_snapshot. Coinciden ambos; resultado literal, no ausencia científica ni adjudicación de revisión."
"BN-363","655ffed51c894950e0d32a5b5a8870dccbf2962177f4edb5b9409440c7ebcd7b","REINSPECCION","2026-09-27T00:03:38Z","/root (autor; no revisión independiente)","C-2505","data/busquedas_negativas/15_9_15-9-multicelularidad-y-repertorio-preanimal.csv","data/tablas/12/table-54-12-10-1-repertorio-funcional-localizado.csv","13","límite","identidad=«homeodominios»; campo=«límite»; valor=«función espacial no demostrada y distribuciones incompletas»","0","447","eb65a6efc4b262af7edb4488ea907c29f7dba2c4e4f61fd76472b653aa547f93","8a33be0a189a42fe8a6c4b14ae5e36aa8df9da89aa312c045c6fd99de3c3f355","91b70d4fa98036b2ebac634c822e133cb4ed9780393b3446f9a0004b0a5c67a3","Comprobación por el autor de sum(all(component in text for component in componentes) for text in textos) con ExactCooccurrenceIndex.count; componentes de nominal_query y corpus de source_snapshot. Coinciden ambos; resultado literal, no ausencia científica ni adjudicación de revisión."
"BN-364","b8bb6661c5ef43854fb7e1bc0d8a013b912a8bd482bf0c9093615dad363a25f4","REINSPECCION","2026-09-27T00:03:39Z","/root (autor; no revisión independiente)","C-2506","data/busquedas_negativas/15_8_15-8-nombres-y-nomenclatura.csv","data/tablas/14/table-56a-14-8-1-codigos-por-nodo.csv","2","ICZN","identidad=«Eukaryota»; campo=«ICZN»; valor=«no gobierna la circunscripción filogenética del nodo»","0","447","eb65a6efc4b262af7edb4488ea907c29f7dba2c4e4f61fd76472b653aa547f93","8a33be0a189a42fe8a6c4b14ae5e36aa8df9da89aa312c045c6fd99de3c3f355","91b70d4fa98036b2ebac634c822e133cb4ed9780393b3446f9a0004b0a5c67a3","Comprobación por el autor de sum(all(component in text for component in componentes) for text in textos) con ExactCooccurrenceIndex.count; componentes de nominal_query y corpus de source_snapshot. Coinciden ambos; resultado literal, no ausencia científica ni adjudicación de revisión."
"BN-365","b2c6c0d55d9e6b431b42c1eb90c16a058814b7ef6b7860c7da0083f09cb968a0","REINSPECCION","2026-09-27T00:03:39Z","/root (autor; no revisión independiente)","C-2507","data/busquedas_negativas/15_8_15-8-nombres-y-nomenclatura.csv","data/tablas/14/table-56a-14-8-1-codigos-por-nodo.csv","2","ICNP","identidad=«Eukaryota»; campo=«ICNP»; valor=«no aplica: código procariótico»","0","447","eb65a6efc4b262af7edb4488ea907c29f7dba2c4e4f61fd76472b653aa547f93","8a33be0a189a42fe8a6c4b14ae5e36aa8df9da89aa312c045c6fd99de3c3f355","91b70d4fa98036b2ebac634c822e133cb4ed9780393b3446f9a0004b0a5c67a3","Comprobación por el autor de sum(all(component in text for component in componentes) for text in textos) con ExactCooccurrenceIndex.count; componentes de nominal_query y corpus de source_snapshot. Coinciden ambos; resultado literal, no ausencia científica ni adjudicación de revisión."
"BN-366","31a0118c57c92543e045186aece965c1887979223806c1c8f578a34e9651ed7a","REINSPECCION","2026-09-27T00:03:41Z","/root (autor; no revisión independiente)","C-2508","data/busquedas_negativas/15_8_15-8-nombres-y-nomenclatura.csv","data/tablas/14/table-56a-14-8-1-codigos-por-nodo.csv","3","ICZN","identidad=«Amorphea»; campo=«ICZN»; valor=«no gobierna la circunscripción filogenética del nodo»","0","447","eb65a6efc4b262af7edb4488ea907c29f7dba2c4e4f61fd76472b653aa547f93","8a33be0a189a42fe8a6c4b14ae5e36aa8df9da89aa312c045c6fd99de3c3f355","91b70d4fa98036b2ebac634c822e133cb4ed9780393b3446f9a0004b0a5c67a3","Comprobación por el autor de sum(all(component in text for component in componentes) for text in textos) con ExactCooccurrenceIndex.count; componentes de nominal_query y corpus de source_snapshot. Coinciden ambos; resultado literal, no ausencia científica ni adjudicación de revisión."
"BN-367","dbe7cc36c2cdf5c7b53d1a0d134638417a052a84a027556925af3764f8a5fc11","REINSPECCION","2026-09-27T00:03:41Z","/root (autor; no revisión independiente)","C-2509","data/busquedas_negativas/15_8_15-8-nombres-y-nomenclatura.csv","data/tablas/14/table-56a-14-8-1-codigos-por-nodo.csv","3","ICN","identidad=«Amorphea»; campo=«ICN»; valor=«no gobierna la circunscripción filogenética del nodo»","0","447","eb65a6efc4b262af7edb4488ea907c29f7dba2c4e4f61fd76472b653aa547f93","8a33be0a189a42fe8a6c4b14ae5e36aa8df9da89aa312c045c6fd99de3c3f355","91b70d4fa98036b2ebac634c822e133cb4ed9780393b3446f9a0004b0a5c67a3","Comprobación por el autor de sum(all(component in text for component in componentes) for text in textos) con ExactCooccurrenceIndex.count; componentes de nominal_query y corpus de source_snapshot. Coinciden ambos; resultado literal, no ausencia científica ni adjudicación de revisión."
"BN-368","b8086bf46302fa5ff4409a6c1b9e2d8eed45c80eeb9a2b2bb009591f66b67d66","REINSPECCION","2026-09-27T00:03:42Z","/root (autor; no revisión independiente)","C-2510","data/busquedas_negativas/15_8_15-8-nombres-y-nomenclatura.csv","data/tablas/14/table-56a-14-8-1-codigos-por-nodo.csv","3","ICNP","identidad=«Amorphea»; campo=«ICNP»; valor=«no aplica»","0","447","eb65a6efc4b262af7edb4488ea907c29f7dba2c4e4f61fd76472b653aa547f93","8a33be0a189a42fe8a6c4b14ae5e36aa8df9da89aa312c045c6fd99de3c3f355","91b70d4fa98036b2ebac634c822e133cb4ed9780393b3446f9a0004b0a5c67a3","Comprobación por el autor de sum(all(component in text for component in componentes) for text in textos) con ExactCooccurrenceIndex.count; componentes de nominal_query y corpus de source_snapshot. Coinciden ambos; resultado literal, no ausencia científica ni adjudicación de revisión."
"BN-369","9eb470d798b1f3be2826c64b3e5ca67a7025b7245259fbb1efb8afec5fa24209","REINSPECCION","2026-09-27T00:03:43Z","/root (autor; no revisión independiente)","C-2511","data/busquedas_negativas/15_8_15-8-nombres-y-nomenclatura.csv","data/tablas/14/table-56a-14-8-1-codigos-por-nodo.csv","4","ICZN","identidad=«Amoebozoa»; campo=«ICZN»; valor=«puede regir nombres zoológicos de rango incluidos, no la circunscripción del clado»","0","447","eb65a6efc4b262af7edb4488ea907c29f7dba2c4e4f61fd76472b653aa547f93","8a33be0a189a42fe8a6c4b14ae5e36aa8df9da89aa312c045c6fd99de3c3f355","91b70d4fa98036b2ebac634c822e133cb4ed9780393b3446f9a0004b0a5c67a3","Comprobación por el autor de sum(all(component in text for component in componentes) for text in textos) con ExactCooccurrenceIndex.count; componentes de nominal_query y corpus de source_snapshot. Coinciden ambos; resultado literal, no ausencia científica ni adjudicación de revisión."
"BN-370","b44621b0ef6bcc16ec51e6c6646c8003f19c3a10e8503c9cfcbf2eb1bd14d406","REINSPECCION","2026-09-27T00:03:44Z","/root (autor; no revisión independiente)","C-2512","data/busquedas_negativas/15_8_15-8-nombres-y-nomenclatura.csv","data/tablas/14/table-56a-14-8-1-codigos-por-nodo.csv","4","ICN","identidad=«Amoebozoa»; campo=«ICN»; valor=«puede concurrir según historia del nombre, no fija el clado»","0","447","eb65a6efc4b262af7edb4488ea907c29f7dba2c4e4f61fd76472b653aa547f93","8a33be0a189a42fe8a6c4b14ae5e36aa8df9da89aa312c045c6fd99de3c3f355","91b70d4fa98036b2ebac634c822e133cb4ed9780393b3446f9a0004b0a5c67a3","Comprobación por el autor de sum(all(component in text for component in componentes) for text in textos) con ExactCooccurrenceIndex.count; componentes de nominal_query y corpus de source_snapshot. Coinciden ambos; resultado literal, no ausencia científica ni adjudicación de revisión."
"BN-371","40825d3c5ed851a47ddbdfcdde6d0d8f7a65a0eae96907a20dab0252c9b4d278","REINSPECCION","2026-09-27T00:03:45Z","/root (autor; no revisión independiente)","C-2513","data/busquedas_negativas/15_8_15-8-nombres-y-nomenclatura.csv","data/tablas/14/table-56a-14-8-1-codigos-por-nodo.csv","4","ICNP","identidad=«Amoebozoa»; campo=«ICNP»; valor=«no aplica»","0","447","eb65a6efc4b262af7edb4488ea907c29f7dba2c4e4f61fd76472b653aa547f93","8a33be0a189a42fe8a6c4b14ae5e36aa8df9da89aa312c045c6fd99de3c3f355","91b70d4fa98036b2ebac634c822e133cb4ed9780393b3446f9a0004b0a5c67a3","Comprobación por el autor de sum(all(component in text for component in componentes) for text in textos) con ExactCooccurrenceIndex.count; componentes de nominal_query y corpus de source_snapshot. Coinciden ambos; resultado literal, no ausencia científica ni adjudicación de revisión."
"BN-372","117297afeb2ad34e5ba944cb84ad2d0bf1b51c5d29c9282312961fda971ef6a2","REINSPECCION","2026-09-27T00:03:46Z","/root (autor; no revisión independiente)","C-2515","data/busquedas_negativas/15_8_15-8-nombres-y-nomenclatura.csv","data/tablas/14/table-56a-14-8-1-codigos-por-nodo.csv","4","definición filogenética publicada o uso","identidad=«Amoebozoa»; campo=«definición filogenética publicada o uso»; valor=«uso de circunscripción del corpus; definición PhyloCode NO LOCALIZADA EN ESTA SESIÓN»","0","447","eb65a6efc4b262af7edb4488ea907c29f7dba2c4e4f61fd76472b653aa547f93","8a33be0a189a42fe8a6c4b14ae5e36aa8df9da89aa312c045c6fd99de3c3f355","91b70d4fa98036b2ebac634c822e133cb4ed9780393b3446f9a0004b0a5c67a3","Comprobación por el autor de sum(all(component in text for component in componentes) for text in textos) con ExactCooccurrenceIndex.count; componentes de nominal_query y corpus de source_snapshot. Coinciden ambos; resultado literal, no ausencia científica ni adjudicación de revisión."
"BN-373","8a8be057ceca950451150494efeb9d64aeada20d81a4b92b651618e262061860","REINSPECCION","2026-09-27T00:03:48Z","/root (autor; no revisión independiente)","C-2516","data/busquedas_negativas/15_8_15-8-nombres-y-nomenclatura.csv","data/tablas/14/table-56a-14-8-1-codigos-por-nodo.csv","5","ICZN","identidad=«Obazoa»; campo=«ICZN»; valor=«no gobierna la circunscripción filogenética del nodo»","0","447","eb65a6efc4b262af7edb4488ea907c29f7dba2c4e4f61fd76472b653aa547f93","8a33be0a189a42fe8a6c4b14ae5e36aa8df9da89aa312c045c6fd99de3c3f355","91b70d4fa98036b2ebac634c822e133cb4ed9780393b3446f9a0004b0a5c67a3","Comprobación por el autor de sum(all(component in text for component in componentes) for text in textos) con ExactCooccurrenceIndex.count; componentes de nominal_query y corpus de source_snapshot. Coinciden ambos; resultado literal, no ausencia científica ni adjudicación de revisión."
"BN-374","9993fc1a3bdf5e0706cee2b2c9febd8b5bd7f84a3d4ce429c222910a0af2bc68","REINSPECCION","2026-09-27T00:03:49Z","/root (autor; no revisión independiente)","C-2517","data/busquedas_negativas/15_8_15-8-nombres-y-nomenclatura.csv","data/tablas/14/table-56a-14-8-1-codigos-por-nodo.csv","5","ICN","identidad=«Obazoa»; campo=«ICN»; valor=«no gobierna la circunscripción filogenética del nodo»","0","447","eb65a6efc4b262af7edb4488ea907c29f7dba2c4e4f61fd76472b653aa547f93","8a33be0a189a42fe8a6c4b14ae5e36aa8df9da89aa312c045c6fd99de3c3f355","91b70d4fa98036b2ebac634c822e133cb4ed9780393b3446f9a0004b0a5c67a3","Comprobación por el autor de sum(all(component in text for component in componentes) for text in textos) con ExactCooccurrenceIndex.count; componentes de nominal_query y corpus de source_snapshot. Coinciden ambos; resultado literal, no ausencia científica ni adjudicación de revisión."
"BN-375","7464ae701b9c4aad67a4df9bdc77d7f3b9083d96cc488efd4fa63b67b1fc752d","REINSPECCION","2026-09-27T00:03:49Z","/root (autor; no revisión independiente)","C-2518","data/busquedas_negativas/15_8_15-8-nombres-y-nomenclatura.csv","data/tablas/14/table-56a-14-8-1-codigos-por-nodo.csv","5","ICNP","identidad=«Obazoa»; campo=«ICNP»; valor=«no aplica»","0","447","eb65a6efc4b262af7edb4488ea907c29f7dba2c4e4f61fd76472b653aa547f93","8a33be0a189a42fe8a6c4b14ae5e36aa8df9da89aa312c045c6fd99de3c3f355","91b70d4fa98036b2ebac634c822e133cb4ed9780393b3446f9a0004b0a5c67a3","Comprobación por el autor de sum(all(component in text for component in componentes) for text in textos) con ExactCooccurrenceIndex.count; componentes de nominal_query y corpus de source_snapshot. Coinciden ambos; resultado literal, no ausencia científica ni adjudicación de revisión."
"BN-376","1f2930acc5dfac0adecbca0d779a18cd1dc8c38ab5cd15b4469d5c32251cfe55","REINSPECCION","2026-09-27T00:03:50Z","/root (autor; no revisión independiente)","C-2520","data/busquedas_negativas/15_8_15-8-nombres-y-nomenclatura.csv","data/tablas/14/table-56a-14-8-1-codigos-por-nodo.csv","5","definición filogenética publicada o uso","identidad=«Obazoa»; campo=«definición filogenética publicada o uso»; valor=«uso convencional/circunscripción filogenómica; no entrada formal localizada»","0","447","eb65a6efc4b262af7edb4488ea907c29f7dba2c4e4f61fd76472b653aa547f93","8a33be0a189a42fe8a6c4b14ae5e36aa8df9da89aa312c045c6fd99de3c3f355","91b70d4fa98036b2ebac634c822e133cb4ed9780393b3446f9a0004b0a5c67a3","Comprobación por el autor de sum(all(component in text for component in componentes) for text in textos) con ExactCooccurrenceIndex.count; componentes de nominal_query y corpus de source_snapshot. Coinciden ambos; resultado literal, no ausencia científica ni adjudicación de revisión."
"BN-377","955ca00710c29db596d120059f783771e8ee91493075a0d07731c7e720f18d86","REINSPECCION","2026-09-27T00:03:51Z","/root (autor; no revisión independiente)","C-2521","data/busquedas_negativas/15_8_15-8-nombres-y-nomenclatura.csv","data/tablas/14/table-56a-14-8-1-codigos-por-nodo.csv","6","ICNP","identidad=«Apusomonadida»; campo=«ICNP»; valor=«no aplica»","0","447","eb65a6efc4b262af7edb4488ea907c29f7dba2c4e4f61fd76472b653aa547f93","8a33be0a189a42fe8a6c4b14ae5e36aa8df9da89aa312c045c6fd99de3c3f355","91b70d4fa98036b2ebac634c822e133cb4ed9780393b3446f9a0004b0a5c67a3","Comprobación por el autor de sum(all(component in text for component in componentes) for text in textos) con ExactCooccurrenceIndex.count; componentes de nominal_query y corpus de source_snapshot. Coinciden ambos; resultado literal, no ausencia científica ni adjudicación de revisión."
"BN-378","4ab0d8fbd2146bba42d11b2e822da1b56bd811f2947e26aa6814910e8fa9b37a","REINSPECCION","2026-09-27T00:03:51Z","/root (autor; no revisión independiente)","C-2523","data/busquedas_negativas/15_8_15-8-nombres-y-nomenclatura.csv","data/tablas/14/table-56a-14-8-1-codigos-por-nodo.csv","6","definición filogenética publicada o uso","identidad=«Apusomonadida»; campo=«definición filogenética publicada o uso»; valor=«uso convencional; definición PhyloCode NO LOCALIZADA EN ESTA SESIÓN»","0","447","eb65a6efc4b262af7edb4488ea907c29f7dba2c4e4f61fd76472b653aa547f93","8a33be0a189a42fe8a6c4b14ae5e36aa8df9da89aa312c045c6fd99de3c3f355","91b70d4fa98036b2ebac634c822e133cb4ed9780393b3446f9a0004b0a5c67a3","Comprobación por el autor de sum(all(component in text for component in componentes) for text in textos) con ExactCooccurrenceIndex.count; componentes de nominal_query y corpus de source_snapshot. Coinciden ambos; resultado literal, no ausencia científica ni adjudicación de revisión."
"BN-379","4fab0f80ff0953de71c52f0f1000bedc571320a28496d8b7b0d5697a9e51425e","REINSPECCION","2026-09-27T00:03:52Z","/root (autor; no revisión independiente)","C-2524","data/busquedas_negativas/15_8_15-8-nombres-y-nomenclatura.csv","data/tablas/14/table-56a-14-8-1-codigos-por-nodo.csv","7","ICNP","identidad=«Breviatea»; campo=«ICNP»; valor=«no aplica»","0","447","eb65a6efc4b262af7edb4488ea907c29f7dba2c4e4f61fd76472b653aa547f93","8a33be0a189a42fe8a6c4b14ae5e36aa8df9da89aa312c045c6fd99de3c3f355","91b70d4fa98036b2ebac634c822e133cb4ed9780393b3446f9a0004b0a5c67a3","Comprobación por el autor de sum(all(component in text for component in componentes) for text in textos) con ExactCooccurrenceIndex.count; componentes de nominal_query y corpus de source_snapshot. Coinciden ambos; resultado literal, no ausencia científica ni adjudicación de revisión."
"BN-380","74b536039c93e9857add2a09d64a513123058d9fb5fc3aa89be0ef14aff05b9e","REINSPECCION","2026-09-27T00:03:53Z","/root (autor; no revisión independiente)","C-2526","data/busquedas_negativas/15_8_15-8-nombres-y-nomenclatura.csv","data/tablas/14/table-56a-14-8-1-codigos-por-nodo.csv","7","definición filogenética publicada o uso","identidad=«Breviatea»; campo=«definición filogenética publicada o uso»; valor=«uso convencional; definición PhyloCode NO LOCALIZADA EN ESTA SESIÓN»","0","447","eb65a6efc4b262af7edb4488ea907c29f7dba2c4e4f61fd76472b653aa547f93","8a33be0a189a42fe8a6c4b14ae5e36aa8df9da89aa312c045c6fd99de3c3f355","91b70d4fa98036b2ebac634c822e133cb4ed9780393b3446f9a0004b0a5c67a3","Comprobación por el autor de sum(all(component in text for component in componentes) for text in textos) con ExactCooccurrenceIndex.count; componentes de nominal_query y corpus de source_snapshot. Coinciden ambos; resultado literal, no ausencia científica ni adjudicación de revisión."
"BN-381","66163e2913c1dc68f1edff9b99c6a192e14854a7912e5249a59e86b2e4bd53ac","REINSPECCION","2026-09-27T00:03:54Z","/root (autor; no revisión independiente)","C-2527","data/busquedas_negativas/15_8_15-8-nombres-y-nomenclatura.csv","data/tablas/14/table-56a-14-8-1-codigos-por-nodo.csv","8","ICZN","identidad=«Opisthokonta»; campo=«ICZN»; valor=«no gobierna la circunscripción filogenética del nodo»","0","447","eb65a6efc4b262af7edb4488ea907c29f7dba2c4e4f61fd76472b653aa547f93","8a33be0a189a42fe8a6c4b14ae5e36aa8df9da89aa312c045c6fd99de3c3f355","91b70d4fa98036b2ebac634c822e133cb4ed9780393b3446f9a0004b0a5c67a3","Comprobación por el autor de sum(all(component in text for component in componentes) for text in textos) con ExactCooccurrenceIndex.count; componentes de nominal_query y corpus de source_snapshot. Coinciden ambos; resultado literal, no ausencia científica ni adjudicación de revisión."
"BN-382","e6bb069186d170538dabced9f7582426847343e45ad488ae13c49a7154d07806","REINSPECCION","2026-09-27T00:03:54Z","/root (autor; no revisión independiente)","C-2528","data/busquedas_negativas/15_8_15-8-nombres-y-nomenclatura.csv","data/tablas/14/table-56a-14-8-1-codigos-por-nodo.csv","8","ICN","identidad=«Opisthokonta»; campo=«ICN»; valor=«ICN e ICZN pueden regir nombres incluidos, no fijan el clado»","0","447","eb65a6efc4b262af7edb4488ea907c29f7dba2c4e4f61fd76472b653aa547f93","8a33be0a189a42fe8a6c4b14ae5e36aa8df9da89aa312c045c6fd99de3c3f355","91b70d4fa98036b2ebac634c822e133cb4ed9780393b3446f9a0004b0a5c67a3","Comprobación por el autor de sum(all(component in text for component in componentes) for text in textos) con ExactCooccurrenceIndex.count; componentes de nominal_query y corpus de source_snapshot. Coinciden ambos; resultado literal, no ausencia científica ni adjudicación de revisión."
"BN-383","ebada596e8e6bcad4cdbbdf4b95f2b1c076617e898baa4e65dda17586632c25f","REINSPECCION","2026-09-27T00:03:55Z","/root (autor; no revisión independiente)","C-2529","data/busquedas_negativas/15_8_15-8-nombres-y-nomenclatura.csv","data/tablas/14/table-56a-14-8-1-codigos-por-nodo.csv","8","ICNP","identidad=«Opisthokonta»; campo=«ICNP»; valor=«no aplica»","0","447","eb65a6efc4b262af7edb4488ea907c29f7dba2c4e4f61fd76472b653aa547f93","8a33be0a189a42fe8a6c4b14ae5e36aa8df9da89aa312c045c6fd99de3c3f355","91b70d4fa98036b2ebac634c822e133cb4ed9780393b3446f9a0004b0a5c67a3","Comprobación por el autor de sum(all(component in text for component in componentes) for text in textos) con ExactCooccurrenceIndex.count; componentes de nominal_query y corpus de source_snapshot. Coinciden ambos; resultado literal, no ausencia científica ni adjudicación de revisión."
"BN-384","84eb71a610915243a64d2b089169b25954ab08305c54a7ee97485c35b6dda06c","REINSPECCION","2026-09-27T00:03:55Z","/root (autor; no revisión independiente)","C-2530","data/busquedas_negativas/15_8_15-8-nombres-y-nomenclatura.csv","data/tablas/14/table-56a-14-8-1-codigos-por-nodo.csv","9","ICZN","identidad=«Holomycota»; campo=«ICZN»; valor=«no gobierna la circunscripción filogenética del nodo»","0","447","eb65a6efc4b262af7edb4488ea907c29f7dba2c4e4f61fd76472b653aa547f93","8a33be0a189a42fe8a6c4b14ae5e36aa8df9da89aa312c045c6fd99de3c3f355","91b70d4fa98036b2ebac634c822e133cb4ed9780393b3446f9a0004b0a5c67a3","Comprobación por el autor de sum(all(component in text for component in componentes) for text in textos) con ExactCooccurrenceIndex.count; componentes de nominal_query y corpus de source_snapshot. Coinciden ambos; resultado literal, no ausencia científica ni adjudicación de revisión."
"BN-385","78363bd37353a9af939b68ec9415fa8b2344345e9f3fb3bc60b90958b2ad1019","REINSPECCION","2026-09-27T00:03:56Z","/root (autor; no revisión independiente)","C-2531","data/busquedas_negativas/15_8_15-8-nombres-y-nomenclatura.csv","data/tablas/14/table-56a-14-8-1-codigos-por-nodo.csv","9","ICNP","identidad=«Holomycota»; campo=«ICNP»; valor=«no aplica»","0","447","eb65a6efc4b262af7edb4488ea907c29f7dba2c4e4f61fd76472b653aa547f93","8a33be0a189a42fe8a6c4b14ae5e36aa8df9da89aa312c045c6fd99de3c3f355","91b70d4fa98036b2ebac634c822e133cb4ed9780393b3446f9a0004b0a5c67a3","Comprobación por el autor de sum(all(component in text for component in componentes) for text in textos) con ExactCooccurrenceIndex.count; componentes de nominal_query y corpus de source_snapshot. Coinciden ambos; resultado literal, no ausencia científica ni adjudicación de revisión."
"BN-386","d3b361955585759ea24649317b8e04e6966a462c6253c8178377dc144e195f7e","REINSPECCION","2026-09-27T00:03:57Z","/root (autor; no revisión independiente)","C-2533","data/busquedas_negativas/15_8_15-8-nombres-y-nomenclatura.csv","data/tablas/14/table-56a-14-8-1-codigos-por-nodo.csv","9","definición filogenética publicada o uso","identidad=«Holomycota»; campo=«definición filogenética publicada o uso»; valor=«uso convencional; definición PhyloCode NO LOCALIZADA EN ESTA SESIÓN»","0","447","eb65a6efc4b262af7edb4488ea907c29f7dba2c4e4f61fd76472b653aa547f93","8a33be0a189a42fe8a6c4b14ae5e36aa8df9da89aa312c045c6fd99de3c3f355","91b70d4fa98036b2ebac634c822e133cb4ed9780393b3446f9a0004b0a5c67a3","Comprobación por el autor de sum(all(component in text for component in componentes) for text in textos) con ExactCooccurrenceIndex.count; componentes de nominal_query y corpus de source_snapshot. Coinciden ambos; resultado literal, no ausencia científica ni adjudicación de revisión."
"BN-387","307326238231a50c758d9ddccaa76b41830f0ddaf566358932ce3b4f316c70b0","REINSPECCION","2026-09-27T00:03:58Z","/root (autor; no revisión independiente)","C-2534","data/busquedas_negativas/15_8_15-8-nombres-y-nomenclatura.csv","data/tablas/14/table-56a-14-8-1-codigos-por-nodo.csv","10","ICZN","identidad=«Holozoa»; campo=«ICZN»; valor=«ICZN puede regir nombres zoológicos incluidos, no fija el clado»","0","447","eb65a6efc4b262af7edb4488ea907c29f7dba2c4e4f61fd76472b653aa547f93","8a33be0a189a42fe8a6c4b14ae5e36aa8df9da89aa312c045c6fd99de3c3f355","91b70d4fa98036b2ebac634c822e133cb4ed9780393b3446f9a0004b0a5c67a3","Comprobación por el autor de sum(all(component in text for component in componentes) for text in textos) con ExactCooccurrenceIndex.count; componentes de nominal_query y corpus de source_snapshot. Coinciden ambos; resultado literal, no ausencia científica ni adjudicación de revisión."
"BN-388","67b5e11c08dbaccc0a68bc449e02568c197f7760406b957ababc4c670d18476b","REINSPECCION","2026-09-27T00:03:59Z","/root (autor; no revisión independiente)","C-2535","data/busquedas_negativas/15_8_15-8-nombres-y-nomenclatura.csv","data/tablas/14/table-56a-14-8-1-codigos-por-nodo.csv","10","ICNP","identidad=«Holozoa»; campo=«ICNP»; valor=«no aplica»","0","447","eb65a6efc4b262af7edb4488ea907c29f7dba2c4e4f61fd76472b653aa547f93","8a33be0a189a42fe8a6c4b14ae5e36aa8df9da89aa312c045c6fd99de3c3f355","91b70d4fa98036b2ebac634c822e133cb4ed9780393b3446f9a0004b0a5c67a3","Comprobación por el autor de sum(all(component in text for component in componentes) for text in textos) con ExactCooccurrenceIndex.count; componentes de nominal_query y corpus de source_snapshot. Coinciden ambos; resultado literal, no ausencia científica ni adjudicación de revisión."
"BN-389","3a24a7aa4350e2e2859b99c5ee2df02a899aa1cfc3d766952fdd5ef9a5e2a189","REINSPECCION","2026-09-27T00:03:59Z","/root (autor; no revisión independiente)","C-2537","data/busquedas_negativas/15_8_15-8-nombres-y-nomenclatura.csv","data/tablas/14/table-56a-14-8-1-codigos-por-nodo.csv","10","definición filogenética publicada o uso","identidad=«Holozoa»; campo=«definición filogenética publicada o uso»; valor=«uso convencional/filogenómico; no entrada formal localizada»","0","447","eb65a6efc4b262af7edb4488ea907c29f7dba2c4e4f61fd76472b653aa547f93","8a33be0a189a42fe8a6c4b14ae5e36aa8df9da89aa312c045c6fd99de3c3f355","91b70d4fa98036b2ebac634c822e133cb4ed9780393b3446f9a0004b0a5c67a3","Comprobación por el autor de sum(all(component in text for component in componentes) for text in textos) con ExactCooccurrenceIndex.count; componentes de nominal_query y corpus de source_snapshot. Coinciden ambos; resultado literal, no ausencia científica ni adjudicación de revisión."
"BN-390","286588edfcbcf8f77e99921f2aaedce91ad1ac59c7b6be1c7ba15ebc7566701f","REINSPECCION","2026-09-27T00:04:00Z","/root (autor; no revisión independiente)","C-2538","data/busquedas_negativas/15_8_15-8-nombres-y-nomenclatura.csv","data/tablas/14/table-56a-14-8-1-codigos-por-nodo.csv","11","ICNP","identidad=«Ichthyosporea»; campo=«ICNP»; valor=«no aplica»","0","447","eb65a6efc4b262af7edb4488ea907c29f7dba2c4e4f61fd76472b653aa547f93","8a33be0a189a42fe8a6c4b14ae5e36aa8df9da89aa312c045c6fd99de3c3f355","91b70d4fa98036b2ebac634c822e133cb4ed9780393b3446f9a0004b0a5c67a3","Comprobación por el autor de sum(all(component in text for component in componentes) for text in textos) con ExactCooccurrenceIndex.count; componentes de nominal_query y corpus de source_snapshot. Coinciden ambos; resultado literal, no ausencia científica ni adjudicación de revisión."
"BN-391","bce9330c72a85083a1d766e1835884ab69491609bcff828491cf4e5c66af882b","REINSPECCION","2026-09-27T00:04:01Z","/root (autor; no revisión independiente)","C-2540","data/busquedas_negativas/15_8_15-8-nombres-y-nomenclatura.csv","data/tablas/14/table-56a-14-8-1-codigos-por-nodo.csv","11","definición filogenética publicada o uso","identidad=«Ichthyosporea»; campo=«definición filogenética publicada o uso»; valor=«uso convencional; definición PhyloCode NO LOCALIZADA EN ESTA SESIÓN»","0","447","eb65a6efc4b262af7edb4488ea907c29f7dba2c4e4f61fd76472b653aa547f93","8a33be0a189a42fe8a6c4b14ae5e36aa8df9da89aa312c045c6fd99de3c3f355","91b70d4fa98036b2ebac634c822e133cb4ed9780393b3446f9a0004b0a5c67a3","Comprobación por el autor de sum(all(component in text for component in componentes) for text in textos) con ExactCooccurrenceIndex.count; componentes de nominal_query y corpus de source_snapshot. Coinciden ambos; resultado literal, no ausencia científica ni adjudicación de revisión."
"BN-392","0a017fe25f846c48ae5f7cca36f0e58026fd226fb0e25a4dfd86d248fd5e3b0f","REINSPECCION","2026-09-27T00:04:02Z","/root (autor; no revisión independiente)","C-2541","data/busquedas_negativas/15_8_15-8-nombres-y-nomenclatura.csv","data/tablas/14/table-56a-14-8-1-codigos-por-nodo.csv","12","ICZN","identidad=«Pluriformea»; campo=«ICZN»; valor=«régimen de nombres de rango depende del nombre concreto»","0","447","eb65a6efc4b262af7edb4488ea907c29f7dba2c4e4f61fd76472b653aa547f93","8a33be0a189a42fe8a6c4b14ae5e36aa8df9da89aa312c045c6fd99de3c3f355","91b70d4fa98036b2ebac634c822e133cb4ed9780393b3446f9a0004b0a5c67a3","Comprobación por el autor de sum(all(component in text for component in componentes) for text in textos) con ExactCooccurrenceIndex.count; componentes de nominal_query y corpus de source_snapshot. Coinciden ambos; resultado literal, no ausencia científica ni adjudicación de revisión."
"BN-393","a686669ea27dd757ed3c8c690cc742657e8a8b103eebf997cafe6c4162f5b291","REINSPECCION","2026-09-27T00:04:02Z","/root (autor; no revisión independiente)","C-2542","data/busquedas_negativas/15_8_15-8-nombres-y-nomenclatura.csv","data/tablas/14/table-56a-14-8-1-codigos-por-nodo.csv","12","ICN","identidad=«Pluriformea»; campo=«ICN»; valor=«régimen de nombres de rango depende del nombre concreto»","0","447","eb65a6efc4b262af7edb4488ea907c29f7dba2c4e4f61fd76472b653aa547f93","8a33be0a189a42fe8a6c4b14ae5e36aa8df9da89aa312c045c6fd99de3c3f355","91b70d4fa98036b2ebac634c822e133cb4ed9780393b3446f9a0004b0a5c67a3","Comprobación por el autor de sum(all(component in text for component in componentes) for text in textos) con ExactCooccurrenceIndex.count; componentes de nominal_query y corpus de source_snapshot. Coinciden ambos; resultado literal, no ausencia científica ni adjudicación de revisión."
"BN-394","8a48557055542e103c22c0842992448a6b1d68b80f465bcc690c2ca080bc9fcf","REINSPECCION","2026-09-27T00:04:03Z","/root (autor; no revisión independiente)","C-2543","data/busquedas_negativas/15_8_15-8-nombres-y-nomenclatura.csv","data/tablas/14/table-56a-14-8-1-codigos-por-nodo.csv","12","ICNP","identidad=«Pluriformea»; campo=«ICNP»; valor=«no aplica»","0","447","eb65a6efc4b262af7edb4488ea907c29f7dba2c4e4f61fd76472b653aa547f93","8a33be0a189a42fe8a6c4b14ae5e36aa8df9da89aa312c045c6fd99de3c3f355","91b70d4fa98036b2ebac634c822e133cb4ed9780393b3446f9a0004b0a5c67a3","Comprobación por el autor de sum(all(component in text for component in componentes) for text in textos) con ExactCooccurrenceIndex.count; componentes de nominal_query y corpus de source_snapshot. Coinciden ambos; resultado literal, no ausencia científica ni adjudicación de revisión."
"BN-395","d59f3778f1858590a6f96906a42248e57ec964df3fcd63e61b3022d4326ec9be","REINSPECCION","2026-09-27T00:04:03Z","/root (autor; no revisión independiente)","C-2545","data/busquedas_negativas/15_8_15-8-nombres-y-nomenclatura.csv","data/tablas/14/table-56a-14-8-1-codigos-por-nodo.csv","12","definición filogenética publicada o uso","identidad=«Pluriformea»; campo=«definición filogenética publicada o uso»; valor=«uso de Hehenberger et al.; no entrada formal localizada»","0","447","eb65a6efc4b262af7edb4488ea907c29f7dba2c4e4f61fd76472b653aa547f93","8a33be0a189a42fe8a6c4b14ae5e36aa8df9da89aa312c045c6fd99de3c3f355","91b70d4fa98036b2ebac634c822e133cb4ed9780393b3446f9a0004b0a5c67a3","Comprobación por el autor de sum(all(component in text for component in componentes) for text in textos) con ExactCooccurrenceIndex.count; componentes de nominal_query y corpus de source_snapshot. Coinciden ambos; resultado literal, no ausencia científica ni adjudicación de revisión."
"BN-396","201cb9a5c43071782e117a02dc42fc49703589e1f0d7e4138df04a84d7c26a92","REINSPECCION","2026-09-27T00:04:04Z","/root (autor; no revisión independiente)","C-2546","data/busquedas_negativas/15_8_15-8-nombres-y-nomenclatura.csv","data/tablas/14/table-56a-14-8-1-codigos-por-nodo.csv","13","ICZN","identidad=«Corallochytrea»; campo=«ICZN»; valor=«régimen de nombres de rango depende del nombre concreto»","0","447","eb65a6efc4b262af7edb4488ea907c29f7dba2c4e4f61fd76472b653aa547f93","8a33be0a189a42fe8a6c4b14ae5e36aa8df9da89aa312c045c6fd99de3c3f355","91b70d4fa98036b2ebac634c822e133cb4ed9780393b3446f9a0004b0a5c67a3","Comprobación por el autor de sum(all(component in text for component in componentes) for text in textos) con ExactCooccurrenceIndex.count; componentes de nominal_query y corpus de source_snapshot. Coinciden ambos; resultado literal, no ausencia científica ni adjudicación de revisión."
"BN-397","e8ba09515270bbaeb35b2fd6a5de47ff1b65d0b9e66a284758cff2861cc1d9be","REINSPECCION","2026-09-27T00:04:04Z","/root (autor; no revisión independiente)","C-2547","data/busquedas_negativas/15_8_15-8-nombres-y-nomenclatura.csv","data/tablas/14/table-56a-14-8-1-codigos-por-nodo.csv","13","ICN","identidad=«Corallochytrea»; campo=«ICN»; valor=«régimen de nombres de rango depende del nombre concreto»","0","447","eb65a6efc4b262af7edb4488ea907c29f7dba2c4e4f61fd76472b653aa547f93","8a33be0a189a42fe8a6c4b14ae5e36aa8df9da89aa312c045c6fd99de3c3f355","91b70d4fa98036b2ebac634c822e133cb4ed9780393b3446f9a0004b0a5c67a3","Comprobación por el autor de sum(all(component in text for component in componentes) for text in textos) con ExactCooccurrenceIndex.count; componentes de nominal_query y corpus de source_snapshot. Coinciden ambos; resultado literal, no ausencia científica ni adjudicación de revisión."
"BN-398","101e7dcbc794109ccddcf188343b4d7177d4b85828397554e58403f0fd8c38ad","REINSPECCION","2026-09-27T00:04:05Z","/root (autor; no revisión independiente)","C-2548","data/busquedas_negativas/15_8_15-8-nombres-y-nomenclatura.csv","data/tablas/14/table-56a-14-8-1-codigos-por-nodo.csv","13","ICNP","identidad=«Corallochytrea»; campo=«ICNP»; valor=«no aplica»","0","447","eb65a6efc4b262af7edb4488ea907c29f7dba2c4e4f61fd76472b653aa547f93","8a33be0a189a42fe8a6c4b14ae5e36aa8df9da89aa312c045c6fd99de3c3f355","91b70d4fa98036b2ebac634c822e133cb4ed9780393b3446f9a0004b0a5c67a3","Comprobación por el autor de sum(all(component in text for component in componentes) for text in textos) con ExactCooccurrenceIndex.count; componentes de nominal_query y corpus de source_snapshot. Coinciden ambos; resultado literal, no ausencia científica ni adjudicación de revisión."
"BN-399","86faef5f316254689c1d26315b290ca7620ba898d573cde383d9c4510e673be4","REINSPECCION","2026-09-27T00:04:05Z","/root (autor; no revisión independiente)","C-2550","data/busquedas_negativas/15_8_15-8-nombres-y-nomenclatura.csv","data/tablas/14/table-56a-14-8-1-codigos-por-nodo.csv","13","definición filogenética publicada o uso","identidad=«Corallochytrea»; campo=«definición filogenética publicada o uso»; valor=«uso convencional; no entrada formal localizada»","0","447","eb65a6efc4b262af7edb4488ea907c29f7dba2c4e4f61fd76472b653aa547f93","8a33be0a189a42fe8a6c4b14ae5e36aa8df9da89aa312c045c6fd99de3c3f355","91b70d4fa98036b2ebac634c822e133cb4ed9780393b3446f9a0004b0a5c67a3","Comprobación por el autor de sum(all(component in text for component in componentes) for text in textos) con ExactCooccurrenceIndex.count; componentes de nominal_query y corpus de source_snapshot. Coinciden ambos; resultado literal, no ausencia científica ni adjudicación de revisión."
"BN-400","27ebffa2a675824b45fc7f1f9170faafceb1577466a634dac172dc6c80b8d47b","REINSPECCION","2026-09-27T00:04:07Z","/root (autor; no revisión independiente)","C-2551","data/busquedas_negativas/15_8_15-8-nombres-y-nomenclatura.csv","data/tablas/14/table-56a-14-8-1-codigos-por-nodo.csv","14","ICNP","identidad=«Filasterea»; campo=«ICNP»; valor=«no aplica»","0","447","eb65a6efc4b262af7edb4488ea907c29f7dba2c4e4f61fd76472b653aa547f93","8a33be0a189a42fe8a6c4b14ae5e36aa8df9da89aa312c045c6fd99de3c3f355","91b70d4fa98036b2ebac634c822e133cb4ed9780393b3446f9a0004b0a5c67a3","Comprobación por el autor de sum(all(component in text for component in componentes) for text in textos) con ExactCooccurrenceIndex.count; componentes de nominal_query y corpus de source_snapshot. Coinciden ambos; resultado literal, no ausencia científica ni adjudicación de revisión."
"BN-401","5e27268d84659e9d6a5e424c642737919bd37faff9a06ee4f44673ca561c0af7","REINSPECCION","2026-09-27T00:04:07Z","/root (autor; no revisión independiente)","C-2553","data/busquedas_negativas/15_8_15-8-nombres-y-nomenclatura.csv","data/tablas/14/table-56a-14-8-1-codigos-por-nodo.csv","14","definición filogenética publicada o uso","identidad=«Filasterea»; campo=«definición filogenética publicada o uso»; valor=«uso convencional; definición PhyloCode NO LOCALIZADA EN ESTA SESIÓN»","0","447","eb65a6efc4b262af7edb4488ea907c29f7dba2c4e4f61fd76472b653aa547f93","8a33be0a189a42fe8a6c4b14ae5e36aa8df9da89aa312c045c6fd99de3c3f355","91b70d4fa98036b2ebac634c822e133cb4ed9780393b3446f9a0004b0a5c67a3","Comprobación por el autor de sum(all(component in text for component in componentes) for text in textos) con ExactCooccurrenceIndex.count; componentes de nominal_query y corpus de source_snapshot. Coinciden ambos; resultado literal, no ausencia científica ni adjudicación de revisión."
"BN-402","7df277432cc35d96cb2f8ae8bf24eb9ecc72baa3a623e9e9b71e6a25814ffa2c","REINSPECCION","2026-09-27T00:04:09Z","/root (autor; no revisión independiente)","C-2554","data/busquedas_negativas/15_8_15-8-nombres-y-nomenclatura.csv","data/tablas/14/table-56a-14-8-1-codigos-por-nodo.csv","15","ICZN","identidad=«Filozoa»; campo=«ICZN»; valor=«ICZN puede regir nombres zoológicos incluidos, no fija el clado»","0","447","eb65a6efc4b262af7edb4488ea907c29f7dba2c4e4f61fd76472b653aa547f93","8a33be0a189a42fe8a6c4b14ae5e36aa8df9da89aa312c045c6fd99de3c3f355","91b70d4fa98036b2ebac634c822e133cb4ed9780393b3446f9a0004b0a5c67a3","Comprobación por el autor de sum(all(component in text for component in componentes) for text in textos) con ExactCooccurrenceIndex.count; componentes de nominal_query y corpus de source_snapshot. Coinciden ambos; resultado literal, no ausencia científica ni adjudicación de revisión."
"BN-403","d36b1e9b7ec4554bca6822851a8afa5a0450e76ea0f332f7418392f0f8a60629","REINSPECCION","2026-09-27T00:04:11Z","/root (autor; no revisión independiente)","C-2555","data/busquedas_negativas/15_8_15-8-nombres-y-nomenclatura.csv","data/tablas/14/table-56a-14-8-1-codigos-por-nodo.csv","15","ICNP","identidad=«Filozoa»; campo=«ICNP»; valor=«no aplica»","0","447","eb65a6efc4b262af7edb4488ea907c29f7dba2c4e4f61fd76472b653aa547f93","8a33be0a189a42fe8a6c4b14ae5e36aa8df9da89aa312c045c6fd99de3c3f355","91b70d4fa98036b2ebac634c822e133cb4ed9780393b3446f9a0004b0a5c67a3","Comprobación por el autor de sum(all(component in text for component in componentes) for text in textos) con ExactCooccurrenceIndex.count; componentes de nominal_query y corpus de source_snapshot. Coinciden ambos; resultado literal, no ausencia científica ni adjudicación de revisión."
"BN-404","faf71376bbcf78d08b91cdd6f29163d86cfe4310fe29ddc6fcc952c6832b536a","REINSPECCION","2026-09-27T00:04:12Z","/root (autor; no revisión independiente)","C-2557","data/busquedas_negativas/15_8_15-8-nombres-y-nomenclatura.csv","data/tablas/14/table-56a-14-8-1-codigos-por-nodo.csv","15","definición filogenética publicada o uso","identidad=«Filozoa»; campo=«definición filogenética publicada o uso»; valor=«uso convencional/filogenómico; no entrada formal localizada»","0","447","eb65a6efc4b262af7edb4488ea907c29f7dba2c4e4f61fd76472b653aa547f93","8a33be0a189a42fe8a6c4b14ae5e36aa8df9da89aa312c045c6fd99de3c3f355","91b70d4fa98036b2ebac634c822e133cb4ed9780393b3446f9a0004b0a5c67a3","Comprobación por el autor de sum(all(component in text for component in componentes) for text in textos) con ExactCooccurrenceIndex.count; componentes de nominal_query y corpus de source_snapshot. Coinciden ambos; resultado literal, no ausencia científica ni adjudicación de revisión."
"BN-405","bfa56dbad26a9237b915dd51398ce09d31c8b95de22ecf857a248219c4375de8","REINSPECCION","2026-09-27T00:04:14Z","/root (autor; no revisión independiente)","C-2558","data/busquedas_negativas/15_8_15-8-nombres-y-nomenclatura.csv","data/tablas/14/table-56a-14-8-1-codigos-por-nodo.csv","16","ICZN","identidad=«Choanozoa sensu stricto»; campo=«ICZN»; valor=«ICZN puede regir nombres zoológicos incluidos, no fija el clado»","0","447","eb65a6efc4b262af7edb4488ea907c29f7dba2c4e4f61fd76472b653aa547f93","8a33be0a189a42fe8a6c4b14ae5e36aa8df9da89aa312c045c6fd99de3c3f355","91b70d4fa98036b2ebac634c822e133cb4ed9780393b3446f9a0004b0a5c67a3","Comprobación por el autor de sum(all(component in text for component in componentes) for text in textos) con ExactCooccurrenceIndex.count; componentes de nominal_query y corpus de source_snapshot. Coinciden ambos; resultado literal, no ausencia científica ni adjudicación de revisión."
"BN-406","fd17983b633d5f1a4d4d1e59273c5a8e8ab1cbaef46a06c1c8af583c0effc743","REINSPECCION","2026-09-27T00:04:14Z","/root (autor; no revisión independiente)","C-2559","data/busquedas_negativas/15_8_15-8-nombres-y-nomenclatura.csv","data/tablas/14/table-56a-14-8-1-codigos-por-nodo.csv","16","ICNP","identidad=«Choanozoa sensu stricto»; campo=«ICNP»; valor=«no aplica»","0","447","eb65a6efc4b262af7edb4488ea907c29f7dba2c4e4f61fd76472b653aa547f93","8a33be0a189a42fe8a6c4b14ae5e36aa8df9da89aa312c045c6fd99de3c3f355","91b70d4fa98036b2ebac634c822e133cb4ed9780393b3446f9a0004b0a5c67a3","Comprobación por el autor de sum(all(component in text for component in componentes) for text in textos) con ExactCooccurrenceIndex.count; componentes de nominal_query y corpus de source_snapshot. Coinciden ambos; resultado literal, no ausencia científica ni adjudicación de revisión."
"BN-407","fbe694ad83e7b4db509806acf96f795635fbabd3c85ae2e7807f3ddbf9370f33","REINSPECCION","2026-09-27T00:04:15Z","/root (autor; no revisión independiente)","C-2561","data/busquedas_negativas/15_8_15-8-nombres-y-nomenclatura.csv","data/tablas/14/table-56a-14-8-1-codigos-por-nodo.csv","16","definición filogenética publicada o uso","identidad=«Choanozoa sensu stricto»; campo=«definición filogenética publicada o uso»; valor=«uso convencional con equivalencia dependiente de definición»","0","447","eb65a6efc4b262af7edb4488ea907c29f7dba2c4e4f61fd76472b653aa547f93","8a33be0a189a42fe8a6c4b14ae5e36aa8df9da89aa312c045c6fd99de3c3f355","91b70d4fa98036b2ebac634c822e133cb4ed9780393b3446f9a0004b0a5c67a3","Comprobación por el autor de sum(all(component in text for component in componentes) for text in textos) con ExactCooccurrenceIndex.count; componentes de nominal_query y corpus de source_snapshot. Coinciden ambos; resultado literal, no ausencia científica ni adjudicación de revisión."
"BN-408","dd6c55c8e822b14946af7d1f6d7f7a69aefc2ffcc7c1636fca598b38cb767747","REINSPECCION","2026-09-27T00:04:17Z","/root (autor; no revisión independiente)","C-2562","data/busquedas_negativas/15_8_15-8-nombres-y-nomenclatura.csv","data/tablas/14/table-56a-14-8-1-codigos-por-nodo.csv","17","ICZN","identidad=«Choanoflagellata»; campo=«ICZN»; valor=«ICZN puede regir nombres de rango zoológicos según tratamiento concreto»","0","447","eb65a6efc4b262af7edb4488ea907c29f7dba2c4e4f61fd76472b653aa547f93","8a33be0a189a42fe8a6c4b14ae5e36aa8df9da89aa312c045c6fd99de3c3f355","91b70d4fa98036b2ebac634c822e133cb4ed9780393b3446f9a0004b0a5c67a3","Comprobación por el autor de sum(all(component in text for component in componentes) for text in textos) con ExactCooccurrenceIndex.count; componentes de nominal_query y corpus de source_snapshot. Coinciden ambos; resultado literal, no ausencia científica ni adjudicación de revisión."
"BN-409","94b2c70796bde0fbc78a44d9413c6b4d04457fc51d69586dce4c52cee9db97a6","REINSPECCION","2026-09-27T00:04:17Z","/root (autor; no revisión independiente)","C-2563","data/busquedas_negativas/15_8_15-8-nombres-y-nomenclatura.csv","data/tablas/14/table-56a-14-8-1-codigos-por-nodo.csv","17","ICN","identidad=«Choanoflagellata»; campo=«ICN»; valor=«ICN puede concurrir por historia del nombre»","0","447","eb65a6efc4b262af7edb4488ea907c29f7dba2c4e4f61fd76472b653aa547f93","8a33be0a189a42fe8a6c4b14ae5e36aa8df9da89aa312c045c6fd99de3c3f355","91b70d4fa98036b2ebac634c822e133cb4ed9780393b3446f9a0004b0a5c67a3","Comprobación por el autor de sum(all(component in text for component in componentes) for text in textos) con ExactCooccurrenceIndex.count; componentes de nominal_query y corpus de source_snapshot. Coinciden ambos; resultado literal, no ausencia científica ni adjudicación de revisión."
"BN-410","55757be13985e10126df2b7d6ac74feec04e59a4205d22b63c6664c73af4935b","REINSPECCION","2026-09-27T00:04:18Z","/root (autor; no revisión independiente)","C-2564","data/busquedas_negativas/15_8_15-8-nombres-y-nomenclatura.csv","data/tablas/14/table-56a-14-8-1-codigos-por-nodo.csv","17","ICNP","identidad=«Choanoflagellata»; campo=«ICNP»; valor=«no aplica»","0","447","eb65a6efc4b262af7edb4488ea907c29f7dba2c4e4f61fd76472b653aa547f93","8a33be0a189a42fe8a6c4b14ae5e36aa8df9da89aa312c045c6fd99de3c3f355","91b70d4fa98036b2ebac634c822e133cb4ed9780393b3446f9a0004b0a5c67a3","Comprobación por el autor de sum(all(component in text for component in componentes) for text in textos) con ExactCooccurrenceIndex.count; componentes de nominal_query y corpus de source_snapshot. Coinciden ambos; resultado literal, no ausencia científica ni adjudicación de revisión."
"BN-411","aaa9e50dd0aa367e929c061607aa1cc0bfdfd291b32a11a1502c027f5176d4cb","REINSPECCION","2026-09-27T00:04:19Z","/root (autor; no revisión independiente)","C-2566","data/busquedas_negativas/15_8_15-8-nombres-y-nomenclatura.csv","data/tablas/14/table-56a-14-8-1-codigos-por-nodo.csv","17","definición filogenética publicada o uso","identidad=«Choanoflagellata»; campo=«definición filogenética publicada o uso»; valor=«uso convencional; régimen ambiregnal depende del nombre»","0","447","eb65a6efc4b262af7edb4488ea907c29f7dba2c4e4f61fd76472b653aa547f93","8a33be0a189a42fe8a6c4b14ae5e36aa8df9da89aa312c045c6fd99de3c3f355","91b70d4fa98036b2ebac634c822e133cb4ed9780393b3446f9a0004b0a5c67a3","Comprobación por el autor de sum(all(component in text for component in componentes) for text in textos) con ExactCooccurrenceIndex.count; componentes de nominal_query y corpus de source_snapshot. Coinciden ambos; resultado literal, no ausencia científica ni adjudicación de revisión."
"BN-412","3f34a9b48c70fe4d143bc2c5227394423b5536da46acb22b3972a0b3a3d4482c","REINSPECCION","2026-09-27T00:04:20Z","/root (autor; no revisión independiente)","C-2567","data/busquedas_negativas/15_8_15-8-nombres-y-nomenclatura.csv","data/tablas/14/table-56a-14-8-1-codigos-por-nodo.csv","18","ICN","identidad=«Metazoa»; campo=«ICN»; valor=«no aplica a la nomenclatura zoológica del grupo»","0","447","eb65a6efc4b262af7edb4488ea907c29f7dba2c4e4f61fd76472b653aa547f93","8a33be0a189a42fe8a6c4b14ae5e36aa8df9da89aa312c045c6fd99de3c3f355","91b70d4fa98036b2ebac634c822e133cb4ed9780393b3446f9a0004b0a5c67a3","Comprobación por el autor de sum(all(component in text for component in componentes) for text in textos) con ExactCooccurrenceIndex.count; componentes de nominal_query y corpus de source_snapshot. Coinciden ambos; resultado literal, no ausencia científica ni adjudicación de revisión."
"BN-413","85765cd2d07fb4b67c2e2d5a1aa16e2120804f54d7fd927f6a75b7845b76c837","REINSPECCION","2026-09-27T00:04:21Z","/root (autor; no revisión independiente)","C-2568","data/busquedas_negativas/15_8_15-8-nombres-y-nomenclatura.csv","data/tablas/14/table-56a-14-8-1-codigos-por-nodo.csv","18","ICNP","identidad=«Metazoa»; campo=«ICNP»; valor=«no aplica»","0","447","eb65a6efc4b262af7edb4488ea907c29f7dba2c4e4f61fd76472b653aa547f93","8a33be0a189a42fe8a6c4b14ae5e36aa8df9da89aa312c045c6fd99de3c3f355","91b70d4fa98036b2ebac634c822e133cb4ed9780393b3446f9a0004b0a5c67a3","Comprobación por el autor de sum(all(component in text for component in componentes) for text in textos) con ExactCooccurrenceIndex.count; componentes de nominal_query y corpus de source_snapshot. Coinciden ambos; resultado literal, no ausencia científica ni adjudicación de revisión."
"BN-414","ccfb9f3ce544ac6788fb1bba726e9ab2c2399b56bae541019ba556900172dbfe","REINSPECCION","2026-09-27T00:04:22Z","/root (autor; no revisión independiente)","C-2569","data/busquedas_negativas/15_8_15-8-nombres-y-nomenclatura.csv","data/tablas/14/table-56a-14-8-1-codigos-por-nodo.csv","18","PhyloCode/RegNum","identidad=«Metazoa»; campo=«PhyloCode/RegNum»; valor=«PhyloCode puede aplicarse a nombres de clados; entrada no censada aquí»","0","447","eb65a6efc4b262af7edb4488ea907c29f7dba2c4e4f61fd76472b653aa547f93","8a33be0a189a42fe8a6c4b14ae5e36aa8df9da89aa312c045c6fd99de3c3f355","91b70d4fa98036b2ebac634c822e133cb4ed9780393b3446f9a0004b0a5c67a3","Comprobación por el autor de sum(all(component in text for component in componentes) for text in textos) con ExactCooccurrenceIndex.count; componentes de nominal_query y corpus de source_snapshot. Coinciden ambos; resultado literal, no ausencia científica ni adjudicación de revisión."
"BN-415","62087a0a1d88f285a09300deb3fd85bcd2c36b92d69e7ba24dfd7519e84641a2","REINSPECCION","2026-09-27T00:04:23Z","/root (autor; no revisión independiente)","C-2572","data/busquedas_negativas/15_1_15-1-punto-de-partida-y-participantes-celulares.csv","data/tablas/02/table-01-2-1-2-por-que-el-modelo-cambia-el-arbol.csv","2","matriz","identidad=«Woese et al. 1990»; campo=«matriz»; valor=«no consta en las afirmaciones recuperadas [BN-115]»","0","447","eb65a6efc4b262af7edb4488ea907c29f7dba2c4e4f61fd76472b653aa547f93","8a33be0a189a42fe8a6c4b14ae5e36aa8df9da89aa312c045c6fd99de3c3f355","91b70d4fa98036b2ebac634c822e133cb4ed9780393b3446f9a0004b0a5c67a3","Comprobación por el autor de sum(all(component in text for component in componentes) for text in textos) con ExactCooccurrenceIndex.count; componentes de nominal_query y corpus de source_snapshot. Coinciden ambos; resultado literal, no ausencia científica ni adjudicación de revisión."
"BN-416","3e226b6a9a810afd03b1ced419f4f65314ac0975b32596baec9099b438888c12","REINSPECCION","2026-09-27T00:04:24Z","/root (autor; no revisión independiente)","C-2573","data/busquedas_negativas/15_1_15-1-punto-de-partida-y-participantes-celulares.csv","data/tablas/02/table-01-2-1-2-por-que-el-modelo-cambia-el-arbol.csv","2","muestreo taxonómico","identidad=«Woese et al. 1990»; campo=«muestreo taxonómico»; valor=«no consta en las afirmaciones recuperadas [BN-115]»","0","447","eb65a6efc4b262af7edb4488ea907c29f7dba2c4e4f61fd76472b653aa547f93","8a33be0a189a42fe8a6c4b14ae5e36aa8df9da89aa312c045c6fd99de3c3f355","91b70d4fa98036b2ebac634c822e133cb4ed9780393b3446f9a0004b0a5c67a3","Comprobación por el autor de sum(all(component in text for component in componentes) for text in textos) con ExactCooccurrenceIndex.count; componentes de nominal_query y corpus de source_snapshot. Coinciden ambos; resultado literal, no ausencia científica ni adjudicación de revisión."
"BN-417","624eccde273058e27537788f18d838f4601f18ed65a7db5e0d0f43334d386504","REINSPECCION","2026-09-27T00:04:24Z","/root (autor; no revisión independiente)","C-2575","data/busquedas_negativas/15_1_15-1-punto-de-partida-y-participantes-celulares.csv","data/tablas/02/table-01-2-1-2-por-que-el-modelo-cambia-el-arbol.csv","2","modelo","identidad=«Woese et al. 1990»; campo=«modelo»; valor=«no consta en la fuente localizada [BN-115]»","0","447","eb65a6efc4b262af7edb4488ea907c29f7dba2c4e4f61fd76472b653aa547f93","8a33be0a189a42fe8a6c4b14ae5e36aa8df9da89aa312c045c6fd99de3c3f355","91b70d4fa98036b2ebac634c822e133cb4ed9780393b3446f9a0004b0a5c67a3","Comprobación por el autor de sum(all(component in text for component in componentes) for text in textos) con ExactCooccurrenceIndex.count; componentes de nominal_query y corpus de source_snapshot. Coinciden ambos; resultado literal, no ausencia científica ni adjudicación de revisión."
"BN-418","0aad2d54a28fdd6415d8baa2a6db91d24556f58fba0fede6d37f7205756b7aa8","REINSPECCION","2026-09-27T00:04:24Z","/root (autor; no revisión independiente)","C-2577","data/busquedas_negativas/15_1_15-1-punto-de-partida-y-participantes-celulares.csv","data/tablas/02/table-01-2-1-2-por-que-el-modelo-cambia-el-arbol.csv","2","límite o campo no publicado/localizado","identidad=«Woese et al. 1990»; campo=«límite o campo no publicado/localizado»; valor=«Resultado histórico sin matriz, muestreo, modelo o soporte cuantitativo recuperados; no se equipara a una filogenómica posterior.»","0","447","eb65a6efc4b262af7edb4488ea907c29f7dba2c4e4f61fd76472b653aa547f93","8a33be0a189a42fe8a6c4b14ae5e36aa8df9da89aa312c045c6fd99de3c3f355","91b70d4fa98036b2ebac634c822e133cb4ed9780393b3446f9a0004b0a5c67a3","Comprobación por el autor de sum(all(component in text for component in componentes) for text in textos) con ExactCooccurrenceIndex.count; componentes de nominal_query y corpus de source_snapshot. Coinciden ambos; resultado literal, no ausencia científica ni adjudicación de revisión."
"BN-419","95be5b2afd7dd6c770bb608847bf96731b572ddb1749debd5149a5f241c5c5df","REINSPECCION","2026-09-27T00:04:26Z","/root (autor; no revisión independiente)","C-2578","data/busquedas_negativas/15_1_15-1-punto-de-partida-y-participantes-celulares.csv","data/tablas/02/table-01-2-1-2-por-que-el-modelo-cambia-el-arbol.csv","3","muestreo taxonómico","identidad=«Lake et al. 1984»; campo=«muestreo taxonómico»; valor=«eocitos termoacidófilos examinados; desglose nominal no consta en las afirmaciones recuperadas [BN-115]»","0","447","eb65a6efc4b262af7edb4488ea907c29f7dba2c4e4f61fd76472b653aa547f93","8a33be0a189a42fe8a6c4b14ae5e36aa8df9da89aa312c045c6fd99de3c3f355","91b70d4fa98036b2ebac634c822e133cb4ed9780393b3446f9a0004b0a5c67a3","Comprobación por el autor de sum(all(component in text for component in componentes) for text in textos) con ExactCooccurrenceIndex.count; componentes de nominal_query y corpus de source_snapshot. Coinciden ambos; resultado literal, no ausencia científica ni adjudicación de revisión."
"BN-420","5a2fe33f39d946801575353188fe7cd0751bfa37a6be9b6d95c1bb197355570b","REINSPECCION","2026-09-27T00:04:27Z","/root (autor; no revisión independiente)","C-2579","data/busquedas_negativas/15_1_15-1-punto-de-partida-y-participantes-celulares.csv","data/tablas/02/table-01-2-1-2-por-que-el-modelo-cambia-el-arbol.csv","3","modelo","identidad=«Lake et al. 1984»; campo=«modelo»; valor=«n/a: no es una inferencia de sustitución molecular»","0","447","eb65a6efc4b262af7edb4488ea907c29f7dba2c4e4f61fd76472b653aa547f93","8a33be0a189a42fe8a6c4b14ae5e36aa8df9da89aa312c045c6fd99de3c3f355","91b70d4fa98036b2ebac634c822e133cb4ed9780393b3446f9a0004b0a5c67a3","Comprobación por el autor de sum(all(component in text for component in componentes) for text in textos) con ExactCooccurrenceIndex.count; componentes de nominal_query y corpus de source_snapshot. Coinciden ambos; resultado literal, no ausencia científica ni adjudicación de revisión."
"BN-421","bbedb7e37a6f5b537eecc643800206e4ac4910fcdd48b3fb22fbb51a6258e0b5","REINSPECCION","2026-09-27T00:04:28Z","/root (autor; no revisión independiente)","C-2580","data/busquedas_negativas/15_1_15-1-punto-de-partida-y-participantes-celulares.csv","data/tablas/02/table-01-2-1-2-por-que-el-modelo-cambia-el-arbol.csv","3","soporte cuantitativo tal cual","identidad=«Lake et al. 1984»; campo=«soporte cuantitativo tal cual»; valor=«cuatro patrones; figuras 1–4; no consta una estadística de soporte común [BN-115]»","0","447","eb65a6efc4b262af7edb4488ea907c29f7dba2c4e4f61fd76472b653aa547f93","8a33be0a189a42fe8a6c4b14ae5e36aa8df9da89aa312c045c6fd99de3c3f355","91b70d4fa98036b2ebac634c822e133cb4ed9780393b3446f9a0004b0a5c67a3","Comprobación por el autor de sum(all(component in text for component in componentes) for text in textos) con ExactCooccurrenceIndex.count; componentes de nominal_query y corpus de source_snapshot. Coinciden ambos; resultado literal, no ausencia científica ni adjudicación de revisión."
"BN-422","ddc2d440835250eba872e7a2a72d09d4e817bdac914cbfea956d60ee1cb4a3f2","REINSPECCION","2026-09-27T00:04:29Z","/root (autor; no revisión independiente)","C-2581","data/busquedas_negativas/15_1_15-1-punto-de-partida-y-participantes-celulares.csv","data/tablas/02/table-01-2-1-2-por-que-el-modelo-cambia-el-arbol.csv","3","límite o campo no publicado/localizado","identidad=«Lake et al. 1984»; campo=«límite o campo no publicado/localizado»; valor=«El muestreo histórico no equivale a una matriz genómica moderna.»","0","447","eb65a6efc4b262af7edb4488ea907c29f7dba2c4e4f61fd76472b653aa547f93","8a33be0a189a42fe8a6c4b14ae5e36aa8df9da89aa312c045c6fd99de3c3f355","91b70d4fa98036b2ebac634c822e133cb4ed9780393b3446f9a0004b0a5c67a3","Comprobación por el autor de sum(all(component in text for component in componentes) for text in textos) con ExactCooccurrenceIndex.count; componentes de nominal_query y corpus de source_snapshot. Coinciden ambos; resultado literal, no ausencia científica ni adjudicación de revisión."
"BN-423","b261a5f7703257998ec26854c30a7998aeb32352faa6c45342de1ac3c7fe0e8f","REINSPECCION","2026-09-27T00:04:31Z","/root (autor; no revisión independiente)","C-2586","data/busquedas_negativas/15_1_15-1-punto-de-partida-y-participantes-celulares.csv","data/tablas/02/table-01-2-1-2-por-que-el-modelo-cambia-el-arbol.csv","5","muestreo taxonómico","identidad=«Da Cunha et al. 2017»; campo=«muestreo taxonómico»; valor=«taxones incluidos en los conjuntos publicados; desglose nominal no consta en las afirmaciones recuperadas [BN-115]»","0","447","eb65a6efc4b262af7edb4488ea907c29f7dba2c4e4f61fd76472b653aa547f93","8a33be0a189a42fe8a6c4b14ae5e36aa8df9da89aa312c045c6fd99de3c3f355","91b70d4fa98036b2ebac634c822e133cb4ed9780393b3446f9a0004b0a5c67a3","Comprobación por el autor de sum(all(component in text for component in componentes) for text in textos) con ExactCooccurrenceIndex.count; componentes de nominal_query y corpus de source_snapshot. Coinciden ambos; resultado literal, no ausencia científica ni adjudicación de revisión."
"BN-424","75dfc374de087d6d187d78eb650a1da97c84d3aa158cff2d31166deaf5bdfe36","REINSPECCION","2026-09-27T00:04:33Z","/root (autor; no revisión independiente)","C-2588","data/busquedas_negativas/15_1_15-1-punto-de-partida-y-participantes-celulares.csv","data/tablas/02/table-01-2-1-2-por-que-el-modelo-cambia-el-arbol.csv","5","modelo","identidad=«Da Cunha et al. 2017»; campo=«modelo»; valor=«modelo de sustitución no consta en las afirmaciones recuperadas [BN-115]»","0","447","eb65a6efc4b262af7edb4488ea907c29f7dba2c4e4f61fd76472b653aa547f93","8a33be0a189a42fe8a6c4b14ae5e36aa8df9da89aa312c045c6fd99de3c3f355","91b70d4fa98036b2ebac634c822e133cb4ed9780393b3446f9a0004b0a5c67a3","Comprobación por el autor de sum(all(component in text for component in componentes) for text in textos) con ExactCooccurrenceIndex.count; componentes de nominal_query y corpus de source_snapshot. Coinciden ambos; resultado literal, no ausencia científica ni adjudicación de revisión."
"BN-425","7d0fc73cb296cc3e2bdff5ad20204731e20ae3cc6f5b827c6f142f8a8ef0a0ad","REINSPECCION","2026-09-27T00:04:35Z","/root (autor; no revisión independiente)","C-2591","data/busquedas_negativas/15_1_15-1-punto-de-partida-y-participantes-celulares.csv","data/tablas/02/table-01-2-1-2-por-que-el-modelo-cambia-el-arbol.csv","6","muestreo taxonómico","identidad=«Spang et al. 2018»; campo=«muestreo taxonómico»; valor=«taxones del reanálisis publicado; desglose nominal no consta en las afirmaciones recuperadas [BN-115]»","0","447","eb65a6efc4b262af7edb4488ea907c29f7dba2c4e4f61fd76472b653aa547f93","8a33be0a189a42fe8a6c4b14ae5e36aa8df9da89aa312c045c6fd99de3c3f355","91b70d4fa98036b2ebac634c822e133cb4ed9780393b3446f9a0004b0a5c67a3","Comprobación por el autor de sum(all(component in text for component in componentes) for text in textos) con ExactCooccurrenceIndex.count; componentes de nominal_query y corpus de source_snapshot. Coinciden ambos; resultado literal, no ausencia científica ni adjudicación de revisión."
"BN-426","646a8503871d796f93fcaca5b09ae9dcec2dd1421e998a06b3f97417598d8c9e","REINSPECCION","2026-09-27T00:04:36Z","/root (autor; no revisión independiente)","C-2592","data/busquedas_negativas/15_1_15-1-punto-de-partida-y-participantes-celulares.csv","data/tablas/02/table-01-2-1-2-por-que-el-modelo-cambia-el-arbol.csv","6","análisis","identidad=«Spang et al. 2018»; campo=«análisis»; valor=«reanálisis de contaminación, selección de proteínas y diagnóstico de atracción de ramas largas»","0","447","eb65a6efc4b262af7edb4488ea907c29f7dba2c4e4f61fd76472b653aa547f93","8a33be0a189a42fe8a6c4b14ae5e36aa8df9da89aa312c045c6fd99de3c3f355","91b70d4fa98036b2ebac634c822e133cb4ed9780393b3446f9a0004b0a5c67a3","Comprobación por el autor de sum(all(component in text for component in componentes) for text in textos) con ExactCooccurrenceIndex.count; componentes de nominal_query y corpus de source_snapshot. Coinciden ambos; resultado literal, no ausencia científica ni adjudicación de revisión."
"BN-427","a539aa8494a7563f49bab5cadabae8287b6edf3b64a22ebbb7b3eecbee1e8595","REINSPECCION","2026-09-27T00:04:37Z","/root (autor; no revisión independiente)","C-2593","data/busquedas_negativas/15_1_15-1-punto-de-partida-y-participantes-celulares.csv","data/tablas/02/table-01-2-1-2-por-que-el-modelo-cambia-el-arbol.csv","6","modelo","identidad=«Spang et al. 2018»; campo=«modelo»; valor=«modelos por conjunto no constan en el pasaje recuperado [BN-115]»","0","447","eb65a6efc4b262af7edb4488ea907c29f7dba2c4e4f61fd76472b653aa547f93","8a33be0a189a42fe8a6c4b14ae5e36aa8df9da89aa312c045c6fd99de3c3f355","91b70d4fa98036b2ebac634c822e133cb4ed9780393b3446f9a0004b0a5c67a3","Comprobación por el autor de sum(all(component in text for component in componentes) for text in textos) con ExactCooccurrenceIndex.count; componentes de nominal_query y corpus de source_snapshot. Coinciden ambos; resultado literal, no ausencia científica ni adjudicación de revisión."
"BN-428","548df64533c44dabe2b00f5d211f28a9381f74942973587448d98f6d7f819535","REINSPECCION","2026-09-27T00:04:38Z","/root (autor; no revisión independiente)","C-2595","data/busquedas_negativas/15_1_15-1-punto-de-partida-y-participantes-celulares.csv","data/tablas/02/table-01-2-1-2-por-que-el-modelo-cambia-el-arbol.csv","7","muestreo taxonómico","identidad=«Williams et al. 2020»; campo=«muestreo taxonómico»; valor=«muestreo taxonómico no desglosado en C-028–C-029 [BN-115]»","0","447","eb65a6efc4b262af7edb4488ea907c29f7dba2c4e4f61fd76472b653aa547f93","8a33be0a189a42fe8a6c4b14ae5e36aa8df9da89aa312c045c6fd99de3c3f355","91b70d4fa98036b2ebac634c822e133cb4ed9780393b3446f9a0004b0a5c67a3","Comprobación por el autor de sum(all(component in text for component in componentes) for text in textos) con ExactCooccurrenceIndex.count; componentes de nominal_query y corpus de source_snapshot. Coinciden ambos; resultado literal, no ausencia científica ni adjudicación de revisión."
"BN-429","e254f53d6c97bbc17bff3e80ee874070cd3f4cec841324059167a31ffc7c8f1a","REINSPECCION","2026-09-27T00:04:38Z","/root (autor; no revisión independiente)","C-2596","data/busquedas_negativas/15_1_15-1-punto-de-partida-y-participantes-celulares.csv","data/tablas/02/table-01-2-1-2-por-que-el-modelo-cambia-el-arbol.csv","8","muestreo taxonómico","identidad=«Williams et al. 2020»; campo=«muestreo taxonómico»; valor=«mismo muestreo publicado que C-028–C-029; desglose nominal no recuperado [BN-115]»","0","447","eb65a6efc4b262af7edb4488ea907c29f7dba2c4e4f61fd76472b653aa547f93","8a33be0a189a42fe8a6c4b14ae5e36aa8df9da89aa312c045c6fd99de3c3f355","91b70d4fa98036b2ebac634c822e133cb4ed9780393b3446f9a0004b0a5c67a3","Comprobación por el autor de sum(all(component in text for component in componentes) for text in textos) con ExactCooccurrenceIndex.count; componentes de nominal_query y corpus de source_snapshot. Coinciden ambos; resultado literal, no ausencia científica ni adjudicación de revisión."
"BN-430","55ceba8d3e70ee9b27708a3257986e08a42e4d513c76567f7d2516753849c587","REINSPECCION","2026-09-27T00:04:39Z","/root (autor; no revisión independiente)","C-2599","data/busquedas_negativas/15_1_15-1-punto-de-partida-y-participantes-celulares.csv","data/tablas/02/table-01-2-1-2-por-que-el-modelo-cambia-el-arbol.csv","9","muestreo taxonómico","identidad=«Williams et al. 2020»; campo=«muestreo taxonómico»; valor=«mismo muestreo publicado que C-028–C-029; desglose nominal no recuperado [BN-115]»","0","447","eb65a6efc4b262af7edb4488ea907c29f7dba2c4e4f61fd76472b653aa547f93","8a33be0a189a42fe8a6c4b14ae5e36aa8df9da89aa312c045c6fd99de3c3f355","91b70d4fa98036b2ebac634c822e133cb4ed9780393b3446f9a0004b0a5c67a3","Comprobación por el autor de sum(all(component in text for component in componentes) for text in textos) con ExactCooccurrenceIndex.count; componentes de nominal_query y corpus de source_snapshot. Coinciden ambos; resultado literal, no ausencia científica ni adjudicación de revisión."
"BN-431","6bfa5c5b66a7e6564b741aa0e97f37d8b5911d96151758e937e460c4a1683544","REINSPECCION","2026-09-27T00:04:40Z","/root (autor; no revisión independiente)","C-2602","data/busquedas_negativas/15_1_15-1-punto-de-partida-y-participantes-celulares.csv","data/tablas/02/table-01-2-1-2-por-que-el-modelo-cambia-el-arbol.csv","10","muestreo taxonómico","identidad=«Williams et al. 2020»; campo=«muestreo taxonómico»; valor=«mismo muestreo publicado que C-028–C-029; desglose nominal no recuperado [BN-115]»","0","447","eb65a6efc4b262af7edb4488ea907c29f7dba2c4e4f61fd76472b653aa547f93","8a33be0a189a42fe8a6c4b14ae5e36aa8df9da89aa312c045c6fd99de3c3f355","91b70d4fa98036b2ebac634c822e133cb4ed9780393b3446f9a0004b0a5c67a3","Comprobación por el autor de sum(all(component in text for component in componentes) for text in textos) con ExactCooccurrenceIndex.count; componentes de nominal_query y corpus de source_snapshot. Coinciden ambos; resultado literal, no ausencia científica ni adjudicación de revisión."
"BN-432","3539eae7514405817f5c47059e6de4d80246c03255ffdba9c3bc189ead3c3456","REINSPECCION","2026-09-27T00:04:40Z","/root (autor; no revisión independiente)","C-2608","data/busquedas_negativas/15_1_15-1-punto-de-partida-y-participantes-celulares.csv","data/tablas/02/table-01-2-1-2-por-que-el-modelo-cambia-el-arbol.csv","11","muestreo taxonómico","identidad=«Williams et al. 2020»; campo=«muestreo taxonómico»; valor=«mismo muestreo publicado que C-028–C-029; desglose nominal no recuperado [BN-115]»","0","447","eb65a6efc4b262af7edb4488ea907c29f7dba2c4e4f61fd76472b653aa547f93","8a33be0a189a42fe8a6c4b14ae5e36aa8df9da89aa312c045c6fd99de3c3f355","91b70d4fa98036b2ebac634c822e133cb4ed9780393b3446f9a0004b0a5c67a3","Comprobación por el autor de sum(all(component in text for component in componentes) for text in textos) con ExactCooccurrenceIndex.count; componentes de nominal_query y corpus de source_snapshot. Coinciden ambos; resultado literal, no ausencia científica ni adjudicación de revisión."
"BN-433","3cbdd9086f0a0ded3f59313175ca17df0f6baf48d8e8339be4a4c29fadb7663b","REINSPECCION","2026-09-27T00:04:41Z","/root (autor; no revisión independiente)","C-2609","data/busquedas_negativas/15_1_15-1-punto-de-partida-y-participantes-celulares.csv","data/tablas/02/table-01-2-1-2-por-que-el-modelo-cambia-el-arbol.csv","11","análisis","identidad=«Williams et al. 2020»; campo=«análisis»; valor=«prueba contra sesgo composicional»","0","447","eb65a6efc4b262af7edb4488ea907c29f7dba2c4e4f61fd76472b653aa547f93","8a33be0a189a42fe8a6c4b14ae5e36aa8df9da89aa312c045c6fd99de3c3f355","91b70d4fa98036b2ebac634c822e133cb4ed9780393b3446f9a0004b0a5c67a3","Comprobación por el autor de sum(all(component in text for component in componentes) for text in textos) con ExactCooccurrenceIndex.count; componentes de nominal_query y corpus de source_snapshot. Coinciden ambos; resultado literal, no ausencia científica ni adjudicación de revisión."
"BN-434","51f0e784364a7175427a9490204365f5bb94dc4e104b9e93a56166660cc3061b","REINSPECCION","2026-09-27T00:04:41Z","/root (autor; no revisión independiente)","C-2611","data/busquedas_negativas/15_1_15-1-punto-de-partida-y-participantes-celulares.csv","data/tablas/02/table-01-2-1-2-por-que-el-modelo-cambia-el-arbol.csv","11","límite o campo no publicado/localizado","identidad=«Williams et al. 2020»; campo=«límite o campo no publicado/localizado»; valor=«La recodificación es parte del análisis, no una matriz independiente no documentada.»","0","447","eb65a6efc4b262af7edb4488ea907c29f7dba2c4e4f61fd76472b653aa547f93","8a33be0a189a42fe8a6c4b14ae5e36aa8df9da89aa312c045c6fd99de3c3f355","91b70d4fa98036b2ebac634c822e133cb4ed9780393b3446f9a0004b0a5c67a3","Comprobación por el autor de sum(all(component in text for component in componentes) for text in textos) con ExactCooccurrenceIndex.count; componentes de nominal_query y corpus de source_snapshot. Coinciden ambos; resultado literal, no ausencia científica ni adjudicación de revisión."
"BN-435","3ec0216f749877d62a9906ff20d82ce318fbc1c1c1f9a03d898fe681e529706a","REINSPECCION","2026-09-27T00:04:42Z","/root (autor; no revisión independiente)","C-2612","data/busquedas_negativas/15_1_15-1-punto-de-partida-y-participantes-celulares.csv","data/tablas/02/table-01-2-1-2-por-que-el-modelo-cambia-el-arbol.csv","12","modelo","identidad=«Williams et al. 2020»; campo=«modelo»; valor=«modelos particulares no constan en las afirmaciones recuperadas [BN-115]»","0","447","eb65a6efc4b262af7edb4488ea907c29f7dba2c4e4f61fd76472b653aa547f93","8a33be0a189a42fe8a6c4b14ae5e36aa8df9da89aa312c045c6fd99de3c3f355","91b70d4fa98036b2ebac634c822e133cb4ed9780393b3446f9a0004b0a5c67a3","Comprobación por el autor de sum(all(component in text for component in componentes) for text in textos) con ExactCooccurrenceIndex.count; componentes de nominal_query y corpus de source_snapshot. Coinciden ambos; resultado literal, no ausencia científica ni adjudicación de revisión."
"BN-436","a3a9ac8e20f9fdc0e898555270983e5f8739e0d0d196c9510988b5c03f04aa72","REINSPECCION","2026-09-27T00:04:43Z","/root (autor; no revisión independiente)","C-2613","data/busquedas_negativas/15_4_15-4-registro-material-tiempo-ambiente-y-ecologia.csv","data/tablas/05/table-33-5-4-evidencia-de-interaccion-en-perforaciones-del-grupo-chuar.csv","2","incertidumbre y disputa","identidad=«Grupo Chuar; afloramientos sobre unos 15 km² del este del Grand Canyon; S158 indica muestras distribuidas a lo largo del grupo, pero no localiza la formación individual de cada espécimen [C-1960; BN-116]»; campo=«incertidumbre y disputa»; valor=«el productor no está preservado; S158 evalúa alternativas, pero no se localizó un contradictor nominal independiente en las afirmaciones recuperadas»","0","447","eb65a6efc4b262af7edb4488ea907c29f7dba2c4e4f61fd76472b653aa547f93","8a33be0a189a42fe8a6c4b14ae5e36aa8df9da89aa312c045c6fd99de3c3f355","91b70d4fa98036b2ebac634c822e133cb4ed9780393b3446f9a0004b0a5c67a3","Comprobación por el autor de sum(all(component in text for component in componentes) for text in textos) con ExactCooccurrenceIndex.count; componentes de nominal_query y corpus de source_snapshot. Coinciden ambos; resultado literal, no ausencia científica ni adjudicación de revisión."
"BN-437","65947b543d83a3e901265046443224cf953d3fe38320ec5a3741239e6829b703","REINSPECCION","2026-09-27T00:04:44Z","/root (autor; no revisión independiente)","C-2614","data/busquedas_negativas/15_4_15-4-registro-material-tiempo-ambiente-y-ecologia.csv","data/tablas/05/table-34-5-8-asignacion-fosil-mas-antigua-localizada-por-nodo.csv","2","fósil más antiguo localizado","identidad=«Eukaryota»; campo=«fósil más antiguo localizado»; valor=«conjunto de Lechte et al.; *Bangiomorpha pubescens* como mínimo corona condicionado»","0","447","eb65a6efc4b262af7edb4488ea907c29f7dba2c4e4f61fd76472b653aa547f93","8a33be0a189a42fe8a6c4b14ae5e36aa8df9da89aa312c045c6fd99de3c3f355","91b70d4fa98036b2ebac634c822e133cb4ed9780393b3446f9a0004b0a5c67a3","Comprobación por el autor de sum(all(component in text for component in componentes) for text in textos) con ExactCooccurrenceIndex.count; componentes de nominal_query y corpus de source_snapshot. Coinciden ambos; resultado literal, no ausencia científica ni adjudicación de revisión."
"BN-438","738c2806cfe75e06070a745e7316fcc1c99a6eeadf81ff482262fc695ce4ecd6","REINSPECCION","2026-09-27T00:04:45Z","/root (autor; no revisión independiente)","C-2618","data/busquedas_negativas/15_4_15-4-registro-material-tiempo-ambiente-y-ecologia.csv","data/tablas/05/table-34-5-8-asignacion-fosil-mas-antigua-localizada-por-nodo.csv","2","método de datación","identidad=«Eukaryota»; campo=«método de datación»; valor=«cronología del conjunto de Lechte et al.; geocronología radiométrica de la sucesión de *Bangiomorpha*»","0","447","eb65a6efc4b262af7edb4488ea907c29f7dba2c4e4f61fd76472b653aa547f93","8a33be0a189a42fe8a6c4b14ae5e36aa8df9da89aa312c045c6fd99de3c3f355","91b70d4fa98036b2ebac634c822e133cb4ed9780393b3446f9a0004b0a5c67a3","Comprobación por el autor de sum(all(component in text for component in componentes) for text in textos) con ExactCooccurrenceIndex.count; componentes de nominal_query y corpus de source_snapshot. Coinciden ambos; resultado literal, no ausencia científica ni adjudicación de revisión."
"BN-439","932900f47c680a97e5aade4905f24de2a44815f2115abde1e60658357bda979c","REINSPECCION","2026-09-27T00:04:45Z","/root (autor; no revisión independiente)","C-2619","data/busquedas_negativas/15_4_15-4-registro-material-tiempo-ambiente-y-ecologia.csv","data/tablas/05/table-34-5-8-asignacion-fosil-mas-antigua-localizada-por-nodo.csv","2","incertidumbre publicada","identidad=«Eukaryota»; campo=«incertidumbre publicada»; valor=«no consta para el intervalo de Lechte et al.; incertidumbre exacta de 1.047 Ga no localizada»","0","447","eb65a6efc4b262af7edb4488ea907c29f7dba2c4e4f61fd76472b653aa547f93","8a33be0a189a42fe8a6c4b14ae5e36aa8df9da89aa312c045c6fd99de3c3f355","91b70d4fa98036b2ebac634c822e133cb4ed9780393b3446f9a0004b0a5c67a3","Comprobación por el autor de sum(all(component in text for component in componentes) for text in textos) con ExactCooccurrenceIndex.count; componentes de nominal_query y corpus de source_snapshot. Coinciden ambos; resultado literal, no ausencia científica ni adjudicación de revisión."
"BN-440","78d279bf316542d6ebbb06b55bc991ab6cf58a49435934d2b958b3b5a7aee3f3","REINSPECCION","2026-09-27T00:04:46Z","/root (autor; no revisión independiente)","C-2620","data/busquedas_negativas/15_4_15-4-registro-material-tiempo-ambiente-y-ecologia.csv","data/tablas/05/table-34-5-8-asignacion-fosil-mas-antigua-localizada-por-nodo.csv","2","quién discute la atribución","identidad=«Eukaryota»; campo=«quién discute la atribución»; valor=«no consta un oponente nominal en las fuentes citadas»","0","447","eb65a6efc4b262af7edb4488ea907c29f7dba2c4e4f61fd76472b653aa547f93","8a33be0a189a42fe8a6c4b14ae5e36aa8df9da89aa312c045c6fd99de3c3f355","91b70d4fa98036b2ebac634c822e133cb4ed9780393b3446f9a0004b0a5c67a3","Comprobación por el autor de sum(all(component in text for component in componentes) for text in textos) con ExactCooccurrenceIndex.count; componentes de nominal_query y corpus de source_snapshot. Coinciden ambos; resultado literal, no ausencia científica ni adjudicación de revisión."
"BN-441","5132e0157bb1957fb0673c2d592c8be284aed2ed34b4967a7811443cfdafaaf3","REINSPECCION","2026-09-27T00:04:46Z","/root (autor; no revisión independiente)","C-2622","data/busquedas_negativas/15_4_15-4-registro-material-tiempo-ambiente-y-ecologia.csv","data/tablas/05/table-34-5-8-asignacion-fosil-mas-antigua-localizada-por-nodo.csv","4","edad","identidad=«Amoebozoa»; campo=«edad»; valor=«no consta en la fuente citada por C-713»","0","447","eb65a6efc4b262af7edb4488ea907c29f7dba2c4e4f61fd76472b653aa547f93","8a33be0a189a42fe8a6c4b14ae5e36aa8df9da89aa312c045c6fd99de3c3f355","91b70d4fa98036b2ebac634c822e133cb4ed9780393b3446f9a0004b0a5c67a3","Comprobación por el autor de sum(all(component in text for component in componentes) for text in textos) con ExactCooccurrenceIndex.count; componentes de nominal_query y corpus de source_snapshot. Coinciden ambos; resultado literal, no ausencia científica ni adjudicación de revisión."
"BN-442","8cf6787391c5fa54d16a9608ae283e09625bf2d81d47f75dc55afb6e440d415b","REINSPECCION","2026-09-27T00:04:47Z","/root (autor; no revisión independiente)","C-2623","data/busquedas_negativas/15_4_15-4-registro-material-tiempo-ambiente-y-ecologia.csv","data/tablas/05/table-34-5-8-asignacion-fosil-mas-antigua-localizada-por-nodo.csv","4","método de datación","identidad=«Amoebozoa»; campo=«método de datación»; valor=«no consta en la fuente citada por C-713»","0","447","eb65a6efc4b262af7edb4488ea907c29f7dba2c4e4f61fd76472b653aa547f93","8a33be0a189a42fe8a6c4b14ae5e36aa8df9da89aa312c045c6fd99de3c3f355","91b70d4fa98036b2ebac634c822e133cb4ed9780393b3446f9a0004b0a5c67a3","Comprobación por el autor de sum(all(component in text for component in componentes) for text in textos) con ExactCooccurrenceIndex.count; componentes de nominal_query y corpus de source_snapshot. Coinciden ambos; resultado literal, no ausencia científica ni adjudicación de revisión."
"BN-443","96835c733d25f93217385e675c6f8f4a15e214dc22c55f16d94c75e15899c675","REINSPECCION","2026-09-27T00:04:48Z","/root (autor; no revisión independiente)","C-2624","data/busquedas_negativas/15_4_15-4-registro-material-tiempo-ambiente-y-ecologia.csv","data/tablas/05/table-34-5-8-asignacion-fosil-mas-antigua-localizada-por-nodo.csv","4","incertidumbre publicada","identidad=«Amoebozoa»; campo=«incertidumbre publicada»; valor=«no consta en la fuente citada por C-713»","0","447","eb65a6efc4b262af7edb4488ea907c29f7dba2c4e4f61fd76472b653aa547f93","8a33be0a189a42fe8a6c4b14ae5e36aa8df9da89aa312c045c6fd99de3c3f355","91b70d4fa98036b2ebac634c822e133cb4ed9780393b3446f9a0004b0a5c67a3","Comprobación por el autor de sum(all(component in text for component in componentes) for text in textos) con ExactCooccurrenceIndex.count; componentes de nominal_query y corpus de source_snapshot. Coinciden ambos; resultado literal, no ausencia científica ni adjudicación de revisión."
"BN-444","b0d3434181c931158af6958f6419a5805d70f70d1fd8c663c89ac48d066eb1e4","REINSPECCION","2026-09-27T00:04:48Z","/root (autor; no revisión independiente)","C-2625","data/busquedas_negativas/15_4_15-4-registro-material-tiempo-ambiente-y-ecologia.csv","data/tablas/05/table-34-5-8-asignacion-fosil-mas-antigua-localizada-por-nodo.csv","4","quién discute la atribución","identidad=«Amoebozoa»; campo=«quién discute la atribución»; valor=«no consta un oponente nominal en la fuente citada»","0","447","eb65a6efc4b262af7edb4488ea907c29f7dba2c4e4f61fd76472b653aa547f93","8a33be0a189a42fe8a6c4b14ae5e36aa8df9da89aa312c045c6fd99de3c3f355","91b70d4fa98036b2ebac634c822e133cb4ed9780393b3446f9a0004b0a5c67a3","Comprobación por el autor de sum(all(component in text for component in componentes) for text in textos) con ExactCooccurrenceIndex.count; componentes de nominal_query y corpus de source_snapshot. Coinciden ambos; resultado literal, no ausencia científica ni adjudicación de revisión."
"BN-445","56f9e0413ac7170e9473d840c0d95bef20ed864d5924bf4081aa49ef88edaafc","REINSPECCION","2026-09-27T00:04:49Z","/root (autor; no revisión independiente)","C-2626","data/busquedas_negativas/15_4_15-4-registro-material-tiempo-ambiente-y-ecologia.csv","data/tablas/05/table-34-5-8-asignacion-fosil-mas-antigua-localizada-por-nodo.csv","8","quién discute la atribución","identidad=«Opisthokonta»; campo=«quién discute la atribución»; valor=«Loron et al. explicitan el límite taxonómico; no consta otro oponente nominal en las fuentes citadas»","0","447","eb65a6efc4b262af7edb4488ea907c29f7dba2c4e4f61fd76472b653aa547f93","8a33be0a189a42fe8a6c4b14ae5e36aa8df9da89aa312c045c6fd99de3c3f355","91b70d4fa98036b2ebac634c822e133cb4ed9780393b3446f9a0004b0a5c67a3","Comprobación por el autor de sum(all(component in text for component in componentes) for text in textos) con ExactCooccurrenceIndex.count; componentes de nominal_query y corpus de source_snapshot. Coinciden ambos; resultado literal, no ausencia científica ni adjudicación de revisión."
"BN-446","ce1a33ec59acb552f602720328192fcf187f1b1674e5ed404d809db376441d04","REINSPECCION","2026-09-27T00:04:50Z","/root (autor; no revisión independiente)","C-2628","data/busquedas_negativas/15_4_15-4-registro-material-tiempo-ambiente-y-ecologia.csv","data/tablas/05/table-34-5-8-asignacion-fosil-mas-antigua-localizada-por-nodo.csv","9","quién discute la atribución","identidad=«Holomycota»; campo=«quién discute la atribución»; valor=«Loron et al. explicitan el límite; no consta otro oponente nominal en las fuentes citadas»","0","447","eb65a6efc4b262af7edb4488ea907c29f7dba2c4e4f61fd76472b653aa547f93","8a33be0a189a42fe8a6c4b14ae5e36aa8df9da89aa312c045c6fd99de3c3f355","91b70d4fa98036b2ebac634c822e133cb4ed9780393b3446f9a0004b0a5c67a3","Comprobación por el autor de sum(all(component in text for component in componentes) for text in textos) con ExactCooccurrenceIndex.count; componentes de nominal_query y corpus de source_snapshot. Coinciden ambos; resultado literal, no ausencia científica ni adjudicación de revisión."
"BN-447","832102d5405b61cc2fc93ce0c5860e063cdcf387f56728d6cf378877e13b9309","REINSPECCION","2026-09-27T00:04:50Z","/root (autor; no revisión independiente)","C-2631","data/busquedas_negativas/15_4_15-4-registro-material-tiempo-ambiente-y-ecologia.csv","data/tablas/05/table-34-5-8-asignacion-fosil-mas-antigua-localizada-por-nodo.csv","10","incertidumbre publicada","identidad=«Holozoa»; campo=«incertidumbre publicada»; valor=«no consta en la fuente citada»","0","447","eb65a6efc4b262af7edb4488ea907c29f7dba2c4e4f61fd76472b653aa547f93","8a33be0a189a42fe8a6c4b14ae5e36aa8df9da89aa312c045c6fd99de3c3f355","91b70d4fa98036b2ebac634c822e133cb4ed9780393b3446f9a0004b0a5c67a3","Comprobación por el autor de sum(all(component in text for component in componentes) for text in textos) con ExactCooccurrenceIndex.count; componentes de nominal_query y corpus de source_snapshot. Coinciden ambos; resultado literal, no ausencia científica ni adjudicación de revisión."
"BN-448","460d21bb7307cd2f85715cbe6750a78d8427871955e61d94a3a7252007b837a7","REINSPECCION","2026-09-27T00:04:51Z","/root (autor; no revisión independiente)","C-2633","data/busquedas_negativas/15_4_15-4-registro-material-tiempo-ambiente-y-ecologia.csv","data/tablas/05/table-34-5-8-asignacion-fosil-mas-antigua-localizada-por-nodo.csv","15","qué se infiere","identidad=«Filozoa»; campo=«qué se infiere»; valor=«afinidad putativa de coanoflagelado y, condicionalmente, inclusión en Filozoa»","0","447","eb65a6efc4b262af7edb4488ea907c29f7dba2c4e4f61fd76472b653aa547f93","8a33be0a189a42fe8a6c4b14ae5e36aa8df9da89aa312c045c6fd99de3c3f355","91b70d4fa98036b2ebac634c822e133cb4ed9780393b3446f9a0004b0a5c67a3","Comprobación por el autor de sum(all(component in text for component in componentes) for text in textos) con ExactCooccurrenceIndex.count; componentes de nominal_query y corpus de source_snapshot. Coinciden ambos; resultado literal, no ausencia científica ni adjudicación de revisión."
"BN-449","944b93af0652aa0cbeb0fca8fc839c0c25cea6d3e00f6a66405e4ef365c3f467","REINSPECCION","2026-09-27T00:04:52Z","/root (autor; no revisión independiente)","C-2634","data/busquedas_negativas/15_4_15-4-registro-material-tiempo-ambiente-y-ecologia.csv","data/tablas/05/table-34-5-8-asignacion-fosil-mas-antigua-localizada-por-nodo.csv","15","método de datación","identidad=«Filozoa»; campo=«método de datación»; valor=«posición estratigráfica en la Formación Capas Blancas»","0","447","eb65a6efc4b262af7edb4488ea907c29f7dba2c4e4f61fd76472b653aa547f93","8a33be0a189a42fe8a6c4b14ae5e36aa8df9da89aa312c045c6fd99de3c3f355","91b70d4fa98036b2ebac634c822e133cb4ed9780393b3446f9a0004b0a5c67a3","Comprobación por el autor de sum(all(component in text for component in componentes) for text in textos) con ExactCooccurrenceIndex.count; componentes de nominal_query y corpus de source_snapshot. Coinciden ambos; resultado literal, no ausencia científica ni adjudicación de revisión."
"BN-450","51f869d41beca6a62ddee4d8d3f30fa61abf967baf4d0cda4223e1a8a57415d7","REINSPECCION","2026-09-27T00:04:53Z","/root (autor; no revisión independiente)","C-2635","data/busquedas_negativas/15_4_15-4-registro-material-tiempo-ambiente-y-ecologia.csv","data/tablas/05/table-34-5-8-asignacion-fosil-mas-antigua-localizada-por-nodo.csv","16","qué se infiere","identidad=«Choanozoa *sensu stricto* ≈ Apoikozoa»; campo=«qué se infiere»; valor=«afinidad putativa de coanoflagelado y, condicionalmente, inclusión en Choanozoa»","0","447","eb65a6efc4b262af7edb4488ea907c29f7dba2c4e4f61fd76472b653aa547f93","8a33be0a189a42fe8a6c4b14ae5e36aa8df9da89aa312c045c6fd99de3c3f355","91b70d4fa98036b2ebac634c822e133cb4ed9780393b3446f9a0004b0a5c67a3","Comprobación por el autor de sum(all(component in text for component in componentes) for text in textos) con ExactCooccurrenceIndex.count; componentes de nominal_query y corpus de source_snapshot. Coinciden ambos; resultado literal, no ausencia científica ni adjudicación de revisión."
"BN-451","0293075b728d81985da494076e7e307bf9eed29e09959635c4729925365b72c0","REINSPECCION","2026-09-27T00:04:53Z","/root (autor; no revisión independiente)","C-2636","data/busquedas_negativas/15_4_15-4-registro-material-tiempo-ambiente-y-ecologia.csv","data/tablas/05/table-34-5-8-asignacion-fosil-mas-antigua-localizada-por-nodo.csv","16","método de datación","identidad=«Choanozoa *sensu stricto* ≈ Apoikozoa»; campo=«método de datación»; valor=«posición estratigráfica en la Formación Capas Blancas»","0","447","eb65a6efc4b262af7edb4488ea907c29f7dba2c4e4f61fd76472b653aa547f93","8a33be0a189a42fe8a6c4b14ae5e36aa8df9da89aa312c045c6fd99de3c3f355","91b70d4fa98036b2ebac634c822e133cb4ed9780393b3446f9a0004b0a5c67a3","Comprobación por el autor de sum(all(component in text for component in componentes) for text in textos) con ExactCooccurrenceIndex.count; componentes de nominal_query y corpus de source_snapshot. Coinciden ambos; resultado literal, no ausencia científica ni adjudicación de revisión."
"BN-452","58d2d47dcb7c2ef7cc6b14ab7dc3a349272c0ce31defee90e6e44fa2f4d97625","REINSPECCION","2026-09-27T00:04:54Z","/root (autor; no revisión independiente)","C-2637","data/busquedas_negativas/15_4_15-4-registro-material-tiempo-ambiente-y-ecologia.csv","data/tablas/05/table-34-5-8-asignacion-fosil-mas-antigua-localizada-por-nodo.csv","17","método de datación","identidad=«Choanoflagellata»; campo=«método de datación»; valor=«posición estratigráfica en la Formación Capas Blancas»","0","447","eb65a6efc4b262af7edb4488ea907c29f7dba2c4e4f61fd76472b653aa547f93","8a33be0a189a42fe8a6c4b14ae5e36aa8df9da89aa312c045c6fd99de3c3f355","91b70d4fa98036b2ebac634c822e133cb4ed9780393b3446f9a0004b0a5c67a3","Comprobación por el autor de sum(all(component in text for component in componentes) for text in textos) con ExactCooccurrenceIndex.count; componentes de nominal_query y corpus de source_snapshot. Coinciden ambos; resultado literal, no ausencia científica ni adjudicación de revisión."
"BN-453","3e2320891465ec47eb447acdc9cb5f1dca887a635f7e9e25075b2e67f71d23f9","REINSPECCION","2026-09-27T00:04:54Z","/root (autor; no revisión independiente)","C-2638","data/busquedas_negativas/15_4_15-4-registro-material-tiempo-ambiente-y-ecologia.csv","data/tablas/05/table-34-5-8-asignacion-fosil-mas-antigua-localizada-por-nodo.csv","18","fósil más antiguo localizado","identidad=«Metazoa»; campo=«fósil más antiguo localizado»; valor=«candidatos de Weng’an sin asignación resuelta»","0","447","eb65a6efc4b262af7edb4488ea907c29f7dba2c4e4f61fd76472b653aa547f93","8a33be0a189a42fe8a6c4b14ae5e36aa8df9da89aa312c045c6fd99de3c3f355","91b70d4fa98036b2ebac634c822e133cb4ed9780393b3446f9a0004b0a5c67a3","Comprobación por el autor de sum(all(component in text for component in componentes) for text in textos) con ExactCooccurrenceIndex.count; componentes de nominal_query y corpus de source_snapshot. Coinciden ambos; resultado literal, no ausencia científica ni adjudicación de revisión."
"BN-454","5910fe7a64bb562434a060412329f5e9d09efdb1729c4a410ef0029f82c8dfe7","REINSPECCION","2026-09-27T00:04:55Z","/root (autor; no revisión independiente)","C-2640","data/busquedas_negativas/15_4_15-4-registro-material-tiempo-ambiente-y-ecologia.csv","data/tablas/05/table-34-5-8-asignacion-fosil-mas-antigua-localizada-por-nodo.csv","18","quién discute la atribución","identidad=«Metazoa»; campo=«quién discute la atribución»; valor=«Huldtgren et al.; Chen et al.; Moczydłowska et al.»","0","447","eb65a6efc4b262af7edb4488ea907c29f7dba2c4e4f61fd76472b653aa547f93","8a33be0a189a42fe8a6c4b14ae5e36aa8df9da89aa312c045c6fd99de3c3f355","91b70d4fa98036b2ebac634c822e133cb4ed9780393b3446f9a0004b0a5c67a3","Comprobación por el autor de sum(all(component in text for component in componentes) for text in textos) con ExactCooccurrenceIndex.count; componentes de nominal_query y corpus de source_snapshot. Coinciden ambos; resultado literal, no ausencia científica ni adjudicación de revisión."
"BN-455","47fd47e54cfb51677e6788efd2319593696d588613946d1b04c43c63dd3911f7","REINSPECCION","2026-09-27T00:04:56Z","/root (autor; no revisión independiente)","C-2683","data/busquedas_negativas/15_5_15-5-asociacion-integracion-y-transferencia.csv","data/tablas/09/table-43-9-4-1-fichas-comparativas-por-grado-de-integracion.csv","2","genoma del socio comparado con parientes de vida libre","identidad=«Mecanismo: sintrofía externa — *Lenisia limosa*–*Arcobacter*»; campo=«genoma del socio comparado con parientes de vida libre»; valor=«NO DOCUMENTADO POR LAS C CITADAS EN ESTA FICHA»","0","447","eb65a6efc4b262af7edb4488ea907c29f7dba2c4e4f61fd76472b653aa547f93","8a33be0a189a42fe8a6c4b14ae5e36aa8df9da89aa312c045c6fd99de3c3f355","91b70d4fa98036b2ebac634c822e133cb4ed9780393b3446f9a0004b0a5c67a3","Comprobación por el autor de sum(all(component in text for component in componentes) for text in textos) con ExactCooccurrenceIndex.count; componentes de nominal_query y corpus de source_snapshot. Coinciden ambos; resultado literal, no ausencia científica ni adjudicación de revisión."
"BN-456","ed0d85d7b5199098d371b2d51865be735b485947f38dbf5e2e7ca3bcb7787e16","REINSPECCION","2026-09-27T00:04:56Z","/root (autor; no revisión independiente)","C-2684","data/busquedas_negativas/15_5_15-5-asociacion-integracion-y-transferencia.csv","data/tablas/09/table-43-9-4-1-fichas-comparativas-por-grado-de-integracion.csv","2","EGT al núcleo; importación de proteínas de vuelta","identidad=«Mecanismo: sintrofía externa — *Lenisia limosa*–*Arcobacter*»; campo=«EGT al núcleo; importación de proteínas de vuelta»; valor=«EGT: NO DOCUMENTADA; importación: NO DOCUMENTADA POR LAS C CITADAS»","0","447","eb65a6efc4b262af7edb4488ea907c29f7dba2c4e4f61fd76472b653aa547f93","8a33be0a189a42fe8a6c4b14ae5e36aa8df9da89aa312c045c6fd99de3c3f355","91b70d4fa98036b2ebac634c822e133cb4ed9780393b3446f9a0004b0a5c67a3","Comprobación por el autor de sum(all(component in text for component in componentes) for text in textos) con ExactCooccurrenceIndex.count; componentes de nominal_query y corpus de source_snapshot. Coinciden ambos; resultado literal, no ausencia científica ni adjudicación de revisión."
"BN-457","6646b9bdab5103c28325e0fd398b1ee5871e77e96ece370804f26d604b1e137b","REINSPECCION","2026-09-27T00:04:56Z","/root (autor; no revisión independiente)","C-2685","data/busquedas_negativas/15_5_15-5-asociacion-integracion-y-transferencia.csv","data/tablas/09/table-43-9-4-1-fichas-comparativas-por-grado-de-integracion.csv","2","estado obligado, facultativo o reversible","identidad=«Mecanismo: sintrofía externa — *Lenisia limosa*–*Arcobacter*»; campo=«estado obligado, facultativo o reversible»; valor=«estado de obligación no resuelto; asociación externa funcional mantenida en cultivo»","0","447","eb65a6efc4b262af7edb4488ea907c29f7dba2c4e4f61fd76472b653aa547f93","8a33be0a189a42fe8a6c4b14ae5e36aa8df9da89aa312c045c6fd99de3c3f355","91b70d4fa98036b2ebac634c822e133cb4ed9780393b3446f9a0004b0a5c67a3","Comprobación por el autor de sum(all(component in text for component in componentes) for text in textos) con ExactCooccurrenceIndex.count; componentes de nominal_query y corpus de source_snapshot. Coinciden ambos; resultado literal, no ausencia científica ni adjudicación de revisión."
"BN-458","e35ad3dcf634da2eaa15ed20276552abd01cd18625489379fb466e2de171fda7","REINSPECCION","2026-09-27T00:04:57Z","/root (autor; no revisión independiente)","C-2687","data/busquedas_negativas/15_5_15-5-asociacion-integracion-y-transferencia.csv","data/tablas/09/table-43-9-4-1-fichas-comparativas-por-grado-de-integracion.csv","3","genoma del socio comparado con parientes de vida libre","identidad=«Mecanismo: consorcio extracelular con transferencia de electrones — ANME–SRB»; campo=«genoma del socio comparado con parientes de vida libre»; valor=«NO DOCUMENTADO POR LAS C CITADAS EN ESTA FICHA»","0","447","eb65a6efc4b262af7edb4488ea907c29f7dba2c4e4f61fd76472b653aa547f93","8a33be0a189a42fe8a6c4b14ae5e36aa8df9da89aa312c045c6fd99de3c3f355","91b70d4fa98036b2ebac634c822e133cb4ed9780393b3446f9a0004b0a5c67a3","Comprobación por el autor de sum(all(component in text for component in componentes) for text in textos) con ExactCooccurrenceIndex.count; componentes de nominal_query y corpus de source_snapshot. Coinciden ambos; resultado literal, no ausencia científica ni adjudicación de revisión."
"BN-459","780d062255889c8837d444dd37af1aaeb6b82cc2476cb12b93f451abc9ed9742","REINSPECCION","2026-09-27T00:04:58Z","/root (autor; no revisión independiente)","C-2688","data/busquedas_negativas/15_5_15-5-asociacion-integracion-y-transferencia.csv","data/tablas/09/table-43-9-4-1-fichas-comparativas-por-grado-de-integracion.csv","3","EGT al núcleo; importación de proteínas de vuelta","identidad=«Mecanismo: consorcio extracelular con transferencia de electrones — ANME–SRB»; campo=«EGT al núcleo; importación de proteínas de vuelta»; valor=«EGT: NO DOCUMENTADA; importación: NO DOCUMENTADA POR LAS C CITADAS»","0","447","eb65a6efc4b262af7edb4488ea907c29f7dba2c4e4f61fd76472b653aa547f93","8a33be0a189a42fe8a6c4b14ae5e36aa8df9da89aa312c045c6fd99de3c3f355","91b70d4fa98036b2ebac634c822e133cb4ed9780393b3446f9a0004b0a5c67a3","Comprobación por el autor de sum(all(component in text for component in componentes) for text in textos) con ExactCooccurrenceIndex.count; componentes de nominal_query y corpus de source_snapshot. Coinciden ambos; resultado literal, no ausencia científica ni adjudicación de revisión."
"BN-460","26407c515a634c89e2b11c45c2c15867ff183f0504e64aec14e4bc6ccf6d5edf","REINSPECCION","2026-09-27T00:04:58Z","/root (autor; no revisión independiente)","C-2689","data/busquedas_negativas/15_5_15-5-asociacion-integracion-y-transferencia.csv","data/tablas/09/table-43-9-4-1-fichas-comparativas-por-grado-de-integracion.csv","3","estado obligado, facultativo o reversible","identidad=«Mecanismo: consorcio extracelular con transferencia de electrones — ANME–SRB»; campo=«estado obligado, facultativo o reversible»; valor=«estado de obligación no resuelto; consorcio extracelular estable»","0","447","eb65a6efc4b262af7edb4488ea907c29f7dba2c4e4f61fd76472b653aa547f93","8a33be0a189a42fe8a6c4b14ae5e36aa8df9da89aa312c045c6fd99de3c3f355","91b70d4fa98036b2ebac634c822e133cb4ed9780393b3446f9a0004b0a5c67a3","Comprobación por el autor de sum(all(component in text for component in componentes) for text in textos) con ExactCooccurrenceIndex.count; componentes de nominal_query y corpus de source_snapshot. Coinciden ambos; resultado literal, no ausencia científica ni adjudicación de revisión."
"BN-461","c5c7ddc37b7cb7b4e3a37f77cebce9f534fbcab57e14438a775fdf368256b1d5","REINSPECCION","2026-09-27T00:04:59Z","/root (autor; no revisión independiente)","C-2691","data/busquedas_negativas/15_5_15-5-asociacion-integracion-y-transferencia.csv","data/tablas/09/table-43-9-4-1-fichas-comparativas-por-grado-de-integracion.csv","4","transmisión","identidad=«Mecanismo: endosimbiosis metabólica — *Pelomyxa*–metanógenos»; campo=«transmisión»; valor=«NO DOCUMENTADA POR LAS C CITADAS EN ESTA FICHA»","0","447","eb65a6efc4b262af7edb4488ea907c29f7dba2c4e4f61fd76472b653aa547f93","8a33be0a189a42fe8a6c4b14ae5e36aa8df9da89aa312c045c6fd99de3c3f355","91b70d4fa98036b2ebac634c822e133cb4ed9780393b3446f9a0004b0a5c67a3","Comprobación por el autor de sum(all(component in text for component in componentes) for text in textos) con ExactCooccurrenceIndex.count; componentes de nominal_query y corpus de source_snapshot. Coinciden ambos; resultado literal, no ausencia científica ni adjudicación de revisión."
"BN-462","cc7f45ed20401b5f12a9318f3c16539bee0b6af5e40580c3f6a5c6314d6fe8fe","REINSPECCION","2026-09-27T00:04:59Z","/root (autor; no revisión independiente)","C-2692","data/busquedas_negativas/15_5_15-5-asociacion-integracion-y-transferencia.csv","data/tablas/09/table-43-9-4-1-fichas-comparativas-por-grado-de-integracion.csv","4","genoma del socio comparado con parientes de vida libre","identidad=«Mecanismo: endosimbiosis metabólica — *Pelomyxa*–metanógenos»; campo=«genoma del socio comparado con parientes de vida libre»; valor=«NO DOCUMENTADO POR LAS C CITADAS EN ESTA FICHA»","0","447","eb65a6efc4b262af7edb4488ea907c29f7dba2c4e4f61fd76472b653aa547f93","8a33be0a189a42fe8a6c4b14ae5e36aa8df9da89aa312c045c6fd99de3c3f355","91b70d4fa98036b2ebac634c822e133cb4ed9780393b3446f9a0004b0a5c67a3","Comprobación por el autor de sum(all(component in text for component in componentes) for text in textos) con ExactCooccurrenceIndex.count; componentes de nominal_query y corpus de source_snapshot. Coinciden ambos; resultado literal, no ausencia científica ni adjudicación de revisión."
"BN-463","f598106f1b5dfd45734b7c7d7f88814686f05986161e8dc2bcd6d97c9ef1ba01","REINSPECCION","2026-09-27T00:04:59Z","/root (autor; no revisión independiente)","C-2693","data/busquedas_negativas/15_5_15-5-asociacion-integracion-y-transferencia.csv","data/tablas/09/table-43-9-4-1-fichas-comparativas-por-grado-de-integracion.csv","4","EGT al núcleo; importación de proteínas de vuelta","identidad=«Mecanismo: endosimbiosis metabólica — *Pelomyxa*–metanógenos»; campo=«EGT al núcleo; importación de proteínas de vuelta»; valor=«EGT: NO DOCUMENTADA; importación: NO DOCUMENTADA POR LAS C CITADAS»","0","447","eb65a6efc4b262af7edb4488ea907c29f7dba2c4e4f61fd76472b653aa547f93","8a33be0a189a42fe8a6c4b14ae5e36aa8df9da89aa312c045c6fd99de3c3f355","91b70d4fa98036b2ebac634c822e133cb4ed9780393b3446f9a0004b0a5c67a3","Comprobación por el autor de sum(all(component in text for component in componentes) for text in textos) con ExactCooccurrenceIndex.count; componentes de nominal_query y corpus de source_snapshot. Coinciden ambos; resultado literal, no ausencia científica ni adjudicación de revisión."
"BN-464","c3216572027e483afe707717c3c1ad864c337dbb66ab1541aea708c3747001e9","REINSPECCION","2026-09-27T00:05:00Z","/root (autor; no revisión independiente)","C-2694","data/busquedas_negativas/15_5_15-5-asociacion-integracion-y-transferencia.csv","data/tablas/09/table-43-9-4-1-fichas-comparativas-por-grado-de-integracion.csv","4","estado obligado, facultativo o reversible","identidad=«Mecanismo: endosimbiosis metabólica — *Pelomyxa*–metanógenos»; campo=«estado obligado, facultativo o reversible»; valor=«estado de obligación no resuelto y la identidad del metanógeno de P. palustris no es universal»","0","447","eb65a6efc4b262af7edb4488ea907c29f7dba2c4e4f61fd76472b653aa547f93","8a33be0a189a42fe8a6c4b14ae5e36aa8df9da89aa312c045c6fd99de3c3f355","91b70d4fa98036b2ebac634c822e133cb4ed9780393b3446f9a0004b0a5c67a3","Comprobación por el autor de sum(all(component in text for component in componentes) for text in textos) con ExactCooccurrenceIndex.count; componentes de nominal_query y corpus de source_snapshot. Coinciden ambos; resultado literal, no ausencia científica ni adjudicación de revisión."
"BN-465","2013e41cc5c1bc34f9f709edc649c3dd516f5062957d1d39b28a1b0ec7a737b4","REINSPECCION","2026-09-27T00:05:00Z","/root (autor; no revisión independiente)","C-2695","data/busquedas_negativas/15_5_15-5-asociacion-integracion-y-transferencia.csv","data/tablas/09/table-43-9-4-1-fichas-comparativas-por-grado-de-integracion.csv","5","aporte documentado del hospedador; aporte documentado del socio","identidad=«Mecanismo: adquisiciones múltiples con transmisión variable — ciliados anaerobios–metanógenos»; campo=«aporte documentado del hospedador; aporte documentado del socio»; valor=«Hospedador: hábitat intracelular y H₂; socio: metanogénesis; otros aportes NO DOCUMENTADOS POR LAS C CITADAS.»","0","447","eb65a6efc4b262af7edb4488ea907c29f7dba2c4e4f61fd76472b653aa547f93","8a33be0a189a42fe8a6c4b14ae5e36aa8df9da89aa312c045c6fd99de3c3f355","91b70d4fa98036b2ebac634c822e133cb4ed9780393b3446f9a0004b0a5c67a3","Comprobación por el autor de sum(all(component in text for component in componentes) for text in textos) con ExactCooccurrenceIndex.count; componentes de nominal_query y corpus de source_snapshot. Coinciden ambos; resultado literal, no ausencia científica ni adjudicación de revisión."
"BN-466","f60a226f1b490d64d4d1f74feb9fe457971e275b43429b22866e12fda3f55fcc","REINSPECCION","2026-09-27T00:05:01Z","/root (autor; no revisión independiente)","C-2697","data/busquedas_negativas/15_5_15-5-asociacion-integracion-y-transferencia.csv","data/tablas/09/table-43-9-4-1-fichas-comparativas-por-grado-de-integracion.csv","5","genoma del socio comparado con parientes de vida libre","identidad=«Mecanismo: adquisiciones múltiples con transmisión variable — ciliados anaerobios–metanógenos»; campo=«genoma del socio comparado con parientes de vida libre»; valor=«NO DOCUMENTADO POR LAS C CITADAS EN ESTA FICHA»","0","447","eb65a6efc4b262af7edb4488ea907c29f7dba2c4e4f61fd76472b653aa547f93","8a33be0a189a42fe8a6c4b14ae5e36aa8df9da89aa312c045c6fd99de3c3f355","91b70d4fa98036b2ebac634c822e133cb4ed9780393b3446f9a0004b0a5c67a3","Comprobación por el autor de sum(all(component in text for component in componentes) for text in textos) con ExactCooccurrenceIndex.count; componentes de nominal_query y corpus de source_snapshot. Coinciden ambos; resultado literal, no ausencia científica ni adjudicación de revisión."
"BN-467","84b561bc6cfcf1a80a948a92aaba2cd6691b9bbfe7ab27966149a66f2ad1bff5","REINSPECCION","2026-09-27T00:05:01Z","/root (autor; no revisión independiente)","C-2698","data/busquedas_negativas/15_5_15-5-asociacion-integracion-y-transferencia.csv","data/tablas/09/table-43-9-4-1-fichas-comparativas-por-grado-de-integracion.csv","5","EGT al núcleo; importación de proteínas de vuelta","identidad=«Mecanismo: adquisiciones múltiples con transmisión variable — ciliados anaerobios–metanógenos»; campo=«EGT al núcleo; importación de proteínas de vuelta»; valor=«EGT: NO DOCUMENTADA; importación: NO DOCUMENTADA POR LAS C CITADAS»","0","447","eb65a6efc4b262af7edb4488ea907c29f7dba2c4e4f61fd76472b653aa547f93","8a33be0a189a42fe8a6c4b14ae5e36aa8df9da89aa312c045c6fd99de3c3f355","91b70d4fa98036b2ebac634c822e133cb4ed9780393b3446f9a0004b0a5c67a3","Comprobación por el autor de sum(all(component in text for component in componentes) for text in textos) con ExactCooccurrenceIndex.count; componentes de nominal_query y corpus de source_snapshot. Coinciden ambos; resultado literal, no ausencia científica ni adjudicación de revisión."
"BN-468","27d0b7546fd6f4466c06c2d72c021b1e769ac39177cea6449b9f7ac6bb335ae4","REINSPECCION","2026-09-27T00:05:01Z","/root (autor; no revisión independiente)","C-2699","data/busquedas_negativas/15_5_15-5-asociacion-integracion-y-transferencia.csv","data/tablas/09/table-43-9-4-1-fichas-comparativas-por-grado-de-integracion.csv","5","estado obligado, facultativo o reversible","identidad=«Mecanismo: adquisiciones múltiples con transmisión variable — ciliados anaerobios–metanógenos»; campo=«estado obligado, facultativo o reversible»; valor=«depende del linaje; no se clasifica todo el grupo como obligado o facultativo»","0","447","eb65a6efc4b262af7edb4488ea907c29f7dba2c4e4f61fd76472b653aa547f93","8a33be0a189a42fe8a6c4b14ae5e36aa8df9da89aa312c045c6fd99de3c3f355","91b70d4fa98036b2ebac634c822e133cb4ed9780393b3446f9a0004b0a5c67a3","Comprobación por el autor de sum(all(component in text for component in componentes) for text in textos) con ExactCooccurrenceIndex.count; componentes de nominal_query y corpus de source_snapshot. Coinciden ambos; resultado literal, no ausencia científica ni adjudicación de revisión."
"BN-469","d4a19bd2129d1d2942e33b11016043b07502c0eb40b0e42c1f5b98a84f8feb49","REINSPECCION","2026-09-27T00:05:03Z","/root (autor; no revisión independiente)","C-2702","data/busquedas_negativas/15_5_15-5-asociacion-integracion-y-transferencia.csv","data/tablas/09/table-43-9-4-1-fichas-comparativas-por-grado-de-integracion.csv","6","transmisión","identidad=«Mecanismo: control hospedador de la división endosimbionte — *Angomonas deanei*–*Kinetoplastibacterium*»; campo=«transmisión»; valor=«división sincronizada con el ciclo celular del hospedador; modo entre generaciones NO DOCUMENTADO EN ESTA FICHA»","0","447","eb65a6efc4b262af7edb4488ea907c29f7dba2c4e4f61fd76472b653aa547f93","8a33be0a189a42fe8a6c4b14ae5e36aa8df9da89aa312c045c6fd99de3c3f355","91b70d4fa98036b2ebac634c822e133cb4ed9780393b3446f9a0004b0a5c67a3","Comprobación por el autor de sum(all(component in text for component in componentes) for text in textos) con ExactCooccurrenceIndex.count; componentes de nominal_query y corpus de source_snapshot. Coinciden ambos; resultado literal, no ausencia científica ni adjudicación de revisión."
"BN-470","f1d842a878769ab788a43633f96074437fab9e9772d0ca082dc4e63f68b25bf4","REINSPECCION","2026-09-27T00:05:03Z","/root (autor; no revisión independiente)","C-2704","data/busquedas_negativas/15_5_15-5-asociacion-integracion-y-transferencia.csv","data/tablas/09/table-43-9-4-1-fichas-comparativas-por-grado-de-integracion.csv","6","estado obligado, facultativo o reversible","identidad=«Mecanismo: control hospedador de la división endosimbionte — *Angomonas deanei*–*Kinetoplastibacterium*»; campo=«estado obligado, facultativo o reversible»; valor=«dependencia integrada; reversibilidad NO DOCUMENTADA»","0","447","eb65a6efc4b262af7edb4488ea907c29f7dba2c4e4f61fd76472b653aa547f93","8a33be0a189a42fe8a6c4b14ae5e36aa8df9da89aa312c045c6fd99de3c3f355","91b70d4fa98036b2ebac634c822e133cb4ed9780393b3446f9a0004b0a5c67a3","Comprobación por el autor de sum(all(component in text for component in componentes) for text in textos) con ExactCooccurrenceIndex.count; componentes de nominal_query y corpus de source_snapshot. Coinciden ambos; resultado literal, no ausencia científica ni adjudicación de revisión."
"BN-471","f591e5a194bf6501482b269b6a03f925ce0226c3f0758a91d2712baa9c77bfa7","REINSPECCION","2026-09-27T00:05:04Z","/root (autor; no revisión independiente)","C-2705","data/busquedas_negativas/15_5_15-5-asociacion-integracion-y-transferencia.csv","data/tablas/09/table-43-9-4-1-fichas-comparativas-por-grado-de-integracion.csv","7","aporte documentado del hospedador; aporte documentado del socio","identidad=«Mecanismo: endosimbiosis eucariota obligada — *Paramoeba*–*Perkinsela*»; campo=«aporte documentado del hospedador; aporte documentado del socio»; valor=«Hospedador: citoplasma y metabolitos; socio: rutas complementarias dentro de una interdependencia metabólica.»","0","447","eb65a6efc4b262af7edb4488ea907c29f7dba2c4e4f61fd76472b653aa547f93","8a33be0a189a42fe8a6c4b14ae5e36aa8df9da89aa312c045c6fd99de3c3f355","91b70d4fa98036b2ebac634c822e133cb4ed9780393b3446f9a0004b0a5c67a3","Comprobación por el autor de sum(all(component in text for component in componentes) for text in textos) con ExactCooccurrenceIndex.count; componentes de nominal_query y corpus de source_snapshot. Coinciden ambos; resultado literal, no ausencia científica ni adjudicación de revisión."
"BN-472","1f565235d5fca50e329f01e4f707c5f725d9f543ac5dd9bde556da184865bd5e","REINSPECCION","2026-09-27T00:05:04Z","/root (autor; no revisión independiente)","C-2707","data/busquedas_negativas/15_5_15-5-asociacion-integracion-y-transferencia.csv","data/tablas/09/table-43-9-4-1-fichas-comparativas-por-grado-de-integracion.csv","7","transmisión","identidad=«Mecanismo: endosimbiosis eucariota obligada — *Paramoeba*–*Perkinsela*»; campo=«transmisión»; valor=«NO DOCUMENTADA POR LAS C CITADAS EN ESTA FICHA»","0","447","eb65a6efc4b262af7edb4488ea907c29f7dba2c4e4f61fd76472b653aa547f93","8a33be0a189a42fe8a6c4b14ae5e36aa8df9da89aa312c045c6fd99de3c3f355","91b70d4fa98036b2ebac634c822e133cb4ed9780393b3446f9a0004b0a5c67a3","Comprobación por el autor de sum(all(component in text for component in componentes) for text in textos) con ExactCooccurrenceIndex.count; componentes de nominal_query y corpus de source_snapshot. Coinciden ambos; resultado literal, no ausencia científica ni adjudicación de revisión."
"BN-473","89fdc1a82b90cbeb6c7ed6d6d9a2aab1f4bb95a880b4e7b5859128edbd7ac808","REINSPECCION","2026-09-27T00:05:04Z","/root (autor; no revisión independiente)","C-2708","data/busquedas_negativas/15_5_15-5-asociacion-integracion-y-transferencia.csv","data/tablas/09/table-43-9-4-1-fichas-comparativas-por-grado-de-integracion.csv","7","genoma del socio comparado con parientes de vida libre","identidad=«Mecanismo: endosimbiosis eucariota obligada — *Paramoeba*–*Perkinsela*»; campo=«genoma del socio comparado con parientes de vida libre»; valor=«núcleo aprox. 9,5 Mb; mitocondria conserva 6 genes proteicos; comparación con pariente libre NO LOCALIZADA»","0","447","eb65a6efc4b262af7edb4488ea907c29f7dba2c4e4f61fd76472b653aa547f93","8a33be0a189a42fe8a6c4b14ae5e36aa8df9da89aa312c045c6fd99de3c3f355","91b70d4fa98036b2ebac634c822e133cb4ed9780393b3446f9a0004b0a5c67a3","Comprobación por el autor de sum(all(component in text for component in componentes) for text in textos) con ExactCooccurrenceIndex.count; componentes de nominal_query y corpus de source_snapshot. Coinciden ambos; resultado literal, no ausencia científica ni adjudicación de revisión."
"BN-474","79caf9a4165db06a0bd99016f0c0e90b77b3732b30139a03555c65c2fb9b46b7","REINSPECCION","2026-09-27T00:05:05Z","/root (autor; no revisión independiente)","C-2709","data/busquedas_negativas/15_5_15-5-asociacion-integracion-y-transferencia.csv","data/tablas/09/table-43-9-4-1-fichas-comparativas-por-grado-de-integracion.csv","7","EGT al núcleo; importación de proteínas de vuelta","identidad=«Mecanismo: endosimbiosis eucariota obligada — *Paramoeba*–*Perkinsela*»; campo=«EGT al núcleo; importación de proteínas de vuelta»; valor=«EGT: NO DOCUMENTADA; importación de vuelta: NO DOCUMENTADA; Perkinsela incorpora material citoplasmático del hospedador»","0","447","eb65a6efc4b262af7edb4488ea907c29f7dba2c4e4f61fd76472b653aa547f93","8a33be0a189a42fe8a6c4b14ae5e36aa8df9da89aa312c045c6fd99de3c3f355","91b70d4fa98036b2ebac634c822e133cb4ed9780393b3446f9a0004b0a5c67a3","Comprobación por el autor de sum(all(component in text for component in componentes) for text in textos) con ExactCooccurrenceIndex.count; componentes de nominal_query y corpus de source_snapshot. Coinciden ambos; resultado literal, no ausencia científica ni adjudicación de revisión."
"BN-475","40a7608f108b8e13f5a24e76d18c5336a2e87660b7b58483415bcff759b46c5f","REINSPECCION","2026-09-27T00:05:06Z","/root (autor; no revisión independiente)","C-2710","data/busquedas_negativas/15_5_15-5-asociacion-integracion-y-transferencia.csv","data/tablas/09/table-43-9-4-1-fichas-comparativas-por-grado-de-integracion.csv","8","estado obligado, facultativo o reversible","identidad=«Mecanismo: orgánulo fotosintético con EGT e importación — *Paulinella chromatophora*–cromatóforo»; campo=«estado obligado, facultativo o reversible»; valor=«integración funcional heredada; reversibilidad NO DOCUMENTADA»","0","447","eb65a6efc4b262af7edb4488ea907c29f7dba2c4e4f61fd76472b653aa547f93","8a33be0a189a42fe8a6c4b14ae5e36aa8df9da89aa312c045c6fd99de3c3f355","91b70d4fa98036b2ebac634c822e133cb4ed9780393b3446f9a0004b0a5c67a3","Comprobación por el autor de sum(all(component in text for component in componentes) for text in textos) con ExactCooccurrenceIndex.count; componentes de nominal_query y corpus de source_snapshot. Coinciden ambos; resultado literal, no ausencia científica ni adjudicación de revisión."
"BN-476","7469e01900573a784b785016ecaff8229f091f93b3a8810b123dccec38705bfb","REINSPECCION","2026-09-27T00:05:07Z","/root (autor; no revisión independiente)","C-2711","data/busquedas_negativas/15_5_15-5-asociacion-integracion-y-transferencia.csv","data/tablas/09/table-43-9-4-1-fichas-comparativas-por-grado-de-integracion.csv","9","transmisión","identidad=«Mecanismo: orgánulo fijador de nitrógeno propuesto — *Braarudosphaera bigelowii*–UCYN-A»; campo=«transmisión»; valor=«división coordinada con el ciclo celular; modo entre generaciones NO DOCUMENTADO EN ESTA FICHA»","0","447","eb65a6efc4b262af7edb4488ea907c29f7dba2c4e4f61fd76472b653aa547f93","8a33be0a189a42fe8a6c4b14ae5e36aa8df9da89aa312c045c6fd99de3c3f355","91b70d4fa98036b2ebac634c822e133cb4ed9780393b3446f9a0004b0a5c67a3","Comprobación por el autor de sum(all(component in text for component in componentes) for text in textos) con ExactCooccurrenceIndex.count; componentes de nominal_query y corpus de source_snapshot. Coinciden ambos; resultado literal, no ausencia científica ni adjudicación de revisión."
"BN-477","9e14cb1c01dcdad0a6ac7473a7792631d326cd27196df67586672c25ff62b23e","REINSPECCION","2026-09-27T00:05:07Z","/root (autor; no revisión independiente)","C-2712","data/busquedas_negativas/15_5_15-5-asociacion-integracion-y-transferencia.csv","data/tablas/09/table-43-9-4-1-fichas-comparativas-por-grado-de-integracion.csv","9","genoma del socio comparado con parientes de vida libre","identidad=«Mecanismo: orgánulo fijador de nitrógeno propuesto — *Braarudosphaera bigelowii*–UCYN-A»; campo=«genoma del socio comparado con parientes de vida libre»; valor=«NO DOCUMENTADO POR LAS C CITADAS EN ESTA FICHA»","0","447","eb65a6efc4b262af7edb4488ea907c29f7dba2c4e4f61fd76472b653aa547f93","8a33be0a189a42fe8a6c4b14ae5e36aa8df9da89aa312c045c6fd99de3c3f355","91b70d4fa98036b2ebac634c822e133cb4ed9780393b3446f9a0004b0a5c67a3","Comprobación por el autor de sum(all(component in text for component in componentes) for text in textos) con ExactCooccurrenceIndex.count; componentes de nominal_query y corpus de source_snapshot. Coinciden ambos; resultado literal, no ausencia científica ni adjudicación de revisión."
"BN-478","126f59870fd0391ae20fc3e19ef5e6a5b14eeb4656a915e3124cb9aba04b472f","REINSPECCION","2026-09-27T00:05:07Z","/root (autor; no revisión independiente)","C-2713","data/busquedas_negativas/15_5_15-5-asociacion-integracion-y-transferencia.csv","data/tablas/09/table-43-9-4-1-fichas-comparativas-por-grado-de-integracion.csv","9","EGT al núcleo; importación de proteínas de vuelta","identidad=«Mecanismo: orgánulo fijador de nitrógeno propuesto — *Braarudosphaera bigelowii*–UCYN-A»; campo=«EGT al núcleo; importación de proteínas de vuelta»; valor=«EGT: NO DEMOSTRADA POR LAS FUENTES RECUPERADAS; importación: proteínas nucleares dirigidas a UCYN-A»","0","447","eb65a6efc4b262af7edb4488ea907c29f7dba2c4e4f61fd76472b653aa547f93","8a33be0a189a42fe8a6c4b14ae5e36aa8df9da89aa312c045c6fd99de3c3f355","91b70d4fa98036b2ebac634c822e133cb4ed9780393b3446f9a0004b0a5c67a3","Comprobación por el autor de sum(all(component in text for component in componentes) for text in textos) con ExactCooccurrenceIndex.count; componentes de nominal_query y corpus de source_snapshot. Coinciden ambos; resultado literal, no ausencia científica ni adjudicación de revisión."
"BN-479","03bfab37e9f738ce994216bb9b14b93e8be130a95d59720d03f1912bc514781d","REINSPECCION","2026-09-27T00:05:08Z","/root (autor; no revisión independiente)","C-2714","data/busquedas_negativas/15_5_15-5-asociacion-integracion-y-transferencia.csv","data/tablas/09/table-43-9-4-1-fichas-comparativas-por-grado-de-integracion.csv","9","estado obligado, facultativo o reversible","identidad=«Mecanismo: orgánulo fijador de nitrógeno propuesto — *Braarudosphaera bigelowii*–UCYN-A»; campo=«estado obligado, facultativo o reversible»; valor=«orgánulo propuesto; obligación y reversibilidad NO CLASIFICADAS POR LAS C CITADAS»","0","447","eb65a6efc4b262af7edb4488ea907c29f7dba2c4e4f61fd76472b653aa547f93","8a33be0a189a42fe8a6c4b14ae5e36aa8df9da89aa312c045c6fd99de3c3f355","91b70d4fa98036b2ebac634c822e133cb4ed9780393b3446f9a0004b0a5c67a3","Comprobación por el autor de sum(all(component in text for component in componentes) for text in textos) con ExactCooccurrenceIndex.count; componentes de nominal_query y corpus de source_snapshot. Coinciden ambos; resultado literal, no ausencia científica ni adjudicación de revisión."
"BN-480","403e814b1d0606ff6d34a57ce089ccb26f3928cdaa53e2f4e696a586df8d9ae5","REINSPECCION","2026-09-27T00:05:09Z","/root (autor; no revisión independiente)","C-2715","data/busquedas_negativas/15_5_15-5-asociacion-integracion-y-transferencia.csv","data/tablas/09/table-43-9-4-1-fichas-comparativas-por-grado-de-integracion.csv","10","aporte documentado del hospedador; aporte documentado del socio","identidad=«Mecanismo: transmisión vertical incompleta con readquisición — *Hatena arenicola*–*Nephroselmis*»; campo=«aporte documentado del hospedador; aporte documentado del socio»; valor=«Hospedador: aparato de alimentación y captura; socio: fotosíntesis y remodelación intracelular.»","0","447","eb65a6efc4b262af7edb4488ea907c29f7dba2c4e4f61fd76472b653aa547f93","8a33be0a189a42fe8a6c4b14ae5e36aa8df9da89aa312c045c6fd99de3c3f355","91b70d4fa98036b2ebac634c822e133cb4ed9780393b3446f9a0004b0a5c67a3","Comprobación por el autor de sum(all(component in text for component in componentes) for text in textos) con ExactCooccurrenceIndex.count; componentes de nominal_query y corpus de source_snapshot. Coinciden ambos; resultado literal, no ausencia científica ni adjudicación de revisión."
"BN-481","a1eabfa6a724f13a7594e29b0910ced32f5c54614308b4fecf7448331d024caa","REINSPECCION","2026-09-27T00:05:09Z","/root (autor; no revisión independiente)","C-2717","data/busquedas_negativas/15_5_15-5-asociacion-integracion-y-transferencia.csv","data/tablas/09/table-43-9-4-1-fichas-comparativas-por-grado-de-integracion.csv","10","genoma del socio comparado con parientes de vida libre","identidad=«Mecanismo: transmisión vertical incompleta con readquisición — *Hatena arenicola*–*Nephroselmis*»; campo=«genoma del socio comparado con parientes de vida libre»; valor=«NO DOCUMENTADO POR LAS C CITADAS EN ESTA FICHA»","0","447","eb65a6efc4b262af7edb4488ea907c29f7dba2c4e4f61fd76472b653aa547f93","8a33be0a189a42fe8a6c4b14ae5e36aa8df9da89aa312c045c6fd99de3c3f355","91b70d4fa98036b2ebac634c822e133cb4ed9780393b3446f9a0004b0a5c67a3","Comprobación por el autor de sum(all(component in text for component in componentes) for text in textos) con ExactCooccurrenceIndex.count; componentes de nominal_query y corpus de source_snapshot. Coinciden ambos; resultado literal, no ausencia científica ni adjudicación de revisión."
"BN-482","01c503768847b31e1fa2acd4dc07e97516592cbd44d7019da3e55430f711b4c9","REINSPECCION","2026-09-27T00:05:10Z","/root (autor; no revisión independiente)","C-2718","data/busquedas_negativas/15_5_15-5-asociacion-integracion-y-transferencia.csv","data/tablas/09/table-43-9-4-1-fichas-comparativas-por-grado-de-integracion.csv","10","EGT al núcleo; importación de proteínas de vuelta","identidad=«Mecanismo: transmisión vertical incompleta con readquisición — *Hatena arenicola*–*Nephroselmis*»; campo=«EGT al núcleo; importación de proteínas de vuelta»; valor=«EGT: 30 candidatos en informe de proyecto sin validación funcional publicada; importación: NO DOCUMENTADA»","0","447","eb65a6efc4b262af7edb4488ea907c29f7dba2c4e4f61fd76472b653aa547f93","8a33be0a189a42fe8a6c4b14ae5e36aa8df9da89aa312c045c6fd99de3c3f355","91b70d4fa98036b2ebac634c822e133cb4ed9780393b3446f9a0004b0a5c67a3","Comprobación por el autor de sum(all(component in text for component in componentes) for text in textos) con ExactCooccurrenceIndex.count; componentes de nominal_query y corpus de source_snapshot. Coinciden ambos; resultado literal, no ausencia científica ni adjudicación de revisión."
"BN-483","444fce5470a74e40bf418b165923c6e22bbc320f3fb9eeacb437e19684ed8553","REINSPECCION","2026-09-27T00:05:10Z","/root (autor; no revisión independiente)","C-2719","data/busquedas_negativas/15_5_15-5-asociacion-integracion-y-transferencia.csv","data/tablas/09/table-43-9-4-1-fichas-comparativas-por-grado-de-integracion.csv","11","aporte documentado del hospedador; aporte documentado del socio","identidad=«Mecanismo: cuerpo esferoidal fijador de nitrógeno tras pérdida fotosintética — *Rhopalodia*/*Epithemia*»; campo=«aporte documentado del hospedador; aporte documentado del socio»; valor=«Hospedador: ambiente y metabolitos NO DESGLOSADOS EN ESTA FICHA; socio: fijación de nitrógeno.»","0","447","eb65a6efc4b262af7edb4488ea907c29f7dba2c4e4f61fd76472b653aa547f93","8a33be0a189a42fe8a6c4b14ae5e36aa8df9da89aa312c045c6fd99de3c3f355","91b70d4fa98036b2ebac634c822e133cb4ed9780393b3446f9a0004b0a5c67a3","Comprobación por el autor de sum(all(component in text for component in componentes) for text in textos) con ExactCooccurrenceIndex.count; componentes de nominal_query y corpus de source_snapshot. Coinciden ambos; resultado literal, no ausencia científica ni adjudicación de revisión."
"BN-484","4296f555751bf32319baa60be0bc5cc66c935f02b2b2601d2418884b003e1719","REINSPECCION","2026-09-27T00:05:11Z","/root (autor; no revisión independiente)","C-2720","data/busquedas_negativas/15_5_15-5-asociacion-integracion-y-transferencia.csv","data/tablas/09/table-43-9-4-1-fichas-comparativas-por-grado-de-integracion.csv","11","transmisión","identidad=«Mecanismo: cuerpo esferoidal fijador de nitrógeno tras pérdida fotosintética — *Rhopalodia*/*Epithemia*»; campo=«transmisión»; valor=«NO DOCUMENTADA POR LAS C CITADAS EN ESTA FICHA»","0","447","eb65a6efc4b262af7edb4488ea907c29f7dba2c4e4f61fd76472b653aa547f93","8a33be0a189a42fe8a6c4b14ae5e36aa8df9da89aa312c045c6fd99de3c3f355","91b70d4fa98036b2ebac634c822e133cb4ed9780393b3446f9a0004b0a5c67a3","Comprobación por el autor de sum(all(component in text for component in componentes) for text in textos) con ExactCooccurrenceIndex.count; componentes de nominal_query y corpus de source_snapshot. Coinciden ambos; resultado literal, no ausencia científica ni adjudicación de revisión."
"BN-485","c822cc843e94e2eb3f825cb2d2b08fba5bf725a7399d0664146450d93e724105","REINSPECCION","2026-09-27T00:05:11Z","/root (autor; no revisión independiente)","C-2721","data/busquedas_negativas/15_5_15-5-asociacion-integracion-y-transferencia.csv","data/tablas/09/table-43-9-4-1-fichas-comparativas-por-grado-de-integracion.csv","11","genoma del socio comparado con parientes de vida libre","identidad=«Mecanismo: cuerpo esferoidal fijador de nitrógeno tras pérdida fotosintética — *Rhopalodia*/*Epithemia*»; campo=«genoma del socio comparado con parientes de vida libre»; valor=«genoma cianobacteriano reducido y no fotosintético; comparación cuantitativa con pariente libre NO LOCALIZADA»","0","447","eb65a6efc4b262af7edb4488ea907c29f7dba2c4e4f61fd76472b653aa547f93","8a33be0a189a42fe8a6c4b14ae5e36aa8df9da89aa312c045c6fd99de3c3f355","91b70d4fa98036b2ebac634c822e133cb4ed9780393b3446f9a0004b0a5c67a3","Comprobación por el autor de sum(all(component in text for component in componentes) for text in textos) con ExactCooccurrenceIndex.count; componentes de nominal_query y corpus de source_snapshot. Coinciden ambos; resultado literal, no ausencia científica ni adjudicación de revisión."
"BN-486","32633b395d9bab9efed99f06043d696296bfe098af384efc6b2b7c5a834e785b","REINSPECCION","2026-09-27T00:05:12Z","/root (autor; no revisión independiente)","C-2722","data/busquedas_negativas/15_5_15-5-asociacion-integracion-y-transferencia.csv","data/tablas/09/table-43-9-4-1-fichas-comparativas-por-grado-de-integracion.csv","11","EGT al núcleo; importación de proteínas de vuelta","identidad=«Mecanismo: cuerpo esferoidal fijador de nitrógeno tras pérdida fotosintética — *Rhopalodia*/*Epithemia*»; campo=«EGT al núcleo; importación de proteínas de vuelta»; valor=«EGT: transferencias detectadas no funcionales en Epithemia; importación: NO DOCUMENTADA»","0","447","eb65a6efc4b262af7edb4488ea907c29f7dba2c4e4f61fd76472b653aa547f93","8a33be0a189a42fe8a6c4b14ae5e36aa8df9da89aa312c045c6fd99de3c3f355","91b70d4fa98036b2ebac634c822e133cb4ed9780393b3446f9a0004b0a5c67a3","Comprobación por el autor de sum(all(component in text for component in componentes) for text in textos) con ExactCooccurrenceIndex.count; componentes de nominal_query y corpus de source_snapshot. Coinciden ambos; resultado literal, no ausencia científica ni adjudicación de revisión."
"BN-487","d6dc2954672e692ef305687f9ce19f948eb3a816b99d5d3530d82228c3330289","REINSPECCION","2026-09-27T00:05:12Z","/root (autor; no revisión independiente)","C-2723","data/busquedas_negativas/15_5_15-5-asociacion-integracion-y-transferencia.csv","data/tablas/09/table-43-9-4-1-fichas-comparativas-por-grado-de-integracion.csv","11","estado obligado, facultativo o reversible","identidad=«Mecanismo: cuerpo esferoidal fijador de nitrógeno tras pérdida fotosintética — *Rhopalodia*/*Epithemia*»; campo=«estado obligado, facultativo o reversible»; valor=«especializada; obligación o reversibilidad NO CLASIFICADAS POR LAS C CITADAS»","0","447","eb65a6efc4b262af7edb4488ea907c29f7dba2c4e4f61fd76472b653aa547f93","8a33be0a189a42fe8a6c4b14ae5e36aa8df9da89aa312c045c6fd99de3c3f355","91b70d4fa98036b2ebac634c822e133cb4ed9780393b3446f9a0004b0a5c67a3","Comprobación por el autor de sum(all(component in text for component in componentes) for text in textos) con ExactCooccurrenceIndex.count; componentes de nominal_query y corpus de source_snapshot. Coinciden ambos; resultado literal, no ausencia científica ni adjudicación de revisión."
"BN-488","b394b13a987a1d4fb52cf079f5df429568efc45cf5c41540fa880a221d731683","REINSPECCION","2026-09-27T00:05:13Z","/root (autor; no revisión independiente)","C-2724","data/busquedas_negativas/15_5_15-5-asociacion-integracion-y-transferencia.csv","data/tablas/09/table-43-9-4-1-fichas-comparativas-por-grado-de-integracion.csv","12","aporte documentado del hospedador; aporte documentado del socio","identidad=«Mecanismo: adquisición trófica reiterada de orgánulos y núcleo — *Mesodinium rubrum*–criptófita»; campo=«aporte documentado del hospedador; aporte documentado del socio»; valor=«Hospedador: captura y mantenimiento; socio: plastos, mitocondrias, nucleomorfos y núcleos secuestrados.»","0","447","eb65a6efc4b262af7edb4488ea907c29f7dba2c4e4f61fd76472b653aa547f93","8a33be0a189a42fe8a6c4b14ae5e36aa8df9da89aa312c045c6fd99de3c3f355","91b70d4fa98036b2ebac634c822e133cb4ed9780393b3446f9a0004b0a5c67a3","Comprobación por el autor de sum(all(component in text for component in componentes) for text in textos) con ExactCooccurrenceIndex.count; componentes de nominal_query y corpus de source_snapshot. Coinciden ambos; resultado literal, no ausencia científica ni adjudicación de revisión."
"BN-489","77a1837ac9b3dec8e9012614a2e346e62909372f6af85f7ad66c72413b8bb20a","REINSPECCION","2026-09-27T00:05:14Z","/root (autor; no revisión independiente)","C-2726","data/busquedas_negativas/15_5_15-5-asociacion-integracion-y-transferencia.csv","data/tablas/09/table-43-9-4-1-fichas-comparativas-por-grado-de-integracion.csv","12","genoma del socio comparado con parientes de vida libre","identidad=«Mecanismo: adquisición trófica reiterada de orgánulos y núcleo — *Mesodinium rubrum*–criptófita»; campo=«genoma del socio comparado con parientes de vida libre»; valor=«orgánulos y núcleo retenidos; comparación con parientes libres NO LOCALIZADA»","0","447","eb65a6efc4b262af7edb4488ea907c29f7dba2c4e4f61fd76472b653aa547f93","8a33be0a189a42fe8a6c4b14ae5e36aa8df9da89aa312c045c6fd99de3c3f355","91b70d4fa98036b2ebac634c822e133cb4ed9780393b3446f9a0004b0a5c67a3","Comprobación por el autor de sum(all(component in text for component in componentes) for text in textos) con ExactCooccurrenceIndex.count; componentes de nominal_query y corpus de source_snapshot. Coinciden ambos; resultado literal, no ausencia científica ni adjudicación de revisión."
"BN-490","97fe135eedbd8a5063763e79b6b2f152d3c67db870668e26ac774bed3bdf79ca","REINSPECCION","2026-09-27T00:05:15Z","/root (autor; no revisión independiente)","C-2727","data/busquedas_negativas/15_5_15-5-asociacion-integracion-y-transferencia.csv","data/tablas/09/table-43-9-4-1-fichas-comparativas-por-grado-de-integracion.csv","12","EGT al núcleo; importación de proteínas de vuelta","identidad=«Mecanismo: adquisición trófica reiterada de orgánulos y núcleo — *Mesodinium rubrum*–criptófita»; campo=«EGT al núcleo; importación de proteínas de vuelta»; valor=«EGT: NO DOCUMENTADA; importación: NO DOCUMENTADA POR LAS C CITADAS»","0","447","eb65a6efc4b262af7edb4488ea907c29f7dba2c4e4f61fd76472b653aa547f93","8a33be0a189a42fe8a6c4b14ae5e36aa8df9da89aa312c045c6fd99de3c3f355","91b70d4fa98036b2ebac634c822e133cb4ed9780393b3446f9a0004b0a5c67a3","Comprobación por el autor de sum(all(component in text for component in componentes) for text in textos) con ExactCooccurrenceIndex.count; componentes de nominal_query y corpus de source_snapshot. Coinciden ambos; resultado literal, no ausencia científica ni adjudicación de revisión."
"BN-491","c3dc3ab46da22d436f60a3eacd7cc7ef2831d39f956f11c273a6c9a6e4988caf","REINSPECCION","2026-09-27T00:05:16Z","/root (autor; no revisión independiente)","C-2729","data/busquedas_negativas/15_5_15-5-asociacion-integracion-y-transferencia.csv","data/tablas/09/table-43-9-4-1-fichas-comparativas-por-grado-de-integracion.csv","13","genoma del socio comparado con parientes de vida libre","identidad=«Mecanismo: kleptoplastia vía presa intermediaria — *Dinophysis*–plastos criptófitos»; campo=«genoma del socio comparado con parientes de vida libre»; valor=«NO DOCUMENTADO POR LAS C CITADAS EN ESTA FICHA»","0","447","eb65a6efc4b262af7edb4488ea907c29f7dba2c4e4f61fd76472b653aa547f93","8a33be0a189a42fe8a6c4b14ae5e36aa8df9da89aa312c045c6fd99de3c3f355","91b70d4fa98036b2ebac634c822e133cb4ed9780393b3446f9a0004b0a5c67a3","Comprobación por el autor de sum(all(component in text for component in componentes) for text in textos) con ExactCooccurrenceIndex.count; componentes de nominal_query y corpus de source_snapshot. Coinciden ambos; resultado literal, no ausencia científica ni adjudicación de revisión."
"BN-492","6e8c65c3bd1fdc83a9c5e18302db307d8bd9f72495711bd4d4b97329f8d043d5","REINSPECCION","2026-09-27T00:05:16Z","/root (autor; no revisión independiente)","C-2730","data/busquedas_negativas/15_5_15-5-asociacion-integracion-y-transferencia.csv","data/tablas/09/table-43-9-4-1-fichas-comparativas-por-grado-de-integracion.csv","13","EGT al núcleo; importación de proteínas de vuelta","identidad=«Mecanismo: kleptoplastia vía presa intermediaria — *Dinophysis*–plastos criptófitos»; campo=«EGT al núcleo; importación de proteínas de vuelta»; valor=«EGT: NO DOCUMENTADA; importación: NO DOCUMENTADA POR LAS C CITADAS»","0","447","eb65a6efc4b262af7edb4488ea907c29f7dba2c4e4f61fd76472b653aa547f93","8a33be0a189a42fe8a6c4b14ae5e36aa8df9da89aa312c045c6fd99de3c3f355","91b70d4fa98036b2ebac634c822e133cb4ed9780393b3446f9a0004b0a5c67a3","Comprobación por el autor de sum(all(component in text for component in componentes) for text in textos) con ExactCooccurrenceIndex.count; componentes de nominal_query y corpus de source_snapshot. Coinciden ambos; resultado literal, no ausencia científica ni adjudicación de revisión."
"BN-493","3b16483424ace536759320e27e11d139a812a492f1bf8fcb03ffcccc3d10a856","REINSPECCION","2026-09-27T00:05:17Z","/root (autor; no revisión independiente)","C-2731","data/busquedas_negativas/15_5_15-5-asociacion-integracion-y-transferencia.csv","data/tablas/09/table-43-9-4-1-fichas-comparativas-por-grado-de-integracion.csv","13","estado obligado, facultativo o reversible","identidad=«Mecanismo: kleptoplastia vía presa intermediaria — *Dinophysis*–plastos criptófitos»; campo=«estado obligado, facultativo o reversible»; valor=«reversible por reposición trófica; no asociación heredada demostrada»","0","447","eb65a6efc4b262af7edb4488ea907c29f7dba2c4e4f61fd76472b653aa547f93","8a33be0a189a42fe8a6c4b14ae5e36aa8df9da89aa312c045c6fd99de3c3f355","91b70d4fa98036b2ebac634c822e133cb4ed9780393b3446f9a0004b0a5c67a3","Comprobación por el autor de sum(all(component in text for component in componentes) for text in textos) con ExactCooccurrenceIndex.count; componentes de nominal_query y corpus de source_snapshot. Coinciden ambos; resultado literal, no ausencia científica ni adjudicación de revisión."
"BN-494","e2d3bcc11aa1cd8ec82dbd8bbfd7c80be3527fc7c98dbf2a96101f04f5be6b0f","REINSPECCION","2026-09-27T00:05:19Z","/root (autor; no revisión independiente)","C-2733","data/busquedas_negativas/15_5_15-5-asociacion-integracion-y-transferencia.csv","data/tablas/09/table-43-9-4-1-fichas-comparativas-por-grado-de-integracion.csv","14","genoma del socio comparado con parientes de vida libre","identidad=«Mecanismo: kleptoplastia animal sin HGT nuclear extensa — *Elysia*/*Plakobranchus*–plastos»; campo=«genoma del socio comparado con parientes de vida libre»; valor=«NO DOCUMENTADO POR LAS C CITADAS EN ESTA FICHA»","0","447","eb65a6efc4b262af7edb4488ea907c29f7dba2c4e4f61fd76472b653aa547f93","8a33be0a189a42fe8a6c4b14ae5e36aa8df9da89aa312c045c6fd99de3c3f355","91b70d4fa98036b2ebac634c822e133cb4ed9780393b3446f9a0004b0a5c67a3","Comprobación por el autor de sum(all(component in text for component in componentes) for text in textos) con ExactCooccurrenceIndex.count; componentes de nominal_query y corpus de source_snapshot. Coinciden ambos; resultado literal, no ausencia científica ni adjudicación de revisión."
"BN-495","a90f00905ce3d18e438c4d923224cf7a58d1f95522a9910be0cbabfdf469fad2","REINSPECCION","2026-09-27T00:05:20Z","/root (autor; no revisión independiente)","C-2734","data/busquedas_negativas/15_5_15-5-asociacion-integracion-y-transferencia.csv","data/tablas/09/table-43-9-4-1-fichas-comparativas-por-grado-de-integracion.csv","14","EGT al núcleo; importación de proteínas de vuelta","identidad=«Mecanismo: kleptoplastia animal sin HGT nuclear extensa — *Elysia*/*Plakobranchus*–plastos»; campo=«EGT al núcleo; importación de proteínas de vuelta»; valor=«EGT: sin HGT nuclear extensa demostrada en los genomas examinados; importación: NO DOCUMENTADA»","0","447","eb65a6efc4b262af7edb4488ea907c29f7dba2c4e4f61fd76472b653aa547f93","8a33be0a189a42fe8a6c4b14ae5e36aa8df9da89aa312c045c6fd99de3c3f355","91b70d4fa98036b2ebac634c822e133cb4ed9780393b3446f9a0004b0a5c67a3","Comprobación por el autor de sum(all(component in text for component in componentes) for text in textos) con ExactCooccurrenceIndex.count; componentes de nominal_query y corpus de source_snapshot. Coinciden ambos; resultado literal, no ausencia científica ni adjudicación de revisión."
"BN-496","1af501d4abbaa45b13bfb8990d7482772ab3ba079e2292f21ced2a3af50380a8","REINSPECCION","2026-09-27T00:05:22Z","/root (autor; no revisión independiente)","C-2735","data/busquedas_negativas/15_5_15-5-asociacion-integracion-y-transferencia.csv","data/tablas/09/table-43-9-4-1-fichas-comparativas-por-grado-de-integracion.csv","15","aporte documentado del hospedador; aporte documentado del socio","identidad=«Mecanismo: endosimbiosis secundaria con núcleo reducido retenido — criptófitos/cloraracniófitos–nucleomorfo»; campo=«aporte documentado del hospedador; aporte documentado del socio»; valor=«Hospedador: compartimentalización y mantenimiento; socio: genoma nucleomórfico reducido.»","0","447","eb65a6efc4b262af7edb4488ea907c29f7dba2c4e4f61fd76472b653aa547f93","8a33be0a189a42fe8a6c4b14ae5e36aa8df9da89aa312c045c6fd99de3c3f355","91b70d4fa98036b2ebac634c822e133cb4ed9780393b3446f9a0004b0a5c67a3","Comprobación por el autor de sum(all(component in text for component in componentes) for text in textos) con ExactCooccurrenceIndex.count; componentes de nominal_query y corpus de source_snapshot. Coinciden ambos; resultado literal, no ausencia científica ni adjudicación de revisión."
"BN-497","55039a06ad7212f22a8bf1ca62822c0ffcf9826b20073c3760f449be93ff501d","REINSPECCION","2026-09-27T00:05:22Z","/root (autor; no revisión independiente)","C-2737","data/busquedas_negativas/15_5_15-5-asociacion-integracion-y-transferencia.csv","data/tablas/09/table-43-9-4-1-fichas-comparativas-por-grado-de-integracion.csv","15","transmisión","identidad=«Mecanismo: endosimbiosis secundaria con núcleo reducido retenido — criptófitos/cloraracniófitos–nucleomorfo»; campo=«transmisión»; valor=«NO DOCUMENTADA POR LAS C CITADAS EN ESTA FICHA»","0","447","eb65a6efc4b262af7edb4488ea907c29f7dba2c4e4f61fd76472b653aa547f93","8a33be0a189a42fe8a6c4b14ae5e36aa8df9da89aa312c045c6fd99de3c3f355","91b70d4fa98036b2ebac634c822e133cb4ed9780393b3446f9a0004b0a5c67a3","Comprobación por el autor de sum(all(component in text for component in componentes) for text in textos) con ExactCooccurrenceIndex.count; componentes de nominal_query y corpus de source_snapshot. Coinciden ambos; resultado literal, no ausencia científica ni adjudicación de revisión."
"BN-498","a089ee971bbf15501a466bc1ea716f7aa32588869a544bfa7278ae59bdf84334","REINSPECCION","2026-09-27T00:05:23Z","/root (autor; no revisión independiente)","C-2738","data/busquedas_negativas/15_5_15-5-asociacion-integracion-y-transferencia.csv","data/tablas/09/table-43-9-4-1-fichas-comparativas-por-grado-de-integracion.csv","15","genoma del socio comparado con parientes de vida libre","identidad=«Mecanismo: endosimbiosis secundaria con núcleo reducido retenido — criptófitos/cloraracniófitos–nucleomorfo»; campo=«genoma del socio comparado con parientes de vida libre»; valor=«373 kb/331 genes en *Bigelowiella*; 551 kb en *Guillardia*; comparación con pariente libre NO CUANTIFICADA EN ESTA FICHA»","0","447","eb65a6efc4b262af7edb4488ea907c29f7dba2c4e4f61fd76472b653aa547f93","8a33be0a189a42fe8a6c4b14ae5e36aa8df9da89aa312c045c6fd99de3c3f355","91b70d4fa98036b2ebac634c822e133cb4ed9780393b3446f9a0004b0a5c67a3","Comprobación por el autor de sum(all(component in text for component in componentes) for text in textos) con ExactCooccurrenceIndex.count; componentes de nominal_query y corpus de source_snapshot. Coinciden ambos; resultado literal, no ausencia científica ni adjudicación de revisión."
"BN-499","3e221197fe0f94861fc3fe8bc10ec4a9c736d4341c6e9e3fa013bd30c2584644","REINSPECCION","2026-09-27T00:05:24Z","/root (autor; no revisión independiente)","C-2739","data/busquedas_negativas/15_5_15-5-asociacion-integracion-y-transferencia.csv","data/tablas/09/table-43-9-4-1-fichas-comparativas-por-grado-de-integracion.csv","15","EGT al núcleo; importación de proteínas de vuelta","identidad=«Mecanismo: endosimbiosis secundaria con núcleo reducido retenido — criptófitos/cloraracniófitos–nucleomorfo»; campo=«EGT al núcleo; importación de proteínas de vuelta»; valor=«EGT: NO DOCUMENTADA EN ESTA FICHA; importación: NO DOCUMENTADA EN ESTA FICHA»","0","447","eb65a6efc4b262af7edb4488ea907c29f7dba2c4e4f61fd76472b653aa547f93","8a33be0a189a42fe8a6c4b14ae5e36aa8df9da89aa312c045c6fd99de3c3f355","91b70d4fa98036b2ebac634c822e133cb4ed9780393b3446f9a0004b0a5c67a3","Comprobación por el autor de sum(all(component in text for component in componentes) for text in textos) con ExactCooccurrenceIndex.count; componentes de nominal_query y corpus de source_snapshot. Coinciden ambos; resultado literal, no ausencia científica ni adjudicación de revisión."
"BN-500","0e7fc2bd430be64b2c8f79d3fea81d6305529151ecad42e4d24b9e9c1c2c1816","REINSPECCION","2026-09-27T00:05:25Z","/root (autor; no revisión independiente)","C-2740","data/busquedas_negativas/15_5_15-5-asociacion-integracion-y-transferencia.csv","data/tablas/09/table-43-9-4-1-fichas-comparativas-por-grado-de-integracion.csv","15","estado obligado, facultativo o reversible","identidad=«Mecanismo: endosimbiosis secundaria con núcleo reducido retenido — criptófitos/cloraracniófitos–nucleomorfo»; campo=«estado obligado, facultativo o reversible»; valor=«dos integraciones independientes; obligación/reversibilidad NO CLASIFICADAS POR LAS C CITADAS»","0","447","eb65a6efc4b262af7edb4488ea907c29f7dba2c4e4f61fd76472b653aa547f93","8a33be0a189a42fe8a6c4b14ae5e36aa8df9da89aa312c045c6fd99de3c3f355","91b70d4fa98036b2ebac634c822e133cb4ed9780393b3446f9a0004b0a5c67a3","Comprobación por el autor de sum(all(component in text for component in componentes) for text in textos) con ExactCooccurrenceIndex.count; componentes de nominal_query y corpus de source_snapshot. Coinciden ambos; resultado literal, no ausencia científica ni adjudicación de revisión."
"BN-501","1ac7bb595ddc5c833fdad7ca152b31d320b858eecdb35528c2371fcfd6c88353","REINSPECCION","2026-09-27T00:05:27Z","/root (autor; no revisión independiente)","C-2742","data/busquedas_negativas/15_5_15-5-asociacion-integracion-y-transferencia.csv","data/tablas/09/table-43-9-4-1-fichas-comparativas-por-grado-de-integracion.csv","16","transmisión","identidad=«Mecanismo: endosimbiosis terciaria con núcleo y mitocondrias retenidos — dinotomos–endosimbionte diatomeo»; campo=«transmisión»; valor=«NO DOCUMENTADA POR LAS C CITADAS EN ESTA FICHA»","0","447","eb65a6efc4b262af7edb4488ea907c29f7dba2c4e4f61fd76472b653aa547f93","8a33be0a189a42fe8a6c4b14ae5e36aa8df9da89aa312c045c6fd99de3c3f355","91b70d4fa98036b2ebac634c822e133cb4ed9780393b3446f9a0004b0a5c67a3","Comprobación por el autor de sum(all(component in text for component in componentes) for text in textos) con ExactCooccurrenceIndex.count; componentes de nominal_query y corpus de source_snapshot. Coinciden ambos; resultado literal, no ausencia científica ni adjudicación de revisión."
"BN-502","6c0270252cf502f27a5ba03dd3ef97f95b3eb817899e406ed741c930a99b11dd","REINSPECCION","2026-09-27T00:05:28Z","/root (autor; no revisión independiente)","C-2743","data/busquedas_negativas/15_5_15-5-asociacion-integracion-y-transferencia.csv","data/tablas/09/table-43-9-4-1-fichas-comparativas-por-grado-de-integracion.csv","16","EGT al núcleo; importación de proteínas de vuelta","identidad=«Mecanismo: endosimbiosis terciaria con núcleo y mitocondrias retenidos — dinotomos–endosimbionte diatomeo»; campo=«EGT al núcleo; importación de proteínas de vuelta»; valor=«EGT: 9 candidatos; importación: NO DOCUMENTADA POR LAS C CITADAS»","0","447","eb65a6efc4b262af7edb4488ea907c29f7dba2c4e4f61fd76472b653aa547f93","8a33be0a189a42fe8a6c4b14ae5e36aa8df9da89aa312c045c6fd99de3c3f355","91b70d4fa98036b2ebac634c822e133cb4ed9780393b3446f9a0004b0a5c67a3","Comprobación por el autor de sum(all(component in text for component in componentes) for text in textos) con ExactCooccurrenceIndex.count; componentes de nominal_query y corpus de source_snapshot. Coinciden ambos; resultado literal, no ausencia científica ni adjudicación de revisión."
"BN-503","ed6683b64d277c4d4b8984c464cfde0bd0a4d604795d13c4e2a6b6892207278c","REINSPECCION","2026-09-27T00:05:30Z","/root (autor; no revisión independiente)","C-2744","data/busquedas_negativas/15_5_15-5-asociacion-integracion-y-transferencia.csv","data/tablas/09/table-43-9-4-1-fichas-comparativas-por-grado-de-integracion.csv","17","aporte documentado del hospedador; aporte documentado del socio","identidad=«Mecanismo: reemplazo terciario por plasto haptófito — kareniáceos–plasto haptófito»; campo=«aporte documentado del hospedador; aporte documentado del socio»; valor=«Hospedador: mantenimiento e integración nuclear; socio: fotosíntesis.»","0","447","eb65a6efc4b262af7edb4488ea907c29f7dba2c4e4f61fd76472b653aa547f93","8a33be0a189a42fe8a6c4b14ae5e36aa8df9da89aa312c045c6fd99de3c3f355","91b70d4fa98036b2ebac634c822e133cb4ed9780393b3446f9a0004b0a5c67a3","Comprobación por el autor de sum(all(component in text for component in componentes) for text in textos) con ExactCooccurrenceIndex.count; componentes de nominal_query y corpus de source_snapshot. Coinciden ambos; resultado literal, no ausencia científica ni adjudicación de revisión."
"BN-504","950427da1c3f475dac3ec8c1de2cdb9053252566af3301432a1146f0cb99bb88","REINSPECCION","2026-09-27T00:05:31Z","/root (autor; no revisión independiente)","C-2746","data/busquedas_negativas/15_5_15-5-asociacion-integracion-y-transferencia.csv","data/tablas/09/table-43-9-4-1-fichas-comparativas-por-grado-de-integracion.csv","17","transmisión","identidad=«Mecanismo: reemplazo terciario por plasto haptófito — kareniáceos–plasto haptófito»; campo=«transmisión»; valor=«NO DOCUMENTADA POR LAS C CITADAS EN ESTA FICHA»","0","447","eb65a6efc4b262af7edb4488ea907c29f7dba2c4e4f61fd76472b653aa547f93","8a33be0a189a42fe8a6c4b14ae5e36aa8df9da89aa312c045c6fd99de3c3f355","91b70d4fa98036b2ebac634c822e133cb4ed9780393b3446f9a0004b0a5c67a3","Comprobación por el autor de sum(all(component in text for component in componentes) for text in textos) con ExactCooccurrenceIndex.count; componentes de nominal_query y corpus de source_snapshot. Coinciden ambos; resultado literal, no ausencia científica ni adjudicación de revisión."
"BN-505","3a18484906032a5934f2e3aa49f8814d7635d6be30d327f92e60829020f5e907","REINSPECCION","2026-09-27T00:05:32Z","/root (autor; no revisión independiente)","C-2747","data/busquedas_negativas/15_5_15-5-asociacion-integracion-y-transferencia.csv","data/tablas/09/table-43-9-4-1-fichas-comparativas-por-grado-de-integracion.csv","17","EGT al núcleo; importación de proteínas de vuelta","identidad=«Mecanismo: reemplazo terciario por plasto haptófito — kareniáceos–plasto haptófito»; campo=«EGT al núcleo; importación de proteínas de vuelta»; valor=«EGT: 90 candidatos; importación: NO DOCUMENTADA POR LAS C CITADAS»","0","447","eb65a6efc4b262af7edb4488ea907c29f7dba2c4e4f61fd76472b653aa547f93","8a33be0a189a42fe8a6c4b14ae5e36aa8df9da89aa312c045c6fd99de3c3f355","91b70d4fa98036b2ebac634c822e133cb4ed9780393b3446f9a0004b0a5c67a3","Comprobación por el autor de sum(all(component in text for component in componentes) for text in textos) con ExactCooccurrenceIndex.count; componentes de nominal_query y corpus de source_snapshot. Coinciden ambos; resultado literal, no ausencia científica ni adjudicación de revisión."
"BN-506","29888533ff5664a7c6e2ed5e1a3d19633ef027716f74225f74f3eb1da970f195","REINSPECCION","2026-09-27T00:05:33Z","/root (autor; no revisión independiente)","C-2748","data/busquedas_negativas/15_5_15-5-asociacion-integracion-y-transferencia.csv","data/tablas/09/table-43-9-4-1-fichas-comparativas-por-grado-de-integracion.csv","17","estado obligado, facultativo o reversible","identidad=«Mecanismo: reemplazo terciario por plasto haptófito — kareniáceos–plasto haptófito»; campo=«estado obligado, facultativo o reversible»; valor=«integrada; una o varias adquisiciones no resueltas; reversibilidad NO DOCUMENTADA»","0","447","eb65a6efc4b262af7edb4488ea907c29f7dba2c4e4f61fd76472b653aa547f93","8a33be0a189a42fe8a6c4b14ae5e36aa8df9da89aa312c045c6fd99de3c3f355","91b70d4fa98036b2ebac634c822e133cb4ed9780393b3446f9a0004b0a5c67a3","Comprobación por el autor de sum(all(component in text for component in componentes) for text in textos) con ExactCooccurrenceIndex.count; componentes de nominal_query y corpus de source_snapshot. Coinciden ambos; resultado literal, no ausencia científica ni adjudicación de revisión."
"BN-507","61285d63721331c138ba43b977003601d7d96d94bec45e2712bf617d32457b5f","REINSPECCION","2026-09-27T00:05:35Z","/root (autor; no revisión independiente)","C-2750","data/busquedas_negativas/15_5_15-5-asociacion-integracion-y-transferencia.csv","data/tablas/09/table-43-9-4-1-fichas-comparativas-por-grado-de-integracion.csv","18","transmisión","identidad=«Mecanismo: endosimbiosis anidada con reemplazo — *Tremblaya*–*Moranella*–piojo harinoso»; campo=«transmisión»; valor=«reemplazos históricos del endosimbionte interno en distintos linajes; modo generacional NO DOCUMENTADO EN ESTA FICHA»","0","447","eb65a6efc4b262af7edb4488ea907c29f7dba2c4e4f61fd76472b653aa547f93","8a33be0a189a42fe8a6c4b14ae5e36aa8df9da89aa312c045c6fd99de3c3f355","91b70d4fa98036b2ebac634c822e133cb4ed9780393b3446f9a0004b0a5c67a3","Comprobación por el autor de sum(all(component in text for component in componentes) for text in textos) con ExactCooccurrenceIndex.count; componentes de nominal_query y corpus de source_snapshot. Coinciden ambos; resultado literal, no ausencia científica ni adjudicación de revisión."
"BN-508","3cf9a2440e5782affb83173af6bf540dcbae9c7993d71efd1986d9aaf2e40be9","REINSPECCION","2026-09-27T00:05:36Z","/root (autor; no revisión independiente)","C-2751","data/busquedas_negativas/15_5_15-5-asociacion-integracion-y-transferencia.csv","data/tablas/09/table-43-9-4-1-fichas-comparativas-por-grado-de-integracion.csv","18","genoma del socio comparado con parientes de vida libre","identidad=«Mecanismo: endosimbiosis anidada con reemplazo — *Tremblaya*–*Moranella*–piojo harinoso»; campo=«genoma del socio comparado con parientes de vida libre»; valor=«138.927 bp y 538.294 bp; comparación con parientes libres NO CUANTIFICADA EN ESTA FICHA»","0","447","eb65a6efc4b262af7edb4488ea907c29f7dba2c4e4f61fd76472b653aa547f93","8a33be0a189a42fe8a6c4b14ae5e36aa8df9da89aa312c045c6fd99de3c3f355","91b70d4fa98036b2ebac634c822e133cb4ed9780393b3446f9a0004b0a5c67a3","Comprobación por el autor de sum(all(component in text for component in componentes) for text in textos) con ExactCooccurrenceIndex.count; componentes de nominal_query y corpus de source_snapshot. Coinciden ambos; resultado literal, no ausencia científica ni adjudicación de revisión."
"BN-509","d6a447beb1db40c3663693cc7fca08a2e6191075663f005ac9115052407cd6c9","REINSPECCION","2026-09-27T00:05:37Z","/root (autor; no revisión independiente)","C-2752","data/busquedas_negativas/15_5_15-5-asociacion-integracion-y-transferencia.csv","data/tablas/09/table-43-9-4-1-fichas-comparativas-por-grado-de-integracion.csv","18","EGT al núcleo; importación de proteínas de vuelta","identidad=«Mecanismo: endosimbiosis anidada con reemplazo — *Tremblaya*–*Moranella*–piojo harinoso»; campo=«EGT al núcleo; importación de proteínas de vuelta»; valor=«EGT/HGT: genes bacterianos al insecto; importación de vuelta: NO DOCUMENTADA POR LAS C CITADAS»","0","447","eb65a6efc4b262af7edb4488ea907c29f7dba2c4e4f61fd76472b653aa547f93","8a33be0a189a42fe8a6c4b14ae5e36aa8df9da89aa312c045c6fd99de3c3f355","91b70d4fa98036b2ebac634c822e133cb4ed9780393b3446f9a0004b0a5c67a3","Comprobación por el autor de sum(all(component in text for component in componentes) for text in textos) con ExactCooccurrenceIndex.count; componentes de nominal_query y corpus de source_snapshot. Coinciden ambos; resultado literal, no ausencia científica ni adjudicación de revisión."
"BN-510","739a5a15d5b979d161521b5af821c90a6666e82db590dc4e91616aa1c922fecb","REINSPECCION","2026-09-27T00:05:38Z","/root (autor; no revisión independiente)","C-2753","data/busquedas_negativas/15_5_15-5-asociacion-integracion-y-transferencia.csv","data/tablas/09/table-43-9-4-1-fichas-comparativas-por-grado-de-integracion.csv","19","aporte documentado del hospedador; aporte documentado del socio","identidad=«Mecanismo: dependencia nutricional con transmisión materna — áfido–*Buchnera aphidicola*»; campo=«aporte documentado del hospedador; aporte documentado del socio»; valor=«Hospedador: ambiente y precursores metabólicos; socio: aminoácidos esenciales.»","0","447","eb65a6efc4b262af7edb4488ea907c29f7dba2c4e4f61fd76472b653aa547f93","8a33be0a189a42fe8a6c4b14ae5e36aa8df9da89aa312c045c6fd99de3c3f355","91b70d4fa98036b2ebac634c822e133cb4ed9780393b3446f9a0004b0a5c67a3","Comprobación por el autor de sum(all(component in text for component in componentes) for text in textos) con ExactCooccurrenceIndex.count; componentes de nominal_query y corpus de source_snapshot. Coinciden ambos; resultado literal, no ausencia científica ni adjudicación de revisión."
"BN-511","69c9468af72f1a9ac70c7e0c09e4ff41f92060bf24cebb44f506e8881ac6f9eb","REINSPECCION","2026-09-27T00:05:39Z","/root (autor; no revisión independiente)","C-2754","data/busquedas_negativas/15_5_15-5-asociacion-integracion-y-transferencia.csv","data/tablas/09/table-43-9-4-1-fichas-comparativas-por-grado-de-integracion.csv","19","genoma del socio comparado con parientes de vida libre","identidad=«Mecanismo: dependencia nutricional con transmisión materna — áfido–*Buchnera aphidicola*»; campo=«genoma del socio comparado con parientes de vida libre»; valor=«640.681 bp en APS; rango moderno 412–646 kb; reducción respecto de bacterias libres sostenida cualitativamente, comparación exacta NO TRANSCRITA»","0","447","eb65a6efc4b262af7edb4488ea907c29f7dba2c4e4f61fd76472b653aa547f93","8a33be0a189a42fe8a6c4b14ae5e36aa8df9da89aa312c045c6fd99de3c3f355","91b70d4fa98036b2ebac634c822e133cb4ed9780393b3446f9a0004b0a5c67a3","Comprobación por el autor de sum(all(component in text for component in componentes) for text in textos) con ExactCooccurrenceIndex.count; componentes de nominal_query y corpus de source_snapshot. Coinciden ambos; resultado literal, no ausencia científica ni adjudicación de revisión."
"BN-512","0e652f5261283921a64f7eb8767322564993c02e2a29d341afbb3029c00cc605","REINSPECCION","2026-09-27T00:05:40Z","/root (autor; no revisión independiente)","C-2755","data/busquedas_negativas/15_5_15-5-asociacion-integracion-y-transferencia.csv","data/tablas/09/table-43-9-4-1-fichas-comparativas-por-grado-de-integracion.csv","19","EGT al núcleo; importación de proteínas de vuelta","identidad=«Mecanismo: dependencia nutricional con transmisión materna — áfido–*Buchnera aphidicola*»; campo=«EGT al núcleo; importación de proteínas de vuelta»; valor=«EGT: NO DOCUMENTADA; importación: NO DOCUMENTADA POR LAS C CITADAS»","0","447","eb65a6efc4b262af7edb4488ea907c29f7dba2c4e4f61fd76472b653aa547f93","8a33be0a189a42fe8a6c4b14ae5e36aa8df9da89aa312c045c6fd99de3c3f355","91b70d4fa98036b2ebac634c822e133cb4ed9780393b3446f9a0004b0a5c67a3","Comprobación por el autor de sum(all(component in text for component in componentes) for text in textos) con ExactCooccurrenceIndex.count; componentes de nominal_query y corpus de source_snapshot. Coinciden ambos; resultado literal, no ausencia científica ni adjudicación de revisión."
"BN-513","714c646cca2a5c876f43e422b0c078d7926fb0a4863ce0897e19fede54532880","REINSPECCION","2026-09-27T00:05:42Z","/root (autor; no revisión independiente)","C-2756","data/busquedas_negativas/15_5_15-5-asociacion-integracion-y-transferencia.csv","data/tablas/09/table-43-9-4-1-fichas-comparativas-por-grado-de-integracion.csv","20","aporte documentado del hospedador; aporte documentado del socio","identidad=«Mecanismo: transmisión materna con saltos horizontales y desenlaces variables — hospedadores–*Wolbachia*»; campo=«aporte documentado del hospedador; aporte documentado del socio»; valor=«Hospedador: recursos y transmisión; socio: manipulación reproductiva o aporte mutualista según el caso.»","0","447","eb65a6efc4b262af7edb4488ea907c29f7dba2c4e4f61fd76472b653aa547f93","8a33be0a189a42fe8a6c4b14ae5e36aa8df9da89aa312c045c6fd99de3c3f355","91b70d4fa98036b2ebac634c822e133cb4ed9780393b3446f9a0004b0a5c67a3","Comprobación por el autor de sum(all(component in text for component in componentes) for text in textos) con ExactCooccurrenceIndex.count; componentes de nominal_query y corpus de source_snapshot. Coinciden ambos; resultado literal, no ausencia científica ni adjudicación de revisión."
"BN-514","0ac2cf407b17c3f0bba60f246b4e7710471d6b8095c1f56cfdd37c623ef67c7d","REINSPECCION","2026-09-27T00:05:42Z","/root (autor; no revisión independiente)","C-2758","data/busquedas_negativas/15_5_15-5-asociacion-integracion-y-transferencia.csv","data/tablas/09/table-43-9-4-1-fichas-comparativas-por-grado-de-integracion.csv","20","genoma del socio comparado con parientes de vida libre","identidad=«Mecanismo: transmisión materna con saltos horizontales y desenlaces variables — hospedadores–*Wolbachia*»; campo=«genoma del socio comparado con parientes de vida libre»; valor=«variable; hasta 10 % de elementos de inserción en algunos genomas; comparación libre NO LOCALIZADA»","0","447","eb65a6efc4b262af7edb4488ea907c29f7dba2c4e4f61fd76472b653aa547f93","8a33be0a189a42fe8a6c4b14ae5e36aa8df9da89aa312c045c6fd99de3c3f355","91b70d4fa98036b2ebac634c822e133cb4ed9780393b3446f9a0004b0a5c67a3","Comprobación por el autor de sum(all(component in text for component in componentes) for text in textos) con ExactCooccurrenceIndex.count; componentes de nominal_query y corpus de source_snapshot. Coinciden ambos; resultado literal, no ausencia científica ni adjudicación de revisión."
"BN-515","4324ee5f69b75bc8c832136ff8ab07c1812d08317daff51a3731d556ad991eaf","REINSPECCION","2026-09-27T00:05:44Z","/root (autor; no revisión independiente)","C-2759","data/busquedas_negativas/15_5_15-5-asociacion-integracion-y-transferencia.csv","data/tablas/09/table-43-9-4-1-fichas-comparativas-por-grado-de-integracion.csv","20","EGT al núcleo; importación de proteínas de vuelta","identidad=«Mecanismo: transmisión materna con saltos horizontales y desenlaces variables — hospedadores–*Wolbachia*»; campo=«EGT al núcleo; importación de proteínas de vuelta»; valor=«EGT: NO DOCUMENTADA EN ESTA FICHA; importación: NO DOCUMENTADA POR LAS C CITADAS»","0","447","eb65a6efc4b262af7edb4488ea907c29f7dba2c4e4f61fd76472b653aa547f93","8a33be0a189a42fe8a6c4b14ae5e36aa8df9da89aa312c045c6fd99de3c3f355","91b70d4fa98036b2ebac634c822e133cb4ed9780393b3446f9a0004b0a5c67a3","Comprobación por el autor de sum(all(component in text for component in componentes) for text in textos) con ExactCooccurrenceIndex.count; componentes de nominal_query y corpus de source_snapshot. Coinciden ambos; resultado literal, no ausencia científica ni adjudicación de revisión."
"BN-516","85354668bdcfe04057741d1afd6ea2cce91e5a20270a68cb01ad2866042eb9e0","REINSPECCION","2026-09-27T00:05:45Z","/root (autor; no revisión independiente)","C-2761","data/busquedas_negativas/15_5_15-5-asociacion-integracion-y-transferencia.csv","data/tablas/09/table-45-9-8-1-gradiente-funcional-comparado.csv","2","funciones perdidas o no demostradas","identidad=«mitocondria aerobia completa»; campo=«funciones perdidas o no demostradas»; valor=«pérdidas: NO APLICA a este estado de referencia; no representa un organismo único»","0","447","eb65a6efc4b262af7edb4488ea907c29f7dba2c4e4f61fd76472b653aa547f93","8a33be0a189a42fe8a6c4b14ae5e36aa8df9da89aa312c045c6fd99de3c3f355","91b70d4fa98036b2ebac634c822e133cb4ed9780393b3446f9a0004b0a5c67a3","Comprobación por el autor de sum(all(component in text for component in componentes) for text in textos) con ExactCooccurrenceIndex.count; componentes de nominal_query y corpus de source_snapshot. Coinciden ambos; resultado literal, no ausencia científica ni adjudicación de revisión."
"BN-517","4886a74f1d5e8a8b6bf8724ad230724abccc805229a1ccb16b71cec65c450924","REINSPECCION","2026-09-27T00:05:45Z","/root (autor; no revisión independiente)","C-2762","data/busquedas_negativas/15_5_15-5-asociacion-integracion-y-transferencia.csv","data/tablas/09/table-45-9-8-1-gradiente-funcional-comparado.csv","2","rendimiento energético localizado","identidad=«mitocondria aerobia completa»; campo=«rendimiento energético localizado»; valor=«ATP por fosforilación oxidativa; cifra por organismo NO LOCALIZADA en esta ficha»","0","447","eb65a6efc4b262af7edb4488ea907c29f7dba2c4e4f61fd76472b653aa547f93","8a33be0a189a42fe8a6c4b14ae5e36aa8df9da89aa312c045c6fd99de3c3f355","91b70d4fa98036b2ebac634c822e133cb4ed9780393b3446f9a0004b0a5c67a3","Comprobación por el autor de sum(all(component in text for component in componentes) for text in textos) con ExactCooccurrenceIndex.count; componentes de nominal_query y corpus de source_snapshot. Coinciden ambos; resultado literal, no ausencia científica ni adjudicación de revisión."
"BN-518","38a02f4f588667688a50a7ded883b41e7abe0152ae8b49cf6e808e8e39e27c17","REINSPECCION","2026-09-27T00:05:46Z","/root (autor; no revisión independiente)","C-2763","data/busquedas_negativas/15_5_15-5-asociacion-integracion-y-transferencia.csv","data/tablas/09/table-45-9-8-1-gradiente-funcional-comparado.csv","2","ambiente o asociación documentado","identidad=«mitocondria aerobia completa»; campo=«ambiente o asociación documentado»; valor=«ambiente: NO APLICA a un estado funcional que no designa un organismo único»","0","447","eb65a6efc4b262af7edb4488ea907c29f7dba2c4e4f61fd76472b653aa547f93","8a33be0a189a42fe8a6c4b14ae5e36aa8df9da89aa312c045c6fd99de3c3f355","91b70d4fa98036b2ebac634c822e133cb4ed9780393b3446f9a0004b0a5c67a3","Comprobación por el autor de sum(all(component in text for component in componentes) for text in textos) con ExactCooccurrenceIndex.count; componentes de nominal_query y corpus de source_snapshot. Coinciden ambos; resultado literal, no ausencia científica ni adjudicación de revisión."
"BN-519","b80150f0de7766cc1a0278d841dd14f972850b48f60611d84007162b808825bb","REINSPECCION","2026-09-27T00:05:47Z","/root (autor; no revisión independiente)","C-2765","data/busquedas_negativas/15_5_15-5-asociacion-integracion-y-transferencia.csv","data/tablas/09/table-45-9-8-1-gradiente-funcional-comparado.csv","4","rendimiento energético localizado","identidad=«hidrogenosoma sin genoma»; campo=«rendimiento energético localizado»; valor=«ATP por fosforilación a nivel de sustrato; cifra por sustrato NO LOCALIZADA en esta ficha»","0","447","eb65a6efc4b262af7edb4488ea907c29f7dba2c4e4f61fd76472b653aa547f93","8a33be0a189a42fe8a6c4b14ae5e36aa8df9da89aa312c045c6fd99de3c3f355","91b70d4fa98036b2ebac634c822e133cb4ed9780393b3446f9a0004b0a5c67a3","Comprobación por el autor de sum(all(component in text for component in componentes) for text in textos) con ExactCooccurrenceIndex.count; componentes de nominal_query y corpus de source_snapshot. Coinciden ambos; resultado literal, no ausencia científica ni adjudicación de revisión."
"BN-520","ca611232d4a54038cb9e865d0fe05af2265b003121c3a60e0637a683f24a40c3","REINSPECCION","2026-09-27T00:05:48Z","/root (autor; no revisión independiente)","C-2766","data/busquedas_negativas/15_5_15-5-asociacion-integracion-y-transferencia.csv","data/tablas/09/table-45-9-8-1-gradiente-funcional-comparado.csv","4","ambiente o asociación documentado","identidad=«hidrogenosoma sin genoma»; campo=«ambiente o asociación documentado»; valor=«parásito humano extracelular y microaerófilo del tracto genital o urinario»","0","447","eb65a6efc4b262af7edb4488ea907c29f7dba2c4e4f61fd76472b653aa547f93","8a33be0a189a42fe8a6c4b14ae5e36aa8df9da89aa312c045c6fd99de3c3f355","91b70d4fa98036b2ebac634c822e133cb4ed9780393b3446f9a0004b0a5c67a3","Comprobación por el autor de sum(all(component in text for component in componentes) for text in textos) con ExactCooccurrenceIndex.count; componentes de nominal_query y corpus de source_snapshot. Coinciden ambos; resultado literal, no ausencia científica ni adjudicación de revisión."
"BN-521","c75d3efc903efa7819d6cc6be76300c6e571196e1362595e48d1738a0b9896d7","REINSPECCION","2026-09-27T00:05:49Z","/root (autor; no revisión independiente)","C-2767","data/busquedas_negativas/15_5_15-5-asociacion-integracion-y-transferencia.csv","data/tablas/09/table-45-9-8-1-gradiente-funcional-comparado.csv","5","ambiente o asociación documentado","identidad=«mitosoma con ISC»; campo=«ambiente o asociación documentado»; valor=«parásito intestinal humano; el ambiente se atribuye al organismo, no al mitosoma aislado»","0","447","eb65a6efc4b262af7edb4488ea907c29f7dba2c4e4f61fd76472b653aa547f93","8a33be0a189a42fe8a6c4b14ae5e36aa8df9da89aa312c045c6fd99de3c3f355","91b70d4fa98036b2ebac634c822e133cb4ed9780393b3446f9a0004b0a5c67a3","Comprobación por el autor de sum(all(component in text for component in componentes) for text in textos) con ExactCooccurrenceIndex.count; componentes de nominal_query y corpus de source_snapshot. Coinciden ambos; resultado literal, no ausencia científica ni adjudicación de revisión."
"BN-522","2b37ce186fe421bdbce09be1022c6375e3cacc6342d28fb35e7c0c2baa6b44b8","REINSPECCION","2026-09-27T00:05:50Z","/root (autor; no revisión independiente)","C-2769","data/busquedas_negativas/15_5_15-5-asociacion-integracion-y-transferencia.csv","data/tablas/09/table-45-9-8-1-gradiente-funcional-comparado.csv","6","ambiente o asociación documentado","identidad=«mitosoma con activación de sulfato»; campo=«ambiente o asociación documentado»; valor=«parásito intestinal humano; el ambiente se atribuye al organismo, no al mitosoma aislado»","0","447","eb65a6efc4b262af7edb4488ea907c29f7dba2c4e4f61fd76472b653aa547f93","8a33be0a189a42fe8a6c4b14ae5e36aa8df9da89aa312c045c6fd99de3c3f355","91b70d4fa98036b2ebac634c822e133cb4ed9780393b3446f9a0004b0a5c67a3","Comprobación por el autor de sum(all(component in text for component in componentes) for text in textos) con ExactCooccurrenceIndex.count; componentes de nominal_query y corpus de source_snapshot. Coinciden ambos; resultado literal, no ausencia científica ni adjudicación de revisión."
"BN-523","ade0200b051c1db49353bcec5a37e0efb627a235a683907bb06a5667b13acbf7","REINSPECCION","2026-09-27T00:05:51Z","/root (autor; no revisión independiente)","C-2770","data/busquedas_negativas/15_5_15-5-asociacion-integracion-y-transferencia.csv","data/tablas/09/table-45-9-8-1-gradiente-funcional-comparado.csv","7","funciones perdidas o no demostradas","identidad=«mitosomas microsporidianos»; campo=«funciones perdidas o no demostradas»; valor=«pérdidas adicionales: NO DOCUMENTADAS POR LAS C CITADAS EN ESTA FILA»","0","447","eb65a6efc4b262af7edb4488ea907c29f7dba2c4e4f61fd76472b653aa547f93","8a33be0a189a42fe8a6c4b14ae5e36aa8df9da89aa312c045c6fd99de3c3f355","91b70d4fa98036b2ebac634c822e133cb4ed9780393b3446f9a0004b0a5c67a3","Comprobación por el autor de sum(all(component in text for component in componentes) for text in textos) con ExactCooccurrenceIndex.count; componentes de nominal_query y corpus de source_snapshot. Coinciden ambos; resultado literal, no ausencia científica ni adjudicación de revisión."
"BN-524","e46717917b484a3bdff9192140c3dec75952e7ba752fda243f382ce459a7e08c","REINSPECCION","2026-09-27T00:05:52Z","/root (autor; no revisión independiente)","C-2772","data/busquedas_negativas/15_5_15-5-asociacion-integracion-y-transferencia.csv","data/tablas/09/table-45-9-8-1-gradiente-funcional-comparado.csv","7","ambiente o asociación documentado","identidad=«mitosomas microsporidianos»; campo=«ambiente o asociación documentado»; valor=«parásitos intracelulares obligados de otros eucariotas; el hospedador concreto depende del microsporidio»","0","447","eb65a6efc4b262af7edb4488ea907c29f7dba2c4e4f61fd76472b653aa547f93","8a33be0a189a42fe8a6c4b14ae5e36aa8df9da89aa312c045c6fd99de3c3f355","91b70d4fa98036b2ebac634c822e133cb4ed9780393b3446f9a0004b0a5c67a3","Comprobación por el autor de sum(all(component in text for component in componentes) for text in textos) con ExactCooccurrenceIndex.count; componentes de nominal_query y corpus de source_snapshot. Coinciden ambos; resultado literal, no ausencia científica ni adjudicación de revisión."
"BN-525","bf3ab3b5badd15c590d250e1d7feb2241d8dcfd9f4a2ed9d8751fd4c8731fd53","REINSPECCION","2026-09-27T00:05:53Z","/root (autor; no revisión independiente)","C-2774","data/busquedas_negativas/15_5_15-5-asociacion-integracion-y-transferencia.csv","data/tablas/09/table-45-9-8-1-gradiente-funcional-comparado.csv","8","ambiente o asociación documentado","identidad=«ausencia de MRO»; campo=«ambiente o asociación documentado»; valor=«intestino de roedores caviomorfos; endobionte microaerófilo o de baja presión de oxígeno»","0","447","eb65a6efc4b262af7edb4488ea907c29f7dba2c4e4f61fd76472b653aa547f93","8a33be0a189a42fe8a6c4b14ae5e36aa8df9da89aa312c045c6fd99de3c3f355","91b70d4fa98036b2ebac634c822e133cb4ed9780393b3446f9a0004b0a5c67a3","Comprobación por el autor de sum(all(component in text for component in componentes) for text in textos) con ExactCooccurrenceIndex.count; componentes de nominal_query y corpus de source_snapshot. Coinciden ambos; resultado literal, no ausencia científica ni adjudicación de revisión."
"BN-526","745b32c8544494722ac06cd6227539172827b00266bed06bbd028c2f5e34f825","REINSPECCION","2026-09-27T00:05:54Z","/root (autor; no revisión independiente)","C-2776","data/busquedas_negativas/15_5_15-5-asociacion-integracion-y-transferencia.csv","data/tablas/09/table-45-9-8-1-gradiente-funcional-comparado.csv","9","ambiente o asociación documentado","identidad=«MRO sin genoma mitocondrial»; campo=«ambiente o asociación documentado»; valor=«parásito de peces salmónidos en un ambiente de hospedador con baja disponibilidad de oxígeno»","0","447","eb65a6efc4b262af7edb4488ea907c29f7dba2c4e4f61fd76472b653aa547f93","8a33be0a189a42fe8a6c4b14ae5e36aa8df9da89aa312c045c6fd99de3c3f355","91b70d4fa98036b2ebac634c822e133cb4ed9780393b3446f9a0004b0a5c67a3","Comprobación por el autor de sum(all(component in text for component in componentes) for text in textos) con ExactCooccurrenceIndex.count; componentes de nominal_query y corpus de source_snapshot. Coinciden ambos; resultado literal, no ausencia científica ni adjudicación de revisión."
"BN-527","0a9bdcd857f981d69ad2343b7101784600ea5b3466f206c7b53d942b46b6ea24","REINSPECCION","2026-09-27T00:05:55Z","/root (autor; no revisión independiente)","C-2777","data/busquedas_negativas/15_6_15-6-rasgos-con-costo-y-controversia-energetica.csv","data/tablas/10/table-47-10-1-tabla-consolidada-de-rasgos-con-coste.csv","17","dependencias previas que exige","identidad=«mitosis semiabierta o parcialmente abierta, comparación entre tres modos»; campo=«dependencias previas que exige»; valor=«distribución: documentada en el entorno eucariota; no se localizó en las C de esta ficha una asignación específica dentro del corredor holozoo»","0","447","eb65a6efc4b262af7edb4488ea907c29f7dba2c4e4f61fd76472b653aa547f93","8a33be0a189a42fe8a6c4b14ae5e36aa8df9da89aa312c045c6fd99de3c3f355","91b70d4fa98036b2ebac634c822e133cb4ed9780393b3446f9a0004b0a5c67a3","Comprobación por el autor de sum(all(component in text for component in componentes) for text in textos) con ExactCooccurrenceIndex.count; componentes de nominal_query y corpus de source_snapshot. Coinciden ambos; resultado literal, no ausencia científica ni adjudicación de revisión."
"BN-528","2f212f2b50ea48c752e6aa23b47c446c1d422ea13939711c93ced1a48e9e7b16","REINSPECCION","2026-09-27T00:05:56Z","/root (autor; no revisión independiente)","C-2778","data/busquedas_negativas/15_6_15-6-rasgos-con-costo-y-controversia-energetica.csv","data/tablas/10/table-47-10-1-tabla-consolidada-de-rasgos-con-coste.csv","17","organismo, condición experimental o modelo del que procede","identidad=«mitosis semiabierta o parcialmente abierta, comparación entre tres modos»; campo=«organismo, condición experimental o modelo del que procede»; valor=«entorno eucariota y comparación protista; el hueco de distribución interna del corredor queda explícito»","0","447","eb65a6efc4b262af7edb4488ea907c29f7dba2c4e4f61fd76472b653aa547f93","8a33be0a189a42fe8a6c4b14ae5e36aa8df9da89aa312c045c6fd99de3c3f355","91b70d4fa98036b2ebac634c822e133cb4ed9780393b3446f9a0004b0a5c67a3","Comprobación por el autor de sum(all(component in text for component in componentes) for text in textos) con ExactCooccurrenceIndex.count; componentes de nominal_query y corpus de source_snapshot. Coinciden ambos; resultado literal, no ausencia científica ni adjudicación de revisión."
"BN-529","816e155d933f00cfd43760a81e4cd348c5fc806507306849fb76967b0ef0e437","REINSPECCION","2026-09-27T00:05:57Z","/root (autor; no revisión independiente)","C-2779","data/busquedas_negativas/15_9_15-9-multicelularidad-y-repertorio-preanimal.csv","data/tablas/12/table-52-12-6-1-costes-y-compensaciones-cuantificados-o-no-localizado.csv","5","condición","identidad=«agregación de *Capsaspora owczarzaki*»; campo=«condición»; valor=«lípidos, fracción sérica y calcio; no se localizó un coste energético directo de mantenimiento»","0","447","eb65a6efc4b262af7edb4488ea907c29f7dba2c4e4f61fd76472b653aa547f93","8a33be0a189a42fe8a6c4b14ae5e36aa8df9da89aa312c045c6fd99de3c3f355","91b70d4fa98036b2ebac634c822e133cb4ed9780393b3446f9a0004b0a5c67a3","Comprobación por el autor de sum(all(component in text for component in componentes) for text in textos) con ExactCooccurrenceIndex.count; componentes de nominal_query y corpus de source_snapshot. Coinciden ambos; resultado literal, no ausencia científica ni adjudicación de revisión."
"BN-530","31f061a056537abded4df6bd49b12e7269e696002d6e4543df067545bf76987c","REINSPECCION","2026-09-27T00:05:58Z","/root (autor; no revisión independiente)","C-2780","data/busquedas_negativas/15_9_15-9-multicelularidad-y-repertorio-preanimal.csv","data/tablas/12/table-52-12-6-1-costes-y-compensaciones-cuantificados-o-no-localizado.csv","6","condición","identidad=«agregación de *Ministeria vibrans*»; campo=«condición»; valor=«disrupción física y superficie de menor agregación, ambas con confusores declarados; no hay conversión válida a coste energético»","0","447","eb65a6efc4b262af7edb4488ea907c29f7dba2c4e4f61fd76472b653aa547f93","8a33be0a189a42fe8a6c4b14ae5e36aa8df9da89aa312c045c6fd99de3c3f355","91b70d4fa98036b2ebac634c822e133cb4ed9780393b3446f9a0004b0a5c67a3","Comprobación por el autor de sum(all(component in text for component in componentes) for text in textos) con ExactCooccurrenceIndex.count; componentes de nominal_query y corpus de source_snapshot. Coinciden ambos; resultado literal, no ausencia científica ni adjudicación de revisión."
"BN-531","edddefcb39fdcfdc72dd35e857b76554fa3e11817f57759cc4130b52c3b09018","REINSPECCION","2026-09-27T00:05:59Z","/root (autor; no revisión independiente)","C-2781","data/busquedas_negativas/15_9_15-9-multicelularidad-y-repertorio-preanimal.csv","data/tablas/12/table-52-12-6-1-costes-y-compensaciones-cuantificados-o-no-localizado.csv","9","condición","identidad=«levadura snowflake inicial»; campo=«condición»; valor=«ensayo de sedimentación; la ventaja de aptitud publicada no es un coste energético de mantenimiento»","0","447","eb65a6efc4b262af7edb4488ea907c29f7dba2c4e4f61fd76472b653aa547f93","8a33be0a189a42fe8a6c4b14ae5e36aa8df9da89aa312c045c6fd99de3c3f355","91b70d4fa98036b2ebac634c822e133cb4ed9780393b3446f9a0004b0a5c67a3","Comprobación por el autor de sum(all(component in text for component in componentes) for text in textos) con ExactCooccurrenceIndex.count; componentes de nominal_query y corpus de source_snapshot. Coinciden ambos; resultado literal, no ausencia científica ni adjudicación de revisión."
"BN-532","7630d4a340965702a21cc7be095e5c96355cf191baa09b6978e2dbac2d141318","REINSPECCION","2026-09-27T00:06:01Z","/root (autor; no revisión independiente)","C-2782","data/busquedas_negativas/15_9_15-9-multicelularidad-y-repertorio-preanimal.csv","data/tablas/12/table-52-12-6-1-costes-y-compensaciones-cuantificados-o-no-localizado.csv","10","condición","identidad=«levadura snowflake prolongada»; campo=«condición»; valor=«tratamiento anaerobio, 600 rondas; tamaño, tenacidad y limitación por oxígeno no se convierten en coste energético directo»","0","447","eb65a6efc4b262af7edb4488ea907c29f7dba2c4e4f61fd76472b653aa547f93","8a33be0a189a42fe8a6c4b14ae5e36aa8df9da89aa312c045c6fd99de3c3f355","91b70d4fa98036b2ebac634c822e133cb4ed9780393b3446f9a0004b0a5c67a3","Comprobación por el autor de sum(all(component in text for component in componentes) for text in textos) con ExactCooccurrenceIndex.count; componentes de nominal_query y corpus de source_snapshot. Coinciden ambos; resultado literal, no ausencia científica ni adjudicación de revisión."
"BN-533","a3e40b06f7f14acded097004704d515b828723444587080280231272224e7726","REINSPECCION","2026-09-27T00:06:01Z","/root (autor; no revisión independiente)","C-2789","data/busquedas_negativas/15_8_15-8-nombres-y-nomenclatura.csv","data/tablas/14/table-56a-14-8-1-codigos-por-nodo.csv","2","ICN","identidad=«Eukaryota»; campo=«ICN»; valor=«no gobierna la circunscripción filogenética del nodo»","0","447","eb65a6efc4b262af7edb4488ea907c29f7dba2c4e4f61fd76472b653aa547f93","8a33be0a189a42fe8a6c4b14ae5e36aa8df9da89aa312c045c6fd99de3c3f355","91b70d4fa98036b2ebac634c822e133cb4ed9780393b3446f9a0004b0a5c67a3","Comprobación por el autor de sum(all(component in text for component in componentes) for text in textos) con ExactCooccurrenceIndex.count; componentes de nominal_query y corpus de source_snapshot. Coinciden ambos; resultado literal, no ausencia científica ni adjudicación de revisión."
"BN-534","a2da366c4055dd0885f50fd4738431d2cdd48ec6b5c3431c9c812219c3f600e4","REINSPECCION","2026-09-27T00:06:02Z","/root (autor; no revisión independiente)","C-2790","data/busquedas_negativas/15_8_15-8-nombres-y-nomenclatura.csv","data/tablas/14/table-56a-14-8-1-codigos-por-nodo.csv","10","ICN","identidad=«Holozoa»; campo=«ICN»; valor=«no gobierna la circunscripción filogenética del nodo»","0","447","eb65a6efc4b262af7edb4488ea907c29f7dba2c4e4f61fd76472b653aa547f93","8a33be0a189a42fe8a6c4b14ae5e36aa8df9da89aa312c045c6fd99de3c3f355","91b70d4fa98036b2ebac634c822e133cb4ed9780393b3446f9a0004b0a5c67a3","Comprobación por el autor de sum(all(component in text for component in componentes) for text in textos) con ExactCooccurrenceIndex.count; componentes de nominal_query y corpus de source_snapshot. Coinciden ambos; resultado literal, no ausencia científica ni adjudicación de revisión."
"BN-535","7a616f9cdd8ffb34845176bc66a444561b5d32cc556e559dd2d51eff3d787244","REINSPECCION","2026-09-27T00:06:04Z","/root (autor; no revisión independiente)","C-2791","data/busquedas_negativas/15_8_15-8-nombres-y-nomenclatura.csv","data/tablas/14/table-56a-14-8-1-codigos-por-nodo.csv","15","ICN","identidad=«Filozoa»; campo=«ICN»; valor=«no gobierna la circunscripción filogenética del nodo»","0","447","eb65a6efc4b262af7edb4488ea907c29f7dba2c4e4f61fd76472b653aa547f93","8a33be0a189a42fe8a6c4b14ae5e36aa8df9da89aa312c045c6fd99de3c3f355","91b70d4fa98036b2ebac634c822e133cb4ed9780393b3446f9a0004b0a5c67a3","Comprobación por el autor de sum(all(component in text for component in componentes) for text in textos) con ExactCooccurrenceIndex.count; componentes de nominal_query y corpus de source_snapshot. Coinciden ambos; resultado literal, no ausencia científica ni adjudicación de revisión."
"BN-536","55ae997243758405b24c2164f6efd674e2aac5b05ae99ebbc308fcf35329438f","REINSPECCION","2026-09-27T00:06:04Z","/root (autor; no revisión independiente)","C-2792","data/busquedas_negativas/15_8_15-8-nombres-y-nomenclatura.csv","data/tablas/14/table-56a-14-8-1-codigos-por-nodo.csv","16","ICN","identidad=«Choanozoa sensu stricto»; campo=«ICN»; valor=«no gobierna la circunscripción filogenética del nodo»","0","447","eb65a6efc4b262af7edb4488ea907c29f7dba2c4e4f61fd76472b653aa547f93","8a33be0a189a42fe8a6c4b14ae5e36aa8df9da89aa312c045c6fd99de3c3f355","91b70d4fa98036b2ebac634c822e133cb4ed9780393b3446f9a0004b0a5c67a3","Comprobación por el autor de sum(all(component in text for component in componentes) for text in textos) con ExactCooccurrenceIndex.count; componentes de nominal_query y corpus de source_snapshot. Coinciden ambos; resultado literal, no ausencia científica ni adjudicación de revisión."
"BN-537","11f034ef64bf9c2b2cf5c7ec1c1ce491b259b9e8173c6527bf95e8585db44f73","REINSPECCION","2026-09-27T00:06:06Z","/root (autor; no revisión independiente)","C-2793","data/busquedas_negativas/15_8_15-8-nombres-y-nomenclatura.csv","data/tablas/14/table-58-14-8-3-terminos-problematicos-y-reemplazos.csv","4","quién lo introdujo y cuándo","identidad=«alga»; campo=«quién lo introdujo y cuándo»; valor=«NO BUSCADO (motivo: las C localizadas documentan distribución y uso, no una acuñación única)»","0","447","eb65a6efc4b262af7edb4488ea907c29f7dba2c4e4f61fd76472b653aa547f93","8a33be0a189a42fe8a6c4b14ae5e36aa8df9da89aa312c045c6fd99de3c3f355","91b70d4fa98036b2ebac634c822e133cb4ed9780393b3446f9a0004b0a5c67a3","Comprobación por el autor de sum(all(component in text for component in componentes) for text in textos) con ExactCooccurrenceIndex.count; componentes de nominal_query y corpus de source_snapshot. Coinciden ambos; resultado literal, no ausencia científica ni adjudicación de revisión."
"BN-538","d3e09b078f7319af3bd6d0b017bf446c2263596ae5f32ff82b224ba12ed60e93","REINSPECCION","2026-09-27T00:06:08Z","/root (autor; no revisión independiente)","C-2794","data/busquedas_negativas/15_8_15-8-nombres-y-nomenclatura.csv","data/tablas/14/table-58-14-8-3-terminos-problematicos-y-reemplazos.csv","8","quién lo introdujo y cuándo","identidad=«reino»; campo=«quién lo introdujo y cuándo»; valor=«NO BUSCADO para la acuñación del rango (motivo: las C comparan Whittaker 1969, Cavalier-Smith 1998 y Ruggiero et al. 2015)»","0","447","eb65a6efc4b262af7edb4488ea907c29f7dba2c4e4f61fd76472b653aa547f93","8a33be0a189a42fe8a6c4b14ae5e36aa8df9da89aa312c045c6fd99de3c3f355","91b70d4fa98036b2ebac634c822e133cb4ed9780393b3446f9a0004b0a5c67a3","Comprobación por el autor de sum(all(component in text for component in componentes) for text in textos) con ExactCooccurrenceIndex.count; componentes de nominal_query y corpus de source_snapshot. Coinciden ambos; resultado literal, no ausencia científica ni adjudicación de revisión."
"BN-539","738bc541f00c5351c62e18ffb8e0e904d36817d311d63cc9539697f44a5d90af","REINSPECCION","2026-09-27T00:06:10Z","/root (autor; no revisión independiente)","C-2795","data/busquedas_negativas/15_8_15-8-nombres-y-nomenclatura.csv","data/tablas/14/table-58-14-8-3-terminos-problematicos-y-reemplazos.csv","9","quién lo introdujo y cuándo","identidad=«Archezoa»; campo=«quién lo introdujo y cuándo»; valor=«NO BUSCADO en esta tabla (motivo: las C conservan la historia de la hipótesis pero no una fila atómica de introductor y fecha)»","0","447","eb65a6efc4b262af7edb4488ea907c29f7dba2c4e4f61fd76472b653aa547f93","8a33be0a189a42fe8a6c4b14ae5e36aa8df9da89aa312c045c6fd99de3c3f355","91b70d4fa98036b2ebac634c822e133cb4ed9780393b3446f9a0004b0a5c67a3","Comprobación por el autor de sum(all(component in text for component in componentes) for text in textos) con ExactCooccurrenceIndex.count; componentes de nominal_query y corpus de source_snapshot. Coinciden ambos; resultado literal, no ausencia científica ni adjudicación de revisión."
"BN-540","9a1c152d74e22bd1dc8065bfeb81c8eb07d77c5aa30fc42645d0ccc214b67824","REINSPECCION","2026-09-27T00:06:12Z","/root (autor; no revisión independiente)","C-2796","data/busquedas_negativas/15_8_15-8-nombres-y-nomenclatura.csv","data/tablas/14/table-58-14-8-3-terminos-problematicos-y-reemplazos.csv","10","quién lo introdujo y cuándo","identidad=«Excavata»; campo=«quién lo introdujo y cuándo»; valor=«NO BUSCADO en esta tabla (motivo: las C citadas no registran introductor y fecha como proposición separada)»","0","447","eb65a6efc4b262af7edb4488ea907c29f7dba2c4e4f61fd76472b653aa547f93","8a33be0a189a42fe8a6c4b14ae5e36aa8df9da89aa312c045c6fd99de3c3f355","91b70d4fa98036b2ebac634c822e133cb4ed9780393b3446f9a0004b0a5c67a3","Comprobación por el autor de sum(all(component in text for component in componentes) for text in textos) con ExactCooccurrenceIndex.count; componentes de nominal_query y corpus de source_snapshot. Coinciden ambos; resultado literal, no ausencia científica ni adjudicación de revisión."
"BN-541","0efdb009108374603193c5b00d3f175d543f2a196a742d5f5771dfb4f7b4dc2b","REINSPECCION","2026-09-27T00:06:13Z","/root (autor; no revisión independiente)","C-2797","data/busquedas_negativas/15_8_15-8-nombres-y-nomenclatura.csv","data/tablas/14/table-58-14-8-3-terminos-problematicos-y-reemplazos.csv","11","quién lo introdujo y cuándo","identidad=«Chromalveolata»; campo=«quién lo introdujo y cuándo»; valor=«NO BUSCADO en esta tabla (motivo: las C registran el modelo, no una fila atómica de autor y fecha de acuñación)»","0","447","eb65a6efc4b262af7edb4488ea907c29f7dba2c4e4f61fd76472b653aa547f93","8a33be0a189a42fe8a6c4b14ae5e36aa8df9da89aa312c045c6fd99de3c3f355","91b70d4fa98036b2ebac634c822e133cb4ed9780393b3446f9a0004b0a5c67a3","Comprobación por el autor de sum(all(component in text for component in componentes) for text in textos) con ExactCooccurrenceIndex.count; componentes de nominal_query y corpus de source_snapshot. Coinciden ambos; resultado literal, no ausencia científica ni adjudicación de revisión."
"BN-542","818bd8d20b1dbef635b3bbb4915388e51bf0d56c1c0e50330cfd9de9d4a36acc","REINSPECCION","2026-09-27T00:06:14Z","/root (autor; no revisión independiente)","C-2798","data/busquedas_negativas/15_8_15-8-nombres-y-nomenclatura.csv","data/tablas/14/table-58-14-8-3-terminos-problematicos-y-reemplazos.csv","12","quién lo introdujo y cuándo","identidad=«Unikonta / Bikonta»; campo=«quién lo introdujo y cuándo»; valor=«NO BUSCADO en esta tabla (motivo: las C citadas no registran una acuñación única)»","0","447","eb65a6efc4b262af7edb4488ea907c29f7dba2c4e4f61fd76472b653aa547f93","8a33be0a189a42fe8a6c4b14ae5e36aa8df9da89aa312c045c6fd99de3c3f355","91b70d4fa98036b2ebac634c822e133cb4ed9780393b3446f9a0004b0a5c67a3","Comprobación por el autor de sum(all(component in text for component in componentes) for text in textos) con ExactCooccurrenceIndex.count; componentes de nominal_query y corpus de source_snapshot. Coinciden ambos; resultado literal, no ausencia científica ni adjudicación de revisión."
"BN-543","c0d672126fe692f309495041dc71754d8bea8cfe3a5130dce2f62dfece13f7af","REINSPECCION","2026-09-27T00:06:15Z","/root (autor; no revisión independiente)","C-2799","data/busquedas_negativas/15_8_15-8-nombres-y-nomenclatura.csv","data/tablas/14/table-58-14-8-3-terminos-problematicos-y-reemplazos.csv","13","quién lo introdujo y cuándo","identidad=«hongo para oomicetos o mohos mucilaginosos»; campo=«quién lo introdujo y cuándo»; valor=«NO APLICA como término de acuñación única; es un uso comparativo histórico»","0","447","eb65a6efc4b262af7edb4488ea907c29f7dba2c4e4f61fd76472b653aa547f93","8a33be0a189a42fe8a6c4b14ae5e36aa8df9da89aa312c045c6fd99de3c3f355","91b70d4fa98036b2ebac634c822e133cb4ed9780393b3446f9a0004b0a5c67a3","Comprobación por el autor de sum(all(component in text for component in componentes) for text in textos) con ExactCooccurrenceIndex.count; componentes de nominal_query y corpus de source_snapshot. Coinciden ambos; resultado literal, no ausencia científica ni adjudicación de revisión."
"BN-544","0f5484806cd7a7b059f8a6dbc2404c2585bb60637098ed6a5da497ae71d17ab4","REINSPECCION","2026-09-27T00:06:17Z","/root (autor; no revisión independiente)","C-2800","data/busquedas_negativas/15_8_15-8-nombres-y-nomenclatura.csv","data/tablas/14/table-58-14-8-3-terminos-problematicos-y-reemplazos.csv","14","quién lo introdujo y cuándo","identidad=«flagelo»; campo=«quién lo introdujo y cuándo»; valor=«NO APLICA como acuñación única evaluada; el problema es homonimia funcional»","0","447","eb65a6efc4b262af7edb4488ea907c29f7dba2c4e4f61fd76472b653aa547f93","8a33be0a189a42fe8a6c4b14ae5e36aa8df9da89aa312c045c6fd99de3c3f355","91b70d4fa98036b2ebac634c822e133cb4ed9780393b3446f9a0004b0a5c67a3","Comprobación por el autor de sum(all(component in text for component in componentes) for text in textos) con ExactCooccurrenceIndex.count; componentes de nominal_query y corpus de source_snapshot. Coinciden ambos; resultado literal, no ausencia científica ni adjudicación de revisión."
"BN-545","25424d12ded1adb708dd5f57c31f7dc86d489f42103084a2d0750cd7a5bf3e2e","REINSPECCION","2026-09-27T00:06:18Z","/root (autor; no revisión independiente)","C-2801","data/busquedas_negativas/15_8_15-8-nombres-y-nomenclatura.csv","data/tablas/14/table-58-14-8-3-terminos-problematicos-y-reemplazos.csv","15","quién lo introdujo y cuándo","identidad=«simbiosis»; campo=«quién lo introdujo y cuándo»; valor=«NO BUSCADO en esta tabla (motivo: las C documentan usos, no una atribución histórica única)»","0","447","eb65a6efc4b262af7edb4488ea907c29f7dba2c4e4f61fd76472b653aa547f93","8a33be0a189a42fe8a6c4b14ae5e36aa8df9da89aa312c045c6fd99de3c3f355","91b70d4fa98036b2ebac634c822e133cb4ed9780393b3446f9a0004b0a5c67a3","Comprobación por el autor de sum(all(component in text for component in componentes) for text in textos) con ExactCooccurrenceIndex.count; componentes de nominal_query y corpus de source_snapshot. Coinciden ambos; resultado literal, no ausencia científica ni adjudicación de revisión."
"BN-546","a64bb1cc66d495c5485c90b414d2ab5dc8edbd982e92a5f1954c2594300cf3a2","REINSPECCION","2026-09-27T00:06:19Z","/root (autor; no revisión independiente)","C-2802","data/busquedas_negativas/15_8_15-8-nombres-y-nomenclatura.csv","data/tablas/14/table-58-14-8-3-terminos-problematicos-y-reemplazos.csv","17","quién lo introdujo y cuándo","identidad=«eucariota primitivo»; campo=«quién lo introdujo y cuándo»; valor=«NO APLICA como acuñación única; es una etiqueta criticada»","0","447","eb65a6efc4b262af7edb4488ea907c29f7dba2c4e4f61fd76472b653aa547f93","8a33be0a189a42fe8a6c4b14ae5e36aa8df9da89aa312c045c6fd99de3c3f355","91b70d4fa98036b2ebac634c822e133cb4ed9780393b3446f9a0004b0a5c67a3","Comprobación por el autor de sum(all(component in text for component in componentes) for text in textos) con ExactCooccurrenceIndex.count; componentes de nominal_query y corpus de source_snapshot. Coinciden ambos; resultado literal, no ausencia científica ni adjudicación de revisión."
"BN-547","1726351fa2ed555af0da8a9bf7c41b858fa76469a4c33c7f81a1ad40704595f7","REINSPECCION","2026-09-27T00:06:20Z","/root (autor; no revisión independiente)","C-2803","data/busquedas_negativas/15_8_15-8-nombres-y-nomenclatura.csv","data/tablas/14/table-58-14-8-3-terminos-problematicos-y-reemplazos.csv","18","quién lo introdujo y cuándo","identidad=«organismo simple»; campo=«quién lo introdujo y cuándo»; valor=«NO APLICA como acuñación única; es un descriptor subespecificado»","0","447","eb65a6efc4b262af7edb4488ea907c29f7dba2c4e4f61fd76472b653aa547f93","8a33be0a189a42fe8a6c4b14ae5e36aa8df9da89aa312c045c6fd99de3c3f355","91b70d4fa98036b2ebac634c822e133cb4ed9780393b3446f9a0004b0a5c67a3","Comprobación por el autor de sum(all(component in text for component in componentes) for text in textos) con ExactCooccurrenceIndex.count; componentes de nominal_query y corpus de source_snapshot. Coinciden ambos; resultado literal, no ausencia científica ni adjudicación de revisión."
"BN-548","c50f6c371ef428861eb102be3c2644f9d28c5a31f5302c4b4c57611b91243ed3","REINSPECCION","2026-09-27T00:06:21Z","/root (autor; no revisión independiente)","C-2804","data/busquedas_negativas/15_8_15-8-nombres-y-nomenclatura.csv","data/tablas/14/table-58-14-8-3-terminos-problematicos-y-reemplazos.csv","19","quién lo introdujo y cuándo","identidad=«fósil viviente»; campo=«quién lo introdujo y cuándo»; valor=«NO BUSCADO para acuñación (motivo: las C evalúan criterios contemporáneos)»","0","447","eb65a6efc4b262af7edb4488ea907c29f7dba2c4e4f61fd76472b653aa547f93","8a33be0a189a42fe8a6c4b14ae5e36aa8df9da89aa312c045c6fd99de3c3f355","91b70d4fa98036b2ebac634c822e133cb4ed9780393b3446f9a0004b0a5c67a3","Comprobación por el autor de sum(all(component in text for component in componentes) for text in textos) con ExactCooccurrenceIndex.count; componentes de nominal_query y corpus de source_snapshot. Coinciden ambos; resultado literal, no ausencia científica ni adjudicación de revisión."
"BN-549","10ce67ac54e0d341458308d23335aa732920372be152e71a621bfbeabbdedce8","REINSPECCION","2026-09-27T00:06:22Z","/root (autor; no revisión independiente)","C-2805","data/busquedas_negativas/15_3_15-3-raiz-eucariota-y-corredor-filogenetico.csv","data/tablas/15/table-59-15-1-mapa-del-terreno-probatorio.csv","5","resolución temporal","identidad=«biomarcadores»; campo=«resolución temporal»; valor=«edad del estrato y resolución del muestreo geoquímico, no fecha de divergencia directa»","0","447","eb65a6efc4b262af7edb4488ea907c29f7dba2c4e4f61fd76472b653aa547f93","8a33be0a189a42fe8a6c4b14ae5e36aa8df9da89aa312c045c6fd99de3c3f355","91b70d4fa98036b2ebac634c822e133cb4ed9780393b3446f9a0004b0a5c67a3","Comprobación por el autor de sum(all(component in text for component in componentes) for text in textos) con ExactCooccurrenceIndex.count; componentes de nominal_query y corpus de source_snapshot. Coinciden ambos; resultado literal, no ausencia científica ni adjudicación de revisión."
"BN-550","9490cfdb78fe8b926ba45944053f8931a8c7533164ee96bd093be75c57d61024","REINSPECCION","2026-09-27T00:06:23Z","/root (autor; no revisión independiente)","C-2806","data/busquedas_negativas/15_3_15-3-raiz-eucariota-y-corredor-filogenetico.csv","data/tablas/15/table-61-15-3-nodos-fechas-y-relaciones-debiles.csv","2","qué dato discriminaría mejor","identidad=«raíz de Eukaryota»; campo=«qué dato discriminaría mejor»; valor=«más muestreo de linajes profundos y modelos que acomoden heterogeneidad con pruebas de artefacto; pregunta abierta: qué raíz permanece al variar ambos»","0","447","eb65a6efc4b262af7edb4488ea907c29f7dba2c4e4f61fd76472b653aa547f93","8a33be0a189a42fe8a6c4b14ae5e36aa8df9da89aa312c045c6fd99de3c3f355","91b70d4fa98036b2ebac634c822e133cb4ed9780393b3446f9a0004b0a5c67a3","Comprobación por el autor de sum(all(component in text for component in componentes) for text in textos) con ExactCooccurrenceIndex.count; componentes de nominal_query y corpus de source_snapshot. Coinciden ambos; resultado literal, no ausencia científica ni adjudicación de revisión."
"BN-551","aea8dd10b9b95f821132cd8b0115c6d7116c3886aa66bbb5349ec872d10629c6","REINSPECCION","2026-09-27T00:06:24Z","/root (autor; no revisión independiente)","C-2807","data/busquedas_negativas/15_3_15-3-raiz-eucariota-y-corredor-filogenetico.csv","data/tablas/15/table-61-15-3-nodos-fechas-y-relaciones-debiles.csv","3","qué dato discriminaría mejor","identidad=«inserción de Eukaryota en Asgard»; campo=«qué dato discriminaría mejor»; valor=«más genomas asgard de alta calidad y matrices sometidas a los mismos filtros/modelos; pregunta abierta: qué rama asgard resulta hermana estable»","0","447","eb65a6efc4b262af7edb4488ea907c29f7dba2c4e4f61fd76472b653aa547f93","8a33be0a189a42fe8a6c4b14ae5e36aa8df9da89aa312c045c6fd99de3c3f355","91b70d4fa98036b2ebac634c822e133cb4ed9780393b3446f9a0004b0a5c67a3","Comprobación por el autor de sum(all(component in text for component in componentes) for text in textos) con ExactCooccurrenceIndex.count; componentes de nominal_query y corpus de source_snapshot. Coinciden ambos; resultado literal, no ausencia científica ni adjudicación de revisión."
"BN-552","b572c072c2288983a62c4fdca58391b640b5d378ddee42a67748d4c1932e5eaf","REINSPECCION","2026-09-27T00:06:25Z","/root (autor; no revisión independiente)","C-2808","data/busquedas_negativas/15_3_15-3-raiz-eucariota-y-corredor-filogenetico.csv","data/tablas/15/table-61-15-3-nodos-fechas-y-relaciones-debiles.csv","4","qué dato discriminaría mejor","identidad=«relaciones internas de Holozoa unicelular»; campo=«qué dato discriminaría mejor»; valor=«más taxones cercanos y loci ortólogos con modelos de heterogeneidad; pregunta abierta: cuál es la posición estable de Tunicaraptor»","0","447","eb65a6efc4b262af7edb4488ea907c29f7dba2c4e4f61fd76472b653aa547f93","8a33be0a189a42fe8a6c4b14ae5e36aa8df9da89aa312c045c6fd99de3c3f355","91b70d4fa98036b2ebac634c822e133cb4ed9780393b3446f9a0004b0a5c67a3","Comprobación por el autor de sum(all(component in text for component in componentes) for text in textos) con ExactCooccurrenceIndex.count; componentes de nominal_query y corpus de source_snapshot. Coinciden ambos; resultado literal, no ausencia científica ni adjudicación de revisión."
"BN-553","e595d628ff1ec3876fb05d6cda3e4a2a7e5cebc09f176d04f621d41ef6237f98","REINSPECCION","2026-09-27T00:06:26Z","/root (autor; no revisión independiente)","C-2809","data/busquedas_negativas/15_3_15-3-raiz-eucariota-y-corredor-filogenetico.csv","data/tablas/15/table-61-15-3-nodos-fechas-y-relaciones-debiles.csv","5","qué dato discriminaría mejor","identidad=«fósiles proterozoicos candidatos»; campo=«qué dato discriminaría mejor»; valor=«caracteres diagnósticos adicionales, preservación tridimensional o química y contexto datado; pregunta abierta: qué candidatos discriminan corona de tallo»","0","447","eb65a6efc4b262af7edb4488ea907c29f7dba2c4e4f61fd76472b653aa547f93","8a33be0a189a42fe8a6c4b14ae5e36aa8df9da89aa312c045c6fd99de3c3f355","91b70d4fa98036b2ebac634c822e133cb4ed9780393b3446f9a0004b0a5c67a3","Comprobación por el autor de sum(all(component in text for component in componentes) for text in textos) con ExactCooccurrenceIndex.count; componentes de nominal_query y corpus de source_snapshot. Coinciden ambos; resultado literal, no ausencia científica ni adjudicación de revisión."
"BN-554","b764cc3899f36023a25e7627c7000ea84c68764548620c23d0b2a6432d7834f8","REINSPECCION","2026-09-27T00:06:27Z","/root (autor; no revisión independiente)","C-2811","data/busquedas_negativas/15_3_15-3-raiz-eucariota-y-corredor-filogenetico.csv","data/tablas/15/table-61-15-3-nodos-fechas-y-relaciones-debiles.csv","6","qué dato discriminaría mejor","identidad=«edad de LECA»; campo=«qué dato discriminaría mejor»; valor=«reloj comparado con calibraciones compartidas, raíz explícita y análisis de sensibilidad; pregunta abierta: qué intervalo sobrevive a esas decisiones»","0","447","eb65a6efc4b262af7edb4488ea907c29f7dba2c4e4f61fd76472b653aa547f93","8a33be0a189a42fe8a6c4b14ae5e36aa8df9da89aa312c045c6fd99de3c3f355","91b70d4fa98036b2ebac634c822e133cb4ed9780393b3446f9a0004b0a5c67a3","Comprobación por el autor de sum(all(component in text for component in componentes) for text in textos) con ExactCooccurrenceIndex.count; componentes de nominal_query y corpus de source_snapshot. Coinciden ambos; resultado literal, no ausencia científica ni adjudicación de revisión."
"BN-555","0229969ebb62efbc90ffe1445458110145af1d71544ceaf4ff3621b9ae75d6e7","REINSPECCION","2026-09-27T00:06:27Z","/root (autor; no revisión independiente)","C-2812","data/busquedas_negativas/15_3_15-3-raiz-eucariota-y-corredor-filogenetico.csv","data/tablas/15/table-61-15-3-nodos-fechas-y-relaciones-debiles.csv","7","qué dato discriminaría mejor","identidad=«corona multiespecífica de Corallochytrea»; campo=«qué dato discriminaría mejor»; valor=«muestreo de más de un linaje interno, circunscripción declarada y reloj calibrado; pregunta abierta: cuál es la edad de esa corona»","0","447","eb65a6efc4b262af7edb4488ea907c29f7dba2c4e4f61fd76472b653aa547f93","8a33be0a189a42fe8a6c4b14ae5e36aa8df9da89aa312c045c6fd99de3c3f355","91b70d4fa98036b2ebac634c822e133cb4ed9780393b3446f9a0004b0a5c67a3","Comprobación por el autor de sum(all(component in text for component in componentes) for text in textos) con ExactCooccurrenceIndex.count; componentes de nominal_query y corpus de source_snapshot. Coinciden ambos; resultado literal, no ausencia científica ni adjudicación de revisión."
"BN-556","4494980da7010ae80c756469e9fa292fb755ab27e057bc1a76ec431d41a97184","REINSPECCION","2026-09-27T00:06:27Z","/root (autor; no revisión independiente)","C-2813","data/busquedas_negativas/15_3_15-3-raiz-eucariota-y-corredor-filogenetico.csv","data/tablas/15/table-61-15-3-nodos-fechas-y-relaciones-debiles.csv","7","qué no depende de resolverlo","identidad=«corona multiespecífica de Corallochytrea»; campo=«qué no depende de resolverlo»; valor=«la existencia y circunscripción operacional de Corallochytrea en el corpus»","0","447","eb65a6efc4b262af7edb4488ea907c29f7dba2c4e4f61fd76472b653aa547f93","8a33be0a189a42fe8a6c4b14ae5e36aa8df9da89aa312c045c6fd99de3c3f355","91b70d4fa98036b2ebac634c822e133cb4ed9780393b3446f9a0004b0a5c67a3","Comprobación por el autor de sum(all(component in text for component in componentes) for text in textos) con ExactCooccurrenceIndex.count; componentes de nominal_query y corpus de source_snapshot. Coinciden ambos; resultado literal, no ausencia científica ni adjudicación de revisión."
