"clave_bn","huella_fila_bn_sha256","clase_fecha","fecha_ejecucion","revisor_ejecutor","claim_id_residual","csv_bn","csv_celda","fila_celda","columna_celda","consulta_exacta","coincidencias_artefactos","artefactos_censados","huella_inventario_fuentes_sha256","huella_censo_residual_sha256","huella_script_consulta_sha256","metodo"
"BN-147","6f6ec6bf65c98a9c2bb31da25a81ac4470146cdc4f5ed560b6264711059d14ef","REINSPECCION","2026-09-27T00:40:48Z","/root (autor; no revisión independiente)","C-1996","data/busquedas_negativas/15_1_15-1-punto-de-partida-y-participantes-celulares.csv","data/tablas/02/table-06-2-8-2-el-grupo-vivo-mas-proximo-no-esta-resuelto.csv","2","ecología o hábitat por taxón","identidad=«Martijn et al. 2018»; campo=«ecología o hábitat por taxón»; valor=«no consta por cada clado en la evidencia resumida [BN-114]»","0","448","1373e4658ea749685d9b9fdea95e800ff3bff56ab3d2012ae3b9d47d45d55bb6","8a33be0a189a42fe8a6c4b14ae5e36aa8df9da89aa312c045c6fd99de3c3f355","b4ada10d8705991b28ef47f19f000478019114dfd5779907acf9007d932b58e2","Comprobación por el autor de sum(all(component in text for component in componentes) for text in textos) con ExactCooccurrenceIndex.count; componentes de nominal_query y corpus de source_snapshot. Coinciden ambos; resultado literal, no ausencia científica ni adjudicación de revisión."
"BN-148","7eaa7a10452bb6068a02080d8cf245d2fe87a1137a61f88abcd705afe4c2671a","REINSPECCION","2026-09-27T00:40:49Z","/root (autor; no revisión independiente)","C-1997","data/busquedas_negativas/15_1_15-1-punto-de-partida-y-participantes-celulares.csv","data/tablas/02/table-06-2-8-2-el-grupo-vivo-mas-proximo-no-esta-resuelto.csv","3","ecología o hábitat por taxón","identidad=«Fan et al. 2020»; campo=«ecología o hábitat por taxón»; valor=«no consta por cada taxón en la evidencia resumida [BN-114]»","0","448","1373e4658ea749685d9b9fdea95e800ff3bff56ab3d2012ae3b9d47d45d55bb6","8a33be0a189a42fe8a6c4b14ae5e36aa8df9da89aa312c045c6fd99de3c3f355","b4ada10d8705991b28ef47f19f000478019114dfd5779907acf9007d932b58e2","Comprobación por el autor de sum(all(component in text for component in componentes) for text in textos) con ExactCooccurrenceIndex.count; componentes de nominal_query y corpus de source_snapshot. Coinciden ambos; resultado literal, no ausencia científica ni adjudicación de revisión."
"BN-149","1e46d03f4d9667bc370428e6f225c468933a8c2a54a79fd331372572bbbf7fdb","REINSPECCION","2026-09-27T00:40:51Z","/root (autor; no revisión independiente)","C-1998","data/busquedas_negativas/15_1_15-1-punto-de-partida-y-participantes-celulares.csv","data/tablas/02/table-06-2-8-2-el-grupo-vivo-mas-proximo-no-esta-resuelto.csv","4","ecología o hábitat por taxón","identidad=«Muñoz-Gómez et al. 2022»; campo=«ecología o hábitat por taxón»; valor=«no consta por cada taxón en la evidencia resumida [BN-114]»","0","448","1373e4658ea749685d9b9fdea95e800ff3bff56ab3d2012ae3b9d47d45d55bb6","8a33be0a189a42fe8a6c4b14ae5e36aa8df9da89aa312c045c6fd99de3c3f355","b4ada10d8705991b28ef47f19f000478019114dfd5779907acf9007d932b58e2","Comprobación por el autor de sum(all(component in text for component in componentes) for text in textos) con ExactCooccurrenceIndex.count; componentes de nominal_query y corpus de source_snapshot. Coinciden ambos; resultado literal, no ausencia científica ni adjudicación de revisión."
"BN-150","cf783b8e17444b029e6e976fd62675225b41805280469cb934d93c45f6a499d7","REINSPECCION","2026-09-27T00:40:53Z","/root (autor; no revisión independiente)","C-2064","data/busquedas_negativas/15_1_15-1-punto-de-partida-y-participantes-celulares.csv","data/tablas/02/table-06-2-8-2-el-grupo-vivo-mas-proximo-no-esta-resuelto.csv","10","posición o alcance","identidad=«S49 tabla 2»; campo=«posición o alcance»; valor=«linaje metagenómico; criterio discriminatorio»","0","448","1373e4658ea749685d9b9fdea95e800ff3bff56ab3d2012ae3b9d47d45d55bb6","8a33be0a189a42fe8a6c4b14ae5e36aa8df9da89aa312c045c6fd99de3c3f355","b4ada10d8705991b28ef47f19f000478019114dfd5779907acf9007d932b58e2","Comprobación por el autor de sum(all(component in text for component in componentes) for text in textos) con ExactCooccurrenceIndex.count; componentes de nominal_query y corpus de source_snapshot. Coinciden ambos; resultado literal, no ausencia científica ni adjudicación de revisión."
"BN-151","79a11e9b00febb2e31d83dd1c2fe593b4fd20dce048d5d83cf3ef947912af589","REINSPECCION","2026-09-27T00:40:53Z","/root (autor; no revisión independiente)","C-2086","data/busquedas_negativas/15_1_15-1-punto-de-partida-y-participantes-celulares.csv","data/tablas/02/table-06-2-8-2-el-grupo-vivo-mas-proximo-no-esta-resuelto.csv","12","posición o alcance","identidad=«S49 tabla 2»; campo=«posición o alcance»; valor=«linaje metagenómico; criterio discriminatorio»","0","448","1373e4658ea749685d9b9fdea95e800ff3bff56ab3d2012ae3b9d47d45d55bb6","8a33be0a189a42fe8a6c4b14ae5e36aa8df9da89aa312c045c6fd99de3c3f355","b4ada10d8705991b28ef47f19f000478019114dfd5779907acf9007d932b58e2","Comprobación por el autor de sum(all(component in text for component in componentes) for text in textos) con ExactCooccurrenceIndex.count; componentes de nominal_query y corpus de source_snapshot. Coinciden ambos; resultado literal, no ausencia científica ni adjudicación de revisión."
"BN-152","00225d845da2d382654ba9bf3b959b2b39a08c50ff578095b35846393421393a","REINSPECCION","2026-09-27T00:40:54Z","/root (autor; no revisión independiente)","C-2119","data/busquedas_negativas/15_1_15-1-punto-de-partida-y-participantes-celulares.csv","data/tablas/02/table-06-2-8-2-el-grupo-vivo-mas-proximo-no-esta-resuelto.csv","15","posición o alcance","identidad=«S49 tabla 2»; campo=«posición o alcance»; valor=«linaje metagenómico; agrupa con Iodidimonas»","0","448","1373e4658ea749685d9b9fdea95e800ff3bff56ab3d2012ae3b9d47d45d55bb6","8a33be0a189a42fe8a6c4b14ae5e36aa8df9da89aa312c045c6fd99de3c3f355","b4ada10d8705991b28ef47f19f000478019114dfd5779907acf9007d932b58e2","Comprobación por el autor de sum(all(component in text for component in componentes) for text in textos) con ExactCooccurrenceIndex.count; componentes de nominal_query y corpus de source_snapshot. Coinciden ambos; resultado literal, no ausencia científica ni adjudicación de revisión."
"BN-153","605729187112a292d006c9a4d9234a45896aa153181d15f56c9568273e485ab8","REINSPECCION","2026-09-27T00:40:55Z","/root (autor; no revisión independiente)","C-2222","data/busquedas_negativas/15_1_15-1-punto-de-partida-y-participantes-celulares.csv","data/tablas/02/table-06-2-8-2-el-grupo-vivo-mas-proximo-no-esta-resuelto.csv","25","posición o alcance","identidad=«S49 tabla 3»; campo=«posición o alcance»; valor=«distribución metabólica, no posición filogenética»","0","448","1373e4658ea749685d9b9fdea95e800ff3bff56ab3d2012ae3b9d47d45d55bb6","8a33be0a189a42fe8a6c4b14ae5e36aa8df9da89aa312c045c6fd99de3c3f355","b4ada10d8705991b28ef47f19f000478019114dfd5779907acf9007d932b58e2","Comprobación por el autor de sum(all(component in text for component in componentes) for text in textos) con ExactCooccurrenceIndex.count; componentes de nominal_query y corpus de source_snapshot. Coinciden ambos; resultado literal, no ausencia científica ni adjudicación de revisión."
"BN-154","ef3963455151e13270c4017534025f684f81cd2a53dce79a12badc312179d321","REINSPECCION","2026-09-27T00:40:55Z","/root (autor; no revisión independiente)","C-2226","data/busquedas_negativas/15_1_15-1-punto-de-partida-y-participantes-celulares.csv","data/tablas/02/table-06-2-8-2-el-grupo-vivo-mas-proximo-no-esta-resuelto.csv","26","posición o alcance","identidad=«S49 tabla 3»; campo=«posición o alcance»; valor=«distribución metabólica, no posición filogenética»","0","448","1373e4658ea749685d9b9fdea95e800ff3bff56ab3d2012ae3b9d47d45d55bb6","8a33be0a189a42fe8a6c4b14ae5e36aa8df9da89aa312c045c6fd99de3c3f355","b4ada10d8705991b28ef47f19f000478019114dfd5779907acf9007d932b58e2","Comprobación por el autor de sum(all(component in text for component in componentes) for text in textos) con ExactCooccurrenceIndex.count; componentes de nominal_query y corpus de source_snapshot. Coinciden ambos; resultado literal, no ausencia científica ni adjudicación de revisión."
"BN-155","fbcc1d7c3b1ac4aba7a607c57663e9d3f2052d81c3218a5809df08d8482f7424","REINSPECCION","2026-09-27T00:40:56Z","/root (autor; no revisión independiente)","C-2230","data/busquedas_negativas/15_1_15-1-punto-de-partida-y-participantes-celulares.csv","data/tablas/02/table-06-2-8-2-el-grupo-vivo-mas-proximo-no-esta-resuelto.csv","27","posición o alcance","identidad=«S49 tabla 3»; campo=«posición o alcance»; valor=«distribución metabólica, no posición filogenética»","0","448","1373e4658ea749685d9b9fdea95e800ff3bff56ab3d2012ae3b9d47d45d55bb6","8a33be0a189a42fe8a6c4b14ae5e36aa8df9da89aa312c045c6fd99de3c3f355","b4ada10d8705991b28ef47f19f000478019114dfd5779907acf9007d932b58e2","Comprobación por el autor de sum(all(component in text for component in componentes) for text in textos) con ExactCooccurrenceIndex.count; componentes de nominal_query y corpus de source_snapshot. Coinciden ambos; resultado literal, no ausencia científica ni adjudicación de revisión."
"BN-156","4170e98e4f4925ed18704ca5da38de074ab1c455d977d95abefe28228aaf9e73","REINSPECCION","2026-09-27T00:40:56Z","/root (autor; no revisión independiente)","C-2234","data/busquedas_negativas/15_1_15-1-punto-de-partida-y-participantes-celulares.csv","data/tablas/02/table-06-2-8-2-el-grupo-vivo-mas-proximo-no-esta-resuelto.csv","28","posición o alcance","identidad=«S49 tabla 3»; campo=«posición o alcance»; valor=«distribución metabólica, no posición filogenética»","0","448","1373e4658ea749685d9b9fdea95e800ff3bff56ab3d2012ae3b9d47d45d55bb6","8a33be0a189a42fe8a6c4b14ae5e36aa8df9da89aa312c045c6fd99de3c3f355","b4ada10d8705991b28ef47f19f000478019114dfd5779907acf9007d932b58e2","Comprobación por el autor de sum(all(component in text for component in componentes) for text in textos) con ExactCooccurrenceIndex.count; componentes de nominal_query y corpus de source_snapshot. Coinciden ambos; resultado literal, no ausencia científica ni adjudicación de revisión."
"BN-157","892f9ee1177a81893fc5b067afd22fb0cf61dc7c38de7df06c71d478e5712614","REINSPECCION","2026-09-27T00:40:57Z","/root (autor; no revisión independiente)","C-2238","data/busquedas_negativas/15_1_15-1-punto-de-partida-y-participantes-celulares.csv","data/tablas/02/table-06-2-8-2-el-grupo-vivo-mas-proximo-no-esta-resuelto.csv","29","posición o alcance","identidad=«S49 tabla 3»; campo=«posición o alcance»; valor=«distribución metabólica, no posición filogenética»","0","448","1373e4658ea749685d9b9fdea95e800ff3bff56ab3d2012ae3b9d47d45d55bb6","8a33be0a189a42fe8a6c4b14ae5e36aa8df9da89aa312c045c6fd99de3c3f355","b4ada10d8705991b28ef47f19f000478019114dfd5779907acf9007d932b58e2","Comprobación por el autor de sum(all(component in text for component in componentes) for text in textos) con ExactCooccurrenceIndex.count; componentes de nominal_query y corpus de source_snapshot. Coinciden ambos; resultado literal, no ausencia científica ni adjudicación de revisión."
"BN-158","f22b89e97a33c9df9b60691585b283c482d750fac30ba822fe1a52840b505941","REINSPECCION","2026-09-27T00:40:57Z","/root (autor; no revisión independiente)","C-2242","data/busquedas_negativas/15_1_15-1-punto-de-partida-y-participantes-celulares.csv","data/tablas/02/table-06-2-8-2-el-grupo-vivo-mas-proximo-no-esta-resuelto.csv","30","posición o alcance","identidad=«S49 tabla 3»; campo=«posición o alcance»; valor=«metabolismo anaerobio; no posición filogenética»","0","448","1373e4658ea749685d9b9fdea95e800ff3bff56ab3d2012ae3b9d47d45d55bb6","8a33be0a189a42fe8a6c4b14ae5e36aa8df9da89aa312c045c6fd99de3c3f355","b4ada10d8705991b28ef47f19f000478019114dfd5779907acf9007d932b58e2","Comprobación por el autor de sum(all(component in text for component in componentes) for text in textos) con ExactCooccurrenceIndex.count; componentes de nominal_query y corpus de source_snapshot. Coinciden ambos; resultado literal, no ausencia científica ni adjudicación de revisión."
"BN-159","7f3bde5b8916cb1d745c9a249fcf61f90f9b02bddb39bad6ecb89a0794e6fd7b","REINSPECCION","2026-09-27T00:40:58Z","/root (autor; no revisión independiente)","C-2254","data/busquedas_negativas/15_1_15-1-punto-de-partida-y-participantes-celulares.csv","data/tablas/02/table-06-2-8-2-el-grupo-vivo-mas-proximo-no-esta-resuelto.csv","33","posición o alcance","identidad=«S49 tabla 3»; campo=«posición o alcance»; valor=«clasificación de membrana; no posición filogenética»","0","448","1373e4658ea749685d9b9fdea95e800ff3bff56ab3d2012ae3b9d47d45d55bb6","8a33be0a189a42fe8a6c4b14ae5e36aa8df9da89aa312c045c6fd99de3c3f355","b4ada10d8705991b28ef47f19f000478019114dfd5779907acf9007d932b58e2","Comprobación por el autor de sum(all(component in text for component in componentes) for text in textos) con ExactCooccurrenceIndex.count; componentes de nominal_query y corpus de source_snapshot. Coinciden ambos; resultado literal, no ausencia científica ni adjudicación de revisión."
"BN-160","e1b161a312abbb70577be21a954063e14d30f70626aa87df76a184849da9c6a9","REINSPECCION","2026-09-27T00:40:58Z","/root (autor; no revisión independiente)","C-2258","data/busquedas_negativas/15_1_15-1-punto-de-partida-y-participantes-celulares.csv","data/tablas/02/table-06-2-8-2-el-grupo-vivo-mas-proximo-no-esta-resuelto.csv","34","posición o alcance","identidad=«S49 tabla 3»; campo=«posición o alcance»; valor=«distribución metabólica, no posición filogenética»","0","448","1373e4658ea749685d9b9fdea95e800ff3bff56ab3d2012ae3b9d47d45d55bb6","8a33be0a189a42fe8a6c4b14ae5e36aa8df9da89aa312c045c6fd99de3c3f355","b4ada10d8705991b28ef47f19f000478019114dfd5779907acf9007d932b58e2","Comprobación por el autor de sum(all(component in text for component in componentes) for text in textos) con ExactCooccurrenceIndex.count; componentes de nominal_query y corpus de source_snapshot. Coinciden ambos; resultado literal, no ausencia científica ni adjudicación de revisión."
"BN-161","ffadcbfaad80ee709416f7877123ee5a31469a89a576d6294a7a4a73fd05afb2","REINSPECCION","2026-09-27T00:40:58Z","/root (autor; no revisión independiente)","C-2270","data/busquedas_negativas/15_1_15-1-punto-de-partida-y-participantes-celulares.csv","data/tablas/02/table-06-2-8-2-el-grupo-vivo-mas-proximo-no-esta-resuelto.csv","37","posición o alcance","identidad=«S49 tabla 3»; campo=«posición o alcance»; valor=«distribución metabólica, no posición filogenética»","0","448","1373e4658ea749685d9b9fdea95e800ff3bff56ab3d2012ae3b9d47d45d55bb6","8a33be0a189a42fe8a6c4b14ae5e36aa8df9da89aa312c045c6fd99de3c3f355","b4ada10d8705991b28ef47f19f000478019114dfd5779907acf9007d932b58e2","Comprobación por el autor de sum(all(component in text for component in componentes) for text in textos) con ExactCooccurrenceIndex.count; componentes de nominal_query y corpus de source_snapshot. Coinciden ambos; resultado literal, no ausencia científica ni adjudicación de revisión."
"BN-162","a8d99a3dd300a759f9dc4671a6b6d0b53b2c275fb54c95fc092fae8605de5c0a","REINSPECCION","2026-09-27T00:40:59Z","/root (autor; no revisión independiente)","C-2274","data/busquedas_negativas/15_1_15-1-punto-de-partida-y-participantes-celulares.csv","data/tablas/02/table-06-2-8-2-el-grupo-vivo-mas-proximo-no-esta-resuelto.csv","38","posición o alcance","identidad=«S49 tabla 3»; campo=«posición o alcance»; valor=«similitud de proteínas, no parentesco por sí sola»","0","448","1373e4658ea749685d9b9fdea95e800ff3bff56ab3d2012ae3b9d47d45d55bb6","8a33be0a189a42fe8a6c4b14ae5e36aa8df9da89aa312c045c6fd99de3c3f355","b4ada10d8705991b28ef47f19f000478019114dfd5779907acf9007d932b58e2","Comprobación por el autor de sum(all(component in text for component in componentes) for text in textos) con ExactCooccurrenceIndex.count; componentes de nominal_query y corpus de source_snapshot. Coinciden ambos; resultado literal, no ausencia científica ni adjudicación de revisión."
"BN-163","e6d6282c093ecaf3f4464ea050b583bb54849577b947a6e774c4b42c84be542c","REINSPECCION","2026-09-27T00:41:00Z","/root (autor; no revisión independiente)","C-2275","data/busquedas_negativas/15_1_15-1-punto-de-partida-y-participantes-celulares.csv","data/tablas/02/table-06a-2-8-2-diversidad-ecologia-metabolismo-posicion-alphaproteobacteria.csv","2","diversidad interna documentada","identidad=«Rickettsiales»; campo=«diversidad interna documentada»; valor=«linaje temprano de las 15 unidades comparadas; incluye genomas reducidos»","0","448","1373e4658ea749685d9b9fdea95e800ff3bff56ab3d2012ae3b9d47d45d55bb6","8a33be0a189a42fe8a6c4b14ae5e36aa8df9da89aa312c045c6fd99de3c3f355","b4ada10d8705991b28ef47f19f000478019114dfd5779907acf9007d932b58e2","Comprobación por el autor de sum(all(component in text for component in componentes) for text in textos) con ExactCooccurrenceIndex.count; componentes de nominal_query y corpus de source_snapshot. Coinciden ambos; resultado literal, no ausencia científica ni adjudicación de revisión."
"BN-164","58a5408ac2b9748d38559cf0a7ab6e8ba5330b19e22b532278e59a0476d82807","REINSPECCION","2026-09-27T00:41:01Z","/root (autor; no revisión independiente)","C-2276","data/busquedas_negativas/15_1_15-1-punto-de-partida-y-participantes-celulares.csv","data/tablas/02/table-06a-2-8-2-diversidad-ecologia-metabolismo-posicion-alphaproteobacteria.csv","2","ecología o tipo de vida explícito","identidad=«Rickettsiales»; campo=«ecología o tipo de vida explícito»; valor=«no consta una ficha ecológica representativa del linaje en los pasajes de S49 usados aquí»","0","448","1373e4658ea749685d9b9fdea95e800ff3bff56ab3d2012ae3b9d47d45d55bb6","8a33be0a189a42fe8a6c4b14ae5e36aa8df9da89aa312c045c6fd99de3c3f355","b4ada10d8705991b28ef47f19f000478019114dfd5779907acf9007d932b58e2","Comprobación por el autor de sum(all(component in text for component in componentes) for text in textos) con ExactCooccurrenceIndex.count; componentes de nominal_query y corpus de source_snapshot. Coinciden ambos; resultado literal, no ausencia científica ni adjudicación de revisión."
"BN-165","13f5be5321f81e28c83d853c2446712b092c8fb2fdc1f0c1203a695d3b8ad588","REINSPECCION","2026-09-27T00:41:01Z","/root (autor; no revisión independiente)","C-2277","data/busquedas_negativas/15_1_15-1-punto-de-partida-y-participantes-celulares.csv","data/tablas/02/table-06a-2-8-2-diversidad-ecologia-metabolismo-posicion-alphaproteobacteria.csv","2","metabolismo documentado","identidad=«Rickettsiales»; campo=«metabolismo documentado»; valor=«puntuación acumulada de rasgos aerobios significativamente menor que la de mitocondrias aerobias; sin evidencia bioquímica de cardiolipina localizada por S49»","0","448","1373e4658ea749685d9b9fdea95e800ff3bff56ab3d2012ae3b9d47d45d55bb6","8a33be0a189a42fe8a6c4b14ae5e36aa8df9da89aa312c045c6fd99de3c3f355","b4ada10d8705991b28ef47f19f000478019114dfd5779907acf9007d932b58e2","Comprobación por el autor de sum(all(component in text for component in componentes) for text in textos) con ExactCooccurrenceIndex.count; componentes de nominal_query y corpus de source_snapshot. Coinciden ambos; resultado literal, no ausencia científica ni adjudicación de revisión."
"BN-166","f54beec7806f0de0c0d4022b75dcb4d6a2161b924b5b69afdb9f0ca07f7926a8","REINSPECCION","2026-09-27T00:41:02Z","/root (autor; no revisión independiente)","C-2278","data/busquedas_negativas/15_1_15-1-punto-de-partida-y-participantes-celulares.csv","data/tablas/02/table-06a-2-8-2-diversidad-ecologia-metabolismo-posicion-alphaproteobacteria.csv","2","posición filogenética o relación con mitocondrias","identidad=«Rickettsiales»; campo=«posición filogenética o relación con mitocondrias»; valor=«extremo temprano del muestreo de S49; la ausencia de la sintenia Cox11–COX3 y otros filtros llevaron a S49 a excluirlo como mejor candidato metabólico»","0","448","1373e4658ea749685d9b9fdea95e800ff3bff56ab3d2012ae3b9d47d45d55bb6","8a33be0a189a42fe8a6c4b14ae5e36aa8df9da89aa312c045c6fd99de3c3f355","b4ada10d8705991b28ef47f19f000478019114dfd5779907acf9007d932b58e2","Comprobación por el autor de sum(all(component in text for component in componentes) for text in textos) con ExactCooccurrenceIndex.count; componentes de nominal_query y corpus de source_snapshot. Coinciden ambos; resultado literal, no ausencia científica ni adjudicación de revisión."
"BN-167","aa7545a2f92ff4fb544c05a5a875a1b95242c6701bbbba86134f843912597159","REINSPECCION","2026-09-27T00:41:03Z","/root (autor; no revisión independiente)","C-2280","data/busquedas_negativas/15_1_15-1-punto-de-partida-y-participantes-celulares.csv","data/tablas/02/table-06a-2-8-2-diversidad-ecologia-metabolismo-posicion-alphaproteobacteria.csv","3","diversidad interna documentada","identidad=«Holosporales»; campo=«diversidad interna documentada»; valor=«unidad analítica separada con genomas ricos en AT»","0","448","1373e4658ea749685d9b9fdea95e800ff3bff56ab3d2012ae3b9d47d45d55bb6","8a33be0a189a42fe8a6c4b14ae5e36aa8df9da89aa312c045c6fd99de3c3f355","b4ada10d8705991b28ef47f19f000478019114dfd5779907acf9007d932b58e2","Comprobación por el autor de sum(all(component in text for component in componentes) for text in textos) con ExactCooccurrenceIndex.count; componentes de nominal_query y corpus de source_snapshot. Coinciden ambos; resultado literal, no ausencia científica ni adjudicación de revisión."
"BN-168","28055fc169297199b2a23e11fc0fa11c573d539b87c83d471ea321e2a6c76e6f","REINSPECCION","2026-09-27T00:41:04Z","/root (autor; no revisión independiente)","C-2281","data/busquedas_negativas/15_1_15-1-punto-de-partida-y-participantes-celulares.csv","data/tablas/02/table-06a-2-8-2-diversidad-ecologia-metabolismo-posicion-alphaproteobacteria.csv","3","ecología o tipo de vida explícito","identidad=«Holosporales»; campo=«ecología o tipo de vida explícito»; valor=«no consta una ficha ecológica representativa del linaje en los pasajes de S49 usados aquí»","0","448","1373e4658ea749685d9b9fdea95e800ff3bff56ab3d2012ae3b9d47d45d55bb6","8a33be0a189a42fe8a6c4b14ae5e36aa8df9da89aa312c045c6fd99de3c3f355","b4ada10d8705991b28ef47f19f000478019114dfd5779907acf9007d932b58e2","Comprobación por el autor de sum(all(component in text for component in componentes) for text in textos) con ExactCooccurrenceIndex.count; componentes de nominal_query y corpus de source_snapshot. Coinciden ambos; resultado literal, no ausencia científica ni adjudicación de revisión."
"BN-169","5d95dc7d7a75e1a62f45554cb63748d1d0c557a28e4f6a995aba77f3996c5886","REINSPECCION","2026-09-27T00:41:05Z","/root (autor; no revisión independiente)","C-2282","data/busquedas_negativas/15_1_15-1-punto-de-partida-y-participantes-celulares.csv","data/tablas/02/table-06a-2-8-2-diversidad-ecologia-metabolismo-posicion-alphaproteobacteria.csv","3","posición filogenética o relación con mitocondrias","identidad=«Holosporales»; campo=«posición filogenética o relación con mitocondrias»; valor=«posición intermedia entre Rickettsiales y Rhodospirillales después de corregir composición rica en AT»","0","448","1373e4658ea749685d9b9fdea95e800ff3bff56ab3d2012ae3b9d47d45d55bb6","8a33be0a189a42fe8a6c4b14ae5e36aa8df9da89aa312c045c6fd99de3c3f355","b4ada10d8705991b28ef47f19f000478019114dfd5779907acf9007d932b58e2","Comprobación por el autor de sum(all(component in text for component in componentes) for text in textos) con ExactCooccurrenceIndex.count; componentes de nominal_query y corpus de source_snapshot. Coinciden ambos; resultado literal, no ausencia científica ni adjudicación de revisión."
"BN-170","6d2ba10e4b4dc8b6234d64f813348da588b75353c5996ee60c8756ab4c20830e","REINSPECCION","2026-09-27T00:41:06Z","/root (autor; no revisión independiente)","C-2283","data/busquedas_negativas/15_1_15-1-punto-de-partida-y-participantes-celulares.csv","data/tablas/02/table-06a-2-8-2-diversidad-ecologia-metabolismo-posicion-alphaproteobacteria.csv","3","clase de evidencia y límite","identidad=«Holosporales»; campo=«clase de evidencia y límite»; valor=«posición y metabolismo proceden del esquema analítico de S49; no se extrapola ecología desde el nombre del clado»","0","448","1373e4658ea749685d9b9fdea95e800ff3bff56ab3d2012ae3b9d47d45d55bb6","8a33be0a189a42fe8a6c4b14ae5e36aa8df9da89aa312c045c6fd99de3c3f355","b4ada10d8705991b28ef47f19f000478019114dfd5779907acf9007d932b58e2","Comprobación por el autor de sum(all(component in text for component in componentes) for text in textos) con ExactCooccurrenceIndex.count; componentes de nominal_query y corpus de source_snapshot. Coinciden ambos; resultado literal, no ausencia científica ni adjudicación de revisión."
"BN-171","3fd5cc68d37e36cd3dae0384219a84b7305bb927d9fa583067bf10e396fd93c5","REINSPECCION","2026-09-27T00:41:07Z","/root (autor; no revisión independiente)","C-2284","data/busquedas_negativas/15_1_15-1-punto-de-partida-y-participantes-celulares.csv","data/tablas/02/table-06a-2-8-2-diversidad-ecologia-metabolismo-posicion-alphaproteobacteria.csv","4","metabolismo documentado","identidad=«Rhodospirillales, incluidas Methylocystaceae»; campo=«metabolismo documentado»; valor=«M16B próximo al operón COX con M32 en Rhodospirillales; SPT en algunos miembros; Methylocystaceae con SPT»","0","448","1373e4658ea749685d9b9fdea95e800ff3bff56ab3d2012ae3b9d47d45d55bb6","8a33be0a189a42fe8a6c4b14ae5e36aa8df9da89aa312c045c6fd99de3c3f355","b4ada10d8705991b28ef47f19f000478019114dfd5779907acf9007d932b58e2","Comprobación por el autor de sum(all(component in text for component in componentes) for text in textos) con ExactCooccurrenceIndex.count; componentes de nominal_query y corpus de source_snapshot. Coinciden ambos; resultado literal, no ausencia científica ni adjudicación de revisión."
"BN-172","e778691b453d0086802d7d3188859d4b0aa19c55b746895e00fe19eaf292bc2a","REINSPECCION","2026-09-27T00:41:08Z","/root (autor; no revisión independiente)","C-2285","data/busquedas_negativas/15_1_15-1-punto-de-partida-y-participantes-celulares.csv","data/tablas/02/table-06a-2-8-2-diversidad-ecologia-metabolismo-posicion-alphaproteobacteria.csv","4","posición filogenética o relación con mitocondrias","identidad=«Rhodospirillales, incluidas Methylocystaceae»; campo=«posición filogenética o relación con mitocondrias»; valor=«superorden diverso de posición intermedia; algunos grupos marinos y Holosporales se evalúan respecto de él»","0","448","1373e4658ea749685d9b9fdea95e800ff3bff56ab3d2012ae3b9d47d45d55bb6","8a33be0a189a42fe8a6c4b14ae5e36aa8df9da89aa312c045c6fd99de3c3f355","b4ada10d8705991b28ef47f19f000478019114dfd5779907acf9007d932b58e2","Comprobación por el autor de sum(all(component in text for component in componentes) for text in textos) con ExactCooccurrenceIndex.count; componentes de nominal_query y corpus de source_snapshot. Coinciden ambos; resultado literal, no ausencia científica ni adjudicación de revisión."
"BN-173","5c0e1130563615c1e7a26db4c1cd3eefff56208207a58e1d605af160e0a553c9","REINSPECCION","2026-09-27T00:41:09Z","/root (autor; no revisión independiente)","C-2286","data/busquedas_negativas/15_1_15-1-punto-de-partida-y-participantes-celulares.csv","data/tablas/02/table-06a-2-8-2-diversidad-ecologia-metabolismo-posicion-alphaproteobacteria.csv","5","metabolismo documentado","identidad=«MarineAlpha: HIMB59, TMED109 y TMED127»; campo=«metabolismo documentado»; valor=«puntuación acumulada de rasgos aerobios significativamente menor que la de mitocondrias aerobias»","0","448","1373e4658ea749685d9b9fdea95e800ff3bff56ab3d2012ae3b9d47d45d55bb6","8a33be0a189a42fe8a6c4b14ae5e36aa8df9da89aa312c045c6fd99de3c3f355","b4ada10d8705991b28ef47f19f000478019114dfd5779907acf9007d932b58e2","Comprobación por el autor de sum(all(component in text for component in componentes) for text in textos) con ExactCooccurrenceIndex.count; componentes de nominal_query y corpus de source_snapshot. Coinciden ambos; resultado literal, no ausencia científica ni adjudicación de revisión."
"BN-174","77b272bc2a2933046670863a384d73e82057ec8aa5d27f7763ce58a95c3e72f3","REINSPECCION","2026-09-27T00:41:10Z","/root (autor; no revisión independiente)","C-2289","data/busquedas_negativas/15_1_15-1-punto-de-partida-y-participantes-celulares.csv","data/tablas/02/table-06a-2-8-2-diversidad-ecologia-metabolismo-posicion-alphaproteobacteria.csv","6","metabolismo documentado","identidad=«Sneathiellales y nuevos clados marinos»; campo=«metabolismo documentado»; valor=«Sneathiellales y clados relacionados mostraron puntuaciones aerobias comparables a mitocondrias; los nuevos clados concentran OFOR y otros rasgos anaerobios»","0","448","1373e4658ea749685d9b9fdea95e800ff3bff56ab3d2012ae3b9d47d45d55bb6","8a33be0a189a42fe8a6c4b14ae5e36aa8df9da89aa312c045c6fd99de3c3f355","b4ada10d8705991b28ef47f19f000478019114dfd5779907acf9007d932b58e2","Comprobación por el autor de sum(all(component in text for component in componentes) for text in textos) con ExactCooccurrenceIndex.count; componentes de nominal_query y corpus de source_snapshot. Coinciden ambos; resultado literal, no ausencia científica ni adjudicación de revisión."
"BN-175","a3d24a85111a2329c65edefc6b7c88e4ea7fbea072c867393f640ced84ceaf41","REINSPECCION","2026-09-27T00:41:10Z","/root (autor; no revisión independiente)","C-2290","data/busquedas_negativas/15_1_15-1-punto-de-partida-y-participantes-celulares.csv","data/tablas/02/table-06a-2-8-2-diversidad-ecologia-metabolismo-posicion-alphaproteobacteria.csv","6","posición filogenética o relación con mitocondrias","identidad=«Sneathiellales y nuevos clados marinos»; campo=«posición filogenética o relación con mitocondrias»; valor=«región filogenética central próxima al conjunto SERIK; separación analítica por diversidad bioenergética»","0","448","1373e4658ea749685d9b9fdea95e800ff3bff56ab3d2012ae3b9d47d45d55bb6","8a33be0a189a42fe8a6c4b14ae5e36aa8df9da89aa312c045c6fd99de3c3f355","b4ada10d8705991b28ef47f19f000478019114dfd5779907acf9007d932b58e2","Comprobación por el autor de sum(all(component in text for component in componentes) for text in textos) con ExactCooccurrenceIndex.count; componentes de nominal_query y corpus de source_snapshot. Coinciden ambos; resultado literal, no ausencia científica ni adjudicación de revisión."
"BN-176","63fe1e0adda31684db4c82c96e2f4d9aedcdbfc82d414caf24a5575108babb61","REINSPECCION","2026-09-27T00:41:11Z","/root (autor; no revisión independiente)","C-2292","data/busquedas_negativas/15_1_15-1-punto-de-partida-y-participantes-celulares.csv","data/tablas/02/table-06a-2-8-2-diversidad-ecologia-metabolismo-posicion-alphaproteobacteria.csv","7","diversidad interna documentada","identidad=«Iodidimonadales: *Iodidimonas*, Q-1, J067, J084 y J134»; campo=«diversidad interna documentada»; valor=«orden del grupo SERIK; incluye cultivos y MAG que agrupan con *Iodidimonas*»","0","448","1373e4658ea749685d9b9fdea95e800ff3bff56ab3d2012ae3b9d47d45d55bb6","8a33be0a189a42fe8a6c4b14ae5e36aa8df9da89aa312c045c6fd99de3c3f355","b4ada10d8705991b28ef47f19f000478019114dfd5779907acf9007d932b58e2","Comprobación por el autor de sum(all(component in text for component in componentes) for text in textos) con ExactCooccurrenceIndex.count; componentes de nominal_query y corpus de source_snapshot. Coinciden ambos; resultado literal, no ausencia científica ni adjudicación de revisión."
"BN-177","6494732b018f0d49ec7461e545ec1922243cc86c6722404da270ba270c910d18","REINSPECCION","2026-09-27T00:41:11Z","/root (autor; no revisión independiente)","C-2293","data/busquedas_negativas/15_1_15-1-punto-de-partida-y-participantes-celulares.csv","data/tablas/02/table-06a-2-8-2-diversidad-ecologia-metabolismo-posicion-alphaproteobacteria.csv","7","metabolismo documentado","identidad=«Iodidimonadales: *Iodidimonas*, Q-1, J067, J084 y J134»; campo=«metabolismo documentado»; valor=«puntuación aerobia comparable a mitocondrias, sintenia M16B–ISP, máxima frecuencia de doble cardiolipina sintasa y combinación de rasgos aerobios y anaerobios»","0","448","1373e4658ea749685d9b9fdea95e800ff3bff56ab3d2012ae3b9d47d45d55bb6","8a33be0a189a42fe8a6c4b14ae5e36aa8df9da89aa312c045c6fd99de3c3f355","b4ada10d8705991b28ef47f19f000478019114dfd5779907acf9007d932b58e2","Comprobación por el autor de sum(all(component in text for component in componentes) for text in textos) con ExactCooccurrenceIndex.count; componentes de nominal_query y corpus de source_snapshot. Coinciden ambos; resultado literal, no ausencia científica ni adjudicación de revisión."
"BN-178","120f9dbe2ef5fafd3af849103f2416fa0cc1387fe58d5680b0938f74676d32ac","REINSPECCION","2026-09-27T00:41:12Z","/root (autor; no revisión independiente)","C-2294","data/busquedas_negativas/15_1_15-1-punto-de-partida-y-participantes-celulares.csv","data/tablas/02/table-06a-2-8-2-diversidad-ecologia-metabolismo-posicion-alphaproteobacteria.csv","7","posición filogenética o relación con mitocondrias","identidad=«Iodidimonadales: *Iodidimonas*, Q-1, J067, J084 y J134»; campo=«posición filogenética o relación con mitocondrias»; valor=«linaje SERIK mantenido separado; S49 lo propone como mejor candidato funcional y espacio filogenético posible, no como grupo hermano demostrado»","0","448","1373e4658ea749685d9b9fdea95e800ff3bff56ab3d2012ae3b9d47d45d55bb6","8a33be0a189a42fe8a6c4b14ae5e36aa8df9da89aa312c045c6fd99de3c3f355","b4ada10d8705991b28ef47f19f000478019114dfd5779907acf9007d932b58e2","Comprobación por el autor de sum(all(component in text for component in componentes) for text in textos) con ExactCooccurrenceIndex.count; componentes de nominal_query y corpus de source_snapshot. Coinciden ambos; resultado literal, no ausencia científica ni adjudicación de revisión."
"BN-179","d0056aa921ab74b01f55f6d669240a84c95cea0a6c4bd3bb0171260242dff215","REINSPECCION","2026-09-27T00:41:12Z","/root (autor; no revisión independiente)","C-2295","data/busquedas_negativas/15_1_15-1-punto-de-partida-y-participantes-celulares.csv","data/tablas/02/table-06a-2-8-2-diversidad-ecologia-metabolismo-posicion-alphaproteobacteria.csv","7","clase de evidencia y límite","identidad=«Iodidimonadales: *Iodidimonas*, Q-1, J067, J084 y J134»; campo=«clase de evidencia y límite»; valor=«genomas de cultivo y MAG, operones, rasgos y árbol COX3; el hábitat no convierte la hipótesis de origen en demostración»","0","448","1373e4658ea749685d9b9fdea95e800ff3bff56ab3d2012ae3b9d47d45d55bb6","8a33be0a189a42fe8a6c4b14ae5e36aa8df9da89aa312c045c6fd99de3c3f355","b4ada10d8705991b28ef47f19f000478019114dfd5779907acf9007d932b58e2","Comprobación por el autor de sum(all(component in text for component in componentes) for text in textos) con ExactCooccurrenceIndex.count; componentes de nominal_query y corpus de source_snapshot. Coinciden ambos; resultado literal, no ausencia científica ni adjudicación de revisión."
"BN-180","78656f4e2f2664b7537b094d299fd2b1f178f74290a9949415e4315b8d77d1ff","REINSPECCION","2026-09-27T00:41:13Z","/root (autor; no revisión independiente)","C-2296","data/busquedas_negativas/15_1_15-1-punto-de-partida-y-participantes-celulares.csv","data/tablas/02/table-06a-2-8-2-diversidad-ecologia-metabolismo-posicion-alphaproteobacteria.csv","8","diversidad interna documentada","identidad=«Rhodothalassiales + Kordiimonadales»; campo=«diversidad interna documentada»; valor=«unidades fusionadas en el análisis por rasgos comunes; *Kordiimonas pumila* figura nominalmente en tabla 2»","0","448","1373e4658ea749685d9b9fdea95e800ff3bff56ab3d2012ae3b9d47d45d55bb6","8a33be0a189a42fe8a6c4b14ae5e36aa8df9da89aa312c045c6fd99de3c3f355","b4ada10d8705991b28ef47f19f000478019114dfd5779907acf9007d932b58e2","Comprobación por el autor de sum(all(component in text for component in componentes) for text in textos) con ExactCooccurrenceIndex.count; componentes de nominal_query y corpus de source_snapshot. Coinciden ambos; resultado literal, no ausencia científica ni adjudicación de revisión."
"BN-181","9c11e3d51b499b6fdadd15648882e16155c7682bb2aaf12ce2623969bf3efbe2","REINSPECCION","2026-09-27T00:41:13Z","/root (autor; no revisión independiente)","C-2297","data/busquedas_negativas/15_1_15-1-punto-de-partida-y-participantes-celulares.csv","data/tablas/02/table-06a-2-8-2-diversidad-ecologia-metabolismo-posicion-alphaproteobacteria.csv","8","ecología o tipo de vida explícito","identidad=«Rhodothalassiales + Kordiimonadales»; campo=«ecología o tipo de vida explícito»; valor=«no consta una ficha ecológica representativa de toda la unidad en los pasajes de S49 usados aquí»","0","448","1373e4658ea749685d9b9fdea95e800ff3bff56ab3d2012ae3b9d47d45d55bb6","8a33be0a189a42fe8a6c4b14ae5e36aa8df9da89aa312c045c6fd99de3c3f355","b4ada10d8705991b28ef47f19f000478019114dfd5779907acf9007d932b58e2","Comprobación por el autor de sum(all(component in text for component in componentes) for text in textos) con ExactCooccurrenceIndex.count; componentes de nominal_query y corpus de source_snapshot. Coinciden ambos; resultado literal, no ausencia científica ni adjudicación de revisión."
"BN-182","9e414351d7a515919b4a0219079a2529462ed6fda381525af26b12b79fb1ef71","REINSPECCION","2026-09-27T00:41:14Z","/root (autor; no revisión independiente)","C-2298","data/busquedas_negativas/15_1_15-1-punto-de-partida-y-participantes-celulares.csv","data/tablas/02/table-06a-2-8-2-diversidad-ecologia-metabolismo-posicion-alphaproteobacteria.csv","8","metabolismo documentado","identidad=«Rhodothalassiales + Kordiimonadales»; campo=«metabolismo documentado»; valor=«Kordiimonadales mostró puntuación aerobia comparable a mitocondrias; tabla 2 registra sintenia ribosomal, SPT/KynU y ≥3 rasgos anaerobios en *K. pumila*»","0","448","1373e4658ea749685d9b9fdea95e800ff3bff56ab3d2012ae3b9d47d45d55bb6","8a33be0a189a42fe8a6c4b14ae5e36aa8df9da89aa312c045c6fd99de3c3f355","b4ada10d8705991b28ef47f19f000478019114dfd5779907acf9007d932b58e2","Comprobación por el autor de sum(all(component in text for component in componentes) for text in textos) con ExactCooccurrenceIndex.count; componentes de nominal_query y corpus de source_snapshot. Coinciden ambos; resultado literal, no ausencia científica ni adjudicación de revisión."
"BN-183","f69617e961f6760176fc54e62df1b3428a7bc84b410ca71fc044aea12aaa5576","REINSPECCION","2026-09-27T00:41:14Z","/root (autor; no revisión independiente)","C-2299","data/busquedas_negativas/15_1_15-1-punto-de-partida-y-participantes-celulares.csv","data/tablas/02/table-06a-2-8-2-diversidad-ecologia-metabolismo-posicion-alphaproteobacteria.csv","8","posición filogenética o relación con mitocondrias","identidad=«Rhodothalassiales + Kordiimonadales»; campo=«posición filogenética o relación con mitocondrias»; valor=«parte del conjunto SERIK; corona RIK comparada mediante COX3 con mitocondrias»","0","448","1373e4658ea749685d9b9fdea95e800ff3bff56ab3d2012ae3b9d47d45d55bb6","8a33be0a189a42fe8a6c4b14ae5e36aa8df9da89aa312c045c6fd99de3c3f355","b4ada10d8705991b28ef47f19f000478019114dfd5779907acf9007d932b58e2","Comprobación por el autor de sum(all(component in text for component in componentes) for text in textos) con ExactCooccurrenceIndex.count; componentes de nominal_query y corpus de source_snapshot. Coinciden ambos; resultado literal, no ausencia científica ni adjudicación de revisión."
"BN-184","21ca16bce4ded2cb86d83668d31fef90063fc7cce0bb0cc38fae4401e720fc1d","REINSPECCION","2026-09-27T00:41:15Z","/root (autor; no revisión independiente)","C-2300","data/busquedas_negativas/15_1_15-1-punto-de-partida-y-participantes-celulares.csv","data/tablas/02/table-06a-2-8-2-diversidad-ecologia-metabolismo-posicion-alphaproteobacteria.csv","8","clase de evidencia y límite","identidad=«Rhodothalassiales + Kordiimonadales»; campo=«clase de evidencia y límite»; valor=«fusión analítica de S49, no sinonimia taxonómica; las celdas vacías de tabla 2 no son ausencias»","0","448","1373e4658ea749685d9b9fdea95e800ff3bff56ab3d2012ae3b9d47d45d55bb6","8a33be0a189a42fe8a6c4b14ae5e36aa8df9da89aa312c045c6fd99de3c3f355","b4ada10d8705991b28ef47f19f000478019114dfd5779907acf9007d932b58e2","Comprobación por el autor de sum(all(component in text for component in componentes) for text in textos) con ExactCooccurrenceIndex.count; componentes de nominal_query y corpus de source_snapshot. Coinciden ambos; resultado literal, no ausencia científica ni adjudicación de revisión."
"BN-185","823aae333f58a96592ef988839e60b38d5995964a72436d3c3561f44d8d4c3db","REINSPECCION","2026-09-27T00:41:16Z","/root (autor; no revisión independiente)","C-2301","data/busquedas_negativas/15_1_15-1-punto-de-partida-y-participantes-celulares.csv","data/tablas/02/table-06a-2-8-2-diversidad-ecologia-metabolismo-posicion-alphaproteobacteria.csv","9","ecología o tipo de vida explícito","identidad=«Pelagibacterales»; campo=«ecología o tipo de vida explícito»; valor=«no consta una ficha ecológica representativa en los pasajes de S49 usados aquí»","0","448","1373e4658ea749685d9b9fdea95e800ff3bff56ab3d2012ae3b9d47d45d55bb6","8a33be0a189a42fe8a6c4b14ae5e36aa8df9da89aa312c045c6fd99de3c3f355","b4ada10d8705991b28ef47f19f000478019114dfd5779907acf9007d932b58e2","Comprobación por el autor de sum(all(component in text for component in componentes) for text in textos) con ExactCooccurrenceIndex.count; componentes de nominal_query y corpus de source_snapshot. Coinciden ambos; resultado literal, no ausencia científica ni adjudicación de revisión."
"BN-186","92c42164c48c264b13937fac9a00837c6dfd678a09f275dede100ab52a123b12","REINSPECCION","2026-09-27T00:41:16Z","/root (autor; no revisión independiente)","C-2302","data/busquedas_negativas/15_1_15-1-punto-de-partida-y-participantes-celulares.csv","data/tablas/02/table-06a-2-8-2-diversidad-ecologia-metabolismo-posicion-alphaproteobacteria.csv","9","clase de evidencia y límite","identidad=«Pelagibacterales»; campo=«clase de evidencia y límite»; valor=«muestreo representativo limitado y comparación de rasgos; no se infiere ecología por el nombre»","0","448","1373e4658ea749685d9b9fdea95e800ff3bff56ab3d2012ae3b9d47d45d55bb6","8a33be0a189a42fe8a6c4b14ae5e36aa8df9da89aa312c045c6fd99de3c3f355","b4ada10d8705991b28ef47f19f000478019114dfd5779907acf9007d932b58e2","Comprobación por el autor de sum(all(component in text for component in componentes) for text in textos) con ExactCooccurrenceIndex.count; componentes de nominal_query y corpus de source_snapshot. Coinciden ambos; resultado literal, no ausencia científica ni adjudicación de revisión."
"BN-187","d27d4150870d96dabb99c8029ec78e66745c65609ed958b2e61dfb2e1d818a80","REINSPECCION","2026-09-27T00:41:17Z","/root (autor; no revisión independiente)","C-2303","data/busquedas_negativas/15_1_15-1-punto-de-partida-y-participantes-celulares.csv","data/tablas/02/table-06a-2-8-2-diversidad-ecologia-metabolismo-posicion-alphaproteobacteria.csv","10","ecología o tipo de vida explícito","identidad=«Rhizobiales»; campo=«ecología o tipo de vida explícito»; valor=«no consta una ficha ecológica única del orden en los pasajes de S49 usados aquí»","0","448","1373e4658ea749685d9b9fdea95e800ff3bff56ab3d2012ae3b9d47d45d55bb6","8a33be0a189a42fe8a6c4b14ae5e36aa8df9da89aa312c045c6fd99de3c3f355","b4ada10d8705991b28ef47f19f000478019114dfd5779907acf9007d932b58e2","Comprobación por el autor de sum(all(component in text for component in componentes) for text in textos) con ExactCooccurrenceIndex.count; componentes de nominal_query y corpus de source_snapshot. Coinciden ambos; resultado literal, no ausencia científica ni adjudicación de revisión."
"BN-188","bdfad8e3b6f694ae706b9351550efb602e77c2c5966426fc40101af54e370391","REINSPECCION","2026-09-27T00:41:17Z","/root (autor; no revisión independiente)","C-2304","data/busquedas_negativas/15_1_15-1-punto-de-partida-y-participantes-celulares.csv","data/tablas/02/table-06a-2-8-2-diversidad-ecologia-metabolismo-posicion-alphaproteobacteria.csv","10","metabolismo documentado","identidad=«Rhizobiales»; campo=«metabolismo documentado»; valor=«puntuación aerobia comparable a mitocondrias; frecuencia máxima de ambos tipos de cardiolipina sintasa; SPT en pocos miembros y rasgos anaerobios en Azospirillaceae»","0","448","1373e4658ea749685d9b9fdea95e800ff3bff56ab3d2012ae3b9d47d45d55bb6","8a33be0a189a42fe8a6c4b14ae5e36aa8df9da89aa312c045c6fd99de3c3f355","b4ada10d8705991b28ef47f19f000478019114dfd5779907acf9007d932b58e2","Comprobación por el autor de sum(all(component in text for component in componentes) for text in textos) con ExactCooccurrenceIndex.count; componentes de nominal_query y corpus de source_snapshot. Coinciden ambos; resultado literal, no ausencia científica ni adjudicación de revisión."
"BN-189","354e324a65f2e48d3c481336e7eb9314a6b55934ef56af838f8284a154238589","REINSPECCION","2026-09-27T00:41:18Z","/root (autor; no revisión independiente)","C-2305","data/busquedas_negativas/15_1_15-1-punto-de-partida-y-participantes-celulares.csv","data/tablas/02/table-06a-2-8-2-diversidad-ecologia-metabolismo-posicion-alphaproteobacteria.csv","10","posición filogenética o relación con mitocondrias","identidad=«Rhizobiales»; campo=«posición filogenética o relación con mitocondrias»; valor=«posterior a Pelagibacterales en el orden adoptado; próximo a SERIK/Rhodospirillales en análisis COX3 sin ser candidato único»","0","448","1373e4658ea749685d9b9fdea95e800ff3bff56ab3d2012ae3b9d47d45d55bb6","8a33be0a189a42fe8a6c4b14ae5e36aa8df9da89aa312c045c6fd99de3c3f355","b4ada10d8705991b28ef47f19f000478019114dfd5779907acf9007d932b58e2","Comprobación por el autor de sum(all(component in text for component in componentes) for text in textos) con ExactCooccurrenceIndex.count; componentes de nominal_query y corpus de source_snapshot. Coinciden ambos; resultado literal, no ausencia científica ni adjudicación de revisión."
"BN-190","00b8866cd4a7efc57671a9b85004688ddc1a88a919cb56db44d332a25e1b5804","REINSPECCION","2026-09-27T00:41:18Z","/root (autor; no revisión independiente)","C-2306","data/busquedas_negativas/15_1_15-1-punto-de-partida-y-participantes-celulares.csv","data/tablas/02/table-06a-2-8-2-diversidad-ecologia-metabolismo-posicion-alphaproteobacteria.csv","10","clase de evidencia y límite","identidad=«Rhizobiales»; campo=«clase de evidencia y límite»; valor=«genómica comparada; heterogeneidad interna explícita impide atribuir cada rasgo a todo el orden»","0","448","1373e4658ea749685d9b9fdea95e800ff3bff56ab3d2012ae3b9d47d45d55bb6","8a33be0a189a42fe8a6c4b14ae5e36aa8df9da89aa312c045c6fd99de3c3f355","b4ada10d8705991b28ef47f19f000478019114dfd5779907acf9007d932b58e2","Comprobación por el autor de sum(all(component in text for component in componentes) for text in textos) con ExactCooccurrenceIndex.count; componentes de nominal_query y corpus de source_snapshot. Coinciden ambos; resultado literal, no ausencia científica ni adjudicación de revisión."
"BN-191","06b5a445f0fe1df8328183e173458ebc142816edbbe8bb85f3f1850d3f4b9414","REINSPECCION","2026-09-27T00:41:19Z","/root (autor; no revisión independiente)","C-2307","data/busquedas_negativas/15_1_15-1-punto-de-partida-y-participantes-celulares.csv","data/tablas/02/table-06a-2-8-2-diversidad-ecologia-metabolismo-posicion-alphaproteobacteria.csv","11","ecología o tipo de vida explícito","identidad=«Sphingomonadales»; campo=«ecología o tipo de vida explícito»; valor=«no consta una ficha ecológica representativa en los pasajes de S49 usados aquí»","0","448","1373e4658ea749685d9b9fdea95e800ff3bff56ab3d2012ae3b9d47d45d55bb6","8a33be0a189a42fe8a6c4b14ae5e36aa8df9da89aa312c045c6fd99de3c3f355","b4ada10d8705991b28ef47f19f000478019114dfd5779907acf9007d932b58e2","Comprobación por el autor de sum(all(component in text for component in componentes) for text in textos) con ExactCooccurrenceIndex.count; componentes de nominal_query y corpus de source_snapshot. Coinciden ambos; resultado literal, no ausencia científica ni adjudicación de revisión."
"BN-192","078147904568253a3b88651bccea5ba9a17c9208fad3f9133bc43f3c553c950b","REINSPECCION","2026-09-27T00:41:19Z","/root (autor; no revisión independiente)","C-2308","data/busquedas_negativas/15_1_15-1-punto-de-partida-y-participantes-celulares.csv","data/tablas/02/table-06a-2-8-2-diversidad-ecologia-metabolismo-posicion-alphaproteobacteria.csv","11","metabolismo documentado","identidad=«Sphingomonadales»; campo=«metabolismo documentado»; valor=«puntuación aerobia comparable a mitocondrias y frecuencia alta esperada de genes de biosíntesis de esfingolípidos»","0","448","1373e4658ea749685d9b9fdea95e800ff3bff56ab3d2012ae3b9d47d45d55bb6","8a33be0a189a42fe8a6c4b14ae5e36aa8df9da89aa312c045c6fd99de3c3f355","b4ada10d8705991b28ef47f19f000478019114dfd5779907acf9007d932b58e2","Comprobación por el autor de sum(all(component in text for component in componentes) for text in textos) con ExactCooccurrenceIndex.count; componentes de nominal_query y corpus de source_snapshot. Coinciden ambos; resultado literal, no ausencia científica ni adjudicación de revisión."
"BN-193","a297c8626a8816e029ab981f94470d7f5f02716b3672e3e2ca79708cb3842570","REINSPECCION","2026-09-27T00:41:19Z","/root (autor; no revisión independiente)","C-2309","data/busquedas_negativas/15_1_15-1-punto-de-partida-y-participantes-celulares.csv","data/tablas/02/table-06a-2-8-2-diversidad-ecologia-metabolismo-posicion-alphaproteobacteria.csv","11","posición filogenética o relación con mitocondrias","identidad=«Sphingomonadales»; campo=«posición filogenética o relación con mitocondrias»; valor=«linaje tardío representado por muestreo reducido; no se lo identifica como hermano mitocondrial»","0","448","1373e4658ea749685d9b9fdea95e800ff3bff56ab3d2012ae3b9d47d45d55bb6","8a33be0a189a42fe8a6c4b14ae5e36aa8df9da89aa312c045c6fd99de3c3f355","b4ada10d8705991b28ef47f19f000478019114dfd5779907acf9007d932b58e2","Comprobación por el autor de sum(all(component in text for component in componentes) for text in textos) con ExactCooccurrenceIndex.count; componentes de nominal_query y corpus de source_snapshot. Coinciden ambos; resultado literal, no ausencia científica ni adjudicación de revisión."
"BN-194","4dfc56b0bddccae9117dd0f2a212eeb3ea6f85c2a3706e364509375a9bc21de8","REINSPECCION","2026-09-27T00:41:20Z","/root (autor; no revisión independiente)","C-2310","data/busquedas_negativas/15_1_15-1-punto-de-partida-y-participantes-celulares.csv","data/tablas/02/table-06a-2-8-2-diversidad-ecologia-metabolismo-posicion-alphaproteobacteria.csv","11","clase de evidencia y límite","identidad=«Sphingomonadales»; campo=«clase de evidencia y límite»; valor=«genómica de rasgos; la alta frecuencia de una vía no describe toda su ecología»","0","448","1373e4658ea749685d9b9fdea95e800ff3bff56ab3d2012ae3b9d47d45d55bb6","8a33be0a189a42fe8a6c4b14ae5e36aa8df9da89aa312c045c6fd99de3c3f355","b4ada10d8705991b28ef47f19f000478019114dfd5779907acf9007d932b58e2","Comprobación por el autor de sum(all(component in text for component in componentes) for text in textos) con ExactCooccurrenceIndex.count; componentes de nominal_query y corpus de source_snapshot. Coinciden ambos; resultado literal, no ausencia científica ni adjudicación de revisión."
"BN-195","e8c50a8066523859c24e9c1682c3ca9d3fbca8fb9547dfcf1f69b4947bb03084","REINSPECCION","2026-09-27T00:41:20Z","/root (autor; no revisión independiente)","C-2311","data/busquedas_negativas/15_1_15-1-punto-de-partida-y-participantes-celulares.csv","data/tablas/02/table-06a-2-8-2-diversidad-ecologia-metabolismo-posicion-alphaproteobacteria.csv","12","ecología o tipo de vida explícito","identidad=«Caulobacterales»; campo=«ecología o tipo de vida explícito»; valor=«no consta una ficha ecológica representativa en los pasajes de S49 usados aquí»","0","448","1373e4658ea749685d9b9fdea95e800ff3bff56ab3d2012ae3b9d47d45d55bb6","8a33be0a189a42fe8a6c4b14ae5e36aa8df9da89aa312c045c6fd99de3c3f355","b4ada10d8705991b28ef47f19f000478019114dfd5779907acf9007d932b58e2","Comprobación por el autor de sum(all(component in text for component in componentes) for text in textos) con ExactCooccurrenceIndex.count; componentes de nominal_query y corpus de source_snapshot. Coinciden ambos; resultado literal, no ausencia científica ni adjudicación de revisión."
"BN-196","15962ca45dc7452d4a865617a32374e1785c3616fc70dd8f5c8b20b99737e39a","REINSPECCION","2026-09-27T00:41:21Z","/root (autor; no revisión independiente)","C-2312","data/busquedas_negativas/15_1_15-1-punto-de-partida-y-participantes-celulares.csv","data/tablas/02/table-06a-2-8-2-diversidad-ecologia-metabolismo-posicion-alphaproteobacteria.csv","12","metabolismo documentado","identidad=«Caulobacterales»; campo=«metabolismo documentado»; valor=«puntuación aerobia comparable a mitocondrias, pero enzimas de cardiolipina distintas de PgsA esencialmente ausentes; SPT limitado y combinación SPT–KynU ausente»","0","448","1373e4658ea749685d9b9fdea95e800ff3bff56ab3d2012ae3b9d47d45d55bb6","8a33be0a189a42fe8a6c4b14ae5e36aa8df9da89aa312c045c6fd99de3c3f355","b4ada10d8705991b28ef47f19f000478019114dfd5779907acf9007d932b58e2","Comprobación por el autor de sum(all(component in text for component in componentes) for text in textos) con ExactCooccurrenceIndex.count; componentes de nominal_query y corpus de source_snapshot. Coinciden ambos; resultado literal, no ausencia científica ni adjudicación de revisión."
"BN-197","b2bdc76af89eb19178d0051090b3d71281d9e1ed5ef8c44c61588cb744dd9042","REINSPECCION","2026-09-27T00:41:21Z","/root (autor; no revisión independiente)","C-2313","data/busquedas_negativas/15_1_15-1-punto-de-partida-y-participantes-celulares.csv","data/tablas/02/table-06a-2-8-2-diversidad-ecologia-metabolismo-posicion-alphaproteobacteria.csv","12","posición filogenética o relación con mitocondrias","identidad=«Caulobacterales»; campo=«posición filogenética o relación con mitocondrias»; valor=«linaje tardío representado; algunos Parvularculales/Maricaulales agrupan con él y no se trataron aparte»","0","448","1373e4658ea749685d9b9fdea95e800ff3bff56ab3d2012ae3b9d47d45d55bb6","8a33be0a189a42fe8a6c4b14ae5e36aa8df9da89aa312c045c6fd99de3c3f355","b4ada10d8705991b28ef47f19f000478019114dfd5779907acf9007d932b58e2","Comprobación por el autor de sum(all(component in text for component in componentes) for text in textos) con ExactCooccurrenceIndex.count; componentes de nominal_query y corpus de source_snapshot. Coinciden ambos; resultado literal, no ausencia científica ni adjudicación de revisión."
"BN-198","77a8c1f095ad12c9411e339647ddbf4e6f73af114cee7bed1c98a6242050d03e","REINSPECCION","2026-09-27T00:41:22Z","/root (autor; no revisión independiente)","C-2315","data/busquedas_negativas/15_1_15-1-punto-de-partida-y-participantes-celulares.csv","data/tablas/02/table-06a-2-8-2-diversidad-ecologia-metabolismo-posicion-alphaproteobacteria.csv","13","ecología o tipo de vida explícito","identidad=«Rhodobacterales»; campo=«ecología o tipo de vida explícito»; valor=«no consta una ficha ecológica representativa en los pasajes de S49 usados aquí»","0","448","1373e4658ea749685d9b9fdea95e800ff3bff56ab3d2012ae3b9d47d45d55bb6","8a33be0a189a42fe8a6c4b14ae5e36aa8df9da89aa312c045c6fd99de3c3f355","b4ada10d8705991b28ef47f19f000478019114dfd5779907acf9007d932b58e2","Comprobación por el autor de sum(all(component in text for component in componentes) for text in textos) con ExactCooccurrenceIndex.count; componentes de nominal_query y corpus de source_snapshot. Coinciden ambos; resultado literal, no ausencia científica ni adjudicación de revisión."
"BN-199","06699464920a8ca34b65ec22eed0212f784547a4d34d95693eedf2c8d4708a0d","REINSPECCION","2026-09-27T00:41:22Z","/root (autor; no revisión independiente)","C-2321","data/busquedas_negativas/15_4_15-4-registro-material-tiempo-ambiente-y-ecologia.csv","data/tablas/05/table-34a-5-8-inventario-fosiles-proterozoicos.csv","2","asignación corona/tallo/indeterminada","identidad=«*Tappania plana*»; campo=«asignación corona/tallo/indeterminada»; valor=«posición indeterminada dentro de Eukaryota; no asignada a corona o tallo»","0","448","1373e4658ea749685d9b9fdea95e800ff3bff56ab3d2012ae3b9d47d45d55bb6","8a33be0a189a42fe8a6c4b14ae5e36aa8df9da89aa312c045c6fd99de3c3f355","b4ada10d8705991b28ef47f19f000478019114dfd5779907acf9007d932b58e2","Comprobación por el autor de sum(all(component in text for component in componentes) for text in textos) con ExactCooccurrenceIndex.count; componentes de nominal_query y corpus de source_snapshot. Coinciden ambos; resultado literal, no ausencia científica ni adjudicación de revisión."
"BN-200","3ac28b6c1a8c687ea624cc872869a8283eb7d413b9520f4d3468a6660154be9c","REINSPECCION","2026-09-27T00:41:23Z","/root (autor; no revisión independiente)","C-2334","data/busquedas_negativas/15_4_15-4-registro-material-tiempo-ambiente-y-ecologia.csv","data/tablas/05/table-34a-5-8-inventario-fosiles-proterozoicos.csv","10","argumento contrario o límite","identidad=«*Bangiomorpha pubescens*»; campo=«argumento contrario o límite»; valor=«meiosis y gametos no se observan directamente; calibración depende de afinidad»","0","448","1373e4658ea749685d9b9fdea95e800ff3bff56ab3d2012ae3b9d47d45d55bb6","8a33be0a189a42fe8a6c4b14ae5e36aa8df9da89aa312c045c6fd99de3c3f355","b4ada10d8705991b28ef47f19f000478019114dfd5779907acf9007d932b58e2","Comprobación por el autor de sum(all(component in text for component in componentes) for text in textos) con ExactCooccurrenceIndex.count; componentes de nominal_query y corpus de source_snapshot. Coinciden ambos; resultado literal, no ausencia científica ni adjudicación de revisión."
"BN-201","03c7bf432681fd03ef86c47947bdbe87f258b62dbeb4fdd6b0ffe321b4fb3fc3","REINSPECCION","2026-09-27T00:41:23Z","/root (autor; no revisión independiente)","C-2336","data/busquedas_negativas/15_4_15-4-registro-material-tiempo-ambiente-y-ecologia.csv","data/tablas/05/table-34a-5-8-inventario-fosiles-proterozoicos.csv","13","carácter argumental","identidad=«*Tianzhushania* / ciclo *Megasphaera*»; campo=«carácter argumental»; valor=«divisiones palintómicas, núcleos/estructuras de germinación y diferenciación propuestas»","0","448","1373e4658ea749685d9b9fdea95e800ff3bff56ab3d2012ae3b9d47d45d55bb6","8a33be0a189a42fe8a6c4b14ae5e36aa8df9da89aa312c045c6fd99de3c3f355","b4ada10d8705991b28ef47f19f000478019114dfd5779907acf9007d932b58e2","Comprobación por el autor de sum(all(component in text for component in componentes) for text in textos) con ExactCooccurrenceIndex.count; componentes de nominal_query y corpus de source_snapshot. Coinciden ambos; resultado literal, no ausencia científica ni adjudicación de revisión."
"BN-202","6936fb733a787d00cd0a3d2a5fe926c6c5c97c039c2218f6c9912e33e96eb630","REINSPECCION","2026-09-27T00:41:24Z","/root (autor; no revisión independiente)","C-2339","data/busquedas_negativas/15_4_15-4-registro-material-tiempo-ambiente-y-ecologia.csv","data/tablas/06/table-36-6-1-estimaciones-publicadas.csv","2","genes y taxones muestreados","identidad=«Douzery et al. 2004»; campo=«genes y taxones muestreados»; valor=«genes y taxones no desglosados en las afirmaciones recuperadas [BN-117]»","0","448","1373e4658ea749685d9b9fdea95e800ff3bff56ab3d2012ae3b9d47d45d55bb6","8a33be0a189a42fe8a6c4b14ae5e36aa8df9da89aa312c045c6fd99de3c3f355","b4ada10d8705991b28ef47f19f000478019114dfd5779907acf9007d932b58e2","Comprobación por el autor de sum(all(component in text for component in componentes) for text in textos) con ExactCooccurrenceIndex.count; componentes de nominal_query y corpus de source_snapshot. Coinciden ambos; resultado literal, no ausencia científica ni adjudicación de revisión."
"BN-203","ce5e7de26e6d022b94074f4f2ed09a33c85f6de561a78865d025f024e2aaea0a","REINSPECCION","2026-09-27T00:41:24Z","/root (autor; no revisión independiente)","C-2340","data/busquedas_negativas/15_4_15-4-registro-material-tiempo-ambiente-y-ecologia.csv","data/tablas/06/table-36-6-1-estimaciones-publicadas.csv","2","solapamiento publicado","identidad=«Douzery et al. 2004»; campo=«solapamiento publicado»; valor=«no hay valor publicado localizado para el solapamiento con los demás intervalos [BN-117]»","0","448","1373e4658ea749685d9b9fdea95e800ff3bff56ab3d2012ae3b9d47d45d55bb6","8a33be0a189a42fe8a6c4b14ae5e36aa8df9da89aa312c045c6fd99de3c3f355","b4ada10d8705991b28ef47f19f000478019114dfd5779907acf9007d932b58e2","Comprobación por el autor de sum(all(component in text for component in componentes) for text in textos) con ExactCooccurrenceIndex.count; componentes de nominal_query y corpus de source_snapshot. Coinciden ambos; resultado literal, no ausencia científica ni adjudicación de revisión."
"BN-204","2d41f2624df87dcc50001bab45a734fd1ea675a2e3bce9e660d63c3687df2a96","REINSPECCION","2026-09-27T00:41:24Z","/root (autor; no revisión independiente)","C-2341","data/busquedas_negativas/15_4_15-4-registro-material-tiempo-ambiente-y-ecologia.csv","data/tablas/06/table-36-6-1-estimaciones-publicadas.csv","3","genes y taxones muestreados","identidad=«Douzery et al. 2004»; campo=«genes y taxones muestreados»; valor=«mismo muestreo que la fila anterior; desglose no localizado [BN-117]»","0","448","1373e4658ea749685d9b9fdea95e800ff3bff56ab3d2012ae3b9d47d45d55bb6","8a33be0a189a42fe8a6c4b14ae5e36aa8df9da89aa312c045c6fd99de3c3f355","b4ada10d8705991b28ef47f19f000478019114dfd5779907acf9007d932b58e2","Comprobación por el autor de sum(all(component in text for component in componentes) for text in textos) con ExactCooccurrenceIndex.count; componentes de nominal_query y corpus de source_snapshot. Coinciden ambos; resultado literal, no ausencia científica ni adjudicación de revisión."
"BN-205","9e8891b9f701fb0deedccaa6d5514f9cd0dd641c4aa130f9d1243f38907e7e22","REINSPECCION","2026-09-27T00:41:25Z","/root (autor; no revisión independiente)","C-2342","data/busquedas_negativas/15_4_15-4-registro-material-tiempo-ambiente-y-ecologia.csv","data/tablas/06/table-36-6-1-estimaciones-publicadas.csv","3","solapamiento publicado","identidad=«Douzery et al. 2004»; campo=«solapamiento publicado»; valor=«no hay valor publicado localizado para el solapamiento con los demás intervalos [BN-117]»","0","448","1373e4658ea749685d9b9fdea95e800ff3bff56ab3d2012ae3b9d47d45d55bb6","8a33be0a189a42fe8a6c4b14ae5e36aa8df9da89aa312c045c6fd99de3c3f355","b4ada10d8705991b28ef47f19f000478019114dfd5779907acf9007d932b58e2","Comprobación por el autor de sum(all(component in text for component in componentes) for text in textos) con ExactCooccurrenceIndex.count; componentes de nominal_query y corpus de source_snapshot. Coinciden ambos; resultado literal, no ausencia científica ni adjudicación de revisión."
"BN-206","bdcc418b74861b358ffe4eac3ee2fc9545da5d64a672c931566a1b0103d56b09","REINSPECCION","2026-09-27T00:41:25Z","/root (autor; no revisión independiente)","C-2343","data/busquedas_negativas/15_4_15-4-registro-material-tiempo-ambiente-y-ecologia.csv","data/tablas/06/table-36-6-1-estimaciones-publicadas.csv","4","solapamiento publicado","identidad=«Parfrey et al. 2011»; campo=«solapamiento publicado»; valor=«no hay valor publicado localizado para el solapamiento con los demás intervalos [BN-117]»","0","448","1373e4658ea749685d9b9fdea95e800ff3bff56ab3d2012ae3b9d47d45d55bb6","8a33be0a189a42fe8a6c4b14ae5e36aa8df9da89aa312c045c6fd99de3c3f355","b4ada10d8705991b28ef47f19f000478019114dfd5779907acf9007d932b58e2","Comprobación por el autor de sum(all(component in text for component in componentes) for text in textos) con ExactCooccurrenceIndex.count; componentes de nominal_query y corpus de source_snapshot. Coinciden ambos; resultado literal, no ausencia científica ni adjudicación de revisión."
"BN-207","fb3c17841d14910fe55670b4a49e902faddf46f69ca9fab228f3394958f379b6","REINSPECCION","2026-09-27T00:41:26Z","/root (autor; no revisión independiente)","C-2344","data/busquedas_negativas/15_4_15-4-registro-material-tiempo-ambiente-y-ecologia.csv","data/tablas/06/table-36-6-1-estimaciones-publicadas.csv","5","genes y taxones muestreados","identidad=«Eme et al. 2014»; campo=«genes y taxones muestreados»; valor=«genes y taxones no desglosados en las afirmaciones recuperadas [BN-117]»","0","448","1373e4658ea749685d9b9fdea95e800ff3bff56ab3d2012ae3b9d47d45d55bb6","8a33be0a189a42fe8a6c4b14ae5e36aa8df9da89aa312c045c6fd99de3c3f355","b4ada10d8705991b28ef47f19f000478019114dfd5779907acf9007d932b58e2","Comprobación por el autor de sum(all(component in text for component in componentes) for text in textos) con ExactCooccurrenceIndex.count; componentes de nominal_query y corpus de source_snapshot. Coinciden ambos; resultado literal, no ausencia científica ni adjudicación de revisión."
"BN-208","6999b96eb0aa4ba79490b1fdbb01342d9eca6d8c9f1e703db47d0f219bed8ea4","REINSPECCION","2026-09-27T00:41:26Z","/root (autor; no revisión independiente)","C-2345","data/busquedas_negativas/15_4_15-4-registro-material-tiempo-ambiente-y-ecologia.csv","data/tablas/06/table-36-6-1-estimaciones-publicadas.csv","5","solapamiento publicado","identidad=«Eme et al. 2014»; campo=«solapamiento publicado»; valor=«no hay valor publicado localizado para el solapamiento con los demás intervalos [BN-117]»","0","448","1373e4658ea749685d9b9fdea95e800ff3bff56ab3d2012ae3b9d47d45d55bb6","8a33be0a189a42fe8a6c4b14ae5e36aa8df9da89aa312c045c6fd99de3c3f355","b4ada10d8705991b28ef47f19f000478019114dfd5779907acf9007d932b58e2","Comprobación por el autor de sum(all(component in text for component in componentes) for text in textos) con ExactCooccurrenceIndex.count; componentes de nominal_query y corpus de source_snapshot. Coinciden ambos; resultado literal, no ausencia científica ni adjudicación de revisión."
"BN-209","0bc9e9097ab8e71c9b13acc101814a1c64928a7cb0635c0539ae669c0eb1c710","REINSPECCION","2026-09-27T00:41:27Z","/root (autor; no revisión independiente)","C-2346","data/busquedas_negativas/15_4_15-4-registro-material-tiempo-ambiente-y-ecologia.csv","data/tablas/06/table-36-6-1-estimaciones-publicadas.csv","6","genes y taxones muestreados","identidad=«Eme et al. 2014»; campo=«genes y taxones muestreados»; valor=«mismo estudio; genes y taxones no desglosados [BN-117]»","0","448","1373e4658ea749685d9b9fdea95e800ff3bff56ab3d2012ae3b9d47d45d55bb6","8a33be0a189a42fe8a6c4b14ae5e36aa8df9da89aa312c045c6fd99de3c3f355","b4ada10d8705991b28ef47f19f000478019114dfd5779907acf9007d932b58e2","Comprobación por el autor de sum(all(component in text for component in componentes) for text in textos) con ExactCooccurrenceIndex.count; componentes de nominal_query y corpus de source_snapshot. Coinciden ambos; resultado literal, no ausencia científica ni adjudicación de revisión."
"BN-210","3597046cee856bd7508517f130630eecb0a37cbe64bf5c7360235fb5fe14ece4","REINSPECCION","2026-09-27T00:41:27Z","/root (autor; no revisión independiente)","C-2347","data/busquedas_negativas/15_4_15-4-registro-material-tiempo-ambiente-y-ecologia.csv","data/tablas/06/table-36-6-1-estimaciones-publicadas.csv","6","solapamiento publicado","identidad=«Eme et al. 2014»; campo=«solapamiento publicado»; valor=«no hay valor publicado localizado para el solapamiento con los demás intervalos [BN-117]»","0","448","1373e4658ea749685d9b9fdea95e800ff3bff56ab3d2012ae3b9d47d45d55bb6","8a33be0a189a42fe8a6c4b14ae5e36aa8df9da89aa312c045c6fd99de3c3f355","b4ada10d8705991b28ef47f19f000478019114dfd5779907acf9007d932b58e2","Comprobación por el autor de sum(all(component in text for component in componentes) for text in textos) con ExactCooccurrenceIndex.count; componentes de nominal_query y corpus de source_snapshot. Coinciden ambos; resultado literal, no ausencia científica ni adjudicación de revisión."
"BN-211","df4c09140f192b2144c5b6e966175e23dd22f3da23422fdeb56e778cf59b5fed","REINSPECCION","2026-09-27T00:41:27Z","/root (autor; no revisión independiente)","C-2349","data/busquedas_negativas/15_4_15-4-registro-material-tiempo-ambiente-y-ecologia.csv","data/tablas/06/table-36-6-1-estimaciones-publicadas.csv","7","genes y taxones muestreados","identidad=«Eme et al. 2014»; campo=«genes y taxones muestreados»; valor=«mismo estudio; genes y taxones no desglosados [BN-117]»","0","448","1373e4658ea749685d9b9fdea95e800ff3bff56ab3d2012ae3b9d47d45d55bb6","8a33be0a189a42fe8a6c4b14ae5e36aa8df9da89aa312c045c6fd99de3c3f355","b4ada10d8705991b28ef47f19f000478019114dfd5779907acf9007d932b58e2","Comprobación por el autor de sum(all(component in text for component in componentes) for text in textos) con ExactCooccurrenceIndex.count; componentes de nominal_query y corpus de source_snapshot. Coinciden ambos; resultado literal, no ausencia científica ni adjudicación de revisión."
"BN-212","9eb24986413fc620cced861da569bafb376ab51181d0add4df2db6e7914fb249","REINSPECCION","2026-09-27T00:41:28Z","/root (autor; no revisión independiente)","C-2350","data/busquedas_negativas/15_4_15-4-registro-material-tiempo-ambiente-y-ecologia.csv","data/tablas/06/table-36-6-1-estimaciones-publicadas.csv","7","solapamiento publicado","identidad=«Eme et al. 2014»; campo=«solapamiento publicado»; valor=«no hay valor publicado localizado para compararla con otros estudios [BN-117]»","0","448","1373e4658ea749685d9b9fdea95e800ff3bff56ab3d2012ae3b9d47d45d55bb6","8a33be0a189a42fe8a6c4b14ae5e36aa8df9da89aa312c045c6fd99de3c3f355","b4ada10d8705991b28ef47f19f000478019114dfd5779907acf9007d932b58e2","Comprobación por el autor de sum(all(component in text for component in componentes) for text in textos) con ExactCooccurrenceIndex.count; componentes de nominal_query y corpus de source_snapshot. Coinciden ambos; resultado literal, no ausencia científica ni adjudicación de revisión."
"BN-213","dca29fb2d275d809431de85f828dd0cf2a8af79831ccb8e15b755f21ba23dd79","REINSPECCION","2026-09-27T00:41:28Z","/root (autor; no revisión independiente)","C-2351","data/busquedas_negativas/15_4_15-4-registro-material-tiempo-ambiente-y-ecologia.csv","data/tablas/06/table-36-6-1-estimaciones-publicadas.csv","8","genes y taxones muestreados","identidad=«Strassert et al. 2021»; campo=«genes y taxones muestreados»; valor=«genes y taxones no desglosados en las afirmaciones recuperadas [BN-117]»","0","448","1373e4658ea749685d9b9fdea95e800ff3bff56ab3d2012ae3b9d47d45d55bb6","8a33be0a189a42fe8a6c4b14ae5e36aa8df9da89aa312c045c6fd99de3c3f355","b4ada10d8705991b28ef47f19f000478019114dfd5779907acf9007d932b58e2","Comprobación por el autor de sum(all(component in text for component in componentes) for text in textos) con ExactCooccurrenceIndex.count; componentes de nominal_query y corpus de source_snapshot. Coinciden ambos; resultado literal, no ausencia científica ni adjudicación de revisión."
"BN-214","92d601a63b7e95cd6f05d81af8c9c883a3fc21dfc0a275f5c9f30b4ee6d74a03","REINSPECCION","2026-09-27T00:41:29Z","/root (autor; no revisión independiente)","C-2352","data/busquedas_negativas/15_4_15-4-registro-material-tiempo-ambiente-y-ecologia.csv","data/tablas/06/table-36-6-1-estimaciones-publicadas.csv","8","solapamiento publicado","identidad=«Strassert et al. 2021»; campo=«solapamiento publicado»; valor=«no hay valor publicado localizado para el solapamiento con los demás intervalos [BN-117]»","0","448","1373e4658ea749685d9b9fdea95e800ff3bff56ab3d2012ae3b9d47d45d55bb6","8a33be0a189a42fe8a6c4b14ae5e36aa8df9da89aa312c045c6fd99de3c3f355","b4ada10d8705991b28ef47f19f000478019114dfd5779907acf9007d932b58e2","Comprobación por el autor de sum(all(component in text for component in componentes) for text in textos) con ExactCooccurrenceIndex.count; componentes de nominal_query y corpus de source_snapshot. Coinciden ambos; resultado literal, no ausencia científica ni adjudicación de revisión."
"BN-215","940af99cb6bd9ef6895e6c0fc0cf0032b087bbd87a1db8c10909e822f470efd8","REINSPECCION","2026-09-27T00:41:29Z","/root (autor; no revisión independiente)","C-2353","data/busquedas_negativas/15_4_15-4-registro-material-tiempo-ambiente-y-ecologia.csv","data/tablas/06/table-36-6-1-estimaciones-publicadas.csv","9","magnitud","identidad=«Betts et al. 2018»; campo=«magnitud»; valor=«no hay valor publicado localizado en esta tabla»","0","448","1373e4658ea749685d9b9fdea95e800ff3bff56ab3d2012ae3b9d47d45d55bb6","8a33be0a189a42fe8a6c4b14ae5e36aa8df9da89aa312c045c6fd99de3c3f355","b4ada10d8705991b28ef47f19f000478019114dfd5779907acf9007d932b58e2","Comprobación por el autor de sum(all(component in text for component in componentes) for text in textos) con ExactCooccurrenceIndex.count; componentes de nominal_query y corpus de source_snapshot. Coinciden ambos; resultado literal, no ausencia científica ni adjudicación de revisión."
"BN-216","a0b854858f7ca9e8373b8c87585351f3ac962932bb96990ccd5cfcefa281ff30","REINSPECCION","2026-09-27T00:41:30Z","/root (autor; no revisión independiente)","C-2354","data/busquedas_negativas/15_4_15-4-registro-material-tiempo-ambiente-y-ecologia.csv","data/tablas/06/table-36-6-1-estimaciones-publicadas.csv","9","intervalo publicado","identidad=«Betts et al. 2018»; campo=«intervalo publicado»; valor=«no hay valor publicado localizado en esta tabla»","0","448","1373e4658ea749685d9b9fdea95e800ff3bff56ab3d2012ae3b9d47d45d55bb6","8a33be0a189a42fe8a6c4b14ae5e36aa8df9da89aa312c045c6fd99de3c3f355","b4ada10d8705991b28ef47f19f000478019114dfd5779907acf9007d932b58e2","Comprobación por el autor de sum(all(component in text for component in componentes) for text in textos) con ExactCooccurrenceIndex.count; componentes de nominal_query y corpus de source_snapshot. Coinciden ambos; resultado literal, no ausencia científica ni adjudicación de revisión."
"BN-217","2c1156ed0f5e5c0a4495838d82c957438750c5c054f7bd0e0483d12006aa9f1f","REINSPECCION","2026-09-27T00:41:30Z","/root (autor; no revisión independiente)","C-2355","data/busquedas_negativas/15_4_15-4-registro-material-tiempo-ambiente-y-ecologia.csv","data/tablas/06/table-36-6-1-estimaciones-publicadas.csv","9","genes y taxones muestreados","identidad=«Betts et al. 2018»; campo=«genes y taxones muestreados»; valor=«muestreo no desglosado en las afirmaciones recuperadas [BN-117]»","0","448","1373e4658ea749685d9b9fdea95e800ff3bff56ab3d2012ae3b9d47d45d55bb6","8a33be0a189a42fe8a6c4b14ae5e36aa8df9da89aa312c045c6fd99de3c3f355","b4ada10d8705991b28ef47f19f000478019114dfd5779907acf9007d932b58e2","Comprobación por el autor de sum(all(component in text for component in componentes) for text in textos) con ExactCooccurrenceIndex.count; componentes de nominal_query y corpus de source_snapshot. Coinciden ambos; resultado literal, no ausencia científica ni adjudicación de revisión."
"BN-218","fd65c811f4d794d69ee58a4b09a99f303d8331b98db99275c46af7349fcd71d7","REINSPECCION","2026-09-27T00:41:30Z","/root (autor; no revisión independiente)","C-2356","data/busquedas_negativas/15_4_15-4-registro-material-tiempo-ambiente-y-ecologia.csv","data/tablas/06/table-36-6-1-estimaciones-publicadas.csv","9","datación de nodo o evidencia total","identidad=«Betts et al. 2018»; campo=«datación de nodo o evidencia total»; valor=«clase exacta nodo/evidencia total no localizada [BN-117]»","0","448","1373e4658ea749685d9b9fdea95e800ff3bff56ab3d2012ae3b9d47d45d55bb6","8a33be0a189a42fe8a6c4b14ae5e36aa8df9da89aa312c045c6fd99de3c3f355","b4ada10d8705991b28ef47f19f000478019114dfd5779907acf9007d932b58e2","Comprobación por el autor de sum(all(component in text for component in componentes) for text in textos) con ExactCooccurrenceIndex.count; componentes de nominal_query y corpus de source_snapshot. Coinciden ambos; resultado literal, no ausencia científica ni adjudicación de revisión."
"BN-219","b36e1cb2e6b9de850482e80cf268463c17767d6298f6cbc2b1a4f99b1b739662","REINSPECCION","2026-09-27T00:41:31Z","/root (autor; no revisión independiente)","C-2357","data/busquedas_negativas/15_4_15-4-registro-material-tiempo-ambiente-y-ecologia.csv","data/tablas/06/table-36-6-1-estimaciones-publicadas.csv","9","solapamiento publicado","identidad=«Betts et al. 2018»; campo=«solapamiento publicado»; valor=«no aplica: no se conserva intervalo nominal»","0","448","1373e4658ea749685d9b9fdea95e800ff3bff56ab3d2012ae3b9d47d45d55bb6","8a33be0a189a42fe8a6c4b14ae5e36aa8df9da89aa312c045c6fd99de3c3f355","b4ada10d8705991b28ef47f19f000478019114dfd5779907acf9007d932b58e2","Comprobación por el autor de sum(all(component in text for component in componentes) for text in textos) con ExactCooccurrenceIndex.count; componentes de nominal_query y corpus de source_snapshot. Coinciden ambos; resultado literal, no ausencia científica ni adjudicación de revisión."
"BN-220","e84882676b1ac891c2bc66ac8a7ee566d4a162f4543721c92a2fe6c062c13f2d","REINSPECCION","2026-09-27T00:41:31Z","/root (autor; no revisión independiente)","C-2358","data/busquedas_negativas/15_4_15-4-registro-material-tiempo-ambiente-y-ecologia.csv","data/tablas/06/table-36-6-1-estimaciones-publicadas.csv","9","fuente y razón de diferencia","identidad=«Betts et al. 2018»; campo=«fuente y razón de diferencia»; valor=«S177; se conserva como contraste metodológico, no como intervalo vacío comparable»","0","448","1373e4658ea749685d9b9fdea95e800ff3bff56ab3d2012ae3b9d47d45d55bb6","8a33be0a189a42fe8a6c4b14ae5e36aa8df9da89aa312c045c6fd99de3c3f355","b4ada10d8705991b28ef47f19f000478019114dfd5779907acf9007d932b58e2","Comprobación por el autor de sum(all(component in text for component in componentes) for text in textos) con ExactCooccurrenceIndex.count; componentes de nominal_query y corpus de source_snapshot. Coinciden ambos; resultado literal, no ausencia científica ni adjudicación de revisión."
"BN-221","e57a9fe7a4fbb600d5bf19b651644f9a5bb20caa6fcb4082843c0b92a74b448b","REINSPECCION","2026-09-27T00:41:32Z","/root (autor; no revisión independiente)","C-2359","data/busquedas_negativas/15_4_15-4-registro-material-tiempo-ambiente-y-ecologia.csv","data/tablas/06/table-36-6-1-estimaciones-publicadas.csv","10","genes y taxones muestreados","identidad=«Porter 2020»; campo=«genes y taxones muestreados»; valor=«conjunto fósil discutido por la fuente; desglose no localizado [BN-117]»","0","448","1373e4658ea749685d9b9fdea95e800ff3bff56ab3d2012ae3b9d47d45d55bb6","8a33be0a189a42fe8a6c4b14ae5e36aa8df9da89aa312c045c6fd99de3c3f355","b4ada10d8705991b28ef47f19f000478019114dfd5779907acf9007d932b58e2","Comprobación por el autor de sum(all(component in text for component in componentes) for text in textos) con ExactCooccurrenceIndex.count; componentes de nominal_query y corpus de source_snapshot. Coinciden ambos; resultado literal, no ausencia científica ni adjudicación de revisión."
"BN-222","60ff0c0cd9234670ad64775057462373ac4e488ba3e6da0873fa4bdb87ad9c2a","REINSPECCION","2026-09-27T00:41:32Z","/root (autor; no revisión independiente)","C-2360","data/busquedas_negativas/15_4_15-4-registro-material-tiempo-ambiente-y-ecologia.csv","data/tablas/06/table-36-6-1-estimaciones-publicadas.csv","10","solapamiento publicado","identidad=«Porter 2020»; campo=«solapamiento publicado»; valor=«no hay valor publicado localizado para el solapamiento con relojes [BN-117]»","0","448","1373e4658ea749685d9b9fdea95e800ff3bff56ab3d2012ae3b9d47d45d55bb6","8a33be0a189a42fe8a6c4b14ae5e36aa8df9da89aa312c045c6fd99de3c3f355","b4ada10d8705991b28ef47f19f000478019114dfd5779907acf9007d932b58e2","Comprobación por el autor de sum(all(component in text for component in componentes) for text in textos) con ExactCooccurrenceIndex.count; componentes de nominal_query y corpus de source_snapshot. Coinciden ambos; resultado literal, no ausencia científica ni adjudicación de revisión."
"BN-223","cd843b9fb79534f094e39d60c7bf9b82e98ca93c51592c90540097ee3fd35b59","REINSPECCION","2026-09-27T00:41:33Z","/root (autor; no revisión independiente)","C-2361","data/busquedas_negativas/15_4_15-4-registro-material-tiempo-ambiente-y-ecologia.csv","data/tablas/06/table-36-6-1-estimaciones-publicadas.csv","11","intervalo publicado","identidad=«Chernikova et al. 2011 / posición de origen tardío»; campo=«intervalo publicado»; valor=«no hay valor publicado localizado en esta tabla»","0","448","1373e4658ea749685d9b9fdea95e800ff3bff56ab3d2012ae3b9d47d45d55bb6","8a33be0a189a42fe8a6c4b14ae5e36aa8df9da89aa312c045c6fd99de3c3f355","b4ada10d8705991b28ef47f19f000478019114dfd5779907acf9007d932b58e2","Comprobación por el autor de sum(all(component in text for component in componentes) for text in textos) con ExactCooccurrenceIndex.count; componentes de nominal_query y corpus de source_snapshot. Coinciden ambos; resultado literal, no ausencia científica ni adjudicación de revisión."
"BN-224","d2ef8777cde5f2878008edf5917c144af12eb2914cc8ea0f5e997c1a47b7d58b","REINSPECCION","2026-09-27T00:41:33Z","/root (autor; no revisión independiente)","C-2362","data/busquedas_negativas/15_4_15-4-registro-material-tiempo-ambiente-y-ecologia.csv","data/tablas/06/table-36-6-1-estimaciones-publicadas.csv","11","genes y taxones muestreados","identidad=«Chernikova et al. 2011 / posición de origen tardío»; campo=«genes y taxones muestreados»; valor=«registro fósil; muestreo exacto no localizado [BN-117]»","0","448","1373e4658ea749685d9b9fdea95e800ff3bff56ab3d2012ae3b9d47d45d55bb6","8a33be0a189a42fe8a6c4b14ae5e36aa8df9da89aa312c045c6fd99de3c3f355","b4ada10d8705991b28ef47f19f000478019114dfd5779907acf9007d932b58e2","Comprobación por el autor de sum(all(component in text for component in componentes) for text in textos) con ExactCooccurrenceIndex.count; componentes de nominal_query y corpus de source_snapshot. Coinciden ambos; resultado literal, no ausencia científica ni adjudicación de revisión."
"BN-225","e84537e1cc7b18c61904ba33f4916fbab995bdc96bee7fc99d27eef698b4180a","REINSPECCION","2026-09-27T00:41:33Z","/root (autor; no revisión independiente)","C-2363","data/busquedas_negativas/15_4_15-4-registro-material-tiempo-ambiente-y-ecologia.csv","data/tablas/06/table-36-6-1-estimaciones-publicadas.csv","11","solapamiento publicado","identidad=«Chernikova et al. 2011 / posición de origen tardío»; campo=«solapamiento publicado»; valor=«no aplica: no se conserva intervalo nominal»","0","448","1373e4658ea749685d9b9fdea95e800ff3bff56ab3d2012ae3b9d47d45d55bb6","8a33be0a189a42fe8a6c4b14ae5e36aa8df9da89aa312c045c6fd99de3c3f355","b4ada10d8705991b28ef47f19f000478019114dfd5779907acf9007d932b58e2","Comprobación por el autor de sum(all(component in text for component in componentes) for text in textos) con ExactCooccurrenceIndex.count; componentes de nominal_query y corpus de source_snapshot. Coinciden ambos; resultado literal, no ausencia científica ni adjudicación de revisión."
"BN-226","524330391eaeb112e4a95af9b1af78a92dd430334e4a521c51b6649dd0ef60f1","REINSPECCION","2026-09-27T00:41:34Z","/root (autor; no revisión independiente)","C-2364","data/busquedas_negativas/15_4_15-4-registro-material-tiempo-ambiente-y-ecologia.csv","data/tablas/06/table-36-6-1-estimaciones-publicadas.csv","12","genes y taxones muestreados","identidad=«preprint de dinámica de clados 2026»; campo=«genes y taxones muestreados»; valor=«muestreo no desglosado en las afirmaciones recuperadas [BN-117]»","0","448","1373e4658ea749685d9b9fdea95e800ff3bff56ab3d2012ae3b9d47d45d55bb6","8a33be0a189a42fe8a6c4b14ae5e36aa8df9da89aa312c045c6fd99de3c3f355","b4ada10d8705991b28ef47f19f000478019114dfd5779907acf9007d932b58e2","Comprobación por el autor de sum(all(component in text for component in componentes) for text in textos) con ExactCooccurrenceIndex.count; componentes de nominal_query y corpus de source_snapshot. Coinciden ambos; resultado literal, no ausencia científica ni adjudicación de revisión."
"BN-227","7f56c8a92b875b79fad771c31585e68181d90f257849df90be123f25475decf2","REINSPECCION","2026-09-27T00:41:34Z","/root (autor; no revisión independiente)","C-2365","data/busquedas_negativas/15_4_15-4-registro-material-tiempo-ambiente-y-ecologia.csv","data/tablas/06/table-36-6-1-estimaciones-publicadas.csv","12","datación de nodo o evidencia total","identidad=«preprint de dinámica de clados 2026»; campo=«datación de nodo o evidencia total»; valor=«clase exacta nodo/evidencia total no localizada [BN-117]»","0","448","1373e4658ea749685d9b9fdea95e800ff3bff56ab3d2012ae3b9d47d45d55bb6","8a33be0a189a42fe8a6c4b14ae5e36aa8df9da89aa312c045c6fd99de3c3f355","b4ada10d8705991b28ef47f19f000478019114dfd5779907acf9007d932b58e2","Comprobación por el autor de sum(all(component in text for component in componentes) for text in textos) con ExactCooccurrenceIndex.count; componentes de nominal_query y corpus de source_snapshot. Coinciden ambos; resultado literal, no ausencia científica ni adjudicación de revisión."
"BN-228","02c9e72d1ace8a5ed70a1469d7d8732c240f5456b167b8706bb3a0976e316152","REINSPECCION","2026-09-27T00:41:35Z","/root (autor; no revisión independiente)","C-2366","data/busquedas_negativas/15_4_15-4-registro-material-tiempo-ambiente-y-ecologia.csv","data/tablas/06/table-36-6-1-estimaciones-publicadas.csv","12","solapamiento publicado","identidad=«preprint de dinámica de clados 2026»; campo=«solapamiento publicado»; valor=«no hay valor publicado localizado para el solapamiento con los demás intervalos [BN-117]»","0","448","1373e4658ea749685d9b9fdea95e800ff3bff56ab3d2012ae3b9d47d45d55bb6","8a33be0a189a42fe8a6c4b14ae5e36aa8df9da89aa312c045c6fd99de3c3f355","b4ada10d8705991b28ef47f19f000478019114dfd5779907acf9007d932b58e2","Comprobación por el autor de sum(all(component in text for component in componentes) for text in textos) con ExactCooccurrenceIndex.count; componentes de nominal_query y corpus de source_snapshot. Coinciden ambos; resultado literal, no ausencia científica ni adjudicación de revisión."
"BN-229","5e6d5a51f293709425560868048270e994c09ee9cd2eb60b80be793f7c3931c2","REINSPECCION","2026-09-27T00:41:36Z","/root (autor; no revisión independiente)","C-2368","data/busquedas_negativas/15_4_15-4-registro-material-tiempo-ambiente-y-ecologia.csv","data/tablas/06/table-36-6-1-estimaciones-publicadas.csv","14","solapamiento publicado","identidad=«Sandin et al. 2026»; campo=«solapamiento publicado»; valor=«no hay valor publicado localizado para el solapamiento con los demás intervalos [BN-117]»","0","448","1373e4658ea749685d9b9fdea95e800ff3bff56ab3d2012ae3b9d47d45d55bb6","8a33be0a189a42fe8a6c4b14ae5e36aa8df9da89aa312c045c6fd99de3c3f355","b4ada10d8705991b28ef47f19f000478019114dfd5779907acf9007d932b58e2","Comprobación por el autor de sum(all(component in text for component in componentes) for text in textos) con ExactCooccurrenceIndex.count; componentes de nominal_query y corpus de source_snapshot. Coinciden ambos; resultado literal, no ausencia científica ni adjudicación de revisión."
"BN-230","62973e0b63d2f2f8d314d91bb7154c4c41bab164c28d95d10c32d3ea64713bf1","REINSPECCION","2026-09-27T00:41:36Z","/root (autor; no revisión independiente)","C-2369","data/busquedas_negativas/15_4_15-4-registro-material-tiempo-ambiente-y-ecologia.csv","data/tablas/06/table-36-6-1-estimaciones-publicadas.csv","15","solapamiento publicado","identidad=«Sandin et al. 2026»; campo=«solapamiento publicado»; valor=«no hay valor publicado localizado para el solapamiento con los demás intervalos [BN-117]»","0","448","1373e4658ea749685d9b9fdea95e800ff3bff56ab3d2012ae3b9d47d45d55bb6","8a33be0a189a42fe8a6c4b14ae5e36aa8df9da89aa312c045c6fd99de3c3f355","b4ada10d8705991b28ef47f19f000478019114dfd5779907acf9007d932b58e2","Comprobación por el autor de sum(all(component in text for component in componentes) for text in textos) con ExactCooccurrenceIndex.count; componentes de nominal_query y corpus de source_snapshot. Coinciden ambos; resultado literal, no ausencia científica ni adjudicación de revisión."
"BN-231","ba9fc25ad22f1897f5eccbe885ae14455a8e0566a5daad787dcc823545fc84e1","REINSPECCION","2026-09-27T00:41:37Z","/root (autor; no revisión independiente)","C-2370","data/busquedas_negativas/15_4_15-4-registro-material-tiempo-ambiente-y-ecologia.csv","data/tablas/06/table-36-6-1-estimaciones-publicadas.csv","16","solapamiento publicado","identidad=«Sandin et al. 2026»; campo=«solapamiento publicado»; valor=«no hay valor publicado localizado para el solapamiento con los demás intervalos [BN-117]»","0","448","1373e4658ea749685d9b9fdea95e800ff3bff56ab3d2012ae3b9d47d45d55bb6","8a33be0a189a42fe8a6c4b14ae5e36aa8df9da89aa312c045c6fd99de3c3f355","b4ada10d8705991b28ef47f19f000478019114dfd5779907acf9007d932b58e2","Comprobación por el autor de sum(all(component in text for component in componentes) for text in textos) con ExactCooccurrenceIndex.count; componentes de nominal_query y corpus de source_snapshot. Coinciden ambos; resultado literal, no ausencia científica ni adjudicación de revisión."
"BN-232","f81808a57ada51b92be4c28a45bf5edd97e5409dbd3e496615637361291f3645","REINSPECCION","2026-09-27T00:41:37Z","/root (autor; no revisión independiente)","C-2371","data/busquedas_negativas/15_4_15-4-registro-material-tiempo-ambiente-y-ecologia.csv","data/tablas/08/table-40a-8-3-censo-morfologia-genoma-cultivo.csv","2","estado de cultivo","identidad=«*Monosiga brevicollis*»; campo=«estado de cultivo»; valor=«cultivo no censado en esta tabla»","0","448","1373e4658ea749685d9b9fdea95e800ff3bff56ab3d2012ae3b9d47d45d55bb6","8a33be0a189a42fe8a6c4b14ae5e36aa8df9da89aa312c045c6fd99de3c3f355","b4ada10d8705991b28ef47f19f000478019114dfd5779907acf9007d932b58e2","Comprobación por el autor de sum(all(component in text for component in componentes) for text in textos) con ExactCooccurrenceIndex.count; componentes de nominal_query y corpus de source_snapshot. Coinciden ambos; resultado literal, no ausencia científica ni adjudicación de revisión."
"BN-233","4acfff1eff2d8a4f4562217523616091e56f48f0fccdab161a55408a054b90c6","REINSPECCION","2026-09-27T00:41:38Z","/root (autor; no revisión independiente)","C-2372","data/busquedas_negativas/15_4_15-4-registro-material-tiempo-ambiente-y-ecologia.csv","data/tablas/08/table-40a-8-3-censo-morfologia-genoma-cultivo.csv","3","descripción solo morfológica","identidad=«*Salpingoeca rosetta*»; campo=«descripción solo morfológica»; valor=«no: hay ensayos celulares y genómicos»","0","448","1373e4658ea749685d9b9fdea95e800ff3bff56ab3d2012ae3b9d47d45d55bb6","8a33be0a189a42fe8a6c4b14ae5e36aa8df9da89aa312c045c6fd99de3c3f355","b4ada10d8705991b28ef47f19f000478019114dfd5779907acf9007d932b58e2","Comprobación por el autor de sum(all(component in text for component in componentes) for text in textos) con ExactCooccurrenceIndex.count; componentes de nominal_query y corpus de source_snapshot. Coinciden ambos; resultado literal, no ausencia científica ni adjudicación de revisión."
"BN-234","17d0e9c972c95524b24f3dda50bf7d3b99b6c15702153fec8ff4d23bf14ce3ed","REINSPECCION","2026-09-27T00:41:39Z","/root (autor; no revisión independiente)","C-2373","data/busquedas_negativas/15_4_15-4-registro-material-tiempo-ambiente-y-ecologia.csv","data/tablas/08/table-40a-8-3-censo-morfologia-genoma-cultivo.csv","3","estado de genoma","identidad=«*Salpingoeca rosetta*»; campo=«estado de genoma»; valor=«genoma documentado en el corpus»","0","448","1373e4658ea749685d9b9fdea95e800ff3bff56ab3d2012ae3b9d47d45d55bb6","8a33be0a189a42fe8a6c4b14ae5e36aa8df9da89aa312c045c6fd99de3c3f355","b4ada10d8705991b28ef47f19f000478019114dfd5779907acf9007d932b58e2","Comprobación por el autor de sum(all(component in text for component in componentes) for text in textos) con ExactCooccurrenceIndex.count; componentes de nominal_query y corpus de source_snapshot. Coinciden ambos; resultado literal, no ausencia científica ni adjudicación de revisión."
"BN-235","c64b9ee9a8bc3b8e567b00ee2b5f20db9db8c2526b074e09dd94014b13dc34c4","REINSPECCION","2026-09-27T00:41:39Z","/root (autor; no revisión independiente)","C-2374","data/busquedas_negativas/15_4_15-4-registro-material-tiempo-ambiente-y-ecologia.csv","data/tablas/08/table-40a-8-3-censo-morfologia-genoma-cultivo.csv","3","estado de cultivo","identidad=«*Salpingoeca rosetta*»; campo=«estado de cultivo»; valor=«cultivo experimental documentado»","0","448","1373e4658ea749685d9b9fdea95e800ff3bff56ab3d2012ae3b9d47d45d55bb6","8a33be0a189a42fe8a6c4b14ae5e36aa8df9da89aa312c045c6fd99de3c3f355","b4ada10d8705991b28ef47f19f000478019114dfd5779907acf9007d932b58e2","Comprobación por el autor de sum(all(component in text for component in componentes) for text in textos) con ExactCooccurrenceIndex.count; componentes de nominal_query y corpus de source_snapshot. Coinciden ambos; resultado literal, no ausencia científica ni adjudicación de revisión."
"BN-236","8fa0168da08e000d5cae3998ec674b6fa49587c5e0040b3f487e9fdd76c215ce","REINSPECCION","2026-09-27T00:41:39Z","/root (autor; no revisión independiente)","C-2375","data/busquedas_negativas/15_4_15-4-registro-material-tiempo-ambiente-y-ecologia.csv","data/tablas/08/table-40a-8-3-censo-morfologia-genoma-cultivo.csv","3","resultado combinado","identidad=«*Salpingoeca rosetta*»; campo=«resultado combinado»; valor=«NO es caso solo morfológico sin genoma ni cultivo»","0","448","1373e4658ea749685d9b9fdea95e800ff3bff56ab3d2012ae3b9d47d45d55bb6","8a33be0a189a42fe8a6c4b14ae5e36aa8df9da89aa312c045c6fd99de3c3f355","b4ada10d8705991b28ef47f19f000478019114dfd5779907acf9007d932b58e2","Comprobación por el autor de sum(all(component in text for component in componentes) for text in textos) con ExactCooccurrenceIndex.count; componentes de nominal_query y corpus de source_snapshot. Coinciden ambos; resultado literal, no ausencia científica ni adjudicación de revisión."
"BN-237","2238cbedd5cc3cc92540580aaf3cca3e40b8fac0e35ea7380a33363600ec8211","REINSPECCION","2026-09-27T00:41:40Z","/root (autor; no revisión independiente)","C-2376","data/busquedas_negativas/15_4_15-4-registro-material-tiempo-ambiente-y-ecologia.csv","data/tablas/08/table-40a-8-3-censo-morfologia-genoma-cultivo.csv","4","estado de genoma","identidad=«*Choanoeca flexa*»; campo=«estado de genoma»; valor=«genoma NO LOCALIZADO EN ESTA SESIÓN»","0","448","1373e4658ea749685d9b9fdea95e800ff3bff56ab3d2012ae3b9d47d45d55bb6","8a33be0a189a42fe8a6c4b14ae5e36aa8df9da89aa312c045c6fd99de3c3f355","b4ada10d8705991b28ef47f19f000478019114dfd5779907acf9007d932b58e2","Comprobación por el autor de sum(all(component in text for component in componentes) for text in textos) con ExactCooccurrenceIndex.count; componentes de nominal_query y corpus de source_snapshot. Coinciden ambos; resultado literal, no ausencia científica ni adjudicación de revisión."
"BN-238","6ab488e1906a3c54780f634c7011b3519fc780296b7539bd15d430090af125e1","REINSPECCION","2026-09-27T00:41:41Z","/root (autor; no revisión independiente)","C-2377","data/busquedas_negativas/15_4_15-4-registro-material-tiempo-ambiente-y-ecologia.csv","data/tablas/08/table-40a-8-3-censo-morfologia-genoma-cultivo.csv","4","estado de cultivo","identidad=«*Choanoeca flexa*»; campo=«estado de cultivo»; valor=«cultivo NO LOCALIZADO EN ESTA SESIÓN»","0","448","1373e4658ea749685d9b9fdea95e800ff3bff56ab3d2012ae3b9d47d45d55bb6","8a33be0a189a42fe8a6c4b14ae5e36aa8df9da89aa312c045c6fd99de3c3f355","b4ada10d8705991b28ef47f19f000478019114dfd5779907acf9007d932b58e2","Comprobación por el autor de sum(all(component in text for component in componentes) for text in textos) con ExactCooccurrenceIndex.count; componentes de nominal_query y corpus de source_snapshot. Coinciden ambos; resultado literal, no ausencia científica ni adjudicación de revisión."
"BN-239","fabc532073985356c4f4e98ecf5dda661a49c95f3439319876ca730654b34385","REINSPECCION","2026-09-27T00:41:42Z","/root (autor; no revisión independiente)","C-2378","data/busquedas_negativas/15_4_15-4-registro-material-tiempo-ambiente-y-ecologia.csv","data/tablas/08/table-40a-8-3-censo-morfologia-genoma-cultivo.csv","4","resultado combinado","identidad=«*Choanoeca flexa*»; campo=«resultado combinado»; valor=«NO RESUELTO; no se infiere ausencia desde falta de localización»","0","448","1373e4658ea749685d9b9fdea95e800ff3bff56ab3d2012ae3b9d47d45d55bb6","8a33be0a189a42fe8a6c4b14ae5e36aa8df9da89aa312c045c6fd99de3c3f355","b4ada10d8705991b28ef47f19f000478019114dfd5779907acf9007d932b58e2","Comprobación por el autor de sum(all(component in text for component in componentes) for text in textos) con ExactCooccurrenceIndex.count; componentes de nominal_query y corpus de source_snapshot. Coinciden ambos; resultado literal, no ausencia científica ni adjudicación de revisión."
"BN-240","46e519794ec12cceb04383bb8275d4bd5d99a8ddebf23ae97837a86257ea54e9","REINSPECCION","2026-09-27T00:41:42Z","/root (autor; no revisión independiente)","C-2379","data/busquedas_negativas/15_4_15-4-registro-material-tiempo-ambiente-y-ecologia.csv","data/tablas/08/table-40a-8-3-censo-morfologia-genoma-cultivo.csv","5","descripción solo morfológica","identidad=«*Capsaspora owczarzaki*»; campo=«descripción solo morfológica»; valor=«no: cultivo y genómica documentados»","0","448","1373e4658ea749685d9b9fdea95e800ff3bff56ab3d2012ae3b9d47d45d55bb6","8a33be0a189a42fe8a6c4b14ae5e36aa8df9da89aa312c045c6fd99de3c3f355","b4ada10d8705991b28ef47f19f000478019114dfd5779907acf9007d932b58e2","Comprobación por el autor de sum(all(component in text for component in componentes) for text in textos) con ExactCooccurrenceIndex.count; componentes de nominal_query y corpus de source_snapshot. Coinciden ambos; resultado literal, no ausencia científica ni adjudicación de revisión."
"BN-241","ebee016c0d8d1a8da71cac687ce0261c5f70adbffa9a019f9546b81569d84b26","REINSPECCION","2026-09-27T00:41:43Z","/root (autor; no revisión independiente)","C-2380","data/busquedas_negativas/15_4_15-4-registro-material-tiempo-ambiente-y-ecologia.csv","data/tablas/08/table-40a-8-3-censo-morfologia-genoma-cultivo.csv","5","estado de genoma","identidad=«*Capsaspora owczarzaki*»; campo=«estado de genoma»; valor=«genoma documentado en el corpus»","0","448","1373e4658ea749685d9b9fdea95e800ff3bff56ab3d2012ae3b9d47d45d55bb6","8a33be0a189a42fe8a6c4b14ae5e36aa8df9da89aa312c045c6fd99de3c3f355","b4ada10d8705991b28ef47f19f000478019114dfd5779907acf9007d932b58e2","Comprobación por el autor de sum(all(component in text for component in componentes) for text in textos) con ExactCooccurrenceIndex.count; componentes de nominal_query y corpus de source_snapshot. Coinciden ambos; resultado literal, no ausencia científica ni adjudicación de revisión."
"BN-242","b4c2bb31fbbe4e2039d352e8f0087d4dbe3bb1838c091dcf0ca6b5c71c7eed9f","REINSPECCION","2026-09-27T00:41:44Z","/root (autor; no revisión independiente)","C-2381","data/busquedas_negativas/15_4_15-4-registro-material-tiempo-ambiente-y-ecologia.csv","data/tablas/08/table-40a-8-3-censo-morfologia-genoma-cultivo.csv","6","descripción solo morfológica","identidad=«*Ministeria vibrans*»; campo=«descripción solo morfológica»; valor=«no: microscopía y alimentación en cultivo»","0","448","1373e4658ea749685d9b9fdea95e800ff3bff56ab3d2012ae3b9d47d45d55bb6","8a33be0a189a42fe8a6c4b14ae5e36aa8df9da89aa312c045c6fd99de3c3f355","b4ada10d8705991b28ef47f19f000478019114dfd5779907acf9007d932b58e2","Comprobación por el autor de sum(all(component in text for component in componentes) for text in textos) con ExactCooccurrenceIndex.count; componentes de nominal_query y corpus de source_snapshot. Coinciden ambos; resultado literal, no ausencia científica ni adjudicación de revisión."
"BN-243","9379b33ba279a20c168224d1370963ac88e6315ac6c1718d433955a84d9be3a3","REINSPECCION","2026-09-27T00:41:44Z","/root (autor; no revisión independiente)","C-2382","data/busquedas_negativas/15_4_15-4-registro-material-tiempo-ambiente-y-ecologia.csv","data/tablas/08/table-40a-8-3-censo-morfologia-genoma-cultivo.csv","6","estado de genoma","identidad=«*Ministeria vibrans*»; campo=«estado de genoma»; valor=«genoma NO LOCALIZADO EN ESTA SESIÓN»","0","448","1373e4658ea749685d9b9fdea95e800ff3bff56ab3d2012ae3b9d47d45d55bb6","8a33be0a189a42fe8a6c4b14ae5e36aa8df9da89aa312c045c6fd99de3c3f355","b4ada10d8705991b28ef47f19f000478019114dfd5779907acf9007d932b58e2","Comprobación por el autor de sum(all(component in text for component in componentes) for text in textos) con ExactCooccurrenceIndex.count; componentes de nominal_query y corpus de source_snapshot. Coinciden ambos; resultado literal, no ausencia científica ni adjudicación de revisión."
"BN-244","22f252b27749c2b2d5eadd079f137f679673c56d75ea5ac3c4a1b6b873ca8d4f","REINSPECCION","2026-09-27T00:41:45Z","/root (autor; no revisión independiente)","C-2383","data/busquedas_negativas/15_4_15-4-registro-material-tiempo-ambiente-y-ecologia.csv","data/tablas/08/table-40a-8-3-censo-morfologia-genoma-cultivo.csv","7","estado de genoma","identidad=«*Sphaeroforma arctica*»; campo=«estado de genoma»; valor=«genoma NO LOCALIZADO EN ESTA SESIÓN»","0","448","1373e4658ea749685d9b9fdea95e800ff3bff56ab3d2012ae3b9d47d45d55bb6","8a33be0a189a42fe8a6c4b14ae5e36aa8df9da89aa312c045c6fd99de3c3f355","b4ada10d8705991b28ef47f19f000478019114dfd5779907acf9007d932b58e2","Comprobación por el autor de sum(all(component in text for component in componentes) for text in textos) con ExactCooccurrenceIndex.count; componentes de nominal_query y corpus de source_snapshot. Coinciden ambos; resultado literal, no ausencia científica ni adjudicación de revisión."
"BN-245","b52bbff38b9020b3175caa2e7b7d2e3a86a22451f7f11f834aa1e871f6c5810c","REINSPECCION","2026-09-27T00:41:45Z","/root (autor; no revisión independiente)","C-2384","data/busquedas_negativas/15_4_15-4-registro-material-tiempo-ambiente-y-ecologia.csv","data/tablas/08/table-40a-8-3-censo-morfologia-genoma-cultivo.csv","7","estado de cultivo","identidad=«*Sphaeroforma arctica*»; campo=«estado de cultivo»; valor=«cultivo experimental implícito, condición nominal no censada»","0","448","1373e4658ea749685d9b9fdea95e800ff3bff56ab3d2012ae3b9d47d45d55bb6","8a33be0a189a42fe8a6c4b14ae5e36aa8df9da89aa312c045c6fd99de3c3f355","b4ada10d8705991b28ef47f19f000478019114dfd5779907acf9007d932b58e2","Comprobación por el autor de sum(all(component in text for component in componentes) for text in textos) con ExactCooccurrenceIndex.count; componentes de nominal_query y corpus de source_snapshot. Coinciden ambos; resultado literal, no ausencia científica ni adjudicación de revisión."
"BN-246","f3d09b2fa765ad43d998342cae3c9c2c4d8d0d17f07fd701e71b76f19641b703","REINSPECCION","2026-09-27T00:41:46Z","/root (autor; no revisión independiente)","C-2385","data/busquedas_negativas/15_4_15-4-registro-material-tiempo-ambiente-y-ecologia.csv","data/tablas/08/table-40a-8-3-censo-morfologia-genoma-cultivo.csv","7","resultado combinado","identidad=«*Sphaeroforma arctica*»; campo=«resultado combinado»; valor=«NO RESUELTO; no se infiere ausencia»","0","448","1373e4658ea749685d9b9fdea95e800ff3bff56ab3d2012ae3b9d47d45d55bb6","8a33be0a189a42fe8a6c4b14ae5e36aa8df9da89aa312c045c6fd99de3c3f355","b4ada10d8705991b28ef47f19f000478019114dfd5779907acf9007d932b58e2","Comprobación por el autor de sum(all(component in text for component in componentes) for text in textos) con ExactCooccurrenceIndex.count; componentes de nominal_query y corpus de source_snapshot. Coinciden ambos; resultado literal, no ausencia científica ni adjudicación de revisión."
"BN-247","ea3ea876385d3bfc37fbea127ab8e93f35d0e3c39be8a60ee9e89266c625a472","REINSPECCION","2026-09-27T00:41:47Z","/root (autor; no revisión independiente)","C-2386","data/busquedas_negativas/15_4_15-4-registro-material-tiempo-ambiente-y-ecologia.csv","data/tablas/08/table-40a-8-3-censo-morfologia-genoma-cultivo.csv","8","estado de genoma","identidad=«*Creolimax fragrantissima*»; campo=«estado de genoma»; valor=«genoma NO LOCALIZADO EN ESTA SESIÓN»","0","448","1373e4658ea749685d9b9fdea95e800ff3bff56ab3d2012ae3b9d47d45d55bb6","8a33be0a189a42fe8a6c4b14ae5e36aa8df9da89aa312c045c6fd99de3c3f355","b4ada10d8705991b28ef47f19f000478019114dfd5779907acf9007d932b58e2","Comprobación por el autor de sum(all(component in text for component in componentes) for text in textos) con ExactCooccurrenceIndex.count; componentes de nominal_query y corpus de source_snapshot. Coinciden ambos; resultado literal, no ausencia científica ni adjudicación de revisión."
"BN-248","c74d4a0d97a3e199c88bf965daa29d621aa7bdca38f9e205423376eb4ae1389b","REINSPECCION","2026-09-27T00:41:47Z","/root (autor; no revisión independiente)","C-2387","data/busquedas_negativas/15_4_15-4-registro-material-tiempo-ambiente-y-ecologia.csv","data/tablas/08/table-40a-8-3-censo-morfologia-genoma-cultivo.csv","8","estado de cultivo","identidad=«*Creolimax fragrantissima*»; campo=«estado de cultivo»; valor=«cultivo experimental implícito, condición nominal no censada»","0","448","1373e4658ea749685d9b9fdea95e800ff3bff56ab3d2012ae3b9d47d45d55bb6","8a33be0a189a42fe8a6c4b14ae5e36aa8df9da89aa312c045c6fd99de3c3f355","b4ada10d8705991b28ef47f19f000478019114dfd5779907acf9007d932b58e2","Comprobación por el autor de sum(all(component in text for component in componentes) for text in textos) con ExactCooccurrenceIndex.count; componentes de nominal_query y corpus de source_snapshot. Coinciden ambos; resultado literal, no ausencia científica ni adjudicación de revisión."
"BN-249","2c7c05645ad1e4e4539b11559471fc6ede63c8cda1cdd93fd387e56045db1964","REINSPECCION","2026-09-27T00:41:47Z","/root (autor; no revisión independiente)","C-2388","data/busquedas_negativas/15_4_15-4-registro-material-tiempo-ambiente-y-ecologia.csv","data/tablas/08/table-40a-8-3-censo-morfologia-genoma-cultivo.csv","8","resultado combinado","identidad=«*Creolimax fragrantissima*»; campo=«resultado combinado»; valor=«NO RESUELTO; no se infiere ausencia»","0","448","1373e4658ea749685d9b9fdea95e800ff3bff56ab3d2012ae3b9d47d45d55bb6","8a33be0a189a42fe8a6c4b14ae5e36aa8df9da89aa312c045c6fd99de3c3f355","b4ada10d8705991b28ef47f19f000478019114dfd5779907acf9007d932b58e2","Comprobación por el autor de sum(all(component in text for component in componentes) for text in textos) con ExactCooccurrenceIndex.count; componentes de nominal_query y corpus de source_snapshot. Coinciden ambos; resultado literal, no ausencia científica ni adjudicación de revisión."
"BN-250","6fd753815533e3da9c48d55203a7b5372cde6d77f9dbad51fb95d05417b145af","REINSPECCION","2026-09-27T00:41:48Z","/root (autor; no revisión independiente)","C-2389","data/busquedas_negativas/15_4_15-4-registro-material-tiempo-ambiente-y-ecologia.csv","data/tablas/08/table-40a-8-3-censo-morfologia-genoma-cultivo.csv","9","estado de genoma","identidad=«*Abeoforma whisleri* / *Pirum gemmata*»; campo=«estado de genoma»; valor=«genoma NO LOCALIZADO EN ESTA SESIÓN»","0","448","1373e4658ea749685d9b9fdea95e800ff3bff56ab3d2012ae3b9d47d45d55bb6","8a33be0a189a42fe8a6c4b14ae5e36aa8df9da89aa312c045c6fd99de3c3f355","b4ada10d8705991b28ef47f19f000478019114dfd5779907acf9007d932b58e2","Comprobación por el autor de sum(all(component in text for component in componentes) for text in textos) con ExactCooccurrenceIndex.count; componentes de nominal_query y corpus de source_snapshot. Coinciden ambos; resultado literal, no ausencia científica ni adjudicación de revisión."
"BN-251","f050a9cd94d60b702ab2d6f5eff0b7bf0f7be79b89f1f0a3bd2c25e8edc3d636","REINSPECCION","2026-09-27T00:41:48Z","/root (autor; no revisión independiente)","C-2390","data/busquedas_negativas/15_4_15-4-registro-material-tiempo-ambiente-y-ecologia.csv","data/tablas/08/table-40a-8-3-censo-morfologia-genoma-cultivo.csv","9","estado de cultivo","identidad=«*Abeoforma whisleri* / *Pirum gemmata*»; campo=«estado de cultivo»; valor=«cultivo documentado»","0","448","1373e4658ea749685d9b9fdea95e800ff3bff56ab3d2012ae3b9d47d45d55bb6","8a33be0a189a42fe8a6c4b14ae5e36aa8df9da89aa312c045c6fd99de3c3f355","b4ada10d8705991b28ef47f19f000478019114dfd5779907acf9007d932b58e2","Comprobación por el autor de sum(all(component in text for component in componentes) for text in textos) con ExactCooccurrenceIndex.count; componentes de nominal_query y corpus de source_snapshot. Coinciden ambos; resultado literal, no ausencia científica ni adjudicación de revisión."
"BN-252","e6075fd6e63ab4fc6a33b8dc0d0e79ae62d5762f2f61f08c4d2a41d9d929c024","REINSPECCION","2026-09-27T00:41:49Z","/root (autor; no revisión independiente)","C-2391","data/busquedas_negativas/15_4_15-4-registro-material-tiempo-ambiente-y-ecologia.csv","data/tablas/08/table-40a-8-3-censo-morfologia-genoma-cultivo.csv","9","resultado combinado","identidad=«*Abeoforma whisleri* / *Pirum gemmata*»; campo=«resultado combinado»; valor=«NO es caso simultáneamente sin cultivo»","0","448","1373e4658ea749685d9b9fdea95e800ff3bff56ab3d2012ae3b9d47d45d55bb6","8a33be0a189a42fe8a6c4b14ae5e36aa8df9da89aa312c045c6fd99de3c3f355","b4ada10d8705991b28ef47f19f000478019114dfd5779907acf9007d932b58e2","Comprobación por el autor de sum(all(component in text for component in componentes) for text in textos) con ExactCooccurrenceIndex.count; componentes de nominal_query y corpus de source_snapshot. Coinciden ambos; resultado literal, no ausencia científica ni adjudicación de revisión."
"BN-253","4e4753dbc47f00dabc0ec555c1ce0e6b988620998e286c43ebead81fb3f850f2","REINSPECCION","2026-09-27T00:41:50Z","/root (autor; no revisión independiente)","C-2392","data/busquedas_negativas/15_4_15-4-registro-material-tiempo-ambiente-y-ecologia.csv","data/tablas/08/table-40a-8-3-censo-morfologia-genoma-cultivo.csv","10","estado de genoma","identidad=«*Ichthyophonus hoferi* / *Ichthyophonus* sp.»; campo=«estado de genoma»; valor=«genoma NO LOCALIZADO EN ESTA SESIÓN»","0","448","1373e4658ea749685d9b9fdea95e800ff3bff56ab3d2012ae3b9d47d45d55bb6","8a33be0a189a42fe8a6c4b14ae5e36aa8df9da89aa312c045c6fd99de3c3f355","b4ada10d8705991b28ef47f19f000478019114dfd5779907acf9007d932b58e2","Comprobación por el autor de sum(all(component in text for component in componentes) for text in textos) con ExactCooccurrenceIndex.count; componentes de nominal_query y corpus de source_snapshot. Coinciden ambos; resultado literal, no ausencia científica ni adjudicación de revisión."
"BN-254","9b45b785ac2999ae9b7f1827933ab27c51150a2838de8193a311bef79867e8a8","REINSPECCION","2026-09-27T00:41:51Z","/root (autor; no revisión independiente)","C-2393","data/busquedas_negativas/15_4_15-4-registro-material-tiempo-ambiente-y-ecologia.csv","data/tablas/08/table-40a-8-3-censo-morfologia-genoma-cultivo.csv","10","estado de cultivo","identidad=«*Ichthyophonus hoferi* / *Ichthyophonus* sp.»; campo=«estado de cultivo»; valor=«ensayo de infección documentado; estado de cultivo no consta»","0","448","1373e4658ea749685d9b9fdea95e800ff3bff56ab3d2012ae3b9d47d45d55bb6","8a33be0a189a42fe8a6c4b14ae5e36aa8df9da89aa312c045c6fd99de3c3f355","b4ada10d8705991b28ef47f19f000478019114dfd5779907acf9007d932b58e2","Comprobación por el autor de sum(all(component in text for component in componentes) for text in textos) con ExactCooccurrenceIndex.count; componentes de nominal_query y corpus de source_snapshot. Coinciden ambos; resultado literal, no ausencia científica ni adjudicación de revisión."
"BN-255","639e944229caed67062f3118ee1c5e734ec79a534552f86d49ba42f76abe9828","REINSPECCION","2026-09-27T00:41:51Z","/root (autor; no revisión independiente)","C-2394","data/busquedas_negativas/15_4_15-4-registro-material-tiempo-ambiente-y-ecologia.csv","data/tablas/08/table-40a-8-3-censo-morfologia-genoma-cultivo.csv","10","resultado combinado","identidad=«*Ichthyophonus hoferi* / *Ichthyophonus* sp.»; campo=«resultado combinado»; valor=«NO RESUELTO; no se infiere ausencia»","0","448","1373e4658ea749685d9b9fdea95e800ff3bff56ab3d2012ae3b9d47d45d55bb6","8a33be0a189a42fe8a6c4b14ae5e36aa8df9da89aa312c045c6fd99de3c3f355","b4ada10d8705991b28ef47f19f000478019114dfd5779907acf9007d932b58e2","Comprobación por el autor de sum(all(component in text for component in componentes) for text in textos) con ExactCooccurrenceIndex.count; componentes de nominal_query y corpus de source_snapshot. Coinciden ambos; resultado literal, no ausencia científica ni adjudicación de revisión."
"BN-256","05ade2f70913c021dc506022a9baef88939fab7c7753d7d73f946614feb2db3d","REINSPECCION","2026-09-27T00:41:52Z","/root (autor; no revisión independiente)","C-2395","data/busquedas_negativas/15_4_15-4-registro-material-tiempo-ambiente-y-ecologia.csv","data/tablas/08/table-40a-8-3-censo-morfologia-genoma-cultivo.csv","11","estado de genoma","identidad=«*Corallochytrium limacisporum*»; campo=«estado de genoma»; valor=«genoma NO LOCALIZADO EN ESTA SESIÓN»","0","448","1373e4658ea749685d9b9fdea95e800ff3bff56ab3d2012ae3b9d47d45d55bb6","8a33be0a189a42fe8a6c4b14ae5e36aa8df9da89aa312c045c6fd99de3c3f355","b4ada10d8705991b28ef47f19f000478019114dfd5779907acf9007d932b58e2","Comprobación por el autor de sum(all(component in text for component in componentes) for text in textos) con ExactCooccurrenceIndex.count; componentes de nominal_query y corpus de source_snapshot. Coinciden ambos; resultado literal, no ausencia científica ni adjudicación de revisión."
"BN-257","84e2fb61f3a3781009995ebfc1824f3bd7d11724b9411e68aed24c8e975ba803","REINSPECCION","2026-09-27T00:41:52Z","/root (autor; no revisión independiente)","C-2396","data/busquedas_negativas/15_4_15-4-registro-material-tiempo-ambiente-y-ecologia.csv","data/tablas/08/table-40a-8-3-censo-morfologia-genoma-cultivo.csv","12","estado de genoma","identidad=«*Syssomonas multiformis*»; campo=«estado de genoma»; valor=«genoma NO LOCALIZADO EN ESTA SESIÓN»","0","448","1373e4658ea749685d9b9fdea95e800ff3bff56ab3d2012ae3b9d47d45d55bb6","8a33be0a189a42fe8a6c4b14ae5e36aa8df9da89aa312c045c6fd99de3c3f355","b4ada10d8705991b28ef47f19f000478019114dfd5779907acf9007d932b58e2","Comprobación por el autor de sum(all(component in text for component in componentes) for text in textos) con ExactCooccurrenceIndex.count; componentes de nominal_query y corpus de source_snapshot. Coinciden ambos; resultado literal, no ausencia científica ni adjudicación de revisión."
"BN-258","3535b392902f0db6485a0fbce8658a15cb4c10333b23894fdf6c72377f68d164","REINSPECCION","2026-09-27T00:41:53Z","/root (autor; no revisión independiente)","C-2397","data/busquedas_negativas/15_4_15-4-registro-material-tiempo-ambiente-y-ecologia.csv","data/tablas/08/table-40a-8-3-censo-morfologia-genoma-cultivo.csv","12","resultado combinado","identidad=«*Syssomonas multiformis*»; campo=«resultado combinado»; valor=«NO RESUELTO; no se infiere ausencia»","0","448","1373e4658ea749685d9b9fdea95e800ff3bff56ab3d2012ae3b9d47d45d55bb6","8a33be0a189a42fe8a6c4b14ae5e36aa8df9da89aa312c045c6fd99de3c3f355","b4ada10d8705991b28ef47f19f000478019114dfd5779907acf9007d932b58e2","Comprobación por el autor de sum(all(component in text for component in componentes) for text in textos) con ExactCooccurrenceIndex.count; componentes de nominal_query y corpus de source_snapshot. Coinciden ambos; resultado literal, no ausencia científica ni adjudicación de revisión."
"BN-259","976acd622bff46126a6f01efd3568bbeb65bf0f2d2e36e680656e7f955b3f464","REINSPECCION","2026-09-27T00:41:53Z","/root (autor; no revisión independiente)","C-2398","data/busquedas_negativas/15_4_15-4-registro-material-tiempo-ambiente-y-ecologia.csv","data/tablas/08/table-40a-8-3-censo-morfologia-genoma-cultivo.csv","13","estado de genoma","identidad=«*Pigoraptor vietnamica* y *P. chileana*»; campo=«estado de genoma»; valor=«genoma NO LOCALIZADO EN ESTA SESIÓN»","0","448","1373e4658ea749685d9b9fdea95e800ff3bff56ab3d2012ae3b9d47d45d55bb6","8a33be0a189a42fe8a6c4b14ae5e36aa8df9da89aa312c045c6fd99de3c3f355","b4ada10d8705991b28ef47f19f000478019114dfd5779907acf9007d932b58e2","Comprobación por el autor de sum(all(component in text for component in componentes) for text in textos) con ExactCooccurrenceIndex.count; componentes de nominal_query y corpus de source_snapshot. Coinciden ambos; resultado literal, no ausencia científica ni adjudicación de revisión."
"BN-260","3ce25911fad1c324cbedcf3afd6692a92cc76e56386e1a938e79b6b89b09a83b","REINSPECCION","2026-09-27T00:41:53Z","/root (autor; no revisión independiente)","C-2399","data/busquedas_negativas/15_4_15-4-registro-material-tiempo-ambiente-y-ecologia.csv","data/tablas/08/table-40a-8-3-censo-morfologia-genoma-cultivo.csv","13","estado de cultivo","identidad=«*Pigoraptor vietnamica* y *P. chileana*»; campo=«estado de cultivo»; valor=«cultivo NO LOCALIZADO EN ESTA SESIÓN»","0","448","1373e4658ea749685d9b9fdea95e800ff3bff56ab3d2012ae3b9d47d45d55bb6","8a33be0a189a42fe8a6c4b14ae5e36aa8df9da89aa312c045c6fd99de3c3f355","b4ada10d8705991b28ef47f19f000478019114dfd5779907acf9007d932b58e2","Comprobación por el autor de sum(all(component in text for component in componentes) for text in textos) con ExactCooccurrenceIndex.count; componentes de nominal_query y corpus de source_snapshot. Coinciden ambos; resultado literal, no ausencia científica ni adjudicación de revisión."
"BN-261","b57918f1bbd0548ced65c2a070057bea8c6090d9f2d1c5ade0bb7e7dadbc936d","REINSPECCION","2026-09-27T00:41:54Z","/root (autor; no revisión independiente)","C-2400","data/busquedas_negativas/15_4_15-4-registro-material-tiempo-ambiente-y-ecologia.csv","data/tablas/08/table-40a-8-3-censo-morfologia-genoma-cultivo.csv","13","resultado combinado","identidad=«*Pigoraptor vietnamica* y *P. chileana*»; campo=«resultado combinado»; valor=«NO RESUELTO; no se infiere ausencia»","0","448","1373e4658ea749685d9b9fdea95e800ff3bff56ab3d2012ae3b9d47d45d55bb6","8a33be0a189a42fe8a6c4b14ae5e36aa8df9da89aa312c045c6fd99de3c3f355","b4ada10d8705991b28ef47f19f000478019114dfd5779907acf9007d932b58e2","Comprobación por el autor de sum(all(component in text for component in componentes) for text in textos) con ExactCooccurrenceIndex.count; componentes de nominal_query y corpus de source_snapshot. Coinciden ambos; resultado literal, no ausencia científica ni adjudicación de revisión."
"BN-262","bf37028edb4aae5b3ed098419645630196563921ce5c197a2ad4afb26db9d0ed","REINSPECCION","2026-09-27T00:41:54Z","/root (autor; no revisión independiente)","C-2401","data/busquedas_negativas/15_4_15-4-registro-material-tiempo-ambiente-y-ecologia.csv","data/tablas/08/table-40a-8-3-censo-morfologia-genoma-cultivo.csv","14","estado de genoma","identidad=«*Tunicaraptor unikontum*»; campo=«estado de genoma»; valor=«genoma NO LOCALIZADO EN ESTA SESIÓN»","0","448","1373e4658ea749685d9b9fdea95e800ff3bff56ab3d2012ae3b9d47d45d55bb6","8a33be0a189a42fe8a6c4b14ae5e36aa8df9da89aa312c045c6fd99de3c3f355","b4ada10d8705991b28ef47f19f000478019114dfd5779907acf9007d932b58e2","Comprobación por el autor de sum(all(component in text for component in componentes) for text in textos) con ExactCooccurrenceIndex.count; componentes de nominal_query y corpus de source_snapshot. Coinciden ambos; resultado literal, no ausencia científica ni adjudicación de revisión."
"BN-263","aaf171ece375efb4881af0db8c4807eff5991e7881dfbdcbc81b846cfa55087c","REINSPECCION","2026-09-27T00:41:54Z","/root (autor; no revisión independiente)","C-2402","data/busquedas_negativas/15_4_15-4-registro-material-tiempo-ambiente-y-ecologia.csv","data/tablas/08/table-40a-8-3-censo-morfologia-genoma-cultivo.csv","14","estado de cultivo","identidad=«*Tunicaraptor unikontum*»; campo=«estado de cultivo»; valor=«cultivo NO LOCALIZADO EN ESTA SESIÓN»","0","448","1373e4658ea749685d9b9fdea95e800ff3bff56ab3d2012ae3b9d47d45d55bb6","8a33be0a189a42fe8a6c4b14ae5e36aa8df9da89aa312c045c6fd99de3c3f355","b4ada10d8705991b28ef47f19f000478019114dfd5779907acf9007d932b58e2","Comprobación por el autor de sum(all(component in text for component in componentes) for text in textos) con ExactCooccurrenceIndex.count; componentes de nominal_query y corpus de source_snapshot. Coinciden ambos; resultado literal, no ausencia científica ni adjudicación de revisión."
"BN-264","05aa4d1a5e008b3ad05cb4f05f6684d72bb3068cde191564a773f126a0f56a74","REINSPECCION","2026-09-27T00:41:55Z","/root (autor; no revisión independiente)","C-2403","data/busquedas_negativas/15_4_15-4-registro-material-tiempo-ambiente-y-ecologia.csv","data/tablas/08/table-40a-8-3-censo-morfologia-genoma-cultivo.csv","14","resultado combinado","identidad=«*Tunicaraptor unikontum*»; campo=«resultado combinado»; valor=«NO RESUELTO; no se infiere ausencia»","0","448","1373e4658ea749685d9b9fdea95e800ff3bff56ab3d2012ae3b9d47d45d55bb6","8a33be0a189a42fe8a6c4b14ae5e36aa8df9da89aa312c045c6fd99de3c3f355","b4ada10d8705991b28ef47f19f000478019114dfd5779907acf9007d932b58e2","Comprobación por el autor de sum(all(component in text for component in componentes) for text in textos) con ExactCooccurrenceIndex.count; componentes de nominal_query y corpus de source_snapshot. Coinciden ambos; resultado literal, no ausencia científica ni adjudicación de revisión."
"BN-265","d0f2556d654d13a6b1b7968523f9866e8785ae9d13beb60c8613ba0f611ab38e","REINSPECCION","2026-09-27T00:41:55Z","/root (autor; no revisión independiente)","C-2404","data/busquedas_negativas/15_4_15-4-registro-material-tiempo-ambiente-y-ecologia.csv","data/tablas/08/table-40a-8-3-censo-morfologia-genoma-cultivo.csv","15","descripción solo morfológica","identidad=«*Lenisia limosa*»; campo=«descripción solo morfológica»; valor=«no: metabolismo y epibiontes documentados»","0","448","1373e4658ea749685d9b9fdea95e800ff3bff56ab3d2012ae3b9d47d45d55bb6","8a33be0a189a42fe8a6c4b14ae5e36aa8df9da89aa312c045c6fd99de3c3f355","b4ada10d8705991b28ef47f19f000478019114dfd5779907acf9007d932b58e2","Comprobación por el autor de sum(all(component in text for component in componentes) for text in textos) con ExactCooccurrenceIndex.count; componentes de nominal_query y corpus de source_snapshot. Coinciden ambos; resultado literal, no ausencia científica ni adjudicación de revisión."
"BN-266","cfa2ba0c8fa40f3571dbcfccd697851a9e188fcad4804c0ba56062b54275e137","REINSPECCION","2026-09-27T00:41:55Z","/root (autor; no revisión independiente)","C-2405","data/busquedas_negativas/15_4_15-4-registro-material-tiempo-ambiente-y-ecologia.csv","data/tablas/08/table-40a-8-3-censo-morfologia-genoma-cultivo.csv","15","estado de genoma","identidad=«*Lenisia limosa*»; campo=«estado de genoma»; valor=«genoma NO LOCALIZADO EN ESTA SESIÓN»","0","448","1373e4658ea749685d9b9fdea95e800ff3bff56ab3d2012ae3b9d47d45d55bb6","8a33be0a189a42fe8a6c4b14ae5e36aa8df9da89aa312c045c6fd99de3c3f355","b4ada10d8705991b28ef47f19f000478019114dfd5779907acf9007d932b58e2","Comprobación por el autor de sum(all(component in text for component in componentes) for text in textos) con ExactCooccurrenceIndex.count; componentes de nominal_query y corpus de source_snapshot. Coinciden ambos; resultado literal, no ausencia científica ni adjudicación de revisión."
"BN-267","92e3b18cfb8ea058629ea266dd77b59b1f08bffce4f5c3b5ace4860ef1134b34","REINSPECCION","2026-09-27T00:41:56Z","/root (autor; no revisión independiente)","C-2406","data/busquedas_negativas/15_4_15-4-registro-material-tiempo-ambiente-y-ecologia.csv","data/tablas/08/table-40a-8-3-censo-morfologia-genoma-cultivo.csv","15","estado de cultivo","identidad=«*Lenisia limosa*»; campo=«estado de cultivo»; valor=«cultivo NO LOCALIZADO EN ESTA SESIÓN»","0","448","1373e4658ea749685d9b9fdea95e800ff3bff56ab3d2012ae3b9d47d45d55bb6","8a33be0a189a42fe8a6c4b14ae5e36aa8df9da89aa312c045c6fd99de3c3f355","b4ada10d8705991b28ef47f19f000478019114dfd5779907acf9007d932b58e2","Comprobación por el autor de sum(all(component in text for component in componentes) for text in textos) con ExactCooccurrenceIndex.count; componentes de nominal_query y corpus de source_snapshot. Coinciden ambos; resultado literal, no ausencia científica ni adjudicación de revisión."
"BN-268","7e04dab99ea94c3a1c438bebf7b12602b4440efa9dda28f452cfbdf2323ddad7","REINSPECCION","2026-09-27T00:41:56Z","/root (autor; no revisión independiente)","C-2407","data/busquedas_negativas/15_4_15-4-registro-material-tiempo-ambiente-y-ecologia.csv","data/tablas/08/table-40a-8-3-censo-morfologia-genoma-cultivo.csv","15","resultado combinado","identidad=«*Lenisia limosa*»; campo=«resultado combinado»; valor=«NO RESUELTO; no se infiere ausencia»","0","448","1373e4658ea749685d9b9fdea95e800ff3bff56ab3d2012ae3b9d47d45d55bb6","8a33be0a189a42fe8a6c4b14ae5e36aa8df9da89aa312c045c6fd99de3c3f355","b4ada10d8705991b28ef47f19f000478019114dfd5779907acf9007d932b58e2","Comprobación por el autor de sum(all(component in text for component in componentes) for text in textos) con ExactCooccurrenceIndex.count; componentes de nominal_query y corpus de source_snapshot. Coinciden ambos; resultado literal, no ausencia científica ni adjudicación de revisión."
"BN-269","ddc58d12959e02382050527004e33cfa238a9a74049434358c2d5acdbc3e6163","REINSPECCION","2026-09-27T00:41:57Z","/root (autor; no revisión independiente)","C-2408","data/busquedas_negativas/15_4_15-4-registro-material-tiempo-ambiente-y-ecologia.csv","data/tablas/08/table-40a-8-3-censo-morfologia-genoma-cultivo.csv","16","estado de genoma","identidad=«*Pygsuia biforma*»; campo=«estado de genoma»; valor=«genoma NO LOCALIZADO EN ESTA SESIÓN»","0","448","1373e4658ea749685d9b9fdea95e800ff3bff56ab3d2012ae3b9d47d45d55bb6","8a33be0a189a42fe8a6c4b14ae5e36aa8df9da89aa312c045c6fd99de3c3f355","b4ada10d8705991b28ef47f19f000478019114dfd5779907acf9007d932b58e2","Comprobación por el autor de sum(all(component in text for component in componentes) for text in textos) con ExactCooccurrenceIndex.count; componentes de nominal_query y corpus de source_snapshot. Coinciden ambos; resultado literal, no ausencia científica ni adjudicación de revisión."
"BN-270","5a8fe28985d2f66c7dbd391aff6addec8c4ccc9805c050de4c2bd6c3f4a3e3b8","REINSPECCION","2026-09-27T00:41:57Z","/root (autor; no revisión independiente)","C-2409","data/busquedas_negativas/15_4_15-4-registro-material-tiempo-ambiente-y-ecologia.csv","data/tablas/08/table-40a-8-3-censo-morfologia-genoma-cultivo.csv","16","estado de cultivo","identidad=«*Pygsuia biforma*»; campo=«estado de cultivo»; valor=«cultivo NO LOCALIZADO EN ESTA SESIÓN»","0","448","1373e4658ea749685d9b9fdea95e800ff3bff56ab3d2012ae3b9d47d45d55bb6","8a33be0a189a42fe8a6c4b14ae5e36aa8df9da89aa312c045c6fd99de3c3f355","b4ada10d8705991b28ef47f19f000478019114dfd5779907acf9007d932b58e2","Comprobación por el autor de sum(all(component in text for component in componentes) for text in textos) con ExactCooccurrenceIndex.count; componentes de nominal_query y corpus de source_snapshot. Coinciden ambos; resultado literal, no ausencia científica ni adjudicación de revisión."
"BN-271","327882608123b2b3816e70d2149cceba78c28059cf4d6ce9df17e1330e22676f","REINSPECCION","2026-09-27T00:41:57Z","/root (autor; no revisión independiente)","C-2410","data/busquedas_negativas/15_4_15-4-registro-material-tiempo-ambiente-y-ecologia.csv","data/tablas/08/table-40a-8-3-censo-morfologia-genoma-cultivo.csv","16","resultado combinado","identidad=«*Pygsuia biforma*»; campo=«resultado combinado»; valor=«NO RESUELTO; no se infiere ausencia»","0","448","1373e4658ea749685d9b9fdea95e800ff3bff56ab3d2012ae3b9d47d45d55bb6","8a33be0a189a42fe8a6c4b14ae5e36aa8df9da89aa312c045c6fd99de3c3f355","b4ada10d8705991b28ef47f19f000478019114dfd5779907acf9007d932b58e2","Comprobación por el autor de sum(all(component in text for component in componentes) for text in textos) con ExactCooccurrenceIndex.count; componentes de nominal_query y corpus de source_snapshot. Coinciden ambos; resultado literal, no ausencia científica ni adjudicación de revisión."
"BN-272","f0c6e2d5ecb9f62ede247854e66b223f017abe977d6927798509a8fb5aa3ce09","REINSPECCION","2026-09-27T00:41:58Z","/root (autor; no revisión independiente)","C-2411","data/busquedas_negativas/15_4_15-4-registro-material-tiempo-ambiente-y-ecologia.csv","data/tablas/08/table-40a-8-3-censo-morfologia-genoma-cultivo.csv","17","estado de genoma","identidad=«*Thecamonas trahens*»; campo=«estado de genoma»; valor=«genoma NO LOCALIZADO EN ESTA SESIÓN»","0","448","1373e4658ea749685d9b9fdea95e800ff3bff56ab3d2012ae3b9d47d45d55bb6","8a33be0a189a42fe8a6c4b14ae5e36aa8df9da89aa312c045c6fd99de3c3f355","b4ada10d8705991b28ef47f19f000478019114dfd5779907acf9007d932b58e2","Comprobación por el autor de sum(all(component in text for component in componentes) for text in textos) con ExactCooccurrenceIndex.count; componentes de nominal_query y corpus de source_snapshot. Coinciden ambos; resultado literal, no ausencia científica ni adjudicación de revisión."
"BN-273","5b5cdf36635196a4c662629838690d844d625401dd1bdc5dab8838a04840ee0c","REINSPECCION","2026-09-27T00:41:58Z","/root (autor; no revisión independiente)","C-2412","data/busquedas_negativas/15_4_15-4-registro-material-tiempo-ambiente-y-ecologia.csv","data/tablas/08/table-40a-8-3-censo-morfologia-genoma-cultivo.csv","17","estado de cultivo","identidad=«*Thecamonas trahens*»; campo=«estado de cultivo»; valor=«cultivo NO LOCALIZADO EN ESTA SESIÓN»","0","448","1373e4658ea749685d9b9fdea95e800ff3bff56ab3d2012ae3b9d47d45d55bb6","8a33be0a189a42fe8a6c4b14ae5e36aa8df9da89aa312c045c6fd99de3c3f355","b4ada10d8705991b28ef47f19f000478019114dfd5779907acf9007d932b58e2","Comprobación por el autor de sum(all(component in text for component in componentes) for text in textos) con ExactCooccurrenceIndex.count; componentes de nominal_query y corpus de source_snapshot. Coinciden ambos; resultado literal, no ausencia científica ni adjudicación de revisión."
"BN-274","0140debb4852bb48c8793e3fd71a09668642676d5b369d14d756e6143f3e397b","REINSPECCION","2026-09-27T00:41:58Z","/root (autor; no revisión independiente)","C-2413","data/busquedas_negativas/15_4_15-4-registro-material-tiempo-ambiente-y-ecologia.csv","data/tablas/08/table-40a-8-3-censo-morfologia-genoma-cultivo.csv","17","resultado combinado","identidad=«*Thecamonas trahens*»; campo=«resultado combinado»; valor=«CANDIDATO NO RESUELTO; falta de localización no prueba ausencia»","0","448","1373e4658ea749685d9b9fdea95e800ff3bff56ab3d2012ae3b9d47d45d55bb6","8a33be0a189a42fe8a6c4b14ae5e36aa8df9da89aa312c045c6fd99de3c3f355","b4ada10d8705991b28ef47f19f000478019114dfd5779907acf9007d932b58e2","Comprobación por el autor de sum(all(component in text for component in componentes) for text in textos) con ExactCooccurrenceIndex.count; componentes de nominal_query y corpus de source_snapshot. Coinciden ambos; resultado literal, no ausencia científica ni adjudicación de revisión."
"BN-275","15386b3a028bbbd84845a3206aba907b6ae7a60417839d31bd7625a0be306007","REINSPECCION","2026-09-27T00:41:59Z","/root (autor; no revisión independiente)","C-2414","data/busquedas_negativas/15_4_15-4-registro-material-tiempo-ambiente-y-ecologia.csv","data/tablas/08/table-40a-8-3-censo-morfologia-genoma-cultivo.csv","18","estado de genoma","identidad=«*Breviata anathema*»; campo=«estado de genoma»; valor=«genoma NO LOCALIZADO EN ESTA SESIÓN»","0","448","1373e4658ea749685d9b9fdea95e800ff3bff56ab3d2012ae3b9d47d45d55bb6","8a33be0a189a42fe8a6c4b14ae5e36aa8df9da89aa312c045c6fd99de3c3f355","b4ada10d8705991b28ef47f19f000478019114dfd5779907acf9007d932b58e2","Comprobación por el autor de sum(all(component in text for component in componentes) for text in textos) con ExactCooccurrenceIndex.count; componentes de nominal_query y corpus de source_snapshot. Coinciden ambos; resultado literal, no ausencia científica ni adjudicación de revisión."
"BN-276","df2d02eb943e39dde1f588b67e740fc897fcf490e32864dca24f7f2ae932ff9f","REINSPECCION","2026-09-27T00:41:59Z","/root (autor; no revisión independiente)","C-2415","data/busquedas_negativas/15_4_15-4-registro-material-tiempo-ambiente-y-ecologia.csv","data/tablas/08/table-40a-8-3-censo-morfologia-genoma-cultivo.csv","18","estado de cultivo","identidad=«*Breviata anathema*»; campo=«estado de cultivo»; valor=«cultivo NO LOCALIZADO EN ESTA SESIÓN»","0","448","1373e4658ea749685d9b9fdea95e800ff3bff56ab3d2012ae3b9d47d45d55bb6","8a33be0a189a42fe8a6c4b14ae5e36aa8df9da89aa312c045c6fd99de3c3f355","b4ada10d8705991b28ef47f19f000478019114dfd5779907acf9007d932b58e2","Comprobación por el autor de sum(all(component in text for component in componentes) for text in textos) con ExactCooccurrenceIndex.count; componentes de nominal_query y corpus de source_snapshot. Coinciden ambos; resultado literal, no ausencia científica ni adjudicación de revisión."
"BN-277","2ab9a3cf79eead61c601d4859d339065e49d30ecf2cd54adbe65c9fa3f0129f1","REINSPECCION","2026-09-27T00:42:00Z","/root (autor; no revisión independiente)","C-2416","data/busquedas_negativas/15_4_15-4-registro-material-tiempo-ambiente-y-ecologia.csv","data/tablas/08/table-40a-8-3-censo-morfologia-genoma-cultivo.csv","18","resultado combinado","identidad=«*Breviata anathema*»; campo=«resultado combinado»; valor=«NO RESUELTO; no se infiere ausencia»","0","448","1373e4658ea749685d9b9fdea95e800ff3bff56ab3d2012ae3b9d47d45d55bb6","8a33be0a189a42fe8a6c4b14ae5e36aa8df9da89aa312c045c6fd99de3c3f355","b4ada10d8705991b28ef47f19f000478019114dfd5779907acf9007d932b58e2","Comprobación por el autor de sum(all(component in text for component in componentes) for text in textos) con ExactCooccurrenceIndex.count; componentes de nominal_query y corpus de source_snapshot. Coinciden ambos; resultado literal, no ausencia científica ni adjudicación de revisión."
"BN-278","936cfa5740754e304dae8aa4ca92c12b6434323f89751f289c16a9d7c80150de","REINSPECCION","2026-09-27T00:42:00Z","/root (autor; no revisión independiente)","C-2417","data/busquedas_negativas/15_4_15-4-registro-material-tiempo-ambiente-y-ecologia.csv","data/tablas/08/table-40a-8-3-censo-morfologia-genoma-cultivo.csv","19","estado de genoma","identidad=«*Fonticula alba*»; campo=«estado de genoma»; valor=«genoma NO LOCALIZADO EN ESTA SESIÓN»","0","448","1373e4658ea749685d9b9fdea95e800ff3bff56ab3d2012ae3b9d47d45d55bb6","8a33be0a189a42fe8a6c4b14ae5e36aa8df9da89aa312c045c6fd99de3c3f355","b4ada10d8705991b28ef47f19f000478019114dfd5779907acf9007d932b58e2","Comprobación por el autor de sum(all(component in text for component in componentes) for text in textos) con ExactCooccurrenceIndex.count; componentes de nominal_query y corpus de source_snapshot. Coinciden ambos; resultado literal, no ausencia científica ni adjudicación de revisión."
"BN-279","1b4a8381da7a7c3e4baac08aebe4974ae199c211d6581b7600dd4e091bea5d27","REINSPECCION","2026-09-27T00:42:00Z","/root (autor; no revisión independiente)","C-2418","data/busquedas_negativas/15_4_15-4-registro-material-tiempo-ambiente-y-ecologia.csv","data/tablas/08/table-40a-8-3-censo-morfologia-genoma-cultivo.csv","19","estado de cultivo","identidad=«*Fonticula alba*»; campo=«estado de cultivo»; valor=«cultivo NO LOCALIZADO EN ESTA SESIÓN»","0","448","1373e4658ea749685d9b9fdea95e800ff3bff56ab3d2012ae3b9d47d45d55bb6","8a33be0a189a42fe8a6c4b14ae5e36aa8df9da89aa312c045c6fd99de3c3f355","b4ada10d8705991b28ef47f19f000478019114dfd5779907acf9007d932b58e2","Comprobación por el autor de sum(all(component in text for component in componentes) for text in textos) con ExactCooccurrenceIndex.count; componentes de nominal_query y corpus de source_snapshot. Coinciden ambos; resultado literal, no ausencia científica ni adjudicación de revisión."
"BN-280","2e018b5a4dc455502dcccd13c4bb33fd790b4a04b57576f49036a7ed108809bb","REINSPECCION","2026-09-27T00:42:01Z","/root (autor; no revisión independiente)","C-2419","data/busquedas_negativas/15_4_15-4-registro-material-tiempo-ambiente-y-ecologia.csv","data/tablas/08/table-40a-8-3-censo-morfologia-genoma-cultivo.csv","19","resultado combinado","identidad=«*Fonticula alba*»; campo=«resultado combinado»; valor=«NO RESUELTO; no se infiere ausencia»","0","448","1373e4658ea749685d9b9fdea95e800ff3bff56ab3d2012ae3b9d47d45d55bb6","8a33be0a189a42fe8a6c4b14ae5e36aa8df9da89aa312c045c6fd99de3c3f355","b4ada10d8705991b28ef47f19f000478019114dfd5779907acf9007d932b58e2","Comprobación por el autor de sum(all(component in text for component in componentes) for text in textos) con ExactCooccurrenceIndex.count; componentes de nominal_query y corpus de source_snapshot. Coinciden ambos; resultado literal, no ausencia científica ni adjudicación de revisión."
"BN-281","cedc577c5c337960908f4121d54debd8cde5c1364a0e30eb0941d89079aef9b0","REINSPECCION","2026-09-27T00:42:01Z","/root (autor; no revisión independiente)","C-2420","data/busquedas_negativas/15_4_15-4-registro-material-tiempo-ambiente-y-ecologia.csv","data/tablas/08/table-40a-8-3-censo-morfologia-genoma-cultivo.csv","20","estado de genoma","identidad=«*Nuclearia delicatula*»; campo=«estado de genoma»; valor=«genoma NO LOCALIZADO EN ESTA SESIÓN»","0","448","1373e4658ea749685d9b9fdea95e800ff3bff56ab3d2012ae3b9d47d45d55bb6","8a33be0a189a42fe8a6c4b14ae5e36aa8df9da89aa312c045c6fd99de3c3f355","b4ada10d8705991b28ef47f19f000478019114dfd5779907acf9007d932b58e2","Comprobación por el autor de sum(all(component in text for component in componentes) for text in textos) con ExactCooccurrenceIndex.count; componentes de nominal_query y corpus de source_snapshot. Coinciden ambos; resultado literal, no ausencia científica ni adjudicación de revisión."
"BN-282","f934a7816afa4e7931a6917fb5e65c96e3c1e9b1954eda60945e0eb88ca13924","REINSPECCION","2026-09-27T00:42:02Z","/root (autor; no revisión independiente)","C-2421","data/busquedas_negativas/15_4_15-4-registro-material-tiempo-ambiente-y-ecologia.csv","data/tablas/08/table-40a-8-3-censo-morfologia-genoma-cultivo.csv","20","estado de cultivo","identidad=«*Nuclearia delicatula*»; campo=«estado de cultivo»; valor=«cultivo NO LOCALIZADO EN ESTA SESIÓN»","0","448","1373e4658ea749685d9b9fdea95e800ff3bff56ab3d2012ae3b9d47d45d55bb6","8a33be0a189a42fe8a6c4b14ae5e36aa8df9da89aa312c045c6fd99de3c3f355","b4ada10d8705991b28ef47f19f000478019114dfd5779907acf9007d932b58e2","Comprobación por el autor de sum(all(component in text for component in componentes) for text in textos) con ExactCooccurrenceIndex.count; componentes de nominal_query y corpus de source_snapshot. Coinciden ambos; resultado literal, no ausencia científica ni adjudicación de revisión."
"BN-283","3106317635dc60a07cc874981979beb3a81a07f254382db2272bb50fee4401f8","REINSPECCION","2026-09-27T00:42:02Z","/root (autor; no revisión independiente)","C-2422","data/busquedas_negativas/15_4_15-4-registro-material-tiempo-ambiente-y-ecologia.csv","data/tablas/08/table-40a-8-3-censo-morfologia-genoma-cultivo.csv","20","resultado combinado","identidad=«*Nuclearia delicatula*»; campo=«resultado combinado»; valor=«NO RESUELTO; no se infiere ausencia»","0","448","1373e4658ea749685d9b9fdea95e800ff3bff56ab3d2012ae3b9d47d45d55bb6","8a33be0a189a42fe8a6c4b14ae5e36aa8df9da89aa312c045c6fd99de3c3f355","b4ada10d8705991b28ef47f19f000478019114dfd5779907acf9007d932b58e2","Comprobación por el autor de sum(all(component in text for component in componentes) for text in textos) con ExactCooccurrenceIndex.count; componentes de nominal_query y corpus de source_snapshot. Coinciden ambos; resultado literal, no ausencia científica ni adjudicación de revisión."
"BN-284","556cec7e236946698944c1e5cd7ebe8143c108d033eccadb6b50a8e4e853f01b","REINSPECCION","2026-09-27T00:42:02Z","/root (autor; no revisión independiente)","C-2423","data/busquedas_negativas/15_4_15-4-registro-material-tiempo-ambiente-y-ecologia.csv","data/tablas/08/table-40a-8-3-censo-morfologia-genoma-cultivo.csv","21","descripción solo morfológica","identidad=«*Rozella allomycis*»; campo=«descripción solo morfológica»; valor=«no: ciclo de infección observado»","0","448","1373e4658ea749685d9b9fdea95e800ff3bff56ab3d2012ae3b9d47d45d55bb6","8a33be0a189a42fe8a6c4b14ae5e36aa8df9da89aa312c045c6fd99de3c3f355","b4ada10d8705991b28ef47f19f000478019114dfd5779907acf9007d932b58e2","Comprobación por el autor de sum(all(component in text for component in componentes) for text in textos) con ExactCooccurrenceIndex.count; componentes de nominal_query y corpus de source_snapshot. Coinciden ambos; resultado literal, no ausencia científica ni adjudicación de revisión."
"BN-285","743c5f34ccd33c98fb29487569686eec634380d046e153ab977d4a1c321c7d26","REINSPECCION","2026-09-27T00:42:03Z","/root (autor; no revisión independiente)","C-2424","data/busquedas_negativas/15_4_15-4-registro-material-tiempo-ambiente-y-ecologia.csv","data/tablas/08/table-40a-8-3-censo-morfologia-genoma-cultivo.csv","21","estado de genoma","identidad=«*Rozella allomycis*»; campo=«estado de genoma»; valor=«genoma NO LOCALIZADO EN ESTA SESIÓN»","0","448","1373e4658ea749685d9b9fdea95e800ff3bff56ab3d2012ae3b9d47d45d55bb6","8a33be0a189a42fe8a6c4b14ae5e36aa8df9da89aa312c045c6fd99de3c3f355","b4ada10d8705991b28ef47f19f000478019114dfd5779907acf9007d932b58e2","Comprobación por el autor de sum(all(component in text for component in componentes) for text in textos) con ExactCooccurrenceIndex.count; componentes de nominal_query y corpus de source_snapshot. Coinciden ambos; resultado literal, no ausencia científica ni adjudicación de revisión."
"BN-286","4d2739c484ab4ddc7aa6cb38752bbb124e0ab5f8d60084980f5200f63eb83f72","REINSPECCION","2026-09-27T00:42:03Z","/root (autor; no revisión independiente)","C-2425","data/busquedas_negativas/15_4_15-4-registro-material-tiempo-ambiente-y-ecologia.csv","data/tablas/08/table-40a-8-3-censo-morfologia-genoma-cultivo.csv","21","estado de cultivo","identidad=«*Rozella allomycis*»; campo=«estado de cultivo»; valor=«cultivo con hospedador; estado axénico no consta»","0","448","1373e4658ea749685d9b9fdea95e800ff3bff56ab3d2012ae3b9d47d45d55bb6","8a33be0a189a42fe8a6c4b14ae5e36aa8df9da89aa312c045c6fd99de3c3f355","b4ada10d8705991b28ef47f19f000478019114dfd5779907acf9007d932b58e2","Comprobación por el autor de sum(all(component in text for component in componentes) for text in textos) con ExactCooccurrenceIndex.count; componentes de nominal_query y corpus de source_snapshot. Coinciden ambos; resultado literal, no ausencia científica ni adjudicación de revisión."
"BN-287","b95092866e62381e0fcb6a8c9d54ae70058aa4bb43b9516c37e4b997bc97a24d","REINSPECCION","2026-09-27T00:42:03Z","/root (autor; no revisión independiente)","C-2426","data/busquedas_negativas/15_4_15-4-registro-material-tiempo-ambiente-y-ecologia.csv","data/tablas/08/table-40a-8-3-censo-morfologia-genoma-cultivo.csv","21","resultado combinado","identidad=«*Rozella allomycis*»; campo=«resultado combinado»; valor=«NO RESUELTO; no se infiere ausencia»","0","448","1373e4658ea749685d9b9fdea95e800ff3bff56ab3d2012ae3b9d47d45d55bb6","8a33be0a189a42fe8a6c4b14ae5e36aa8df9da89aa312c045c6fd99de3c3f355","b4ada10d8705991b28ef47f19f000478019114dfd5779907acf9007d932b58e2","Comprobación por el autor de sum(all(component in text for component in componentes) for text in textos) con ExactCooccurrenceIndex.count; componentes de nominal_query y corpus de source_snapshot. Coinciden ambos; resultado literal, no ausencia científica ni adjudicación de revisión."
"BN-288","3b9e500eb1f6da5a556b04126d7ccd589bf52137cd0c50cde1ebfbe7f72d891d","REINSPECCION","2026-09-27T00:42:04Z","/root (autor; no revisión independiente)","C-2427","data/busquedas_negativas/15_4_15-4-registro-material-tiempo-ambiente-y-ecologia.csv","data/tablas/08/table-40a-8-3-censo-morfologia-genoma-cultivo.csv","22","descripción solo morfológica","identidad=«*Rhizophydium planktonicum*»; campo=«descripción solo morfológica»; valor=«no: parasitismo y flujo de carbono medidos»","0","448","1373e4658ea749685d9b9fdea95e800ff3bff56ab3d2012ae3b9d47d45d55bb6","8a33be0a189a42fe8a6c4b14ae5e36aa8df9da89aa312c045c6fd99de3c3f355","b4ada10d8705991b28ef47f19f000478019114dfd5779907acf9007d932b58e2","Comprobación por el autor de sum(all(component in text for component in componentes) for text in textos) con ExactCooccurrenceIndex.count; componentes de nominal_query y corpus de source_snapshot. Coinciden ambos; resultado literal, no ausencia científica ni adjudicación de revisión."
"BN-289","a224b70d623c0e2e5b9844a20295ce7a5759134ce3cb83236813999c812061b2","REINSPECCION","2026-09-27T00:42:04Z","/root (autor; no revisión independiente)","C-2428","data/busquedas_negativas/15_4_15-4-registro-material-tiempo-ambiente-y-ecologia.csv","data/tablas/08/table-40a-8-3-censo-morfologia-genoma-cultivo.csv","22","estado de genoma","identidad=«*Rhizophydium planktonicum*»; campo=«estado de genoma»; valor=«genoma NO LOCALIZADO EN ESTA SESIÓN»","0","448","1373e4658ea749685d9b9fdea95e800ff3bff56ab3d2012ae3b9d47d45d55bb6","8a33be0a189a42fe8a6c4b14ae5e36aa8df9da89aa312c045c6fd99de3c3f355","b4ada10d8705991b28ef47f19f000478019114dfd5779907acf9007d932b58e2","Comprobación por el autor de sum(all(component in text for component in componentes) for text in textos) con ExactCooccurrenceIndex.count; componentes de nominal_query y corpus de source_snapshot. Coinciden ambos; resultado literal, no ausencia científica ni adjudicación de revisión."
"BN-290","f5a3c42955cdcce63484589af954d554d0ea115f1fa53bfcdbc41d3e04542edd","REINSPECCION","2026-09-27T00:42:04Z","/root (autor; no revisión independiente)","C-2429","data/busquedas_negativas/15_4_15-4-registro-material-tiempo-ambiente-y-ecologia.csv","data/tablas/08/table-40a-8-3-censo-morfologia-genoma-cultivo.csv","22","estado de cultivo","identidad=«*Rhizophydium planktonicum*»; campo=«estado de cultivo»; valor=«ensayo con hospedador documentado; estado axénico no consta»","0","448","1373e4658ea749685d9b9fdea95e800ff3bff56ab3d2012ae3b9d47d45d55bb6","8a33be0a189a42fe8a6c4b14ae5e36aa8df9da89aa312c045c6fd99de3c3f355","b4ada10d8705991b28ef47f19f000478019114dfd5779907acf9007d932b58e2","Comprobación por el autor de sum(all(component in text for component in componentes) for text in textos) con ExactCooccurrenceIndex.count; componentes de nominal_query y corpus de source_snapshot. Coinciden ambos; resultado literal, no ausencia científica ni adjudicación de revisión."
"BN-291","6884b66887f5877bb76e022a7cc6f9f68f2f0980e3c1eaa9eca4676a01b78957","REINSPECCION","2026-09-27T00:42:05Z","/root (autor; no revisión independiente)","C-2430","data/busquedas_negativas/15_4_15-4-registro-material-tiempo-ambiente-y-ecologia.csv","data/tablas/08/table-40a-8-3-censo-morfologia-genoma-cultivo.csv","22","resultado combinado","identidad=«*Rhizophydium planktonicum*»; campo=«resultado combinado»; valor=«NO RESUELTO; no se infiere ausencia»","0","448","1373e4658ea749685d9b9fdea95e800ff3bff56ab3d2012ae3b9d47d45d55bb6","8a33be0a189a42fe8a6c4b14ae5e36aa8df9da89aa312c045c6fd99de3c3f355","b4ada10d8705991b28ef47f19f000478019114dfd5779907acf9007d932b58e2","Comprobación por el autor de sum(all(component in text for component in componentes) for text in textos) con ExactCooccurrenceIndex.count; componentes de nominal_query y corpus de source_snapshot. Coinciden ambos; resultado literal, no ausencia científica ni adjudicación de revisión."
"BN-292","1cb0d581811dcd739ade3d49ce5817bc21051299baa0feb8f22316619ae4c454","REINSPECCION","2026-09-27T00:42:05Z","/root (autor; no revisión independiente)","C-2431","data/busquedas_negativas/15_4_15-4-registro-material-tiempo-ambiente-y-ecologia.csv","data/tablas/08/table-40a-8-3-censo-morfologia-genoma-cultivo.csv","23","estado de cultivo","identidad=«Microsporidia»; campo=«estado de cultivo»; valor=«cultivo NO LOCALIZADO EN ESTA SESIÓN»","0","448","1373e4658ea749685d9b9fdea95e800ff3bff56ab3d2012ae3b9d47d45d55bb6","8a33be0a189a42fe8a6c4b14ae5e36aa8df9da89aa312c045c6fd99de3c3f355","b4ada10d8705991b28ef47f19f000478019114dfd5779907acf9007d932b58e2","Comprobación por el autor de sum(all(component in text for component in componentes) for text in textos) con ExactCooccurrenceIndex.count; componentes de nominal_query y corpus de source_snapshot. Coinciden ambos; resultado literal, no ausencia científica ni adjudicación de revisión."
"BN-293","a614fd10e16fbbf84186bf209a200e55c1b39ee6f827bb3c8f283ef259065bd4","REINSPECCION","2026-09-27T00:42:06Z","/root (autor; no revisión independiente)","C-2432","data/busquedas_negativas/15_4_15-4-registro-material-tiempo-ambiente-y-ecologia.csv","data/tablas/08/table-40a-8-3-censo-morfologia-genoma-cultivo.csv","24","estado de genoma","identidad=«*Dictyostelium discoideum*»; campo=«estado de genoma»; valor=«genoma NO LOCALIZADO EN ESTA SESIÓN»","0","448","1373e4658ea749685d9b9fdea95e800ff3bff56ab3d2012ae3b9d47d45d55bb6","8a33be0a189a42fe8a6c4b14ae5e36aa8df9da89aa312c045c6fd99de3c3f355","b4ada10d8705991b28ef47f19f000478019114dfd5779907acf9007d932b58e2","Comprobación por el autor de sum(all(component in text for component in componentes) for text in textos) con ExactCooccurrenceIndex.count; componentes de nominal_query y corpus de source_snapshot. Coinciden ambos; resultado literal, no ausencia científica ni adjudicación de revisión."
"BN-294","fd21dc97646319bf1226c5613a6122d97a7c1e1340e1b2d8945d20638039f55b","REINSPECCION","2026-09-27T00:42:06Z","/root (autor; no revisión independiente)","C-2433","data/busquedas_negativas/15_4_15-4-registro-material-tiempo-ambiente-y-ecologia.csv","data/tablas/08/table-40a-8-3-censo-morfologia-genoma-cultivo.csv","24","estado de cultivo","identidad=«*Dictyostelium discoideum*»; campo=«estado de cultivo»; valor=«cultivo experimental implícito, condición nominal no censada»","0","448","1373e4658ea749685d9b9fdea95e800ff3bff56ab3d2012ae3b9d47d45d55bb6","8a33be0a189a42fe8a6c4b14ae5e36aa8df9da89aa312c045c6fd99de3c3f355","b4ada10d8705991b28ef47f19f000478019114dfd5779907acf9007d932b58e2","Comprobación por el autor de sum(all(component in text for component in componentes) for text in textos) con ExactCooccurrenceIndex.count; componentes de nominal_query y corpus de source_snapshot. Coinciden ambos; resultado literal, no ausencia científica ni adjudicación de revisión."
"BN-295","350a734752e49f18931a46204899ac1992c625280c94e2988d3812848a4b13d1","REINSPECCION","2026-09-27T00:42:07Z","/root (autor; no revisión independiente)","C-2434","data/busquedas_negativas/15_4_15-4-registro-material-tiempo-ambiente-y-ecologia.csv","data/tablas/08/table-40a-8-3-censo-morfologia-genoma-cultivo.csv","24","resultado combinado","identidad=«*Dictyostelium discoideum*»; campo=«resultado combinado»; valor=«NO RESUELTO; no se infiere ausencia»","0","448","1373e4658ea749685d9b9fdea95e800ff3bff56ab3d2012ae3b9d47d45d55bb6","8a33be0a189a42fe8a6c4b14ae5e36aa8df9da89aa312c045c6fd99de3c3f355","b4ada10d8705991b28ef47f19f000478019114dfd5779907acf9007d932b58e2","Comprobación por el autor de sum(all(component in text for component in componentes) for text in textos) con ExactCooccurrenceIndex.count; componentes de nominal_query y corpus de source_snapshot. Coinciden ambos; resultado literal, no ausencia científica ni adjudicación de revisión."
"BN-296","4801a4b8a463a4ba3d82a969a6449d235bd37b9c8120174279d8f739db7d9394","REINSPECCION","2026-09-27T00:42:08Z","/root (autor; no revisión independiente)","C-2435","data/busquedas_negativas/15_4_15-4-registro-material-tiempo-ambiente-y-ecologia.csv","data/tablas/08/table-40a-8-3-censo-morfologia-genoma-cultivo.csv","25","estado de genoma","identidad=«*Entamoeba histolytica*»; campo=«estado de genoma»; valor=«genoma NO LOCALIZADO EN ESTA SESIÓN»","0","448","1373e4658ea749685d9b9fdea95e800ff3bff56ab3d2012ae3b9d47d45d55bb6","8a33be0a189a42fe8a6c4b14ae5e36aa8df9da89aa312c045c6fd99de3c3f355","b4ada10d8705991b28ef47f19f000478019114dfd5779907acf9007d932b58e2","Comprobación por el autor de sum(all(component in text for component in componentes) for text in textos) con ExactCooccurrenceIndex.count; componentes de nominal_query y corpus de source_snapshot. Coinciden ambos; resultado literal, no ausencia científica ni adjudicación de revisión."
"BN-297","d8a3bb97285b95ed727f7139e43bc7e84bd597c081f467d00c1e40b197e59ba1","REINSPECCION","2026-09-27T00:42:08Z","/root (autor; no revisión independiente)","C-2436","data/busquedas_negativas/15_4_15-4-registro-material-tiempo-ambiente-y-ecologia.csv","data/tablas/08/table-40a-8-3-censo-morfologia-genoma-cultivo.csv","25","estado de cultivo","identidad=«*Entamoeba histolytica*»; campo=«estado de cultivo»; valor=«ensayo celular documentado; estado de cultivo no consta»","0","448","1373e4658ea749685d9b9fdea95e800ff3bff56ab3d2012ae3b9d47d45d55bb6","8a33be0a189a42fe8a6c4b14ae5e36aa8df9da89aa312c045c6fd99de3c3f355","b4ada10d8705991b28ef47f19f000478019114dfd5779907acf9007d932b58e2","Comprobación por el autor de sum(all(component in text for component in componentes) for text in textos) con ExactCooccurrenceIndex.count; componentes de nominal_query y corpus de source_snapshot. Coinciden ambos; resultado literal, no ausencia científica ni adjudicación de revisión."
"BN-298","c8f55ea7ec50b4d6fcfb5c3bd833439691fab9a72d1f6a737bf21aba17cfb0d9","REINSPECCION","2026-09-27T00:42:09Z","/root (autor; no revisión independiente)","C-2437","data/busquedas_negativas/15_4_15-4-registro-material-tiempo-ambiente-y-ecologia.csv","data/tablas/08/table-40a-8-3-censo-morfologia-genoma-cultivo.csv","25","resultado combinado","identidad=«*Entamoeba histolytica*»; campo=«resultado combinado»; valor=«NO RESUELTO; no se infiere ausencia»","0","448","1373e4658ea749685d9b9fdea95e800ff3bff56ab3d2012ae3b9d47d45d55bb6","8a33be0a189a42fe8a6c4b14ae5e36aa8df9da89aa312c045c6fd99de3c3f355","b4ada10d8705991b28ef47f19f000478019114dfd5779907acf9007d932b58e2","Comprobación por el autor de sum(all(component in text for component in componentes) for text in textos) con ExactCooccurrenceIndex.count; componentes de nominal_query y corpus de source_snapshot. Coinciden ambos; resultado literal, no ausencia científica ni adjudicación de revisión."
"BN-299","13d4832232e3d740f76b3c0eac1173f763393af2178c7a54a8fdccd869f00718","REINSPECCION","2026-09-27T00:42:10Z","/root (autor; no revisión independiente)","C-2438","data/busquedas_negativas/15_4_15-4-registro-material-tiempo-ambiente-y-ecologia.csv","data/tablas/08/table-40a-8-3-censo-morfologia-genoma-cultivo.csv","26","estado de genoma","identidad=«*Pelomyxa*»; campo=«estado de genoma»; valor=«genoma NO LOCALIZADO EN ESTA SESIÓN»","0","448","1373e4658ea749685d9b9fdea95e800ff3bff56ab3d2012ae3b9d47d45d55bb6","8a33be0a189a42fe8a6c4b14ae5e36aa8df9da89aa312c045c6fd99de3c3f355","b4ada10d8705991b28ef47f19f000478019114dfd5779907acf9007d932b58e2","Comprobación por el autor de sum(all(component in text for component in componentes) for text in textos) con ExactCooccurrenceIndex.count; componentes de nominal_query y corpus de source_snapshot. Coinciden ambos; resultado literal, no ausencia científica ni adjudicación de revisión."
"BN-300","9e734752e4f7c131d5a7a576766442ce11c038213c2c4063c221ee4da2187c16","REINSPECCION","2026-09-27T00:42:11Z","/root (autor; no revisión independiente)","C-2439","data/busquedas_negativas/15_4_15-4-registro-material-tiempo-ambiente-y-ecologia.csv","data/tablas/08/table-40a-8-3-censo-morfologia-genoma-cultivo.csv","26","estado de cultivo","identidad=«*Pelomyxa*»; campo=«estado de cultivo»; valor=«cultivo NO LOCALIZADO EN ESTA SESIÓN»","0","448","1373e4658ea749685d9b9fdea95e800ff3bff56ab3d2012ae3b9d47d45d55bb6","8a33be0a189a42fe8a6c4b14ae5e36aa8df9da89aa312c045c6fd99de3c3f355","b4ada10d8705991b28ef47f19f000478019114dfd5779907acf9007d932b58e2","Comprobación por el autor de sum(all(component in text for component in componentes) for text in textos) con ExactCooccurrenceIndex.count; componentes de nominal_query y corpus de source_snapshot. Coinciden ambos; resultado literal, no ausencia científica ni adjudicación de revisión."
"BN-301","9e3014918d7df52893ef25fa53d1f504d8ff1d775f14e649aa94cbbb19c9e94e","REINSPECCION","2026-09-27T00:42:11Z","/root (autor; no revisión independiente)","C-2440","data/busquedas_negativas/15_4_15-4-registro-material-tiempo-ambiente-y-ecologia.csv","data/tablas/08/table-40a-8-3-censo-morfologia-genoma-cultivo.csv","26","resultado combinado","identidad=«*Pelomyxa*»; campo=«resultado combinado»; valor=«NO RESUELTO; no se infiere ausencia»","0","448","1373e4658ea749685d9b9fdea95e800ff3bff56ab3d2012ae3b9d47d45d55bb6","8a33be0a189a42fe8a6c4b14ae5e36aa8df9da89aa312c045c6fd99de3c3f355","b4ada10d8705991b28ef47f19f000478019114dfd5779907acf9007d932b58e2","Comprobación por el autor de sum(all(component in text for component in componentes) for text in textos) con ExactCooccurrenceIndex.count; componentes de nominal_query y corpus de source_snapshot. Coinciden ambos; resultado literal, no ausencia científica ni adjudicación de revisión."
"BN-302","84348742401303aef1db55d4726912eb482ea138765c63fc2878fc6e4d2dce5a","REINSPECCION","2026-09-27T00:42:12Z","/root (autor; no revisión independiente)","C-2441","data/busquedas_negativas/15_4_15-4-registro-material-tiempo-ambiente-y-ecologia.csv","data/tablas/08/table-40a-8-3-censo-morfologia-genoma-cultivo.csv","27","estado de genoma","identidad=«*Mastigamoeba balamuthi*»; campo=«estado de genoma»; valor=«genoma NO LOCALIZADO EN ESTA SESIÓN»","0","448","1373e4658ea749685d9b9fdea95e800ff3bff56ab3d2012ae3b9d47d45d55bb6","8a33be0a189a42fe8a6c4b14ae5e36aa8df9da89aa312c045c6fd99de3c3f355","b4ada10d8705991b28ef47f19f000478019114dfd5779907acf9007d932b58e2","Comprobación por el autor de sum(all(component in text for component in componentes) for text in textos) con ExactCooccurrenceIndex.count; componentes de nominal_query y corpus de source_snapshot. Coinciden ambos; resultado literal, no ausencia científica ni adjudicación de revisión."
"BN-303","d602702f4e7d9acfcffe18c0edbe98721007c3cf75912bf6a0499c0722c496e8","REINSPECCION","2026-09-27T00:42:12Z","/root (autor; no revisión independiente)","C-2442","data/busquedas_negativas/15_4_15-4-registro-material-tiempo-ambiente-y-ecologia.csv","data/tablas/08/table-40a-8-3-censo-morfologia-genoma-cultivo.csv","27","estado de cultivo","identidad=«*Mastigamoeba balamuthi*»; campo=«estado de cultivo»; valor=«cultivo NO LOCALIZADO EN ESTA SESIÓN»","0","448","1373e4658ea749685d9b9fdea95e800ff3bff56ab3d2012ae3b9d47d45d55bb6","8a33be0a189a42fe8a6c4b14ae5e36aa8df9da89aa312c045c6fd99de3c3f355","b4ada10d8705991b28ef47f19f000478019114dfd5779907acf9007d932b58e2","Comprobación por el autor de sum(all(component in text for component in componentes) for text in textos) con ExactCooccurrenceIndex.count; componentes de nominal_query y corpus de source_snapshot. Coinciden ambos; resultado literal, no ausencia científica ni adjudicación de revisión."
"BN-304","5e90f988293cfcd7e003a41226a3906658fdfefe69b9d06a3461ec64438c4136","REINSPECCION","2026-09-27T00:42:13Z","/root (autor; no revisión independiente)","C-2443","data/busquedas_negativas/15_4_15-4-registro-material-tiempo-ambiente-y-ecologia.csv","data/tablas/08/table-40a-8-3-censo-morfologia-genoma-cultivo.csv","27","resultado combinado","identidad=«*Mastigamoeba balamuthi*»; campo=«resultado combinado»; valor=«NO RESUELTO; no se infiere ausencia»","0","448","1373e4658ea749685d9b9fdea95e800ff3bff56ab3d2012ae3b9d47d45d55bb6","8a33be0a189a42fe8a6c4b14ae5e36aa8df9da89aa312c045c6fd99de3c3f355","b4ada10d8705991b28ef47f19f000478019114dfd5779907acf9007d932b58e2","Comprobación por el autor de sum(all(component in text for component in componentes) for text in textos) con ExactCooccurrenceIndex.count; componentes de nominal_query y corpus de source_snapshot. Coinciden ambos; resultado literal, no ausencia científica ni adjudicación de revisión."
"BN-305","3fe5b6b0240a8b51d5c033efc32f905dfc79bc277068c2542492fc44d8d48d56","REINSPECCION","2026-09-27T00:42:14Z","/root (autor; no revisión independiente)","C-2444","data/busquedas_negativas/15_9_15-9-multicelularidad-y-repertorio-preanimal.csv","data/tablas/12/table-54-12-10-1-repertorio-funcional-localizado.csv","2","otros choanoflagelados","identidad=«integrinas y adhesoma»; campo=«otros choanoflagelados»; valor=«NO LOCALIZADO por linaje»","0","448","1373e4658ea749685d9b9fdea95e800ff3bff56ab3d2012ae3b9d47d45d55bb6","8a33be0a189a42fe8a6c4b14ae5e36aa8df9da89aa312c045c6fd99de3c3f355","b4ada10d8705991b28ef47f19f000478019114dfd5779907acf9007d932b58e2","Comprobación por el autor de sum(all(component in text for component in componentes) for text in textos) con ExactCooccurrenceIndex.count; componentes de nominal_query y corpus de source_snapshot. Coinciden ambos; resultado literal, no ausencia científica ni adjudicación de revisión."
"BN-306","b5745d7587e9fc307b11a4123f8a6e681a7bc523d642bed001a29671135e6aaf","REINSPECCION","2026-09-27T00:42:14Z","/root (autor; no revisión independiente)","C-2445","data/busquedas_negativas/15_9_15-9-multicelularidad-y-repertorio-preanimal.csv","data/tablas/12/table-54-12-10-1-repertorio-funcional-localizado.csv","2","Metazoa","identidad=«integrinas y adhesoma»; campo=«Metazoa»; valor=«presente»","0","448","1373e4658ea749685d9b9fdea95e800ff3bff56ab3d2012ae3b9d47d45d55bb6","8a33be0a189a42fe8a6c4b14ae5e36aa8df9da89aa312c045c6fd99de3c3f355","b4ada10d8705991b28ef47f19f000478019114dfd5779907acf9007d932b58e2","Comprobación por el autor de sum(all(component in text for component in componentes) for text in textos) con ExactCooccurrenceIndex.count; componentes de nominal_query y corpus de source_snapshot. Coinciden ambos; resultado literal, no ausencia científica ni adjudicación de revisión."
"BN-307","5fc45bba0b9ea6f0536eda78ab12a3ca55a7d58708e1a4976881173fefbb174c","REINSPECCION","2026-09-27T00:42:14Z","/root (autor; no revisión independiente)","C-2446","data/busquedas_negativas/15_9_15-9-multicelularidad-y-repertorio-preanimal.csv","data/tablas/12/table-54-12-10-1-repertorio-funcional-localizado.csv","2","criterio de presencia/ausencia","identidad=«integrinas y adhesoma»; campo=«criterio de presencia/ausencia»; valor=«presencia por homología de dominios; ausencia solo cuando la fuente la declara»","0","448","1373e4658ea749685d9b9fdea95e800ff3bff56ab3d2012ae3b9d47d45d55bb6","8a33be0a189a42fe8a6c4b14ae5e36aa8df9da89aa312c045c6fd99de3c3f355","b4ada10d8705991b28ef47f19f000478019114dfd5779907acf9007d932b58e2","Comprobación por el autor de sum(all(component in text for component in componentes) for text in textos) con ExactCooccurrenceIndex.count; componentes de nominal_query y corpus de source_snapshot. Coinciden ambos; resultado literal, no ausencia científica ni adjudicación de revisión."
"BN-308","7b26fb86fe6f2920016e9b812a8b927a87a9e6768af543f1a203fcb7d4d0e465","REINSPECCION","2026-09-27T00:42:14Z","/root (autor; no revisión independiente)","C-2447","data/busquedas_negativas/15_9_15-9-multicelularidad-y-repertorio-preanimal.csv","data/tablas/12/table-54-12-10-1-repertorio-funcional-localizado.csv","2","límite","identidad=«integrinas y adhesoma»; campo=«límite»; valor=«no se infiere ausencia en combinaciones no muestreadas»","0","448","1373e4658ea749685d9b9fdea95e800ff3bff56ab3d2012ae3b9d47d45d55bb6","8a33be0a189a42fe8a6c4b14ae5e36aa8df9da89aa312c045c6fd99de3c3f355","b4ada10d8705991b28ef47f19f000478019114dfd5779907acf9007d932b58e2","Comprobación por el autor de sum(all(component in text for component in componentes) for text in textos) con ExactCooccurrenceIndex.count; componentes de nominal_query y corpus de source_snapshot. Coinciden ambos; resultado literal, no ausencia científica ni adjudicación de revisión."
"BN-309","10f2a8e89acd028a3b082c15d18798893fd3bc60e8370c5eaa5654e9cc10afa0","REINSPECCION","2026-09-27T00:42:15Z","/root (autor; no revisión independiente)","C-2448","data/busquedas_negativas/15_9_15-9-multicelularidad-y-repertorio-preanimal.csv","data/tablas/12/table-54-12-10-1-repertorio-funcional-localizado.csv","3","Capsaspora","identidad=«cadherinas»; campo=«Capsaspora»; valor=«NO LOCALIZADO»","0","448","1373e4658ea749685d9b9fdea95e800ff3bff56ab3d2012ae3b9d47d45d55bb6","8a33be0a189a42fe8a6c4b14ae5e36aa8df9da89aa312c045c6fd99de3c3f355","b4ada10d8705991b28ef47f19f000478019114dfd5779907acf9007d932b58e2","Comprobación por el autor de sum(all(component in text for component in componentes) for text in textos) con ExactCooccurrenceIndex.count; componentes de nominal_query y corpus de source_snapshot. Coinciden ambos; resultado literal, no ausencia científica ni adjudicación de revisión."
"BN-310","f50e4e8e5a03bde1693c0d72d2cd4434ac2143552038f4bfaefaa20acea680e7","REINSPECCION","2026-09-27T00:42:16Z","/root (autor; no revisión independiente)","C-2449","data/busquedas_negativas/15_9_15-9-multicelularidad-y-repertorio-preanimal.csv","data/tablas/12/table-54-12-10-1-repertorio-funcional-localizado.csv","3","otros choanoflagelados","identidad=«cadherinas»; campo=«otros choanoflagelados»; valor=«NO LOCALIZADO por linaje»","0","448","1373e4658ea749685d9b9fdea95e800ff3bff56ab3d2012ae3b9d47d45d55bb6","8a33be0a189a42fe8a6c4b14ae5e36aa8df9da89aa312c045c6fd99de3c3f355","b4ada10d8705991b28ef47f19f000478019114dfd5779907acf9007d932b58e2","Comprobación por el autor de sum(all(component in text for component in componentes) for text in textos) con ExactCooccurrenceIndex.count; componentes de nominal_query y corpus de source_snapshot. Coinciden ambos; resultado literal, no ausencia científica ni adjudicación de revisión."
"BN-311","0fe780c8a26ab957eb1f1dcb52159b9c5a4dd7496c4ee38dd47161313e3b76e8","REINSPECCION","2026-09-27T00:42:16Z","/root (autor; no revisión independiente)","C-2450","data/busquedas_negativas/15_9_15-9-multicelularidad-y-repertorio-preanimal.csv","data/tablas/12/table-54-12-10-1-repertorio-funcional-localizado.csv","3","otros holozoos unicelulares","identidad=«cadherinas»; campo=«otros holozoos unicelulares»; valor=«NO LOCALIZADO por linaje»","0","448","1373e4658ea749685d9b9fdea95e800ff3bff56ab3d2012ae3b9d47d45d55bb6","8a33be0a189a42fe8a6c4b14ae5e36aa8df9da89aa312c045c6fd99de3c3f355","b4ada10d8705991b28ef47f19f000478019114dfd5779907acf9007d932b58e2","Comprobación por el autor de sum(all(component in text for component in componentes) for text in textos) con ExactCooccurrenceIndex.count; componentes de nominal_query y corpus de source_snapshot. Coinciden ambos; resultado literal, no ausencia científica ni adjudicación de revisión."
"BN-312","f1f7d28f4f3437b2abb258d943eeadeeccc5e160b93a6a0a3eb15b7d0566fc2a","REINSPECCION","2026-09-27T00:42:17Z","/root (autor; no revisión independiente)","C-2451","data/busquedas_negativas/15_9_15-9-multicelularidad-y-repertorio-preanimal.csv","data/tablas/12/table-54-12-10-1-repertorio-funcional-localizado.csv","3","Metazoa","identidad=«cadherinas»; campo=«Metazoa»; valor=«presente»","0","448","1373e4658ea749685d9b9fdea95e800ff3bff56ab3d2012ae3b9d47d45d55bb6","8a33be0a189a42fe8a6c4b14ae5e36aa8df9da89aa312c045c6fd99de3c3f355","b4ada10d8705991b28ef47f19f000478019114dfd5779907acf9007d932b58e2","Comprobación por el autor de sum(all(component in text for component in componentes) for text in textos) con ExactCooccurrenceIndex.count; componentes de nominal_query y corpus de source_snapshot. Coinciden ambos; resultado literal, no ausencia científica ni adjudicación de revisión."
"BN-313","7e53fffd97c98a5c26ffa8cbf3edc05074c15930e40ed4e1480b14d5f40874ae","REINSPECCION","2026-09-27T00:42:17Z","/root (autor; no revisión independiente)","C-2452","data/busquedas_negativas/15_9_15-9-multicelularidad-y-repertorio-preanimal.csv","data/tablas/12/table-54-12-10-1-repertorio-funcional-localizado.csv","3","límite","identidad=«cadherinas»; campo=«límite»; valor=«matriz animal completa no demostrada fuera de Metazoa»","0","448","1373e4658ea749685d9b9fdea95e800ff3bff56ab3d2012ae3b9d47d45d55bb6","8a33be0a189a42fe8a6c4b14ae5e36aa8df9da89aa312c045c6fd99de3c3f355","b4ada10d8705991b28ef47f19f000478019114dfd5779907acf9007d932b58e2","Comprobación por el autor de sum(all(component in text for component in componentes) for text in textos) con ExactCooccurrenceIndex.count; componentes de nominal_query y corpus de source_snapshot. Coinciden ambos; resultado literal, no ausencia científica ni adjudicación de revisión."
"BN-314","55a42402903600115b54958983b79982c1d7ba442692f808eb548024a9d94498","REINSPECCION","2026-09-27T00:42:18Z","/root (autor; no revisión independiente)","C-2453","data/busquedas_negativas/15_9_15-9-multicelularidad-y-repertorio-preanimal.csv","data/tablas/12/table-54-12-10-1-repertorio-funcional-localizado.csv","4","Capsaspora","identidad=«matriz y colágeno»; campo=«Capsaspora»; valor=«NO LOCALIZADO»","0","448","1373e4658ea749685d9b9fdea95e800ff3bff56ab3d2012ae3b9d47d45d55bb6","8a33be0a189a42fe8a6c4b14ae5e36aa8df9da89aa312c045c6fd99de3c3f355","b4ada10d8705991b28ef47f19f000478019114dfd5779907acf9007d932b58e2","Comprobación por el autor de sum(all(component in text for component in componentes) for text in textos) con ExactCooccurrenceIndex.count; componentes de nominal_query y corpus de source_snapshot. Coinciden ambos; resultado literal, no ausencia científica ni adjudicación de revisión."
"BN-315","d160d136e352d0bf606bf8639d949deb9f58c4f6e207afbc37d140ea1f173844","REINSPECCION","2026-09-27T00:42:18Z","/root (autor; no revisión independiente)","C-2454","data/busquedas_negativas/15_9_15-9-multicelularidad-y-repertorio-preanimal.csv","data/tablas/12/table-54-12-10-1-repertorio-funcional-localizado.csv","4","otros choanoflagelados","identidad=«matriz y colágeno»; campo=«otros choanoflagelados»; valor=«NO LOCALIZADO por linaje»","0","448","1373e4658ea749685d9b9fdea95e800ff3bff56ab3d2012ae3b9d47d45d55bb6","8a33be0a189a42fe8a6c4b14ae5e36aa8df9da89aa312c045c6fd99de3c3f355","b4ada10d8705991b28ef47f19f000478019114dfd5779907acf9007d932b58e2","Comprobación por el autor de sum(all(component in text for component in componentes) for text in textos) con ExactCooccurrenceIndex.count; componentes de nominal_query y corpus de source_snapshot. Coinciden ambos; resultado literal, no ausencia científica ni adjudicación de revisión."
"BN-316","d7ac1864cb7701790f61f0b1ff059d2c0f93e20d81cb1b4732910d30f6e2811e","REINSPECCION","2026-09-27T00:42:18Z","/root (autor; no revisión independiente)","C-2455","data/busquedas_negativas/15_9_15-9-multicelularidad-y-repertorio-preanimal.csv","data/tablas/12/table-54-12-10-1-repertorio-funcional-localizado.csv","4","otros holozoos unicelulares","identidad=«matriz y colágeno»; campo=«otros holozoos unicelulares»; valor=«NO LOCALIZADO por linaje»","0","448","1373e4658ea749685d9b9fdea95e800ff3bff56ab3d2012ae3b9d47d45d55bb6","8a33be0a189a42fe8a6c4b14ae5e36aa8df9da89aa312c045c6fd99de3c3f355","b4ada10d8705991b28ef47f19f000478019114dfd5779907acf9007d932b58e2","Comprobación por el autor de sum(all(component in text for component in componentes) for text in textos) con ExactCooccurrenceIndex.count; componentes de nominal_query y corpus de source_snapshot. Coinciden ambos; resultado literal, no ausencia científica ni adjudicación de revisión."
"BN-317","f2b0bc5f346fa4ad8521c2d31871ce6500ae1943c26779ceb6f0bddc4cf55e91","REINSPECCION","2026-09-27T00:42:19Z","/root (autor; no revisión independiente)","C-2456","data/busquedas_negativas/15_9_15-9-multicelularidad-y-repertorio-preanimal.csv","data/tablas/12/table-54-12-10-1-repertorio-funcional-localizado.csv","4","Metazoa","identidad=«matriz y colágeno»; campo=«Metazoa»; valor=«presente»","0","448","1373e4658ea749685d9b9fdea95e800ff3bff56ab3d2012ae3b9d47d45d55bb6","8a33be0a189a42fe8a6c4b14ae5e36aa8df9da89aa312c045c6fd99de3c3f355","b4ada10d8705991b28ef47f19f000478019114dfd5779907acf9007d932b58e2","Comprobación por el autor de sum(all(component in text for component in componentes) for text in textos) con ExactCooccurrenceIndex.count; componentes de nominal_query y corpus de source_snapshot. Coinciden ambos; resultado literal, no ausencia científica ni adjudicación de revisión."
"BN-318","7a48421d81beee14019a4bddfa51ad2ae736127f012e613d274e2740183ba709","REINSPECCION","2026-09-27T00:42:19Z","/root (autor; no revisión independiente)","C-2457","data/busquedas_negativas/15_9_15-9-multicelularidad-y-repertorio-preanimal.csv","data/tablas/12/table-54-12-10-1-repertorio-funcional-localizado.csv","4","límite","identidad=«matriz y colágeno»; campo=«límite»; valor=«fibrillas y matriz animal completa no demostradas»","0","448","1373e4658ea749685d9b9fdea95e800ff3bff56ab3d2012ae3b9d47d45d55bb6","8a33be0a189a42fe8a6c4b14ae5e36aa8df9da89aa312c045c6fd99de3c3f355","b4ada10d8705991b28ef47f19f000478019114dfd5779907acf9007d932b58e2","Comprobación por el autor de sum(all(component in text for component in componentes) for text in textos) con ExactCooccurrenceIndex.count; componentes de nominal_query y corpus de source_snapshot. Coinciden ambos; resultado literal, no ausencia científica ni adjudicación de revisión."
"BN-319","d5153f2841add082a71a8cd215021542420766344d85ac02a8ea8ded8803fa56","REINSPECCION","2026-09-27T00:42:20Z","/root (autor; no revisión independiente)","C-2458","data/busquedas_negativas/15_9_15-9-multicelularidad-y-repertorio-preanimal.csv","data/tablas/12/table-54-12-10-1-repertorio-funcional-localizado.csv","5","otros choanoflagelados","identidad=«fosfotirosina»; campo=«otros choanoflagelados»; valor=«NO LOCALIZADO por linaje»","0","448","1373e4658ea749685d9b9fdea95e800ff3bff56ab3d2012ae3b9d47d45d55bb6","8a33be0a189a42fe8a6c4b14ae5e36aa8df9da89aa312c045c6fd99de3c3f355","b4ada10d8705991b28ef47f19f000478019114dfd5779907acf9007d932b58e2","Comprobación por el autor de sum(all(component in text for component in componentes) for text in textos) con ExactCooccurrenceIndex.count; componentes de nominal_query y corpus de source_snapshot. Coinciden ambos; resultado literal, no ausencia científica ni adjudicación de revisión."
"BN-320","0f558d6fc155cee4d35a7094747595749665200166ebcb47330e0fb4a3cca8ba","REINSPECCION","2026-09-27T00:42:20Z","/root (autor; no revisión independiente)","C-2459","data/busquedas_negativas/15_9_15-9-multicelularidad-y-repertorio-preanimal.csv","data/tablas/12/table-54-12-10-1-repertorio-funcional-localizado.csv","5","otros holozoos unicelulares","identidad=«fosfotirosina»; campo=«otros holozoos unicelulares»; valor=«NO LOCALIZADO por linaje»","0","448","1373e4658ea749685d9b9fdea95e800ff3bff56ab3d2012ae3b9d47d45d55bb6","8a33be0a189a42fe8a6c4b14ae5e36aa8df9da89aa312c045c6fd99de3c3f355","b4ada10d8705991b28ef47f19f000478019114dfd5779907acf9007d932b58e2","Comprobación por el autor de sum(all(component in text for component in componentes) for text in textos) con ExactCooccurrenceIndex.count; componentes de nominal_query y corpus de source_snapshot. Coinciden ambos; resultado literal, no ausencia científica ni adjudicación de revisión."
"BN-321","d979a4effda0f116083137b56fdfdd1bfe462c818cb3affd5759b6e1753cdd23","REINSPECCION","2026-09-27T00:42:21Z","/root (autor; no revisión independiente)","C-2460","data/busquedas_negativas/15_9_15-9-multicelularidad-y-repertorio-preanimal.csv","data/tablas/12/table-54-12-10-1-repertorio-funcional-localizado.csv","5","Metazoa","identidad=«fosfotirosina»; campo=«Metazoa»; valor=«presente»","0","448","1373e4658ea749685d9b9fdea95e800ff3bff56ab3d2012ae3b9d47d45d55bb6","8a33be0a189a42fe8a6c4b14ae5e36aa8df9da89aa312c045c6fd99de3c3f355","b4ada10d8705991b28ef47f19f000478019114dfd5779907acf9007d932b58e2","Comprobación por el autor de sum(all(component in text for component in componentes) for text in textos) con ExactCooccurrenceIndex.count; componentes de nominal_query y corpus de source_snapshot. Coinciden ambos; resultado literal, no ausencia científica ni adjudicación de revisión."
"BN-322","f69e2a90cbb88874d2ccf6e89ffb5be718cad91ba9035a60f282d2e25fd5424e","REINSPECCION","2026-09-27T00:42:21Z","/root (autor; no revisión independiente)","C-2461","data/busquedas_negativas/15_9_15-9-multicelularidad-y-repertorio-preanimal.csv","data/tablas/12/table-54-12-10-1-repertorio-funcional-localizado.csv","5","criterio de presencia/ausencia","identidad=«fosfotirosina»; campo=«criterio de presencia/ausencia»; valor=«repertorio o actividad bioquímica según fuente»","0","448","1373e4658ea749685d9b9fdea95e800ff3bff56ab3d2012ae3b9d47d45d55bb6","8a33be0a189a42fe8a6c4b14ae5e36aa8df9da89aa312c045c6fd99de3c3f355","b4ada10d8705991b28ef47f19f000478019114dfd5779907acf9007d932b58e2","Comprobación por el autor de sum(all(component in text for component in componentes) for text in textos) con ExactCooccurrenceIndex.count; componentes de nominal_query y corpus de source_snapshot. Coinciden ambos; resultado literal, no ausencia científica ni adjudicación de revisión."
"BN-323","535370edee757fae17daeb6ab406c623d5c144deec11c14b9c9d6cb93fc9fc45","REINSPECCION","2026-09-27T00:42:22Z","/root (autor; no revisión independiente)","C-2462","data/busquedas_negativas/15_9_15-9-multicelularidad-y-repertorio-preanimal.csv","data/tablas/12/table-54-12-10-1-repertorio-funcional-localizado.csv","6","Monosiga","identidad=«Notch y Delta»; campo=«Monosiga»; valor=«distribución mosaico; estado nominal NO LOCALIZADO»","0","448","1373e4658ea749685d9b9fdea95e800ff3bff56ab3d2012ae3b9d47d45d55bb6","8a33be0a189a42fe8a6c4b14ae5e36aa8df9da89aa312c045c6fd99de3c3f355","b4ada10d8705991b28ef47f19f000478019114dfd5779907acf9007d932b58e2","Comprobación por el autor de sum(all(component in text for component in componentes) for text in textos) con ExactCooccurrenceIndex.count; componentes de nominal_query y corpus de source_snapshot. Coinciden ambos; resultado literal, no ausencia científica ni adjudicación de revisión."
"BN-324","81245420cac496ca2c81305461f5788f3299f91c4fada68072d4dc77e193e571","REINSPECCION","2026-09-27T00:42:22Z","/root (autor; no revisión independiente)","C-2463","data/busquedas_negativas/15_9_15-9-multicelularidad-y-repertorio-preanimal.csv","data/tablas/12/table-54-12-10-1-repertorio-funcional-localizado.csv","6","Capsaspora","identidad=«Notch y Delta»; campo=«Capsaspora»; valor=«NO LOCALIZADO»","0","448","1373e4658ea749685d9b9fdea95e800ff3bff56ab3d2012ae3b9d47d45d55bb6","8a33be0a189a42fe8a6c4b14ae5e36aa8df9da89aa312c045c6fd99de3c3f355","b4ada10d8705991b28ef47f19f000478019114dfd5779907acf9007d932b58e2","Comprobación por el autor de sum(all(component in text for component in componentes) for text in textos) con ExactCooccurrenceIndex.count; componentes de nominal_query y corpus de source_snapshot. Coinciden ambos; resultado literal, no ausencia científica ni adjudicación de revisión."
"BN-325","57c2a4749f3a2fc659b22bf0d29cf369d4ef24230d616469aa3e9856af9178fb","REINSPECCION","2026-09-27T00:42:22Z","/root (autor; no revisión independiente)","C-2464","data/busquedas_negativas/15_9_15-9-multicelularidad-y-repertorio-preanimal.csv","data/tablas/12/table-54-12-10-1-repertorio-funcional-localizado.csv","6","otros holozoos unicelulares","identidad=«Notch y Delta»; campo=«otros holozoos unicelulares»; valor=«distribución mosaico»","0","448","1373e4658ea749685d9b9fdea95e800ff3bff56ab3d2012ae3b9d47d45d55bb6","8a33be0a189a42fe8a6c4b14ae5e36aa8df9da89aa312c045c6fd99de3c3f355","b4ada10d8705991b28ef47f19f000478019114dfd5779907acf9007d932b58e2","Comprobación por el autor de sum(all(component in text for component in componentes) for text in textos) con ExactCooccurrenceIndex.count; componentes de nominal_query y corpus de source_snapshot. Coinciden ambos; resultado literal, no ausencia científica ni adjudicación de revisión."
"BN-326","f36d589c9717d09a5389a487db81bde5a3a6cd61887f722fdabea2097bb178e4","REINSPECCION","2026-09-27T00:42:23Z","/root (autor; no revisión independiente)","C-2465","data/busquedas_negativas/15_9_15-9-multicelularidad-y-repertorio-preanimal.csv","data/tablas/12/table-54-12-10-1-repertorio-funcional-localizado.csv","6","Metazoa","identidad=«Notch y Delta»; campo=«Metazoa»; valor=«presente»","0","448","1373e4658ea749685d9b9fdea95e800ff3bff56ab3d2012ae3b9d47d45d55bb6","8a33be0a189a42fe8a6c4b14ae5e36aa8df9da89aa312c045c6fd99de3c3f355","b4ada10d8705991b28ef47f19f000478019114dfd5779907acf9007d932b58e2","Comprobación por el autor de sum(all(component in text for component in componentes) for text in textos) con ExactCooccurrenceIndex.count; componentes de nominal_query y corpus de source_snapshot. Coinciden ambos; resultado literal, no ausencia científica ni adjudicación de revisión."
"BN-327","905a092f7b347684d2ac32cd8403606978e42a980a9909789b9733ae202fb34c","REINSPECCION","2026-09-27T00:42:23Z","/root (autor; no revisión independiente)","C-2466","data/busquedas_negativas/15_9_15-9-multicelularidad-y-repertorio-preanimal.csv","data/tablas/12/table-54-12-10-1-repertorio-funcional-localizado.csv","6","criterio de presencia/ausencia","identidad=«Notch y Delta»; campo=«criterio de presencia/ausencia»; valor=«presencia transcriptómica; no detección no equivale a ausencia»","0","448","1373e4658ea749685d9b9fdea95e800ff3bff56ab3d2012ae3b9d47d45d55bb6","8a33be0a189a42fe8a6c4b14ae5e36aa8df9da89aa312c045c6fd99de3c3f355","b4ada10d8705991b28ef47f19f000478019114dfd5779907acf9007d932b58e2","Comprobación por el autor de sum(all(component in text for component in componentes) for text in textos) con ExactCooccurrenceIndex.count; componentes de nominal_query y corpus de source_snapshot. Coinciden ambos; resultado literal, no ausencia científica ni adjudicación de revisión."
"BN-328","aefe741e447d0b8cf2a9df6760469b1f900a020b81c75073b63b43b2d7059d6d","REINSPECCION","2026-09-27T00:42:24Z","/root (autor; no revisión independiente)","C-2467","data/busquedas_negativas/15_9_15-9-multicelularidad-y-repertorio-preanimal.csv","data/tablas/12/table-54-12-10-1-repertorio-funcional-localizado.csv","6","límite","identidad=«Notch y Delta»; campo=«límite»; valor=«pérdida o falta de expresión no distinguidas»","0","448","1373e4658ea749685d9b9fdea95e800ff3bff56ab3d2012ae3b9d47d45d55bb6","8a33be0a189a42fe8a6c4b14ae5e36aa8df9da89aa312c045c6fd99de3c3f355","b4ada10d8705991b28ef47f19f000478019114dfd5779907acf9007d932b58e2","Comprobación por el autor de sum(all(component in text for component in componentes) for text in textos) con ExactCooccurrenceIndex.count; componentes de nominal_query y corpus de source_snapshot. Coinciden ambos; resultado literal, no ausencia científica ni adjudicación de revisión."
"BN-329","713aebb96c6cfa24646d2fbd9478a6aaf2157715e4a4c6e7431f973debbdc8b1","REINSPECCION","2026-09-27T00:42:25Z","/root (autor; no revisión independiente)","C-2468","data/busquedas_negativas/15_9_15-9-multicelularidad-y-repertorio-preanimal.csv","data/tablas/12/table-54-12-10-1-repertorio-funcional-localizado.csv","7","Monosiga","identidad=«Hedgehog»; campo=«Monosiga»; valor=«no localizado en el genoma comparado por S352»","0","448","1373e4658ea749685d9b9fdea95e800ff3bff56ab3d2012ae3b9d47d45d55bb6","8a33be0a189a42fe8a6c4b14ae5e36aa8df9da89aa312c045c6fd99de3c3f355","b4ada10d8705991b28ef47f19f000478019114dfd5779907acf9007d932b58e2","Comprobación por el autor de sum(all(component in text for component in componentes) for text in textos) con ExactCooccurrenceIndex.count; componentes de nominal_query y corpus de source_snapshot. Coinciden ambos; resultado literal, no ausencia científica ni adjudicación de revisión."
"BN-330","8256cf8d05e86c383b8645b0641d73c638a1fec0b61d2facd4f92ba690615dea","REINSPECCION","2026-09-27T00:42:25Z","/root (autor; no revisión independiente)","C-2469","data/busquedas_negativas/15_9_15-9-multicelularidad-y-repertorio-preanimal.csv","data/tablas/12/table-54-12-10-1-repertorio-funcional-localizado.csv","7","Capsaspora","identidad=«Hedgehog»; campo=«Capsaspora»; valor=«no localizado en el genoma comparado por S352»","0","448","1373e4658ea749685d9b9fdea95e800ff3bff56ab3d2012ae3b9d47d45d55bb6","8a33be0a189a42fe8a6c4b14ae5e36aa8df9da89aa312c045c6fd99de3c3f355","b4ada10d8705991b28ef47f19f000478019114dfd5779907acf9007d932b58e2","Comprobación por el autor de sum(all(component in text for component in componentes) for text in textos) con ExactCooccurrenceIndex.count; componentes de nominal_query y corpus de source_snapshot. Coinciden ambos; resultado literal, no ausencia científica ni adjudicación de revisión."
"BN-331","cf1c1d67b72dec187061a7cf203c20ad70651942d46fddfe139e1388442fe29e","REINSPECCION","2026-09-27T00:42:26Z","/root (autor; no revisión independiente)","C-2470","data/busquedas_negativas/15_9_15-9-multicelularidad-y-repertorio-preanimal.csv","data/tablas/12/table-54-12-10-1-repertorio-funcional-localizado.csv","7","otros choanoflagelados","identidad=«Hedgehog»; campo=«otros choanoflagelados»; valor=«NO LOCALIZADO por linaje»","0","448","1373e4658ea749685d9b9fdea95e800ff3bff56ab3d2012ae3b9d47d45d55bb6","8a33be0a189a42fe8a6c4b14ae5e36aa8df9da89aa312c045c6fd99de3c3f355","b4ada10d8705991b28ef47f19f000478019114dfd5779907acf9007d932b58e2","Comprobación por el autor de sum(all(component in text for component in componentes) for text in textos) con ExactCooccurrenceIndex.count; componentes de nominal_query y corpus de source_snapshot. Coinciden ambos; resultado literal, no ausencia científica ni adjudicación de revisión."
"BN-332","e90a9601459ad2d6b07952512e3f9e85cadfc55c5b7b5f2e062291c3cb77ace2","REINSPECCION","2026-09-27T00:42:26Z","/root (autor; no revisión independiente)","C-2471","data/busquedas_negativas/15_9_15-9-multicelularidad-y-repertorio-preanimal.csv","data/tablas/12/table-54-12-10-1-repertorio-funcional-localizado.csv","7","otros holozoos unicelulares","identidad=«Hedgehog»; campo=«otros holozoos unicelulares»; valor=«NO LOCALIZADO por linaje»","0","448","1373e4658ea749685d9b9fdea95e800ff3bff56ab3d2012ae3b9d47d45d55bb6","8a33be0a189a42fe8a6c4b14ae5e36aa8df9da89aa312c045c6fd99de3c3f355","b4ada10d8705991b28ef47f19f000478019114dfd5779907acf9007d932b58e2","Comprobación por el autor de sum(all(component in text for component in componentes) for text in textos) con ExactCooccurrenceIndex.count; componentes de nominal_query y corpus de source_snapshot. Coinciden ambos; resultado literal, no ausencia científica ni adjudicación de revisión."
"BN-334","4e19fc6d60515a4d938e5f17cbb89911976b9c93d918a430663fac34a1f37912","REINSPECCION","2026-09-27T00:42:27Z","/root (autor; no revisión independiente)","C-2474","data/busquedas_negativas/15_9_15-9-multicelularidad-y-repertorio-preanimal.csv","data/tablas/12/table-54-12-10-1-repertorio-funcional-localizado.csv","8","Monosiga","identidad=«GPCR y otras señales»; campo=«Monosiga»; valor=«familias antiguas; detalle nominal NO LOCALIZADO»","0","448","1373e4658ea749685d9b9fdea95e800ff3bff56ab3d2012ae3b9d47d45d55bb6","8a33be0a189a42fe8a6c4b14ae5e36aa8df9da89aa312c045c6fd99de3c3f355","b4ada10d8705991b28ef47f19f000478019114dfd5779907acf9007d932b58e2","Comprobación por el autor de sum(all(component in text for component in componentes) for text in textos) con ExactCooccurrenceIndex.count; componentes de nominal_query y corpus de source_snapshot. Coinciden ambos; resultado literal, no ausencia científica ni adjudicación de revisión."
"BN-335","7aa187ae02cee2629274a35d5e3972b5b47af1710bff3f12ad6b5fe74ec3e558","REINSPECCION","2026-09-27T00:42:27Z","/root (autor; no revisión independiente)","C-2475","data/busquedas_negativas/15_9_15-9-multicelularidad-y-repertorio-preanimal.csv","data/tablas/12/table-54-12-10-1-repertorio-funcional-localizado.csv","8","Capsaspora","identidad=«GPCR y otras señales»; campo=«Capsaspora»; valor=«familias antiguas; detalle nominal NO LOCALIZADO»","0","448","1373e4658ea749685d9b9fdea95e800ff3bff56ab3d2012ae3b9d47d45d55bb6","8a33be0a189a42fe8a6c4b14ae5e36aa8df9da89aa312c045c6fd99de3c3f355","b4ada10d8705991b28ef47f19f000478019114dfd5779907acf9007d932b58e2","Comprobación por el autor de sum(all(component in text for component in componentes) for text in textos) con ExactCooccurrenceIndex.count; componentes de nominal_query y corpus de source_snapshot. Coinciden ambos; resultado literal, no ausencia científica ni adjudicación de revisión."
"BN-336","cb92092892850f60e1944f7554670c6cd15f8f3753900b45f0bf77803c788a7e","REINSPECCION","2026-09-27T00:42:28Z","/root (autor; no revisión independiente)","C-2476","data/busquedas_negativas/15_9_15-9-multicelularidad-y-repertorio-preanimal.csv","data/tablas/12/table-54-12-10-1-repertorio-funcional-localizado.csv","8","otros choanoflagelados","identidad=«GPCR y otras señales»; campo=«otros choanoflagelados»; valor=«NO LOCALIZADO por linaje»","0","448","1373e4658ea749685d9b9fdea95e800ff3bff56ab3d2012ae3b9d47d45d55bb6","8a33be0a189a42fe8a6c4b14ae5e36aa8df9da89aa312c045c6fd99de3c3f355","b4ada10d8705991b28ef47f19f000478019114dfd5779907acf9007d932b58e2","Comprobación por el autor de sum(all(component in text for component in componentes) for text in textos) con ExactCooccurrenceIndex.count; componentes de nominal_query y corpus de source_snapshot. Coinciden ambos; resultado literal, no ausencia científica ni adjudicación de revisión."
"BN-337","cb344e1f9d0ed97194cd2f20e2228c845be113d5ed1a4142c93c0fb44666f835","REINSPECCION","2026-09-27T00:42:28Z","/root (autor; no revisión independiente)","C-2477","data/busquedas_negativas/15_9_15-9-multicelularidad-y-repertorio-preanimal.csv","data/tablas/12/table-54-12-10-1-repertorio-funcional-localizado.csv","8","otros holozoos unicelulares","identidad=«GPCR y otras señales»; campo=«otros holozoos unicelulares»; valor=«expansiones y pérdidas; detalle nominal NO LOCALIZADO»","0","448","1373e4658ea749685d9b9fdea95e800ff3bff56ab3d2012ae3b9d47d45d55bb6","8a33be0a189a42fe8a6c4b14ae5e36aa8df9da89aa312c045c6fd99de3c3f355","b4ada10d8705991b28ef47f19f000478019114dfd5779907acf9007d932b58e2","Comprobación por el autor de sum(all(component in text for component in componentes) for text in textos) con ExactCooccurrenceIndex.count; componentes de nominal_query y corpus de source_snapshot. Coinciden ambos; resultado literal, no ausencia científica ni adjudicación de revisión."
"BN-338","78d00227dbd82d21d5af1b26580b56b2eb54552b739f5f5e7ac29834ef3cd7d2","REINSPECCION","2026-09-27T00:42:28Z","/root (autor; no revisión independiente)","C-2478","data/busquedas_negativas/15_9_15-9-multicelularidad-y-repertorio-preanimal.csv","data/tablas/12/table-54-12-10-1-repertorio-funcional-localizado.csv","8","criterio de presencia/ausencia","identidad=«GPCR y otras señales»; campo=«criterio de presencia/ausencia»; valor=«homología de familias y clasificación de innovaciones»","0","448","1373e4658ea749685d9b9fdea95e800ff3bff56ab3d2012ae3b9d47d45d55bb6","8a33be0a189a42fe8a6c4b14ae5e36aa8df9da89aa312c045c6fd99de3c3f355","b4ada10d8705991b28ef47f19f000478019114dfd5779907acf9007d932b58e2","Comprobación por el autor de sum(all(component in text for component in componentes) for text in textos) con ExactCooccurrenceIndex.count; componentes de nominal_query y corpus de source_snapshot. Coinciden ambos; resultado literal, no ausencia científica ni adjudicación de revisión."
"BN-339","e9018cc06d312373c4bcf85ce5bb9f466e7794730cf77d3c31ee823e01638264","REINSPECCION","2026-09-27T00:42:29Z","/root (autor; no revisión independiente)","C-2479","data/busquedas_negativas/15_9_15-9-multicelularidad-y-repertorio-preanimal.csv","data/tablas/12/table-54-12-10-1-repertorio-funcional-localizado.csv","8","límite","identidad=«GPCR y otras señales»; campo=«límite»; valor=«historia mosaico; no hay matriz completa publicada en C-1582–C-1583»","0","448","1373e4658ea749685d9b9fdea95e800ff3bff56ab3d2012ae3b9d47d45d55bb6","8a33be0a189a42fe8a6c4b14ae5e36aa8df9da89aa312c045c6fd99de3c3f355","b4ada10d8705991b28ef47f19f000478019114dfd5779907acf9007d932b58e2","Comprobación por el autor de sum(all(component in text for component in componentes) for text in textos) con ExactCooccurrenceIndex.count; componentes de nominal_query y corpus de source_snapshot. Coinciden ambos; resultado literal, no ausencia científica ni adjudicación de revisión."
"BN-340","3d4955804ace46340e7ae9712b88a75d99cb13ce5b6d3fa7c60e9ca5818bf8e5","REINSPECCION","2026-09-27T00:42:29Z","/root (autor; no revisión independiente)","C-2480","data/busquedas_negativas/15_9_15-9-multicelularidad-y-repertorio-preanimal.csv","data/tablas/12/table-54-12-10-1-repertorio-funcional-localizado.csv","9","Monosiga","identidad=«Brachyury/T-box»; campo=«Monosiga»; valor=«NO LOCALIZADO»","0","448","1373e4658ea749685d9b9fdea95e800ff3bff56ab3d2012ae3b9d47d45d55bb6","8a33be0a189a42fe8a6c4b14ae5e36aa8df9da89aa312c045c6fd99de3c3f355","b4ada10d8705991b28ef47f19f000478019114dfd5779907acf9007d932b58e2","Comprobación por el autor de sum(all(component in text for component in componentes) for text in textos) con ExactCooccurrenceIndex.count; componentes de nominal_query y corpus de source_snapshot. Coinciden ambos; resultado literal, no ausencia científica ni adjudicación de revisión."
"BN-341","060a4e9d592ebbce6d5f333c785b71d33ce73a31470706c158e05ca98c8137f7","REINSPECCION","2026-09-27T00:42:29Z","/root (autor; no revisión independiente)","C-2481","data/busquedas_negativas/15_9_15-9-multicelularidad-y-repertorio-preanimal.csv","data/tablas/12/table-54-12-10-1-repertorio-funcional-localizado.csv","9","Capsaspora","identidad=«Brachyury/T-box»; campo=«Capsaspora»; valor=«tres T-box; uno inicialmente asociado con Brachyury»","0","448","1373e4658ea749685d9b9fdea95e800ff3bff56ab3d2012ae3b9d47d45d55bb6","8a33be0a189a42fe8a6c4b14ae5e36aa8df9da89aa312c045c6fd99de3c3f355","b4ada10d8705991b28ef47f19f000478019114dfd5779907acf9007d932b58e2","Comprobación por el autor de sum(all(component in text for component in componentes) for text in textos) con ExactCooccurrenceIndex.count; componentes de nominal_query y corpus de source_snapshot. Coinciden ambos; resultado literal, no ausencia científica ni adjudicación de revisión."
"BN-342","fe95fc0ea78bb9e67b549d6cc010ca9480e22caff932a92f3785582f94093ebc","REINSPECCION","2026-09-27T00:42:30Z","/root (autor; no revisión independiente)","C-2482","data/busquedas_negativas/15_9_15-9-multicelularidad-y-repertorio-preanimal.csv","data/tablas/12/table-54-12-10-1-repertorio-funcional-localizado.csv","9","otros choanoflagelados","identidad=«Brachyury/T-box»; campo=«otros choanoflagelados»; valor=«NO LOCALIZADO por linaje»","0","448","1373e4658ea749685d9b9fdea95e800ff3bff56ab3d2012ae3b9d47d45d55bb6","8a33be0a189a42fe8a6c4b14ae5e36aa8df9da89aa312c045c6fd99de3c3f355","b4ada10d8705991b28ef47f19f000478019114dfd5779907acf9007d932b58e2","Comprobación por el autor de sum(all(component in text for component in componentes) for text in textos) con ExactCooccurrenceIndex.count; componentes de nominal_query y corpus de source_snapshot. Coinciden ambos; resultado literal, no ausencia científica ni adjudicación de revisión."
"BN-343","f3db0a6a40160efdd798c68c138d70c7221b468618c0f1b695f3156ff859b90a","REINSPECCION","2026-09-27T00:42:30Z","/root (autor; no revisión independiente)","C-2483","data/busquedas_negativas/15_9_15-9-multicelularidad-y-repertorio-preanimal.csv","data/tablas/12/table-54-12-10-1-repertorio-funcional-localizado.csv","9","otros holozoos unicelulares","identidad=«Brachyury/T-box»; campo=«otros holozoos unicelulares»; valor=«NO LOCALIZADO por linaje»","0","448","1373e4658ea749685d9b9fdea95e800ff3bff56ab3d2012ae3b9d47d45d55bb6","8a33be0a189a42fe8a6c4b14ae5e36aa8df9da89aa312c045c6fd99de3c3f355","b4ada10d8705991b28ef47f19f000478019114dfd5779907acf9007d932b58e2","Comprobación por el autor de sum(all(component in text for component in componentes) for text in textos) con ExactCooccurrenceIndex.count; componentes de nominal_query y corpus de source_snapshot. Coinciden ambos; resultado literal, no ausencia científica ni adjudicación de revisión."
"BN-344","e38a2b6375febfc2af89b712733d525beeca852db18a8e0468738c8bb7f4ad1c","REINSPECCION","2026-09-27T00:42:30Z","/root (autor; no revisión independiente)","C-2484","data/busquedas_negativas/15_9_15-9-multicelularidad-y-repertorio-preanimal.csv","data/tablas/12/table-54-12-10-1-repertorio-funcional-localizado.csv","9","Metazoa","identidad=«Brachyury/T-box»; campo=«Metazoa»; valor=«presente»","0","448","1373e4658ea749685d9b9fdea95e800ff3bff56ab3d2012ae3b9d47d45d55bb6","8a33be0a189a42fe8a6c4b14ae5e36aa8df9da89aa312c045c6fd99de3c3f355","b4ada10d8705991b28ef47f19f000478019114dfd5779907acf9007d932b58e2","Comprobación por el autor de sum(all(component in text for component in componentes) for text in textos) con ExactCooccurrenceIndex.count; componentes de nominal_query y corpus de source_snapshot. Coinciden ambos; resultado literal, no ausencia científica ni adjudicación de revisión."
"BN-345","24585853a38627d5b55b8b543b6cca2d669351657cdf4603e94a246745dc0594","REINSPECCION","2026-09-27T00:42:31Z","/root (autor; no revisión independiente)","C-2485","data/busquedas_negativas/15_9_15-9-multicelularidad-y-repertorio-preanimal.csv","data/tablas/12/table-54-12-10-1-repertorio-funcional-localizado.csv","9","límite","identidad=«Brachyury/T-box»; campo=«límite»; valor=«bootstrap inicial 50 %; uso celular ancestral no observado»","0","448","1373e4658ea749685d9b9fdea95e800ff3bff56ab3d2012ae3b9d47d45d55bb6","8a33be0a189a42fe8a6c4b14ae5e36aa8df9da89aa312c045c6fd99de3c3f355","b4ada10d8705991b28ef47f19f000478019114dfd5779907acf9007d932b58e2","Comprobación por el autor de sum(all(component in text for component in componentes) for text in textos) con ExactCooccurrenceIndex.count; componentes de nominal_query y corpus de source_snapshot. Coinciden ambos; resultado literal, no ausencia científica ni adjudicación de revisión."
"BN-346","6a211bd3aaab633fb94965f11761549165d14324edc9619afdd182cfdcc06f53","REINSPECCION","2026-09-27T00:42:32Z","/root (autor; no revisión independiente)","C-2486","data/busquedas_negativas/15_9_15-9-multicelularidad-y-repertorio-preanimal.csv","data/tablas/12/table-54-12-10-1-repertorio-funcional-localizado.csv","10","Monosiga","identidad=«Runx»; campo=«Monosiga»; valor=«NO LOCALIZADO»","0","448","1373e4658ea749685d9b9fdea95e800ff3bff56ab3d2012ae3b9d47d45d55bb6","8a33be0a189a42fe8a6c4b14ae5e36aa8df9da89aa312c045c6fd99de3c3f355","b4ada10d8705991b28ef47f19f000478019114dfd5779907acf9007d932b58e2","Comprobación por el autor de sum(all(component in text for component in componentes) for text in textos) con ExactCooccurrenceIndex.count; componentes de nominal_query y corpus de source_snapshot. Coinciden ambos; resultado literal, no ausencia científica ni adjudicación de revisión."
"BN-347","2d43b265cbd65cfd4634596a61f9a1af1b6d5728ca849a5fd15b6ccfafd3ea22","REINSPECCION","2026-09-27T00:42:32Z","/root (autor; no revisión independiente)","C-2487","data/busquedas_negativas/15_9_15-9-multicelularidad-y-repertorio-preanimal.csv","data/tablas/12/table-54-12-10-1-repertorio-funcional-localizado.csv","10","otros choanoflagelados","identidad=«Runx»; campo=«otros choanoflagelados»; valor=«NO LOCALIZADO por linaje»","0","448","1373e4658ea749685d9b9fdea95e800ff3bff56ab3d2012ae3b9d47d45d55bb6","8a33be0a189a42fe8a6c4b14ae5e36aa8df9da89aa312c045c6fd99de3c3f355","b4ada10d8705991b28ef47f19f000478019114dfd5779907acf9007d932b58e2","Comprobación por el autor de sum(all(component in text for component in componentes) for text in textos) con ExactCooccurrenceIndex.count; componentes de nominal_query y corpus de source_snapshot. Coinciden ambos; resultado literal, no ausencia científica ni adjudicación de revisión."
"BN-348","11b41d7ee46b9ffe877250a8ecd467da6441968b4ead7e7093e2fdae37855509","REINSPECCION","2026-09-27T00:42:33Z","/root (autor; no revisión independiente)","C-2488","data/busquedas_negativas/15_9_15-9-multicelularidad-y-repertorio-preanimal.csv","data/tablas/12/table-54-12-10-1-repertorio-funcional-localizado.csv","10","otros holozoos unicelulares","identidad=«Runx»; campo=«otros holozoos unicelulares»; valor=«NO LOCALIZADO por linaje»","0","448","1373e4658ea749685d9b9fdea95e800ff3bff56ab3d2012ae3b9d47d45d55bb6","8a33be0a189a42fe8a6c4b14ae5e36aa8df9da89aa312c045c6fd99de3c3f355","b4ada10d8705991b28ef47f19f000478019114dfd5779907acf9007d932b58e2","Comprobación por el autor de sum(all(component in text for component in componentes) for text in textos) con ExactCooccurrenceIndex.count; componentes de nominal_query y corpus de source_snapshot. Coinciden ambos; resultado literal, no ausencia científica ni adjudicación de revisión."
"BN-350","870eef854e55ff1fc949bebe7ae4b8114ca68bd3a8c332c3100dd6ea93fa17dd","REINSPECCION","2026-09-27T00:42:34Z","/root (autor; no revisión independiente)","C-2490","data/busquedas_negativas/15_9_15-9-multicelularidad-y-repertorio-preanimal.csv","data/tablas/12/table-54-12-10-1-repertorio-funcional-localizado.csv","11","Monosiga","identidad=«p53/p63/p73»; campo=«Monosiga»; valor=«NO LOCALIZADO»","0","448","1373e4658ea749685d9b9fdea95e800ff3bff56ab3d2012ae3b9d47d45d55bb6","8a33be0a189a42fe8a6c4b14ae5e36aa8df9da89aa312c045c6fd99de3c3f355","b4ada10d8705991b28ef47f19f000478019114dfd5779907acf9007d932b58e2","Comprobación por el autor de sum(all(component in text for component in componentes) for text in textos) con ExactCooccurrenceIndex.count; componentes de nominal_query y corpus de source_snapshot. Coinciden ambos; resultado literal, no ausencia científica ni adjudicación de revisión."
"BN-351","c8515aa301f5d703917dbf3bc9cdddb978d946c5288e32abcf4e0377ae234ca0","REINSPECCION","2026-09-27T00:42:35Z","/root (autor; no revisión independiente)","C-2491","data/busquedas_negativas/15_9_15-9-multicelularidad-y-repertorio-preanimal.csv","data/tablas/12/table-54-12-10-1-repertorio-funcional-localizado.csv","11","Capsaspora","identidad=«p53/p63/p73»; campo=«Capsaspora»; valor=«NO LOCALIZADO»","0","448","1373e4658ea749685d9b9fdea95e800ff3bff56ab3d2012ae3b9d47d45d55bb6","8a33be0a189a42fe8a6c4b14ae5e36aa8df9da89aa312c045c6fd99de3c3f355","b4ada10d8705991b28ef47f19f000478019114dfd5779907acf9007d932b58e2","Comprobación por el autor de sum(all(component in text for component in componentes) for text in textos) con ExactCooccurrenceIndex.count; componentes de nominal_query y corpus de source_snapshot. Coinciden ambos; resultado literal, no ausencia científica ni adjudicación de revisión."
"BN-352","d497e06479541e4fbaef2d4b6086282188dcab9957daf3ee84a8a6ad34382597","REINSPECCION","2026-09-27T00:42:35Z","/root (autor; no revisión independiente)","C-2492","data/busquedas_negativas/15_9_15-9-multicelularidad-y-repertorio-preanimal.csv","data/tablas/12/table-54-12-10-1-repertorio-funcional-localizado.csv","11","otros choanoflagelados","identidad=«p53/p63/p73»; campo=«otros choanoflagelados»; valor=«NO LOCALIZADO por linaje»","0","448","1373e4658ea749685d9b9fdea95e800ff3bff56ab3d2012ae3b9d47d45d55bb6","8a33be0a189a42fe8a6c4b14ae5e36aa8df9da89aa312c045c6fd99de3c3f355","b4ada10d8705991b28ef47f19f000478019114dfd5779907acf9007d932b58e2","Comprobación por el autor de sum(all(component in text for component in componentes) for text in textos) con ExactCooccurrenceIndex.count; componentes de nominal_query y corpus de source_snapshot. Coinciden ambos; resultado literal, no ausencia científica ni adjudicación de revisión."
"BN-353","b82bac857b47afe4912cfa364cc7ccfe1fcf0f867e5a6dc13c0dd890cc93825d","REINSPECCION","2026-09-27T00:42:36Z","/root (autor; no revisión independiente)","C-2493","data/busquedas_negativas/15_9_15-9-multicelularidad-y-repertorio-preanimal.csv","data/tablas/12/table-54-12-10-1-repertorio-funcional-localizado.csv","11","Metazoa","identidad=«p53/p63/p73»; campo=«Metazoa»; valor=«presente»","0","448","1373e4658ea749685d9b9fdea95e800ff3bff56ab3d2012ae3b9d47d45d55bb6","8a33be0a189a42fe8a6c4b14ae5e36aa8df9da89aa312c045c6fd99de3c3f355","b4ada10d8705991b28ef47f19f000478019114dfd5779907acf9007d932b58e2","Comprobación por el autor de sum(all(component in text for component in componentes) for text in textos) con ExactCooccurrenceIndex.count; componentes de nominal_query y corpus de source_snapshot. Coinciden ambos; resultado literal, no ausencia científica ni adjudicación de revisión."
"BN-354","a0a31e6dd8693ef09789c7c654427282619dbc3486369b382f8f196540989c7d","REINSPECCION","2026-09-27T00:42:37Z","/root (autor; no revisión independiente)","C-2496","data/busquedas_negativas/15_9_15-9-multicelularidad-y-repertorio-preanimal.csv","data/tablas/12/table-54-12-10-1-repertorio-funcional-localizado.csv","12","otros choanoflagelados","identidad=«Myc–Max»; campo=«otros choanoflagelados»; valor=«NO LOCALIZADO por linaje»","0","448","1373e4658ea749685d9b9fdea95e800ff3bff56ab3d2012ae3b9d47d45d55bb6","8a33be0a189a42fe8a6c4b14ae5e36aa8df9da89aa312c045c6fd99de3c3f355","b4ada10d8705991b28ef47f19f000478019114dfd5779907acf9007d932b58e2","Comprobación por el autor de sum(all(component in text for component in componentes) for text in textos) con ExactCooccurrenceIndex.count; componentes de nominal_query y corpus de source_snapshot. Coinciden ambos; resultado literal, no ausencia científica ni adjudicación de revisión."
"BN-355","17063492683715512eb1795eca77fe026e0750656b22a66cb7b8502a02e4a15c","REINSPECCION","2026-09-27T00:42:37Z","/root (autor; no revisión independiente)","C-2497","data/busquedas_negativas/15_9_15-9-multicelularidad-y-repertorio-preanimal.csv","data/tablas/12/table-54-12-10-1-repertorio-funcional-localizado.csv","12","otros holozoos unicelulares","identidad=«Myc–Max»; campo=«otros holozoos unicelulares»; valor=«NO LOCALIZADO por linaje»","0","448","1373e4658ea749685d9b9fdea95e800ff3bff56ab3d2012ae3b9d47d45d55bb6","8a33be0a189a42fe8a6c4b14ae5e36aa8df9da89aa312c045c6fd99de3c3f355","b4ada10d8705991b28ef47f19f000478019114dfd5779907acf9007d932b58e2","Comprobación por el autor de sum(all(component in text for component in componentes) for text in textos) con ExactCooccurrenceIndex.count; componentes de nominal_query y corpus de source_snapshot. Coinciden ambos; resultado literal, no ausencia científica ni adjudicación de revisión."
"BN-356","bcd6c0ee8b35e77527cdb59b0c8f3fb39aaf39eb71054603138b3a3973e80dfb","REINSPECCION","2026-09-27T00:42:38Z","/root (autor; no revisión independiente)","C-2498","data/busquedas_negativas/15_9_15-9-multicelularidad-y-repertorio-preanimal.csv","data/tablas/12/table-54-12-10-1-repertorio-funcional-localizado.csv","12","Metazoa","identidad=«Myc–Max»; campo=«Metazoa»; valor=«presente»","0","448","1373e4658ea749685d9b9fdea95e800ff3bff56ab3d2012ae3b9d47d45d55bb6","8a33be0a189a42fe8a6c4b14ae5e36aa8df9da89aa312c045c6fd99de3c3f355","b4ada10d8705991b28ef47f19f000478019114dfd5779907acf9007d932b58e2","Comprobación por el autor de sum(all(component in text for component in componentes) for text in textos) con ExactCooccurrenceIndex.count; componentes de nominal_query y corpus de source_snapshot. Coinciden ambos; resultado literal, no ausencia científica ni adjudicación de revisión."
"BN-357","5257b2b710a167c40e9a35001854302ff600c8086a27fb01c3c2664060eb0656","REINSPECCION","2026-09-27T00:42:38Z","/root (autor; no revisión independiente)","C-2499","data/busquedas_negativas/15_9_15-9-multicelularidad-y-repertorio-preanimal.csv","data/tablas/12/table-54-12-10-1-repertorio-funcional-localizado.csv","12","límite","identidad=«Myc–Max»; campo=«límite»; valor=«función bioquímica no ensayada nominalmente en cada linaje»","0","448","1373e4658ea749685d9b9fdea95e800ff3bff56ab3d2012ae3b9d47d45d55bb6","8a33be0a189a42fe8a6c4b14ae5e36aa8df9da89aa312c045c6fd99de3c3f355","b4ada10d8705991b28ef47f19f000478019114dfd5779907acf9007d932b58e2","Comprobación por el autor de sum(all(component in text for component in componentes) for text in textos) con ExactCooccurrenceIndex.count; componentes de nominal_query y corpus de source_snapshot. Coinciden ambos; resultado literal, no ausencia científica ni adjudicación de revisión."
"BN-358","1aa45a1b72c2732014092282e3de98b0908ba7e18961a6013d369e8f04741375","REINSPECCION","2026-09-27T00:42:39Z","/root (autor; no revisión independiente)","C-2500","data/busquedas_negativas/15_9_15-9-multicelularidad-y-repertorio-preanimal.csv","data/tablas/12/table-54-12-10-1-repertorio-funcional-localizado.csv","13","Monosiga","identidad=«homeodominios»; campo=«Monosiga»; valor=«NO LOCALIZADO por familia»","0","448","1373e4658ea749685d9b9fdea95e800ff3bff56ab3d2012ae3b9d47d45d55bb6","8a33be0a189a42fe8a6c4b14ae5e36aa8df9da89aa312c045c6fd99de3c3f355","b4ada10d8705991b28ef47f19f000478019114dfd5779907acf9007d932b58e2","Comprobación por el autor de sum(all(component in text for component in componentes) for text in textos) con ExactCooccurrenceIndex.count; componentes de nominal_query y corpus de source_snapshot. Coinciden ambos; resultado literal, no ausencia científica ni adjudicación de revisión."
"BN-359","7f585045898dd23714e33d9336cd769bcd097abf782c8f43227e586f1bff0c90","REINSPECCION","2026-09-27T00:42:39Z","/root (autor; no revisión independiente)","C-2501","data/busquedas_negativas/15_9_15-9-multicelularidad-y-repertorio-preanimal.csv","data/tablas/12/table-54-12-10-1-repertorio-funcional-localizado.csv","13","Capsaspora","identidad=«homeodominios»; campo=«Capsaspora»; valor=«familias localizadas»","0","448","1373e4658ea749685d9b9fdea95e800ff3bff56ab3d2012ae3b9d47d45d55bb6","8a33be0a189a42fe8a6c4b14ae5e36aa8df9da89aa312c045c6fd99de3c3f355","b4ada10d8705991b28ef47f19f000478019114dfd5779907acf9007d932b58e2","Comprobación por el autor de sum(all(component in text for component in componentes) for text in textos) con ExactCooccurrenceIndex.count; componentes de nominal_query y corpus de source_snapshot. Coinciden ambos; resultado literal, no ausencia científica ni adjudicación de revisión."
"BN-360","85897e2e25d07e513912e32be3074f816873141aeff837610ef02f9dff90e204","REINSPECCION","2026-09-27T00:42:40Z","/root (autor; no revisión independiente)","C-2502","data/busquedas_negativas/15_9_15-9-multicelularidad-y-repertorio-preanimal.csv","data/tablas/12/table-54-12-10-1-repertorio-funcional-localizado.csv","13","otros choanoflagelados","identidad=«homeodominios»; campo=«otros choanoflagelados»; valor=«NO LOCALIZADO por linaje»","0","448","1373e4658ea749685d9b9fdea95e800ff3bff56ab3d2012ae3b9d47d45d55bb6","8a33be0a189a42fe8a6c4b14ae5e36aa8df9da89aa312c045c6fd99de3c3f355","b4ada10d8705991b28ef47f19f000478019114dfd5779907acf9007d932b58e2","Comprobación por el autor de sum(all(component in text for component in componentes) for text in textos) con ExactCooccurrenceIndex.count; componentes de nominal_query y corpus de source_snapshot. Coinciden ambos; resultado literal, no ausencia científica ni adjudicación de revisión."
"BN-361","f164cb0872a6387545521ef8e6257d89547b17e7cf37523472af17a948b7268b","REINSPECCION","2026-09-27T00:42:40Z","/root (autor; no revisión independiente)","C-2503","data/busquedas_negativas/15_9_15-9-multicelularidad-y-repertorio-preanimal.csv","data/tablas/12/table-54-12-10-1-repertorio-funcional-localizado.csv","13","Metazoa","identidad=«homeodominios»; campo=«Metazoa»; valor=«presente»","0","448","1373e4658ea749685d9b9fdea95e800ff3bff56ab3d2012ae3b9d47d45d55bb6","8a33be0a189a42fe8a6c4b14ae5e36aa8df9da89aa312c045c6fd99de3c3f355","b4ada10d8705991b28ef47f19f000478019114dfd5779907acf9007d932b58e2","Comprobación por el autor de sum(all(component in text for component in componentes) for text in textos) con ExactCooccurrenceIndex.count; componentes de nominal_query y corpus de source_snapshot. Coinciden ambos; resultado literal, no ausencia científica ni adjudicación de revisión."
"BN-362","a3b084142158846368a238dd5464ccdf1d261b0ef2f6ddeb7e0942dc67408088","REINSPECCION","2026-09-27T00:42:41Z","/root (autor; no revisión independiente)","C-2504","data/busquedas_negativas/15_9_15-9-multicelularidad-y-repertorio-preanimal.csv","data/tablas/12/table-54-12-10-1-repertorio-funcional-localizado.csv","13","criterio de presencia/ausencia","identidad=«homeodominios»; campo=«criterio de presencia/ausencia»; valor=«homología y arquitectura de dominio»","0","448","1373e4658ea749685d9b9fdea95e800ff3bff56ab3d2012ae3b9d47d45d55bb6","8a33be0a189a42fe8a6c4b14ae5e36aa8df9da89aa312c045c6fd99de3c3f355","b4ada10d8705991b28ef47f19f000478019114dfd5779907acf9007d932b58e2","Comprobación por el autor de sum(all(component in text for component in componentes) for text in textos) con ExactCooccurrenceIndex.count; componentes de nominal_query y corpus de source_snapshot. Coinciden ambos; resultado literal, no ausencia científica ni adjudicación de revisión."
"BN-363","c0940dc33df8f2a1d0de4e8c5099eb35115e4dda999fac487fd00f28142f1d52","REINSPECCION","2026-09-27T00:42:41Z","/root (autor; no revisión independiente)","C-2505","data/busquedas_negativas/15_9_15-9-multicelularidad-y-repertorio-preanimal.csv","data/tablas/12/table-54-12-10-1-repertorio-funcional-localizado.csv","13","límite","identidad=«homeodominios»; campo=«límite»; valor=«función espacial no demostrada y distribuciones incompletas»","0","448","1373e4658ea749685d9b9fdea95e800ff3bff56ab3d2012ae3b9d47d45d55bb6","8a33be0a189a42fe8a6c4b14ae5e36aa8df9da89aa312c045c6fd99de3c3f355","b4ada10d8705991b28ef47f19f000478019114dfd5779907acf9007d932b58e2","Comprobación por el autor de sum(all(component in text for component in componentes) for text in textos) con ExactCooccurrenceIndex.count; componentes de nominal_query y corpus de source_snapshot. Coinciden ambos; resultado literal, no ausencia científica ni adjudicación de revisión."
"BN-364","6d3e2f5133065b13fa14cb1c0f181826c6acdcec8854445047a8e1f28387102e","REINSPECCION","2026-09-27T00:42:42Z","/root (autor; no revisión independiente)","C-2506","data/busquedas_negativas/15_8_15-8-nombres-y-nomenclatura.csv","data/tablas/14/table-56a-14-8-1-codigos-por-nodo.csv","2","ICZN","identidad=«Eukaryota»; campo=«ICZN»; valor=«no gobierna la circunscripción filogenética del nodo»","0","448","1373e4658ea749685d9b9fdea95e800ff3bff56ab3d2012ae3b9d47d45d55bb6","8a33be0a189a42fe8a6c4b14ae5e36aa8df9da89aa312c045c6fd99de3c3f355","b4ada10d8705991b28ef47f19f000478019114dfd5779907acf9007d932b58e2","Comprobación por el autor de sum(all(component in text for component in componentes) for text in textos) con ExactCooccurrenceIndex.count; componentes de nominal_query y corpus de source_snapshot. Coinciden ambos; resultado literal, no ausencia científica ni adjudicación de revisión."
"BN-365","3a2ad833924c9b09f4df4c3c666b669d3af6c039d51ade1dda2305c899a3d167","REINSPECCION","2026-09-27T00:42:42Z","/root (autor; no revisión independiente)","C-2507","data/busquedas_negativas/15_8_15-8-nombres-y-nomenclatura.csv","data/tablas/14/table-56a-14-8-1-codigos-por-nodo.csv","2","ICNP","identidad=«Eukaryota»; campo=«ICNP»; valor=«no aplica: código procariótico»","0","448","1373e4658ea749685d9b9fdea95e800ff3bff56ab3d2012ae3b9d47d45d55bb6","8a33be0a189a42fe8a6c4b14ae5e36aa8df9da89aa312c045c6fd99de3c3f355","b4ada10d8705991b28ef47f19f000478019114dfd5779907acf9007d932b58e2","Comprobación por el autor de sum(all(component in text for component in componentes) for text in textos) con ExactCooccurrenceIndex.count; componentes de nominal_query y corpus de source_snapshot. Coinciden ambos; resultado literal, no ausencia científica ni adjudicación de revisión."
"BN-366","244da621bb1b3785c70f66e196d16d94d7e338f6c323498e9864af1a248f475d","REINSPECCION","2026-09-27T00:42:43Z","/root (autor; no revisión independiente)","C-2508","data/busquedas_negativas/15_8_15-8-nombres-y-nomenclatura.csv","data/tablas/14/table-56a-14-8-1-codigos-por-nodo.csv","3","ICZN","identidad=«Amorphea»; campo=«ICZN»; valor=«no gobierna la circunscripción filogenética del nodo»","0","448","1373e4658ea749685d9b9fdea95e800ff3bff56ab3d2012ae3b9d47d45d55bb6","8a33be0a189a42fe8a6c4b14ae5e36aa8df9da89aa312c045c6fd99de3c3f355","b4ada10d8705991b28ef47f19f000478019114dfd5779907acf9007d932b58e2","Comprobación por el autor de sum(all(component in text for component in componentes) for text in textos) con ExactCooccurrenceIndex.count; componentes de nominal_query y corpus de source_snapshot. Coinciden ambos; resultado literal, no ausencia científica ni adjudicación de revisión."
"BN-367","0ce60586899f5e164e085ef7753484428b63e0967edabd7b01b16a4eb160d050","REINSPECCION","2026-09-27T00:42:44Z","/root (autor; no revisión independiente)","C-2509","data/busquedas_negativas/15_8_15-8-nombres-y-nomenclatura.csv","data/tablas/14/table-56a-14-8-1-codigos-por-nodo.csv","3","ICN","identidad=«Amorphea»; campo=«ICN»; valor=«no gobierna la circunscripción filogenética del nodo»","0","448","1373e4658ea749685d9b9fdea95e800ff3bff56ab3d2012ae3b9d47d45d55bb6","8a33be0a189a42fe8a6c4b14ae5e36aa8df9da89aa312c045c6fd99de3c3f355","b4ada10d8705991b28ef47f19f000478019114dfd5779907acf9007d932b58e2","Comprobación por el autor de sum(all(component in text for component in componentes) for text in textos) con ExactCooccurrenceIndex.count; componentes de nominal_query y corpus de source_snapshot. Coinciden ambos; resultado literal, no ausencia científica ni adjudicación de revisión."
"BN-368","b01a77dff0d3ba30beb58f1916c40dba588aeac93df99bc858b3db0fe2f55682","REINSPECCION","2026-09-27T00:42:45Z","/root (autor; no revisión independiente)","C-2510","data/busquedas_negativas/15_8_15-8-nombres-y-nomenclatura.csv","data/tablas/14/table-56a-14-8-1-codigos-por-nodo.csv","3","ICNP","identidad=«Amorphea»; campo=«ICNP»; valor=«no aplica»","0","448","1373e4658ea749685d9b9fdea95e800ff3bff56ab3d2012ae3b9d47d45d55bb6","8a33be0a189a42fe8a6c4b14ae5e36aa8df9da89aa312c045c6fd99de3c3f355","b4ada10d8705991b28ef47f19f000478019114dfd5779907acf9007d932b58e2","Comprobación por el autor de sum(all(component in text for component in componentes) for text in textos) con ExactCooccurrenceIndex.count; componentes de nominal_query y corpus de source_snapshot. Coinciden ambos; resultado literal, no ausencia científica ni adjudicación de revisión."
"BN-369","bf9e9cb9b987eeeac95cdee987d2be1ea0e01746ef45f611737eaeb5de816606","REINSPECCION","2026-09-27T00:42:46Z","/root (autor; no revisión independiente)","C-2511","data/busquedas_negativas/15_8_15-8-nombres-y-nomenclatura.csv","data/tablas/14/table-56a-14-8-1-codigos-por-nodo.csv","4","ICZN","identidad=«Amoebozoa»; campo=«ICZN»; valor=«puede regir nombres zoológicos de rango incluidos, no la circunscripción del clado»","0","448","1373e4658ea749685d9b9fdea95e800ff3bff56ab3d2012ae3b9d47d45d55bb6","8a33be0a189a42fe8a6c4b14ae5e36aa8df9da89aa312c045c6fd99de3c3f355","b4ada10d8705991b28ef47f19f000478019114dfd5779907acf9007d932b58e2","Comprobación por el autor de sum(all(component in text for component in componentes) for text in textos) con ExactCooccurrenceIndex.count; componentes de nominal_query y corpus de source_snapshot. Coinciden ambos; resultado literal, no ausencia científica ni adjudicación de revisión."
"BN-370","685303af214b8c2efada1017eee85fe55d8f7dd6453945e056b8d190820ab14a","REINSPECCION","2026-09-27T00:42:46Z","/root (autor; no revisión independiente)","C-2512","data/busquedas_negativas/15_8_15-8-nombres-y-nomenclatura.csv","data/tablas/14/table-56a-14-8-1-codigos-por-nodo.csv","4","ICN","identidad=«Amoebozoa»; campo=«ICN»; valor=«puede concurrir según historia del nombre, no fija el clado»","0","448","1373e4658ea749685d9b9fdea95e800ff3bff56ab3d2012ae3b9d47d45d55bb6","8a33be0a189a42fe8a6c4b14ae5e36aa8df9da89aa312c045c6fd99de3c3f355","b4ada10d8705991b28ef47f19f000478019114dfd5779907acf9007d932b58e2","Comprobación por el autor de sum(all(component in text for component in componentes) for text in textos) con ExactCooccurrenceIndex.count; componentes de nominal_query y corpus de source_snapshot. Coinciden ambos; resultado literal, no ausencia científica ni adjudicación de revisión."
"BN-371","f937b1b5760b6de1200524c1a7236b744fa6588d4a5d8e35deccbc0145a0e430","REINSPECCION","2026-09-27T00:42:47Z","/root (autor; no revisión independiente)","C-2513","data/busquedas_negativas/15_8_15-8-nombres-y-nomenclatura.csv","data/tablas/14/table-56a-14-8-1-codigos-por-nodo.csv","4","ICNP","identidad=«Amoebozoa»; campo=«ICNP»; valor=«no aplica»","0","448","1373e4658ea749685d9b9fdea95e800ff3bff56ab3d2012ae3b9d47d45d55bb6","8a33be0a189a42fe8a6c4b14ae5e36aa8df9da89aa312c045c6fd99de3c3f355","b4ada10d8705991b28ef47f19f000478019114dfd5779907acf9007d932b58e2","Comprobación por el autor de sum(all(component in text for component in componentes) for text in textos) con ExactCooccurrenceIndex.count; componentes de nominal_query y corpus de source_snapshot. Coinciden ambos; resultado literal, no ausencia científica ni adjudicación de revisión."
"BN-372","4251af777957eba9d256c0a5169eda60ff01268883bbf99cd61840ee56bdbd44","REINSPECCION","2026-09-27T00:42:47Z","/root (autor; no revisión independiente)","C-2515","data/busquedas_negativas/15_8_15-8-nombres-y-nomenclatura.csv","data/tablas/14/table-56a-14-8-1-codigos-por-nodo.csv","4","definición filogenética publicada o uso","identidad=«Amoebozoa»; campo=«definición filogenética publicada o uso»; valor=«uso de circunscripción del corpus; definición PhyloCode NO LOCALIZADA EN ESTA SESIÓN»","0","448","1373e4658ea749685d9b9fdea95e800ff3bff56ab3d2012ae3b9d47d45d55bb6","8a33be0a189a42fe8a6c4b14ae5e36aa8df9da89aa312c045c6fd99de3c3f355","b4ada10d8705991b28ef47f19f000478019114dfd5779907acf9007d932b58e2","Comprobación por el autor de sum(all(component in text for component in componentes) for text in textos) con ExactCooccurrenceIndex.count; componentes de nominal_query y corpus de source_snapshot. Coinciden ambos; resultado literal, no ausencia científica ni adjudicación de revisión."
"BN-373","2d8130462d4d3ab9427f311e7665252e130e702692730bb63d8366023aa9580b","REINSPECCION","2026-09-27T00:42:49Z","/root (autor; no revisión independiente)","C-2516","data/busquedas_negativas/15_8_15-8-nombres-y-nomenclatura.csv","data/tablas/14/table-56a-14-8-1-codigos-por-nodo.csv","5","ICZN","identidad=«Obazoa»; campo=«ICZN»; valor=«no gobierna la circunscripción filogenética del nodo»","0","448","1373e4658ea749685d9b9fdea95e800ff3bff56ab3d2012ae3b9d47d45d55bb6","8a33be0a189a42fe8a6c4b14ae5e36aa8df9da89aa312c045c6fd99de3c3f355","b4ada10d8705991b28ef47f19f000478019114dfd5779907acf9007d932b58e2","Comprobación por el autor de sum(all(component in text for component in componentes) for text in textos) con ExactCooccurrenceIndex.count; componentes de nominal_query y corpus de source_snapshot. Coinciden ambos; resultado literal, no ausencia científica ni adjudicación de revisión."
"BN-374","7933ba81f556217f7112d7eb7acce963814e607508d76f33e57069d3e3afa428","REINSPECCION","2026-09-27T00:42:50Z","/root (autor; no revisión independiente)","C-2517","data/busquedas_negativas/15_8_15-8-nombres-y-nomenclatura.csv","data/tablas/14/table-56a-14-8-1-codigos-por-nodo.csv","5","ICN","identidad=«Obazoa»; campo=«ICN»; valor=«no gobierna la circunscripción filogenética del nodo»","0","448","1373e4658ea749685d9b9fdea95e800ff3bff56ab3d2012ae3b9d47d45d55bb6","8a33be0a189a42fe8a6c4b14ae5e36aa8df9da89aa312c045c6fd99de3c3f355","b4ada10d8705991b28ef47f19f000478019114dfd5779907acf9007d932b58e2","Comprobación por el autor de sum(all(component in text for component in componentes) for text in textos) con ExactCooccurrenceIndex.count; componentes de nominal_query y corpus de source_snapshot. Coinciden ambos; resultado literal, no ausencia científica ni adjudicación de revisión."
"BN-375","bd364d470fea59f0b2ffd5dc13fcdd52a34642f1c656e2967a2da5609c3a32bb","REINSPECCION","2026-09-27T00:42:51Z","/root (autor; no revisión independiente)","C-2518","data/busquedas_negativas/15_8_15-8-nombres-y-nomenclatura.csv","data/tablas/14/table-56a-14-8-1-codigos-por-nodo.csv","5","ICNP","identidad=«Obazoa»; campo=«ICNP»; valor=«no aplica»","0","448","1373e4658ea749685d9b9fdea95e800ff3bff56ab3d2012ae3b9d47d45d55bb6","8a33be0a189a42fe8a6c4b14ae5e36aa8df9da89aa312c045c6fd99de3c3f355","b4ada10d8705991b28ef47f19f000478019114dfd5779907acf9007d932b58e2","Comprobación por el autor de sum(all(component in text for component in componentes) for text in textos) con ExactCooccurrenceIndex.count; componentes de nominal_query y corpus de source_snapshot. Coinciden ambos; resultado literal, no ausencia científica ni adjudicación de revisión."
"BN-376","683fd73f553ba485e28338dbf9a81d2c54d369997909ad3ebd93761b6591a95e","REINSPECCION","2026-09-27T00:42:52Z","/root (autor; no revisión independiente)","C-2520","data/busquedas_negativas/15_8_15-8-nombres-y-nomenclatura.csv","data/tablas/14/table-56a-14-8-1-codigos-por-nodo.csv","5","definición filogenética publicada o uso","identidad=«Obazoa»; campo=«definición filogenética publicada o uso»; valor=«uso convencional/circunscripción filogenómica; no entrada formal localizada»","0","448","1373e4658ea749685d9b9fdea95e800ff3bff56ab3d2012ae3b9d47d45d55bb6","8a33be0a189a42fe8a6c4b14ae5e36aa8df9da89aa312c045c6fd99de3c3f355","b4ada10d8705991b28ef47f19f000478019114dfd5779907acf9007d932b58e2","Comprobación por el autor de sum(all(component in text for component in componentes) for text in textos) con ExactCooccurrenceIndex.count; componentes de nominal_query y corpus de source_snapshot. Coinciden ambos; resultado literal, no ausencia científica ni adjudicación de revisión."
"BN-377","723e2ff37193e5df3f5d1bf5f838749e375924aa3b2e3a5e811f05be1f248afb","REINSPECCION","2026-09-27T00:42:53Z","/root (autor; no revisión independiente)","C-2521","data/busquedas_negativas/15_8_15-8-nombres-y-nomenclatura.csv","data/tablas/14/table-56a-14-8-1-codigos-por-nodo.csv","6","ICNP","identidad=«Apusomonadida»; campo=«ICNP»; valor=«no aplica»","0","448","1373e4658ea749685d9b9fdea95e800ff3bff56ab3d2012ae3b9d47d45d55bb6","8a33be0a189a42fe8a6c4b14ae5e36aa8df9da89aa312c045c6fd99de3c3f355","b4ada10d8705991b28ef47f19f000478019114dfd5779907acf9007d932b58e2","Comprobación por el autor de sum(all(component in text for component in componentes) for text in textos) con ExactCooccurrenceIndex.count; componentes de nominal_query y corpus de source_snapshot. Coinciden ambos; resultado literal, no ausencia científica ni adjudicación de revisión."
"BN-378","a0015defa6cfe6d55c76f650987fe12bf83a63d632fdcad41bd0b8e2810df493","REINSPECCION","2026-09-27T00:42:53Z","/root (autor; no revisión independiente)","C-2523","data/busquedas_negativas/15_8_15-8-nombres-y-nomenclatura.csv","data/tablas/14/table-56a-14-8-1-codigos-por-nodo.csv","6","definición filogenética publicada o uso","identidad=«Apusomonadida»; campo=«definición filogenética publicada o uso»; valor=«uso convencional; definición PhyloCode NO LOCALIZADA EN ESTA SESIÓN»","0","448","1373e4658ea749685d9b9fdea95e800ff3bff56ab3d2012ae3b9d47d45d55bb6","8a33be0a189a42fe8a6c4b14ae5e36aa8df9da89aa312c045c6fd99de3c3f355","b4ada10d8705991b28ef47f19f000478019114dfd5779907acf9007d932b58e2","Comprobación por el autor de sum(all(component in text for component in componentes) for text in textos) con ExactCooccurrenceIndex.count; componentes de nominal_query y corpus de source_snapshot. Coinciden ambos; resultado literal, no ausencia científica ni adjudicación de revisión."
"BN-379","2e0764e6973e92a84950fc81900269e1a63dce696ad2ef81b9e0089ab51f2ed7","REINSPECCION","2026-09-27T00:42:55Z","/root (autor; no revisión independiente)","C-2524","data/busquedas_negativas/15_8_15-8-nombres-y-nomenclatura.csv","data/tablas/14/table-56a-14-8-1-codigos-por-nodo.csv","7","ICNP","identidad=«Breviatea»; campo=«ICNP»; valor=«no aplica»","0","448","1373e4658ea749685d9b9fdea95e800ff3bff56ab3d2012ae3b9d47d45d55bb6","8a33be0a189a42fe8a6c4b14ae5e36aa8df9da89aa312c045c6fd99de3c3f355","b4ada10d8705991b28ef47f19f000478019114dfd5779907acf9007d932b58e2","Comprobación por el autor de sum(all(component in text for component in componentes) for text in textos) con ExactCooccurrenceIndex.count; componentes de nominal_query y corpus de source_snapshot. Coinciden ambos; resultado literal, no ausencia científica ni adjudicación de revisión."
"BN-380","e6430453aaa714b148e39b4d6ada8f3a0983078f29ecbb8f2f466b8c294e14e0","REINSPECCION","2026-09-27T00:42:56Z","/root (autor; no revisión independiente)","C-2526","data/busquedas_negativas/15_8_15-8-nombres-y-nomenclatura.csv","data/tablas/14/table-56a-14-8-1-codigos-por-nodo.csv","7","definición filogenética publicada o uso","identidad=«Breviatea»; campo=«definición filogenética publicada o uso»; valor=«uso convencional; definición PhyloCode NO LOCALIZADA EN ESTA SESIÓN»","0","448","1373e4658ea749685d9b9fdea95e800ff3bff56ab3d2012ae3b9d47d45d55bb6","8a33be0a189a42fe8a6c4b14ae5e36aa8df9da89aa312c045c6fd99de3c3f355","b4ada10d8705991b28ef47f19f000478019114dfd5779907acf9007d932b58e2","Comprobación por el autor de sum(all(component in text for component in componentes) for text in textos) con ExactCooccurrenceIndex.count; componentes de nominal_query y corpus de source_snapshot. Coinciden ambos; resultado literal, no ausencia científica ni adjudicación de revisión."
"BN-381","284c2221f6fed00d0e3ac230d2a682f306afedd2125a314f57046cd454a40d39","REINSPECCION","2026-09-27T00:42:57Z","/root (autor; no revisión independiente)","C-2527","data/busquedas_negativas/15_8_15-8-nombres-y-nomenclatura.csv","data/tablas/14/table-56a-14-8-1-codigos-por-nodo.csv","8","ICZN","identidad=«Opisthokonta»; campo=«ICZN»; valor=«no gobierna la circunscripción filogenética del nodo»","0","448","1373e4658ea749685d9b9fdea95e800ff3bff56ab3d2012ae3b9d47d45d55bb6","8a33be0a189a42fe8a6c4b14ae5e36aa8df9da89aa312c045c6fd99de3c3f355","b4ada10d8705991b28ef47f19f000478019114dfd5779907acf9007d932b58e2","Comprobación por el autor de sum(all(component in text for component in componentes) for text in textos) con ExactCooccurrenceIndex.count; componentes de nominal_query y corpus de source_snapshot. Coinciden ambos; resultado literal, no ausencia científica ni adjudicación de revisión."
"BN-382","241e27bb85751b9e1e2887b4c74ddc8301c5724cd1c3d77de704e1ebc6f64e09","REINSPECCION","2026-09-27T00:42:57Z","/root (autor; no revisión independiente)","C-2528","data/busquedas_negativas/15_8_15-8-nombres-y-nomenclatura.csv","data/tablas/14/table-56a-14-8-1-codigos-por-nodo.csv","8","ICN","identidad=«Opisthokonta»; campo=«ICN»; valor=«ICN e ICZN pueden regir nombres incluidos, no fijan el clado»","0","448","1373e4658ea749685d9b9fdea95e800ff3bff56ab3d2012ae3b9d47d45d55bb6","8a33be0a189a42fe8a6c4b14ae5e36aa8df9da89aa312c045c6fd99de3c3f355","b4ada10d8705991b28ef47f19f000478019114dfd5779907acf9007d932b58e2","Comprobación por el autor de sum(all(component in text for component in componentes) for text in textos) con ExactCooccurrenceIndex.count; componentes de nominal_query y corpus de source_snapshot. Coinciden ambos; resultado literal, no ausencia científica ni adjudicación de revisión."
"BN-383","6c4348913456ae5d260e276bb309548b4b6be5550cb6e2d62f3328c2dfcc6596","REINSPECCION","2026-09-27T00:42:58Z","/root (autor; no revisión independiente)","C-2529","data/busquedas_negativas/15_8_15-8-nombres-y-nomenclatura.csv","data/tablas/14/table-56a-14-8-1-codigos-por-nodo.csv","8","ICNP","identidad=«Opisthokonta»; campo=«ICNP»; valor=«no aplica»","0","448","1373e4658ea749685d9b9fdea95e800ff3bff56ab3d2012ae3b9d47d45d55bb6","8a33be0a189a42fe8a6c4b14ae5e36aa8df9da89aa312c045c6fd99de3c3f355","b4ada10d8705991b28ef47f19f000478019114dfd5779907acf9007d932b58e2","Comprobación por el autor de sum(all(component in text for component in componentes) for text in textos) con ExactCooccurrenceIndex.count; componentes de nominal_query y corpus de source_snapshot. Coinciden ambos; resultado literal, no ausencia científica ni adjudicación de revisión."
"BN-384","d7ff64e3cf1fa73dbadeab8315d02c4fbcbf636f207b8143c44ef46c6a9c36c9","REINSPECCION","2026-09-27T00:43:00Z","/root (autor; no revisión independiente)","C-2530","data/busquedas_negativas/15_8_15-8-nombres-y-nomenclatura.csv","data/tablas/14/table-56a-14-8-1-codigos-por-nodo.csv","9","ICZN","identidad=«Holomycota»; campo=«ICZN»; valor=«no gobierna la circunscripción filogenética del nodo»","0","448","1373e4658ea749685d9b9fdea95e800ff3bff56ab3d2012ae3b9d47d45d55bb6","8a33be0a189a42fe8a6c4b14ae5e36aa8df9da89aa312c045c6fd99de3c3f355","b4ada10d8705991b28ef47f19f000478019114dfd5779907acf9007d932b58e2","Comprobación por el autor de sum(all(component in text for component in componentes) for text in textos) con ExactCooccurrenceIndex.count; componentes de nominal_query y corpus de source_snapshot. Coinciden ambos; resultado literal, no ausencia científica ni adjudicación de revisión."
"BN-385","182f9442434f2d831f77f6f902f77d7bcdf77492eb363d34ebf09c7a4319262f","REINSPECCION","2026-09-27T00:43:00Z","/root (autor; no revisión independiente)","C-2531","data/busquedas_negativas/15_8_15-8-nombres-y-nomenclatura.csv","data/tablas/14/table-56a-14-8-1-codigos-por-nodo.csv","9","ICNP","identidad=«Holomycota»; campo=«ICNP»; valor=«no aplica»","0","448","1373e4658ea749685d9b9fdea95e800ff3bff56ab3d2012ae3b9d47d45d55bb6","8a33be0a189a42fe8a6c4b14ae5e36aa8df9da89aa312c045c6fd99de3c3f355","b4ada10d8705991b28ef47f19f000478019114dfd5779907acf9007d932b58e2","Comprobación por el autor de sum(all(component in text for component in componentes) for text in textos) con ExactCooccurrenceIndex.count; componentes de nominal_query y corpus de source_snapshot. Coinciden ambos; resultado literal, no ausencia científica ni adjudicación de revisión."
"BN-386","d875c8b0899f9f4a98ca3afc1154862cd4aed38a9a0f438aef34a43e0536d880","REINSPECCION","2026-09-27T00:43:01Z","/root (autor; no revisión independiente)","C-2533","data/busquedas_negativas/15_8_15-8-nombres-y-nomenclatura.csv","data/tablas/14/table-56a-14-8-1-codigos-por-nodo.csv","9","definición filogenética publicada o uso","identidad=«Holomycota»; campo=«definición filogenética publicada o uso»; valor=«uso convencional; definición PhyloCode NO LOCALIZADA EN ESTA SESIÓN»","0","448","1373e4658ea749685d9b9fdea95e800ff3bff56ab3d2012ae3b9d47d45d55bb6","8a33be0a189a42fe8a6c4b14ae5e36aa8df9da89aa312c045c6fd99de3c3f355","b4ada10d8705991b28ef47f19f000478019114dfd5779907acf9007d932b58e2","Comprobación por el autor de sum(all(component in text for component in componentes) for text in textos) con ExactCooccurrenceIndex.count; componentes de nominal_query y corpus de source_snapshot. Coinciden ambos; resultado literal, no ausencia científica ni adjudicación de revisión."
"BN-387","cb2b6ecbcc1d8f082254706640af3c2b81d98b0bf345567e7dc8ee407b34bcc6","REINSPECCION","2026-09-27T00:43:03Z","/root (autor; no revisión independiente)","C-2534","data/busquedas_negativas/15_8_15-8-nombres-y-nomenclatura.csv","data/tablas/14/table-56a-14-8-1-codigos-por-nodo.csv","10","ICZN","identidad=«Holozoa»; campo=«ICZN»; valor=«ICZN puede regir nombres zoológicos incluidos, no fija el clado»","0","448","1373e4658ea749685d9b9fdea95e800ff3bff56ab3d2012ae3b9d47d45d55bb6","8a33be0a189a42fe8a6c4b14ae5e36aa8df9da89aa312c045c6fd99de3c3f355","b4ada10d8705991b28ef47f19f000478019114dfd5779907acf9007d932b58e2","Comprobación por el autor de sum(all(component in text for component in componentes) for text in textos) con ExactCooccurrenceIndex.count; componentes de nominal_query y corpus de source_snapshot. Coinciden ambos; resultado literal, no ausencia científica ni adjudicación de revisión."
"BN-388","e740c4b3bd4b8afbfc8af11c70dcb300527dc1729b95e653cc30b38c2a4e9442","REINSPECCION","2026-09-27T00:43:04Z","/root (autor; no revisión independiente)","C-2535","data/busquedas_negativas/15_8_15-8-nombres-y-nomenclatura.csv","data/tablas/14/table-56a-14-8-1-codigos-por-nodo.csv","10","ICNP","identidad=«Holozoa»; campo=«ICNP»; valor=«no aplica»","0","448","1373e4658ea749685d9b9fdea95e800ff3bff56ab3d2012ae3b9d47d45d55bb6","8a33be0a189a42fe8a6c4b14ae5e36aa8df9da89aa312c045c6fd99de3c3f355","b4ada10d8705991b28ef47f19f000478019114dfd5779907acf9007d932b58e2","Comprobación por el autor de sum(all(component in text for component in componentes) for text in textos) con ExactCooccurrenceIndex.count; componentes de nominal_query y corpus de source_snapshot. Coinciden ambos; resultado literal, no ausencia científica ni adjudicación de revisión."
"BN-389","10944349b56d56b508f7faa5833392b2677a5e18a47d61ffde1c7fb39f1d6844","REINSPECCION","2026-09-27T00:43:05Z","/root (autor; no revisión independiente)","C-2537","data/busquedas_negativas/15_8_15-8-nombres-y-nomenclatura.csv","data/tablas/14/table-56a-14-8-1-codigos-por-nodo.csv","10","definición filogenética publicada o uso","identidad=«Holozoa»; campo=«definición filogenética publicada o uso»; valor=«uso convencional/filogenómico; no entrada formal localizada»","0","448","1373e4658ea749685d9b9fdea95e800ff3bff56ab3d2012ae3b9d47d45d55bb6","8a33be0a189a42fe8a6c4b14ae5e36aa8df9da89aa312c045c6fd99de3c3f355","b4ada10d8705991b28ef47f19f000478019114dfd5779907acf9007d932b58e2","Comprobación por el autor de sum(all(component in text for component in componentes) for text in textos) con ExactCooccurrenceIndex.count; componentes de nominal_query y corpus de source_snapshot. Coinciden ambos; resultado literal, no ausencia científica ni adjudicación de revisión."
"BN-390","ed7da9bef0240726e46ffc237ceabb4b9c394f7c53a084ba894c949e4f157290","REINSPECCION","2026-09-27T00:43:06Z","/root (autor; no revisión independiente)","C-2538","data/busquedas_negativas/15_8_15-8-nombres-y-nomenclatura.csv","data/tablas/14/table-56a-14-8-1-codigos-por-nodo.csv","11","ICNP","identidad=«Ichthyosporea»; campo=«ICNP»; valor=«no aplica»","0","448","1373e4658ea749685d9b9fdea95e800ff3bff56ab3d2012ae3b9d47d45d55bb6","8a33be0a189a42fe8a6c4b14ae5e36aa8df9da89aa312c045c6fd99de3c3f355","b4ada10d8705991b28ef47f19f000478019114dfd5779907acf9007d932b58e2","Comprobación por el autor de sum(all(component in text for component in componentes) for text in textos) con ExactCooccurrenceIndex.count; componentes de nominal_query y corpus de source_snapshot. Coinciden ambos; resultado literal, no ausencia científica ni adjudicación de revisión."
"BN-391","562575ba06ebd32eae6148c7abe99ccd52759d6623df7ce213151da0fc104a7a","REINSPECCION","2026-09-27T00:43:07Z","/root (autor; no revisión independiente)","C-2540","data/busquedas_negativas/15_8_15-8-nombres-y-nomenclatura.csv","data/tablas/14/table-56a-14-8-1-codigos-por-nodo.csv","11","definición filogenética publicada o uso","identidad=«Ichthyosporea»; campo=«definición filogenética publicada o uso»; valor=«uso convencional; definición PhyloCode NO LOCALIZADA EN ESTA SESIÓN»","0","448","1373e4658ea749685d9b9fdea95e800ff3bff56ab3d2012ae3b9d47d45d55bb6","8a33be0a189a42fe8a6c4b14ae5e36aa8df9da89aa312c045c6fd99de3c3f355","b4ada10d8705991b28ef47f19f000478019114dfd5779907acf9007d932b58e2","Comprobación por el autor de sum(all(component in text for component in componentes) for text in textos) con ExactCooccurrenceIndex.count; componentes de nominal_query y corpus de source_snapshot. Coinciden ambos; resultado literal, no ausencia científica ni adjudicación de revisión."
"BN-392","0c19375dea8a42ddf4d82292f99c12ebadce38ea0c47f8fbde06b4ddc35e674a","REINSPECCION","2026-09-27T00:43:07Z","/root (autor; no revisión independiente)","C-2541","data/busquedas_negativas/15_8_15-8-nombres-y-nomenclatura.csv","data/tablas/14/table-56a-14-8-1-codigos-por-nodo.csv","12","ICZN","identidad=«Pluriformea»; campo=«ICZN»; valor=«régimen de nombres de rango depende del nombre concreto»","0","448","1373e4658ea749685d9b9fdea95e800ff3bff56ab3d2012ae3b9d47d45d55bb6","8a33be0a189a42fe8a6c4b14ae5e36aa8df9da89aa312c045c6fd99de3c3f355","b4ada10d8705991b28ef47f19f000478019114dfd5779907acf9007d932b58e2","Comprobación por el autor de sum(all(component in text for component in componentes) for text in textos) con ExactCooccurrenceIndex.count; componentes de nominal_query y corpus de source_snapshot. Coinciden ambos; resultado literal, no ausencia científica ni adjudicación de revisión."
"BN-393","2110918621dc2f16743406a3a13b49af2c5e75802b4a1fd90526dcb9165afa72","REINSPECCION","2026-09-27T00:43:08Z","/root (autor; no revisión independiente)","C-2542","data/busquedas_negativas/15_8_15-8-nombres-y-nomenclatura.csv","data/tablas/14/table-56a-14-8-1-codigos-por-nodo.csv","12","ICN","identidad=«Pluriformea»; campo=«ICN»; valor=«régimen de nombres de rango depende del nombre concreto»","0","448","1373e4658ea749685d9b9fdea95e800ff3bff56ab3d2012ae3b9d47d45d55bb6","8a33be0a189a42fe8a6c4b14ae5e36aa8df9da89aa312c045c6fd99de3c3f355","b4ada10d8705991b28ef47f19f000478019114dfd5779907acf9007d932b58e2","Comprobación por el autor de sum(all(component in text for component in componentes) for text in textos) con ExactCooccurrenceIndex.count; componentes de nominal_query y corpus de source_snapshot. Coinciden ambos; resultado literal, no ausencia científica ni adjudicación de revisión."
"BN-394","8ef47401390b5e84f2bc3396d69f5b175f3529ebe80956a62ac315a4ab9fcfe8","REINSPECCION","2026-09-27T00:43:08Z","/root (autor; no revisión independiente)","C-2543","data/busquedas_negativas/15_8_15-8-nombres-y-nomenclatura.csv","data/tablas/14/table-56a-14-8-1-codigos-por-nodo.csv","12","ICNP","identidad=«Pluriformea»; campo=«ICNP»; valor=«no aplica»","0","448","1373e4658ea749685d9b9fdea95e800ff3bff56ab3d2012ae3b9d47d45d55bb6","8a33be0a189a42fe8a6c4b14ae5e36aa8df9da89aa312c045c6fd99de3c3f355","b4ada10d8705991b28ef47f19f000478019114dfd5779907acf9007d932b58e2","Comprobación por el autor de sum(all(component in text for component in componentes) for text in textos) con ExactCooccurrenceIndex.count; componentes de nominal_query y corpus de source_snapshot. Coinciden ambos; resultado literal, no ausencia científica ni adjudicación de revisión."
"BN-395","fed2f60a973f6f53d72fc71d71391c61c97be31f4a1d7fd00fd7bb278ed396af","REINSPECCION","2026-09-27T00:43:09Z","/root (autor; no revisión independiente)","C-2545","data/busquedas_negativas/15_8_15-8-nombres-y-nomenclatura.csv","data/tablas/14/table-56a-14-8-1-codigos-por-nodo.csv","12","definición filogenética publicada o uso","identidad=«Pluriformea»; campo=«definición filogenética publicada o uso»; valor=«uso de Hehenberger et al.; no entrada formal localizada»","0","448","1373e4658ea749685d9b9fdea95e800ff3bff56ab3d2012ae3b9d47d45d55bb6","8a33be0a189a42fe8a6c4b14ae5e36aa8df9da89aa312c045c6fd99de3c3f355","b4ada10d8705991b28ef47f19f000478019114dfd5779907acf9007d932b58e2","Comprobación por el autor de sum(all(component in text for component in componentes) for text in textos) con ExactCooccurrenceIndex.count; componentes de nominal_query y corpus de source_snapshot. Coinciden ambos; resultado literal, no ausencia científica ni adjudicación de revisión."
"BN-396","8cff1d6985b1fe816021c47c26740ffd1539247602e2be909ab24d1af237e74e","REINSPECCION","2026-09-27T00:43:09Z","/root (autor; no revisión independiente)","C-2546","data/busquedas_negativas/15_8_15-8-nombres-y-nomenclatura.csv","data/tablas/14/table-56a-14-8-1-codigos-por-nodo.csv","13","ICZN","identidad=«Corallochytrea»; campo=«ICZN»; valor=«régimen de nombres de rango depende del nombre concreto»","0","448","1373e4658ea749685d9b9fdea95e800ff3bff56ab3d2012ae3b9d47d45d55bb6","8a33be0a189a42fe8a6c4b14ae5e36aa8df9da89aa312c045c6fd99de3c3f355","b4ada10d8705991b28ef47f19f000478019114dfd5779907acf9007d932b58e2","Comprobación por el autor de sum(all(component in text for component in componentes) for text in textos) con ExactCooccurrenceIndex.count; componentes de nominal_query y corpus de source_snapshot. Coinciden ambos; resultado literal, no ausencia científica ni adjudicación de revisión."
"BN-397","508860cf474d86ed4f9d71b205a49a4e2d89965bdae8f8952dafce457fb421b3","REINSPECCION","2026-09-27T00:43:10Z","/root (autor; no revisión independiente)","C-2547","data/busquedas_negativas/15_8_15-8-nombres-y-nomenclatura.csv","data/tablas/14/table-56a-14-8-1-codigos-por-nodo.csv","13","ICN","identidad=«Corallochytrea»; campo=«ICN»; valor=«régimen de nombres de rango depende del nombre concreto»","0","448","1373e4658ea749685d9b9fdea95e800ff3bff56ab3d2012ae3b9d47d45d55bb6","8a33be0a189a42fe8a6c4b14ae5e36aa8df9da89aa312c045c6fd99de3c3f355","b4ada10d8705991b28ef47f19f000478019114dfd5779907acf9007d932b58e2","Comprobación por el autor de sum(all(component in text for component in componentes) for text in textos) con ExactCooccurrenceIndex.count; componentes de nominal_query y corpus de source_snapshot. Coinciden ambos; resultado literal, no ausencia científica ni adjudicación de revisión."
"BN-398","fbf27394058ac562b72d11276eb886fbe3b0dcdce3ffd8a9869bebdbb411a99d","REINSPECCION","2026-09-27T00:43:10Z","/root (autor; no revisión independiente)","C-2548","data/busquedas_negativas/15_8_15-8-nombres-y-nomenclatura.csv","data/tablas/14/table-56a-14-8-1-codigos-por-nodo.csv","13","ICNP","identidad=«Corallochytrea»; campo=«ICNP»; valor=«no aplica»","0","448","1373e4658ea749685d9b9fdea95e800ff3bff56ab3d2012ae3b9d47d45d55bb6","8a33be0a189a42fe8a6c4b14ae5e36aa8df9da89aa312c045c6fd99de3c3f355","b4ada10d8705991b28ef47f19f000478019114dfd5779907acf9007d932b58e2","Comprobación por el autor de sum(all(component in text for component in componentes) for text in textos) con ExactCooccurrenceIndex.count; componentes de nominal_query y corpus de source_snapshot. Coinciden ambos; resultado literal, no ausencia científica ni adjudicación de revisión."
"BN-399","e2465a13d87e9c8413ee2a396bd4fdc823298f0a60cebe06d38d6fe003d432c9","REINSPECCION","2026-09-27T00:43:10Z","/root (autor; no revisión independiente)","C-2550","data/busquedas_negativas/15_8_15-8-nombres-y-nomenclatura.csv","data/tablas/14/table-56a-14-8-1-codigos-por-nodo.csv","13","definición filogenética publicada o uso","identidad=«Corallochytrea»; campo=«definición filogenética publicada o uso»; valor=«uso convencional; no entrada formal localizada»","0","448","1373e4658ea749685d9b9fdea95e800ff3bff56ab3d2012ae3b9d47d45d55bb6","8a33be0a189a42fe8a6c4b14ae5e36aa8df9da89aa312c045c6fd99de3c3f355","b4ada10d8705991b28ef47f19f000478019114dfd5779907acf9007d932b58e2","Comprobación por el autor de sum(all(component in text for component in componentes) for text in textos) con ExactCooccurrenceIndex.count; componentes de nominal_query y corpus de source_snapshot. Coinciden ambos; resultado literal, no ausencia científica ni adjudicación de revisión."
"BN-400","0bfe0a0b4e656104d80df498ca4e49c2a1668f70a4d360d33f66de3b562d68e1","REINSPECCION","2026-09-27T00:43:11Z","/root (autor; no revisión independiente)","C-2551","data/busquedas_negativas/15_8_15-8-nombres-y-nomenclatura.csv","data/tablas/14/table-56a-14-8-1-codigos-por-nodo.csv","14","ICNP","identidad=«Filasterea»; campo=«ICNP»; valor=«no aplica»","0","448","1373e4658ea749685d9b9fdea95e800ff3bff56ab3d2012ae3b9d47d45d55bb6","8a33be0a189a42fe8a6c4b14ae5e36aa8df9da89aa312c045c6fd99de3c3f355","b4ada10d8705991b28ef47f19f000478019114dfd5779907acf9007d932b58e2","Comprobación por el autor de sum(all(component in text for component in componentes) for text in textos) con ExactCooccurrenceIndex.count; componentes de nominal_query y corpus de source_snapshot. Coinciden ambos; resultado literal, no ausencia científica ni adjudicación de revisión."
"BN-401","31298c4262a77a2ff99b343bd65666fad4e4359192386c0048209908adeebcd5","REINSPECCION","2026-09-27T00:43:12Z","/root (autor; no revisión independiente)","C-2553","data/busquedas_negativas/15_8_15-8-nombres-y-nomenclatura.csv","data/tablas/14/table-56a-14-8-1-codigos-por-nodo.csv","14","definición filogenética publicada o uso","identidad=«Filasterea»; campo=«definición filogenética publicada o uso»; valor=«uso convencional; definición PhyloCode NO LOCALIZADA EN ESTA SESIÓN»","0","448","1373e4658ea749685d9b9fdea95e800ff3bff56ab3d2012ae3b9d47d45d55bb6","8a33be0a189a42fe8a6c4b14ae5e36aa8df9da89aa312c045c6fd99de3c3f355","b4ada10d8705991b28ef47f19f000478019114dfd5779907acf9007d932b58e2","Comprobación por el autor de sum(all(component in text for component in componentes) for text in textos) con ExactCooccurrenceIndex.count; componentes de nominal_query y corpus de source_snapshot. Coinciden ambos; resultado literal, no ausencia científica ni adjudicación de revisión."
"BN-402","af6a264ebfcf293ac89fbc36a774a887dd58f0341712f1d787b50d5d95e421b5","REINSPECCION","2026-09-27T00:43:13Z","/root (autor; no revisión independiente)","C-2554","data/busquedas_negativas/15_8_15-8-nombres-y-nomenclatura.csv","data/tablas/14/table-56a-14-8-1-codigos-por-nodo.csv","15","ICZN","identidad=«Filozoa»; campo=«ICZN»; valor=«ICZN puede regir nombres zoológicos incluidos, no fija el clado»","0","448","1373e4658ea749685d9b9fdea95e800ff3bff56ab3d2012ae3b9d47d45d55bb6","8a33be0a189a42fe8a6c4b14ae5e36aa8df9da89aa312c045c6fd99de3c3f355","b4ada10d8705991b28ef47f19f000478019114dfd5779907acf9007d932b58e2","Comprobación por el autor de sum(all(component in text for component in componentes) for text in textos) con ExactCooccurrenceIndex.count; componentes de nominal_query y corpus de source_snapshot. Coinciden ambos; resultado literal, no ausencia científica ni adjudicación de revisión."
"BN-403","7a5cb74922eccf9059b8e459142f6f9f2bfc79604529eb6185e2f8b2869dd55f","REINSPECCION","2026-09-27T00:43:13Z","/root (autor; no revisión independiente)","C-2555","data/busquedas_negativas/15_8_15-8-nombres-y-nomenclatura.csv","data/tablas/14/table-56a-14-8-1-codigos-por-nodo.csv","15","ICNP","identidad=«Filozoa»; campo=«ICNP»; valor=«no aplica»","0","448","1373e4658ea749685d9b9fdea95e800ff3bff56ab3d2012ae3b9d47d45d55bb6","8a33be0a189a42fe8a6c4b14ae5e36aa8df9da89aa312c045c6fd99de3c3f355","b4ada10d8705991b28ef47f19f000478019114dfd5779907acf9007d932b58e2","Comprobación por el autor de sum(all(component in text for component in componentes) for text in textos) con ExactCooccurrenceIndex.count; componentes de nominal_query y corpus de source_snapshot. Coinciden ambos; resultado literal, no ausencia científica ni adjudicación de revisión."
"BN-404","ac6ab9a1f890dd8e70b8c3c6807d35a4227c0b6db36a695770d07f7adedf0179","REINSPECCION","2026-09-27T00:43:14Z","/root (autor; no revisión independiente)","C-2557","data/busquedas_negativas/15_8_15-8-nombres-y-nomenclatura.csv","data/tablas/14/table-56a-14-8-1-codigos-por-nodo.csv","15","definición filogenética publicada o uso","identidad=«Filozoa»; campo=«definición filogenética publicada o uso»; valor=«uso convencional/filogenómico; no entrada formal localizada»","0","448","1373e4658ea749685d9b9fdea95e800ff3bff56ab3d2012ae3b9d47d45d55bb6","8a33be0a189a42fe8a6c4b14ae5e36aa8df9da89aa312c045c6fd99de3c3f355","b4ada10d8705991b28ef47f19f000478019114dfd5779907acf9007d932b58e2","Comprobación por el autor de sum(all(component in text for component in componentes) for text in textos) con ExactCooccurrenceIndex.count; componentes de nominal_query y corpus de source_snapshot. Coinciden ambos; resultado literal, no ausencia científica ni adjudicación de revisión."
"BN-405","6971e40c787ad21122e1a90ebce32dbd280f86b757f9e37b2ad4bff40eae186d","REINSPECCION","2026-09-27T00:43:15Z","/root (autor; no revisión independiente)","C-2558","data/busquedas_negativas/15_8_15-8-nombres-y-nomenclatura.csv","data/tablas/14/table-56a-14-8-1-codigos-por-nodo.csv","16","ICZN","identidad=«Choanozoa sensu stricto»; campo=«ICZN»; valor=«ICZN puede regir nombres zoológicos incluidos, no fija el clado»","0","448","1373e4658ea749685d9b9fdea95e800ff3bff56ab3d2012ae3b9d47d45d55bb6","8a33be0a189a42fe8a6c4b14ae5e36aa8df9da89aa312c045c6fd99de3c3f355","b4ada10d8705991b28ef47f19f000478019114dfd5779907acf9007d932b58e2","Comprobación por el autor de sum(all(component in text for component in componentes) for text in textos) con ExactCooccurrenceIndex.count; componentes de nominal_query y corpus de source_snapshot. Coinciden ambos; resultado literal, no ausencia científica ni adjudicación de revisión."
"BN-406","81984c4099a790c16f726711248b3aaa71f47dce9c45a1bc52681873dfc6f49b","REINSPECCION","2026-09-27T00:43:15Z","/root (autor; no revisión independiente)","C-2559","data/busquedas_negativas/15_8_15-8-nombres-y-nomenclatura.csv","data/tablas/14/table-56a-14-8-1-codigos-por-nodo.csv","16","ICNP","identidad=«Choanozoa sensu stricto»; campo=«ICNP»; valor=«no aplica»","0","448","1373e4658ea749685d9b9fdea95e800ff3bff56ab3d2012ae3b9d47d45d55bb6","8a33be0a189a42fe8a6c4b14ae5e36aa8df9da89aa312c045c6fd99de3c3f355","b4ada10d8705991b28ef47f19f000478019114dfd5779907acf9007d932b58e2","Comprobación por el autor de sum(all(component in text for component in componentes) for text in textos) con ExactCooccurrenceIndex.count; componentes de nominal_query y corpus de source_snapshot. Coinciden ambos; resultado literal, no ausencia científica ni adjudicación de revisión."
"BN-407","06fa7148b2b13c7dbea023196f812e5242d436f9fc6f1af9319e0fd645752378","REINSPECCION","2026-09-27T00:43:15Z","/root (autor; no revisión independiente)","C-2561","data/busquedas_negativas/15_8_15-8-nombres-y-nomenclatura.csv","data/tablas/14/table-56a-14-8-1-codigos-por-nodo.csv","16","definición filogenética publicada o uso","identidad=«Choanozoa sensu stricto»; campo=«definición filogenética publicada o uso»; valor=«uso convencional con equivalencia dependiente de definición»","0","448","1373e4658ea749685d9b9fdea95e800ff3bff56ab3d2012ae3b9d47d45d55bb6","8a33be0a189a42fe8a6c4b14ae5e36aa8df9da89aa312c045c6fd99de3c3f355","b4ada10d8705991b28ef47f19f000478019114dfd5779907acf9007d932b58e2","Comprobación por el autor de sum(all(component in text for component in componentes) for text in textos) con ExactCooccurrenceIndex.count; componentes de nominal_query y corpus de source_snapshot. Coinciden ambos; resultado literal, no ausencia científica ni adjudicación de revisión."
"BN-408","0493e19c8ea448eb76bed0e46dad0633136b1532be9337af32d4d988a3c316dc","REINSPECCION","2026-09-27T00:43:16Z","/root (autor; no revisión independiente)","C-2562","data/busquedas_negativas/15_8_15-8-nombres-y-nomenclatura.csv","data/tablas/14/table-56a-14-8-1-codigos-por-nodo.csv","17","ICZN","identidad=«Choanoflagellata»; campo=«ICZN»; valor=«ICZN puede regir nombres de rango zoológicos según tratamiento concreto»","0","448","1373e4658ea749685d9b9fdea95e800ff3bff56ab3d2012ae3b9d47d45d55bb6","8a33be0a189a42fe8a6c4b14ae5e36aa8df9da89aa312c045c6fd99de3c3f355","b4ada10d8705991b28ef47f19f000478019114dfd5779907acf9007d932b58e2","Comprobación por el autor de sum(all(component in text for component in componentes) for text in textos) con ExactCooccurrenceIndex.count; componentes de nominal_query y corpus de source_snapshot. Coinciden ambos; resultado literal, no ausencia científica ni adjudicación de revisión."
"BN-409","681341412be0725fa4369566d552f0686005ddbb310569a9175816ede858d650","REINSPECCION","2026-09-27T00:43:16Z","/root (autor; no revisión independiente)","C-2563","data/busquedas_negativas/15_8_15-8-nombres-y-nomenclatura.csv","data/tablas/14/table-56a-14-8-1-codigos-por-nodo.csv","17","ICN","identidad=«Choanoflagellata»; campo=«ICN»; valor=«ICN puede concurrir por historia del nombre»","0","448","1373e4658ea749685d9b9fdea95e800ff3bff56ab3d2012ae3b9d47d45d55bb6","8a33be0a189a42fe8a6c4b14ae5e36aa8df9da89aa312c045c6fd99de3c3f355","b4ada10d8705991b28ef47f19f000478019114dfd5779907acf9007d932b58e2","Comprobación por el autor de sum(all(component in text for component in componentes) for text in textos) con ExactCooccurrenceIndex.count; componentes de nominal_query y corpus de source_snapshot. Coinciden ambos; resultado literal, no ausencia científica ni adjudicación de revisión."
"BN-410","951d331b6d2499a653dd77e2c0401c7f36376c562a8004ee8536c7c9c4ddfe62","REINSPECCION","2026-09-27T00:43:16Z","/root (autor; no revisión independiente)","C-2564","data/busquedas_negativas/15_8_15-8-nombres-y-nomenclatura.csv","data/tablas/14/table-56a-14-8-1-codigos-por-nodo.csv","17","ICNP","identidad=«Choanoflagellata»; campo=«ICNP»; valor=«no aplica»","0","448","1373e4658ea749685d9b9fdea95e800ff3bff56ab3d2012ae3b9d47d45d55bb6","8a33be0a189a42fe8a6c4b14ae5e36aa8df9da89aa312c045c6fd99de3c3f355","b4ada10d8705991b28ef47f19f000478019114dfd5779907acf9007d932b58e2","Comprobación por el autor de sum(all(component in text for component in componentes) for text in textos) con ExactCooccurrenceIndex.count; componentes de nominal_query y corpus de source_snapshot. Coinciden ambos; resultado literal, no ausencia científica ni adjudicación de revisión."
"BN-411","53733474f1e75ff7febf4e5205e295f294e3285746a3752ddc44aba2b4238553","REINSPECCION","2026-09-27T00:43:17Z","/root (autor; no revisión independiente)","C-2566","data/busquedas_negativas/15_8_15-8-nombres-y-nomenclatura.csv","data/tablas/14/table-56a-14-8-1-codigos-por-nodo.csv","17","definición filogenética publicada o uso","identidad=«Choanoflagellata»; campo=«definición filogenética publicada o uso»; valor=«uso convencional; régimen ambiregnal depende del nombre»","0","448","1373e4658ea749685d9b9fdea95e800ff3bff56ab3d2012ae3b9d47d45d55bb6","8a33be0a189a42fe8a6c4b14ae5e36aa8df9da89aa312c045c6fd99de3c3f355","b4ada10d8705991b28ef47f19f000478019114dfd5779907acf9007d932b58e2","Comprobación por el autor de sum(all(component in text for component in componentes) for text in textos) con ExactCooccurrenceIndex.count; componentes de nominal_query y corpus de source_snapshot. Coinciden ambos; resultado literal, no ausencia científica ni adjudicación de revisión."
"BN-412","e411c108e1677a8ddf6d65620149e3b74085581b326d28d4333c3ed85dbb1adf","REINSPECCION","2026-09-27T00:43:18Z","/root (autor; no revisión independiente)","C-2567","data/busquedas_negativas/15_8_15-8-nombres-y-nomenclatura.csv","data/tablas/14/table-56a-14-8-1-codigos-por-nodo.csv","18","ICN","identidad=«Metazoa»; campo=«ICN»; valor=«no aplica a la nomenclatura zoológica del grupo»","0","448","1373e4658ea749685d9b9fdea95e800ff3bff56ab3d2012ae3b9d47d45d55bb6","8a33be0a189a42fe8a6c4b14ae5e36aa8df9da89aa312c045c6fd99de3c3f355","b4ada10d8705991b28ef47f19f000478019114dfd5779907acf9007d932b58e2","Comprobación por el autor de sum(all(component in text for component in componentes) for text in textos) con ExactCooccurrenceIndex.count; componentes de nominal_query y corpus de source_snapshot. Coinciden ambos; resultado literal, no ausencia científica ni adjudicación de revisión."
"BN-413","cc5a467a243df6f5f13376e51d216d6fa46be9fe3496b9cd54aa12e777ab363b","REINSPECCION","2026-09-27T00:43:18Z","/root (autor; no revisión independiente)","C-2568","data/busquedas_negativas/15_8_15-8-nombres-y-nomenclatura.csv","data/tablas/14/table-56a-14-8-1-codigos-por-nodo.csv","18","ICNP","identidad=«Metazoa»; campo=«ICNP»; valor=«no aplica»","0","448","1373e4658ea749685d9b9fdea95e800ff3bff56ab3d2012ae3b9d47d45d55bb6","8a33be0a189a42fe8a6c4b14ae5e36aa8df9da89aa312c045c6fd99de3c3f355","b4ada10d8705991b28ef47f19f000478019114dfd5779907acf9007d932b58e2","Comprobación por el autor de sum(all(component in text for component in componentes) for text in textos) con ExactCooccurrenceIndex.count; componentes de nominal_query y corpus de source_snapshot. Coinciden ambos; resultado literal, no ausencia científica ni adjudicación de revisión."
"BN-414","40172d813320f90e6290a21871317d45c2167f6e2c4e3032866b3533a2c301f6","REINSPECCION","2026-09-27T00:43:19Z","/root (autor; no revisión independiente)","C-2569","data/busquedas_negativas/15_8_15-8-nombres-y-nomenclatura.csv","data/tablas/14/table-56a-14-8-1-codigos-por-nodo.csv","18","PhyloCode/RegNum","identidad=«Metazoa»; campo=«PhyloCode/RegNum»; valor=«PhyloCode puede aplicarse a nombres de clados; entrada no censada aquí»","0","448","1373e4658ea749685d9b9fdea95e800ff3bff56ab3d2012ae3b9d47d45d55bb6","8a33be0a189a42fe8a6c4b14ae5e36aa8df9da89aa312c045c6fd99de3c3f355","b4ada10d8705991b28ef47f19f000478019114dfd5779907acf9007d932b58e2","Comprobación por el autor de sum(all(component in text for component in componentes) for text in textos) con ExactCooccurrenceIndex.count; componentes de nominal_query y corpus de source_snapshot. Coinciden ambos; resultado literal, no ausencia científica ni adjudicación de revisión."
"BN-415","5726f52ae43694e91a5969e483608f8cef8d45f80d53fac2674d7324be94002f","REINSPECCION","2026-09-27T00:43:19Z","/root (autor; no revisión independiente)","C-2572","data/busquedas_negativas/15_1_15-1-punto-de-partida-y-participantes-celulares.csv","data/tablas/02/table-01-2-1-2-por-que-el-modelo-cambia-el-arbol.csv","2","matriz","identidad=«Woese et al. 1990»; campo=«matriz»; valor=«no consta en las afirmaciones recuperadas [BN-115]»","0","448","1373e4658ea749685d9b9fdea95e800ff3bff56ab3d2012ae3b9d47d45d55bb6","8a33be0a189a42fe8a6c4b14ae5e36aa8df9da89aa312c045c6fd99de3c3f355","b4ada10d8705991b28ef47f19f000478019114dfd5779907acf9007d932b58e2","Comprobación por el autor de sum(all(component in text for component in componentes) for text in textos) con ExactCooccurrenceIndex.count; componentes de nominal_query y corpus de source_snapshot. Coinciden ambos; resultado literal, no ausencia científica ni adjudicación de revisión."
"BN-416","44bdc126cce16b43264d1fe562d09f2e0f52ccf1a7b1d4fcd601b1a44e569531","REINSPECCION","2026-09-27T00:43:20Z","/root (autor; no revisión independiente)","C-2573","data/busquedas_negativas/15_1_15-1-punto-de-partida-y-participantes-celulares.csv","data/tablas/02/table-01-2-1-2-por-que-el-modelo-cambia-el-arbol.csv","2","muestreo taxonómico","identidad=«Woese et al. 1990»; campo=«muestreo taxonómico»; valor=«no consta en las afirmaciones recuperadas [BN-115]»","0","448","1373e4658ea749685d9b9fdea95e800ff3bff56ab3d2012ae3b9d47d45d55bb6","8a33be0a189a42fe8a6c4b14ae5e36aa8df9da89aa312c045c6fd99de3c3f355","b4ada10d8705991b28ef47f19f000478019114dfd5779907acf9007d932b58e2","Comprobación por el autor de sum(all(component in text for component in componentes) for text in textos) con ExactCooccurrenceIndex.count; componentes de nominal_query y corpus de source_snapshot. Coinciden ambos; resultado literal, no ausencia científica ni adjudicación de revisión."
"BN-417","6b6f4133c477681c0312a82cd82f3a15b9d4ba44b7672f3da5f053368efdedbc","REINSPECCION","2026-09-27T00:43:20Z","/root (autor; no revisión independiente)","C-2575","data/busquedas_negativas/15_1_15-1-punto-de-partida-y-participantes-celulares.csv","data/tablas/02/table-01-2-1-2-por-que-el-modelo-cambia-el-arbol.csv","2","modelo","identidad=«Woese et al. 1990»; campo=«modelo»; valor=«no consta en la fuente localizada [BN-115]»","0","448","1373e4658ea749685d9b9fdea95e800ff3bff56ab3d2012ae3b9d47d45d55bb6","8a33be0a189a42fe8a6c4b14ae5e36aa8df9da89aa312c045c6fd99de3c3f355","b4ada10d8705991b28ef47f19f000478019114dfd5779907acf9007d932b58e2","Comprobación por el autor de sum(all(component in text for component in componentes) for text in textos) con ExactCooccurrenceIndex.count; componentes de nominal_query y corpus de source_snapshot. Coinciden ambos; resultado literal, no ausencia científica ni adjudicación de revisión."
"BN-418","4ed1ea00fc9c1871e58f2ff882c6f5f3de668227ff2c6495f64232421949d09a","REINSPECCION","2026-09-27T00:43:20Z","/root (autor; no revisión independiente)","C-2577","data/busquedas_negativas/15_1_15-1-punto-de-partida-y-participantes-celulares.csv","data/tablas/02/table-01-2-1-2-por-que-el-modelo-cambia-el-arbol.csv","2","límite o campo no publicado/localizado","identidad=«Woese et al. 1990»; campo=«límite o campo no publicado/localizado»; valor=«Resultado histórico sin matriz, muestreo, modelo o soporte cuantitativo recuperados; no se equipara a una filogenómica posterior.»","0","448","1373e4658ea749685d9b9fdea95e800ff3bff56ab3d2012ae3b9d47d45d55bb6","8a33be0a189a42fe8a6c4b14ae5e36aa8df9da89aa312c045c6fd99de3c3f355","b4ada10d8705991b28ef47f19f000478019114dfd5779907acf9007d932b58e2","Comprobación por el autor de sum(all(component in text for component in componentes) for text in textos) con ExactCooccurrenceIndex.count; componentes de nominal_query y corpus de source_snapshot. Coinciden ambos; resultado literal, no ausencia científica ni adjudicación de revisión."
"BN-419","3c2d3b51b8220e0b7b981bb594438cfe7033e252d9e6c3de1a586bf0a4a481f2","REINSPECCION","2026-09-27T00:43:21Z","/root (autor; no revisión independiente)","C-2578","data/busquedas_negativas/15_1_15-1-punto-de-partida-y-participantes-celulares.csv","data/tablas/02/table-01-2-1-2-por-que-el-modelo-cambia-el-arbol.csv","3","muestreo taxonómico","identidad=«Lake et al. 1984»; campo=«muestreo taxonómico»; valor=«eocitos termoacidófilos examinados; desglose nominal no consta en las afirmaciones recuperadas [BN-115]»","0","448","1373e4658ea749685d9b9fdea95e800ff3bff56ab3d2012ae3b9d47d45d55bb6","8a33be0a189a42fe8a6c4b14ae5e36aa8df9da89aa312c045c6fd99de3c3f355","b4ada10d8705991b28ef47f19f000478019114dfd5779907acf9007d932b58e2","Comprobación por el autor de sum(all(component in text for component in componentes) for text in textos) con ExactCooccurrenceIndex.count; componentes de nominal_query y corpus de source_snapshot. Coinciden ambos; resultado literal, no ausencia científica ni adjudicación de revisión."
"BN-420","8356c8d4f1aec839f4383431282fa07e59dae50ac2ff05b02dc46f36e7909c37","REINSPECCION","2026-09-27T00:43:21Z","/root (autor; no revisión independiente)","C-2579","data/busquedas_negativas/15_1_15-1-punto-de-partida-y-participantes-celulares.csv","data/tablas/02/table-01-2-1-2-por-que-el-modelo-cambia-el-arbol.csv","3","modelo","identidad=«Lake et al. 1984»; campo=«modelo»; valor=«n/a: no es una inferencia de sustitución molecular»","0","448","1373e4658ea749685d9b9fdea95e800ff3bff56ab3d2012ae3b9d47d45d55bb6","8a33be0a189a42fe8a6c4b14ae5e36aa8df9da89aa312c045c6fd99de3c3f355","b4ada10d8705991b28ef47f19f000478019114dfd5779907acf9007d932b58e2","Comprobación por el autor de sum(all(component in text for component in componentes) for text in textos) con ExactCooccurrenceIndex.count; componentes de nominal_query y corpus de source_snapshot. Coinciden ambos; resultado literal, no ausencia científica ni adjudicación de revisión."
"BN-421","afca182c60fb2579eeb47bd36b7054b41bf07c8e47f3a9921ba802673f9039f3","REINSPECCION","2026-09-27T00:43:22Z","/root (autor; no revisión independiente)","C-2580","data/busquedas_negativas/15_1_15-1-punto-de-partida-y-participantes-celulares.csv","data/tablas/02/table-01-2-1-2-por-que-el-modelo-cambia-el-arbol.csv","3","soporte cuantitativo tal cual","identidad=«Lake et al. 1984»; campo=«soporte cuantitativo tal cual»; valor=«cuatro patrones; figuras 1–4; no consta una estadística de soporte común [BN-115]»","0","448","1373e4658ea749685d9b9fdea95e800ff3bff56ab3d2012ae3b9d47d45d55bb6","8a33be0a189a42fe8a6c4b14ae5e36aa8df9da89aa312c045c6fd99de3c3f355","b4ada10d8705991b28ef47f19f000478019114dfd5779907acf9007d932b58e2","Comprobación por el autor de sum(all(component in text for component in componentes) for text in textos) con ExactCooccurrenceIndex.count; componentes de nominal_query y corpus de source_snapshot. Coinciden ambos; resultado literal, no ausencia científica ni adjudicación de revisión."
"BN-422","c414057aaaa9fbc6bf428c7e95bc9b851e7fc57af1b4c04cd1b0c16fd64f96cb","REINSPECCION","2026-09-27T00:43:22Z","/root (autor; no revisión independiente)","C-2581","data/busquedas_negativas/15_1_15-1-punto-de-partida-y-participantes-celulares.csv","data/tablas/02/table-01-2-1-2-por-que-el-modelo-cambia-el-arbol.csv","3","límite o campo no publicado/localizado","identidad=«Lake et al. 1984»; campo=«límite o campo no publicado/localizado»; valor=«El muestreo histórico no equivale a una matriz genómica moderna.»","0","448","1373e4658ea749685d9b9fdea95e800ff3bff56ab3d2012ae3b9d47d45d55bb6","8a33be0a189a42fe8a6c4b14ae5e36aa8df9da89aa312c045c6fd99de3c3f355","b4ada10d8705991b28ef47f19f000478019114dfd5779907acf9007d932b58e2","Comprobación por el autor de sum(all(component in text for component in componentes) for text in textos) con ExactCooccurrenceIndex.count; componentes de nominal_query y corpus de source_snapshot. Coinciden ambos; resultado literal, no ausencia científica ni adjudicación de revisión."
"BN-423","3d1efbaeeef208b50b393859e082081b9a3f4120e91841c1b66a5003c51ee27d","REINSPECCION","2026-09-27T00:43:23Z","/root (autor; no revisión independiente)","C-2586","data/busquedas_negativas/15_1_15-1-punto-de-partida-y-participantes-celulares.csv","data/tablas/02/table-01-2-1-2-por-que-el-modelo-cambia-el-arbol.csv","5","muestreo taxonómico","identidad=«Da Cunha et al. 2017»; campo=«muestreo taxonómico»; valor=«taxones incluidos en los conjuntos publicados; desglose nominal no consta en las afirmaciones recuperadas [BN-115]»","0","448","1373e4658ea749685d9b9fdea95e800ff3bff56ab3d2012ae3b9d47d45d55bb6","8a33be0a189a42fe8a6c4b14ae5e36aa8df9da89aa312c045c6fd99de3c3f355","b4ada10d8705991b28ef47f19f000478019114dfd5779907acf9007d932b58e2","Comprobación por el autor de sum(all(component in text for component in componentes) for text in textos) con ExactCooccurrenceIndex.count; componentes de nominal_query y corpus de source_snapshot. Coinciden ambos; resultado literal, no ausencia científica ni adjudicación de revisión."
"BN-424","f74b0cedf4592d4f826cd965b06df8106f3db29761c353fd353a16ca183b95fa","REINSPECCION","2026-09-27T00:43:23Z","/root (autor; no revisión independiente)","C-2588","data/busquedas_negativas/15_1_15-1-punto-de-partida-y-participantes-celulares.csv","data/tablas/02/table-01-2-1-2-por-que-el-modelo-cambia-el-arbol.csv","5","modelo","identidad=«Da Cunha et al. 2017»; campo=«modelo»; valor=«modelo de sustitución no consta en las afirmaciones recuperadas [BN-115]»","0","448","1373e4658ea749685d9b9fdea95e800ff3bff56ab3d2012ae3b9d47d45d55bb6","8a33be0a189a42fe8a6c4b14ae5e36aa8df9da89aa312c045c6fd99de3c3f355","b4ada10d8705991b28ef47f19f000478019114dfd5779907acf9007d932b58e2","Comprobación por el autor de sum(all(component in text for component in componentes) for text in textos) con ExactCooccurrenceIndex.count; componentes de nominal_query y corpus de source_snapshot. Coinciden ambos; resultado literal, no ausencia científica ni adjudicación de revisión."
"BN-425","85c68db71c63cbdd5963c4e1d02a527d4c1a7520cf6f110fdf07c82087b68f3d","REINSPECCION","2026-09-27T00:43:23Z","/root (autor; no revisión independiente)","C-2591","data/busquedas_negativas/15_1_15-1-punto-de-partida-y-participantes-celulares.csv","data/tablas/02/table-01-2-1-2-por-que-el-modelo-cambia-el-arbol.csv","6","muestreo taxonómico","identidad=«Spang et al. 2018»; campo=«muestreo taxonómico»; valor=«taxones del reanálisis publicado; desglose nominal no consta en las afirmaciones recuperadas [BN-115]»","0","448","1373e4658ea749685d9b9fdea95e800ff3bff56ab3d2012ae3b9d47d45d55bb6","8a33be0a189a42fe8a6c4b14ae5e36aa8df9da89aa312c045c6fd99de3c3f355","b4ada10d8705991b28ef47f19f000478019114dfd5779907acf9007d932b58e2","Comprobación por el autor de sum(all(component in text for component in componentes) for text in textos) con ExactCooccurrenceIndex.count; componentes de nominal_query y corpus de source_snapshot. Coinciden ambos; resultado literal, no ausencia científica ni adjudicación de revisión."
"BN-426","8152f0b75df6a8485f8edf85eaf84340ea3e0dddad4b90397b21512cd5dd0fd6","REINSPECCION","2026-09-27T00:43:24Z","/root (autor; no revisión independiente)","C-2592","data/busquedas_negativas/15_1_15-1-punto-de-partida-y-participantes-celulares.csv","data/tablas/02/table-01-2-1-2-por-que-el-modelo-cambia-el-arbol.csv","6","análisis","identidad=«Spang et al. 2018»; campo=«análisis»; valor=«reanálisis de contaminación, selección de proteínas y diagnóstico de atracción de ramas largas»","0","448","1373e4658ea749685d9b9fdea95e800ff3bff56ab3d2012ae3b9d47d45d55bb6","8a33be0a189a42fe8a6c4b14ae5e36aa8df9da89aa312c045c6fd99de3c3f355","b4ada10d8705991b28ef47f19f000478019114dfd5779907acf9007d932b58e2","Comprobación por el autor de sum(all(component in text for component in componentes) for text in textos) con ExactCooccurrenceIndex.count; componentes de nominal_query y corpus de source_snapshot. Coinciden ambos; resultado literal, no ausencia científica ni adjudicación de revisión."
"BN-427","e431c8f13835a7b466244207ac97ce20983fb82c2fcfa929cb532cbbdaf32489","REINSPECCION","2026-09-27T00:43:24Z","/root (autor; no revisión independiente)","C-2593","data/busquedas_negativas/15_1_15-1-punto-de-partida-y-participantes-celulares.csv","data/tablas/02/table-01-2-1-2-por-que-el-modelo-cambia-el-arbol.csv","6","modelo","identidad=«Spang et al. 2018»; campo=«modelo»; valor=«modelos por conjunto no constan en el pasaje recuperado [BN-115]»","0","448","1373e4658ea749685d9b9fdea95e800ff3bff56ab3d2012ae3b9d47d45d55bb6","8a33be0a189a42fe8a6c4b14ae5e36aa8df9da89aa312c045c6fd99de3c3f355","b4ada10d8705991b28ef47f19f000478019114dfd5779907acf9007d932b58e2","Comprobación por el autor de sum(all(component in text for component in componentes) for text in textos) con ExactCooccurrenceIndex.count; componentes de nominal_query y corpus de source_snapshot. Coinciden ambos; resultado literal, no ausencia científica ni adjudicación de revisión."
"BN-428","1f37ed425eb5dc07cc12cbe08b129d54f3f18e8700aa8d34c1b236ac670630ed","REINSPECCION","2026-09-27T00:43:25Z","/root (autor; no revisión independiente)","C-2595","data/busquedas_negativas/15_1_15-1-punto-de-partida-y-participantes-celulares.csv","data/tablas/02/table-01-2-1-2-por-que-el-modelo-cambia-el-arbol.csv","7","muestreo taxonómico","identidad=«Williams et al. 2020»; campo=«muestreo taxonómico»; valor=«muestreo taxonómico no desglosado en C-028–C-029 [BN-115]»","0","448","1373e4658ea749685d9b9fdea95e800ff3bff56ab3d2012ae3b9d47d45d55bb6","8a33be0a189a42fe8a6c4b14ae5e36aa8df9da89aa312c045c6fd99de3c3f355","b4ada10d8705991b28ef47f19f000478019114dfd5779907acf9007d932b58e2","Comprobación por el autor de sum(all(component in text for component in componentes) for text in textos) con ExactCooccurrenceIndex.count; componentes de nominal_query y corpus de source_snapshot. Coinciden ambos; resultado literal, no ausencia científica ni adjudicación de revisión."
"BN-429","fb38ed8d80c63fd5e2096b40360b7acd941a12233689f5042f77a67107019e12","REINSPECCION","2026-09-27T00:43:25Z","/root (autor; no revisión independiente)","C-2596","data/busquedas_negativas/15_1_15-1-punto-de-partida-y-participantes-celulares.csv","data/tablas/02/table-01-2-1-2-por-que-el-modelo-cambia-el-arbol.csv","8","muestreo taxonómico","identidad=«Williams et al. 2020»; campo=«muestreo taxonómico»; valor=«mismo muestreo publicado que C-028–C-029; desglose nominal no recuperado [BN-115]»","0","448","1373e4658ea749685d9b9fdea95e800ff3bff56ab3d2012ae3b9d47d45d55bb6","8a33be0a189a42fe8a6c4b14ae5e36aa8df9da89aa312c045c6fd99de3c3f355","b4ada10d8705991b28ef47f19f000478019114dfd5779907acf9007d932b58e2","Comprobación por el autor de sum(all(component in text for component in componentes) for text in textos) con ExactCooccurrenceIndex.count; componentes de nominal_query y corpus de source_snapshot. Coinciden ambos; resultado literal, no ausencia científica ni adjudicación de revisión."
"BN-430","e1c00ead4da39836915f010bb545bf7d569d77e28b0d99fa53dff4bf0541d4dc","REINSPECCION","2026-09-27T00:43:25Z","/root (autor; no revisión independiente)","C-2599","data/busquedas_negativas/15_1_15-1-punto-de-partida-y-participantes-celulares.csv","data/tablas/02/table-01-2-1-2-por-que-el-modelo-cambia-el-arbol.csv","9","muestreo taxonómico","identidad=«Williams et al. 2020»; campo=«muestreo taxonómico»; valor=«mismo muestreo publicado que C-028–C-029; desglose nominal no recuperado [BN-115]»","0","448","1373e4658ea749685d9b9fdea95e800ff3bff56ab3d2012ae3b9d47d45d55bb6","8a33be0a189a42fe8a6c4b14ae5e36aa8df9da89aa312c045c6fd99de3c3f355","b4ada10d8705991b28ef47f19f000478019114dfd5779907acf9007d932b58e2","Comprobación por el autor de sum(all(component in text for component in componentes) for text in textos) con ExactCooccurrenceIndex.count; componentes de nominal_query y corpus de source_snapshot. Coinciden ambos; resultado literal, no ausencia científica ni adjudicación de revisión."
"BN-431","004dc4427f5ff5a4558a03aaf45f0330264e2447ab2be314138d44da2c431225","REINSPECCION","2026-09-27T00:43:25Z","/root (autor; no revisión independiente)","C-2602","data/busquedas_negativas/15_1_15-1-punto-de-partida-y-participantes-celulares.csv","data/tablas/02/table-01-2-1-2-por-que-el-modelo-cambia-el-arbol.csv","10","muestreo taxonómico","identidad=«Williams et al. 2020»; campo=«muestreo taxonómico»; valor=«mismo muestreo publicado que C-028–C-029; desglose nominal no recuperado [BN-115]»","0","448","1373e4658ea749685d9b9fdea95e800ff3bff56ab3d2012ae3b9d47d45d55bb6","8a33be0a189a42fe8a6c4b14ae5e36aa8df9da89aa312c045c6fd99de3c3f355","b4ada10d8705991b28ef47f19f000478019114dfd5779907acf9007d932b58e2","Comprobación por el autor de sum(all(component in text for component in componentes) for text in textos) con ExactCooccurrenceIndex.count; componentes de nominal_query y corpus de source_snapshot. Coinciden ambos; resultado literal, no ausencia científica ni adjudicación de revisión."
"BN-432","9fcf563468f208d8edbc7ea4960cd79f91d26ec8790024f2cabbc61325b89559","REINSPECCION","2026-09-27T00:43:26Z","/root (autor; no revisión independiente)","C-2608","data/busquedas_negativas/15_1_15-1-punto-de-partida-y-participantes-celulares.csv","data/tablas/02/table-01-2-1-2-por-que-el-modelo-cambia-el-arbol.csv","11","muestreo taxonómico","identidad=«Williams et al. 2020»; campo=«muestreo taxonómico»; valor=«mismo muestreo publicado que C-028–C-029; desglose nominal no recuperado [BN-115]»","0","448","1373e4658ea749685d9b9fdea95e800ff3bff56ab3d2012ae3b9d47d45d55bb6","8a33be0a189a42fe8a6c4b14ae5e36aa8df9da89aa312c045c6fd99de3c3f355","b4ada10d8705991b28ef47f19f000478019114dfd5779907acf9007d932b58e2","Comprobación por el autor de sum(all(component in text for component in componentes) for text in textos) con ExactCooccurrenceIndex.count; componentes de nominal_query y corpus de source_snapshot. Coinciden ambos; resultado literal, no ausencia científica ni adjudicación de revisión."
"BN-433","b5da00bc971868ce973c5ca5a02ca1d133b1725af8aac516595e507df702313c","REINSPECCION","2026-09-27T00:43:26Z","/root (autor; no revisión independiente)","C-2609","data/busquedas_negativas/15_1_15-1-punto-de-partida-y-participantes-celulares.csv","data/tablas/02/table-01-2-1-2-por-que-el-modelo-cambia-el-arbol.csv","11","análisis","identidad=«Williams et al. 2020»; campo=«análisis»; valor=«prueba contra sesgo composicional»","0","448","1373e4658ea749685d9b9fdea95e800ff3bff56ab3d2012ae3b9d47d45d55bb6","8a33be0a189a42fe8a6c4b14ae5e36aa8df9da89aa312c045c6fd99de3c3f355","b4ada10d8705991b28ef47f19f000478019114dfd5779907acf9007d932b58e2","Comprobación por el autor de sum(all(component in text for component in componentes) for text in textos) con ExactCooccurrenceIndex.count; componentes de nominal_query y corpus de source_snapshot. Coinciden ambos; resultado literal, no ausencia científica ni adjudicación de revisión."
"BN-434","3e6ad19f1230aecfa8baeee25ba38b02b965d3a8679b5c126477dc11552763b4","REINSPECCION","2026-09-27T00:43:26Z","/root (autor; no revisión independiente)","C-2611","data/busquedas_negativas/15_1_15-1-punto-de-partida-y-participantes-celulares.csv","data/tablas/02/table-01-2-1-2-por-que-el-modelo-cambia-el-arbol.csv","11","límite o campo no publicado/localizado","identidad=«Williams et al. 2020»; campo=«límite o campo no publicado/localizado»; valor=«La recodificación es parte del análisis, no una matriz independiente no documentada.»","0","448","1373e4658ea749685d9b9fdea95e800ff3bff56ab3d2012ae3b9d47d45d55bb6","8a33be0a189a42fe8a6c4b14ae5e36aa8df9da89aa312c045c6fd99de3c3f355","b4ada10d8705991b28ef47f19f000478019114dfd5779907acf9007d932b58e2","Comprobación por el autor de sum(all(component in text for component in componentes) for text in textos) con ExactCooccurrenceIndex.count; componentes de nominal_query y corpus de source_snapshot. Coinciden ambos; resultado literal, no ausencia científica ni adjudicación de revisión."
"BN-435","ba4612ac066e4472c7452b8929771cfdb814c8a54bcfe6faa7da590fa5ce3fad","REINSPECCION","2026-09-27T00:43:27Z","/root (autor; no revisión independiente)","C-2612","data/busquedas_negativas/15_1_15-1-punto-de-partida-y-participantes-celulares.csv","data/tablas/02/table-01-2-1-2-por-que-el-modelo-cambia-el-arbol.csv","12","modelo","identidad=«Williams et al. 2020»; campo=«modelo»; valor=«modelos particulares no constan en las afirmaciones recuperadas [BN-115]»","0","448","1373e4658ea749685d9b9fdea95e800ff3bff56ab3d2012ae3b9d47d45d55bb6","8a33be0a189a42fe8a6c4b14ae5e36aa8df9da89aa312c045c6fd99de3c3f355","b4ada10d8705991b28ef47f19f000478019114dfd5779907acf9007d932b58e2","Comprobación por el autor de sum(all(component in text for component in componentes) for text in textos) con ExactCooccurrenceIndex.count; componentes de nominal_query y corpus de source_snapshot. Coinciden ambos; resultado literal, no ausencia científica ni adjudicación de revisión."
"BN-436","a8a2ff7bcbbced811aa8c21260dadd69ce8a176eb16abad46e515aa2dc41851c","REINSPECCION","2026-09-27T00:43:28Z","/root (autor; no revisión independiente)","C-2613","data/busquedas_negativas/15_4_15-4-registro-material-tiempo-ambiente-y-ecologia.csv","data/tablas/05/table-33-5-4-evidencia-de-interaccion-en-perforaciones-del-grupo-chuar.csv","2","incertidumbre y disputa","identidad=«Grupo Chuar; afloramientos sobre unos 15 km² del este del Grand Canyon; S158 indica muestras distribuidas a lo largo del grupo, pero no localiza la formación individual de cada espécimen [C-1960; BN-116]»; campo=«incertidumbre y disputa»; valor=«el productor no está preservado; S158 evalúa alternativas, pero no se localizó un contradictor nominal independiente en las afirmaciones recuperadas»","0","448","1373e4658ea749685d9b9fdea95e800ff3bff56ab3d2012ae3b9d47d45d55bb6","8a33be0a189a42fe8a6c4b14ae5e36aa8df9da89aa312c045c6fd99de3c3f355","b4ada10d8705991b28ef47f19f000478019114dfd5779907acf9007d932b58e2","Comprobación por el autor de sum(all(component in text for component in componentes) for text in textos) con ExactCooccurrenceIndex.count; componentes de nominal_query y corpus de source_snapshot. Coinciden ambos; resultado literal, no ausencia científica ni adjudicación de revisión."
"BN-437","baac00c6359388ea26b31b53c069fb8fd969eb36e7c1546b91bb2aa62c036bfa","REINSPECCION","2026-09-27T00:43:28Z","/root (autor; no revisión independiente)","C-2614","data/busquedas_negativas/15_4_15-4-registro-material-tiempo-ambiente-y-ecologia.csv","data/tablas/05/table-34-5-8-asignacion-fosil-mas-antigua-localizada-por-nodo.csv","2","fósil más antiguo localizado","identidad=«Eukaryota»; campo=«fósil más antiguo localizado»; valor=«conjunto de Lechte et al.; *Bangiomorpha pubescens* como mínimo corona condicionado»","0","448","1373e4658ea749685d9b9fdea95e800ff3bff56ab3d2012ae3b9d47d45d55bb6","8a33be0a189a42fe8a6c4b14ae5e36aa8df9da89aa312c045c6fd99de3c3f355","b4ada10d8705991b28ef47f19f000478019114dfd5779907acf9007d932b58e2","Comprobación por el autor de sum(all(component in text for component in componentes) for text in textos) con ExactCooccurrenceIndex.count; componentes de nominal_query y corpus de source_snapshot. Coinciden ambos; resultado literal, no ausencia científica ni adjudicación de revisión."
"BN-438","957738e255131583711fbb4bcc6220c19129dff7e7f4e28c909d6cde1088df0d","REINSPECCION","2026-09-27T00:43:29Z","/root (autor; no revisión independiente)","C-2618","data/busquedas_negativas/15_4_15-4-registro-material-tiempo-ambiente-y-ecologia.csv","data/tablas/05/table-34-5-8-asignacion-fosil-mas-antigua-localizada-por-nodo.csv","2","método de datación","identidad=«Eukaryota»; campo=«método de datación»; valor=«cronología del conjunto de Lechte et al.; geocronología radiométrica de la sucesión de *Bangiomorpha*»","0","448","1373e4658ea749685d9b9fdea95e800ff3bff56ab3d2012ae3b9d47d45d55bb6","8a33be0a189a42fe8a6c4b14ae5e36aa8df9da89aa312c045c6fd99de3c3f355","b4ada10d8705991b28ef47f19f000478019114dfd5779907acf9007d932b58e2","Comprobación por el autor de sum(all(component in text for component in componentes) for text in textos) con ExactCooccurrenceIndex.count; componentes de nominal_query y corpus de source_snapshot. Coinciden ambos; resultado literal, no ausencia científica ni adjudicación de revisión."
"BN-439","5e51e1261911a969f1d0106f62798484e8255485e9580b41092e3a9dff3cee86","REINSPECCION","2026-09-27T00:43:29Z","/root (autor; no revisión independiente)","C-2619","data/busquedas_negativas/15_4_15-4-registro-material-tiempo-ambiente-y-ecologia.csv","data/tablas/05/table-34-5-8-asignacion-fosil-mas-antigua-localizada-por-nodo.csv","2","incertidumbre publicada","identidad=«Eukaryota»; campo=«incertidumbre publicada»; valor=«no consta para el intervalo de Lechte et al.; incertidumbre exacta de 1.047 Ga no localizada»","0","448","1373e4658ea749685d9b9fdea95e800ff3bff56ab3d2012ae3b9d47d45d55bb6","8a33be0a189a42fe8a6c4b14ae5e36aa8df9da89aa312c045c6fd99de3c3f355","b4ada10d8705991b28ef47f19f000478019114dfd5779907acf9007d932b58e2","Comprobación por el autor de sum(all(component in text for component in componentes) for text in textos) con ExactCooccurrenceIndex.count; componentes de nominal_query y corpus de source_snapshot. Coinciden ambos; resultado literal, no ausencia científica ni adjudicación de revisión."
"BN-440","a8584921124a28b2f9a9f605234740245ab17fda85dddbe325784bfe3d810344","REINSPECCION","2026-09-27T00:43:30Z","/root (autor; no revisión independiente)","C-2620","data/busquedas_negativas/15_4_15-4-registro-material-tiempo-ambiente-y-ecologia.csv","data/tablas/05/table-34-5-8-asignacion-fosil-mas-antigua-localizada-por-nodo.csv","2","quién discute la atribución","identidad=«Eukaryota»; campo=«quién discute la atribución»; valor=«no consta un oponente nominal en las fuentes citadas»","0","448","1373e4658ea749685d9b9fdea95e800ff3bff56ab3d2012ae3b9d47d45d55bb6","8a33be0a189a42fe8a6c4b14ae5e36aa8df9da89aa312c045c6fd99de3c3f355","b4ada10d8705991b28ef47f19f000478019114dfd5779907acf9007d932b58e2","Comprobación por el autor de sum(all(component in text for component in componentes) for text in textos) con ExactCooccurrenceIndex.count; componentes de nominal_query y corpus de source_snapshot. Coinciden ambos; resultado literal, no ausencia científica ni adjudicación de revisión."
"BN-441","d1b38579b124470f5f5eb962ab2f1a003dbe513cde070fd6914e2fb1674edda9","REINSPECCION","2026-09-27T00:43:30Z","/root (autor; no revisión independiente)","C-2622","data/busquedas_negativas/15_4_15-4-registro-material-tiempo-ambiente-y-ecologia.csv","data/tablas/05/table-34-5-8-asignacion-fosil-mas-antigua-localizada-por-nodo.csv","4","edad","identidad=«Amoebozoa»; campo=«edad»; valor=«no consta en la fuente citada por C-713»","0","448","1373e4658ea749685d9b9fdea95e800ff3bff56ab3d2012ae3b9d47d45d55bb6","8a33be0a189a42fe8a6c4b14ae5e36aa8df9da89aa312c045c6fd99de3c3f355","b4ada10d8705991b28ef47f19f000478019114dfd5779907acf9007d932b58e2","Comprobación por el autor de sum(all(component in text for component in componentes) for text in textos) con ExactCooccurrenceIndex.count; componentes de nominal_query y corpus de source_snapshot. Coinciden ambos; resultado literal, no ausencia científica ni adjudicación de revisión."
"BN-442","ddf81974bc980ffef82f98e4fab7e39969ceff72bcea00fac9f13b4b2004eb1f","REINSPECCION","2026-09-27T00:43:31Z","/root (autor; no revisión independiente)","C-2623","data/busquedas_negativas/15_4_15-4-registro-material-tiempo-ambiente-y-ecologia.csv","data/tablas/05/table-34-5-8-asignacion-fosil-mas-antigua-localizada-por-nodo.csv","4","método de datación","identidad=«Amoebozoa»; campo=«método de datación»; valor=«no consta en la fuente citada por C-713»","0","448","1373e4658ea749685d9b9fdea95e800ff3bff56ab3d2012ae3b9d47d45d55bb6","8a33be0a189a42fe8a6c4b14ae5e36aa8df9da89aa312c045c6fd99de3c3f355","b4ada10d8705991b28ef47f19f000478019114dfd5779907acf9007d932b58e2","Comprobación por el autor de sum(all(component in text for component in componentes) for text in textos) con ExactCooccurrenceIndex.count; componentes de nominal_query y corpus de source_snapshot. Coinciden ambos; resultado literal, no ausencia científica ni adjudicación de revisión."
"BN-443","1cdf7fd37d0c8ea7f7f6033ceba40cd456be876495e4c964ad02945d9fb5a5b5","REINSPECCION","2026-09-27T00:43:31Z","/root (autor; no revisión independiente)","C-2624","data/busquedas_negativas/15_4_15-4-registro-material-tiempo-ambiente-y-ecologia.csv","data/tablas/05/table-34-5-8-asignacion-fosil-mas-antigua-localizada-por-nodo.csv","4","incertidumbre publicada","identidad=«Amoebozoa»; campo=«incertidumbre publicada»; valor=«no consta en la fuente citada por C-713»","0","448","1373e4658ea749685d9b9fdea95e800ff3bff56ab3d2012ae3b9d47d45d55bb6","8a33be0a189a42fe8a6c4b14ae5e36aa8df9da89aa312c045c6fd99de3c3f355","b4ada10d8705991b28ef47f19f000478019114dfd5779907acf9007d932b58e2","Comprobación por el autor de sum(all(component in text for component in componentes) for text in textos) con ExactCooccurrenceIndex.count; componentes de nominal_query y corpus de source_snapshot. Coinciden ambos; resultado literal, no ausencia científica ni adjudicación de revisión."
"BN-444","f7c1735fa27ff52797e5964613db155168b71939b7a57da0c8d250a99e674435","REINSPECCION","2026-09-27T00:43:32Z","/root (autor; no revisión independiente)","C-2625","data/busquedas_negativas/15_4_15-4-registro-material-tiempo-ambiente-y-ecologia.csv","data/tablas/05/table-34-5-8-asignacion-fosil-mas-antigua-localizada-por-nodo.csv","4","quién discute la atribución","identidad=«Amoebozoa»; campo=«quién discute la atribución»; valor=«no consta un oponente nominal en la fuente citada»","0","448","1373e4658ea749685d9b9fdea95e800ff3bff56ab3d2012ae3b9d47d45d55bb6","8a33be0a189a42fe8a6c4b14ae5e36aa8df9da89aa312c045c6fd99de3c3f355","b4ada10d8705991b28ef47f19f000478019114dfd5779907acf9007d932b58e2","Comprobación por el autor de sum(all(component in text for component in componentes) for text in textos) con ExactCooccurrenceIndex.count; componentes de nominal_query y corpus de source_snapshot. Coinciden ambos; resultado literal, no ausencia científica ni adjudicación de revisión."
"BN-445","eec6a414b1e511329d7d7dacf3a5b4d8d12f1c04d00fadb10b2d8bcd252782ca","REINSPECCION","2026-09-27T00:43:32Z","/root (autor; no revisión independiente)","C-2626","data/busquedas_negativas/15_4_15-4-registro-material-tiempo-ambiente-y-ecologia.csv","data/tablas/05/table-34-5-8-asignacion-fosil-mas-antigua-localizada-por-nodo.csv","8","quién discute la atribución","identidad=«Opisthokonta»; campo=«quién discute la atribución»; valor=«Loron et al. explicitan el límite taxonómico; no consta otro oponente nominal en las fuentes citadas»","0","448","1373e4658ea749685d9b9fdea95e800ff3bff56ab3d2012ae3b9d47d45d55bb6","8a33be0a189a42fe8a6c4b14ae5e36aa8df9da89aa312c045c6fd99de3c3f355","b4ada10d8705991b28ef47f19f000478019114dfd5779907acf9007d932b58e2","Comprobación por el autor de sum(all(component in text for component in componentes) for text in textos) con ExactCooccurrenceIndex.count; componentes de nominal_query y corpus de source_snapshot. Coinciden ambos; resultado literal, no ausencia científica ni adjudicación de revisión."
"BN-446","70d4c2aee7e17a79dd6b4b0e15a0fb509f3de8c2150ece4f13046cf1f6402e9c","REINSPECCION","2026-09-27T00:43:33Z","/root (autor; no revisión independiente)","C-2628","data/busquedas_negativas/15_4_15-4-registro-material-tiempo-ambiente-y-ecologia.csv","data/tablas/05/table-34-5-8-asignacion-fosil-mas-antigua-localizada-por-nodo.csv","9","quién discute la atribución","identidad=«Holomycota»; campo=«quién discute la atribución»; valor=«Loron et al. explicitan el límite; no consta otro oponente nominal en las fuentes citadas»","0","448","1373e4658ea749685d9b9fdea95e800ff3bff56ab3d2012ae3b9d47d45d55bb6","8a33be0a189a42fe8a6c4b14ae5e36aa8df9da89aa312c045c6fd99de3c3f355","b4ada10d8705991b28ef47f19f000478019114dfd5779907acf9007d932b58e2","Comprobación por el autor de sum(all(component in text for component in componentes) for text in textos) con ExactCooccurrenceIndex.count; componentes de nominal_query y corpus de source_snapshot. Coinciden ambos; resultado literal, no ausencia científica ni adjudicación de revisión."
"BN-447","28b2aa3d0591cae7a654b1dbf282dd773912c8d31bd21ebd48a48cfe2a9dc54e","REINSPECCION","2026-09-27T00:43:33Z","/root (autor; no revisión independiente)","C-2631","data/busquedas_negativas/15_4_15-4-registro-material-tiempo-ambiente-y-ecologia.csv","data/tablas/05/table-34-5-8-asignacion-fosil-mas-antigua-localizada-por-nodo.csv","10","incertidumbre publicada","identidad=«Holozoa»; campo=«incertidumbre publicada»; valor=«no consta en la fuente citada»","0","448","1373e4658ea749685d9b9fdea95e800ff3bff56ab3d2012ae3b9d47d45d55bb6","8a33be0a189a42fe8a6c4b14ae5e36aa8df9da89aa312c045c6fd99de3c3f355","b4ada10d8705991b28ef47f19f000478019114dfd5779907acf9007d932b58e2","Comprobación por el autor de sum(all(component in text for component in componentes) for text in textos) con ExactCooccurrenceIndex.count; componentes de nominal_query y corpus de source_snapshot. Coinciden ambos; resultado literal, no ausencia científica ni adjudicación de revisión."
"BN-448","7a8f2fb7748df88782b6e097a2ad999bd4de7cb1c5820f03ccafcdd6fc6ac000","REINSPECCION","2026-09-27T00:43:34Z","/root (autor; no revisión independiente)","C-2633","data/busquedas_negativas/15_4_15-4-registro-material-tiempo-ambiente-y-ecologia.csv","data/tablas/05/table-34-5-8-asignacion-fosil-mas-antigua-localizada-por-nodo.csv","15","qué se infiere","identidad=«Filozoa»; campo=«qué se infiere»; valor=«afinidad putativa de coanoflagelado y, condicionalmente, inclusión en Filozoa»","0","448","1373e4658ea749685d9b9fdea95e800ff3bff56ab3d2012ae3b9d47d45d55bb6","8a33be0a189a42fe8a6c4b14ae5e36aa8df9da89aa312c045c6fd99de3c3f355","b4ada10d8705991b28ef47f19f000478019114dfd5779907acf9007d932b58e2","Comprobación por el autor de sum(all(component in text for component in componentes) for text in textos) con ExactCooccurrenceIndex.count; componentes de nominal_query y corpus de source_snapshot. Coinciden ambos; resultado literal, no ausencia científica ni adjudicación de revisión."
"BN-449","602ab97b15ead73ffd6f51a31f5bbe1f74ac53b84d22e605ab6f243f450506d5","REINSPECCION","2026-09-27T00:43:34Z","/root (autor; no revisión independiente)","C-2634","data/busquedas_negativas/15_4_15-4-registro-material-tiempo-ambiente-y-ecologia.csv","data/tablas/05/table-34-5-8-asignacion-fosil-mas-antigua-localizada-por-nodo.csv","15","método de datación","identidad=«Filozoa»; campo=«método de datación»; valor=«posición estratigráfica en la Formación Capas Blancas»","0","448","1373e4658ea749685d9b9fdea95e800ff3bff56ab3d2012ae3b9d47d45d55bb6","8a33be0a189a42fe8a6c4b14ae5e36aa8df9da89aa312c045c6fd99de3c3f355","b4ada10d8705991b28ef47f19f000478019114dfd5779907acf9007d932b58e2","Comprobación por el autor de sum(all(component in text for component in componentes) for text in textos) con ExactCooccurrenceIndex.count; componentes de nominal_query y corpus de source_snapshot. Coinciden ambos; resultado literal, no ausencia científica ni adjudicación de revisión."
"BN-450","87b3e8a125e37a04d43ead86b66d337892200772ca55a42da899943b66fe873b","REINSPECCION","2026-09-27T00:43:35Z","/root (autor; no revisión independiente)","C-2635","data/busquedas_negativas/15_4_15-4-registro-material-tiempo-ambiente-y-ecologia.csv","data/tablas/05/table-34-5-8-asignacion-fosil-mas-antigua-localizada-por-nodo.csv","16","qué se infiere","identidad=«Choanozoa *sensu stricto* ≈ Apoikozoa»; campo=«qué se infiere»; valor=«afinidad putativa de coanoflagelado y, condicionalmente, inclusión en Choanozoa»","0","448","1373e4658ea749685d9b9fdea95e800ff3bff56ab3d2012ae3b9d47d45d55bb6","8a33be0a189a42fe8a6c4b14ae5e36aa8df9da89aa312c045c6fd99de3c3f355","b4ada10d8705991b28ef47f19f000478019114dfd5779907acf9007d932b58e2","Comprobación por el autor de sum(all(component in text for component in componentes) for text in textos) con ExactCooccurrenceIndex.count; componentes de nominal_query y corpus de source_snapshot. Coinciden ambos; resultado literal, no ausencia científica ni adjudicación de revisión."
"BN-451","31dd28686bb77901b5bb7c4aab897b89733ee2fc9902d94ba85b717a07b849d4","REINSPECCION","2026-09-27T00:43:35Z","/root (autor; no revisión independiente)","C-2636","data/busquedas_negativas/15_4_15-4-registro-material-tiempo-ambiente-y-ecologia.csv","data/tablas/05/table-34-5-8-asignacion-fosil-mas-antigua-localizada-por-nodo.csv","16","método de datación","identidad=«Choanozoa *sensu stricto* ≈ Apoikozoa»; campo=«método de datación»; valor=«posición estratigráfica en la Formación Capas Blancas»","0","448","1373e4658ea749685d9b9fdea95e800ff3bff56ab3d2012ae3b9d47d45d55bb6","8a33be0a189a42fe8a6c4b14ae5e36aa8df9da89aa312c045c6fd99de3c3f355","b4ada10d8705991b28ef47f19f000478019114dfd5779907acf9007d932b58e2","Comprobación por el autor de sum(all(component in text for component in componentes) for text in textos) con ExactCooccurrenceIndex.count; componentes de nominal_query y corpus de source_snapshot. Coinciden ambos; resultado literal, no ausencia científica ni adjudicación de revisión."
"BN-452","8b8b292e472e764cd7d5e282eb3b744a6f475193cb91d9674b8657d531abacf2","REINSPECCION","2026-09-27T00:43:35Z","/root (autor; no revisión independiente)","C-2637","data/busquedas_negativas/15_4_15-4-registro-material-tiempo-ambiente-y-ecologia.csv","data/tablas/05/table-34-5-8-asignacion-fosil-mas-antigua-localizada-por-nodo.csv","17","método de datación","identidad=«Choanoflagellata»; campo=«método de datación»; valor=«posición estratigráfica en la Formación Capas Blancas»","0","448","1373e4658ea749685d9b9fdea95e800ff3bff56ab3d2012ae3b9d47d45d55bb6","8a33be0a189a42fe8a6c4b14ae5e36aa8df9da89aa312c045c6fd99de3c3f355","b4ada10d8705991b28ef47f19f000478019114dfd5779907acf9007d932b58e2","Comprobación por el autor de sum(all(component in text for component in componentes) for text in textos) con ExactCooccurrenceIndex.count; componentes de nominal_query y corpus de source_snapshot. Coinciden ambos; resultado literal, no ausencia científica ni adjudicación de revisión."
"BN-453","93fe712566d1cb40269d09e5c10e626e2ae9c9d1e59466ac1ecfea21aa83e12b","REINSPECCION","2026-09-27T00:43:36Z","/root (autor; no revisión independiente)","C-2638","data/busquedas_negativas/15_4_15-4-registro-material-tiempo-ambiente-y-ecologia.csv","data/tablas/05/table-34-5-8-asignacion-fosil-mas-antigua-localizada-por-nodo.csv","18","fósil más antiguo localizado","identidad=«Metazoa»; campo=«fósil más antiguo localizado»; valor=«candidatos de Weng’an sin asignación resuelta»","0","448","1373e4658ea749685d9b9fdea95e800ff3bff56ab3d2012ae3b9d47d45d55bb6","8a33be0a189a42fe8a6c4b14ae5e36aa8df9da89aa312c045c6fd99de3c3f355","b4ada10d8705991b28ef47f19f000478019114dfd5779907acf9007d932b58e2","Comprobación por el autor de sum(all(component in text for component in componentes) for text in textos) con ExactCooccurrenceIndex.count; componentes de nominal_query y corpus de source_snapshot. Coinciden ambos; resultado literal, no ausencia científica ni adjudicación de revisión."
"BN-454","ace778d92f76d16176d1093aa794836a9ef1c1c68247f8318f9c935b2fe933ed","REINSPECCION","2026-09-27T00:43:37Z","/root (autor; no revisión independiente)","C-2640","data/busquedas_negativas/15_4_15-4-registro-material-tiempo-ambiente-y-ecologia.csv","data/tablas/05/table-34-5-8-asignacion-fosil-mas-antigua-localizada-por-nodo.csv","18","quién discute la atribución","identidad=«Metazoa»; campo=«quién discute la atribución»; valor=«Huldtgren et al.; Chen et al.; Moczydłowska et al.»","0","448","1373e4658ea749685d9b9fdea95e800ff3bff56ab3d2012ae3b9d47d45d55bb6","8a33be0a189a42fe8a6c4b14ae5e36aa8df9da89aa312c045c6fd99de3c3f355","b4ada10d8705991b28ef47f19f000478019114dfd5779907acf9007d932b58e2","Comprobación por el autor de sum(all(component in text for component in componentes) for text in textos) con ExactCooccurrenceIndex.count; componentes de nominal_query y corpus de source_snapshot. Coinciden ambos; resultado literal, no ausencia científica ni adjudicación de revisión."
"BN-455","30644ce1b2362ce90afdedc40adf6620b7d27af55e9b466a6236fc869d83e760","REINSPECCION","2026-09-27T00:43:37Z","/root (autor; no revisión independiente)","C-2683","data/busquedas_negativas/15_5_15-5-asociacion-integracion-y-transferencia.csv","data/tablas/09/table-43-9-4-1-fichas-comparativas-por-grado-de-integracion.csv","2","genoma del socio comparado con parientes de vida libre","identidad=«Mecanismo: sintrofía externa — *Lenisia limosa*–*Arcobacter*»; campo=«genoma del socio comparado con parientes de vida libre»; valor=«NO DOCUMENTADO POR LAS C CITADAS EN ESTA FICHA»","0","448","1373e4658ea749685d9b9fdea95e800ff3bff56ab3d2012ae3b9d47d45d55bb6","8a33be0a189a42fe8a6c4b14ae5e36aa8df9da89aa312c045c6fd99de3c3f355","b4ada10d8705991b28ef47f19f000478019114dfd5779907acf9007d932b58e2","Comprobación por el autor de sum(all(component in text for component in componentes) for text in textos) con ExactCooccurrenceIndex.count; componentes de nominal_query y corpus de source_snapshot. Coinciden ambos; resultado literal, no ausencia científica ni adjudicación de revisión."
"BN-456","80471fe1d457cdeb17dde0c9a6ad88da69f9b981837014b69d34b52c6783123b","REINSPECCION","2026-09-27T00:43:37Z","/root (autor; no revisión independiente)","C-2684","data/busquedas_negativas/15_5_15-5-asociacion-integracion-y-transferencia.csv","data/tablas/09/table-43-9-4-1-fichas-comparativas-por-grado-de-integracion.csv","2","EGT al núcleo; importación de proteínas de vuelta","identidad=«Mecanismo: sintrofía externa — *Lenisia limosa*–*Arcobacter*»; campo=«EGT al núcleo; importación de proteínas de vuelta»; valor=«EGT: NO DOCUMENTADA; importación: NO DOCUMENTADA POR LAS C CITADAS»","0","448","1373e4658ea749685d9b9fdea95e800ff3bff56ab3d2012ae3b9d47d45d55bb6","8a33be0a189a42fe8a6c4b14ae5e36aa8df9da89aa312c045c6fd99de3c3f355","b4ada10d8705991b28ef47f19f000478019114dfd5779907acf9007d932b58e2","Comprobación por el autor de sum(all(component in text for component in componentes) for text in textos) con ExactCooccurrenceIndex.count; componentes de nominal_query y corpus de source_snapshot. Coinciden ambos; resultado literal, no ausencia científica ni adjudicación de revisión."
"BN-457","bd646cdc5bc6ef239569334d9a999ad438ff39edb735e53cc8baf0a164a6fdb7","REINSPECCION","2026-09-27T00:43:38Z","/root (autor; no revisión independiente)","C-2685","data/busquedas_negativas/15_5_15-5-asociacion-integracion-y-transferencia.csv","data/tablas/09/table-43-9-4-1-fichas-comparativas-por-grado-de-integracion.csv","2","estado obligado, facultativo o reversible","identidad=«Mecanismo: sintrofía externa — *Lenisia limosa*–*Arcobacter*»; campo=«estado obligado, facultativo o reversible»; valor=«estado de obligación no resuelto; asociación externa funcional mantenida en cultivo»","0","448","1373e4658ea749685d9b9fdea95e800ff3bff56ab3d2012ae3b9d47d45d55bb6","8a33be0a189a42fe8a6c4b14ae5e36aa8df9da89aa312c045c6fd99de3c3f355","b4ada10d8705991b28ef47f19f000478019114dfd5779907acf9007d932b58e2","Comprobación por el autor de sum(all(component in text for component in componentes) for text in textos) con ExactCooccurrenceIndex.count; componentes de nominal_query y corpus de source_snapshot. Coinciden ambos; resultado literal, no ausencia científica ni adjudicación de revisión."
"BN-458","f8a34b9b2ccc6983b8efcafe7b848bff2a6b6d0ce7701233049321591251a8b7","REINSPECCION","2026-09-27T00:43:39Z","/root (autor; no revisión independiente)","C-2687","data/busquedas_negativas/15_5_15-5-asociacion-integracion-y-transferencia.csv","data/tablas/09/table-43-9-4-1-fichas-comparativas-por-grado-de-integracion.csv","3","genoma del socio comparado con parientes de vida libre","identidad=«Mecanismo: consorcio extracelular con transferencia de electrones — ANME–SRB»; campo=«genoma del socio comparado con parientes de vida libre»; valor=«NO DOCUMENTADO POR LAS C CITADAS EN ESTA FICHA»","0","448","1373e4658ea749685d9b9fdea95e800ff3bff56ab3d2012ae3b9d47d45d55bb6","8a33be0a189a42fe8a6c4b14ae5e36aa8df9da89aa312c045c6fd99de3c3f355","b4ada10d8705991b28ef47f19f000478019114dfd5779907acf9007d932b58e2","Comprobación por el autor de sum(all(component in text for component in componentes) for text in textos) con ExactCooccurrenceIndex.count; componentes de nominal_query y corpus de source_snapshot. Coinciden ambos; resultado literal, no ausencia científica ni adjudicación de revisión."
"BN-459","3b883794baa61880111d8bf4ec281d5875803e1cd5b3e8a034fd24846905d01f","REINSPECCION","2026-09-27T00:43:39Z","/root (autor; no revisión independiente)","C-2688","data/busquedas_negativas/15_5_15-5-asociacion-integracion-y-transferencia.csv","data/tablas/09/table-43-9-4-1-fichas-comparativas-por-grado-de-integracion.csv","3","EGT al núcleo; importación de proteínas de vuelta","identidad=«Mecanismo: consorcio extracelular con transferencia de electrones — ANME–SRB»; campo=«EGT al núcleo; importación de proteínas de vuelta»; valor=«EGT: NO DOCUMENTADA; importación: NO DOCUMENTADA POR LAS C CITADAS»","0","448","1373e4658ea749685d9b9fdea95e800ff3bff56ab3d2012ae3b9d47d45d55bb6","8a33be0a189a42fe8a6c4b14ae5e36aa8df9da89aa312c045c6fd99de3c3f355","b4ada10d8705991b28ef47f19f000478019114dfd5779907acf9007d932b58e2","Comprobación por el autor de sum(all(component in text for component in componentes) for text in textos) con ExactCooccurrenceIndex.count; componentes de nominal_query y corpus de source_snapshot. Coinciden ambos; resultado literal, no ausencia científica ni adjudicación de revisión."
"BN-460","6058d592097425de34f3663f4baf443ffad97d2acb5bc3f5847f946ce0b5fc6e","REINSPECCION","2026-09-27T00:43:40Z","/root (autor; no revisión independiente)","C-2689","data/busquedas_negativas/15_5_15-5-asociacion-integracion-y-transferencia.csv","data/tablas/09/table-43-9-4-1-fichas-comparativas-por-grado-de-integracion.csv","3","estado obligado, facultativo o reversible","identidad=«Mecanismo: consorcio extracelular con transferencia de electrones — ANME–SRB»; campo=«estado obligado, facultativo o reversible»; valor=«estado de obligación no resuelto; consorcio extracelular estable»","0","448","1373e4658ea749685d9b9fdea95e800ff3bff56ab3d2012ae3b9d47d45d55bb6","8a33be0a189a42fe8a6c4b14ae5e36aa8df9da89aa312c045c6fd99de3c3f355","b4ada10d8705991b28ef47f19f000478019114dfd5779907acf9007d932b58e2","Comprobación por el autor de sum(all(component in text for component in componentes) for text in textos) con ExactCooccurrenceIndex.count; componentes de nominal_query y corpus de source_snapshot. Coinciden ambos; resultado literal, no ausencia científica ni adjudicación de revisión."
"BN-461","69550af5f1efe97a7a957900098ac8943776033453317e324e05400ab90d06ec","REINSPECCION","2026-09-27T00:43:41Z","/root (autor; no revisión independiente)","C-2691","data/busquedas_negativas/15_5_15-5-asociacion-integracion-y-transferencia.csv","data/tablas/09/table-43-9-4-1-fichas-comparativas-por-grado-de-integracion.csv","4","transmisión","identidad=«Mecanismo: endosimbiosis metabólica — *Pelomyxa*–metanógenos»; campo=«transmisión»; valor=«NO DOCUMENTADA POR LAS C CITADAS EN ESTA FICHA»","0","448","1373e4658ea749685d9b9fdea95e800ff3bff56ab3d2012ae3b9d47d45d55bb6","8a33be0a189a42fe8a6c4b14ae5e36aa8df9da89aa312c045c6fd99de3c3f355","b4ada10d8705991b28ef47f19f000478019114dfd5779907acf9007d932b58e2","Comprobación por el autor de sum(all(component in text for component in componentes) for text in textos) con ExactCooccurrenceIndex.count; componentes de nominal_query y corpus de source_snapshot. Coinciden ambos; resultado literal, no ausencia científica ni adjudicación de revisión."
"BN-462","6e6a8d54a4ed92a9d88c4a339f839b57348b14f254fde2848391ab54af194377","REINSPECCION","2026-09-27T00:43:41Z","/root (autor; no revisión independiente)","C-2692","data/busquedas_negativas/15_5_15-5-asociacion-integracion-y-transferencia.csv","data/tablas/09/table-43-9-4-1-fichas-comparativas-por-grado-de-integracion.csv","4","genoma del socio comparado con parientes de vida libre","identidad=«Mecanismo: endosimbiosis metabólica — *Pelomyxa*–metanógenos»; campo=«genoma del socio comparado con parientes de vida libre»; valor=«NO DOCUMENTADO POR LAS C CITADAS EN ESTA FICHA»","0","448","1373e4658ea749685d9b9fdea95e800ff3bff56ab3d2012ae3b9d47d45d55bb6","8a33be0a189a42fe8a6c4b14ae5e36aa8df9da89aa312c045c6fd99de3c3f355","b4ada10d8705991b28ef47f19f000478019114dfd5779907acf9007d932b58e2","Comprobación por el autor de sum(all(component in text for component in componentes) for text in textos) con ExactCooccurrenceIndex.count; componentes de nominal_query y corpus de source_snapshot. Coinciden ambos; resultado literal, no ausencia científica ni adjudicación de revisión."
"BN-463","250a48bd1ca8d87921ef03083da119669b23b86c57a4b545b60842f5151b33af","REINSPECCION","2026-09-27T00:43:41Z","/root (autor; no revisión independiente)","C-2693","data/busquedas_negativas/15_5_15-5-asociacion-integracion-y-transferencia.csv","data/tablas/09/table-43-9-4-1-fichas-comparativas-por-grado-de-integracion.csv","4","EGT al núcleo; importación de proteínas de vuelta","identidad=«Mecanismo: endosimbiosis metabólica — *Pelomyxa*–metanógenos»; campo=«EGT al núcleo; importación de proteínas de vuelta»; valor=«EGT: NO DOCUMENTADA; importación: NO DOCUMENTADA POR LAS C CITADAS»","0","448","1373e4658ea749685d9b9fdea95e800ff3bff56ab3d2012ae3b9d47d45d55bb6","8a33be0a189a42fe8a6c4b14ae5e36aa8df9da89aa312c045c6fd99de3c3f355","b4ada10d8705991b28ef47f19f000478019114dfd5779907acf9007d932b58e2","Comprobación por el autor de sum(all(component in text for component in componentes) for text in textos) con ExactCooccurrenceIndex.count; componentes de nominal_query y corpus de source_snapshot. Coinciden ambos; resultado literal, no ausencia científica ni adjudicación de revisión."
"BN-464","69f3122a705ace3470319213e5172b0fbcf971bbfa13a327e53fec3768ea4ddf","REINSPECCION","2026-09-27T00:43:42Z","/root (autor; no revisión independiente)","C-2694","data/busquedas_negativas/15_5_15-5-asociacion-integracion-y-transferencia.csv","data/tablas/09/table-43-9-4-1-fichas-comparativas-por-grado-de-integracion.csv","4","estado obligado, facultativo o reversible","identidad=«Mecanismo: endosimbiosis metabólica — *Pelomyxa*–metanógenos»; campo=«estado obligado, facultativo o reversible»; valor=«estado de obligación no resuelto y la identidad del metanógeno de P. palustris no es universal»","0","448","1373e4658ea749685d9b9fdea95e800ff3bff56ab3d2012ae3b9d47d45d55bb6","8a33be0a189a42fe8a6c4b14ae5e36aa8df9da89aa312c045c6fd99de3c3f355","b4ada10d8705991b28ef47f19f000478019114dfd5779907acf9007d932b58e2","Comprobación por el autor de sum(all(component in text for component in componentes) for text in textos) con ExactCooccurrenceIndex.count; componentes de nominal_query y corpus de source_snapshot. Coinciden ambos; resultado literal, no ausencia científica ni adjudicación de revisión."
"BN-465","b1ff8600886e87978c9380ebdd3bc205d4a406a2d9aa12fa2e71ebfd04252e86","REINSPECCION","2026-09-27T00:43:43Z","/root (autor; no revisión independiente)","C-2695","data/busquedas_negativas/15_5_15-5-asociacion-integracion-y-transferencia.csv","data/tablas/09/table-43-9-4-1-fichas-comparativas-por-grado-de-integracion.csv","5","aporte documentado del hospedador; aporte documentado del socio","identidad=«Mecanismo: adquisiciones múltiples con transmisión variable — ciliados anaerobios–metanógenos»; campo=«aporte documentado del hospedador; aporte documentado del socio»; valor=«Hospedador: hábitat intracelular y H₂; socio: metanogénesis; otros aportes NO DOCUMENTADOS POR LAS C CITADAS.»","0","448","1373e4658ea749685d9b9fdea95e800ff3bff56ab3d2012ae3b9d47d45d55bb6","8a33be0a189a42fe8a6c4b14ae5e36aa8df9da89aa312c045c6fd99de3c3f355","b4ada10d8705991b28ef47f19f000478019114dfd5779907acf9007d932b58e2","Comprobación por el autor de sum(all(component in text for component in componentes) for text in textos) con ExactCooccurrenceIndex.count; componentes de nominal_query y corpus de source_snapshot. Coinciden ambos; resultado literal, no ausencia científica ni adjudicación de revisión."
"BN-466","74f5ebc7447346bc6530fc757534829dda838b6ea1a2d75121dddf169d361dde","REINSPECCION","2026-09-27T00:43:43Z","/root (autor; no revisión independiente)","C-2697","data/busquedas_negativas/15_5_15-5-asociacion-integracion-y-transferencia.csv","data/tablas/09/table-43-9-4-1-fichas-comparativas-por-grado-de-integracion.csv","5","genoma del socio comparado con parientes de vida libre","identidad=«Mecanismo: adquisiciones múltiples con transmisión variable — ciliados anaerobios–metanógenos»; campo=«genoma del socio comparado con parientes de vida libre»; valor=«NO DOCUMENTADO POR LAS C CITADAS EN ESTA FICHA»","0","448","1373e4658ea749685d9b9fdea95e800ff3bff56ab3d2012ae3b9d47d45d55bb6","8a33be0a189a42fe8a6c4b14ae5e36aa8df9da89aa312c045c6fd99de3c3f355","b4ada10d8705991b28ef47f19f000478019114dfd5779907acf9007d932b58e2","Comprobación por el autor de sum(all(component in text for component in componentes) for text in textos) con ExactCooccurrenceIndex.count; componentes de nominal_query y corpus de source_snapshot. Coinciden ambos; resultado literal, no ausencia científica ni adjudicación de revisión."
"BN-467","6d102f26683adf4dbd8047c9f9b9ec1e851622ea570eb35a7fd57c2c603f9569","REINSPECCION","2026-09-27T00:43:44Z","/root (autor; no revisión independiente)","C-2698","data/busquedas_negativas/15_5_15-5-asociacion-integracion-y-transferencia.csv","data/tablas/09/table-43-9-4-1-fichas-comparativas-por-grado-de-integracion.csv","5","EGT al núcleo; importación de proteínas de vuelta","identidad=«Mecanismo: adquisiciones múltiples con transmisión variable — ciliados anaerobios–metanógenos»; campo=«EGT al núcleo; importación de proteínas de vuelta»; valor=«EGT: NO DOCUMENTADA; importación: NO DOCUMENTADA POR LAS C CITADAS»","0","448","1373e4658ea749685d9b9fdea95e800ff3bff56ab3d2012ae3b9d47d45d55bb6","8a33be0a189a42fe8a6c4b14ae5e36aa8df9da89aa312c045c6fd99de3c3f355","b4ada10d8705991b28ef47f19f000478019114dfd5779907acf9007d932b58e2","Comprobación por el autor de sum(all(component in text for component in componentes) for text in textos) con ExactCooccurrenceIndex.count; componentes de nominal_query y corpus de source_snapshot. Coinciden ambos; resultado literal, no ausencia científica ni adjudicación de revisión."
"BN-468","ddf867d5abb5ce88dae944cbe951c96e1d9e99086219b0561f10eb89a8eb0928","REINSPECCION","2026-09-27T00:43:44Z","/root (autor; no revisión independiente)","C-2699","data/busquedas_negativas/15_5_15-5-asociacion-integracion-y-transferencia.csv","data/tablas/09/table-43-9-4-1-fichas-comparativas-por-grado-de-integracion.csv","5","estado obligado, facultativo o reversible","identidad=«Mecanismo: adquisiciones múltiples con transmisión variable — ciliados anaerobios–metanógenos»; campo=«estado obligado, facultativo o reversible»; valor=«depende del linaje; no se clasifica todo el grupo como obligado o facultativo»","0","448","1373e4658ea749685d9b9fdea95e800ff3bff56ab3d2012ae3b9d47d45d55bb6","8a33be0a189a42fe8a6c4b14ae5e36aa8df9da89aa312c045c6fd99de3c3f355","b4ada10d8705991b28ef47f19f000478019114dfd5779907acf9007d932b58e2","Comprobación por el autor de sum(all(component in text for component in componentes) for text in textos) con ExactCooccurrenceIndex.count; componentes de nominal_query y corpus de source_snapshot. Coinciden ambos; resultado literal, no ausencia científica ni adjudicación de revisión."
"BN-469","9b8d1403263002a6d658f5e0ed5bf99703f6de8f0fe8d92faecd9b13deb6aef3","REINSPECCION","2026-09-27T00:43:45Z","/root (autor; no revisión independiente)","C-2702","data/busquedas_negativas/15_5_15-5-asociacion-integracion-y-transferencia.csv","data/tablas/09/table-43-9-4-1-fichas-comparativas-por-grado-de-integracion.csv","6","transmisión","identidad=«Mecanismo: control hospedador de la división endosimbionte — *Angomonas deanei*–*Kinetoplastibacterium*»; campo=«transmisión»; valor=«división sincronizada con el ciclo celular del hospedador; modo entre generaciones NO DOCUMENTADO EN ESTA FICHA»","0","448","1373e4658ea749685d9b9fdea95e800ff3bff56ab3d2012ae3b9d47d45d55bb6","8a33be0a189a42fe8a6c4b14ae5e36aa8df9da89aa312c045c6fd99de3c3f355","b4ada10d8705991b28ef47f19f000478019114dfd5779907acf9007d932b58e2","Comprobación por el autor de sum(all(component in text for component in componentes) for text in textos) con ExactCooccurrenceIndex.count; componentes de nominal_query y corpus de source_snapshot. Coinciden ambos; resultado literal, no ausencia científica ni adjudicación de revisión."
"BN-470","3c7eccca11f370bf4ad59614ff25353e3d3244750fc85b8c66a00c52051216c4","REINSPECCION","2026-09-27T00:43:46Z","/root (autor; no revisión independiente)","C-2704","data/busquedas_negativas/15_5_15-5-asociacion-integracion-y-transferencia.csv","data/tablas/09/table-43-9-4-1-fichas-comparativas-por-grado-de-integracion.csv","6","estado obligado, facultativo o reversible","identidad=«Mecanismo: control hospedador de la división endosimbionte — *Angomonas deanei*–*Kinetoplastibacterium*»; campo=«estado obligado, facultativo o reversible»; valor=«dependencia integrada; reversibilidad NO DOCUMENTADA»","0","448","1373e4658ea749685d9b9fdea95e800ff3bff56ab3d2012ae3b9d47d45d55bb6","8a33be0a189a42fe8a6c4b14ae5e36aa8df9da89aa312c045c6fd99de3c3f355","b4ada10d8705991b28ef47f19f000478019114dfd5779907acf9007d932b58e2","Comprobación por el autor de sum(all(component in text for component in componentes) for text in textos) con ExactCooccurrenceIndex.count; componentes de nominal_query y corpus de source_snapshot. Coinciden ambos; resultado literal, no ausencia científica ni adjudicación de revisión."
"BN-471","39072d04a15a1f4567c56fba7af8a5c56864a6f2fa8d94283f33c3d88d43afef","REINSPECCION","2026-09-27T00:43:46Z","/root (autor; no revisión independiente)","C-2705","data/busquedas_negativas/15_5_15-5-asociacion-integracion-y-transferencia.csv","data/tablas/09/table-43-9-4-1-fichas-comparativas-por-grado-de-integracion.csv","7","aporte documentado del hospedador; aporte documentado del socio","identidad=«Mecanismo: endosimbiosis eucariota obligada — *Paramoeba*–*Perkinsela*»; campo=«aporte documentado del hospedador; aporte documentado del socio»; valor=«Hospedador: citoplasma y metabolitos; socio: rutas complementarias dentro de una interdependencia metabólica.»","0","448","1373e4658ea749685d9b9fdea95e800ff3bff56ab3d2012ae3b9d47d45d55bb6","8a33be0a189a42fe8a6c4b14ae5e36aa8df9da89aa312c045c6fd99de3c3f355","b4ada10d8705991b28ef47f19f000478019114dfd5779907acf9007d932b58e2","Comprobación por el autor de sum(all(component in text for component in componentes) for text in textos) con ExactCooccurrenceIndex.count; componentes de nominal_query y corpus de source_snapshot. Coinciden ambos; resultado literal, no ausencia científica ni adjudicación de revisión."
"BN-472","45f6ce44f5f104d851549f705edb86e17edb710c5f291ce94a93a04b60effe98","REINSPECCION","2026-09-27T00:43:47Z","/root (autor; no revisión independiente)","C-2707","data/busquedas_negativas/15_5_15-5-asociacion-integracion-y-transferencia.csv","data/tablas/09/table-43-9-4-1-fichas-comparativas-por-grado-de-integracion.csv","7","transmisión","identidad=«Mecanismo: endosimbiosis eucariota obligada — *Paramoeba*–*Perkinsela*»; campo=«transmisión»; valor=«NO DOCUMENTADA POR LAS C CITADAS EN ESTA FICHA»","0","448","1373e4658ea749685d9b9fdea95e800ff3bff56ab3d2012ae3b9d47d45d55bb6","8a33be0a189a42fe8a6c4b14ae5e36aa8df9da89aa312c045c6fd99de3c3f355","b4ada10d8705991b28ef47f19f000478019114dfd5779907acf9007d932b58e2","Comprobación por el autor de sum(all(component in text for component in componentes) for text in textos) con ExactCooccurrenceIndex.count; componentes de nominal_query y corpus de source_snapshot. Coinciden ambos; resultado literal, no ausencia científica ni adjudicación de revisión."
"BN-473","8b684003e9231d971ecc8785fb5e102bac4745565015227ac44be3594da061ec","REINSPECCION","2026-09-27T00:43:47Z","/root (autor; no revisión independiente)","C-2708","data/busquedas_negativas/15_5_15-5-asociacion-integracion-y-transferencia.csv","data/tablas/09/table-43-9-4-1-fichas-comparativas-por-grado-de-integracion.csv","7","genoma del socio comparado con parientes de vida libre","identidad=«Mecanismo: endosimbiosis eucariota obligada — *Paramoeba*–*Perkinsela*»; campo=«genoma del socio comparado con parientes de vida libre»; valor=«núcleo aprox. 9,5 Mb; mitocondria conserva 6 genes proteicos; comparación con pariente libre NO LOCALIZADA»","0","448","1373e4658ea749685d9b9fdea95e800ff3bff56ab3d2012ae3b9d47d45d55bb6","8a33be0a189a42fe8a6c4b14ae5e36aa8df9da89aa312c045c6fd99de3c3f355","b4ada10d8705991b28ef47f19f000478019114dfd5779907acf9007d932b58e2","Comprobación por el autor de sum(all(component in text for component in componentes) for text in textos) con ExactCooccurrenceIndex.count; componentes de nominal_query y corpus de source_snapshot. Coinciden ambos; resultado literal, no ausencia científica ni adjudicación de revisión."
"BN-474","b497b0a6ed8d3c929a087ba7ad922e4dddc4f07d89b94f1bd6fdcb1d42e08e7c","REINSPECCION","2026-09-27T00:43:47Z","/root (autor; no revisión independiente)","C-2709","data/busquedas_negativas/15_5_15-5-asociacion-integracion-y-transferencia.csv","data/tablas/09/table-43-9-4-1-fichas-comparativas-por-grado-de-integracion.csv","7","EGT al núcleo; importación de proteínas de vuelta","identidad=«Mecanismo: endosimbiosis eucariota obligada — *Paramoeba*–*Perkinsela*»; campo=«EGT al núcleo; importación de proteínas de vuelta»; valor=«EGT: NO DOCUMENTADA; importación de vuelta: NO DOCUMENTADA; Perkinsela incorpora material citoplasmático del hospedador»","0","448","1373e4658ea749685d9b9fdea95e800ff3bff56ab3d2012ae3b9d47d45d55bb6","8a33be0a189a42fe8a6c4b14ae5e36aa8df9da89aa312c045c6fd99de3c3f355","b4ada10d8705991b28ef47f19f000478019114dfd5779907acf9007d932b58e2","Comprobación por el autor de sum(all(component in text for component in componentes) for text in textos) con ExactCooccurrenceIndex.count; componentes de nominal_query y corpus de source_snapshot. Coinciden ambos; resultado literal, no ausencia científica ni adjudicación de revisión."
"BN-475","30cc0d59872e1f716a09ff17de0afae2c2e70337a0609a10fe980d6f1048fac1","REINSPECCION","2026-09-27T00:43:48Z","/root (autor; no revisión independiente)","C-2710","data/busquedas_negativas/15_5_15-5-asociacion-integracion-y-transferencia.csv","data/tablas/09/table-43-9-4-1-fichas-comparativas-por-grado-de-integracion.csv","8","estado obligado, facultativo o reversible","identidad=«Mecanismo: orgánulo fotosintético con EGT e importación — *Paulinella chromatophora*–cromatóforo»; campo=«estado obligado, facultativo o reversible»; valor=«integración funcional heredada; reversibilidad NO DOCUMENTADA»","0","448","1373e4658ea749685d9b9fdea95e800ff3bff56ab3d2012ae3b9d47d45d55bb6","8a33be0a189a42fe8a6c4b14ae5e36aa8df9da89aa312c045c6fd99de3c3f355","b4ada10d8705991b28ef47f19f000478019114dfd5779907acf9007d932b58e2","Comprobación por el autor de sum(all(component in text for component in componentes) for text in textos) con ExactCooccurrenceIndex.count; componentes de nominal_query y corpus de source_snapshot. Coinciden ambos; resultado literal, no ausencia científica ni adjudicación de revisión."
"BN-476","7a640ecb2c86001459c6d243812ab844ee22bd976c282412b8aca1cadeec9dc3","REINSPECCION","2026-09-27T00:43:48Z","/root (autor; no revisión independiente)","C-2711","data/busquedas_negativas/15_5_15-5-asociacion-integracion-y-transferencia.csv","data/tablas/09/table-43-9-4-1-fichas-comparativas-por-grado-de-integracion.csv","9","transmisión","identidad=«Mecanismo: orgánulo fijador de nitrógeno propuesto — *Braarudosphaera bigelowii*–UCYN-A»; campo=«transmisión»; valor=«división coordinada con el ciclo celular; modo entre generaciones NO DOCUMENTADO EN ESTA FICHA»","0","448","1373e4658ea749685d9b9fdea95e800ff3bff56ab3d2012ae3b9d47d45d55bb6","8a33be0a189a42fe8a6c4b14ae5e36aa8df9da89aa312c045c6fd99de3c3f355","b4ada10d8705991b28ef47f19f000478019114dfd5779907acf9007d932b58e2","Comprobación por el autor de sum(all(component in text for component in componentes) for text in textos) con ExactCooccurrenceIndex.count; componentes de nominal_query y corpus de source_snapshot. Coinciden ambos; resultado literal, no ausencia científica ni adjudicación de revisión."
"BN-477","c50d5a148fd929f989ede7e4f41b129559b2d14ca64fe45d1dace5dcc1df28a9","REINSPECCION","2026-09-27T00:43:48Z","/root (autor; no revisión independiente)","C-2712","data/busquedas_negativas/15_5_15-5-asociacion-integracion-y-transferencia.csv","data/tablas/09/table-43-9-4-1-fichas-comparativas-por-grado-de-integracion.csv","9","genoma del socio comparado con parientes de vida libre","identidad=«Mecanismo: orgánulo fijador de nitrógeno propuesto — *Braarudosphaera bigelowii*–UCYN-A»; campo=«genoma del socio comparado con parientes de vida libre»; valor=«NO DOCUMENTADO POR LAS C CITADAS EN ESTA FICHA»","0","448","1373e4658ea749685d9b9fdea95e800ff3bff56ab3d2012ae3b9d47d45d55bb6","8a33be0a189a42fe8a6c4b14ae5e36aa8df9da89aa312c045c6fd99de3c3f355","b4ada10d8705991b28ef47f19f000478019114dfd5779907acf9007d932b58e2","Comprobación por el autor de sum(all(component in text for component in componentes) for text in textos) con ExactCooccurrenceIndex.count; componentes de nominal_query y corpus de source_snapshot. Coinciden ambos; resultado literal, no ausencia científica ni adjudicación de revisión."
"BN-478","3f93cce5449daa80dc7c3ef4d8e0d6bd0a657cac5f228e959b1fb4b5c3b41876","REINSPECCION","2026-09-27T00:43:49Z","/root (autor; no revisión independiente)","C-2713","data/busquedas_negativas/15_5_15-5-asociacion-integracion-y-transferencia.csv","data/tablas/09/table-43-9-4-1-fichas-comparativas-por-grado-de-integracion.csv","9","EGT al núcleo; importación de proteínas de vuelta","identidad=«Mecanismo: orgánulo fijador de nitrógeno propuesto — *Braarudosphaera bigelowii*–UCYN-A»; campo=«EGT al núcleo; importación de proteínas de vuelta»; valor=«EGT: NO DEMOSTRADA POR LAS FUENTES RECUPERADAS; importación: proteínas nucleares dirigidas a UCYN-A»","0","448","1373e4658ea749685d9b9fdea95e800ff3bff56ab3d2012ae3b9d47d45d55bb6","8a33be0a189a42fe8a6c4b14ae5e36aa8df9da89aa312c045c6fd99de3c3f355","b4ada10d8705991b28ef47f19f000478019114dfd5779907acf9007d932b58e2","Comprobación por el autor de sum(all(component in text for component in componentes) for text in textos) con ExactCooccurrenceIndex.count; componentes de nominal_query y corpus de source_snapshot. Coinciden ambos; resultado literal, no ausencia científica ni adjudicación de revisión."
"BN-479","f0473cc12316a45bc97b15464144cdb06f1e212a46830b134e58a092ae6364d4","REINSPECCION","2026-09-27T00:43:49Z","/root (autor; no revisión independiente)","C-2714","data/busquedas_negativas/15_5_15-5-asociacion-integracion-y-transferencia.csv","data/tablas/09/table-43-9-4-1-fichas-comparativas-por-grado-de-integracion.csv","9","estado obligado, facultativo o reversible","identidad=«Mecanismo: orgánulo fijador de nitrógeno propuesto — *Braarudosphaera bigelowii*–UCYN-A»; campo=«estado obligado, facultativo o reversible»; valor=«orgánulo propuesto; obligación y reversibilidad NO CLASIFICADAS POR LAS C CITADAS»","0","448","1373e4658ea749685d9b9fdea95e800ff3bff56ab3d2012ae3b9d47d45d55bb6","8a33be0a189a42fe8a6c4b14ae5e36aa8df9da89aa312c045c6fd99de3c3f355","b4ada10d8705991b28ef47f19f000478019114dfd5779907acf9007d932b58e2","Comprobación por el autor de sum(all(component in text for component in componentes) for text in textos) con ExactCooccurrenceIndex.count; componentes de nominal_query y corpus de source_snapshot. Coinciden ambos; resultado literal, no ausencia científica ni adjudicación de revisión."
"BN-480","fa40a4734a6ba6d0920dceb863ef2409a61371bcc4477caaddc7c65f114ae059","REINSPECCION","2026-09-27T00:43:50Z","/root (autor; no revisión independiente)","C-2715","data/busquedas_negativas/15_5_15-5-asociacion-integracion-y-transferencia.csv","data/tablas/09/table-43-9-4-1-fichas-comparativas-por-grado-de-integracion.csv","10","aporte documentado del hospedador; aporte documentado del socio","identidad=«Mecanismo: transmisión vertical incompleta con readquisición — *Hatena arenicola*–*Nephroselmis*»; campo=«aporte documentado del hospedador; aporte documentado del socio»; valor=«Hospedador: aparato de alimentación y captura; socio: fotosíntesis y remodelación intracelular.»","0","448","1373e4658ea749685d9b9fdea95e800ff3bff56ab3d2012ae3b9d47d45d55bb6","8a33be0a189a42fe8a6c4b14ae5e36aa8df9da89aa312c045c6fd99de3c3f355","b4ada10d8705991b28ef47f19f000478019114dfd5779907acf9007d932b58e2","Comprobación por el autor de sum(all(component in text for component in componentes) for text in textos) con ExactCooccurrenceIndex.count; componentes de nominal_query y corpus de source_snapshot. Coinciden ambos; resultado literal, no ausencia científica ni adjudicación de revisión."
"BN-481","2e905385bc7e865e6d0ad2fdca57ddc731feec22d3c863df040c03d3ca84d8f7","REINSPECCION","2026-09-27T00:43:50Z","/root (autor; no revisión independiente)","C-2717","data/busquedas_negativas/15_5_15-5-asociacion-integracion-y-transferencia.csv","data/tablas/09/table-43-9-4-1-fichas-comparativas-por-grado-de-integracion.csv","10","genoma del socio comparado con parientes de vida libre","identidad=«Mecanismo: transmisión vertical incompleta con readquisición — *Hatena arenicola*–*Nephroselmis*»; campo=«genoma del socio comparado con parientes de vida libre»; valor=«NO DOCUMENTADO POR LAS C CITADAS EN ESTA FICHA»","0","448","1373e4658ea749685d9b9fdea95e800ff3bff56ab3d2012ae3b9d47d45d55bb6","8a33be0a189a42fe8a6c4b14ae5e36aa8df9da89aa312c045c6fd99de3c3f355","b4ada10d8705991b28ef47f19f000478019114dfd5779907acf9007d932b58e2","Comprobación por el autor de sum(all(component in text for component in componentes) for text in textos) con ExactCooccurrenceIndex.count; componentes de nominal_query y corpus de source_snapshot. Coinciden ambos; resultado literal, no ausencia científica ni adjudicación de revisión."
"BN-482","ab1b15f3d2fdb5a770f1def8dae6586fcdbee5bf67f21ba808a192547cb835f6","REINSPECCION","2026-09-27T00:43:50Z","/root (autor; no revisión independiente)","C-2718","data/busquedas_negativas/15_5_15-5-asociacion-integracion-y-transferencia.csv","data/tablas/09/table-43-9-4-1-fichas-comparativas-por-grado-de-integracion.csv","10","EGT al núcleo; importación de proteínas de vuelta","identidad=«Mecanismo: transmisión vertical incompleta con readquisición — *Hatena arenicola*–*Nephroselmis*»; campo=«EGT al núcleo; importación de proteínas de vuelta»; valor=«EGT: 30 candidatos en informe de proyecto sin validación funcional publicada; importación: NO DOCUMENTADA»","0","448","1373e4658ea749685d9b9fdea95e800ff3bff56ab3d2012ae3b9d47d45d55bb6","8a33be0a189a42fe8a6c4b14ae5e36aa8df9da89aa312c045c6fd99de3c3f355","b4ada10d8705991b28ef47f19f000478019114dfd5779907acf9007d932b58e2","Comprobación por el autor de sum(all(component in text for component in componentes) for text in textos) con ExactCooccurrenceIndex.count; componentes de nominal_query y corpus de source_snapshot. Coinciden ambos; resultado literal, no ausencia científica ni adjudicación de revisión."
"BN-483","446b4954417bc8764b41c4564fddb8e0bc654b46130322e29898d8d9c27e2a49","REINSPECCION","2026-09-27T00:43:51Z","/root (autor; no revisión independiente)","C-2719","data/busquedas_negativas/15_5_15-5-asociacion-integracion-y-transferencia.csv","data/tablas/09/table-43-9-4-1-fichas-comparativas-por-grado-de-integracion.csv","11","aporte documentado del hospedador; aporte documentado del socio","identidad=«Mecanismo: cuerpo esferoidal fijador de nitrógeno tras pérdida fotosintética — *Rhopalodia*/*Epithemia*»; campo=«aporte documentado del hospedador; aporte documentado del socio»; valor=«Hospedador: ambiente y metabolitos NO DESGLOSADOS EN ESTA FICHA; socio: fijación de nitrógeno.»","0","448","1373e4658ea749685d9b9fdea95e800ff3bff56ab3d2012ae3b9d47d45d55bb6","8a33be0a189a42fe8a6c4b14ae5e36aa8df9da89aa312c045c6fd99de3c3f355","b4ada10d8705991b28ef47f19f000478019114dfd5779907acf9007d932b58e2","Comprobación por el autor de sum(all(component in text for component in componentes) for text in textos) con ExactCooccurrenceIndex.count; componentes de nominal_query y corpus de source_snapshot. Coinciden ambos; resultado literal, no ausencia científica ni adjudicación de revisión."
"BN-484","5b22c5ad9c119a06eeac1e001b6b18b0f502661395bb8755c22955ba9ca4170c","REINSPECCION","2026-09-27T00:43:51Z","/root (autor; no revisión independiente)","C-2720","data/busquedas_negativas/15_5_15-5-asociacion-integracion-y-transferencia.csv","data/tablas/09/table-43-9-4-1-fichas-comparativas-por-grado-de-integracion.csv","11","transmisión","identidad=«Mecanismo: cuerpo esferoidal fijador de nitrógeno tras pérdida fotosintética — *Rhopalodia*/*Epithemia*»; campo=«transmisión»; valor=«NO DOCUMENTADA POR LAS C CITADAS EN ESTA FICHA»","0","448","1373e4658ea749685d9b9fdea95e800ff3bff56ab3d2012ae3b9d47d45d55bb6","8a33be0a189a42fe8a6c4b14ae5e36aa8df9da89aa312c045c6fd99de3c3f355","b4ada10d8705991b28ef47f19f000478019114dfd5779907acf9007d932b58e2","Comprobación por el autor de sum(all(component in text for component in componentes) for text in textos) con ExactCooccurrenceIndex.count; componentes de nominal_query y corpus de source_snapshot. Coinciden ambos; resultado literal, no ausencia científica ni adjudicación de revisión."
"BN-485","5ab6e8cda125d272938dd4119f2e8c23e0f9b2519c0f150e88c1705cc8662d5d","REINSPECCION","2026-09-27T00:43:51Z","/root (autor; no revisión independiente)","C-2721","data/busquedas_negativas/15_5_15-5-asociacion-integracion-y-transferencia.csv","data/tablas/09/table-43-9-4-1-fichas-comparativas-por-grado-de-integracion.csv","11","genoma del socio comparado con parientes de vida libre","identidad=«Mecanismo: cuerpo esferoidal fijador de nitrógeno tras pérdida fotosintética — *Rhopalodia*/*Epithemia*»; campo=«genoma del socio comparado con parientes de vida libre»; valor=«genoma cianobacteriano reducido y no fotosintético; comparación cuantitativa con pariente libre NO LOCALIZADA»","0","448","1373e4658ea749685d9b9fdea95e800ff3bff56ab3d2012ae3b9d47d45d55bb6","8a33be0a189a42fe8a6c4b14ae5e36aa8df9da89aa312c045c6fd99de3c3f355","b4ada10d8705991b28ef47f19f000478019114dfd5779907acf9007d932b58e2","Comprobación por el autor de sum(all(component in text for component in componentes) for text in textos) con ExactCooccurrenceIndex.count; componentes de nominal_query y corpus de source_snapshot. Coinciden ambos; resultado literal, no ausencia científica ni adjudicación de revisión."
"BN-486","eb4772b60aec0fcc3842b3c429b939884f80b6e9ef6e2c952cc4cbf5042bb165","REINSPECCION","2026-09-27T00:43:52Z","/root (autor; no revisión independiente)","C-2722","data/busquedas_negativas/15_5_15-5-asociacion-integracion-y-transferencia.csv","data/tablas/09/table-43-9-4-1-fichas-comparativas-por-grado-de-integracion.csv","11","EGT al núcleo; importación de proteínas de vuelta","identidad=«Mecanismo: cuerpo esferoidal fijador de nitrógeno tras pérdida fotosintética — *Rhopalodia*/*Epithemia*»; campo=«EGT al núcleo; importación de proteínas de vuelta»; valor=«EGT: transferencias detectadas no funcionales en Epithemia; importación: NO DOCUMENTADA»","0","448","1373e4658ea749685d9b9fdea95e800ff3bff56ab3d2012ae3b9d47d45d55bb6","8a33be0a189a42fe8a6c4b14ae5e36aa8df9da89aa312c045c6fd99de3c3f355","b4ada10d8705991b28ef47f19f000478019114dfd5779907acf9007d932b58e2","Comprobación por el autor de sum(all(component in text for component in componentes) for text in textos) con ExactCooccurrenceIndex.count; componentes de nominal_query y corpus de source_snapshot. Coinciden ambos; resultado literal, no ausencia científica ni adjudicación de revisión."
"BN-487","07f740bfa2475220520adbaa88f082b02c20facbf023b411fc8d459c1d9526b1","REINSPECCION","2026-09-27T00:43:52Z","/root (autor; no revisión independiente)","C-2723","data/busquedas_negativas/15_5_15-5-asociacion-integracion-y-transferencia.csv","data/tablas/09/table-43-9-4-1-fichas-comparativas-por-grado-de-integracion.csv","11","estado obligado, facultativo o reversible","identidad=«Mecanismo: cuerpo esferoidal fijador de nitrógeno tras pérdida fotosintética — *Rhopalodia*/*Epithemia*»; campo=«estado obligado, facultativo o reversible»; valor=«especializada; obligación o reversibilidad NO CLASIFICADAS POR LAS C CITADAS»","0","448","1373e4658ea749685d9b9fdea95e800ff3bff56ab3d2012ae3b9d47d45d55bb6","8a33be0a189a42fe8a6c4b14ae5e36aa8df9da89aa312c045c6fd99de3c3f355","b4ada10d8705991b28ef47f19f000478019114dfd5779907acf9007d932b58e2","Comprobación por el autor de sum(all(component in text for component in componentes) for text in textos) con ExactCooccurrenceIndex.count; componentes de nominal_query y corpus de source_snapshot. Coinciden ambos; resultado literal, no ausencia científica ni adjudicación de revisión."
"BN-488","30c69b18f02abe81bd7d5d8d6d3ca58e6d1088c88fb308eaa68566bece474bd4","REINSPECCION","2026-09-27T00:43:53Z","/root (autor; no revisión independiente)","C-2724","data/busquedas_negativas/15_5_15-5-asociacion-integracion-y-transferencia.csv","data/tablas/09/table-43-9-4-1-fichas-comparativas-por-grado-de-integracion.csv","12","aporte documentado del hospedador; aporte documentado del socio","identidad=«Mecanismo: adquisición trófica reiterada de orgánulos y núcleo — *Mesodinium rubrum*–criptófita»; campo=«aporte documentado del hospedador; aporte documentado del socio»; valor=«Hospedador: captura y mantenimiento; socio: plastos, mitocondrias, nucleomorfos y núcleos secuestrados.»","0","448","1373e4658ea749685d9b9fdea95e800ff3bff56ab3d2012ae3b9d47d45d55bb6","8a33be0a189a42fe8a6c4b14ae5e36aa8df9da89aa312c045c6fd99de3c3f355","b4ada10d8705991b28ef47f19f000478019114dfd5779907acf9007d932b58e2","Comprobación por el autor de sum(all(component in text for component in componentes) for text in textos) con ExactCooccurrenceIndex.count; componentes de nominal_query y corpus de source_snapshot. Coinciden ambos; resultado literal, no ausencia científica ni adjudicación de revisión."
"BN-489","e25722446cd2c735315663439f542b2c0ec1884cf88612031e7572db8519168c","REINSPECCION","2026-09-27T00:43:53Z","/root (autor; no revisión independiente)","C-2726","data/busquedas_negativas/15_5_15-5-asociacion-integracion-y-transferencia.csv","data/tablas/09/table-43-9-4-1-fichas-comparativas-por-grado-de-integracion.csv","12","genoma del socio comparado con parientes de vida libre","identidad=«Mecanismo: adquisición trófica reiterada de orgánulos y núcleo — *Mesodinium rubrum*–criptófita»; campo=«genoma del socio comparado con parientes de vida libre»; valor=«orgánulos y núcleo retenidos; comparación con parientes libres NO LOCALIZADA»","0","448","1373e4658ea749685d9b9fdea95e800ff3bff56ab3d2012ae3b9d47d45d55bb6","8a33be0a189a42fe8a6c4b14ae5e36aa8df9da89aa312c045c6fd99de3c3f355","b4ada10d8705991b28ef47f19f000478019114dfd5779907acf9007d932b58e2","Comprobación por el autor de sum(all(component in text for component in componentes) for text in textos) con ExactCooccurrenceIndex.count; componentes de nominal_query y corpus de source_snapshot. Coinciden ambos; resultado literal, no ausencia científica ni adjudicación de revisión."
"BN-490","8ae53bc82a80b5af4fca4a6f71b84db0c71587af0c3d39ce8644de5462097846","REINSPECCION","2026-09-27T00:43:53Z","/root (autor; no revisión independiente)","C-2727","data/busquedas_negativas/15_5_15-5-asociacion-integracion-y-transferencia.csv","data/tablas/09/table-43-9-4-1-fichas-comparativas-por-grado-de-integracion.csv","12","EGT al núcleo; importación de proteínas de vuelta","identidad=«Mecanismo: adquisición trófica reiterada de orgánulos y núcleo — *Mesodinium rubrum*–criptófita»; campo=«EGT al núcleo; importación de proteínas de vuelta»; valor=«EGT: NO DOCUMENTADA; importación: NO DOCUMENTADA POR LAS C CITADAS»","0","448","1373e4658ea749685d9b9fdea95e800ff3bff56ab3d2012ae3b9d47d45d55bb6","8a33be0a189a42fe8a6c4b14ae5e36aa8df9da89aa312c045c6fd99de3c3f355","b4ada10d8705991b28ef47f19f000478019114dfd5779907acf9007d932b58e2","Comprobación por el autor de sum(all(component in text for component in componentes) for text in textos) con ExactCooccurrenceIndex.count; componentes de nominal_query y corpus de source_snapshot. Coinciden ambos; resultado literal, no ausencia científica ni adjudicación de revisión."
"BN-491","ba6c4687c69c56ec16ee677db4764cb0a084b53bba3821e75fd6382aa6758f93","REINSPECCION","2026-09-27T00:43:54Z","/root (autor; no revisión independiente)","C-2729","data/busquedas_negativas/15_5_15-5-asociacion-integracion-y-transferencia.csv","data/tablas/09/table-43-9-4-1-fichas-comparativas-por-grado-de-integracion.csv","13","genoma del socio comparado con parientes de vida libre","identidad=«Mecanismo: kleptoplastia vía presa intermediaria — *Dinophysis*–plastos criptófitos»; campo=«genoma del socio comparado con parientes de vida libre»; valor=«NO DOCUMENTADO POR LAS C CITADAS EN ESTA FICHA»","0","448","1373e4658ea749685d9b9fdea95e800ff3bff56ab3d2012ae3b9d47d45d55bb6","8a33be0a189a42fe8a6c4b14ae5e36aa8df9da89aa312c045c6fd99de3c3f355","b4ada10d8705991b28ef47f19f000478019114dfd5779907acf9007d932b58e2","Comprobación por el autor de sum(all(component in text for component in componentes) for text in textos) con ExactCooccurrenceIndex.count; componentes de nominal_query y corpus de source_snapshot. Coinciden ambos; resultado literal, no ausencia científica ni adjudicación de revisión."
"BN-492","0fcb0306087493ddf2f58eb4f3cb7b7a333f3891ab4058825973bece7ab0d241","REINSPECCION","2026-09-27T00:43:54Z","/root (autor; no revisión independiente)","C-2730","data/busquedas_negativas/15_5_15-5-asociacion-integracion-y-transferencia.csv","data/tablas/09/table-43-9-4-1-fichas-comparativas-por-grado-de-integracion.csv","13","EGT al núcleo; importación de proteínas de vuelta","identidad=«Mecanismo: kleptoplastia vía presa intermediaria — *Dinophysis*–plastos criptófitos»; campo=«EGT al núcleo; importación de proteínas de vuelta»; valor=«EGT: NO DOCUMENTADA; importación: NO DOCUMENTADA POR LAS C CITADAS»","0","448","1373e4658ea749685d9b9fdea95e800ff3bff56ab3d2012ae3b9d47d45d55bb6","8a33be0a189a42fe8a6c4b14ae5e36aa8df9da89aa312c045c6fd99de3c3f355","b4ada10d8705991b28ef47f19f000478019114dfd5779907acf9007d932b58e2","Comprobación por el autor de sum(all(component in text for component in componentes) for text in textos) con ExactCooccurrenceIndex.count; componentes de nominal_query y corpus de source_snapshot. Coinciden ambos; resultado literal, no ausencia científica ni adjudicación de revisión."
"BN-493","53053e5e901d015e67fd63002ea781faa8d67e89a58812c634fe5d81238fece5","REINSPECCION","2026-09-27T00:43:54Z","/root (autor; no revisión independiente)","C-2731","data/busquedas_negativas/15_5_15-5-asociacion-integracion-y-transferencia.csv","data/tablas/09/table-43-9-4-1-fichas-comparativas-por-grado-de-integracion.csv","13","estado obligado, facultativo o reversible","identidad=«Mecanismo: kleptoplastia vía presa intermediaria — *Dinophysis*–plastos criptófitos»; campo=«estado obligado, facultativo o reversible»; valor=«reversible por reposición trófica; no asociación heredada demostrada»","0","448","1373e4658ea749685d9b9fdea95e800ff3bff56ab3d2012ae3b9d47d45d55bb6","8a33be0a189a42fe8a6c4b14ae5e36aa8df9da89aa312c045c6fd99de3c3f355","b4ada10d8705991b28ef47f19f000478019114dfd5779907acf9007d932b58e2","Comprobación por el autor de sum(all(component in text for component in componentes) for text in textos) con ExactCooccurrenceIndex.count; componentes de nominal_query y corpus de source_snapshot. Coinciden ambos; resultado literal, no ausencia científica ni adjudicación de revisión."
"BN-494","44ea50466a98a7d91c964c9e5cccf1aedcf520ddc2aa516cea665b6f87da873d","REINSPECCION","2026-09-27T00:43:55Z","/root (autor; no revisión independiente)","C-2733","data/busquedas_negativas/15_5_15-5-asociacion-integracion-y-transferencia.csv","data/tablas/09/table-43-9-4-1-fichas-comparativas-por-grado-de-integracion.csv","14","genoma del socio comparado con parientes de vida libre","identidad=«Mecanismo: kleptoplastia animal sin HGT nuclear extensa — *Elysia*/*Plakobranchus*–plastos»; campo=«genoma del socio comparado con parientes de vida libre»; valor=«NO DOCUMENTADO POR LAS C CITADAS EN ESTA FICHA»","0","448","1373e4658ea749685d9b9fdea95e800ff3bff56ab3d2012ae3b9d47d45d55bb6","8a33be0a189a42fe8a6c4b14ae5e36aa8df9da89aa312c045c6fd99de3c3f355","b4ada10d8705991b28ef47f19f000478019114dfd5779907acf9007d932b58e2","Comprobación por el autor de sum(all(component in text for component in componentes) for text in textos) con ExactCooccurrenceIndex.count; componentes de nominal_query y corpus de source_snapshot. Coinciden ambos; resultado literal, no ausencia científica ni adjudicación de revisión."
"BN-495","e154e2ae0cc1f1791c5157d687cff14e082d484db42cca16769f2d24c67c8111","REINSPECCION","2026-09-27T00:43:55Z","/root (autor; no revisión independiente)","C-2734","data/busquedas_negativas/15_5_15-5-asociacion-integracion-y-transferencia.csv","data/tablas/09/table-43-9-4-1-fichas-comparativas-por-grado-de-integracion.csv","14","EGT al núcleo; importación de proteínas de vuelta","identidad=«Mecanismo: kleptoplastia animal sin HGT nuclear extensa — *Elysia*/*Plakobranchus*–plastos»; campo=«EGT al núcleo; importación de proteínas de vuelta»; valor=«EGT: sin HGT nuclear extensa demostrada en los genomas examinados; importación: NO DOCUMENTADA»","0","448","1373e4658ea749685d9b9fdea95e800ff3bff56ab3d2012ae3b9d47d45d55bb6","8a33be0a189a42fe8a6c4b14ae5e36aa8df9da89aa312c045c6fd99de3c3f355","b4ada10d8705991b28ef47f19f000478019114dfd5779907acf9007d932b58e2","Comprobación por el autor de sum(all(component in text for component in componentes) for text in textos) con ExactCooccurrenceIndex.count; componentes de nominal_query y corpus de source_snapshot. Coinciden ambos; resultado literal, no ausencia científica ni adjudicación de revisión."
"BN-496","1c772f7a53554af157361af9cfe207f05139dbda7c95af5fd5601668f717e754","REINSPECCION","2026-09-27T00:43:56Z","/root (autor; no revisión independiente)","C-2735","data/busquedas_negativas/15_5_15-5-asociacion-integracion-y-transferencia.csv","data/tablas/09/table-43-9-4-1-fichas-comparativas-por-grado-de-integracion.csv","15","aporte documentado del hospedador; aporte documentado del socio","identidad=«Mecanismo: endosimbiosis secundaria con núcleo reducido retenido — criptófitos/cloraracniófitos–nucleomorfo»; campo=«aporte documentado del hospedador; aporte documentado del socio»; valor=«Hospedador: compartimentalización y mantenimiento; socio: genoma nucleomórfico reducido.»","0","448","1373e4658ea749685d9b9fdea95e800ff3bff56ab3d2012ae3b9d47d45d55bb6","8a33be0a189a42fe8a6c4b14ae5e36aa8df9da89aa312c045c6fd99de3c3f355","b4ada10d8705991b28ef47f19f000478019114dfd5779907acf9007d932b58e2","Comprobación por el autor de sum(all(component in text for component in componentes) for text in textos) con ExactCooccurrenceIndex.count; componentes de nominal_query y corpus de source_snapshot. Coinciden ambos; resultado literal, no ausencia científica ni adjudicación de revisión."
"BN-497","fa1c1312359d79e7b51fba1fb0953debd89a63ad1f43476d9a1bb18750345824","REINSPECCION","2026-09-27T00:43:56Z","/root (autor; no revisión independiente)","C-2737","data/busquedas_negativas/15_5_15-5-asociacion-integracion-y-transferencia.csv","data/tablas/09/table-43-9-4-1-fichas-comparativas-por-grado-de-integracion.csv","15","transmisión","identidad=«Mecanismo: endosimbiosis secundaria con núcleo reducido retenido — criptófitos/cloraracniófitos–nucleomorfo»; campo=«transmisión»; valor=«NO DOCUMENTADA POR LAS C CITADAS EN ESTA FICHA»","0","448","1373e4658ea749685d9b9fdea95e800ff3bff56ab3d2012ae3b9d47d45d55bb6","8a33be0a189a42fe8a6c4b14ae5e36aa8df9da89aa312c045c6fd99de3c3f355","b4ada10d8705991b28ef47f19f000478019114dfd5779907acf9007d932b58e2","Comprobación por el autor de sum(all(component in text for component in componentes) for text in textos) con ExactCooccurrenceIndex.count; componentes de nominal_query y corpus de source_snapshot. Coinciden ambos; resultado literal, no ausencia científica ni adjudicación de revisión."
"BN-498","e13c08cac3d701a9359c5a55f7183882c66445311b62b325c1b88655f8364105","REINSPECCION","2026-09-27T00:43:56Z","/root (autor; no revisión independiente)","C-2738","data/busquedas_negativas/15_5_15-5-asociacion-integracion-y-transferencia.csv","data/tablas/09/table-43-9-4-1-fichas-comparativas-por-grado-de-integracion.csv","15","genoma del socio comparado con parientes de vida libre","identidad=«Mecanismo: endosimbiosis secundaria con núcleo reducido retenido — criptófitos/cloraracniófitos–nucleomorfo»; campo=«genoma del socio comparado con parientes de vida libre»; valor=«373 kb/331 genes en *Bigelowiella*; 551 kb en *Guillardia*; comparación con pariente libre NO CUANTIFICADA EN ESTA FICHA»","0","448","1373e4658ea749685d9b9fdea95e800ff3bff56ab3d2012ae3b9d47d45d55bb6","8a33be0a189a42fe8a6c4b14ae5e36aa8df9da89aa312c045c6fd99de3c3f355","b4ada10d8705991b28ef47f19f000478019114dfd5779907acf9007d932b58e2","Comprobación por el autor de sum(all(component in text for component in componentes) for text in textos) con ExactCooccurrenceIndex.count; componentes de nominal_query y corpus de source_snapshot. Coinciden ambos; resultado literal, no ausencia científica ni adjudicación de revisión."
"BN-499","b24c0f57df2312d45cb13c8f17ed0d62e5741546fccd78fff7961d7c7a920a37","REINSPECCION","2026-09-27T00:43:57Z","/root (autor; no revisión independiente)","C-2739","data/busquedas_negativas/15_5_15-5-asociacion-integracion-y-transferencia.csv","data/tablas/09/table-43-9-4-1-fichas-comparativas-por-grado-de-integracion.csv","15","EGT al núcleo; importación de proteínas de vuelta","identidad=«Mecanismo: endosimbiosis secundaria con núcleo reducido retenido — criptófitos/cloraracniófitos–nucleomorfo»; campo=«EGT al núcleo; importación de proteínas de vuelta»; valor=«EGT: NO DOCUMENTADA EN ESTA FICHA; importación: NO DOCUMENTADA EN ESTA FICHA»","0","448","1373e4658ea749685d9b9fdea95e800ff3bff56ab3d2012ae3b9d47d45d55bb6","8a33be0a189a42fe8a6c4b14ae5e36aa8df9da89aa312c045c6fd99de3c3f355","b4ada10d8705991b28ef47f19f000478019114dfd5779907acf9007d932b58e2","Comprobación por el autor de sum(all(component in text for component in componentes) for text in textos) con ExactCooccurrenceIndex.count; componentes de nominal_query y corpus de source_snapshot. Coinciden ambos; resultado literal, no ausencia científica ni adjudicación de revisión."
"BN-500","8535ad52305cbe058a54cb530a5e662ce505d2710bf6381f99b6fcf87a0510b6","REINSPECCION","2026-09-27T00:43:57Z","/root (autor; no revisión independiente)","C-2740","data/busquedas_negativas/15_5_15-5-asociacion-integracion-y-transferencia.csv","data/tablas/09/table-43-9-4-1-fichas-comparativas-por-grado-de-integracion.csv","15","estado obligado, facultativo o reversible","identidad=«Mecanismo: endosimbiosis secundaria con núcleo reducido retenido — criptófitos/cloraracniófitos–nucleomorfo»; campo=«estado obligado, facultativo o reversible»; valor=«dos integraciones independientes; obligación/reversibilidad NO CLASIFICADAS POR LAS C CITADAS»","0","448","1373e4658ea749685d9b9fdea95e800ff3bff56ab3d2012ae3b9d47d45d55bb6","8a33be0a189a42fe8a6c4b14ae5e36aa8df9da89aa312c045c6fd99de3c3f355","b4ada10d8705991b28ef47f19f000478019114dfd5779907acf9007d932b58e2","Comprobación por el autor de sum(all(component in text for component in componentes) for text in textos) con ExactCooccurrenceIndex.count; componentes de nominal_query y corpus de source_snapshot. Coinciden ambos; resultado literal, no ausencia científica ni adjudicación de revisión."
"BN-501","1435bd1bff15314d53680bbf686019da4c8f252b799bf55c1332945d0bffeea0","REINSPECCION","2026-09-27T00:43:57Z","/root (autor; no revisión independiente)","C-2742","data/busquedas_negativas/15_5_15-5-asociacion-integracion-y-transferencia.csv","data/tablas/09/table-43-9-4-1-fichas-comparativas-por-grado-de-integracion.csv","16","transmisión","identidad=«Mecanismo: endosimbiosis terciaria con núcleo y mitocondrias retenidos — dinotomos–endosimbionte diatomeo»; campo=«transmisión»; valor=«NO DOCUMENTADA POR LAS C CITADAS EN ESTA FICHA»","0","448","1373e4658ea749685d9b9fdea95e800ff3bff56ab3d2012ae3b9d47d45d55bb6","8a33be0a189a42fe8a6c4b14ae5e36aa8df9da89aa312c045c6fd99de3c3f355","b4ada10d8705991b28ef47f19f000478019114dfd5779907acf9007d932b58e2","Comprobación por el autor de sum(all(component in text for component in componentes) for text in textos) con ExactCooccurrenceIndex.count; componentes de nominal_query y corpus de source_snapshot. Coinciden ambos; resultado literal, no ausencia científica ni adjudicación de revisión."
"BN-502","4c81418673f21cfc320059c300ea32c5ec0ae62b67bd5a6b9338089b34b8f466","REINSPECCION","2026-09-27T00:43:58Z","/root (autor; no revisión independiente)","C-2743","data/busquedas_negativas/15_5_15-5-asociacion-integracion-y-transferencia.csv","data/tablas/09/table-43-9-4-1-fichas-comparativas-por-grado-de-integracion.csv","16","EGT al núcleo; importación de proteínas de vuelta","identidad=«Mecanismo: endosimbiosis terciaria con núcleo y mitocondrias retenidos — dinotomos–endosimbionte diatomeo»; campo=«EGT al núcleo; importación de proteínas de vuelta»; valor=«EGT: 9 candidatos; importación: NO DOCUMENTADA POR LAS C CITADAS»","0","448","1373e4658ea749685d9b9fdea95e800ff3bff56ab3d2012ae3b9d47d45d55bb6","8a33be0a189a42fe8a6c4b14ae5e36aa8df9da89aa312c045c6fd99de3c3f355","b4ada10d8705991b28ef47f19f000478019114dfd5779907acf9007d932b58e2","Comprobación por el autor de sum(all(component in text for component in componentes) for text in textos) con ExactCooccurrenceIndex.count; componentes de nominal_query y corpus de source_snapshot. Coinciden ambos; resultado literal, no ausencia científica ni adjudicación de revisión."
"BN-503","e2feb7995c82177353d6c1191446b793ab8f0f479be0a979b6dd3e47f607c0f4","REINSPECCION","2026-09-27T00:43:58Z","/root (autor; no revisión independiente)","C-2744","data/busquedas_negativas/15_5_15-5-asociacion-integracion-y-transferencia.csv","data/tablas/09/table-43-9-4-1-fichas-comparativas-por-grado-de-integracion.csv","17","aporte documentado del hospedador; aporte documentado del socio","identidad=«Mecanismo: reemplazo terciario por plasto haptófito — kareniáceos–plasto haptófito»; campo=«aporte documentado del hospedador; aporte documentado del socio»; valor=«Hospedador: mantenimiento e integración nuclear; socio: fotosíntesis.»","0","448","1373e4658ea749685d9b9fdea95e800ff3bff56ab3d2012ae3b9d47d45d55bb6","8a33be0a189a42fe8a6c4b14ae5e36aa8df9da89aa312c045c6fd99de3c3f355","b4ada10d8705991b28ef47f19f000478019114dfd5779907acf9007d932b58e2","Comprobación por el autor de sum(all(component in text for component in componentes) for text in textos) con ExactCooccurrenceIndex.count; componentes de nominal_query y corpus de source_snapshot. Coinciden ambos; resultado literal, no ausencia científica ni adjudicación de revisión."
"BN-504","b291650e11c8ff2555e361a11f3c913cc27836b548e923b17b568d131ae79ac4","REINSPECCION","2026-09-27T00:43:59Z","/root (autor; no revisión independiente)","C-2746","data/busquedas_negativas/15_5_15-5-asociacion-integracion-y-transferencia.csv","data/tablas/09/table-43-9-4-1-fichas-comparativas-por-grado-de-integracion.csv","17","transmisión","identidad=«Mecanismo: reemplazo terciario por plasto haptófito — kareniáceos–plasto haptófito»; campo=«transmisión»; valor=«NO DOCUMENTADA POR LAS C CITADAS EN ESTA FICHA»","0","448","1373e4658ea749685d9b9fdea95e800ff3bff56ab3d2012ae3b9d47d45d55bb6","8a33be0a189a42fe8a6c4b14ae5e36aa8df9da89aa312c045c6fd99de3c3f355","b4ada10d8705991b28ef47f19f000478019114dfd5779907acf9007d932b58e2","Comprobación por el autor de sum(all(component in text for component in componentes) for text in textos) con ExactCooccurrenceIndex.count; componentes de nominal_query y corpus de source_snapshot. Coinciden ambos; resultado literal, no ausencia científica ni adjudicación de revisión."
"BN-505","e7092675cb5b7f796ea0709942d9216101ffe04c6beee727d06fd91b300f2e0b","REINSPECCION","2026-09-27T00:43:59Z","/root (autor; no revisión independiente)","C-2747","data/busquedas_negativas/15_5_15-5-asociacion-integracion-y-transferencia.csv","data/tablas/09/table-43-9-4-1-fichas-comparativas-por-grado-de-integracion.csv","17","EGT al núcleo; importación de proteínas de vuelta","identidad=«Mecanismo: reemplazo terciario por plasto haptófito — kareniáceos–plasto haptófito»; campo=«EGT al núcleo; importación de proteínas de vuelta»; valor=«EGT: 90 candidatos; importación: NO DOCUMENTADA POR LAS C CITADAS»","0","448","1373e4658ea749685d9b9fdea95e800ff3bff56ab3d2012ae3b9d47d45d55bb6","8a33be0a189a42fe8a6c4b14ae5e36aa8df9da89aa312c045c6fd99de3c3f355","b4ada10d8705991b28ef47f19f000478019114dfd5779907acf9007d932b58e2","Comprobación por el autor de sum(all(component in text for component in componentes) for text in textos) con ExactCooccurrenceIndex.count; componentes de nominal_query y corpus de source_snapshot. Coinciden ambos; resultado literal, no ausencia científica ni adjudicación de revisión."
"BN-506","8e98010347524d7d23e57a5b9104b8a13e81d4a1d050c0a968f693ae3c77c571","REINSPECCION","2026-09-27T00:43:59Z","/root (autor; no revisión independiente)","C-2748","data/busquedas_negativas/15_5_15-5-asociacion-integracion-y-transferencia.csv","data/tablas/09/table-43-9-4-1-fichas-comparativas-por-grado-de-integracion.csv","17","estado obligado, facultativo o reversible","identidad=«Mecanismo: reemplazo terciario por plasto haptófito — kareniáceos–plasto haptófito»; campo=«estado obligado, facultativo o reversible»; valor=«integrada; una o varias adquisiciones no resueltas; reversibilidad NO DOCUMENTADA»","0","448","1373e4658ea749685d9b9fdea95e800ff3bff56ab3d2012ae3b9d47d45d55bb6","8a33be0a189a42fe8a6c4b14ae5e36aa8df9da89aa312c045c6fd99de3c3f355","b4ada10d8705991b28ef47f19f000478019114dfd5779907acf9007d932b58e2","Comprobación por el autor de sum(all(component in text for component in componentes) for text in textos) con ExactCooccurrenceIndex.count; componentes de nominal_query y corpus de source_snapshot. Coinciden ambos; resultado literal, no ausencia científica ni adjudicación de revisión."
"BN-507","c4020dcdeb865569416e0a55c55ed29ebdf265d5bc0d2f720a96368ad1a2df32","REINSPECCION","2026-09-27T00:44:00Z","/root (autor; no revisión independiente)","C-2750","data/busquedas_negativas/15_5_15-5-asociacion-integracion-y-transferencia.csv","data/tablas/09/table-43-9-4-1-fichas-comparativas-por-grado-de-integracion.csv","18","transmisión","identidad=«Mecanismo: endosimbiosis anidada con reemplazo — *Tremblaya*–*Moranella*–piojo harinoso»; campo=«transmisión»; valor=«reemplazos históricos del endosimbionte interno en distintos linajes; modo generacional NO DOCUMENTADO EN ESTA FICHA»","0","448","1373e4658ea749685d9b9fdea95e800ff3bff56ab3d2012ae3b9d47d45d55bb6","8a33be0a189a42fe8a6c4b14ae5e36aa8df9da89aa312c045c6fd99de3c3f355","b4ada10d8705991b28ef47f19f000478019114dfd5779907acf9007d932b58e2","Comprobación por el autor de sum(all(component in text for component in componentes) for text in textos) con ExactCooccurrenceIndex.count; componentes de nominal_query y corpus de source_snapshot. Coinciden ambos; resultado literal, no ausencia científica ni adjudicación de revisión."
"BN-508","18dc8635f56eaf9da08140a6047dee00db9bb67dd1f3ad6960e0d19a1df20971","REINSPECCION","2026-09-27T00:44:00Z","/root (autor; no revisión independiente)","C-2751","data/busquedas_negativas/15_5_15-5-asociacion-integracion-y-transferencia.csv","data/tablas/09/table-43-9-4-1-fichas-comparativas-por-grado-de-integracion.csv","18","genoma del socio comparado con parientes de vida libre","identidad=«Mecanismo: endosimbiosis anidada con reemplazo — *Tremblaya*–*Moranella*–piojo harinoso»; campo=«genoma del socio comparado con parientes de vida libre»; valor=«138.927 bp y 538.294 bp; comparación con parientes libres NO CUANTIFICADA EN ESTA FICHA»","0","448","1373e4658ea749685d9b9fdea95e800ff3bff56ab3d2012ae3b9d47d45d55bb6","8a33be0a189a42fe8a6c4b14ae5e36aa8df9da89aa312c045c6fd99de3c3f355","b4ada10d8705991b28ef47f19f000478019114dfd5779907acf9007d932b58e2","Comprobación por el autor de sum(all(component in text for component in componentes) for text in textos) con ExactCooccurrenceIndex.count; componentes de nominal_query y corpus de source_snapshot. Coinciden ambos; resultado literal, no ausencia científica ni adjudicación de revisión."
"BN-509","e5d07bd65de7b80b22f51380722a416fce7c73b7af930f672c60d78a0d920985","REINSPECCION","2026-09-27T00:44:00Z","/root (autor; no revisión independiente)","C-2752","data/busquedas_negativas/15_5_15-5-asociacion-integracion-y-transferencia.csv","data/tablas/09/table-43-9-4-1-fichas-comparativas-por-grado-de-integracion.csv","18","EGT al núcleo; importación de proteínas de vuelta","identidad=«Mecanismo: endosimbiosis anidada con reemplazo — *Tremblaya*–*Moranella*–piojo harinoso»; campo=«EGT al núcleo; importación de proteínas de vuelta»; valor=«EGT/HGT: genes bacterianos al insecto; importación de vuelta: NO DOCUMENTADA POR LAS C CITADAS»","0","448","1373e4658ea749685d9b9fdea95e800ff3bff56ab3d2012ae3b9d47d45d55bb6","8a33be0a189a42fe8a6c4b14ae5e36aa8df9da89aa312c045c6fd99de3c3f355","b4ada10d8705991b28ef47f19f000478019114dfd5779907acf9007d932b58e2","Comprobación por el autor de sum(all(component in text for component in componentes) for text in textos) con ExactCooccurrenceIndex.count; componentes de nominal_query y corpus de source_snapshot. Coinciden ambos; resultado literal, no ausencia científica ni adjudicación de revisión."
"BN-510","7506d921767dbda1fb35fc071f226b78fc56e58123322dfd09001c9120538225","REINSPECCION","2026-09-27T00:44:01Z","/root (autor; no revisión independiente)","C-2753","data/busquedas_negativas/15_5_15-5-asociacion-integracion-y-transferencia.csv","data/tablas/09/table-43-9-4-1-fichas-comparativas-por-grado-de-integracion.csv","19","aporte documentado del hospedador; aporte documentado del socio","identidad=«Mecanismo: dependencia nutricional con transmisión materna — áfido–*Buchnera aphidicola*»; campo=«aporte documentado del hospedador; aporte documentado del socio»; valor=«Hospedador: ambiente y precursores metabólicos; socio: aminoácidos esenciales.»","0","448","1373e4658ea749685d9b9fdea95e800ff3bff56ab3d2012ae3b9d47d45d55bb6","8a33be0a189a42fe8a6c4b14ae5e36aa8df9da89aa312c045c6fd99de3c3f355","b4ada10d8705991b28ef47f19f000478019114dfd5779907acf9007d932b58e2","Comprobación por el autor de sum(all(component in text for component in componentes) for text in textos) con ExactCooccurrenceIndex.count; componentes de nominal_query y corpus de source_snapshot. Coinciden ambos; resultado literal, no ausencia científica ni adjudicación de revisión."
"BN-511","3cfba2e0bf208dbabbba1109e00eeb9beb0e9c05ad0fc8cded36a964d5541e94","REINSPECCION","2026-09-27T00:44:01Z","/root (autor; no revisión independiente)","C-2754","data/busquedas_negativas/15_5_15-5-asociacion-integracion-y-transferencia.csv","data/tablas/09/table-43-9-4-1-fichas-comparativas-por-grado-de-integracion.csv","19","genoma del socio comparado con parientes de vida libre","identidad=«Mecanismo: dependencia nutricional con transmisión materna — áfido–*Buchnera aphidicola*»; campo=«genoma del socio comparado con parientes de vida libre»; valor=«640.681 bp en APS; rango moderno 412–646 kb; reducción respecto de bacterias libres sostenida cualitativamente, comparación exacta NO TRANSCRITA»","0","448","1373e4658ea749685d9b9fdea95e800ff3bff56ab3d2012ae3b9d47d45d55bb6","8a33be0a189a42fe8a6c4b14ae5e36aa8df9da89aa312c045c6fd99de3c3f355","b4ada10d8705991b28ef47f19f000478019114dfd5779907acf9007d932b58e2","Comprobación por el autor de sum(all(component in text for component in componentes) for text in textos) con ExactCooccurrenceIndex.count; componentes de nominal_query y corpus de source_snapshot. Coinciden ambos; resultado literal, no ausencia científica ni adjudicación de revisión."
"BN-512","b61165eebaa0562dbe63aef16806b3ad62ecd8f31e0afa8e86a6ee665858affc","REINSPECCION","2026-09-27T00:44:01Z","/root (autor; no revisión independiente)","C-2755","data/busquedas_negativas/15_5_15-5-asociacion-integracion-y-transferencia.csv","data/tablas/09/table-43-9-4-1-fichas-comparativas-por-grado-de-integracion.csv","19","EGT al núcleo; importación de proteínas de vuelta","identidad=«Mecanismo: dependencia nutricional con transmisión materna — áfido–*Buchnera aphidicola*»; campo=«EGT al núcleo; importación de proteínas de vuelta»; valor=«EGT: NO DOCUMENTADA; importación: NO DOCUMENTADA POR LAS C CITADAS»","0","448","1373e4658ea749685d9b9fdea95e800ff3bff56ab3d2012ae3b9d47d45d55bb6","8a33be0a189a42fe8a6c4b14ae5e36aa8df9da89aa312c045c6fd99de3c3f355","b4ada10d8705991b28ef47f19f000478019114dfd5779907acf9007d932b58e2","Comprobación por el autor de sum(all(component in text for component in componentes) for text in textos) con ExactCooccurrenceIndex.count; componentes de nominal_query y corpus de source_snapshot. Coinciden ambos; resultado literal, no ausencia científica ni adjudicación de revisión."
"BN-513","bbc5320bbb7de2a3e141ba24cf72a7401bb5f17e9db73719821f131ec11be9a8","REINSPECCION","2026-09-27T00:44:02Z","/root (autor; no revisión independiente)","C-2756","data/busquedas_negativas/15_5_15-5-asociacion-integracion-y-transferencia.csv","data/tablas/09/table-43-9-4-1-fichas-comparativas-por-grado-de-integracion.csv","20","aporte documentado del hospedador; aporte documentado del socio","identidad=«Mecanismo: transmisión materna con saltos horizontales y desenlaces variables — hospedadores–*Wolbachia*»; campo=«aporte documentado del hospedador; aporte documentado del socio»; valor=«Hospedador: recursos y transmisión; socio: manipulación reproductiva o aporte mutualista según el caso.»","0","448","1373e4658ea749685d9b9fdea95e800ff3bff56ab3d2012ae3b9d47d45d55bb6","8a33be0a189a42fe8a6c4b14ae5e36aa8df9da89aa312c045c6fd99de3c3f355","b4ada10d8705991b28ef47f19f000478019114dfd5779907acf9007d932b58e2","Comprobación por el autor de sum(all(component in text for component in componentes) for text in textos) con ExactCooccurrenceIndex.count; componentes de nominal_query y corpus de source_snapshot. Coinciden ambos; resultado literal, no ausencia científica ni adjudicación de revisión."
"BN-514","f70affc308384525d2f5329ffb18166045c16dbac76ea591974ea38fbfed4dca","REINSPECCION","2026-09-27T00:44:02Z","/root (autor; no revisión independiente)","C-2758","data/busquedas_negativas/15_5_15-5-asociacion-integracion-y-transferencia.csv","data/tablas/09/table-43-9-4-1-fichas-comparativas-por-grado-de-integracion.csv","20","genoma del socio comparado con parientes de vida libre","identidad=«Mecanismo: transmisión materna con saltos horizontales y desenlaces variables — hospedadores–*Wolbachia*»; campo=«genoma del socio comparado con parientes de vida libre»; valor=«variable; hasta 10 % de elementos de inserción en algunos genomas; comparación libre NO LOCALIZADA»","0","448","1373e4658ea749685d9b9fdea95e800ff3bff56ab3d2012ae3b9d47d45d55bb6","8a33be0a189a42fe8a6c4b14ae5e36aa8df9da89aa312c045c6fd99de3c3f355","b4ada10d8705991b28ef47f19f000478019114dfd5779907acf9007d932b58e2","Comprobación por el autor de sum(all(component in text for component in componentes) for text in textos) con ExactCooccurrenceIndex.count; componentes de nominal_query y corpus de source_snapshot. Coinciden ambos; resultado literal, no ausencia científica ni adjudicación de revisión."
"BN-515","37a89b1b5964c2c308301b1bc4d3b46e695e15d5abe1c06ec8670ce4bfd7b27d","REINSPECCION","2026-09-27T00:44:02Z","/root (autor; no revisión independiente)","C-2759","data/busquedas_negativas/15_5_15-5-asociacion-integracion-y-transferencia.csv","data/tablas/09/table-43-9-4-1-fichas-comparativas-por-grado-de-integracion.csv","20","EGT al núcleo; importación de proteínas de vuelta","identidad=«Mecanismo: transmisión materna con saltos horizontales y desenlaces variables — hospedadores–*Wolbachia*»; campo=«EGT al núcleo; importación de proteínas de vuelta»; valor=«EGT: NO DOCUMENTADA EN ESTA FICHA; importación: NO DOCUMENTADA POR LAS C CITADAS»","0","448","1373e4658ea749685d9b9fdea95e800ff3bff56ab3d2012ae3b9d47d45d55bb6","8a33be0a189a42fe8a6c4b14ae5e36aa8df9da89aa312c045c6fd99de3c3f355","b4ada10d8705991b28ef47f19f000478019114dfd5779907acf9007d932b58e2","Comprobación por el autor de sum(all(component in text for component in componentes) for text in textos) con ExactCooccurrenceIndex.count; componentes de nominal_query y corpus de source_snapshot. Coinciden ambos; resultado literal, no ausencia científica ni adjudicación de revisión."
"BN-516","b79f44279760ead007a5af80e50476692283e7580e8a5335e9aca374ff8e24b2","REINSPECCION","2026-09-27T00:44:03Z","/root (autor; no revisión independiente)","C-2761","data/busquedas_negativas/15_5_15-5-asociacion-integracion-y-transferencia.csv","data/tablas/09/table-45-9-8-1-gradiente-funcional-comparado.csv","2","funciones perdidas o no demostradas","identidad=«mitocondria aerobia completa»; campo=«funciones perdidas o no demostradas»; valor=«pérdidas: NO APLICA a este estado de referencia; no representa un organismo único»","0","448","1373e4658ea749685d9b9fdea95e800ff3bff56ab3d2012ae3b9d47d45d55bb6","8a33be0a189a42fe8a6c4b14ae5e36aa8df9da89aa312c045c6fd99de3c3f355","b4ada10d8705991b28ef47f19f000478019114dfd5779907acf9007d932b58e2","Comprobación por el autor de sum(all(component in text for component in componentes) for text in textos) con ExactCooccurrenceIndex.count; componentes de nominal_query y corpus de source_snapshot. Coinciden ambos; resultado literal, no ausencia científica ni adjudicación de revisión."
"BN-517","a51c04dd86babb7faf3d70bae391660403819ca2489cf915133d59d800075d26","REINSPECCION","2026-09-27T00:44:03Z","/root (autor; no revisión independiente)","C-2762","data/busquedas_negativas/15_5_15-5-asociacion-integracion-y-transferencia.csv","data/tablas/09/table-45-9-8-1-gradiente-funcional-comparado.csv","2","rendimiento energético localizado","identidad=«mitocondria aerobia completa»; campo=«rendimiento energético localizado»; valor=«ATP por fosforilación oxidativa; cifra por organismo NO LOCALIZADA en esta ficha»","0","448","1373e4658ea749685d9b9fdea95e800ff3bff56ab3d2012ae3b9d47d45d55bb6","8a33be0a189a42fe8a6c4b14ae5e36aa8df9da89aa312c045c6fd99de3c3f355","b4ada10d8705991b28ef47f19f000478019114dfd5779907acf9007d932b58e2","Comprobación por el autor de sum(all(component in text for component in componentes) for text in textos) con ExactCooccurrenceIndex.count; componentes de nominal_query y corpus de source_snapshot. Coinciden ambos; resultado literal, no ausencia científica ni adjudicación de revisión."
"BN-518","aad719b002c92dc9186dd985e01abba382ba8dfee7fc40f06a48814d79712dd8","REINSPECCION","2026-09-27T00:44:04Z","/root (autor; no revisión independiente)","C-2763","data/busquedas_negativas/15_5_15-5-asociacion-integracion-y-transferencia.csv","data/tablas/09/table-45-9-8-1-gradiente-funcional-comparado.csv","2","ambiente o asociación documentado","identidad=«mitocondria aerobia completa»; campo=«ambiente o asociación documentado»; valor=«ambiente: NO APLICA a un estado funcional que no designa un organismo único»","0","448","1373e4658ea749685d9b9fdea95e800ff3bff56ab3d2012ae3b9d47d45d55bb6","8a33be0a189a42fe8a6c4b14ae5e36aa8df9da89aa312c045c6fd99de3c3f355","b4ada10d8705991b28ef47f19f000478019114dfd5779907acf9007d932b58e2","Comprobación por el autor de sum(all(component in text for component in componentes) for text in textos) con ExactCooccurrenceIndex.count; componentes de nominal_query y corpus de source_snapshot. Coinciden ambos; resultado literal, no ausencia científica ni adjudicación de revisión."
"BN-519","fcbf524fb15c33cacfddef0a3d7d7e25983a2ad3bdd364cbadc88a91e4c67256","REINSPECCION","2026-09-27T00:44:05Z","/root (autor; no revisión independiente)","C-2765","data/busquedas_negativas/15_5_15-5-asociacion-integracion-y-transferencia.csv","data/tablas/09/table-45-9-8-1-gradiente-funcional-comparado.csv","4","rendimiento energético localizado","identidad=«hidrogenosoma sin genoma»; campo=«rendimiento energético localizado»; valor=«ATP por fosforilación a nivel de sustrato; cifra por sustrato NO LOCALIZADA en esta ficha»","0","448","1373e4658ea749685d9b9fdea95e800ff3bff56ab3d2012ae3b9d47d45d55bb6","8a33be0a189a42fe8a6c4b14ae5e36aa8df9da89aa312c045c6fd99de3c3f355","b4ada10d8705991b28ef47f19f000478019114dfd5779907acf9007d932b58e2","Comprobación por el autor de sum(all(component in text for component in componentes) for text in textos) con ExactCooccurrenceIndex.count; componentes de nominal_query y corpus de source_snapshot. Coinciden ambos; resultado literal, no ausencia científica ni adjudicación de revisión."
"BN-520","896837fb5d2fcc1e5c7a3057a96ca06b815866a515cabbd6ac889b7d9388b0fb","REINSPECCION","2026-09-27T00:44:05Z","/root (autor; no revisión independiente)","C-2766","data/busquedas_negativas/15_5_15-5-asociacion-integracion-y-transferencia.csv","data/tablas/09/table-45-9-8-1-gradiente-funcional-comparado.csv","4","ambiente o asociación documentado","identidad=«hidrogenosoma sin genoma»; campo=«ambiente o asociación documentado»; valor=«parásito humano extracelular y microaerófilo del tracto genital o urinario»","0","448","1373e4658ea749685d9b9fdea95e800ff3bff56ab3d2012ae3b9d47d45d55bb6","8a33be0a189a42fe8a6c4b14ae5e36aa8df9da89aa312c045c6fd99de3c3f355","b4ada10d8705991b28ef47f19f000478019114dfd5779907acf9007d932b58e2","Comprobación por el autor de sum(all(component in text for component in componentes) for text in textos) con ExactCooccurrenceIndex.count; componentes de nominal_query y corpus de source_snapshot. Coinciden ambos; resultado literal, no ausencia científica ni adjudicación de revisión."
"BN-521","2c7591771ca86c4790f381fcd3ea0d58a11c6bc6a50eefc00228961a15aadec8","REINSPECCION","2026-09-27T00:44:06Z","/root (autor; no revisión independiente)","C-2767","data/busquedas_negativas/15_5_15-5-asociacion-integracion-y-transferencia.csv","data/tablas/09/table-45-9-8-1-gradiente-funcional-comparado.csv","5","ambiente o asociación documentado","identidad=«mitosoma con ISC»; campo=«ambiente o asociación documentado»; valor=«parásito intestinal humano; el ambiente se atribuye al organismo, no al mitosoma aislado»","0","448","1373e4658ea749685d9b9fdea95e800ff3bff56ab3d2012ae3b9d47d45d55bb6","8a33be0a189a42fe8a6c4b14ae5e36aa8df9da89aa312c045c6fd99de3c3f355","b4ada10d8705991b28ef47f19f000478019114dfd5779907acf9007d932b58e2","Comprobación por el autor de sum(all(component in text for component in componentes) for text in textos) con ExactCooccurrenceIndex.count; componentes de nominal_query y corpus de source_snapshot. Coinciden ambos; resultado literal, no ausencia científica ni adjudicación de revisión."
"BN-522","db197bfa5a57e55b0fb18a2d4d8f1cf3c507a024cbdb658c16fe62c0929ecd74","REINSPECCION","2026-09-27T00:44:06Z","/root (autor; no revisión independiente)","C-2769","data/busquedas_negativas/15_5_15-5-asociacion-integracion-y-transferencia.csv","data/tablas/09/table-45-9-8-1-gradiente-funcional-comparado.csv","6","ambiente o asociación documentado","identidad=«mitosoma con activación de sulfato»; campo=«ambiente o asociación documentado»; valor=«parásito intestinal humano; el ambiente se atribuye al organismo, no al mitosoma aislado»","0","448","1373e4658ea749685d9b9fdea95e800ff3bff56ab3d2012ae3b9d47d45d55bb6","8a33be0a189a42fe8a6c4b14ae5e36aa8df9da89aa312c045c6fd99de3c3f355","b4ada10d8705991b28ef47f19f000478019114dfd5779907acf9007d932b58e2","Comprobación por el autor de sum(all(component in text for component in componentes) for text in textos) con ExactCooccurrenceIndex.count; componentes de nominal_query y corpus de source_snapshot. Coinciden ambos; resultado literal, no ausencia científica ni adjudicación de revisión."
"BN-523","c4b5b3c05440c23985a59355c34164165edc6b9a6cdbb56e8026cec493470f70","REINSPECCION","2026-09-27T00:44:07Z","/root (autor; no revisión independiente)","C-2770","data/busquedas_negativas/15_5_15-5-asociacion-integracion-y-transferencia.csv","data/tablas/09/table-45-9-8-1-gradiente-funcional-comparado.csv","7","funciones perdidas o no demostradas","identidad=«mitosomas microsporidianos»; campo=«funciones perdidas o no demostradas»; valor=«pérdidas adicionales: NO DOCUMENTADAS POR LAS C CITADAS EN ESTA FILA»","0","448","1373e4658ea749685d9b9fdea95e800ff3bff56ab3d2012ae3b9d47d45d55bb6","8a33be0a189a42fe8a6c4b14ae5e36aa8df9da89aa312c045c6fd99de3c3f355","b4ada10d8705991b28ef47f19f000478019114dfd5779907acf9007d932b58e2","Comprobación por el autor de sum(all(component in text for component in componentes) for text in textos) con ExactCooccurrenceIndex.count; componentes de nominal_query y corpus de source_snapshot. Coinciden ambos; resultado literal, no ausencia científica ni adjudicación de revisión."
"BN-524","cd8285cbdc45db6d36c651568998187e5359bfb372d0b607c50f69e8272ced02","REINSPECCION","2026-09-27T00:44:08Z","/root (autor; no revisión independiente)","C-2772","data/busquedas_negativas/15_5_15-5-asociacion-integracion-y-transferencia.csv","data/tablas/09/table-45-9-8-1-gradiente-funcional-comparado.csv","7","ambiente o asociación documentado","identidad=«mitosomas microsporidianos»; campo=«ambiente o asociación documentado»; valor=«parásitos intracelulares obligados de otros eucariotas; el hospedador concreto depende del microsporidio»","0","448","1373e4658ea749685d9b9fdea95e800ff3bff56ab3d2012ae3b9d47d45d55bb6","8a33be0a189a42fe8a6c4b14ae5e36aa8df9da89aa312c045c6fd99de3c3f355","b4ada10d8705991b28ef47f19f000478019114dfd5779907acf9007d932b58e2","Comprobación por el autor de sum(all(component in text for component in componentes) for text in textos) con ExactCooccurrenceIndex.count; componentes de nominal_query y corpus de source_snapshot. Coinciden ambos; resultado literal, no ausencia científica ni adjudicación de revisión."
"BN-525","0aa49c15cf418885c31dc6f600e0fca5549b77518fd9b94da5d0d663890d1e06","REINSPECCION","2026-09-27T00:44:09Z","/root (autor; no revisión independiente)","C-2774","data/busquedas_negativas/15_5_15-5-asociacion-integracion-y-transferencia.csv","data/tablas/09/table-45-9-8-1-gradiente-funcional-comparado.csv","8","ambiente o asociación documentado","identidad=«ausencia de MRO»; campo=«ambiente o asociación documentado»; valor=«intestino de roedores caviomorfos; endobionte microaerófilo o de baja presión de oxígeno»","0","448","1373e4658ea749685d9b9fdea95e800ff3bff56ab3d2012ae3b9d47d45d55bb6","8a33be0a189a42fe8a6c4b14ae5e36aa8df9da89aa312c045c6fd99de3c3f355","b4ada10d8705991b28ef47f19f000478019114dfd5779907acf9007d932b58e2","Comprobación por el autor de sum(all(component in text for component in componentes) for text in textos) con ExactCooccurrenceIndex.count; componentes de nominal_query y corpus de source_snapshot. Coinciden ambos; resultado literal, no ausencia científica ni adjudicación de revisión."
"BN-526","165f98b20756bbb0e300329a5d58b6c3639ec9ad3f593b2e0e48bd8e465e81da","REINSPECCION","2026-09-27T00:44:10Z","/root (autor; no revisión independiente)","C-2776","data/busquedas_negativas/15_5_15-5-asociacion-integracion-y-transferencia.csv","data/tablas/09/table-45-9-8-1-gradiente-funcional-comparado.csv","9","ambiente o asociación documentado","identidad=«MRO sin genoma mitocondrial»; campo=«ambiente o asociación documentado»; valor=«parásito de peces salmónidos en un ambiente de hospedador con baja disponibilidad de oxígeno»","0","448","1373e4658ea749685d9b9fdea95e800ff3bff56ab3d2012ae3b9d47d45d55bb6","8a33be0a189a42fe8a6c4b14ae5e36aa8df9da89aa312c045c6fd99de3c3f355","b4ada10d8705991b28ef47f19f000478019114dfd5779907acf9007d932b58e2","Comprobación por el autor de sum(all(component in text for component in componentes) for text in textos) con ExactCooccurrenceIndex.count; componentes de nominal_query y corpus de source_snapshot. Coinciden ambos; resultado literal, no ausencia científica ni adjudicación de revisión."
"BN-527","efd3d0d8eae052ae7c2a17308d917aa292f7b54ac897bba21de830ee6b979b57","REINSPECCION","2026-09-27T00:44:11Z","/root (autor; no revisión independiente)","C-2777","data/busquedas_negativas/15_6_15-6-rasgos-con-costo-y-controversia-energetica.csv","data/tablas/10/table-47-10-1-tabla-consolidada-de-rasgos-con-coste.csv","17","dependencias previas que exige","identidad=«mitosis semiabierta o parcialmente abierta, comparación entre tres modos»; campo=«dependencias previas que exige»; valor=«distribución: documentada en el entorno eucariota; no se localizó en las C de esta ficha una asignación específica dentro del corredor holozoo»","0","448","1373e4658ea749685d9b9fdea95e800ff3bff56ab3d2012ae3b9d47d45d55bb6","8a33be0a189a42fe8a6c4b14ae5e36aa8df9da89aa312c045c6fd99de3c3f355","b4ada10d8705991b28ef47f19f000478019114dfd5779907acf9007d932b58e2","Comprobación por el autor de sum(all(component in text for component in componentes) for text in textos) con ExactCooccurrenceIndex.count; componentes de nominal_query y corpus de source_snapshot. Coinciden ambos; resultado literal, no ausencia científica ni adjudicación de revisión."
"BN-528","c6fc93109c650447b17332cfa7de199ef10fd932e0ff36c37cc8ac7a7a805c9d","REINSPECCION","2026-09-27T00:44:11Z","/root (autor; no revisión independiente)","C-2778","data/busquedas_negativas/15_6_15-6-rasgos-con-costo-y-controversia-energetica.csv","data/tablas/10/table-47-10-1-tabla-consolidada-de-rasgos-con-coste.csv","17","organismo, condición experimental o modelo del que procede","identidad=«mitosis semiabierta o parcialmente abierta, comparación entre tres modos»; campo=«organismo, condición experimental o modelo del que procede»; valor=«entorno eucariota y comparación protista; el hueco de distribución interna del corredor queda explícito»","0","448","1373e4658ea749685d9b9fdea95e800ff3bff56ab3d2012ae3b9d47d45d55bb6","8a33be0a189a42fe8a6c4b14ae5e36aa8df9da89aa312c045c6fd99de3c3f355","b4ada10d8705991b28ef47f19f000478019114dfd5779907acf9007d932b58e2","Comprobación por el autor de sum(all(component in text for component in componentes) for text in textos) con ExactCooccurrenceIndex.count; componentes de nominal_query y corpus de source_snapshot. Coinciden ambos; resultado literal, no ausencia científica ni adjudicación de revisión."
"BN-529","8bfd93fdbdf3227c3c72c428edfaf29ab124aabafec711f0d6c5889fe8601133","REINSPECCION","2026-09-27T00:44:12Z","/root (autor; no revisión independiente)","C-2779","data/busquedas_negativas/15_9_15-9-multicelularidad-y-repertorio-preanimal.csv","data/tablas/12/table-52-12-6-1-costes-y-compensaciones-cuantificados-o-no-localizado.csv","5","condición","identidad=«agregación de *Capsaspora owczarzaki*»; campo=«condición»; valor=«lípidos, fracción sérica y calcio; no se localizó un coste energético directo de mantenimiento»","0","448","1373e4658ea749685d9b9fdea95e800ff3bff56ab3d2012ae3b9d47d45d55bb6","8a33be0a189a42fe8a6c4b14ae5e36aa8df9da89aa312c045c6fd99de3c3f355","b4ada10d8705991b28ef47f19f000478019114dfd5779907acf9007d932b58e2","Comprobación por el autor de sum(all(component in text for component in componentes) for text in textos) con ExactCooccurrenceIndex.count; componentes de nominal_query y corpus de source_snapshot. Coinciden ambos; resultado literal, no ausencia científica ni adjudicación de revisión."
"BN-530","80a3be53f6362bad0160c3032619b9c351ec3a6555efe4ec7489dbdf84891c62","REINSPECCION","2026-09-27T00:44:13Z","/root (autor; no revisión independiente)","C-2780","data/busquedas_negativas/15_9_15-9-multicelularidad-y-repertorio-preanimal.csv","data/tablas/12/table-52-12-6-1-costes-y-compensaciones-cuantificados-o-no-localizado.csv","6","condición","identidad=«agregación de *Ministeria vibrans*»; campo=«condición»; valor=«disrupción física y superficie de menor agregación, ambas con confusores declarados; no hay conversión válida a coste energético»","0","448","1373e4658ea749685d9b9fdea95e800ff3bff56ab3d2012ae3b9d47d45d55bb6","8a33be0a189a42fe8a6c4b14ae5e36aa8df9da89aa312c045c6fd99de3c3f355","b4ada10d8705991b28ef47f19f000478019114dfd5779907acf9007d932b58e2","Comprobación por el autor de sum(all(component in text for component in componentes) for text in textos) con ExactCooccurrenceIndex.count; componentes de nominal_query y corpus de source_snapshot. Coinciden ambos; resultado literal, no ausencia científica ni adjudicación de revisión."
"BN-531","08349c029d325faf25b9ea8abba7666250b3981648f9d14c0d372a7555e12474","REINSPECCION","2026-09-27T00:44:14Z","/root (autor; no revisión independiente)","C-2781","data/busquedas_negativas/15_9_15-9-multicelularidad-y-repertorio-preanimal.csv","data/tablas/12/table-52-12-6-1-costes-y-compensaciones-cuantificados-o-no-localizado.csv","9","condición","identidad=«levadura snowflake inicial»; campo=«condición»; valor=«ensayo de sedimentación; la ventaja de aptitud publicada no es un coste energético de mantenimiento»","0","448","1373e4658ea749685d9b9fdea95e800ff3bff56ab3d2012ae3b9d47d45d55bb6","8a33be0a189a42fe8a6c4b14ae5e36aa8df9da89aa312c045c6fd99de3c3f355","b4ada10d8705991b28ef47f19f000478019114dfd5779907acf9007d932b58e2","Comprobación por el autor de sum(all(component in text for component in componentes) for text in textos) con ExactCooccurrenceIndex.count; componentes de nominal_query y corpus de source_snapshot. Coinciden ambos; resultado literal, no ausencia científica ni adjudicación de revisión."
"BN-532","2edb80e0a85922b3ddbb1b60bf0815ee1063e57a32565b6a2f58d8e4e4e74292","REINSPECCION","2026-09-27T00:44:14Z","/root (autor; no revisión independiente)","C-2782","data/busquedas_negativas/15_9_15-9-multicelularidad-y-repertorio-preanimal.csv","data/tablas/12/table-52-12-6-1-costes-y-compensaciones-cuantificados-o-no-localizado.csv","10","condición","identidad=«levadura snowflake prolongada»; campo=«condición»; valor=«tratamiento anaerobio, 600 rondas; tamaño, tenacidad y limitación por oxígeno no se convierten en coste energético directo»","0","448","1373e4658ea749685d9b9fdea95e800ff3bff56ab3d2012ae3b9d47d45d55bb6","8a33be0a189a42fe8a6c4b14ae5e36aa8df9da89aa312c045c6fd99de3c3f355","b4ada10d8705991b28ef47f19f000478019114dfd5779907acf9007d932b58e2","Comprobación por el autor de sum(all(component in text for component in componentes) for text in textos) con ExactCooccurrenceIndex.count; componentes de nominal_query y corpus de source_snapshot. Coinciden ambos; resultado literal, no ausencia científica ni adjudicación de revisión."
"BN-533","82832ffcc4173589e5aba98f23a724f85797d6b836bcf9edff3ae8fb2495a381","REINSPECCION","2026-09-27T00:44:15Z","/root (autor; no revisión independiente)","C-2789","data/busquedas_negativas/15_8_15-8-nombres-y-nomenclatura.csv","data/tablas/14/table-56a-14-8-1-codigos-por-nodo.csv","2","ICN","identidad=«Eukaryota»; campo=«ICN»; valor=«no gobierna la circunscripción filogenética del nodo»","0","448","1373e4658ea749685d9b9fdea95e800ff3bff56ab3d2012ae3b9d47d45d55bb6","8a33be0a189a42fe8a6c4b14ae5e36aa8df9da89aa312c045c6fd99de3c3f355","b4ada10d8705991b28ef47f19f000478019114dfd5779907acf9007d932b58e2","Comprobación por el autor de sum(all(component in text for component in componentes) for text in textos) con ExactCooccurrenceIndex.count; componentes de nominal_query y corpus de source_snapshot. Coinciden ambos; resultado literal, no ausencia científica ni adjudicación de revisión."
"BN-534","a20dda980548fa3e244a43f8fa088e9f5859a923ccc9a4b2ad2b36b44c32e717","REINSPECCION","2026-09-27T00:44:16Z","/root (autor; no revisión independiente)","C-2790","data/busquedas_negativas/15_8_15-8-nombres-y-nomenclatura.csv","data/tablas/14/table-56a-14-8-1-codigos-por-nodo.csv","10","ICN","identidad=«Holozoa»; campo=«ICN»; valor=«no gobierna la circunscripción filogenética del nodo»","0","448","1373e4658ea749685d9b9fdea95e800ff3bff56ab3d2012ae3b9d47d45d55bb6","8a33be0a189a42fe8a6c4b14ae5e36aa8df9da89aa312c045c6fd99de3c3f355","b4ada10d8705991b28ef47f19f000478019114dfd5779907acf9007d932b58e2","Comprobación por el autor de sum(all(component in text for component in componentes) for text in textos) con ExactCooccurrenceIndex.count; componentes de nominal_query y corpus de source_snapshot. Coinciden ambos; resultado literal, no ausencia científica ni adjudicación de revisión."
"BN-535","f9353d7f411b2062465f10e98f9abc2df2606c0a444b58fa59dd25178c243061","REINSPECCION","2026-09-27T00:44:17Z","/root (autor; no revisión independiente)","C-2791","data/busquedas_negativas/15_8_15-8-nombres-y-nomenclatura.csv","data/tablas/14/table-56a-14-8-1-codigos-por-nodo.csv","15","ICN","identidad=«Filozoa»; campo=«ICN»; valor=«no gobierna la circunscripción filogenética del nodo»","0","448","1373e4658ea749685d9b9fdea95e800ff3bff56ab3d2012ae3b9d47d45d55bb6","8a33be0a189a42fe8a6c4b14ae5e36aa8df9da89aa312c045c6fd99de3c3f355","b4ada10d8705991b28ef47f19f000478019114dfd5779907acf9007d932b58e2","Comprobación por el autor de sum(all(component in text for component in componentes) for text in textos) con ExactCooccurrenceIndex.count; componentes de nominal_query y corpus de source_snapshot. Coinciden ambos; resultado literal, no ausencia científica ni adjudicación de revisión."
"BN-536","9d4ffd6ccf782d1276a553b3bc3623b94d9061901f7fec9f7804827a7da94122","REINSPECCION","2026-09-27T00:44:17Z","/root (autor; no revisión independiente)","C-2792","data/busquedas_negativas/15_8_15-8-nombres-y-nomenclatura.csv","data/tablas/14/table-56a-14-8-1-codigos-por-nodo.csv","16","ICN","identidad=«Choanozoa sensu stricto»; campo=«ICN»; valor=«no gobierna la circunscripción filogenética del nodo»","0","448","1373e4658ea749685d9b9fdea95e800ff3bff56ab3d2012ae3b9d47d45d55bb6","8a33be0a189a42fe8a6c4b14ae5e36aa8df9da89aa312c045c6fd99de3c3f355","b4ada10d8705991b28ef47f19f000478019114dfd5779907acf9007d932b58e2","Comprobación por el autor de sum(all(component in text for component in componentes) for text in textos) con ExactCooccurrenceIndex.count; componentes de nominal_query y corpus de source_snapshot. Coinciden ambos; resultado literal, no ausencia científica ni adjudicación de revisión."
"BN-537","2f98684ea951bfe24dc25edad6bf8e87dcded3480f0a4cd737e9b585f6318f3a","REINSPECCION","2026-09-27T00:44:19Z","/root (autor; no revisión independiente)","C-2793","data/busquedas_negativas/15_8_15-8-nombres-y-nomenclatura.csv","data/tablas/14/table-58-14-8-3-terminos-problematicos-y-reemplazos.csv","4","quién lo introdujo y cuándo","identidad=«alga»; campo=«quién lo introdujo y cuándo»; valor=«NO BUSCADO (motivo: las C localizadas documentan distribución y uso, no una acuñación única)»","0","448","1373e4658ea749685d9b9fdea95e800ff3bff56ab3d2012ae3b9d47d45d55bb6","8a33be0a189a42fe8a6c4b14ae5e36aa8df9da89aa312c045c6fd99de3c3f355","b4ada10d8705991b28ef47f19f000478019114dfd5779907acf9007d932b58e2","Comprobación por el autor de sum(all(component in text for component in componentes) for text in textos) con ExactCooccurrenceIndex.count; componentes de nominal_query y corpus de source_snapshot. Coinciden ambos; resultado literal, no ausencia científica ni adjudicación de revisión."
"BN-538","2b0ef4dd8a63139e55e92087e77e067c4eb8ee36119b885918ede34aec0f4399","REINSPECCION","2026-09-27T00:44:21Z","/root (autor; no revisión independiente)","C-2794","data/busquedas_negativas/15_8_15-8-nombres-y-nomenclatura.csv","data/tablas/14/table-58-14-8-3-terminos-problematicos-y-reemplazos.csv","8","quién lo introdujo y cuándo","identidad=«reino»; campo=«quién lo introdujo y cuándo»; valor=«NO BUSCADO para la acuñación del rango (motivo: las C comparan Whittaker 1969, Cavalier-Smith 1998 y Ruggiero et al. 2015)»","0","448","1373e4658ea749685d9b9fdea95e800ff3bff56ab3d2012ae3b9d47d45d55bb6","8a33be0a189a42fe8a6c4b14ae5e36aa8df9da89aa312c045c6fd99de3c3f355","b4ada10d8705991b28ef47f19f000478019114dfd5779907acf9007d932b58e2","Comprobación por el autor de sum(all(component in text for component in componentes) for text in textos) con ExactCooccurrenceIndex.count; componentes de nominal_query y corpus de source_snapshot. Coinciden ambos; resultado literal, no ausencia científica ni adjudicación de revisión."
"BN-539","3f33351fec96a2a8d7765c17e3c82953721f0322a2271dd6a0781bfac4f32d31","REINSPECCION","2026-09-27T00:44:23Z","/root (autor; no revisión independiente)","C-2795","data/busquedas_negativas/15_8_15-8-nombres-y-nomenclatura.csv","data/tablas/14/table-58-14-8-3-terminos-problematicos-y-reemplazos.csv","9","quién lo introdujo y cuándo","identidad=«Archezoa»; campo=«quién lo introdujo y cuándo»; valor=«NO BUSCADO en esta tabla (motivo: las C conservan la historia de la hipótesis pero no una fila atómica de introductor y fecha)»","0","448","1373e4658ea749685d9b9fdea95e800ff3bff56ab3d2012ae3b9d47d45d55bb6","8a33be0a189a42fe8a6c4b14ae5e36aa8df9da89aa312c045c6fd99de3c3f355","b4ada10d8705991b28ef47f19f000478019114dfd5779907acf9007d932b58e2","Comprobación por el autor de sum(all(component in text for component in componentes) for text in textos) con ExactCooccurrenceIndex.count; componentes de nominal_query y corpus de source_snapshot. Coinciden ambos; resultado literal, no ausencia científica ni adjudicación de revisión."
"BN-540","516f181d45261a0be751f47c9acce7dffbb6024e4eb64ca771bf04b5e96cc1ff","REINSPECCION","2026-09-27T00:44:25Z","/root (autor; no revisión independiente)","C-2796","data/busquedas_negativas/15_8_15-8-nombres-y-nomenclatura.csv","data/tablas/14/table-58-14-8-3-terminos-problematicos-y-reemplazos.csv","10","quién lo introdujo y cuándo","identidad=«Excavata»; campo=«quién lo introdujo y cuándo»; valor=«NO BUSCADO en esta tabla (motivo: las C citadas no registran introductor y fecha como proposición separada)»","0","448","1373e4658ea749685d9b9fdea95e800ff3bff56ab3d2012ae3b9d47d45d55bb6","8a33be0a189a42fe8a6c4b14ae5e36aa8df9da89aa312c045c6fd99de3c3f355","b4ada10d8705991b28ef47f19f000478019114dfd5779907acf9007d932b58e2","Comprobación por el autor de sum(all(component in text for component in componentes) for text in textos) con ExactCooccurrenceIndex.count; componentes de nominal_query y corpus de source_snapshot. Coinciden ambos; resultado literal, no ausencia científica ni adjudicación de revisión."
"BN-541","f695d496c35430e08b69dd644f248ab186e37a215243e0fbe9bec17d1d2d2da7","REINSPECCION","2026-09-27T00:44:26Z","/root (autor; no revisión independiente)","C-2797","data/busquedas_negativas/15_8_15-8-nombres-y-nomenclatura.csv","data/tablas/14/table-58-14-8-3-terminos-problematicos-y-reemplazos.csv","11","quién lo introdujo y cuándo","identidad=«Chromalveolata»; campo=«quién lo introdujo y cuándo»; valor=«NO BUSCADO en esta tabla (motivo: las C registran el modelo, no una fila atómica de autor y fecha de acuñación)»","0","448","1373e4658ea749685d9b9fdea95e800ff3bff56ab3d2012ae3b9d47d45d55bb6","8a33be0a189a42fe8a6c4b14ae5e36aa8df9da89aa312c045c6fd99de3c3f355","b4ada10d8705991b28ef47f19f000478019114dfd5779907acf9007d932b58e2","Comprobación por el autor de sum(all(component in text for component in componentes) for text in textos) con ExactCooccurrenceIndex.count; componentes de nominal_query y corpus de source_snapshot. Coinciden ambos; resultado literal, no ausencia científica ni adjudicación de revisión."
"BN-542","9a7fe6cacf0d98b39658ee366481e336284944fd494e0ce8b113f130f872a2f4","REINSPECCION","2026-09-27T00:44:27Z","/root (autor; no revisión independiente)","C-2798","data/busquedas_negativas/15_8_15-8-nombres-y-nomenclatura.csv","data/tablas/14/table-58-14-8-3-terminos-problematicos-y-reemplazos.csv","12","quién lo introdujo y cuándo","identidad=«Unikonta / Bikonta»; campo=«quién lo introdujo y cuándo»; valor=«NO BUSCADO en esta tabla (motivo: las C citadas no registran una acuñación única)»","0","448","1373e4658ea749685d9b9fdea95e800ff3bff56ab3d2012ae3b9d47d45d55bb6","8a33be0a189a42fe8a6c4b14ae5e36aa8df9da89aa312c045c6fd99de3c3f355","b4ada10d8705991b28ef47f19f000478019114dfd5779907acf9007d932b58e2","Comprobación por el autor de sum(all(component in text for component in componentes) for text in textos) con ExactCooccurrenceIndex.count; componentes de nominal_query y corpus de source_snapshot. Coinciden ambos; resultado literal, no ausencia científica ni adjudicación de revisión."
"BN-543","5661cccbb0fc60d447628ca3f3c12a60e9dd0755ede520c0a95e61f02b907f50","REINSPECCION","2026-09-27T00:44:28Z","/root (autor; no revisión independiente)","C-2799","data/busquedas_negativas/15_8_15-8-nombres-y-nomenclatura.csv","data/tablas/14/table-58-14-8-3-terminos-problematicos-y-reemplazos.csv","13","quién lo introdujo y cuándo","identidad=«hongo para oomicetos o mohos mucilaginosos»; campo=«quién lo introdujo y cuándo»; valor=«NO APLICA como término de acuñación única; es un uso comparativo histórico»","0","448","1373e4658ea749685d9b9fdea95e800ff3bff56ab3d2012ae3b9d47d45d55bb6","8a33be0a189a42fe8a6c4b14ae5e36aa8df9da89aa312c045c6fd99de3c3f355","b4ada10d8705991b28ef47f19f000478019114dfd5779907acf9007d932b58e2","Comprobación por el autor de sum(all(component in text for component in componentes) for text in textos) con ExactCooccurrenceIndex.count; componentes de nominal_query y corpus de source_snapshot. Coinciden ambos; resultado literal, no ausencia científica ni adjudicación de revisión."
"BN-544","3276fdadc33e9c17412be475938a21d64b214ec171fe6eb1775f49e09d1e2ecb","REINSPECCION","2026-09-27T00:44:30Z","/root (autor; no revisión independiente)","C-2800","data/busquedas_negativas/15_8_15-8-nombres-y-nomenclatura.csv","data/tablas/14/table-58-14-8-3-terminos-problematicos-y-reemplazos.csv","14","quién lo introdujo y cuándo","identidad=«flagelo»; campo=«quién lo introdujo y cuándo»; valor=«NO APLICA como acuñación única evaluada; el problema es homonimia funcional»","0","448","1373e4658ea749685d9b9fdea95e800ff3bff56ab3d2012ae3b9d47d45d55bb6","8a33be0a189a42fe8a6c4b14ae5e36aa8df9da89aa312c045c6fd99de3c3f355","b4ada10d8705991b28ef47f19f000478019114dfd5779907acf9007d932b58e2","Comprobación por el autor de sum(all(component in text for component in componentes) for text in textos) con ExactCooccurrenceIndex.count; componentes de nominal_query y corpus de source_snapshot. Coinciden ambos; resultado literal, no ausencia científica ni adjudicación de revisión."
"BN-545","7e030ab7649d504ebe433028da42831097839ac6c30b8b777854b0aa14edccea","REINSPECCION","2026-09-27T00:44:32Z","/root (autor; no revisión independiente)","C-2801","data/busquedas_negativas/15_8_15-8-nombres-y-nomenclatura.csv","data/tablas/14/table-58-14-8-3-terminos-problematicos-y-reemplazos.csv","15","quién lo introdujo y cuándo","identidad=«simbiosis»; campo=«quién lo introdujo y cuándo»; valor=«NO BUSCADO en esta tabla (motivo: las C documentan usos, no una atribución histórica única)»","0","448","1373e4658ea749685d9b9fdea95e800ff3bff56ab3d2012ae3b9d47d45d55bb6","8a33be0a189a42fe8a6c4b14ae5e36aa8df9da89aa312c045c6fd99de3c3f355","b4ada10d8705991b28ef47f19f000478019114dfd5779907acf9007d932b58e2","Comprobación por el autor de sum(all(component in text for component in componentes) for text in textos) con ExactCooccurrenceIndex.count; componentes de nominal_query y corpus de source_snapshot. Coinciden ambos; resultado literal, no ausencia científica ni adjudicación de revisión."
"BN-546","ad12d9cfdd3b07e0b33d434796d85a081b7f3fc17192338800caa509d9d50be4","REINSPECCION","2026-09-27T00:44:33Z","/root (autor; no revisión independiente)","C-2802","data/busquedas_negativas/15_8_15-8-nombres-y-nomenclatura.csv","data/tablas/14/table-58-14-8-3-terminos-problematicos-y-reemplazos.csv","17","quién lo introdujo y cuándo","identidad=«eucariota primitivo»; campo=«quién lo introdujo y cuándo»; valor=«NO APLICA como acuñación única; es una etiqueta criticada»","0","448","1373e4658ea749685d9b9fdea95e800ff3bff56ab3d2012ae3b9d47d45d55bb6","8a33be0a189a42fe8a6c4b14ae5e36aa8df9da89aa312c045c6fd99de3c3f355","b4ada10d8705991b28ef47f19f000478019114dfd5779907acf9007d932b58e2","Comprobación por el autor de sum(all(component in text for component in componentes) for text in textos) con ExactCooccurrenceIndex.count; componentes de nominal_query y corpus de source_snapshot. Coinciden ambos; resultado literal, no ausencia científica ni adjudicación de revisión."
"BN-547","5cd2415f35b728385f4c80de8e6722bd8abf3fff3aabe32749a53628e00b5413","REINSPECCION","2026-09-27T00:44:34Z","/root (autor; no revisión independiente)","C-2803","data/busquedas_negativas/15_8_15-8-nombres-y-nomenclatura.csv","data/tablas/14/table-58-14-8-3-terminos-problematicos-y-reemplazos.csv","18","quién lo introdujo y cuándo","identidad=«organismo simple»; campo=«quién lo introdujo y cuándo»; valor=«NO APLICA como acuñación única; es un descriptor subespecificado»","0","448","1373e4658ea749685d9b9fdea95e800ff3bff56ab3d2012ae3b9d47d45d55bb6","8a33be0a189a42fe8a6c4b14ae5e36aa8df9da89aa312c045c6fd99de3c3f355","b4ada10d8705991b28ef47f19f000478019114dfd5779907acf9007d932b58e2","Comprobación por el autor de sum(all(component in text for component in componentes) for text in textos) con ExactCooccurrenceIndex.count; componentes de nominal_query y corpus de source_snapshot. Coinciden ambos; resultado literal, no ausencia científica ni adjudicación de revisión."
"BN-548","203225ebe2c1d1e93771fbbc01ef3d67e4546ec99df29b2f61982a9d7d3dd956","REINSPECCION","2026-09-27T00:44:35Z","/root (autor; no revisión independiente)","C-2804","data/busquedas_negativas/15_8_15-8-nombres-y-nomenclatura.csv","data/tablas/14/table-58-14-8-3-terminos-problematicos-y-reemplazos.csv","19","quién lo introdujo y cuándo","identidad=«fósil viviente»; campo=«quién lo introdujo y cuándo»; valor=«NO BUSCADO para acuñación (motivo: las C evalúan criterios contemporáneos)»","0","448","1373e4658ea749685d9b9fdea95e800ff3bff56ab3d2012ae3b9d47d45d55bb6","8a33be0a189a42fe8a6c4b14ae5e36aa8df9da89aa312c045c6fd99de3c3f355","b4ada10d8705991b28ef47f19f000478019114dfd5779907acf9007d932b58e2","Comprobación por el autor de sum(all(component in text for component in componentes) for text in textos) con ExactCooccurrenceIndex.count; componentes de nominal_query y corpus de source_snapshot. Coinciden ambos; resultado literal, no ausencia científica ni adjudicación de revisión."
"BN-549","08e1fbb669b49ced5fdf9adb88b890faeb57a7b16b42194da2aba56bc51f5604","REINSPECCION","2026-09-27T00:44:36Z","/root (autor; no revisión independiente)","C-2805","data/busquedas_negativas/15_3_15-3-raiz-eucariota-y-corredor-filogenetico.csv","data/tablas/15/table-59-15-1-mapa-del-terreno-probatorio.csv","5","resolución temporal","identidad=«biomarcadores»; campo=«resolución temporal»; valor=«edad del estrato y resolución del muestreo geoquímico, no fecha de divergencia directa»","0","448","1373e4658ea749685d9b9fdea95e800ff3bff56ab3d2012ae3b9d47d45d55bb6","8a33be0a189a42fe8a6c4b14ae5e36aa8df9da89aa312c045c6fd99de3c3f355","b4ada10d8705991b28ef47f19f000478019114dfd5779907acf9007d932b58e2","Comprobación por el autor de sum(all(component in text for component in componentes) for text in textos) con ExactCooccurrenceIndex.count; componentes de nominal_query y corpus de source_snapshot. Coinciden ambos; resultado literal, no ausencia científica ni adjudicación de revisión."
"BN-550","3f3ca5aeaf3fa0582865cf3c8ff9575d03f5063683af703a300c6aae9d4b442e","REINSPECCION","2026-09-27T00:44:37Z","/root (autor; no revisión independiente)","C-2806","data/busquedas_negativas/15_3_15-3-raiz-eucariota-y-corredor-filogenetico.csv","data/tablas/15/table-61-15-3-nodos-fechas-y-relaciones-debiles.csv","2","qué dato discriminaría mejor","identidad=«raíz de Eukaryota»; campo=«qué dato discriminaría mejor»; valor=«más muestreo de linajes profundos y modelos que acomoden heterogeneidad con pruebas de artefacto; pregunta abierta: qué raíz permanece al variar ambos»","0","448","1373e4658ea749685d9b9fdea95e800ff3bff56ab3d2012ae3b9d47d45d55bb6","8a33be0a189a42fe8a6c4b14ae5e36aa8df9da89aa312c045c6fd99de3c3f355","b4ada10d8705991b28ef47f19f000478019114dfd5779907acf9007d932b58e2","Comprobación por el autor de sum(all(component in text for component in componentes) for text in textos) con ExactCooccurrenceIndex.count; componentes de nominal_query y corpus de source_snapshot. Coinciden ambos; resultado literal, no ausencia científica ni adjudicación de revisión."
"BN-551","e5dcf9f70d89cc066e656171a1326a422d6e5a3a693b0233094b960c803e296d","REINSPECCION","2026-09-27T00:44:38Z","/root (autor; no revisión independiente)","C-2807","data/busquedas_negativas/15_3_15-3-raiz-eucariota-y-corredor-filogenetico.csv","data/tablas/15/table-61-15-3-nodos-fechas-y-relaciones-debiles.csv","3","qué dato discriminaría mejor","identidad=«inserción de Eukaryota en Asgard»; campo=«qué dato discriminaría mejor»; valor=«más genomas asgard de alta calidad y matrices sometidas a los mismos filtros/modelos; pregunta abierta: qué rama asgard resulta hermana estable»","0","448","1373e4658ea749685d9b9fdea95e800ff3bff56ab3d2012ae3b9d47d45d55bb6","8a33be0a189a42fe8a6c4b14ae5e36aa8df9da89aa312c045c6fd99de3c3f355","b4ada10d8705991b28ef47f19f000478019114dfd5779907acf9007d932b58e2","Comprobación por el autor de sum(all(component in text for component in componentes) for text in textos) con ExactCooccurrenceIndex.count; componentes de nominal_query y corpus de source_snapshot. Coinciden ambos; resultado literal, no ausencia científica ni adjudicación de revisión."
"BN-552","5de0339835371ffd35ea9c5f9ced05de17344e50ac70d85d19014f491b34730b","REINSPECCION","2026-09-27T00:44:39Z","/root (autor; no revisión independiente)","C-2808","data/busquedas_negativas/15_3_15-3-raiz-eucariota-y-corredor-filogenetico.csv","data/tablas/15/table-61-15-3-nodos-fechas-y-relaciones-debiles.csv","4","qué dato discriminaría mejor","identidad=«relaciones internas de Holozoa unicelular»; campo=«qué dato discriminaría mejor»; valor=«más taxones cercanos y loci ortólogos con modelos de heterogeneidad; pregunta abierta: cuál es la posición estable de Tunicaraptor»","0","448","1373e4658ea749685d9b9fdea95e800ff3bff56ab3d2012ae3b9d47d45d55bb6","8a33be0a189a42fe8a6c4b14ae5e36aa8df9da89aa312c045c6fd99de3c3f355","b4ada10d8705991b28ef47f19f000478019114dfd5779907acf9007d932b58e2","Comprobación por el autor de sum(all(component in text for component in componentes) for text in textos) con ExactCooccurrenceIndex.count; componentes de nominal_query y corpus de source_snapshot. Coinciden ambos; resultado literal, no ausencia científica ni adjudicación de revisión."
"BN-553","be4f694892a2e7e96fe10ef2ecc6eefc145fb1bf5e4ff43fbd2ebd782b2ba58b","REINSPECCION","2026-09-27T00:44:39Z","/root (autor; no revisión independiente)","C-2809","data/busquedas_negativas/15_3_15-3-raiz-eucariota-y-corredor-filogenetico.csv","data/tablas/15/table-61-15-3-nodos-fechas-y-relaciones-debiles.csv","5","qué dato discriminaría mejor","identidad=«fósiles proterozoicos candidatos»; campo=«qué dato discriminaría mejor»; valor=«caracteres diagnósticos adicionales, preservación tridimensional o química y contexto datado; pregunta abierta: qué candidatos discriminan corona de tallo»","0","448","1373e4658ea749685d9b9fdea95e800ff3bff56ab3d2012ae3b9d47d45d55bb6","8a33be0a189a42fe8a6c4b14ae5e36aa8df9da89aa312c045c6fd99de3c3f355","b4ada10d8705991b28ef47f19f000478019114dfd5779907acf9007d932b58e2","Comprobación por el autor de sum(all(component in text for component in componentes) for text in textos) con ExactCooccurrenceIndex.count; componentes de nominal_query y corpus de source_snapshot. Coinciden ambos; resultado literal, no ausencia científica ni adjudicación de revisión."
"BN-554","14b78d2ba259ced59a20d1703db26f2a554cd838701ade2c911bccec3213d05e","REINSPECCION","2026-09-27T00:44:40Z","/root (autor; no revisión independiente)","C-2811","data/busquedas_negativas/15_3_15-3-raiz-eucariota-y-corredor-filogenetico.csv","data/tablas/15/table-61-15-3-nodos-fechas-y-relaciones-debiles.csv","6","qué dato discriminaría mejor","identidad=«edad de LECA»; campo=«qué dato discriminaría mejor»; valor=«reloj comparado con calibraciones compartidas, raíz explícita y análisis de sensibilidad; pregunta abierta: qué intervalo sobrevive a esas decisiones»","0","448","1373e4658ea749685d9b9fdea95e800ff3bff56ab3d2012ae3b9d47d45d55bb6","8a33be0a189a42fe8a6c4b14ae5e36aa8df9da89aa312c045c6fd99de3c3f355","b4ada10d8705991b28ef47f19f000478019114dfd5779907acf9007d932b58e2","Comprobación por el autor de sum(all(component in text for component in componentes) for text in textos) con ExactCooccurrenceIndex.count; componentes de nominal_query y corpus de source_snapshot. Coinciden ambos; resultado literal, no ausencia científica ni adjudicación de revisión."
"BN-555","b4c204425b40b20cb6965633156e2f82c814b2145dce444d0833c86151c96327","REINSPECCION","2026-09-27T00:44:41Z","/root (autor; no revisión independiente)","C-2812","data/busquedas_negativas/15_3_15-3-raiz-eucariota-y-corredor-filogenetico.csv","data/tablas/15/table-61-15-3-nodos-fechas-y-relaciones-debiles.csv","7","qué dato discriminaría mejor","identidad=«corona multiespecífica de Corallochytrea»; campo=«qué dato discriminaría mejor»; valor=«muestreo de más de un linaje interno, circunscripción declarada y reloj calibrado; pregunta abierta: cuál es la edad de esa corona»","0","448","1373e4658ea749685d9b9fdea95e800ff3bff56ab3d2012ae3b9d47d45d55bb6","8a33be0a189a42fe8a6c4b14ae5e36aa8df9da89aa312c045c6fd99de3c3f355","b4ada10d8705991b28ef47f19f000478019114dfd5779907acf9007d932b58e2","Comprobación por el autor de sum(all(component in text for component in componentes) for text in textos) con ExactCooccurrenceIndex.count; componentes de nominal_query y corpus de source_snapshot. Coinciden ambos; resultado literal, no ausencia científica ni adjudicación de revisión."
"BN-556","cd2edaf8756ac85db23e6bc776812978c7c0274d5fa5087ef1cbe573f1df8514","REINSPECCION","2026-09-27T00:44:41Z","/root (autor; no revisión independiente)","C-2813","data/busquedas_negativas/15_3_15-3-raiz-eucariota-y-corredor-filogenetico.csv","data/tablas/15/table-61-15-3-nodos-fechas-y-relaciones-debiles.csv","7","qué no depende de resolverlo","identidad=«corona multiespecífica de Corallochytrea»; campo=«qué no depende de resolverlo»; valor=«la existencia y circunscripción operacional de Corallochytrea en el corpus»","0","448","1373e4658ea749685d9b9fdea95e800ff3bff56ab3d2012ae3b9d47d45d55bb6","8a33be0a189a42fe8a6c4b14ae5e36aa8df9da89aa312c045c6fd99de3c3f355","b4ada10d8705991b28ef47f19f000478019114dfd5779907acf9007d932b58e2","Comprobación por el autor de sum(all(component in text for component in componentes) for text in textos) con ExactCooccurrenceIndex.count; componentes de nominal_query y corpus de source_snapshot. Coinciden ambos; resultado literal, no ausencia científica ni adjudicación de revisión."
