"etiqueta preferida","tipo","sinónimos y grafías alternativas","marcas (⚠, ≈, †, [F], [H]) como atributos de la fila","# de la fila del registro donde aparece por primera vez"
"MAG","método o producto de datos","metagenome-assembled genome; genoma ensamblado a partir de metagenomas","n/a","C-006"
"cocultivo","método experimental","co-culture","n/a","C-007"
"cultivo axénico","método experimental","axenic culture; pure monoculture","n/a","C-007"
"cultivo de enriquecimiento","método experimental","enrichment culture","n/a","C-007"
"grupo corona","concepto filogenético","crown group","n/a","C-008"
"grupo tronco","concepto filogenético","stem group","n/a","C-009"
"grupo total","concepto filogenético","total group","n/a","C-010"
"árbol de tres dominios","hipótesis filogenética","three-domain tree; 3D tree","[H]","C-011"
"Bacteria","dominio o clado","Eubacteria en literatura histórica","n/a","C-011"
"Eukaryota","clado","Eucarya; eucariotas","[H]","C-011"
"raíz del árbol celular no especificada","etiqueta descriptiva","n/a","⚠","C-011"
"Archaea sensu excluyente","concepto taxonómico","Archaea sin Eukaryota; arqueas en uso procariota","⚠ [H]","C-012"
"hipótesis del eocito","hipótesis filogenética","eocyte hypothesis","[H]","C-013"
"árbol de dos dominios","hipótesis filogenética","two-domain tree; 2D tree","[H]","C-015"
"Archaea sensu inclusivo","concepto taxonómico","Archaea incluyendo Eukaryota bajo dos dominios","[H]","C-015"
"NDCH","modelo filogenético","node-discrete composition heterogeneity","n/a","C-019"
"CAT","modelo filogenético","site-heterogeneous CAT model","n/a","C-020"
"CAT-GTR","modelo filogenético","CAT+GTR","n/a","C-020"
"prueba AU","prueba estadística","approximately unbiased test","n/a","C-024"
"C60","modelo filogenético","profile mixture C60","n/a","C-025"
"recodificación SR4","método filogenético","SR4 amino-acid recoding","n/a","C-027"
"linaje asgard más próximo a Eukaryota no resuelto","linaje descriptivo","n/a","⚠","C-038"
"hipótesis neomurana planctobacteriana","hipótesis histórica","Neomuran hypothesis; planctobacterial origin of Neomura","⚠","C-042"
"membrana arqueana típica","rasgo","G1P ether-linked isoprenoid membrane","n/a","C-044"
"membrana bacteriana típica","rasgo","G3P ester-linked fatty-acid membrane","n/a","C-045"
"membrana eucariota moderna","rasgo","membrana glicerofosfolipídica predominantemente bacteriana","n/a","C-046"
"divisoria lipídica","concepto bioquímico","lipid divide","n/a","C-047"
"linaje hospedador arqueano no identificado","linaje descriptivo","n/a","⚠","C-047"
"membrana heteroquiral","rasgo experimental","heterochiral membrane; mixed-chirality membrane","n/a","C-050"
"reemplazo de ruta lipídica","hipótesis mecanística","bacterial pathway replacement","⚠","C-056"
"intermedio heteroquiral","hipótesis mecanística","heterochiral intermediate","⚠","C-057"
"genes informacionales","categoría funcional","informational genes","n/a","C-060"
"genes operacionales","categoría funcional","operational genes","n/a","C-060"
"genoma eucariota quimérico","concepto genómico","chimeric eukaryotic genome","n/a","C-060"
"proteínas de firma eucariota","categoría proteica","eukaryotic signature proteins; ESP","n/a","C-072"
"Asgardarchaeota sensu Zaremba-Niedzwiedzka et al. 2017","concepto taxonómico","Asgard superphylum original","[F]","C-073"
"Asgardarchaeota sensu SeqCode Registry 2026","concepto taxonómico","phylum Asgardarchaeota; registro consultado","[F]","C-074"
"Asgardarchaeia","clase asgard","n/a","[F]","C-075"
"Atabeyarchaeia","clase asgard","n/a","[F]","C-075"
"Baldrarchaeia","clase asgard","n/a","[F]","C-075"
"Borrarchaeia","clase asgard","n/a","[F]","C-075"
"Freyarchaeia","clase asgard","n/a","[F]","C-075"
"Heimdallarchaeia","clase asgard","Heimdallarchaeota en literatura anterior","⚠ [F]","C-075"
"Hermodarchaeia","clase asgard","Hermodarchaeota","[F]","C-075"
"Hodarchaeia","clase asgard","Hodarchaeales según nivel citado","⚠ [F]","C-075"
"Jordiarchaeia","clase asgard","n/a","[F]","C-075"
"Kariarchaeia","clase asgard","Kariarchaeales según nivel citado","[F]","C-075"
"Lokiarchaeia","clase asgard","Lokiarchaeota en literatura anterior","[F]","C-075"
"Njordarchaeia","clase asgard","Njordarchaeota; Njordarchaeales","⚠ [F]","C-075"
"Odinarchaeia","clase asgard","Odinarchaeota","[F]","C-075"
"Promethearchaeia","clase asgard","Promethearchaeota según rango citado","[F]","C-075"
"Ranarchaeia","clase asgard","n/a","[F]","C-075"
"Shennonarchaeia","clase asgard","n/a","[F]","C-075"
"Thorarchaeia","clase asgard","Thorarchaeota","[F]","C-075"
"Sifarchaeia","nombre asgard alternativo","Sifarchaeota","≈ [F]","C-076"
"Wukongarchaeia","nombre asgard alternativo","Wukongarchaeota","≈ [F]","C-076"
"Promethearchaeum syntrophicum","nombre taxonómico","Candidatus Prometheoarchaeum syntrophicum en la publicación de 2020","≈","C-084"
"Lokiarchaeum ossiferum","nombre taxonómico","Candidatus Lokiarchaeum ossiferum en algunas fuentes","n/a","C-093"
"actina asgard","proteína o familia","Asgard actin","n/a","C-095"
"células afiliadas a Hodarchaeales de Aarhus Bay","población observada","Hodarchaeales-related cells","⚠","C-096"
"Nerearchaeum marumarumayae","nombre taxonómico","n/a","n/a","C-099"
"Stromatodesulfovibrio nilemahensis","nombre taxonómico","n/a","n/a","C-100"
"Helarchaeota","linaje asgard","Helarchaeia según algunas clasificaciones","[F]","C-103"
"Gerdarchaeota","linaje asgard","Gerdarchaeia; Gerdarchaeales según rango","[F]","C-105"
"profilina asgard","proteína o familia","Asgard profilin","n/a","C-125"
"gelsolina/cofilina asgard","proteína o familia","Asgard gelsolin/cofilin","n/a","C-126"
"ESCRT-III asgard","complejo proteico","Asgard ESCRT-III","n/a","C-127"
"Vps4 asgard","proteína","Asgard Vps4","n/a","C-127"
"ubiquitina asgard","proteína o sistema","Asgard ubiquitin machinery","n/a","C-128"
"OdinTubulin","proteína","Odinarchaeota tubulin","n/a","C-129"
"GTPasas pequeñas asgard","familia proteica","Asgard small GTPases","n/a","C-131"
"roadblock asgard","familia proteica","Asgard roadblock proteins","n/a","C-131"
"TRAPPC3 asgard","familia proteica","Asgard TRAPPC3","n/a","C-131"
"Rickettsia prowazekii","nombre taxonómico","n/a","n/a","C-134"
"Alphaproteobacteria","clado bacteriano","alfa-proteobacterias","n/a","C-135"
"simbionte alfaproteobacteriano ancestral no muestreado","linaje descriptivo","ancestro bacteriano de la mitocondria","⚠","C-135"
"Alpha IIb","clado de una filogenia","clado alfa IIb de Fan et al.","[H]","C-138"
"MAM60+GFmix","modelo filogenético","site-and-branch-heterogeneous model","n/a","C-141"
"Iodidimonadales","orden bacteriano","n/a","⚠","C-143"
"linaje alfaproteobacteriano más próximo a la mitocondria no resuelto","linaje descriptivo","n/a","⚠","C-146"
"Candidatus Prometheoarchaeum syntrophicum","nombre taxonómico histórico","MK-D1","≈","C-149"
"población LUCA reconstruida","población reconstruida","LUCA; last universal common ancestor","[H]","C-156"
"población LBCA reconstruida","población reconstruida","LBCA; last bacterial common ancestor","[H]","C-157"
"población LACA reconstruida","población reconstruida","LACA; last archaeal common ancestor","[H]","C-158"
"población FECA nuclear no muestreada","población reconstruida","FECA; first eukaryotic common ancestor; nFECA en S58","[H]","C-161"
"población FMCA no muestreada","población reconstruida","FMCA; first mitochondrial common ancestor; mFECA","[H]","C-163"
"población LECA reconstruida","población reconstruida","LECA; last eukaryotic common ancestor","[H]","C-165"
"linaje eucariota troncal no muestreado","linaje descriptivo","tallo FECA–LECA","[H]","C-167"
"cross-bracing","método de calibración","restricciones de edad relativa; topology-based calibration","n/a","C-175"
"MCMCTree","método","Bayesian relaxed molecular clock implementation","n/a","C-175"
"modelo two+","marco de consenso","two-plus model; 2+ model","[H]","C-181"
"linaje hospedador arqueano no identificado","linaje descriptivo","archaeal host; componente nuclear","[H] ⚠","C-182"
"simbionte alfaproteobacteriano ancestral no muestreado","linaje descriptivo","progenitor mitocondrial; componente alfa-proteobacteriano","[H] ⚠","C-182"
"reconstrucción de estado ancestral","método","ancestral state reconstruction; ASR","n/a","C-185"
"ortogrupo","unidad de análisis","orthogroup; OG","n/a","C-189"
"complejo del poro nuclear","complejo proteico","nuclear pore complex; NPC","n/a","C-196"
"nucleoporina","familia proteica","Nup","n/a","C-197"
"aparato de Golgi","orgánulo","Golgi apparatus","n/a","C-200"
"retículo endoplasmático","orgánulo","endoplasmic reticulum; ER","n/a","C-200"
"SNARE","familia proteica","soluble NSF attachment protein receptor","n/a","C-200"
"Rab GTPasa","familia proteica","Rab","n/a","C-201"
"actina","proteína y sistema","actin","n/a","C-205"
"tubulina","proteína y sistema","tubulin","n/a","C-205"
"kinesina","motor molecular","kinesin","n/a","C-206"
"cilio eucariota","orgánulo","eukaryotic cilium; flagellum en parte de la literatura","n/a","C-207"
"cuerpo basal","orgánulo","basal body; cinetosoma","n/a","C-207"
"transporte intraflagelar","proceso y complejo","intraflagellar transport; IFT","n/a","C-207"
"BBSome","complejo proteico","BBSome","n/a","C-209"
"mitocondria ancestral","orgánulo","protomitocondria; mitochondrion","[H]","C-210"
"cresta mitocondrial","rasgo ultraestructural","mitochondrial crista","n/a","C-211"
"alphaMICOS","complejo bacteriano homólogo","αMICOS","n/a","C-212"
"MICOS","complejo proteico","mitochondrial contact site and cristae organizing system","n/a","C-212"
"PEX","familia funcional","peroxins; peroxisome biogenesis proteins","n/a","C-214"
"peroxisoma","orgánulo","peroxisome","n/a","C-215"
"mitosis cerrada","estado celular","closed mitosis","n/a","C-220"
"ortomitosis","estado de huso","orthomitosis","n/a","C-220"
"kit meiótico","repertorio génico","meiotic toolkit","n/a","C-223"
"meiosis","proceso celular","meiosis","n/a","C-223"
"espliceosoma","complejo ribonucleoproteico","spliceosome","n/a","C-225"
"intrón espliceosomal","elemento génico","spliceosomal intron","n/a","C-227"
"fagocitosis","proceso trófico","phagocytosis","⚠","C-232"
"fagotrofia","modo de alimentación","phagotrophy","⚠","C-249"
"hipótesis del hidrógeno","hipótesis","hydrogen hypothesis","[H]","C-250"
"hipótesis sintrófica original","hipótesis histórica","syntrophic hypothesis","[H] ⚠","C-258"
"hipótesis sintrófica revisada","hipótesis","revised syntrophy hypothesis","[H]","C-261"
"modelo inside-out","hipótesis","inside-out model","[H]","C-267"
"modelo autógeno fagotrófico","hipótesis","autogenous phagotrophic model; mitochondria-late model","[H] ⚠","C-275"
"modelo de flujo inverso","hipótesis","reverse flow model","[H]","C-281"
"modelo E3","hipótesis","entangle–engulf–endogenize model","[H]","C-287"
"Promethearchaeum syntrophicum","especie cultivada","Candidatus Prometheoarchaeum syntrophicum; MK-D1","n/a","C-292"
"hipótesis de invasión de intrones","hipótesis","intron invasion hypothesis","[H]","C-296"
"intrón de grupo II","elemento genético móvil","group II intron","n/a","C-297"
"hipótesis viral del núcleo","hipótesis","viral eukaryogenesis; viral origin of the nucleus","[H] ⚠","C-303"
"virus ancestral de Nucleocytoviricota no muestreado","linaje descriptivo","complex DNA virus ancestor; giant-virus contributor","[H] ⚠","C-304"
"hipótesis poxviral del núcleo","hipótesis histórica","poxvirus origin of the nucleus","[H] ⚠","C-306"
"hipótesis medusaviral del núcleo","hipótesis","medusavirus update of viral eukaryogenesis","[H] ⚠","C-308"
"hipótesis autógena de invaginación nuclear","hipótesis histórica","autogenous invagination model","[H] ⚠","C-312"
"submodelo nuclear inside-out","hipótesis","inside-out nuclear model","[H]","C-317"
"hipótesis del protocoatómero","hipótesis","protocoatomer hypothesis","[H]","C-321"
"β-propeller","plegamiento proteico","beta-propeller","n/a","C-323"
"α-solenoid","plegamiento proteico","alpha-solenoid","n/a","C-323"
"clatrina","proteína de cubierta","clathrin","n/a","C-324"
"COPI","complejo de cubierta","coat protein complex I","n/a","C-324"
"COPII","complejo de cubierta","coat protein complex II","n/a","C-324"
"módulo ancestral de curvatura de membrana no muestreado","entidad reconstruida","protocoatomer; coatomer-like ancestor","[H]","C-324"
"Eukaryota","clado corona","Eucarya en Woese et al.","[F]","C-405"
"raíz del árbol eucariota","concepto filogenético","eukaryote root","[H]","C-405"
"hipótesis unikonta–bikonta","hipótesis histórica","Unikonta/Bikonta root","[H] ⚠","C-412"
"Opimoda","clado propuesto","n/a","[H] ⚠","C-416"
"Diphoda","clado propuesto","n/a","[H] ⚠","C-418"
"Discoba","clado","n/a","[H] ⚠","C-420"
"hipótesis de raíz excavada sucesiva","hipótesis","excavate root","[H] ⚠","C-423"
"hipótesis de raíz Opisthokonta","hipótesis","opisthokont root","[H] ⚠","C-427"
"fusión DHFR–TS","carácter molecular","dihydrofolate reductase–thymidylate synthase fusion","n/a","C-437"
"repertorios de miosina","carácter molecular","myosin repertoire","n/a","C-442"
"posiciones de intrones","carácter molecular","intron positions","n/a","C-453"
"Amorphea","clado","Unikonta en parte de la literatura histórica","[F]","C-458"
"Amoebozoa","clado","n/a","[F]","C-459"
"Obazoa","clado","n/a","[F]","C-459"
"CRuMs","rótulo filogenómico provisional","Collodictyonida+Rigifilida+Mantamonas","[F]","C-464"
"Ancyromonadida","clado","Planomonadida en usos históricos parciales","⚠","C-467"
"Malawimonadida","clado","Malawimonads","⚠","C-468"
"Unikonta","nombre histórico","n/a","⚠","C-472"
"Podiata sensu Cavalier-Smith","concepto taxonómico histórico","podiates","⚠","C-475"
"Podiata sensu filogenómico reciente","clado propuesto","Amorphea+CRuMs","≈ [F]","C-476"
"Sulcozoa sensu Cavalier-Smith","concepto taxonómico histórico","n/a","⚠","C-478"
"Varisulca sensu Cavalier-Smith","concepto taxonómico histórico","n/a","⚠","C-481"
"Apusomonadida","clado","Apusomonads","[F]","C-517"
"Breviatea","clado","Breviates","[F]","C-525"
"Opisthokonta","clado","n/a","[F]","C-533"
"Holomycota","clado","Nucletmycea en parte de la literatura","[F]","C-541"
"Holozoa","clado","n/a","[F]","C-549"
"Ichthyosporea","clado","Mesomycetozoea en literatura histórica parcial","⚠ [F]","C-557"
"Pluriformea sensu Hehenberger et al. 2017","clado","n/a","≈ [F]","C-565"
"Corallochytrea","clado","n/a","≈ [F]","C-573"
"Corallochytrium","género","n/a","n/a","C-573"
"Filasterea","clado","n/a","[F]","C-581"
"Filozoa","clado","n/a","[F]","C-589"
"Choanozoa sensu stricto","clado","Choanimal informal","≈ [F]","C-597"
"Choanoflagellata","clado","Choanoflagellatea","[F]","C-605"
"Metazoa","clado terminal","Animalia","[F]","C-613"
"hipótesis Pluriformea-sister","hipótesis","n/a","[H] ⚠","C-629"
"Teretosporea","clado propuesto","Ichthyosporea+Pluriformea","[H] ⚠","C-630"
"hipótesis Ichthyosporea-sister","hipótesis","n/a","[H] ⚠","C-632"
"Choanozoa sensu histórico","concepto taxonómico histórico","Choanozoa de Cavalier-Smith","⚠","C-640"
"Apoikozoa sensu Budd y Jensen","clado propuesto","n/a","≈","C-642"
"clasificación eucariota de Adl et al. 2019","método o autoridad","n/a","n/a","C-657"
"EukProt","base de datos taxonómica","n/a","n/a","C-658"
"PR2","base de datos taxonómica","Protist Ribosomal Reference database","n/a","C-659"
"UniEuk","marco comunitario","n/a","n/a","C-660"
"Tabla Cronoestratigráfica Internacional 2026/06","estándar temporal","International Chronostratigraphic Chart 2026/06","n/a","C-661"
"marcado del corpus","convención documental","⚠; ≈; [F]; [H]","n/a","C-662"
"acritarco","categoría morfológica","acritarch","n/a","C-667"
"Eukaryota","clado","eucariotas","n/a","C-667"
"microscopía electrónica de transmisión","método","transmission electron microscopy; TEM","n/a","C-668"
"Grupo Roper","unidad estratigráfica","n/a","n/a","C-672"
"Re–Os","método geocronológico","rhenium–osmium dating","n/a","C-672"
"*Valeria lophostriata*","taxón o morfotipo fósil","n/a","†","C-674"
"*Tappania plana*","taxón o morfotipo fósil","n/a","† ⚠","C-675"
"*Dictyosphaera*","taxón o morfotipo fósil","n/a","† ⚠","C-676"
"Grupo Ruyang","unidad estratigráfica","n/a","n/a","C-676"
"*Shuiyousphaeridium*","taxón o morfotipo fósil","n/a","† ⚠","C-676"
"Formación Chuanlinggou","unidad estratigráfica","n/a","n/a","C-678"
"*Qingshania magnifica*","taxón o morfotipo fósil","n/a","† ⚠","C-678"
"Formación de Hierro Negaunee","unidad estratigráfica","Negaunee Iron-Formation","n/a","C-681"
"*Grypania spiralis*","taxón o morfotipo fósil","n/a","† ⚠","C-681"
"Dolomía Tirohan","unidad estratigráfica","Tirohan Dolomite","n/a","C-683"
"*Rafatazmia chitrakootensis*","taxón o morfotipo fósil","n/a","† ⚠","C-683"
"Amoebozoa","clado","n/a","n/a","C-686"
"Grupo Chuar","unidad estratigráfica","Chuar Group","n/a","C-686"
"microfósiles con forma de vasija","taxón o morfotipo fósil","vase-shaped microfossils; VSM","† ⚠","C-686"
"organismo perforador del Grupo Chuar no identificado","linaje no identificado","n/a","⚠","C-689"
"*Bangiomorpha pubescens*","taxón o morfotipo fósil","n/a","† ⚠","C-693"
"U–Pb CA-ID-TIMS","método geocronológico","chemical abrasion–isotope dilution–thermal ionization mass spectrometry","n/a","C-694"
"Formación Grassy Bay","unidad estratigráfica","Grassy Bay Formation","n/a","C-697"
"Fungi","clado","hongos","n/a","C-697"
"Holomycota","clado","Nucletmycea en algunos usos","⚠ [F]","C-697"
"*Ourasphaira giraldae*","taxón o morfotipo fósil","n/a","† ⚠","C-697"
"*Bicellum brasieri*","taxón o morfotipo fósil","n/a","† ⚠","C-700"
"Formación Diabaig","unidad estratigráfica","Diabaig Formation","n/a","C-700"
"Amorphea","clado","n/a","[F]","C-703"
"Apoikozoa","concepto taxonómico","Choanozoa sensu stricto según circunscripción","≈ [F]","C-703"
"Choanozoa *sensu stricto*","concepto taxonómico","Apoikozoa según circunscripción","≈ [F]","C-703"
"holozoo fósil de posición interna indeterminada","linaje descriptivo","n/a","⚠","C-703"
"linaje eucariota troncal no muestreado","linaje descriptivo","n/a","⚠","C-703"
"Formación Doushantuo","unidad estratigráfica","Doushantuo Formation","n/a","C-704"
"biota de Weng’an","conjunto fósil","Weng’an biota","n/a","C-705"
"U–Pb SIMS","método geocronológico","secondary ion mass spectrometry","n/a","C-705"
"*Megasphaera*","taxón o morfotipo fósil","n/a","† ⚠","C-706"
"*Tianzhushania*","taxón o morfotipo fósil","n/a","† ⚠","C-706"
"*Caveasphaera*","taxón o morfotipo fósil","n/a","† ⚠","C-709"
"*Helicoforamina*","taxón o morfotipo fósil","n/a","† ⚠","C-711"
"esterano","biomarcador","sterane","n/a","C-714"
"protosteroide","biomarcador","protosteroid","n/a","C-716"
"24-isopropilcolestano","biomarcador","24-isopropylcholestane; 24-ipc","⚠","C-718"
"Rhizaria","clado","n/a","n/a","C-719"
"esterol C30","clase molecular","C30 sterol","n/a","C-720"
"*Saccharomyces cerevisiae*","organismo","levadura de panificación","n/a","C-721"
"reloj molecular relajado","método","relaxed molecular clock","n/a","C-723"
"Metazoa","clado","Animalia; animales","n/a","C-724"
"Opisthokonta","clado","opistocontos","n/a","C-729"
"Gran Oxidación","evento geoquímico","Great Oxidation Event; GOE","n/a","C-752"
"excursión Lomagundi–Jatuli","evento isotópico","Lomagundi–Jatuli excursion","n/a","C-753"
"isótopos de cromo","proxy geoquímico","chromium isotopes","n/a","C-757"
"anomalía de cerio","proxy geoquímico","cerium anomaly","n/a","C-759"
"especiación de hierro","proxy redox","iron speciation","n/a","C-770"
"isótopos de molibdeno","proxy redox","molybdenum isotopes","n/a","C-773"
"relación P/Fe","proxy de fósforo","phosphorus-to-iron ratio","n/a","C-776"
"«aburrido millardo»","término histórico","Boring Billion","⚠","C-780"
"glaciación Sturtiana","evento climático","Sturtian glaciation","n/a","C-782"
"glaciación Marinoana","evento climático","Marinoan glaciation","n/a","C-783"
"*Arcobacter*","taxón bacteriano","n/a","n/a","C-789"
"*Lenisia limosa*","organismo","n/a","n/a","C-789"
"*Biomphalaria glabrata*","organismo hospedador","n/a","n/a","C-791"
"*Capsaspora owczarzaki*","organismo","n/a","n/a","C-791"
"Choanoflagellata","clado","coanoflagelados","n/a","C-795"
"fagotrofia","modo trófico","phagotrophy","n/a","C-795"
"*Monosiga brevicollis*","organismo","n/a","n/a","C-796"
"*Salpingoeca rosetta*","organismo","n/a","n/a","C-797"
"multicelularidad clonal","rasgo","clonal multicellularity","n/a","C-798"
"*Algoriphagus machipongonensis*","organismo","n/a","n/a","C-799"
"RIF-1","señal bacteriana","rosette-inducing factor 1","n/a","C-800"
"IOR-1","señal bacteriana","inhibitor of rosettes 1","n/a","C-802"
"RIF-2","señal bacteriana","rosette-inducing factor 2","n/a","C-802"
"EroS","enzima bacteriana","extracellular regulator of sex; liasa de condroitina","n/a","C-804"
"*Vibrio fischeri*","organismo","n/a","n/a","C-804"
"*Choanoeca flexa*","organismo","n/a","n/a","C-810"
"multicelularidad agregativa","rasgo","aggregative multicellularity","n/a","C-815"
"*Ministeria vibrans*","organismo","n/a","n/a","C-820"
"crecimiento cenocítico","rasgo","coenocytic growth","n/a","C-822"
"Ichthyosporea","clado","Mesomycetozoea en usos históricos parciales","⚠","C-822"
"osmotrofia","modo trófico","osmotrophy","n/a","C-822"
"*Sphaeroforma arctica*","organismo","n/a","n/a","C-822"
"*Creolimax fragrantissima*","organismo","n/a","n/a","C-826"
"*Pigoraptor chileana*","organismo","n/a","n/a","C-828"
"*Pigoraptor vietnamica*","organismo","n/a","n/a","C-828"
"Pluriformea","clado","n/a","⚠ [F]","C-828"
"*Syssomonas multiformis*","organismo","n/a","n/a","C-828"
"*Tunicaraptor unikontum*","organismo","n/a","⚠","C-831"
"*Pygsuia biforma*","organismo","n/a","n/a","C-838"
"rodoquinona","quinona respiratoria","rhodoquinone","n/a","C-838"
"rquA","gen","n/a","n/a","C-839"
"*Fonticula alba*","organismo","n/a","n/a","C-840"
"*Allomyces*","organismo hospedador","n/a","n/a","C-842"
"parasitismo","interacción ecológica","parasitism","n/a","C-842"
"*Rozella allomycis*","organismo parásito","n/a","n/a","C-842"
"Cryptomycota","clado","Rozellomycota en algunas clasificaciones","⚠","C-843"
"Microsporidia","clado","microsporidios","n/a","C-843"
"*Dictyostelium discoideum*","organismo","n/a","n/a","C-845"
"bucle viral","proceso ecológico","viral loop; viral shunt","n/a","C-855"
"Helarchaeota","clado arqueano","n/a","⚠ [F]","C-857"
"Lokiarchaeota","clado arqueano","n/a","⚠ [F]","C-857"
"*Acanthamoeba castellanii*","organismo hospedador","n/a","n/a","C-859"
"Medusavirus","virus gigante","n/a","n/a","C-859"
"Mimivirus","virus gigante","n/a","n/a","C-861"
"Pandoravirus","virus gigante","n/a","n/a","C-861"
"Pithovirus","virus gigante","pitovirus","n/a","C-861"
"GMP–AMP cíclico","segundo mensajero","cyclic GMP–AMP; cGAMP","n/a","C-862"
"cGAS–STING","sistema de defensa","n/a","n/a","C-863"
"viperina","proteína antiviral","viperin","n/a","C-864"
"Argonaute","familia proteica","Ago","n/a","C-866"
"asociación intracelular, con independencia del signo de aptitud","proceso o relación","n/a","n/a","C-876"
"endosimbiosis","proceso o relación","n/a","n/a","C-876"
"interacciones persistentes de signo positivo, neutro o negativo","concepto o entidad biológica","n/a","n/a","C-877"
"simbiosis","proceso o relación","n/a","n/a","C-877"
"herencia del socio a través de reproducción del hospedador","concepto o entidad biológica","n/a","n/a","C-878"
"transmisión vertical","proceso o relación","n/a","n/a","C-878"
"adquisición no ligada exclusivamente a la descendencia directa","concepto o entidad biológica","n/a","n/a","C-879"
"transmisión horizontal","proceso o relación","n/a","n/a","C-879"
"movimiento de genes desde endosimbionte u orgánulo al hospedador","magnitud o conjunto de datos","n/a","n/a","C-880"
"transferencia génica endosimbiótica","proceso o relación","n/a","n/a","C-880"
"transferencia génica horizontal","proceso o relación","n/a","n/a","C-881"
"dependencia, transmisión, reducción genómica, transferencia e importación","proceso o relación","n/a","n/a","C-882"
"grado de integración","proceso o relación","n/a","n/a","C-882"
"límite endosimbionte-orgánulo","orgánulo o compartimento","n/a","n/a","C-883"
"sin criterio universal único","concepto o entidad biológica","n/a","n/a","C-883"
"progresión evolutiva lineal","concepto o entidad biológica","n/a","n/a","C-884"
"tipología de desenlaces","concepto o entidad biológica","n/a","n/a","C-884"
"contacto sin consecuencia","concepto o entidad biológica","n/a","n/a","C-885"
"dificultad de demostrar ausencia de efecto","concepto o entidad biológica","n/a","n/a","C-885"
"contacto sin consecuencia en el corredor","hipótesis o concepto","n/a","n/a","C-886"
"NO LOCALIZADO EN ESTA SESIÓN","concepto o entidad biológica","n/a","n/a","C-886"
"Alteromonas","concepto o entidad biológica","n/a","n/a","C-887"
"Lenisia limosa","taxón, organismo o linaje","n/a","n/a","C-887"
"Microsporidia","taxón, organismo o linaje","n/a","n/a","C-888"
"parásitos intracelulares obligados","concepto o entidad biológica","n/a","n/a","C-888"
"Hatena arenicola","taxón, organismo o linaje","n/a","n/a","C-889"
"Nephroselmis","taxón, organismo o linaje","n/a","n/a","C-889"
"asociación estable sin herencia vertical demostrada","concepto o entidad biológica","n/a","n/a","C-890"
"Lenisia limosa–Arcobacter","taxón, organismo o linaje","n/a","n/a","C-890"
"metanógenos endosimbióticos de ciliados anaerobios","taxón, organismo o linaje","n/a","n/a","C-891"
"transmisión vertical documentada","proceso o relación","n/a","n/a","C-891"
"áfido–Buchnera aphidicola","taxón, organismo o linaje","n/a","n/a","C-892"
"dependencia mutua obligada","proceso o relación","n/a","n/a","C-892"
"Paulinella chromatophora","magnitud o conjunto de datos","n/a","n/a","C-893"
"transferencia génica endosimbiótica e importación proteica","proceso o relación","n/a","n/a","C-893"
"núcleo endosimbiótico extremadamente reducido","magnitud o conjunto de datos","n/a","n/a","C-894"
"nucleomorfo","orgánulo o compartimento","n/a","n/a","C-894"
"Monocercomonoides exilis","taxón, organismo o linaje","n/a","n/a","C-895"
"orgánulo derivado de la mitocondria","orgánulo o compartimento","n/a","n/a","C-895"
"ruptura con recuperación de vida libre","concepto o entidad biológica","n/a","n/a","C-896"
"Arcobacter epibionte","taxón, organismo o linaje","n/a","n/a","C-897"
"Arcobacter epibionte de Lenisia","taxón, organismo o linaje","n/a","n/a","C-898"
"contacto mediante estructura semejante a pilus","concepto o entidad biológica","n/a","n/a","C-898"
"H₂ hacia Arcobacter","taxón, organismo o linaje","n/a","n/a","C-899"
"expresión condicional de hidrogenasa aceptora de NAD(P)H","concepto o entidad biológica","n/a","n/a","C-900"
"dos veces el ATP teórico de la ruta alternativa","concepto o entidad biológica","n/a","n/a","C-901"
"ruta fermentativa de Lenisia con Arcobacter","taxón, organismo o linaje","n/a","n/a","C-901"
"respiración con N₂O","concepto o entidad biológica","n/a","n/a","C-902"
"crecimiento y respiración de Lenisia","taxón, organismo o linaje","n/a","n/a","C-903"
"inhibición de la respiración de Arcobacter","taxón, organismo o linaje","n/a","n/a","C-903"
"factores usados en interacciones patógenas y mutualistas","concepto o entidad biológica","n/a","n/a","C-904"
"proteínas de Arcobacter","magnitud o conjunto de datos","n/a","n/a","C-904"
"función metabólica del microbioma","magnitud o conjunto de datos","n/a","n/a","C-905"
"supervivencia de breviados anaerobios","concepto o entidad biológica","n/a","n/a","C-905"
"microbiomas de breviados","magnitud o conjunto de datos","n/a","n/a","C-906"
"socios candidatos de varias familias bacterianas","concepto o entidad biológica","n/a","n/a","C-906"
"breviados anaerobios de S225","concepto o entidad biológica","n/a","n/a","C-907"
"dependencia de comunidad en cultivo","proceso o relación","n/a","n/a","C-907"
"breviados y bacterias asociadas","concepto o entidad biológica","n/a","n/a","C-908"
"codiversificación significativa localizada","concepto o entidad biológica","n/a","n/a","C-908"
"Lenisia–Arcobacter","taxón, organismo o linaje","n/a","n/a","C-909"
"sintrofía externa funcional","concepto o entidad biológica","n/a","n/a","C-909"
"asociación ancestral mitocondrial no observada","orgánulo o compartimento","n/a","n/a","C-910"
"consorcios ANME–SRB","magnitud o conjunto de datos","n/a","n/a","C-911"
"transición metano–sulfato","concepto o entidad biológica","n/a","n/a","C-911"
"60 °C","concepto o entidad biológica","n/a","n/a","C-912"
"consorcio ANME-1–HotSeep-1","magnitud o conjunto de datos","n/a","n/a","C-912"
"adición de H₂ al consorcio ANME-1–HotSeep-1","magnitud o conjunto de datos","n/a","n/a","C-913"
"oxidación anaerobia de metano","concepto o entidad biológica","n/a","n/a","C-913"
"transferencia eléctrica intercelular directa","proceso o relación","n/a","n/a","C-914"
"ANME con aceptores artificiales","magnitud o conjunto de datos","n/a","n/a","C-915"
"oxidación de metano desacoplada de SRB","taxón, organismo o linaje","n/a","n/a","C-915"
"dependencia ANME–SRB","magnitud o conjunto de datos","n/a","n/a","C-916"
"imposibilidad de desacoplamiento experimental","concepto o entidad biológica","n/a","n/a","C-916"
"consorcio ANME–SRB","magnitud o conjunto de datos","n/a","n/a","C-917"
"dependencia metabólica extracelular","proceso o relación","n/a","n/a","C-917"
"consorcio procariota intracelular","concepto o entidad biológica","n/a","n/a","C-918"
"Pelomyxa palustris","taxón, organismo o linaje","n/a","n/a","C-918"
"endosimbionte de Pelomyxa palustris","taxón, organismo o linaje","n/a","n/a","C-919"
"Methanobacterium formicicum DSM 3637","concepto o entidad biológica","n/a","n/a","C-919"
"3 × 0,4 µm","magnitud o conjunto de datos","n/a","n/a","C-920"
"aislado histórico Methanobacterium formicicum","concepto o entidad biológica","n/a","n/a","C-920"
"10 h con H₂/CO₂; 12 h con formiato","concepto o entidad biológica","n/a","n/a","C-921"
"Methanobacterium formicicum detectable","concepto o entidad biológica","n/a","n/a","C-922"
"Pelomyxa palustris de S231","taxón, organismo o linaje","n/a","n/a","C-922"
"afirmación C-920","magnitud o conjunto de datos","n/a","n/a","C-923"
"evidencia genómica y ausencia en Pelomyxa reexaminada","taxón, organismo o linaje","n/a","n/a","C-923"
"metanogénesis hidrogenotrófica central","concepto o entidad biológica","n/a","n/a","C-924"
"Pelomyxa schiedti y sus endosimbiontes","taxón, organismo o linaje","n/a","n/a","C-924"
"endosimbionte metanógeno de Pelomyxa palustris no identificado con certeza","taxón, organismo o linaje","n/a","n/a","C-925"
"sin resolver","concepto o entidad biológica","n/a","n/a","C-925"
"32 especies","concepto o entidad biológica","n/a","n/a","C-926"
"muestreo de ciliados anaerobios de S234","taxón, organismo o linaje","n/a","n/a","C-926"
"especificidad parcial por hospedador y hábitat","concepto o entidad biológica","n/a","n/a","C-927"
"metanógenos de ciliados anaerobios","taxón, organismo o linaje","n/a","n/a","C-927"
"metanógenos endosimbióticos de ciliados","taxón, organismo o linaje","n/a","n/a","C-928"
"varios órdenes arqueanos","concepto o entidad biológica","n/a","n/a","C-928"
"simbiontes metanógenos de ciliados de S236","taxón, organismo o linaje","n/a","n/a","C-929"
"adquisición múltiple y transmisión mixta","proceso o relación","n/a","n/a","C-930"
"simbiontes metanógenos de ciliados de S235","taxón, organismo o linaje","n/a","n/a","C-930"
"transmisión universal exclusivamente vertical","proceso o relación","n/a","n/a","C-931"
"Angomonas deanei","concepto o entidad biológica","n/a","n/a","C-932"
"un Candidatus Kinetoplastibacterium por célula","concepto o entidad biológica","n/a","n/a","C-932"
"Candidatus Kinetoplastibacterium de Angomonas","concepto o entidad biológica","n/a","n/a","C-933"
"división sincronizada con hospedador","concepto o entidad biológica","n/a","n/a","C-933"
"aproximadamente 0,8 Mb","magnitud o conjunto de datos","n/a","n/a","C-934"
"Candidatus Kinetoplastibacterium","concepto o entidad biológica","n/a","n/a","C-934"
"anillo de división del hospedador alrededor del endosimbionte","concepto o entidad biológica","n/a","n/a","C-935"
"división de Kinetoplastibacterium","concepto o entidad biológica","n/a","n/a","C-936"
"ETP9","gen, proteína o sistema molecular","n/a","n/a","C-936"
"gen OCD desde endosimbionte al núcleo","gen, proteína o sistema molecular","n/a","n/a","C-937"
"localización glicosomal","magnitud o conjunto de datos","n/a","n/a","C-938"
"proteína OCD de origen endosimbiótico","gen, proteína o sistema molecular","n/a","n/a","C-938"
"importación de la proteína al endosimbionte","concepto o entidad biológica","n/a","n/a","C-939"
"transferencia génica endosimbiótica en Angomonas","proceso o relación","n/a","n/a","C-939"
"Paramoeba","concepto o entidad biológica","n/a","n/a","C-940"
"Perkinsela","concepto o entidad biológica","n/a","n/a","C-940"
"aproximadamente 9,5 Mb","magnitud o conjunto de datos","n/a","n/a","C-941"
"genoma nuclear de Perkinsela","magnitud o conjunto de datos","n/a","n/a","C-941"
"reducción celular con rasgos kinetoplástidos retenidos","proceso o relación","n/a","n/a","C-942"
"interdependencia metabólica","proceso o relación","n/a","n/a","C-943"
"Perkinsela–Paramoeba","concepto o entidad biológica","n/a","n/a","C-943"
"citoplasma de Paramoeba dentro de una asociación obligada","magnitud o conjunto de datos","n/a","n/a","C-944"
"genoma mitocondrial de Perkinsela","magnitud o conjunto de datos","n/a","n/a","C-945"
"seis genes codificantes de proteínas","magnitud o conjunto de datos","n/a","n/a","C-945"
"integración celular sin fusión genómica completa","proceso o relación","n/a","n/a","C-946"
"90–140 Ma","magnitud o conjunto de datos","n/a","n/a","C-947"
"endosimbiosis del cromatóforo de Paulinella","magnitud o conjunto de datos","n/a","n/a","C-947"
"1,02 Mb","magnitud o conjunto de datos","n/a","n/a","C-948"
"genoma del cromatóforo de Paulinella chromatophora","magnitud o conjunto de datos","n/a","n/a","C-948"
"867 genes codificantes de proteínas","magnitud o conjunto de datos","n/a","n/a","C-949"
"cromatóforo de Paulinella","magnitud o conjunto de datos","n/a","n/a","C-950"
"parte del repertorio génico cianobacteriano","concepto o entidad biológica","n/a","n/a","C-950"
"0,3–0,8 % de genes de origen cromatofórico","magnitud o conjunto de datos","n/a","n/a","C-951"
"genoma nuclear de Paulinella chromatophora","magnitud o conjunto de datos","n/a","n/a","C-951"
"11–14 %","magnitud o conjunto de datos","n/a","n/a","C-952"
"genes nucleares de origen plastidial en Archaeplastida","magnitud o conjunto de datos","n/a","n/a","C-952"
"al menos dos genes fotosintéticos al núcleo","magnitud o conjunto de datos","n/a","n/a","C-953"
"importación de proteínas al cromatóforo","magnitud o conjunto de datos","n/a","n/a","C-954"
"genes bacterianos complementarios por HGT","magnitud o conjunto de datos","n/a","n/a","C-955"
"integración por procesos genéticos de más de un origen","proceso o relación","n/a","n/a","C-956"
"transmisión vertical intracelular","proceso o relación","n/a","n/a","C-957"
"Braarudosphaera bigelowii","taxón, organismo o linaje","n/a","n/a","C-958"
"UCYN-A","concepto o entidad biológica","n/a","n/a","C-958"
"nitrógeno fijado hacia Braarudosphaera","taxón, organismo o linaje","n/a","n/a","C-959"
"carbono hacia UCYN-A","concepto o entidad biológica","n/a","n/a","C-960"
"división coordinada con hospedador","concepto o entidad biológica","n/a","n/a","C-961"
"importación de proteínas nucleares del hospedador","magnitud o conjunto de datos","n/a","n/a","C-962"
"nitroplasto","orgánulo o compartimento","n/a","n/a","C-963"
"UCYN-A de Braarudosphaera","taxón, organismo o linaje","n/a","n/a","C-963"
"umbral universal endosimbionte-orgánulo","orgánulo o compartimento","n/a","n/a","C-964"
"inicio de Braarudosphaera–UCYN-A","taxón, organismo o linaje","n/a","n/a","C-965"
"Nephroselmis dentro de Hatena","taxón, organismo o linaje","n/a","n/a","C-967"
"remodelación intracelular","concepto o entidad biológica","n/a","n/a","C-967"
"herencia asimétrica del simbionte","concepto o entidad biológica","n/a","n/a","C-968"
"célula hija de Hatena sin simbionte","taxón, organismo o linaje","n/a","n/a","C-969"
"reacquisición horizontal por alimentación","concepto o entidad biológica","n/a","n/a","C-969"
"Hatena–Nephroselmis","taxón, organismo o linaje","n/a","n/a","C-970"
"transmisión mixta asimétrica","proceso o relación","n/a","n/a","C-970"
"aparato nif de origen cianobacteriano","gen, proteína o sistema molecular","n/a","n/a","C-972"
"cuerpo esferoidal de Rhopalodia gibba","orgánulo o compartimento","n/a","n/a","C-972"
"cuerpo esferoidal de Epithemia turgida","orgánulo o compartimento","n/a","n/a","C-973"
"genoma reducido especializado en fijación de nitrógeno","magnitud o conjunto de datos","n/a","n/a","C-973"
"cuerpos esferoidales de Rhopalodia y Epithemia","taxón, organismo o linaje","n/a","n/a","C-974"
"fotosíntesis con retención de fijación de N₂","concepto o entidad biológica","n/a","n/a","C-974"
"comparación de endosimbiosis recientes","proceso o relación","n/a","n/a","C-975"
"Mesodinium rubrum","taxón, organismo o linaje","n/a","n/a","C-976"
"orgánulos y núcleo de criptófitas","orgánulo o compartimento","n/a","n/a","C-976"
"dinámica dependiente de alimentación","concepto o entidad biológica","n/a","n/a","C-977"
"núcleos secuestrados en Mesodinium","taxón, organismo o linaje","n/a","n/a","C-977"
"dependencia de alimentación periódica","proceso o relación","n/a","n/a","C-978"
"Dinophysis","taxón, organismo o linaje","n/a","n/a","C-979"
"Mesodinium y sus plastos criptófitos","taxón, organismo o linaje","n/a","n/a","C-979"
"retención selectiva principalmente de plastos","concepto o entidad biológica","n/a","n/a","C-980"
"control fotoaclimatativo limitado","magnitud o conjunto de datos","n/a","n/a","C-981"
"Dinophysis con kleptoplastos","orgánulo o compartimento","n/a","n/a","C-981"
"Elysia chlorotica","taxón, organismo o linaje","n/a","n/a","C-982"
"Vaucheria litorea y sus plastos","concepto o entidad biológica","n/a","n/a","C-982"
"HGT germinal extensa localizada","concepto o entidad biológica","n/a","n/a","C-983"
"genes nucleares fotosintéticos adquiridos","magnitud o conjunto de datos","n/a","n/a","C-984"
"Plakobranchus ocellatus","taxón, organismo o linaje","n/a","n/a","C-984"
"adquisición fenotípica no genética","concepto o entidad biológica","n/a","n/a","C-985"
"kleptoplastia","orgánulo o compartimento","n/a","n/a","C-985"
"373.000 bp y 331 genes","magnitud o conjunto de datos","n/a","n/a","C-986"
"genoma nucleomórfico de Bigelowiella natans","magnitud o conjunto de datos","n/a","n/a","C-986"
"tres cromosomas lineales","magnitud o conjunto de datos","n/a","n/a","C-987"
"551 kb","magnitud o conjunto de datos","n/a","n/a","C-988"
"genoma nucleomórfico de Guillardia theta","magnitud o conjunto de datos","n/a","n/a","C-988"
"17 intrones y 44 genes solapados","magnitud o conjunto de datos","n/a","n/a","C-989"
"dos orígenes endosimbióticos eucariotas independientes","magnitud o conjunto de datos","n/a","n/a","C-990"
"nucleomorfos","orgánulo o compartimento","n/a","n/a","C-990"
"fase intermedia obligatoria","concepto o entidad biológica","n/a","n/a","C-991"
"endosimbiosis terciaria","proceso o relación","n/a","n/a","C-992"
"Moranella endobia","taxón, organismo o linaje","n/a","n/a","C-993"
"Tremblaya princeps","taxón, organismo o linaje","n/a","n/a","C-993"
"138.927 bp","magnitud o conjunto de datos","n/a","n/a","C-994"
"genoma de Tremblaya princeps","magnitud o conjunto de datos","n/a","n/a","C-994"
"538.294 bp","magnitud o conjunto de datos","n/a","n/a","C-995"
"genoma de Moranella endobia","magnitud o conjunto de datos","n/a","n/a","C-995"
"consorcio Planococcus–Tremblaya–Moranella","taxón, organismo o linaje","n/a","n/a","C-996"
"mosaico metabólico tripartito","concepto o entidad biológica","n/a","n/a","C-996"
"genes bacterianos para la simbiosis tripartita","magnitud o conjunto de datos","n/a","n/a","C-997"
"Planococcus citri","concepto o entidad biológica","n/a","n/a","C-997"
"endosimbionte intrabacteriano de Tremblaya","taxón, organismo o linaje","n/a","n/a","C-998"
"reemplazo evolutivo repetido","concepto o entidad biológica","n/a","n/a","C-998"
"identidad invariable del endosimbionte interno","concepto o entidad biológica","n/a","n/a","C-999"
"simbiosis anidada de piojos harinosos","proceso o relación","n/a","n/a","C-999"
"640.681 bp y dos plásmidos","magnitud o conjunto de datos","n/a","n/a","C-1000"
"genoma de Buchnera sp. APS","magnitud o conjunto de datos","n/a","n/a","C-1000"
"aminoácidos esenciales hacia áfidos","taxón, organismo o linaje","n/a","n/a","C-1001"
"Buchnera aphidicola","taxón, organismo o linaje","n/a","n/a","C-1001"
"transmisión vertical obligada","proceso o relación","n/a","n/a","C-1002"
"80–150 Ma","magnitud o conjunto de datos","n/a","n/a","C-1003"
"divergencia entre cepas de Buchnera estudiadas","taxón, organismo o linaje","n/a","n/a","C-1003"
"616 genes proteicos y 39 genes de ARN","magnitud o conjunto de datos","n/a","n/a","C-1004"
"genoma ancestral de Buchnera reconstruido","magnitud o conjunto de datos","n/a","n/a","C-1004"
"412–646 kb; 354–587 genes proteicos","magnitud o conjunto de datos","n/a","n/a","C-1005"
"genomas modernos de Buchnera","magnitud o conjunto de datos","n/a","n/a","C-1005"
"genes en trayectorias no aleatorias","magnitud o conjunto de datos","n/a","n/a","C-1006"
"parasitismo, mutualismo facultativo u obligado","proceso o relación","n/a","n/a","C-1007"
"Wolbachia","taxón, organismo o linaje","n/a","n/a","C-1007"
"transmisión vertical materna frecuente","magnitud o conjunto de datos","n/a","n/a","C-1008"
"transmisión horizontal interespecífica común","proceso o relación","n/a","n/a","C-1009"
"Wolbachia de lepidópteros","taxón, organismo o linaje","n/a","n/a","C-1009"
"genomas de Wolbachia","magnitud o conjunto de datos","n/a","n/a","C-1010"
"hasta 10 % de elementos de inserción","magnitud o conjunto de datos","n/a","n/a","C-1010"
"un desenlace uniforme","concepto o entidad biológica","n/a","n/a","C-1011"
"dependencia hospedador-simbionte","proceso o relación","n/a","n/a","C-1012"
"tamaño genómico del simbionte bajo transmisión vertical","magnitud o conjunto de datos","n/a","n/a","C-1012"
"correlación equivalente entre dependencia y genoma reducido","magnitud o conjunto de datos","n/a","n/a","C-1013"
"simbiontes de transmisión horizontal","proceso o relación","n/a","n/a","C-1013"
"tamaño efectivo de población simbionte","magnitud o conjunto de datos","n/a","n/a","C-1014"
"transmisión vertical con cuello de botella","proceso o relación","n/a","n/a","C-1014"
"mayor efecto de deriva sobre mutaciones débiles","magnitud o conjunto de datos","n/a","n/a","C-1015"
"población simbionte pequeña","concepto o entidad biológica","n/a","n/a","C-1015"
"acumulación irreversible de carga mutacional","concepto o entidad biológica","n/a","n/a","C-1016"
"endosimbionte asexual con reparación reducida","concepto o entidad biológica","n/a","n/a","C-1016"
"desaceleración posible","concepto o entidad biológica","n/a","n/a","C-1017"
"trinquete de Muller en endosimbiontes primarios","magnitud o conjunto de datos","n/a","n/a","C-1017"
"endobacterias hereditarias de hongos de S299","concepto o entidad biológica","n/a","n/a","C-1018"
"recombinación retenida","concepto o entidad biológica","n/a","n/a","C-1018"
"genoma mínimo inevitable","magnitud o conjunto de datos","n/a","n/a","C-1019"
"reemplazo y diversidad de socios","concepto o entidad biológica","n/a","n/a","C-1020"
"función simbiótica disponible en el ambiente","concepto o entidad biológica","n/a","n/a","C-1021"
"selección por dependencia del socio","proceso o relación","n/a","n/a","C-1021"
"dependencia funcional","proceso o relación","n/a","n/a","C-1022"
"fidelidad taxonómica absoluta","concepto o entidad biológica","n/a","n/a","C-1022"
"dependencia metabólica del hospedador","proceso o relación","n/a","n/a","C-1023"
"reducción genómica del simbionte","proceso o relación","n/a","n/a","C-1023"
"trayectoria de reducción genómica universal","proceso o relación","n/a","n/a","C-1024"
"predicción universal de obligatoriedad","concepto o entidad biológica","n/a","n/a","C-1025"
"fosforilación oxidativa","concepto o entidad biológica","n/a","n/a","C-1026"
"mitocondria aerobia","orgánulo o compartimento","n/a","n/a","C-1026"
"mitocondria ancestral","orgánulo o compartimento","n/a","n/a","C-1027"
"orgánulos relacionados con mitocondrias","orgánulo o compartimento","n/a","n/a","C-1027"
"mitocondrias productoras de H₂","orgánulo o compartimento","n/a","n/a","C-1028"
"Nyctotherus ovalis","taxón, organismo o linaje","n/a","n/a","C-1028"
"genoma organelar","magnitud o conjunto de datos","n/a","n/a","C-1029"
"mitocondria productora de hidrógeno de Nyctotherus ovalis","orgánulo o compartimento","n/a","n/a","C-1029"
"cadena respiratoria truncada con complejos I y II","concepto o entidad biológica","n/a","n/a","C-1030"
"componentes de complejos III, IV y V","concepto o entidad biológica","n/a","n/a","C-1031"
"respiración con fumarato","magnitud o conjunto de datos","n/a","n/a","C-1032"
"metanógenos asociados a mitocondrias productoras de H₂","orgánulo o compartimento","n/a","n/a","C-1033"
"intermedio funcional entre mitocondrias aerobias e hidrogenosomas sin genoma","magnitud o conjunto de datos","n/a","n/a","C-1034"
"genoma y traducción organelar","magnitud o conjunto de datos","n/a","n/a","C-1035"
"hidrogenosoma de Trichomonas vaginalis","magnitud o conjunto de datos","n/a","n/a","C-1035"
"fermentación de piruvato con H₂, CO₂ y acetato","concepto o entidad biológica","n/a","n/a","C-1036"
"ATP por fosforilación a nivel de sustrato","concepto o entidad biológica","n/a","n/a","C-1037"
"proteoma totalmente importado","magnitud o conjunto de datos","n/a","n/a","C-1038"
"30 proteínas localizadas; 226 candidatos con presecuencia","magnitud o conjunto de datos","n/a","n/a","C-1039"
"proteoma hidrogenosomal de Trichomonas vaginalis","magnitud o conjunto de datos","n/a","n/a","C-1039"
"50–200 nm","magnitud o conjunto de datos","n/a","n/a","C-1040"
"mitosoma de Giardia intestinalis","magnitud o conjunto de datos","n/a","n/a","C-1040"
"aproximadamente 40 mitosomas por célula","magnitud o conjunto de datos","n/a","n/a","C-1041"
"Giardia intestinalis","taxón, organismo o linaje","n/a","n/a","C-1041"
"producción de ATP","concepto o entidad biológica","n/a","n/a","C-1042"
"maquinaria ISC de Fe–S","magnitud o conjunto de datos","n/a","n/a","C-1043"
"activación de sulfato","concepto o entidad biológica","n/a","n/a","C-1044"
"mitosoma de Entamoeba histolytica","magnitud o conjunto de datos","n/a","n/a","C-1044"
"mitosoma de Giardia limitado a ISC","magnitud o conjunto de datos","n/a","n/a","C-1045"
"maquinaria ISC funcional","magnitud o conjunto de datos","n/a","n/a","C-1046"
"mitosoma microsporidiano","magnitud o conjunto de datos","n/a","n/a","C-1046"
"componentes ISC colocalizados","gen, proteína o sistema molecular","n/a","n/a","C-1047"
"mitosoma de Encephalitozoon cuniculi","magnitud o conjunto de datos","n/a","n/a","C-1047"
"maquinaria ISC distribuida entre mitosoma y citosol","magnitud o conjunto de datos","n/a","n/a","C-1048"
"Trachipleistophora hominis","taxón, organismo o linaje","n/a","n/a","C-1048"
"diversidad entre mitosomas reducidos","magnitud o conjunto de datos","n/a","n/a","C-1049"
"mitocondria o MRO detectable","orgánulo o compartimento","n/a","n/a","C-1050"
"sistema SUF bacteriano citosólico","magnitud o conjunto de datos","n/a","n/a","C-1051"
"actividad funcional de maduración Fe–S","magnitud o conjunto de datos","n/a","n/a","C-1052"
"sistema SUF de Monocercomonoides exilis","magnitud o conjunto de datos","n/a","n/a","C-1052"
"preadaptación para pérdida mitocondrial","orgánulo o compartimento","n/a","n/a","C-1053"
"sistema SUF de Monocercomonoides","magnitud o conjunto de datos","n/a","n/a","C-1053"
"genoma mitocondrial","magnitud o conjunto de datos","n/a","n/a","C-1054"
"Henneguya salminicola","taxón, organismo o linaje","n/a","n/a","C-1054"
"maquinaria nuclear de mantenimiento de mtDNA","magnitud o conjunto de datos","n/a","n/a","C-1055"
"MRO sin genoma mitocondrial","magnitud o conjunto de datos","n/a","n/a","C-1056"
"pérdida de mtDNA","concepto o entidad biológica","n/a","n/a","C-1057"
"pérdida del orgánulo","orgánulo o compartimento","n/a","n/a","C-1057"
"múltiples trayectorias convergentes","concepto o entidad biológica","n/a","n/a","C-1058"
"reducción mitocondrial","orgánulo o compartimento","n/a","n/a","C-1058"
"rendimiento energético del gradiente mitocondrial","magnitud o conjunto de datos","n/a","n/a","C-1059"
"aproximadamente 1–70 proteínas","magnitud o conjunto de datos","n/a","n/a","C-1060"
"contenido proteico de genomas mitocondriales","magnitud o conjunto de datos","n/a","n/a","C-1060"
"hipótesis CoRR","hipótesis o concepto","n/a","n/a","C-1061"
"retención genómica para control redox local","concepto o entidad biológica","n/a","n/a","C-1061"
"hipótesis de hidrofobicidad","hipótesis o concepto","n/a","n/a","C-1062"
"retención de genes que codifican proteínas difíciles de importar","magnitud o conjunto de datos","n/a","n/a","C-1062"
"análisis de 2.015 genomas","magnitud o conjunto de datos","n/a","n/a","C-1063"
"retención génica mitocondrial","orgánulo o compartimento","n/a","n/a","C-1063"
"hipótesis de código genético divergente","hipótesis o concepto","n/a","n/a","C-1064"
"retención de genes por incompatibilidad de traducción","magnitud o conjunto de datos","n/a","n/a","C-1064"
"hipótesis de retención mitocondrial","orgánulo o compartimento","n/a","n/a","C-1065"
"múltiples causas simultáneas","concepto o entidad biológica","n/a","n/a","C-1065"
"genes de origen mitocondrial","magnitud o conjunto de datos","n/a","n/a","C-1066"
"genoma nuclear eucariota","magnitud o conjunto de datos","n/a","n/a","C-1066"
"no existe recuento único directo","concepto o entidad biológica","n/a","n/a","C-1067"
"número total de EGT mitocondrial ancestral","orgánulo o compartimento","n/a","n/a","C-1067"
"importación mediante TOM/TIM","gen, proteína o sistema molecular","n/a","n/a","C-1068"
"proteína mitocondrial nuclear","orgánulo o compartimento","n/a","n/a","C-1068"
"secuencia de destino y maquinaria de importación","magnitud o conjunto de datos","n/a","n/a","C-1069"
"transferencia génica endosimbiótica mitocondrial","orgánulo o compartimento","n/a","n/a","C-1069"
"elemento mitocondrial egoísta","orgánulo o compartimento","n/a","n/a","C-1070"
"ventaja de replicación intracelular con coste celular","concepto o entidad biológica","n/a","n/a","C-1070"
"mtDNA petite hipersupresivo","concepto o entidad biológica","n/a","n/a","C-1071"
"mtDNA respiratorio de levadura","concepto o entidad biológica","n/a","n/a","C-1071"
"cruzamientos de levadura con mtDNA hipersupresivo","concepto o entidad biológica","n/a","n/a","C-1072"
"más de 95 % de colonias respiratoriamente deficientes","magnitud o conjunto de datos","n/a","n/a","C-1072"
"herencia uniparental","concepto o entidad biológica","n/a","n/a","C-1073"
"heteroplasmia biparental inicial","proceso o relación","n/a","n/a","C-1073"
"origen exclusivo por conflicto citoplasmático","gen, proteína o sistema molecular","n/a","n/a","C-1074"
"cuello de botella mitocondrial germinal","orgánulo o compartimento","n/a","n/a","C-1075"
"mayor varianza entre descendientes","magnitud o conjunto de datos","n/a","n/a","C-1075"
"selección purificadora entre linajes celulares u organismos","concepto o entidad biológica","n/a","n/a","C-1076"
"coexistencia de más de un genotipo mitocondrial","orgánulo o compartimento","n/a","n/a","C-1077"
"heteroplasmia","proceso o relación","n/a","n/a","C-1077"
"carga mitocondrial sesgada contra machos","magnitud o conjunto de datos","n/a","n/a","C-1078"
"hipótesis de la maldición de la madre","magnitud o conjunto de datos","n/a","n/a","C-1078"
"9 × 9 = 81 genotipos","concepto o entidad biológica","n/a","n/a","C-1079"
"panel mitonuclear de Drosophila","concepto o entidad biológica","n/a","n/a","C-1079"
"8 de 9 fondos con mayor varianza masculina","magnitud o conjunto de datos","n/a","n/a","C-1080"
"ausencia de carga mutacional masculina global detectable","magnitud o conjunto de datos","n/a","n/a","C-1081"
"UK Biobank y maldición de la madre","magnitud o conjunto de datos","n/a","n/a","C-1081"
"evidencia mixta","concepto o entidad biológica","n/a","n/a","C-1082"
"control del conflicto mitocondrial o simbionte","orgánulo o compartimento","n/a","n/a","C-1083"
"hipótesis citoplasmática del origen de anisogamia","gen, proteína o sistema molecular","n/a","n/a","C-1083"
"incompatibilidad mitonuclear","concepto o entidad biológica","n/a","n/a","C-1084"
"interacción epistática entre mtDNA y genoma nuclear","magnitud o conjunto de datos","n/a","n/a","C-1084"
"conjugación, transformación y transducción","magnitud o conjunto de datos","n/a","n/a","C-1085"
"mecanismos de HGT procariota","concepto o entidad biológica","n/a","n/a","C-1085"
"HGT procariota-eucariota","concepto o entidad biológica","n/a","n/a","C-1086"
"mecanismos procariotas sin pasos adicionales","concepto o entidad biológica","n/a","n/a","C-1086"
"fagotrofia, endosimbiosis, virus, móviles y enlaces débiles","proceso o relación","n/a","n/a","C-1087"
"HGT hacia eucariotas","concepto o entidad biológica","n/a","n/a","C-1087"
"30.358 secuencias; 1.035.375 homólogos; 2.585 árboles","concepto o entidad biológica","n/a","n/a","C-1088"
"análisis de Ku y Martin","magnitud o conjunto de datos","n/a","n/a","C-1088"
"filtro de contaminación en HGT eucariota","concepto o entidad biológica","n/a","n/a","C-1089"
"regla del 70 %","magnitud o conjunto de datos","n/a","n/a","C-1089"
"HGT procariota-eucariota infrecuente y episódica","concepto o entidad biológica","n/a","n/a","C-1090"
"hipótesis de barrera natural de HGT","hipótesis o concepto","n/a","n/a","C-1090"
"hipótesis de barrera natural","hipótesis o concepto","n/a","n/a","C-1091"
"posición HGT eucariota extendida","concepto o entidad biológica","n/a","n/a","C-1091"
"evidencia filogenética y controles de ensamblaje","concepto o entidad biológica","n/a","n/a","C-1092"
"gen eucariota candidato a HGT","gen, proteína o sistema molecular","n/a","n/a","C-1092"
"HGT ligada a fagotrofia reiterada","proceso o relación","n/a","n/a","C-1093"
"hipótesis eres lo que comes","hipótesis o concepto","n/a","n/a","C-1093"
"entrada genética durante etapas celulares vulnerables","concepto o entidad biológica","n/a","n/a","C-1094"
"modelo de enlace débil","hipótesis o concepto","n/a","n/a","C-1094"
"función en biosíntesis de rodoquinona","concepto o entidad biológica","n/a","n/a","C-1095"
"rquA de Pygsuia biforma","magnitud o conjunto de datos","n/a","n/a","C-1095"
"múltiples eucariotas por HGT independiente","concepto o entidad biológica","n/a","n/a","C-1096"
"rquA","gen, proteína o sistema molecular","n/a","n/a","C-1096"
"Pygsuia biforma","magnitud o conjunto de datos","n/a","n/a","C-1097"
"sistema SUF por HGT","magnitud o conjunto de datos","n/a","n/a","C-1097"
"HGT bacteriana funcional en anaerobiosis","concepto o entidad biológica","n/a","n/a","C-1098"
"Monocercomonoides y Pygsuia","taxón, organismo o linaje","n/a","n/a","C-1098"
"aproximadamente una sexta parte atribuida a HGT","magnitud o conjunto de datos","n/a","n/a","C-1099"
"genoma borrador de Hypsibius dujardini","magnitud o conjunto de datos","n/a","n/a","C-1099"
"afirmación C-1116","magnitud o conjunto de datos","n/a","n/a","C-1100"
"reensamblaje y decontaminación","concepto o entidad biológica","n/a","n/a","C-1100"
"caso de HGT en tardígrados","concepto o entidad biológica","n/a","n/a","C-1101"
"contaminación y ensamblaje quimérico","concepto o entidad biológica","n/a","n/a","C-1101"
"ausencia de HGT eucariota real","concepto o entidad biológica","n/a","n/a","C-1102"
"contaminación en estudios de HGT","concepto o entidad biológica","n/a","n/a","C-1102"
"frecuencia de HGT eucariota","concepto o entidad biológica","n/a","n/a","C-1103"
"genes, eventos, familias, linajes y controles utilizados","magnitud o conjunto de datos","n/a","n/a","C-1103"
"integración mitocondrial ancestral","orgánulo o compartimento","n/a","n/a","C-1104"
"LA LITERATURA DECLARA QUE NO SE SABE","concepto o entidad biológica","n/a","n/a","C-1104"
"punto de no retorno endosimbiótico","concepto o entidad biológica","n/a","n/a","C-1105"
"asociaciones endosimbióticas extinguidas","concepto o entidad biológica","n/a","n/a","C-1106"
"reversión a vida libre","concepto o entidad biológica","n/a","n/a","C-1107"
"coste neto de asociaciones","concepto o entidad biológica","n/a","n/a","C-1108"
"estatuto nomenclatural de simbiontes individuales","concepto o entidad biológica","n/a","n/a","C-1109"
"NO BUSCADO","concepto o entidad biológica","n/a","n/a","C-1109"
"dinotomos Durinskia baltica y Kryptoperidinium foliaceum","gen, proteína o sistema molecular","n/a","n/a","C-1110"
"endosimbionte diatomeo terciario que conserva mitocondria","gen, proteína o sistema molecular","n/a","n/a","C-1110"
"34.242 bp y 34.742 bp","magnitud o conjunto de datos","n/a","n/a","C-1111"
"mitocondrias de endosimbiontes diatomeos de dinotomos","gen, proteína o sistema molecular","n/a","n/a","C-1111"
"58 genes y 59 genes","magnitud o conjunto de datos","n/a","n/a","C-1112"
"cambio limitado respecto de dinoflagelados y diatomeas de vida libre","gen, proteína o sistema molecular","n/a","n/a","C-1113"
"genomas mitocondriales de dinotomos","magnitud o conjunto de datos","n/a","n/a","C-1113"
"compartimentos celulares eucariotas conservados","gen, proteína o sistema molecular","n/a","n/a","C-1114"
"endosimbionte diatomeo de dinotomos","gen, proteína o sistema molecular","n/a","n/a","C-1114"
"9 genes candidatos en dinotomos y 90 en kareniáceos","magnitud o conjunto de datos","n/a","n/a","C-1115"
"EGT en dinoflagelados con plastos terciarios","concepto o entidad biológica","n/a","n/a","C-1115"
"dinotomos","gen, proteína o sistema molecular","n/a","n/a","C-1116"
"EGT terciaria masiva localizada","magnitud o conjunto de datos","n/a","n/a","C-1116"
"142.981 bp; 70 proteínas; 30 ARNt; 3 ARNr","magnitud o conjunto de datos","n/a","n/a","C-1117"
"plasto terciario de Karlodinium veneficum","taxón, organismo o linaje","n/a","n/a","C-1117"
"origen haptófito; número de adquisiciones sin resolver","gen, proteína o sistema molecular","n/a","n/a","C-1118"
"plasto terciario de Kareniaceae","taxón, organismo o linaje","n/a","n/a","C-1118"
"mínimo de 20 familias completas de elementos transponibles","concepto o entidad biológica","n/a","n/a","C-1119"
"Salpingoeca rosetta","taxón, organismo o linaje","n/a","n/a","C-1119"
"7 familias de ADN; 13 LTR; 2 candidatos no-LTR incompletos","concepto o entidad biológica","n/a","n/a","C-1120"
"elementos transponibles de Salpingoeca rosetta","taxón, organismo o linaje","n/a","n/a","C-1120"
"3 familias LTR y ausencia aparente de otros tipos","concepto o entidad biológica","n/a","n/a","C-1121"
"Monosiga brevicollis","taxón, organismo o linaje","n/a","n/a","C-1121"
"20 familias completas mínimas frente a 3 familias LTR detectadas","magnitud o conjunto de datos","n/a","n/a","C-1122"
"Salpingoeca rosetta y Monosiga brevicollis","taxón, organismo o linaje","n/a","n/a","C-1122"
"herencia doble uniparental en bivalvos","taxón, organismo o linaje","n/a","n/a","C-1123"
"herencia mitocondrial animal","magnitud o conjunto de datos","n/a","n/a","C-1123"
"dos linajes mitocondriales transmitidos por sexos distintos","orgánulo o compartimento","n/a","n/a","C-1124"
"herencia doble uniparental","concepto o entidad biológica","n/a","n/a","C-1124"
"herencia materna exclusiva","magnitud o conjunto de datos","n/a","n/a","C-1125"
"transmisión mitocondrial eucariota","orgánulo o compartimento","n/a","n/a","C-1125"
"carga genómica de elementos móviles en el corredor","hipótesis o concepto","n/a","n/a","C-1126"
"ATP equivalente de construcción u operación","magnitud, rasgo o concepto","n/a","n/a","C-1127"
"coste absoluto de rasgo","magnitud, rasgo o concepto","n/a","n/a","C-1127"
"coste absoluto dividido por presupuesto celular","magnitud, rasgo o concepto","n/a","n/a","C-1128"
"coste relativo de rasgo","magnitud, rasgo o concepto","n/a","n/a","C-1128"
"construcción frente a operación","concepto o entidad biológica","n/a","n/a","C-1129"
"coste de rasgo","magnitud, rasgo o concepto","n/a","n/a","C-1129"
"coste de oportunidad","magnitud, rasgo o concepto","n/a","n/a","C-1130"
"energía no obtenida por incorporar precursores a biomasa","magnitud, rasgo o concepto","n/a","n/a","C-1130"
"coste energético basal","magnitud, rasgo o concepto","n/a","n/a","C-1131"
"efecto neto de aptitud","magnitud, rasgo o concepto","n/a","n/a","C-1131"
"cifra absoluta de coste","magnitud, rasgo o concepto","n/a","n/a","C-1132"
"presupuesto energético celular","magnitud, rasgo o concepto","n/a","n/a","C-1132"
"coste de rasgo ancestral","magnitud, rasgo o concepto","n/a","n/a","C-1133"
"organismos actuales","concepto o entidad biológica","n/a","n/a","C-1133"
"balance neto cuantitativo ausente en la mayoría","magnitud, rasgo o concepto","n/a","n/a","C-1134"
"escenarios de origen de rasgos celulares","concepto o entidad biológica","n/a","n/a","C-1134"
"adición o sustitución","concepto o entidad biológica","n/a","n/a","C-1135"
"introducción de un rasgo","concepto o entidad biológica","n/a","n/a","C-1135"
"ATP invertido en un rasgo","magnitud, rasgo o concepto","n/a","n/a","C-1136"
"coeficiente de selección","magnitud, rasgo o concepto","n/a","n/a","C-1136"
"tabla de costes","magnitud, rasgo o concepto","n/a","n/a","C-1137"
"unidad y denominador originales","concepto o entidad biológica","n/a","n/a","C-1137"
"SIN CIFRA PUBLICADA LOCALIZADA","concepto o entidad biológica","n/a","n/a","C-1138"
"6.8 × 10^9 Vcell^0.54 ATP","magnitud, rasgo o concepto","n/a","n/a","C-1139"
"membrana de macronúcleo de ciliado","magnitud, rasgo o concepto","n/a","n/a","C-1139"
"1.5 × 10^9 Vcell^0.41 ATP","magnitud, rasgo o concepto","n/a","n/a","C-1140"
"membrana de micronúcleo de ciliado","magnitud, rasgo o concepto","n/a","n/a","C-1140"
"7.8 × 10^9 Vcell^0.48 ATP","magnitud, rasgo o concepto","n/a","n/a","C-1141"
"membrana nuclear de otros eucariotas","magnitud, rasgo o concepto","n/a","n/a","C-1141"
"2.5% y 0.032% del presupuesto celular","magnitud, rasgo o concepto","n/a","n/a","C-1142"
"núcleos de ciliado de 10^5 µm³","rasgo, orgánulo o proceso","n/a","n/a","C-1142"
"1.3 × 10^7 ATP","magnitud, rasgo o concepto","n/a","n/a","C-1143"
"complejo del poro nuclear de levadura","rasgo, orgánulo o proceso","n/a","n/a","C-1143"
"2.9 × 10^7 ATP","magnitud, rasgo o concepto","n/a","n/a","C-1144"
"complejo del poro nuclear de vertebrado","rasgo, orgánulo o proceso","n/a","n/a","C-1144"
"7.0 × 10^8 Vnuc^0.78 ATP","magnitud, rasgo o concepto","n/a","n/a","C-1145"
"conjunto de poros nucleares","rasgo, orgánulo o proceso","n/a","n/a","C-1145"
"núcleo ancestral completo","rasgo, orgánulo o proceso","n/a","n/a","C-1146"
"1.67 × 10^7 ATP","magnitud, rasgo o concepto","n/a","n/a","C-1147"
"vesícula de 50 nm en construcción","rasgo, orgánulo o proceso","n/a","n/a","C-1147"
"9.6 × 10^6 ATP","magnitud, rasgo o concepto","n/a","n/a","C-1148"
"vesícula de 50 nm citoplasmática","rasgo, orgánulo o proceso","n/a","n/a","C-1148"
"1.25 × 10^9 ATP µm^-2","magnitud, rasgo o concepto","n/a","n/a","C-1149"
"membrana de lípidos puros","magnitud, rasgo o concepto","n/a","n/a","C-1149"
"1.45 × 10^9 ATP µm^-2","magnitud, rasgo o concepto","n/a","n/a","C-1150"
"membrana con 40% de proteína por área","magnitud, rasgo o concepto","n/a","n/a","C-1150"
"1.1% del presupuesto celular","magnitud, rasgo o concepto","n/a","n/a","C-1151"
"retículo endoplasmático y Golgi de Ostreococcus tauri","rasgo, orgánulo o proceso","n/a","n/a","C-1151"
"retículo endoplasmático y Golgi de Saccharomyces cerevisiae","rasgo, orgánulo o proceso","n/a","n/a","C-1152"
"3.0% del presupuesto celular","magnitud, rasgo o concepto","n/a","n/a","C-1153"
"retículo endoplasmático y Golgi de Dunaliella salina","rasgo, orgánulo o proceso","n/a","n/a","C-1153"
"21% del presupuesto celular","magnitud, rasgo o concepto","n/a","n/a","C-1154"
"retículo endoplasmático y Golgi de célula pancreática de Sus scrofa","rasgo, orgánulo o proceso","n/a","n/a","C-1154"
"membranas internas eucariotas","magnitud, rasgo o concepto","n/a","n/a","C-1155"
"proporciones dependientes de especie y tipo celular","magnitud, rasgo o concepto","n/a","n/a","C-1155"
"sistema endomembranoso ancestral completo","concepto o entidad biológica","n/a","n/a","C-1156"
"modelo coste-beneficio de beneficio neto","magnitud, rasgo o concepto","n/a","n/a","C-1157"
"proto-retículo con translocasas Sec","rasgo, orgánulo o proceso","n/a","n/a","C-1157"
"pinocitosis de moléculas pequeñas modelada","concepto o entidad biológica","n/a","n/a","C-1158"
"sin mejora de aptitud bajo parámetros considerados","concepto o entidad biológica","n/a","n/a","C-1158"
"5.0 × 10^10 ATP","magnitud, rasgo o concepto","n/a","n/a","C-1159"
"microtúbulos corticales de Ochromonas idealizada","taxón u organismo","n/a","n/a","C-1159"
"0.1%; 1.4 × 10^9 ATP","magnitud, rasgo o concepto","n/a","n/a","C-1160"
"actina y tubulina de Saccharomyces cerevisiae","rasgo, orgánulo o proceso","n/a","n/a","C-1160"
"0.4%; 1.1 × 10^10 ATP","magnitud, rasgo o concepto","n/a","n/a","C-1161"
"actina y tubulina de Schizosaccharomyces pombe","rasgo, orgánulo o proceso","n/a","n/a","C-1161"
"5.7% del presupuesto celular","magnitud, rasgo o concepto","n/a","n/a","C-1162"
"actina y tubulina de fibroblastos de ratón","rasgo, orgánulo o proceso","n/a","n/a","C-1162"
"0.6% del presupuesto celular","magnitud, rasgo o concepto","n/a","n/a","C-1163"
"actina y tubulina de células HeLa","rasgo, orgánulo o proceso","n/a","n/a","C-1163"
"actina","rasgo, orgánulo o proceso","n/a","n/a","C-1164"
"ciclo de nucleótido ATP durante polimerización","magnitud, rasgo o concepto","n/a","n/a","C-1164"
"ciclo de nucleótido GTP durante dinámica microtubular","concepto o entidad biológica","n/a","n/a","C-1165"
"tubulina","rasgo, orgánulo o proceso","n/a","n/a","C-1165"
"coste celular total del citoesqueleto","magnitud, rasgo o concepto","n/a","n/a","C-1166"
"estequiometría de ATP o GTP por subunidad","magnitud, rasgo o concepto","n/a","n/a","C-1166"
"creatina quinasa B durante fagocitosis","rasgo, orgánulo o proceso","n/a","n/a","C-1167"
"suministro local de ATP","magnitud, rasgo o concepto","n/a","n/a","C-1167"
"73 ± 9% del control","concepto o entidad biológica","n/a","n/a","C-1168"
"formación de F-actina con CK-B inhibida","rasgo, orgánulo o proceso","n/a","n/a","C-1168"
"0.8 fmol célula^-1","concepto o entidad biológica","n/a","n/a","C-1169"
"contenido de ATP de neutrófilos durante fagocitosis","magnitud, rasgo o concepto","n/a","n/a","C-1169"
"contenido de ATP durante fagocitosis","magnitud, rasgo o concepto","n/a","n/a","C-1170"
"coste integrado por evento de ingestión","magnitud, rasgo o concepto","n/a","n/a","C-1170"
"fagocitosis en holozoos unicelulares","rasgo, orgánulo o proceso","n/a","n/a","C-1171"
"ATPasas PEX1 y PEX6","magnitud, rasgo o concepto","n/a","n/a","C-1172"
"maquinaria de importación peroxisomal","rasgo, orgánulo o proceso","n/a","n/a","C-1172"
"complejo Pex1/Pex6","concepto o entidad biológica","n/a","n/a","C-1173"
"desplegado procesivo dependiente de ATP","magnitud, rasgo o concepto","n/a","n/a","C-1173"
"peroxisoma completo","rasgo, orgánulo o proceso","n/a","n/a","C-1174"
"desensamblaje amplio de envoltura nuclear","concepto o entidad biológica","n/a","n/a","C-1175"
"mitosis abierta","rasgo, orgánulo o proceso","n/a","n/a","C-1175"
"mitosis cerrada","rasgo, orgánulo o proceso","n/a","n/a","C-1176"
"retención de envoltura nuclear","concepto o entidad biológica","n/a","n/a","C-1176"
"mitosis semiabierta","rasgo, orgánulo o proceso","n/a","n/a","C-1177"
"permeabilización o desensamblaje parcial","concepto o entidad biológica","n/a","n/a","C-1177"
"estructura del ciclo vital","concepto o entidad biológica","n/a","n/a","C-1178"
"modo mitótico en holozoos muestreados","concepto o entidad biológica","n/a","n/a","C-1178"
"Corallochytrium limacisporum","taxón u organismo","n/a","n/a","C-1179"
"mitosis de LECA","rasgo, orgánulo o proceso","n/a","n/a","C-1180"
"reconstrucción ancestral dependiente de método","concepto o entidad biológica","n/a","n/a","C-1180"
"coste de modos mitóticos","magnitud, rasgo o concepto","n/a","n/a","C-1181"
"1.9% del presupuesto celular","magnitud, rasgo o concepto","n/a","n/a","C-1182"
"membrana mitocondrial de Dunaliella salina","magnitud, rasgo o concepto","n/a","n/a","C-1182"
"4–17% del presupuesto celular","magnitud, rasgo o concepto","n/a","n/a","C-1183"
"membrana mitocondrial de ciliados","magnitud, rasgo o concepto","n/a","n/a","C-1183"
"6.7% del presupuesto celular","magnitud, rasgo o concepto","n/a","n/a","C-1184"
"membrana mitocondrial de célula pancreática de Sus scrofa","magnitud, rasgo o concepto","n/a","n/a","C-1184"
"7.9% del presupuesto celular","magnitud, rasgo o concepto","n/a","n/a","C-1185"
"membrana mitocondrial de Ostreococcus tauri","magnitud, rasgo o concepto","n/a","n/a","C-1185"
"3.0 Vcell^0.99","concepto o entidad biológica","n/a","n/a","C-1186"
"área de membrana mitocondrial","magnitud, rasgo o concepto","n/a","n/a","C-1186"
"coste de membrana mitocondrial","magnitud, rasgo o concepto","n/a","n/a","C-1187"
"coste total de mitocondria y fosforilación oxidativa","magnitud, rasgo o concepto","n/a","n/a","C-1187"
"mitocondria ancestral integrada","rasgo, orgánulo o proceso","n/a","n/a","C-1188"
"6.15 × 10^10 ATP célula^-1","magnitud, rasgo o concepto","n/a","n/a","C-1189"
"dos flagelos de Chlamydomonas","rasgo, orgánulo o proceso","n/a","n/a","C-1189"
"1.4% del presupuesto del ciclo","magnitud, rasgo o concepto","n/a","n/a","C-1190"
"flagelos de Chlamydomonas","rasgo, orgánulo o proceso","n/a","n/a","C-1190"
"9.7 × 10^5 ATP s^-1 flagelo^-1","magnitud, rasgo o concepto","n/a","n/a","C-1191"
"flagelo de Chlamydomonas en operación","rasgo, orgánulo o proceso","n/a","n/a","C-1191"
"1.2% del presupuesto del ciclo","magnitud, rasgo o concepto","n/a","n/a","C-1192"
"operación de flagelos de Chlamydomonas","rasgo, orgánulo o proceso","n/a","n/a","C-1192"
"2.6% del presupuesto del ciclo","magnitud, rasgo o concepto","n/a","n/a","C-1193"
"0.1–40% del presupuesto celular en la mayoría","magnitud, rasgo o concepto","n/a","n/a","C-1194"
"construcción de flagelos en 200 especies","rasgo, orgánulo o proceso","n/a","n/a","C-1194"
"ambiente, tamaño y velocidad","concepto o entidad biológica","n/a","n/a","C-1195"
"beneficio de flagelos","magnitud, rasgo o concepto","n/a","n/a","C-1195"
"adhesión mediada por integrinas","rasgo, orgánulo o proceso","n/a","n/a","C-1196"
"fortalecimiento aproximado de siete veces bajo 200 nN","concepto o entidad biológica","n/a","n/a","C-1196"
"200 nN en ensayo de adhesión","rasgo, orgánulo o proceso","n/a","n/a","C-1197"
"coste energético metabólico","magnitud, rasgo o concepto","n/a","n/a","C-1197"
"adhesión en coanoflagelados o filastereos","rasgo, orgánulo o proceso","n/a","n/a","C-1198"
"hidrólisis de GTP","concepto o entidad biológica","n/a","n/a","C-1199"
"señalización por proteínas G","rasgo, orgánulo o proceso","n/a","n/a","C-1199"
"sistemas de detección celular","concepto o entidad biológica","n/a","n/a","C-1200"
"tiempo, proteínas y energía","magnitud, rasgo o concepto","n/a","n/a","C-1200"
"oscilaciones de flujo de calor","magnitud, rasgo o concepto","n/a","n/a","C-1201"
"señalización del ciclo celular en embriones de pez cebra","magnitud, rasgo o concepto","n/a","n/a","C-1201"
"calorimetría de embriones de pez cebra","magnitud, rasgo o concepto","n/a","n/a","C-1202"
"coste de señalización en protista ancestral","magnitud, rasgo o concepto","n/a","n/a","C-1202"
"señalización celular del corredor","rasgo, orgánulo o proceso","n/a","n/a","C-1203"
"hipótesis de barrera energética mitocondrial","hipótesis o concepto","n/a","n/a","C-1204"
"Lane y Martin","magnitud, rasgo o concepto","n/a","n/a","C-1204"
"0.0005 fW gen^-1","concepto o entidad biológica","n/a","n/a","C-1205"
"bacteria ampliada hipotética de Lane y Martin","magnitud, rasgo o concepto","n/a","n/a","C-1205"
"energía por gen en bacteria ampliada hipotética","magnitud, rasgo o concepto","n/a","n/a","C-1206"
"reducción de 230000 veces","concepto o entidad biológica","n/a","n/a","C-1206"
"aproximadamente 200000 veces la procariótica","concepto o entidad biológica","n/a","n/a","C-1207"
"energía por gen eucariota según Lane y Martin","magnitud, rasgo o concepto","n/a","n/a","C-1207"
"10^5–10^6 veces","concepto o entidad biológica","n/a","n/a","C-1208"
"potencia por gen en hospedador mitocondrial según Lane y Martin","magnitud, rasgo o concepto","n/a","n/a","C-1208"
"energía por gen de Lane y Martin","magnitud, rasgo o concepto","n/a","n/a","C-1209"
"potencia total dividida por número de genes","magnitud, rasgo o concepto","n/a","n/a","C-1209"
"restricción procariota de repertorio expresado","concepto o entidad biológica","n/a","n/a","C-1210"
"respiración aerobia por sí sola","concepto o entidad biológica","n/a","n/a","C-1211"
"control local de membranas bioenergéticas","magnitud, rasgo o concepto","n/a","n/a","C-1212"
"genoma mitocondrial en hipótesis energética","hipótesis o concepto","n/a","n/a","C-1212"
"comparación de Lane y Martin","magnitud, rasgo o concepto","n/a","n/a","C-1213"
"potencia total por número de genes","magnitud, rasgo o concepto","n/a","n/a","C-1213"
"coste bioenergético de un gen","magnitud, rasgo o concepto","n/a","n/a","C-1214"
"replicación, transcripción y traducción","concepto o entidad biológica","n/a","n/a","C-1214"
"carga relativa media de un gen","concepto o entidad biológica","n/a","n/a","C-1215"
"disminución con tamaño celular","concepto o entidad biológica","n/a","n/a","C-1215"
"hipótesis de ausencia de barrera energética","hipótesis o concepto","n/a","n/a","C-1216"
"Lynch y Marinov","concepto o entidad biológica","n/a","n/a","C-1216"
"coste incremental de gen dividido por presupuesto celular","magnitud, rasgo o concepto","n/a","n/a","C-1217"
"posición de Lynch y Marinov","concepto o entidad biológica","n/a","n/a","C-1217"
"energía total por gen","magnitud, rasgo o concepto","n/a","n/a","C-1218"
"coste marginal de un gen","magnitud, rasgo o concepto","n/a","n/a","C-1219"
"controversia energética","magnitud, rasgo o concepto","n/a","n/a","C-1220"
"diferencia empírica y diferencia de denominador","concepto o entidad biológica","n/a","n/a","C-1220"
"80 valores auditados por Gerlitz y colaboradores","concepto o entidad biológica","n/a","n/a","C-1221"
"más de 50% no localizado en fuentes citadas","concepto o entidad biológica","n/a","n/a","C-1221"
"auditoría de procedencia de datos","concepto o entidad biológica","n/a","n/a","C-1222"
"causalidad energética de eucariogénesis","magnitud, rasgo o concepto","n/a","n/a","C-1222"
"análisis de membranas de Lynch y Marinov","magnitud, rasgo o concepto","n/a","n/a","C-1223"
"corrección formal de 2018","concepto o entidad biológica","n/a","n/a","C-1223"
"demanda y provisión energética celular","magnitud, rasgo o concepto","n/a","n/a","C-1224"
"escalamiento continuo dependiente de tamaño","concepto o entidad biológica","n/a","n/a","C-1224"
"expansión de membranas bioenergéticas y metabolismo","magnitud, rasgo o concepto","n/a","n/a","C-1225"
"mitocondrias en células grandes","rasgo, orgánulo o proceso","n/a","n/a","C-1225"
"barrera energética universal","hipótesis o concepto","n/a","n/a","C-1226"
"Chiyomaru y Takemoto","concepto o entidad biológica","n/a","n/a","C-1226"
"controversia de precondición energética mitocondrial","magnitud, rasgo o concepto","n/a","n/a","C-1227"
"sin consenso","concepto o entidad biológica","n/a","n/a","C-1227"
"genética de poblaciones","magnitud, rasgo o concepto","n/a","n/a","C-1228"
"hipótesis de barrera de deriva","hipótesis o concepto","n/a","n/a","C-1228"
"1/Ne","magnitud, rasgo o concepto","n/a","n/a","C-1229"
"efecto de aptitud","concepto o entidad biológica","n/a","n/a","C-1229"
"generalmente >10^8","magnitud, rasgo o concepto","n/a","n/a","C-1230"
"Ne de procariotas en Lynch y Conery","magnitud, rasgo o concepto","n/a","n/a","C-1230"
"10^7–10^8","concepto o entidad biológica","n/a","n/a","C-1231"
"Ne de eucariotas unicelulares en Lynch y Conery","magnitud, rasgo o concepto","n/a","n/a","C-1231"
"10^5–10^6","concepto o entidad biológica","n/a","n/a","C-1232"
"Ne de invertebrados en Lynch y Conery","magnitud, rasgo o concepto","n/a","n/a","C-1232"
"10^4–10^5","concepto o entidad biológica","n/a","n/a","C-1233"
"Ne de vertebrados en Lynch y Conery","magnitud, rasgo o concepto","n/a","n/a","C-1233"
"diversidad silenciosa y tasa mutacional asumida","concepto o entidad biológica","n/a","n/a","C-1234"
"estimaciones históricas de Ne","magnitud, rasgo o concepto","n/a","n/a","C-1234"
"4Neμ","magnitud, rasgo o concepto","n/a","n/a","C-1235"
"diversidad neutral diploide","magnitud, rasgo o concepto","n/a","n/a","C-1235"
"hipótesis de peligro mutacional","hipótesis o concepto","n/a","n/a","C-1236"
"Lynch y colaboradores","concepto o entidad biológica","n/a","n/a","C-1236"
"~7 × 10^7 y ~2 × 10^7","concepto o entidad biológica","n/a","n/a","C-1237"
"umbral crítico de Ne para elementos móviles","magnitud, rasgo o concepto","n/a","n/a","C-1237"
"beneficio adaptativo de toda expansión genómica","magnitud, rasgo o concepto","n/a","n/a","C-1238"
"diversidad nucleotídica y tasas de mutación directas","concepto o entidad biológica","n/a","n/a","C-1239"
"Ne en 120 eucariotas","magnitud, rasgo o concepto","n/a","n/a","C-1239"
"casi cuatro órdenes de magnitud","magnitud, rasgo o concepto","n/a","n/a","C-1240"
"Ne de 120 eucariotas","magnitud, rasgo o concepto","n/a","n/a","C-1240"
"ausencia de asociación con Ne pequeño en S322","magnitud, rasgo o concepto","n/a","n/a","C-1241"
"tamaño genómico eucariota","concepto o entidad biológica","n/a","n/a","C-1241"
"807 especies","concepto o entidad biológica","n/a","n/a","C-1242"
"prueba animal de peligro mutacional","hipótesis o concepto","n/a","n/a","C-1242"
"hipótesis de peligro mutacional en animales","hipótesis o concepto","n/a","n/a","C-1243"
"Marino y colaboradores","concepto o entidad biológica","n/a","n/a","C-1243"
"relación global Ne-complejidad genómica","magnitud, rasgo o concepto","n/a","n/a","C-1244"
"S322 y S323","concepto o entidad biológica","n/a","n/a","C-1244"
"distribución amplia sin valor único","concepto o entidad biológica","n/a","n/a","C-1245"
"Ne por gran categoría biológica","magnitud, rasgo o concepto","n/a","n/a","C-1245"
"flagelo","rasgo, orgánulo o proceso","n/a","n/a","C-1246"
"mayor adquisición de recursos por natación","concepto o entidad biológica","n/a","n/a","C-1246"
"beneficio funcional observado y balance neto no localizado","magnitud, rasgo o concepto","n/a","n/a","C-1247"
"fagocitosis","rasgo, orgánulo o proceso","n/a","n/a","C-1247"
"origen adaptativo por complejidad genómica","concepto o entidad biológica","n/a","n/a","C-1248"
"adhesión celular","rasgo, orgánulo o proceso","n/a","n/a","C-1249"
"beneficio mecánico y balance energético no localizado","magnitud, rasgo o concepto","n/a","n/a","C-1249"
"componentes genómicos no codificantes","magnitud, rasgo o concepto","n/a","n/a","C-1250"
"posibles productos de procesos no adaptativos","concepto o entidad biológica","n/a","n/a","C-1250"
"duplicación génica","concepto o entidad biológica","n/a","n/a","C-1251"
"fijación inicial no adaptativa seguida de cooptación","concepto o entidad biológica","n/a","n/a","C-1251"
"4.68 × 10^-5 del presupuesto celular","magnitud, rasgo o concepto","n/a","n/a","C-1252"
"duplicación del gen mediano de Saccharomyces cerevisiae","taxón u organismo","n/a","n/a","C-1252"
">10% ARNm; >2% proteína","concepto o entidad biológica","n/a","n/a","C-1253"
"cambio de expresión de gen mediano en Saccharomyces cerevisiae","taxón u organismo","n/a","n/a","C-1253"
"adaptación de todas las etapas históricas","concepto o entidad biológica","n/a","n/a","C-1254"
"beneficio actual de un rasgo","magnitud, rasgo o concepto","n/a","n/a","C-1254"
"fijación por deriva","concepto o entidad biológica","n/a","n/a","C-1255"
"neutralidad universal","magnitud, rasgo o concepto","n/a","n/a","C-1255"
"relación coste energético-aptitud","magnitud, rasgo o concepto","n/a","n/a","C-1256"
"intermedios de rasgos celulares","concepto o entidad biológica","n/a","n/a","C-1257"
"tamaños mutacionales fenotípicos poco conocidos","concepto o entidad biológica","n/a","n/a","C-1257"
"presupuesto integrado de rasgos en un protista","magnitud, rasgo o concepto","n/a","n/a","C-1258"
"porcentajes y cifras de la tabla de costes","magnitud, rasgo o concepto","n/a","n/a","C-1259"
"suma directa sin normalización","concepto o entidad biológica","n/a","n/a","C-1259"
"presupuesto energético de FECA o LECA","magnitud, rasgo o concepto","n/a","n/a","C-1260"
"datos, extrapolación y denominador","concepto o entidad biológica","n/a","n/a","C-1261"
"meiosis ni sexo","concepto o entidad","n/a","n/a","C-1262"
"recombinación genética","concepto o entidad","n/a","n/a","C-1262"
"ciclo sexual completo","concepto o entidad","n/a","n/a","C-1263"
"meiosis","concepto o entidad","n/a","n/a","C-1263"
"fusión celular, fusión nuclear y recombinación/reducción","concepto o entidad","n/a","n/a","C-1264"
"sexo eucariota","concepto o entidad","n/a","n/a","C-1264"
"fusión citoplasmática y nuclear","concepto o entidad","n/a","n/a","C-1265"
"plasmogamia y cariogamia","concepto o entidad","n/a","n/a","C-1265"
"fusión de gametos o células sexuales","concepto o entidad","n/a","n/a","C-1266"
"singamia","concepto o entidad","n/a","n/a","C-1266"
"anisogamia ni sexo masculino/femenino","concepto o entidad","n/a","n/a","C-1267"
"tipo de apareamiento","concepto o entidad","n/a","n/a","C-1267"
"ciclo haplonte","concepto o entidad","n/a","n/a","C-1268"
"crecimiento haploide y diploidía cigótica","concepto o entidad","n/a","n/a","C-1268"
"ciclo diplonte","concepto o entidad","n/a","n/a","C-1269"
"crecimiento diploide y haploidía derivada por meiosis","concepto o entidad","n/a","n/a","C-1269"
"ciclo haplodiplonte","concepto o entidad","n/a","n/a","C-1270"
"fases multicelulares o proliferativas de ambas ploidías","concepto o entidad","n/a","n/a","C-1270"
"meiosis canónica","concepto o entidad","n/a","n/a","C-1271"
"parasexualidad","concepto o entidad","n/a","n/a","C-1271"
"inicio de roturas de doble cadena meióticas","concepto o entidad","n/a","n/a","C-1272"
"SPO11","gen","Spo11","n/a","C-1272"
"DMC1","gen","Dmc1","n/a","C-1273"
"intercambio de cadenas entre homólogos","concepto o entidad","n/a","n/a","C-1273"
"RecA","gen/proteína","RecA recombinase","n/a","C-1273"
"estabilización de intermediarios de crossover","concepto o entidad","n/a","n/a","C-1274"
"MSH4–MSH5","complejo génico/proteico","Msh4/Msh5","n/a","C-1274"
"HOP1","gen","Hop1","n/a","C-1275"
"organización cromosómica meiótica","concepto o entidad","n/a","n/a","C-1275"
"MND1–HOP2","complejo génico/proteico","Mnd1/Hop2","n/a","C-1276"
"recombinación homóloga meiótica","concepto o entidad","n/a","n/a","C-1276"
"cohesión y segregación meiótica","concepto o entidad","n/a","n/a","C-1277"
"REC8","gen","Rec8","n/a","C-1277"
"cinco genes considerados específicos de meiosis","concepto o entidad","n/a","n/a","C-1278"
"Giardia intestinalis","concepto o entidad","n/a","n/a","C-1278"
"*Giardia intestinalis*","taxón","Giardia lamblia; Giardia duodenalis","n/a","C-1278"
"27 de 29 genes meióticos examinados","concepto o entidad","n/a","n/a","C-1279"
"Trichomonas vaginalis","concepto o entidad","n/a","n/a","C-1279"
"*Trichomonas vaginalis*","taxón","Trichomonas vaginalis","n/a","C-1279"
"ocho de nueve genes específicos de meiosis examinados","concepto o entidad","n/a","n/a","C-1280"
"meiosis observada","concepto o entidad","n/a","n/a","C-1281"
"18 genes meióticos conservados","concepto o entidad","n/a","n/a","C-1282"
"Choanoflagellata","concepto o entidad","n/a","n/a","C-1282"
"evidencia de sexo en coanoflagelados","concepto o entidad","n/a","n/a","C-1283"
"inventario genómico antes de observación del ciclo","concepto o entidad","n/a","n/a","C-1283"
"*Salpingoeca rosetta*","taxón","Salpingoeca rosetta","n/a","C-1283"
"Capsaspora owczarzaki","concepto o entidad","n/a","n/a","C-1284"
"*Capsaspora owczarzaki*","taxón","Capsaspora owczarzaki","n/a","C-1284"
"repertorio genómico asociado con sexo y meiosis","concepto o entidad","n/a","n/a","C-1284"
"NO LOCALIZADO EN ESTA SESIÓN","concepto o entidad","n/a","n/a","C-1285"
"Amoebozoa","concepto o entidad","n/a","n/a","C-1286"
"genes meióticos en linajes con sexo críptico o no observado","concepto o entidad","n/a","n/a","C-1286"
"función exclusivamente meiótica","concepto o entidad","n/a","n/a","C-1287"
"homólogo de gen meiótico","concepto o entidad","n/a","n/a","C-1287"
"ausencia de meiosis","concepto o entidad","n/a","n/a","C-1288"
"ausencia de un gen meiótico","concepto o entidad","n/a","n/a","C-1288"
"LECA","población reconstruida","Last Eukaryotic Common Ancestor","n/a","C-1289"
"meiosis o programa meiótico ancestral","concepto o entidad","n/a","n/a","C-1289"
"ciclo, frecuencia y señal ancestral","concepto o entidad","n/a","n/a","C-1290"
"LECA sexual","concepto o entidad","n/a","n/a","C-1290"
"posición metodológica","concepto o entidad","n/a","n/a","C-1291"
"todos los eucariotas son sexuales salvo prueba en contrario","concepto o entidad","n/a","n/a","C-1291"
"mayor apoyo para ancestralidad que para universalidad actual","concepto o entidad","n/a","n/a","C-1292"
"sexo ancestral y sexo universal actual","concepto o entidad","n/a","n/a","C-1292"
"maquinaria mitótica ancestral","concepto o entidad","n/a","n/a","C-1293"
"cuatro innovaciones respecto de mitosis","concepto o entidad","n/a","n/a","C-1294"
"familia RecA","concepto o entidad","n/a","n/a","C-1295"
"RAD51","gen","Rad51","n/a","C-1295"
"RAD51 y DMC1","concepto o entidad","n/a","n/a","C-1295"
"meiosis eucariota","concepto o entidad","n/a","n/a","C-1296"
"recombinación homóloga bacteriana","concepto o entidad","n/a","n/a","C-1296"
"hipótesis de reparación como origen del sexo","concepto o entidad","n/a","n/a","C-1297"
"uso de homólogo para reparar ADN","concepto o entidad","n/a","n/a","C-1297"
"hipótesis de reducción de ploidía","concepto o entidad","n/a","n/a","C-1298"
"restauración de ploidía tras fusión","concepto o entidad","n/a","n/a","C-1298"
"hipótesis de apareamiento de homólogos","concepto o entidad","n/a","n/a","C-1299"
"mejora de segregación de homólogos","concepto o entidad","n/a","n/a","C-1299"
"expansión genómica favorece fusión y meiosis","concepto o entidad","n/a","n/a","C-1300"
"modelo de transición de transferencia lateral a sexo","concepto o entidad","n/a","n/a","C-1300"
"origen y mantenimiento del sexo","concepto o entidad","n/a","n/a","C-1301"
"preguntas históricas distintas","concepto o entidad","n/a","n/a","C-1301"
"LA LITERATURA DECLARA QUE NO SE SABE","concepto o entidad","n/a","n/a","C-1302"
"orden de componentes del sexo ancestral","concepto o entidad","n/a","n/a","C-1302"
"eliminación de mutaciones deletéreas","concepto o entidad","n/a","n/a","C-1303"
"hipótesis de purga de mutaciones","concepto o entidad","n/a","n/a","C-1303"
"pérdida estocástica de clases menos cargadas","concepto o entidad","n/a","n/a","C-1304"
"trinquete de Muller","concepto o entidad","n/a","n/a","C-1304"
"combinación de alelos beneficiosos","concepto o entidad","n/a","n/a","C-1305"
"hipótesis Fisher–Muller","concepto o entidad","n/a","n/a","C-1305"
"hipótesis de la Reina Roja para sexo","concepto o entidad","n/a","n/a","C-1306"
"respuesta a coevolución huésped-parásito","concepto o entidad","n/a","n/a","C-1306"
"diversificación de descendencia","concepto o entidad","n/a","n/a","C-1307"
"hipótesis de ambiente variable","concepto o entidad","n/a","n/a","C-1307"
"hipótesis de origen y de mantenimiento","concepto o entidad","n/a","n/a","C-1308"
"reparación de ADN","concepto o entidad","n/a","n/a","C-1308"
"diversidad completa de ciclos eucariotas","concepto o entidad","n/a","n/a","C-1309"
"hipótesis de mantenimiento del sexo","concepto o entidad","n/a","n/a","C-1309"
"asimetría de contribución y descendencia","concepto o entidad","n/a","n/a","C-1310"
"coste doble del sexo","concepto o entidad","n/a","n/a","C-1310"
"coste doble de los machos","concepto o entidad","n/a","n/a","C-1311"
"linajes isógamos","concepto o entidad","n/a","n/a","C-1311"
"búsqueda de pareja","concepto o entidad","n/a","n/a","C-1312"
"tiempo, riesgo y oportunidad","concepto o entidad","n/a","n/a","C-1312"
"fusión sexual","concepto o entidad","n/a","n/a","C-1313"
"reconocimiento, membranas y cariogamia","concepto o entidad","n/a","n/a","C-1313"
"tiempo, maquinaria y riesgo cromosómico","concepto o entidad","n/a","n/a","C-1314"
"recombinación","concepto o entidad","n/a","n/a","C-1315"
"ruptura de asociaciones favorables","concepto o entidad","n/a","n/a","C-1315"
"ciclo de ploidía","concepto o entidad","n/a","n/a","C-1316"
"ventajas y costes dependientes de haploidía/diploidía","concepto o entidad","n/a","n/a","C-1316"
"coste energético de sexo en holozoos unicelulares","concepto o entidad","n/a","n/a","C-1317"
"coste de encontrar pareja en Salpingoeca rosetta","concepto o entidad","n/a","n/a","C-1318"
"Salpingoeca rosetta","concepto o entidad","n/a","n/a","C-1319"
"transición haploide–diploide","concepto o entidad","n/a","n/a","C-1319"
"diploidía","concepto o entidad","n/a","n/a","C-1320"
"Salpingoeca rosetta bajo limitación de nutrientes","concepto o entidad","n/a","n/a","C-1320"
"apareamiento anisógamo","concepto o entidad","n/a","n/a","C-1321"
"anisogamia de Salpingoeca rosetta","concepto o entidad","n/a","n/a","C-1322"
"homología con sexos animales","concepto o entidad","n/a","n/a","C-1322"
"compromiso tamaño–número","concepto o entidad","n/a","n/a","C-1323"
"modelo de anisogamia por selección disruptiva","concepto o entidad","n/a","n/a","C-1323"
"anisogamia","concepto o entidad","n/a","n/a","C-1324"
"selección disruptiva sobre tamaño gamético","concepto o entidad","n/a","n/a","C-1324"
"historia concreta de Salpingoeca rosetta o LECA","concepto o entidad","n/a","n/a","C-1325"
"teoría de anisogamia","concepto o entidad","n/a","n/a","C-1325"
"Dictyostelium discoideum","concepto o entidad","n/a","n/a","C-1326"
"*Dictyostelium discoideum*","taxón","Dictyostelium discoideum","n/a","C-1326"
"tres tipos de apareamiento","concepto o entidad","n/a","n/a","C-1326"
"fusión haploide y formación de macrocisto","concepto o entidad","n/a","n/a","C-1327"
"células vecinas atraídas","concepto o entidad","n/a","n/a","C-1328"
"cigoto de Dictyostelium discoideum","concepto o entidad","n/a","n/a","C-1328"
"germinación infrecuente en laboratorio","concepto o entidad","n/a","n/a","C-1329"
"macrocistos de Dictyostelium discoideum","concepto o entidad","n/a","n/a","C-1329"
"dos tipos universales","concepto o entidad","n/a","n/a","C-1330"
"tipos de apareamiento","concepto o entidad","n/a","n/a","C-1330"
"firmas de recombinación poblacional","concepto o entidad","n/a","n/a","C-1331"
"sexo críptico","concepto o entidad","n/a","n/a","C-1331"
"firmas poblacionales de recombinación","concepto o entidad","n/a","n/a","C-1332"
"mecanismo citológico","concepto o entidad","n/a","n/a","C-1332"
"137 fragmentos génicos","concepto o entidad","n/a","n/a","C-1333"
"muestreo de Dictyostelium discoideum","concepto o entidad","n/a","n/a","C-1333"
"señales poblacionales de recombinación frecuente","concepto o entidad","n/a","n/a","C-1334"
"Pseudoperkinsus tapetis","concepto o entidad","n/a","n/a","C-1335"
"*Pseudoperkinsus tapetis*","taxón","Pseudoperkinsus tapetis","n/a","C-1335"
"sexo críptico y fase vegetativa haploide inferidos","concepto o entidad","n/a","n/a","C-1335"
"caso de sexo críptico ictiospóreo","concepto o entidad","n/a","n/a","C-1336"
"diplomixis durante enquistamiento","concepto o entidad","n/a","n/a","C-1337"
"diplomixis de Giardia","concepto o entidad","n/a","n/a","C-1338"
"uso de SPO11, HOP1 y DMC1 sin meiosis canónica","concepto o entidad","n/a","n/a","C-1338"
"cooptación de genes meióticos en parasexualidad","concepto o entidad","n/a","n/a","C-1339"
"evaluación de sexo críptico","concepto o entidad","n/a","n/a","C-1341"
"integración de múltiples clases de evidencia","concepto o entidad","n/a","n/a","C-1341"
"sexo observado en cuatro Ichthyosporea del corredor","concepto o entidad","n/a","n/a","C-1342"
"Fisculla terrestris","concepto o entidad","n/a","n/a","C-1343"
"fusión y expresión asociada a meiosis bajo inanición","concepto o entidad","n/a","n/a","C-1343"
"inducción ambiental de componentes sexuales","concepto o entidad","n/a","n/a","C-1344"
"Bangiomorpha pubescens","concepto o entidad","n/a","n/a","C-1345"
"† *Bangiomorpha pubescens*","taxón fósil","Bangiomorpha pubescens","†","C-1345"
"diferenciación reproductiva inferida","concepto o entidad","n/a","n/a","C-1345"
"organismo sexual","concepto o entidad","n/a","n/a","C-1346"
"meiosis directa","concepto o entidad","n/a","n/a","C-1347"
"1.047 +0.013/−0.017 Ga","concepto o entidad","n/a","n/a","C-1348"
"origen de sexo en LECA","concepto o entidad","n/a","n/a","C-1349"
"apareamiento de Salpingoeca rosetta mediante EroS","concepto o entidad","n/a","n/a","C-1350"
"EroS","proteína/enzima","EroS chondroitinase; chondroitin lyase","n/a","C-1350"
"Vibrio fischeri","concepto o entidad","n/a","n/a","C-1350"
"*Vibrio fischeri*","taxón","Vibrio fischeri","n/a","C-1350"
"condroitin liasa sobre condroitín sulfato de Salpingoeca rosetta","concepto o entidad","n/a","n/a","C-1351"
"enjambres dentro de 30 minutos","concepto o entidad","n/a","n/a","C-1352"
"Salpingoeca rosetta expuesta a Vibrio fischeri","concepto o entidad","n/a","n/a","C-1352"
"fusión celular de Salpingoeca rosetta","concepto o entidad","n/a","n/a","C-1353"
"minutos","concepto o entidad","n/a","n/a","C-1353"
"cariogamia posterior a plasmogamia","concepto o entidad","n/a","n/a","C-1354"
"descendencia recombinante tras apareamiento","concepto o entidad","n/a","n/a","C-1355"
"apareamiento a concentraciones ambientalmente relevantes","concepto o entidad","n/a","n/a","C-1356"
"condroitin liasas bacterianas","concepto o entidad","n/a","n/a","C-1356"
"0.2–1 μg/ml; aproximadamente 2–8 nM","concepto o entidad","n/a","n/a","C-1357"
"EroS experimental","concepto o entidad","n/a","n/a","C-1357"
"0.05 U/ml","concepto o entidad","n/a","n/a","C-1358"
"respuesta a EroS","concepto o entidad","n/a","n/a","C-1359"
"reversión de plasmogamia o cariogamia","concepto o entidad","n/a","n/a","C-1359"
"reversibilidad poblacional tras retirar EroS","concepto o entidad","n/a","n/a","C-1360"
"limitación nutricional y condroitinasa bacteriana","concepto o entidad","n/a","n/a","C-1361"
"señales sexuales de Salpingoeca rosetta","concepto o entidad","n/a","n/a","C-1361"
"integración de señales sexuales en Salpingoeca rosetta","concepto o entidad","n/a","n/a","C-1362"
"observación experimental en Salpingoeca rosetta","concepto o entidad","n/a","n/a","C-1363"
"sexo en el corredor","concepto o entidad","n/a","n/a","C-1363"
"evidencia sexual comparada","concepto o entidad","n/a","n/a","C-1364"
"observación directa en Salpingoeca superior a inventario genómico","concepto o entidad","n/a","n/a","C-1364"
"desacoplamiento de componentes sexuales","concepto o entidad","n/a","n/a","C-1365"
"reconstrucción ancestral inferida","concepto o entidad","n/a","n/a","C-1366"
"frecuencia de sexo ancestral","concepto o entidad","n/a","n/a","C-1367"
"tipo gamético de LECA","concepto o entidad","n/a","n/a","C-1368"
"señal sexual de LECA","concepto o entidad","n/a","n/a","C-1369"
"frecuencia, obligación o dominancia","concepto o entidad","n/a","n/a","C-1370"
"presencia de sexo","concepto o entidad","n/a","n/a","C-1370"
"entidades mecanísticas separadas","concepto o entidad","n/a","n/a","C-1371"
"meiosis, sexo y recombinación","concepto o entidad","n/a","n/a","C-1371"
"Ministeria vibrans","concepto o entidad","n/a","n/a","C-1372"
"repertorio meiótico y de singamia sin REC8 detectado","concepto o entidad","n/a","n/a","C-1372"
"expresión diferencial de genes de meiosis y singamia","concepto o entidad","n/a","n/a","C-1373"
"Ministeria vibrans en agregación","concepto o entidad","n/a","n/a","C-1373"
"aproximadamente 10 % frente a menos de 2 % de doble tinción","concepto o entidad","n/a","n/a","C-1374"
"fusión celular observada por videomicroscopía","concepto o entidad","n/a","n/a","C-1375"
"evidencia sexual en Ministeria vibrans","concepto o entidad","n/a","n/a","C-1376"
"señal compatible pero no concluyente","concepto o entidad","n/a","n/a","C-1376"
"evidencia parcial de ciclo sexual","concepto o entidad","n/a","n/a","C-1377"
"nombre nomenclatural","concepto nomenclatural","available name; validly published name","n/a","C-1504"
"nombre disponible o válidamente publicado","concepto o entidad terminológica","n/a","n/a","C-1505"
"taxón aceptado","concepto taxonómico","accepted taxon","n/a","C-1506"
"taxón aceptado por clasificación o base de datos","concepto o entidad terminológica","n/a","n/a","C-1506"
"clado filogenéticamente respaldado","concepto filogenético","supported clade","n/a","C-1507"
"clado filogenético","concepto o entidad terminológica","n/a","n/a","C-1507"
"rótulo informal de clasificación","concepto o entidad terminológica","n/a","n/a","C-1509"
"clado respaldado filogenéticamente","concepto o entidad terminológica","n/a","n/a","C-1510"
"nombre establecido bajo PhyloCode","concepto o entidad terminológica","n/a","n/a","C-1510"
"PhyloCode","código nomenclatural filogenético","International Code of Phylogenetic Nomenclature","n/a","C-1510"
"corpus Eukaryota→Holozoa","concepto o entidad terminológica","n/a","n/a","C-1511"
"Eukaryota","clado corona","Eucarya; Eukarya","≈ [F]","C-1511"
"ICZN","código nomenclatural","International Code of Zoological Nomenclature","n/a","C-1512"
"nombre zoológico disponible","concepto o entidad terminológica","n/a","n/a","C-1514"
"nombre zoológico válido","concepto o entidad terminológica","n/a","n/a","C-1515"
"validez bajo ICZN","concepto o entidad terminológica","n/a","n/a","C-1516"
"Metazoa y Animalia","concepto o entidad terminológica","n/a","n/a","C-1517"
"ICN","código nomenclatural","Madrid Code; International Code of Nomenclature for algae, fungi, and plants","n/a","C-1518"
"Madrid Code","concepto o entidad terminológica","n/a","n/a","C-1518"
"alga","término funcional","algae","⚠","C-1520"
"aplicación del ICN","concepto o entidad terminológica","n/a","n/a","C-1521"
"nombre de oomiceto","concepto o entidad terminológica","n/a","n/a","C-1522"
"Oomycota","clado","oomycetes","[F]","C-1522"
"ICNP","código nomenclatural","Prokaryotic Code","n/a","C-1523"
"ICNP 2025 Revision","concepto o entidad terminológica","n/a","n/a","C-1523"
"procariota","término celular y taxonómico","prokaryote; procaryote","⚠","C-1524"
"nombres procarióticos del corredor","concepto o entidad terminológica","n/a","n/a","C-1526"
"PhyloCode versión 6","concepto o entidad terminológica","n/a","n/a","C-1527"
"RegNum","base de datos nomenclatural","Phylogenetic Nomenclature Database","n/a","C-1532"
"búsqueda negativa en RegNum","concepto o entidad terminológica","n/a","n/a","C-1533"
"Phylonyms","volumen nomenclatural","A Companion to the PhyloCode","n/a","C-1534"
"Eukarya sensu Phylonyms","clado definido filogenéticamente","Eukarya Registration 42","≈","C-1536"
"Amorphea","clado","Unikonta aproximadamente","≈ [F]","C-1537"
"Amorphea sensu Phylonyms","concepto o entidad terminológica","n/a","n/a","C-1537"
"Opisthokonta sensu Phylonyms","concepto o entidad terminológica","n/a","n/a","C-1538"
"nombres del corredor buscados en Phylonyms y RegNum","concepto o entidad terminológica","n/a","n/a","C-1539"
"clasificación de Adl et al. 2019","concepto o entidad terminológica","n/a","n/a","C-1540"
"Choanozoa sensu stricto","clado","Apoikozoa aproximadamente","≈ [F]","C-1541"
"nombres principales del corredor","concepto o entidad terminológica","n/a","n/a","C-1541"
"nombres de género y especie","concepto o entidad terminológica","n/a","n/a","C-1542"
"Fungi como reino","concepto o entidad terminológica","n/a","n/a","C-1543"
"reino","rango taxonómico","kingdom","⚠","C-1543"
"Animalia o Metazoa como reino","concepto o entidad terminológica","n/a","n/a","C-1544"
"marca ⚠","convención documental","n/a","n/a","C-1545"
"marca [F]","convención documental","n/a","n/a","C-1547"
"marca [H]","convención documental","n/a","n/a","C-1548"
"población ancestral reconstruida","concepto o entidad terminológica","n/a","n/a","C-1550"
"fósil antiguo","concepto o entidad terminológica","n/a","n/a","C-1554"
"linaje viviente","concepto o entidad terminológica","n/a","n/a","C-1555"
"Eukaryota en el corpus","concepto o entidad terminológica","n/a","n/a","C-1556"
"tallo FECA–LECA","concepto o entidad terminológica","n/a","n/a","C-1557"
"fósil del grupo total de Eukaryota","concepto o entidad terminológica","n/a","n/a","C-1558"
"desacuerdo entre relojes y fósiles","concepto o entidad terminológica","n/a","n/a","C-1559"
"fósil holozoo","concepto o entidad terminológica","n/a","n/a","C-1560"
"Eucarya sensu Woese et al.","concepto taxonómico histórico","Eucarya","≈ ⚠","C-1561"
"Eukaryota sensu Adl et al. 2019","concepto o entidad terminológica","n/a","n/a","C-1562"
"Eucarya, Eukarya y Eukaryota","concepto o entidad terminológica","n/a","n/a","C-1564"
"Unikonta sensu histórico","concepto taxonómico histórico","Unikonta","⚠","C-1566"
"Unikonta–Bikonta","concepto o entidad terminológica","n/a","n/a","C-1567"
"Amorphea sensu Adl et al. 2012","concepto o entidad terminológica","n/a","n/a","C-1568"
"Podiata","concepto con circunscripciones rivales","Podiates","≈ ⚠","C-1571"
"Holomycota","clado","Nucletmycea aproximadamente","≈ [F]","C-1576"
"Opisthokonta sensu moderno","clado","Opisthokonta Registration 72","[F]","C-1576"
"Opisthokonta sensu Copeland 1956","concepto taxonómico histórico","n/a","⚠","C-1578"
"Holomycota y Nucletmycea","concepto o entidad terminológica","n/a","n/a","C-1580"
"primera introducción de Holozoa","concepto o entidad terminológica","n/a","n/a","C-1582"
"Apoikozoa sensu Budd y Jensen","clado propuesto","Choanozoa sensu stricto aproximadamente","≈","C-1589"
"Choanozoa sensu stricto ≈ Apoikozoa","concepto o entidad terminológica","n/a","n/a","C-1594"
"Pluriformea/Corallochytrea sensu Liu et al.","concepto o entidad terminológica","n/a","n/a","C-1599"
"Pluriformea, Corallochytrea y Corallochytrium","concepto o entidad terminológica","n/a","n/a","C-1600"
"Protista","concepto o entidad terminológica","n/a","n/a","C-1601"
"Protista sensu Haeckel","reino histórico","Protista","⚠","C-1601"
"Protista residual","concepto o entidad terminológica","n/a","n/a","C-1603"
"protista informal","término funcional","protist","⚠","C-1606"
"Protozoa sensu Goldfuss","taxón histórico","Protozoa","⚠","C-1607"
"Protozoa histórico","concepto o entidad terminológica","n/a","n/a","C-1608"
"protozoo","concepto o entidad terminológica","n/a","n/a","C-1609"
"protozoo informal","concepto o entidad terminológica","n/a","n/a","C-1611"
"algas en Guiry 2024","concepto o entidad terminológica","n/a","n/a","C-1613"
"AlgaeBase en Guiry 2024","concepto o entidad terminológica","n/a","n/a","C-1614"
"algas verdeazules","concepto o entidad terminológica","n/a","n/a","C-1615"
"Cyanobacteria","concepto o entidad terminológica","n/a","n/a","C-1615"
"invertebrado","término negativo","invertebrate","⚠","C-1618"
"invertebrados","concepto o entidad terminológica","n/a","n/a","C-1618"
"invertebrados sensu Lamarck","concepto o entidad terminológica","n/a","n/a","C-1618"
"procariota y eucariota","concepto o entidad terminológica","n/a","n/a","C-1623"
"dicotomía procariota–eucariota","concepto o entidad terminológica","n/a","n/a","C-1624"
"procariotas como Bacteria+Archaea sin Eukaryota","concepto o entidad terminológica","n/a","n/a","C-1626"
"procariota taxonómico","concepto o entidad terminológica","n/a","n/a","C-1627"
"procariota descriptivo","concepto o entidad terminológica","n/a","n/a","C-1628"
"acritarco","taxón de forma artificial","acritarch","⚠","C-1629"
"acritarco identificado","concepto o entidad terminológica","n/a","n/a","C-1631"
"sistema de cinco reinos","clasificación histórica","n/a","n/a","C-1634"
"sistema de seis reinos","clasificación histórica","n/a","n/a","C-1635"
"sistema de siete reinos","clasificación histórica","n/a","n/a","C-1636"
"número de reinos","concepto o entidad terminológica","n/a","n/a","C-1637"
"Archezoa","hipótesis y taxón histórico","Archezoa","⚠","C-1640"
"linajes arquezoos históricos","concepto o entidad terminológica","n/a","n/a","C-1641"
"hidrogenosomas y mitosomas","concepto o entidad terminológica","n/a","n/a","C-1642"
"hipótesis Archezoa amitochondrial","hipótesis","n/a","n/a","C-1643"
"Excavata","concepto o entidad terminológica","n/a","n/a","C-1646"
"Excavata sensu histórico","supergrupo histórico","Excavata","⚠ [H]","C-1646"
"análisis de Excavata de Hampl et al.","concepto o entidad terminológica","n/a","n/a","C-1647"
"Chromalveolata","hipótesis histórica","chromalveolates","⚠ [H]","C-1652"
"hipótesis Chromalveolata","hipótesis","n/a","n/a","C-1652"
"monofilia plastidial de Chromalveolata","concepto o entidad terminológica","n/a","n/a","C-1655"
"rechazo de Chromalveolata","concepto o entidad terminológica","n/a","n/a","C-1657"
"Unikonta y Bikonta","concepto o entidad terminológica","n/a","n/a","C-1659"
"raíz Unikonta–Bikonta","concepto o entidad terminológica","n/a","n/a","C-1662"
"oomicetos llamados hongos","concepto o entidad terminológica","n/a","n/a","C-1664"
"mohos mucilaginosos","categoría ecológico-morfológica","slime molds","⚠","C-1666"
"mohos mucilaginosos estudiados","concepto o entidad terminológica","n/a","n/a","C-1667"
"hongo vernacular","concepto o entidad terminológica","n/a","n/a","C-1668"
"organismo semejante a hongo","concepto o entidad terminológica","n/a","n/a","C-1669"
"flagelo","concepto o entidad terminológica","n/a","n/a","C-1670"
"flagelo bacteriano","orgánulo de motilidad","bacterial flagellum","n/a","C-1670"
"cilio eucariota","orgánulo eucariota","eukaryotic flagellum","n/a","C-1671"
"terminología de motilidad del corpus","concepto o entidad terminológica","n/a","n/a","C-1674"
"mutualismo","concepto o entidad terminológica","n/a","n/a","C-1675"
"parasitismo","concepto o entidad terminológica","n/a","n/a","C-1675"
"simbiosis","concepto o entidad terminológica","n/a","n/a","C-1675"
"simbiosis sensu lato","tipo de interacción","symbiosis","⚠","C-1675"
"simbiosis en el corpus","concepto o entidad terminológica","n/a","n/a","C-1679"
"endosimbiosis seriada","concepto o entidad terminológica","n/a","n/a","C-1680"
"teoría de endosimbiosis seriada","hipótesis compuesta","serial endosymbiosis theory","[H]","C-1680"
"origen endosimbiótico de mitocondrias","concepto o entidad terminológica","n/a","n/a","C-1681"
"origen endosimbiótico de plastos primarios","concepto o entidad terminológica","n/a","n/a","C-1682"
"hipótesis espiroquetal de cilios","hipótesis","n/a","n/a","C-1683"
"eucariota primitivo","término desaconsejado","primitive eukaryote","⚠","C-1686"
"complejidad biológica","concepto o entidad terminológica","n/a","n/a","C-1690"
"organismo simple","término no operacional","simple organism","⚠","C-1691"
"simple","concepto o entidad terminológica","n/a","n/a","C-1691"
"organismo unicelular","concepto o entidad terminológica","n/a","n/a","C-1692"
"fósil viviente","término controvertido","living fossil","⚠","C-1694"
"linaje llamado fósil viviente","concepto o entidad terminológica","n/a","n/a","C-1695"
"eslabón perdido","metáfora histórica","missing link","⚠","C-1699"
"fósil transicional","concepto o entidad terminológica","n/a","n/a","C-1700"
"primera acuñación de missing link","concepto o entidad terminológica","n/a","n/a","C-1702"
"basal","concepto o entidad terminológica","n/a","n/a","C-1704"
"nodo basal","concepto o entidad terminológica","n/a","n/a","C-1704"
"basal aplicado a un linaje viviente","uso terminológico rechazado","basal lineage","⚠","C-1705"
"linaje viviente basal","concepto o entidad terminológica","n/a","n/a","C-1705"
"linajes vivientes hermanos","concepto o entidad terminológica","n/a","n/a","C-1706"
"linaje pobre en especies","concepto o entidad terminológica","n/a","n/a","C-1707"
"linaje basal","concepto o entidad terminológica","n/a","n/a","C-1708"
"términos no cladísticos del corpus","concepto o entidad terminológica","n/a","n/a","C-1710"
"Protista e invertebrado","concepto o entidad terminológica","n/a","n/a","C-1711"
"alga y protozoo","concepto o entidad terminológica","n/a","n/a","C-1712"
"Archezoa y Chromalveolata","concepto o entidad terminológica","n/a","n/a","C-1715"
"lenguaje escalonado","concepto o entidad terminológica","n/a","n/a","C-1716"
"lenguaje del corpus","concepto o entidad terminológica","n/a","n/a","C-1717"
"asignación de código a todos los protistas ambiregnales","concepto o entidad terminológica","n/a","n/a","C-1718"
"estatuto de cada nombre específico del corpus","concepto o entidad terminológica","n/a","n/a","C-1719"
"EGTA","reactivo experimental","ethylene glycol-bis(β-aminoethyl ether)-N,N,N′,N′-tetraacetic acid","n/a","C-1423"
"aphidicolina","reactivo experimental","aphidicolin","n/a","C-1398"
"relación núcleo-citoplasma","magnitud fisiológica","nuclear-to-cytoplasmic ratio; N/C ratio","n/a","C-1409"
"matriz extracelular","rasgo","extracellular matrix; ECM","n/a","C-1388"
"multicelularidad clonal-agregativa","rasgo","clonal-aggregative multicellularity","n/a","C-1383"
"hipótesis temporal-a-espacial","hipótesis","temporal-to-spatial transition hypothesis","[H]","C-1492"
"levadura snowflake","población experimental","snowflake yeast","n/a","C-1443"
"división sin separación","concepto o entidad","n/a","n/a","C-1378"
"agregación de células independientes","rasgo o proceso","n/a","n/a","C-1379"
"cenocito","rasgo o proceso","n/a","n/a","C-1380"
"múltiples núcleos en citoplasma continuo","magnitud o valor","n/a","n/a","C-1380"
"celularización","rasgo o proceso","n/a","n/a","C-1381"
"células a partir de un cenocito","rasgo o proceso","n/a","n/a","C-1381"
"rutas de multicelularidad","rasgo o proceso","n/a","n/a","C-1382"
"niveles de progreso","concepto o entidad","n/a","n/a","C-1382"
"afirmación de exclusión universal entre clonación y agregación","rasgo o proceso","n/a","n/a","C-1384"
"ruta clonal","rasgo o proceso","n/a","n/a","C-1385"
"relación genética y conflicto","rasgo o proceso","n/a","n/a","C-1385"
"ruta agregativa","rasgo o proceso","n/a","n/a","C-1386"
"quimerismo","concepto o entidad","n/a","n/a","C-1386"
"desarrollo clonal de rosetas","rasgo o proceso","n/a","n/a","C-1387"
"roseta de Salpingoeca rosetta","organismo o población experimental","n/a","n/a","C-1388"
"puentes intercelulares y matriz extracelular","concepto o entidad","n/a","n/a","C-1388"
"rosetas de Salpingoeca rosetta","organismo o población experimental","n/a","n/a","C-1389"
"señal bacteriana RIF","concepto o entidad","n/a","n/a","C-1390"
"programa de desarrollo clonal","concepto o entidad","n/a","n/a","C-1390"
"coste de mantener una roseta de Salpingoeca rosetta","organismo o población experimental","n/a","n/a","C-1391"
"láminas polarizadas con contactos collar-collar","rasgo o proceso","n/a","n/a","C-1392"
"transición luz-oscuridad mediante inversión de lámina","rasgo o proceso","n/a","n/a","C-1393"
"división cada aproximadamente 8–10 h","magnitud o valor","n/a","n/a","C-1394"
"inicio de agregación en minutos","rasgo o proceso","n/a","n/a","C-1395"
"maduración de agregado dentro de 24 h","magnitud o valor","n/a","n/a","C-1396"
"láminas agregativas de Choanoeca flexa","organismo o población experimental","n/a","n/a","C-1397"
"aproximadamente 50 células de media y hasta aproximadamente 120","magnitud o valor","n/a","n/a","C-1397"
"Choanoeca flexa tratada con aphidicolina","organismo o población experimental","n/a","n/a","C-1398"
"agregación independiente de replicación","rasgo o proceso","n/a","n/a","C-1398"
"Choanoeca flexa en pozas costeras","organismo o población experimental","n/a","n/a","C-1399"
"ausencia observada de láminas activas por encima de 94 ppt","rasgo o proceso","n/a","n/a","C-1399"
"presencia de láminas de Choanoeca flexa","organismo o población experimental","n/a","n/a","C-1400"
"62.1 ± 24.8 ppt frente a 146.3 ± 95.7 ppt","magnitud o valor","n/a","n/a","C-1400"
"evaporación y rehidratación reversibles","magnitud o valor","n/a","n/a","C-1401"
"reconocimiento de parentesco o cepa en agregación","rasgo o proceso","n/a","n/a","C-1402"
"crecimiento cenocítico seguido de celularización","rasgo o proceso","n/a","n/a","C-1403"
"ciclos nucleares de aproximadamente 11–12 h","magnitud o valor","n/a","n/a","C-1404"
"desacoplamiento entre división nuclear y tamaño celular","concepto o entidad","n/a","n/a","C-1405"
"hasta 128 núcleos antes de celularización","rasgo o proceso","n/a","n/a","C-1406"
"celularización dependiente de actomiosina","rasgo o proceso","n/a","n/a","C-1407"
"capa epitelial en organización, no en identidad taxonómica","concepto o entidad","n/a","n/a","C-1408"
"relación núcleo-citoplasma en Sphaeroforma arctica","organismo o población experimental","n/a","n/a","C-1409"
"inicio de celularización","rasgo o proceso","n/a","n/a","C-1409"
"mecanismo de Sphaeroforma arctica","organismo o población experimental","n/a","n/a","C-1410"
"mecanismo ancestral de Metazoa","concepto o entidad","n/a","n/a","C-1410"
"ciclo con amebas y cenocito","rasgo o proceso","n/a","n/a","C-1411"
"genoma de Creolimax fragrantissima","organismo o población experimental","n/a","n/a","C-1412"
"aproximadamente 45 Mb y 82 scaffolds","magnitud o valor","n/a","n/a","C-1412"
"8,695 genes y 6.5 intrones por gen","magnitud o valor","n/a","n/a","C-1413"
"regulación transcripcional dependiente del estadio","concepto o entidad","n/a","n/a","C-1414"
"Ichthyosporea cenocíticos","magnitud o valor","n/a","n/a","C-1415"
"divisiones tipo clivaje e intrones escasos","magnitud o valor","n/a","n/a","C-1416"
"genoma de Corallochytrium limacisporum","organismo o población experimental","n/a","n/a","C-1417"
"24.1 Mb y 7,535 genes","magnitud o valor","n/a","n/a","C-1417"
"0.0 intrones por kbp de CDS","magnitud o valor","n/a","n/a","C-1418"
"ciclo de tres estadios","concepto o entidad","n/a","n/a","C-1419"
"agregado de Capsaspora owczarzaki","organismo o población experimental","n/a","n/a","C-1421"
"matriz extracelular entre células","concepto o entidad","n/a","n/a","C-1421"
"calcio y factores lipoproteicos","concepto o entidad","n/a","n/a","C-1422"
"EGTA mediante reducción de agregación","rasgo o proceso","n/a","n/a","C-1423"
"lípidos endocitados","concepto o entidad","n/a","n/a","C-1424"
"respuesta morfológica en segundos","concepto o entidad","n/a","n/a","C-1425"
"agregación inducida en cultivo monoxénico","rasgo o proceso","n/a","n/a","C-1426"
"Thalassospira en cultivo de Ministeria vibrans","organismo o población experimental","n/a","n/a","C-1427"
"63% de abundancia relativa","concepto o entidad","n/a","n/a","C-1427"
"decenas de células en 24 h y cientos en agregados maduros","magnitud o valor","n/a","n/a","C-1428"
"Ministeria vibrans tratada con aphidicolina","organismo o población experimental","n/a","n/a","C-1429"
"agregación de Ministeria vibrans","organismo o población experimental","n/a","n/a","C-1430"
"beneficios actuales de alimentación y apareamiento propuestos","concepto o entidad","n/a","n/a","C-1430"
"multicelularidad agregativa y cuerpo fructífero","rasgo o proceso","n/a","n/a","C-1431"
"colonias bacterianas mediante colectivo","concepto o entidad","n/a","n/a","C-1432"
"agregación por inanición y diferenciación espora-tallo","rasgo o proceso","n/a","n/a","C-1433"
"orígenes en Filasterea, Holomycota y Amoebozoa","magnitud o valor","n/a","n/a","C-1434"
"genotipos tramposos de Dictyostelium discoideum","organismo o población experimental","n/a","n/a","C-1435"
"genotipos cooperadores","concepto o entidad","n/a","n/a","C-1435"
"células de tallo de Dictyostelium discoideum","organismo o población experimental","n/a","n/a","C-1436"
"muerte asociada con soporte de esporas","concepto o entidad","n/a","n/a","C-1436"
"Dictyostelium discoideum a baja relación genética","organismo o población experimental","n/a","n/a","C-1437"
"evolución de engaño destructivo","concepto o entidad","n/a","n/a","C-1437"
"Dictyostelium discoideum a alta relación genética","organismo o población experimental","n/a","n/a","C-1438"
"mantenimiento de cooperación multicelular","concepto o entidad","n/a","n/a","C-1438"
"reconocimiento de parentesco en Dictyostelium discoideum","organismo o población experimental","n/a","n/a","C-1439"
"explotación por tramposos","concepto o entidad","n/a","n/a","C-1439"
"rutas clonal y agregativa","rasgo o proceso","n/a","n/a","C-1440"
"riesgo de quimerismo","concepto o entidad","n/a","n/a","C-1440"
"conflicto dentro de agregados de Capsaspora owczarzaki","organismo o población experimental","n/a","n/a","C-1441"
"conflicto dentro de agregados de Ministeria vibrans","organismo o población experimental","n/a","n/a","C-1442"
"Saccharomyces cerevisiae experimental","organismo o población experimental","n/a","n/a","C-1443"
"multicelularidad snowflake","rasgo o proceso","n/a","n/a","C-1443"
"división clonal con separación incompleta","concepto o entidad","n/a","n/a","C-1444"
"34% de ventaja de aptitud","concepto o entidad","n/a","n/a","C-1445"
"muerte celular asociada con reproducción de grupos","concepto o entidad","n/a","n/a","C-1446"
"levadura snowflake anaerobia","concepto o entidad","n/a","n/a","C-1447"
"600 rondas en cinco poblaciones","concepto o entidad","n/a","n/a","C-1447"
"aproximadamente 2 × 10^4 veces mayor y escala milimétrica","concepto o entidad","n/a","n/a","C-1448"
"aproximadamente 10^4 veces mayor tenacidad","concepto o entidad","n/a","n/a","C-1449"
"células elongadas y entrelazamiento de ramas","concepto o entidad","n/a","n/a","C-1450"
"levadura snowflake con competencia por oxígeno","concepto o entidad","n/a","n/a","C-1451"
"aproximadamente seis veces mayor","concepto o entidad","n/a","n/a","C-1451"
"trayectoria histórica de Holozoa","magnitud o valor","n/a","n/a","C-1452"
"genoma de Monosiga brevicollis","organismo o población experimental","n/a","n/a","C-1453"
"aproximadamente 41.6 Mb y aproximadamente 9,200 genes","magnitud o valor","n/a","n/a","C-1453"
"6.6 intrones por gen y 174 bp por intrón","magnitud o valor","n/a","n/a","C-1454"
"genoma de Salpingoeca rosetta","organismo o población experimental","n/a","n/a","C-1455"
"aproximadamente 55 Mb, 154 scaffolds y N50 1.52 Mb","magnitud o valor","n/a","n/a","C-1455"
"11,629 genes y 98% con apoyo transcriptómico","magnitud o valor","n/a","n/a","C-1456"
"genoma de Capsaspora owczarzaki","organismo o población experimental","n/a","n/a","C-1457"
"28 Mb, 84 scaffolds y 8,657 genes","magnitud o valor","n/a","n/a","C-1457"
"3.8 intrones por gen y 166 bp por intrón","magnitud o valor","n/a","n/a","C-1458"
"genoma de Ministeria vibrans","organismo o población experimental","n/a","n/a","C-1459"
"12,127 genes anotados","magnitud o valor","n/a","n/a","C-1459"
"genoma de Sphaeroforma arctica","organismo o población experimental","n/a","n/a","C-1461"
"121.6 Mb","magnitud o valor","n/a","n/a","C-1461"
"Ichthyophonida y Corallochytrium","magnitud o valor","n/a","n/a","C-1462"
"densidad de intrones","magnitud o valor","n/a","n/a","C-1462"
"Thecamonas trahens","organismo o población experimental","n/a","n/a","C-1463"
"ensamblaje genómico GCA_000142905.1","recurso genómico o concepto","n/a","n/a","C-1463"
"genoma de Thecamonas trahens","organismo o población experimental","n/a","n/a","C-1464"
"23 genes con dominios de cadherina","gen, proteína o familia funcional","n/a","n/a","C-1465"
"dominios de integrina alfa sin integrina beta canónica detectada","gen, proteína o familia funcional","n/a","n/a","C-1466"
"cinco genes con dominios de colágeno y dos con repeticiones Gly-X-Y","gen, proteína o familia funcional","n/a","n/a","C-1467"
"maquinaria de adhesión mediada por integrinas","gen, proteína o familia funcional","n/a","n/a","C-1468"
"despliegue regulado del adhesoma","magnitud o valor","n/a","n/a","C-1469"
"integrinas preanimales","gen, proteína o familia funcional","n/a","n/a","C-1470"
"ganancias, pérdidas y arquitecturas mosaico","concepto o entidad","n/a","n/a","C-1470"
"dominios preanimales de adhesión y matriz","magnitud o valor","n/a","n/a","C-1471"
"función animal completa","concepto o entidad","n/a","n/a","C-1471"
"producción de matriz extracelular preanimal","concepto o entidad","n/a","n/a","C-1472"
"aproximadamente 120 TK, 30 PTP y 80 proteínas SH2","gen, proteína o familia funcional","n/a","n/a","C-1473"
"señalización por fosfotirosina","concepto o entidad","n/a","n/a","C-1474"
"origen preanimal y reconfiguración posterior","concepto o entidad","n/a","n/a","C-1474"
"Src de Capsaspora owczarzaki","organismo o población experimental","n/a","n/a","C-1475"
"Src animal","gen, proteína o familia funcional","n/a","n/a","C-1475"
"componentes de Notch y Delta distribuidos de forma parcheada","gen, proteína o familia funcional","n/a","n/a","C-1476"
"componentes preanimales de Notch y Hedgehog","gen, proteína o familia funcional","n/a","n/a","C-1477"
"vía animal completa","concepto o entidad","n/a","n/a","C-1477"
"familias de señalización preanimales","concepto o entidad","n/a","n/a","C-1478"
"origen antiguo con evolución mosaico","concepto o entidad","n/a","n/a","C-1478"
"tallo de Metazoa","concepto o entidad","n/a","n/a","C-1479"
"235 dominios clasificados como metazoanos en el análisis","concepto o entidad","n/a","n/a","C-1479"
"dos Runx sin CBFβ ni motivo WRPY","gen, proteína o familia funcional","n/a","n/a","C-1480"
"tres genes T-box","gen, proteína o familia funcional","n/a","n/a","C-1481"
"T-box de Capsaspora owczarzaki","organismo o población experimental","n/a","n/a","C-1482"
"Brachyury con bootstrap 50%","gen, proteína o familia funcional","n/a","n/a","C-1482"
"Brachyury","gen, proteína o familia funcional","n/a","n/a","C-1483"
"origen premetazoano y unión a ADN conservada","concepto o entidad","n/a","n/a","C-1483"
"Myc y Max","gen, proteína o familia funcional","n/a","n/a","C-1484"
"repertorio preanimal de regulación","concepto o entidad","n/a","n/a","C-1484"
"Myc–Max de Monosiga brevicollis","organismo o población experimental","n/a","n/a","C-1485"
"heterodimerización y unión a E-box","magnitud o valor","n/a","n/a","C-1485"
"familias de homeodominio preanimales","magnitud o valor","n/a","n/a","C-1486"
"distribución mosaico","concepto o entidad","n/a","n/a","C-1486"
"p53/p63/p73 y Runx","gen, proteína o familia funcional","n/a","n/a","C-1487"
"ascendencia premetazoana inferida","concepto o entidad","n/a","n/a","C-1487"
"factor de transcripción preanimal","concepto o entidad","n/a","n/a","C-1488"
"regulación espacial de tipos celulares","concepto o entidad","n/a","n/a","C-1488"
"programas transcriptómicos dependientes del estadio","concepto o entidad","n/a","n/a","C-1489"
"regulación dinámica de cromatina","concepto o entidad","n/a","n/a","C-1490"
"genes preanimales de adhesión y señalización","magnitud o valor","n/a","n/a","C-1491"
"expresión diferencial temporal","concepto o entidad","n/a","n/a","C-1491"
"cooptación de programas de ciclo vital","concepto o entidad","n/a","n/a","C-1492"
"expresión diferencial en Capsaspora","concepto o entidad","n/a","n/a","C-1493"
"4,884 genes diferencialmente expresados","magnitud o valor","n/a","n/a","C-1494"
"521 homólogos: 68 adhesión, 400 señalización y 53 regulación","magnitud o valor","n/a","n/a","C-1495"
"332 homólogos con cambio significativo","magnitud o valor","n/a","n/a","C-1496"
"agregación filasterea","rasgo o proceso","n/a","n/a","C-1497"
"despliegue regulado de repertorios preanimales","concepto o entidad","n/a","n/a","C-1497"
"ancestro común de Filozoa","concepto o entidad","n/a","n/a","C-1498"
"coste comparado de rutas de multicelularidad","rasgo o proceso","n/a","n/a","C-1499"
"Capsaspora y tipos celulares animales","concepto o entidad","n/a","n/a","C-1500"
"correspondencia uno a uno no demostrada","concepto o entidad","n/a","n/a","C-1500"
"ausencia de familia génica en un holozoo unicelular","magnitud o valor","n/a","n/a","C-1501"
"origen posterior de la familia","concepto o entidad","n/a","n/a","C-1501"
"orígenes independientes de multicelularidad","rasgo o proceso","n/a","n/a","C-1502"
"rapidez experimental y tiempo macroevolutivo","concepto o entidad","n/a","n/a","C-1503"
"escalas temporales","concepto o entidad","n/a","n/a","C-1503"
